season,week,home_team,away_team,rating_diff,actual_margin,actual_home_win,home_score,away_score
2021,4,Alabama,Southern Miss,0.1771046538169328,49,True,63,14
2021,4,Arkansas,Texas A&M,0.0727799763666706,10,True,20,10
2021,4,Auburn,Georgia State,0.3243197695600611,10,True,34,24
2021,4,Florida,Tennessee,0.1776318719251002,24,True,38,14
2021,4,Mississippi State,LSU,-0.0945859493333369,-3,False,25,28
2021,4,Boston College,Missouri,0.2281281676014451,7,True,41,34
2021,4,South Carolina,Kentucky,-0.5858462977979164,-6,False,10,16
2021,4,Vanderbilt,Georgia,-0.3592936554850096,-62,False,0,62
2021,4,Charlotte,Middle Tennessee,0.328482918429139,3,True,42,39
2021,4,Louisiana Tech,North Texas,0.1976398976345575,7,True,24,17
2021,4,Central Michigan,Florida International,-0.3178894886650188,4,True,31,27
2021,4,Air Force,Florida Atlantic,0.0154081957534595,24,True,31,7
2021,4,App State,Marshall,0.0216854378571017,1,True,31,30
2021,4,Old Dominion,Buffalo,-0.1466171479909074,-1,False,34,35
2021,4,Tulane,UAB,-0.0446482760451574,-7,False,21,28
2021,4,UTEP,New Mexico,-0.1736570485287331,7,True,20,13
2021,4,Memphis,UTSA,0.1014040522304137,-3,False,28,31
2021,4,Western Kentucky,Indiana,0.2311355321217343,-2,False,31,33
2021,4,Syracuse,Liberty,-0.0422414638040819,3,True,24,21
2021,4,Virginia,Wake Forest,0.1113565493456073,-20,False,17,37
2021,4,Duke,Kansas,-0.044804223652473,19,True,52,33
2021,4,Florida State,Louisville,-0.1473168962179158,-8,False,23,31
2021,4,Georgia Tech,North Carolina,-0.1912922163496292,23,True,45,22
2021,4,NC State,Clemson,-0.2448422727441765,6,True,27,21
2021,4,Wisconsin,Notre Dame,-0.0051204530693792,-28,False,13,41
2021,4,Purdue,Illinois,0.0664901746623052,4,True,13,9
2021,4,Iowa,Colorado State,0.181781473669004,10,True,24,14
2021,4,Maryland,Kent State,-0.0268097045053687,21,True,37,16
2021,4,Michigan,Rutgers,0.0307900618090982,7,True,20,13
2021,4,Michigan State,Nebraska,0.1863051636097999,3,True,23,20
2021,4,Minnesota,Bowling Green,0.1722530511524846,-4,False,10,14
2021,4,Northwestern,Ohio,-0.0910485765536768,29,True,35,6
2021,4,Ohio State,Akron,0.3659557067652648,52,True,59,7
2021,4,UConn,Wyoming,-0.5699409500164467,-2,False,22,24
2021,4,Coastal Carolina,Massachusetts,0.1552094041921479,50,True,53,3
2021,4,Baylor,Iowa State,-0.1014054511983369,2,True,31,29
2021,4,Oklahoma,West Virginia,-0.0508169496588113,3,True,16,13
2021,4,Oklahoma State,Kansas State,-0.3253572044686922,11,True,31,20
2021,4,TCU,SMU,0.0766557200735748,-8,False,34,42
2021,4,Texas,Texas Tech,-0.2931077159663663,35,True,70,35
2021,4,Houston,Navy,0.4858757122863731,8,True,28,20
2021,4,BYU,South Florida,0.1327477075975571,8,True,35,27
2021,4,Tulsa,Arkansas State,0.0263376338839471,7,True,41,34
2021,4,Army,Miami (OH),0.2379193058013772,13,True,23,10
2021,4,Western Michigan,San José State,0.2952549782423718,20,True,23,3
2021,4,Ball State,Toledo,-0.3046224289944154,-10,False,12,22
2021,4,Eastern Michigan,Texas State,-0.0082926017210029,38,True,59,21
2021,4,Georgia Southern,Louisiana,-0.141852356473352,-8,False,20,28
2021,4,UL Monroe,Troy,-0.4341340447201199,13,True,29,16
2021,4,Washington,California,-0.1635793319558017,7,True,31,24
2021,4,Stanford,UCLA,-0.0856902991785898,-11,False,24,35
2021,4,Oregon,Arizona,-0.1002398340473276,22,True,41,19
2021,4,USC,Oregon State,-0.2229449628660624,-18,False,27,45
2021,4,Utah,Washington State,-0.0194262985260753,11,True,24,13
2021,4,Arizona State,Colorado,0.0067488993278751,22,True,35,13
2021,4,Utah State,Boise State,0.1618941332864246,-24,False,3,27
2021,4,Fresno State,UNLV,0.1525408986495136,8,True,38,30
2021,4,New Mexico State,Hawai'i,0.040093386627874,-20,False,21,41
2021,5,Alabama,Ole Miss,-0.0523623861652569,21,True,42,21
2021,5,Georgia,Arkansas,0.2766646516131446,37,True,37,0
2021,5,Kentucky,Florida,0.0122718049416331,7,True,20,13
2021,5,LSU,Auburn,0.124956304486591,-5,False,19,24
2021,5,Missouri,Tennessee,-0.0149053987340085,-38,False,24,62
2021,5,South Carolina,Troy,-0.1630006143873917,9,True,23,14
2021,5,Texas A&M,Mississippi State,-0.1056074793367819,-4,False,22,26
2021,5,Vanderbilt,UConn,0.0361392057539976,2,True,30,28
2021,5,Florida Atlantic,Florida International,-0.0308396686564308,37,True,58,21
2021,5,Middle Tennessee,Marshall,-0.365880169319789,6,True,34,28
2021,5,UTEP,Old Dominion,0.1511231483038628,7,True,28,21
2021,5,Rice,Southern Miss,-0.1382380155182361,5,True,24,19
2021,5,Illinois,Charlotte,-0.03890110815689,10,True,24,14
2021,5,NC State,Louisiana Tech,-0.0158470065666743,7,True,34,27
2021,5,UAB,Liberty,-0.2352916949841843,-24,False,12,36
2021,5,UTSA,UNLV,0.0771303699737101,7,True,24,17
2021,5,Michigan State,Western Kentucky,-0.1873265704052982,17,True,48,31
2021,5,Miami,Virginia,-0.1763535914095522,-2,False,28,30
2021,5,Clemson,Boston College,-0.0063136801675435,6,True,19,13
2021,5,Florida State,Syracuse,-0.0628620276041038,3,True,33,30
2021,5,Georgia Tech,Pittsburgh,-0.0918139311105219,-31,False,21,52
2021,5,North Carolina,Duke,0.1954698827512588,31,True,38,7
2021,5,Wake Forest,Louisville,0.0337003434557791,3,True,37,34
2021,5,Notre Dame,Cincinnati,0.0462481902157617,-11,False,13,24
2021,5,Penn State,Indiana,0.1743559719778729,24,True,24,0
2021,5,Maryland,Iowa,0.1105715271471824,-37,False,14,51
2021,5,Wisconsin,Michigan,-0.1813069634071493,-21,False,17,38
2021,5,Purdue,Minnesota,0.0668802210149924,-7,False,13,20
2021,5,Nebraska,Northwestern,-0.0113459806439989,49,True,56,7
2021,5,Rutgers,Ohio State,-0.1706470063921576,-39,False,13,52
2021,5,Massachusetts,Toledo,-0.0973264989963338,-38,False,7,45
2021,5,Iowa State,Kansas,0.2070220938883262,52,True,59,7
2021,5,Kansas State,Oklahoma,-0.0239074988350761,-6,False,31,37
2021,5,Oklahoma State,Baylor,-0.0671393800290222,10,True,24,14
2021,5,TCU,Texas,0.0524838728185161,-5,False,27,32
2021,5,West Virginia,Texas Tech,-0.0721940797717642,-3,False,20,23
2021,5,Tulsa,Houston,-0.0119115978293294,-35,False,10,45
2021,5,Navy,UCF,-0.3700842113151517,4,True,34,30
2021,5,East Carolina,Tulane,-0.2026471837396897,23,True,52,29
2021,5,Temple,Memphis,-0.452197265683717,3,True,34,31
2021,5,SMU,South Florida,0.1608974388067242,24,True,41,17
2021,5,Miami (OH),Central Michigan,0.0889394748100693,11,True,28,17
2021,5,Northern Illinois,Eastern Michigan,0.1028280739524164,7,True,27,20
2021,5,Ball State,Army,-0.3088763680652924,12,True,28,16
2021,5,Akron,Ohio,-0.1453258243620021,-17,False,17,34
2021,5,Buffalo,Western Michigan,-0.0485325373750619,-7,False,17,24
2021,5,Kent State,Bowling Green,0.3027566083511994,7,True,27,20
2021,5,Georgia State,App State,-0.1504938318058694,-29,False,16,45
2021,5,Georgia Southern,Arkansas State,-0.0471765472648751,26,True,59,33
2021,5,Coastal Carolina,UL Monroe,0.3598928015429883,53,True,59,6
2021,5,South Alabama,Louisiana,0.0459885944770755,-2,False,18,20
2021,5,California,Washington State,0.081390597923247,-15,False,6,21
2021,5,Stanford,Oregon,0.0391983138990873,7,True,31,24
2021,5,Oregon State,Washington,0.5098969861779936,3,True,27,24
2021,5,UCLA,Arizona State,0.2483191652742661,-19,False,23,42
2021,5,Colorado,USC,0.0100926240515002,-23,False,14,37
2021,5,Utah State,BYU,0.0417620475551977,-14,False,20,34
2021,5,New Mexico,Air Force,-0.0071969708544665,-28,False,10,38
2021,5,Boise State,Nevada,0.1515815886912206,-10,False,31,41
2021,5,Hawai'i,Fresno State,-0.1892677115528846,3,True,27,24
2021,5,San José State,New Mexico State,-0.2720303597678808,6,True,37,31
2021,6,Auburn,Georgia,-0.3593392653637304,-24,False,10,34
2021,6,Florida,Vanderbilt,0.2595428120086442,42,True,42,0
2021,6,Kentucky,LSU,0.0211460937134531,21,True,42,21
2021,6,Ole Miss,Arkansas,-0.0035863523222015,1,True,52,51
2021,6,Missouri,North Texas,0.3854510261122419,13,True,48,35
2021,6,Tennessee,South Carolina,0.3281534292342659,25,True,45,20
2021,6,Texas A&M,Alabama,-0.2242064374207389,3,True,41,38
2021,6,Florida International,Charlotte,-0.1024609842353953,-12,False,33,45
2021,6,UAB,Florida Atlantic,-0.1661439972175739,17,True,31,14
2021,6,Marshall,Old Dominion,0.249469829600271,7,True,20,13
2021,6,Southern Miss,UTEP,-0.0370056425408024,-13,False,13,26
2021,6,Western Kentucky,UTSA,0.125769397489076,-6,False,46,52
2021,6,Liberty,Middle Tennessee,0.4945160165183817,28,True,41,13
2021,6,Duke,Georgia Tech,-0.0810355960560676,-4,False,27,31
2021,6,Louisville,Virginia,-0.0014615854921237,-1,False,33,34
2021,6,North Carolina,Florida State,0.1390353394448755,-10,False,25,35
2021,6,Syracuse,Wake Forest,-0.0129185192807359,-3,False,37,40
2021,6,Virginia Tech,Notre Dame,-0.0006655501093393,-3,False,29,32
2021,6,Illinois,Wisconsin,0.0283485031012096,-24,False,0,24
2021,6,Iowa,Penn State,-0.0305600394716793,3,True,23,20
2021,6,Ohio State,Maryland,0.1539408143366319,49,True,66,17
2021,6,Nebraska,Michigan,-0.0732482193623205,-3,False,29,32
2021,6,Rutgers,Michigan State,-0.1574427491468607,-18,False,13,31
2021,6,Massachusetts,UConn,0.0533048379976453,14,True,27,13
2021,6,Baylor,West Virginia,-0.0130974733192347,25,True,45,20
2021,6,Texas,Oklahoma,-0.0879043721082326,-7,False,48,55
2021,6,Texas Tech,TCU,-0.19942979904539,-21,False,31,52
2021,6,Tulane,Houston,-0.2419056516432274,-18,False,22,40
2021,6,Cincinnati,Temple,0.3637274898962167,49,True,52,3
2021,6,UCF,East Carolina,0.3303041538593225,4,True,20,16
2021,6,Tulsa,Memphis,-0.1484764962644361,6,True,35,29
2021,6,Navy,SMU,-0.1292024482223445,-7,False,24,31
2021,6,Eastern Michigan,Miami (OH),-0.0710759673565472,1,True,13,12
2021,6,Western Michigan,Ball State,0.0683120242136622,-25,False,20,45
2021,6,Toledo,Northern Illinois,-0.0145175442598021,-2,False,20,22
2021,6,Kent State,Buffalo,0.0871394838791655,10,True,48,38
2021,6,Bowling Green,Akron,-0.074130434632902,-15,False,20,35
2021,6,Ohio,Central Michigan,0.0582926316966565,-3,False,27,30
2021,6,Arkansas State,Coastal Carolina,-0.4135636574673095,-32,False,20,52
2021,6,Troy,Georgia Southern,-0.0940791216583087,3,True,27,24
2021,6,UL Monroe,Georgia State,-0.1533950557233702,-34,False,21,55
2021,6,Texas State,South Alabama,-0.2459547859638548,2,True,33,31
2021,6,Arizona State,Stanford,0.0234299290645613,18,True,28,10
2021,6,Washington State,Oregon State,-0.3587222117178626,7,True,31,24
2021,6,Arizona,UCLA,-0.244607372734553,-18,False,16,34
2021,6,USC,Utah,0.0682741691145033,-16,False,26,42
2021,6,BYU,Boise State,0.0480922537267551,-9,False,17,26
2021,6,Air Force,Wyoming,-0.1257700772034842,10,True,24,14
2021,6,Colorado State,San José State,0.1498575333531076,18,True,32,14
2021,6,San Diego State,New Mexico,-0.0408457917014317,24,True,31,7
2021,6,Nevada,New Mexico State,-0.1283753344558669,27,True,55,28
2021,7,Arkansas,Auburn,0.0066058238314389,-15,False,23,38
2021,7,Georgia,Kentucky,0.3249792642908893,17,True,30,13
2021,7,LSU,Florida,-0.099402041712063,7,True,49,42
2021,7,Mississippi State,Alabama,-0.1262541158412883,-40,False,9,49
2021,7,Missouri,Texas A&M,0.0705725463079231,-21,False,14,35
2021,7,South Carolina,Vanderbilt,0.0576908466483926,1,True,21,20
2021,7,Tennessee,Ole Miss,-0.016774975070248,-5,False,26,31
2021,7,UTEP,Louisiana Tech,0.0057346361114989,16,True,19,3
2021,7,North Texas,Marshall,-0.2011186390872169,-28,False,21,49
2021,7,Old Dominion,Western Kentucky,-0.4385265477725401,-23,False,20,43
2021,7,UTSA,Rice,0.1937977663850177,45,True,45,0
2021,7,Southern Miss,UAB,-0.0436558591416765,-34,False,0,34
2021,7,Syracuse,Clemson,-0.004733808193436,-3,False,14,17
2021,7,Boston College,NC State,-0.0642384364188125,-26,False,7,33
2021,7,North Carolina,Miami,0.0695373993872326,3,True,45,42
2021,7,Virginia,Duke,0.0713458427018425,48,True,48,0
2021,7,Virginia Tech,Pittsburgh,-0.1757147067041335,-21,False,7,28
2021,7,Indiana,Michigan State,-0.3176217863814541,-5,False,15,20
2021,7,Iowa,Purdue,0.0405471144992799,-17,False,7,24
2021,7,Minnesota,Nebraska,-0.0730894118552516,7,True,30,23
2021,7,Northwestern,Rutgers,0.2677653169619214,14,True,21,7
2021,7,Wisconsin,Army,-0.0637773432147594,6,True,20,14
2021,7,UL Monroe,Liberty,-0.4597126085625916,3,True,31,28
2021,7,Baylor,BYU,0.0701930664739664,14,True,38,24
2021,7,Kansas,Texas Tech,0.0214239724914328,-27,False,14,41
2021,7,Kansas State,Iowa State,-0.1342088923834322,-13,False,20,33
2021,7,Oklahoma,TCU,-0.1295483987308487,21,True,52,31
2021,7,Texas,Oklahoma State,0.0248344543322684,-8,False,24,32
2021,7,Memphis,Navy,0.1628643734860131,18,True,35,17
2021,7,Cincinnati,UCF,0.1344583959996144,35,True,56,21
2021,7,South Florida,Tulsa,-0.1197768465383857,-1,False,31,32
2021,7,Miami (OH),Akron,-0.0717702153939329,13,True,34,21
2021,7,Eastern Michigan,Ball State,-0.164312757203899,-7,False,31,38
2021,7,Central Michigan,Toledo,-0.2075447932935446,3,True,26,23
2021,7,Northern Illinois,Bowling Green,0.2322540238104846,8,True,34,26
2021,7,Buffalo,Ohio,0.1353360489383848,1,True,27,26
2021,7,Western Michigan,Kent State,-0.1118222638338043,33,True,64,31
2021,7,Louisiana,App State,-0.0745265418968814,28,True,41,13
2021,7,South Alabama,Georgia Southern,-0.0037916089758201,27,True,41,14
2021,7,Texas State,Troy,-0.0800135092661541,-3,False,28,31
2021,7,Oregon,California,0.1594883006786853,7,True,24,17
2021,7,Washington State,Stanford,-0.0987409131239839,3,True,34,31
2021,7,Washington,UCLA,-0.2177984906853374,-7,False,17,24
2021,7,Colorado,Arizona,-0.1647512933783124,34,True,34,0
2021,7,Utah,Arizona State,-0.0702440610275154,14,True,35,21
2021,7,Boise State,Air Force,0.0365681040346115,-7,False,17,24
2021,7,New Mexico,Colorado State,-0.0101586996032554,-29,False,7,36
2021,7,UNLV,Utah State,-0.2735046128702132,-4,False,24,28
2021,7,Wyoming,Fresno State,0.062659831165567,-17,False,0,17
2021,7,Nevada,Hawai'i,0.132972047067258,17,True,34,17
2021,7,San José State,San Diego State,-0.1645226525171121,-6,False,13,19
2021,8,Alabama,Tennessee,-0.027101088890703,28,True,52,24
2021,8,Ole Miss,LSU,0.0571393276936221,14,True,31,17
2021,8,Texas A&M,South Carolina,0.138066074041701,30,True,44,14
2021,8,Vanderbilt,Mississippi State,-0.1365332340988242,-39,False,6,45
2021,8,Charlotte,Florida Atlantic,-0.0547291619902174,-29,False,9,38
2021,8,Florida International,Western Kentucky,-0.3825680304184801,-15,False,19,34
2021,8,Louisiana Tech,UTSA,-0.0878778999979513,-29,False,16,45
2021,8,UAB,Rice,0.1215229925166792,-6,False,24,30
2021,8,UConn,Middle Tennessee,-0.0461582285663107,-31,False,13,44
2021,8,North Texas,Liberty,-0.4435087719884504,-9,False,26,35
2021,8,Army,Wake Forest,0.0046115464639581,-14,False,56,70
2021,8,Florida State,Massachusetts,0.1918677280395734,56,True,59,3
2021,8,Louisville,Boston College,0.0770972314312892,14,True,28,14
2021,8,Miami,NC State,-0.1330604577716398,1,True,31,30
2021,8,Pittsburgh,Clemson,0.1811440283704889,10,True,27,17
2021,8,Virginia,Georgia Tech,0.0671909588255628,8,True,48,40
2021,8,Virginia Tech,Syracuse,-0.1298165267587784,-5,False,36,41
2021,8,Notre Dame,USC,0.0727014705921701,15,True,31,16
2021,8,Penn State,Illinois,0.1246859650597566,-2,False,18,20
2021,8,Indiana,Ohio State,-0.5013764461175021,-47,False,7,54
2021,8,Minnesota,Maryland,-0.0564877855655572,18,True,34,16
2021,8,Michigan,Northwestern,0.0156178993495751,26,True,33,7
2021,8,Purdue,Wisconsin,0.0536310191973387,-17,False,13,30
2021,8,Iowa State,Oklahoma State,0.1660894412556169,3,True,24,21
2021,8,Kansas,Oklahoma,-0.2518981671551962,-12,False,23,35
2021,8,TCU,West Virginia,0.2230444826934844,-12,False,17,29
2021,8,Texas Tech,Kansas State,-0.051290537762041,-1,False,24,25
2021,8,SMU,Tulane,0.1615182914854835,29,True,55,26
2021,8,UCF,Memphis,0.0128802303664533,17,True,24,7
2021,8,Navy,Cincinnati,-0.3802548200392803,-7,False,20,27
2021,8,Houston,East Carolina,0.1390149782621297,7,True,31,24
2021,8,South Florida,Temple,0.0643355733739901,20,True,34,14
2021,8,Ball State,Miami (OH),0.1191982801154671,-7,False,17,24
2021,8,Toledo,Western Michigan,-0.0718301323148042,19,True,34,15
2021,8,Bowling Green,Eastern Michigan,-0.1566267079910122,-31,False,24,55
2021,8,Akron,Buffalo,0.0512021804334691,-35,False,10,45
2021,8,Ohio,Kent State,-0.1166542761282942,-7,False,27,34
2021,8,Central Michigan,Northern Illinois,-0.1845631857256703,-1,False,38,39
2021,8,App State,Coastal Carolina,-0.0810023128775237,3,True,30,27
2021,8,Arkansas State,Louisiana,-0.4114292369067206,-1,False,27,28
2021,8,Georgia State,Texas State,0.1443593761260451,12,True,28,16
2021,8,UL Monroe,South Alabama,-0.0406144536937858,10,True,41,31
2021,8,Arizona,Washington,0.0550487160239896,-5,False,16,21
2021,8,California,Colorado,0.168732787023961,23,True,26,3
2021,8,UCLA,Oregon,-0.0164676635425777,-3,False,31,34
2021,8,Oregon State,Utah,0.1119593986340982,8,True,42,34
2021,8,Washington State,BYU,-0.0617069056499132,-2,False,19,21
2021,8,Air Force,San Diego State,0.168450372576401,-6,False,14,20
2021,8,Utah State,Colorado State,0.0478786655210531,2,True,26,24
2021,8,Wyoming,New Mexico,0.1188806216567232,-11,False,3,14
2021,8,Fresno State,Nevada,0.0653229727047283,2,True,34,32
2021,8,Hawai'i,New Mexico State,-0.1056357903162649,14,True,48,34
2021,8,UNLV,San José State,-0.1015281508504201,-7,False,20,27
2021,9,Auburn,Ole Miss,0.0180876071553512,11,True,31,20
2021,9,Florida,Georgia,-0.3054313670251852,-27,False,7,34
2021,9,Mississippi State,Kentucky,-0.0797088839535427,14,True,31,17
2021,9,Vanderbilt,Missouri,-0.183821742210962,-9,False,28,37
2021,9,Western Kentucky,Charlotte,0.2361049741893581,32,True,45,13
2021,9,Marshall,Florida International,0.0274067152942119,38,True,38,0
2021,9,Florida Atlantic,UTEP,0.0283260330723157,3,True,28,25
2021,9,Old Dominion,Louisiana Tech,-0.2490551175212308,3,True,23,20
2021,9,Middle Tennessee,Southern Miss,-0.0784347671790329,25,True,35,10
2021,9,Rice,North Texas,0.1840207294452258,-6,False,24,30
2021,9,BYU,Virginia,-0.0445830720089881,17,True,66,49
2021,9,Clemson,Florida State,-0.205366487138815,10,True,30,20
2021,9,Georgia Tech,Virginia Tech,-0.0496500501671258,-9,False,17,26
2021,9,NC State,Louisville,0.0462697623536613,15,True,28,13
2021,9,Notre Dame,North Carolina,0.0004264242313443,10,True,44,34
2021,9,Pittsburgh,Miami,0.1687299856635344,-4,False,34,38
2021,9,Syracuse,Boston College,0.1860885933058756,15,True,21,6
2021,9,Wake Forest,Duke,0.2361993794883009,38,True,45,7
2021,9,Illinois,Rutgers,0.1309826002015961,-6,False,14,20
2021,9,Maryland,Indiana,0.1778300366147733,3,True,38,35
2021,9,Wisconsin,Iowa,0.0789429017532284,20,True,27,7
2021,9,Michigan State,Michigan,0.022287849876962,4,True,37,33
2021,9,Northwestern,Minnesota,0.05935451093482,-27,False,14,41
2021,9,Nebraska,Purdue,0.089163753165592,-5,False,23,28
2021,9,Ohio State,Penn State,0.4257601804332873,9,True,33,24
2021,9,Liberty,Massachusetts,0.217186506084001,45,True,62,17
2021,9,Baylor,Texas,0.0707102406896999,7,True,31,24
2021,9,Kansas State,TCU,-0.1198473966347487,19,True,31,12
2021,9,Oklahoma,Texas Tech,0.0975568451555574,31,True,52,21
2021,9,Oklahoma State,Kansas,0.1717667223753435,52,True,55,3
2021,9,West Virginia,Iowa State,-0.2257731640964848,7,True,38,31
2021,9,Tulsa,Navy,0.1038160207959651,-3,False,17,20
2021,9,Temple,UCF,-0.3009922991681112,-42,False,7,49
2021,9,Tulane,Cincinnati,-0.3315948777235824,-19,False,12,31
2021,9,East Carolina,South Florida,-0.0536385443246901,15,True,29,14
2021,9,Houston,SMU,-0.0645165602515594,7,True,44,37
2021,9,Buffalo,Bowling Green,0.2577469788665319,-12,False,44,56
2021,9,Coastal Carolina,Troy,0.3007020566830801,7,True,35,28
2021,9,App State,UL Monroe,0.1880677778972616,31,True,59,28
2021,9,South Alabama,Arkansas State,0.05801748700093,18,True,31,13
2021,9,Georgia Southern,Georgia State,-0.1005010466011354,-7,False,14,21
2021,9,Louisiana,Texas State,0.2836850510515467,45,True,45,0
2021,9,California,Oregon State,-0.1833181502305992,14,True,39,25
2021,9,Stanford,Washington,0.1750531975028342,-7,False,13,20
2021,9,Oregon,Colorado,0.4259497510617839,23,True,52,29
2021,9,Arizona State,Washington State,0.2066032113652478,-13,False,21,34
2021,9,USC,Arizona,0.0459110706590236,7,True,41,34
2021,9,Utah,UCLA,-0.032084641822397,20,True,44,24
2021,9,Colorado State,Boise State,-0.0790206744514549,-9,False,19,28
2021,9,Utah State,Hawai'i,0.1447058545572591,20,True,51,31
2021,9,San José State,Wyoming,-0.0627074379883041,6,True,27,21
2021,9,San Diego State,Fresno State,-0.1581350673744049,-10,False,20,30
2021,9,Nevada,UNLV,0.14455474375808,31,True,51,20
2021,10,Alabama,LSU,0.1871639476920181,6,True,20,14
2021,10,Arkansas,Mississippi State,0.0830607151156782,3,True,31,28
2021,10,Georgia,Missouri,0.3887796316577982,37,True,43,6
2021,10,Kentucky,Tennessee,-0.1491855553175356,-3,False,42,45
2021,10,Ole Miss,Liberty,-0.0246693318466498,13,True,27,14
2021,10,South Carolina,Florida,-0.2264392016633039,23,True,40,17
2021,10,Texas A&M,Auburn,-0.088810087993763,17,True,20,3
2021,10,Charlotte,Rice,0.0575908376883124,7,True,31,24
2021,10,Florida International,Old Dominion,0.0664572248194898,-23,False,24,47
2021,10,Florida Atlantic,Marshall,0.1245935090060522,-15,False,13,28
2021,10,UAB,Louisiana Tech,-0.0208395754822135,14,True,52,38
2021,10,Western Kentucky,Middle Tennessee,0.2918680777329456,27,True,48,21
2021,10,Southern Miss,North Texas,0.0603578753067891,-24,False,14,38
2021,10,UTEP,UTSA,-0.1502459089660296,-21,False,23,44
2021,10,Boston College,Virginia Tech,-0.1050323963898752,14,True,17,3
2021,10,Duke,Pittsburgh,-0.2046699032606563,-25,False,29,54
2021,10,Florida State,NC State,-0.0075652681005799,-14,False,14,28
2021,10,Louisville,Clemson,0.0734878340836125,-6,False,24,30
2021,10,Miami,Georgia Tech,0.1056352940493813,3,True,33,30
2021,10,North Carolina,Wake Forest,-0.0922320904010803,3,True,58,55
2021,10,Notre Dame,Navy,0.1624056158129436,28,True,34,6
2021,10,Minnesota,Illinois,0.0052002513392234,-8,False,6,14
2021,10,Michigan,Indiana,0.2682345054988259,22,True,29,7
2021,10,Northwestern,Iowa,0.0969597052037749,-5,False,12,17
2021,10,Maryland,Penn State,0.0112882898156145,-17,False,14,31
2021,10,Purdue,Michigan State,-0.0580248063408507,11,True,40,29
2021,10,Nebraska,Ohio State,-0.3359500236954372,-9,False,17,26
2021,10,Rutgers,Wisconsin,-0.1583756674717715,-49,False,3,52
2021,10,Iowa State,Texas,-0.0003717004671086,23,True,30,7
2021,10,Kansas,Kansas State,-0.2106621373382614,-25,False,10,35
2021,10,TCU,Baylor,-0.0308952252348079,2,True,30,28
2021,10,West Virginia,Oklahoma State,-0.0594854674323442,-21,False,3,24
2021,10,East Carolina,Temple,0.1463557336158365,42,True,45,3
2021,10,UCF,Tulane,0.2086178877806874,4,True,14,10
2021,10,Cincinnati,Tulsa,0.1819863648743919,8,True,28,20
2021,10,South Florida,Houston,-0.1051499699282327,-12,False,42,54
2021,10,Memphis,SMU,-0.0016875204652507,3,True,28,25
2021,10,Ohio,Miami (OH),-0.072374814288573,2,True,35,33
2021,10,Akron,Ball State,-0.1624608893811029,-6,False,25,31
2021,10,Toledo,Eastern Michigan,0.0137454971914278,-3,False,49,52
2021,10,Western Michigan,Central Michigan,0.2329928753050053,-12,False,30,42
2021,10,Kent State,Northern Illinois,0.053388632318193,5,True,52,47
2021,10,Louisiana,Georgia State,0.0229454177084981,4,True,21,17
2021,10,Arkansas State,App State,-0.3987506268294681,-34,False,14,48
2021,10,Georgia Southern,Coastal Carolina,-0.2605935091844086,-20,False,8,28
2021,10,Texas State,UL Monroe,-0.2100001186158536,8,True,27,19
2021,10,Troy,South Alabama,0.0209244369064949,7,True,31,24
2021,10,Stanford,Utah,-0.1064072226988926,-45,False,7,52
2021,10,Arizona,California,-0.1860898502789303,7,True,10,3
2021,10,Washington,Oregon,-0.3119319364168833,-10,False,16,26
2021,10,Colorado,Oregon State,-0.4483923741429152,3,True,37,34
2021,10,Arizona State,USC,0.1552174828378579,15,True,31,16
2021,10,Air Force,Army,-0.0672848237944125,-7,False,14,21
2021,10,Fresno State,Boise State,-0.0308158316042957,-26,False,14,40
2021,10,Wyoming,Colorado State,-0.0279730936324594,14,True,31,17
2021,10,New Mexico,UNLV,0.0390150567628382,-14,False,17,31
2021,10,New Mexico State,Utah State,-0.1625691285146355,-22,False,13,35
2021,10,Hawai'i,San Diego State,-0.0285440895676204,-7,False,10,17
2021,10,Nevada,San José State,0.0826170827203875,3,True,27,24
2021,11,Alabama,New Mexico State,0.2489959852283585,56,True,59,3
2021,11,Auburn,Mississippi State,0.0315814295662166,-9,False,34,43
2021,11,LSU,Arkansas,-0.1540802864044033,-3,False,13,16
2021,11,Ole Miss,Texas A&M,0.0782903230657834,10,True,29,19
2021,11,Missouri,South Carolina,0.106112319336068,3,True,31,28
2021,11,Tennessee,Georgia,-0.0978959742033457,-24,False,17,41
2021,11,Vanderbilt,Kentucky,-0.2196153022849769,-17,False,17,34
2021,11,Louisiana Tech,Charlotte,0.0546989845953236,10,True,42,32
2021,11,Middle Tennessee,Florida International,-0.0494778350433912,40,True,50,10
2021,11,Old Dominion,Florida Atlantic,-0.2172707029454471,14,True,30,16
2021,11,Marshall,UAB,-0.0987261618525381,-7,False,14,21
2021,11,North Texas,UTEP,-0.1423812983299196,3,True,20,17
2021,11,Rice,Western Kentucky,-0.2845568823968277,-21,False,21,42
2021,11,UTSA,Southern Miss,0.3186953320643538,10,True,27,17
2021,11,Pittsburgh,North Carolina,0.0634188819077784,7,True,30,23
2021,11,Clemson,UConn,0.2373058548445007,37,True,44,7
2021,11,Florida State,Miami,0.0663261910251854,3,True,31,28
2021,11,Georgia Tech,Boston College,-0.0147430726927413,-11,False,30,41
2021,11,Louisville,Syracuse,-0.0291145404180182,38,True,41,3
2021,11,Virginia,Notre Dame,0.0219448540502544,-25,False,3,28
2021,11,Virginia Tech,Duke,0.0670981596337091,31,True,48,17
2021,11,Wake Forest,NC State,-0.0057988969556847,3,True,45,42
2021,11,Indiana,Rutgers,-0.0207799079110064,-35,False,3,38
2021,11,Iowa,Minnesota,-0.0284372726531184,5,True,27,22
2021,11,Michigan State,Maryland,0.0561620012593327,19,True,40,21
2021,11,Penn State,Michigan,-0.0748101784318331,-4,False,17,21
2021,11,Wisconsin,Northwestern,0.0664729432215185,28,True,35,7
2021,11,Ohio State,Purdue,0.248763760039211,28,True,59,31
2021,11,Baylor,Oklahoma,-0.0368483478530884,13,True,27,14
2021,11,Kansas State,West Virginia,0.1217447290235107,17,True,34,17
2021,11,Oklahoma State,TCU,-0.0944336156089274,46,True,63,17
2021,11,Texas,Kansas,0.3101060461778833,-1,False,56,57
2021,11,Texas Tech,Iowa State,-0.1923377032978288,3,True,41,38
2021,11,South Florida,Cincinnati,-0.1539310700269032,-17,False,28,45
2021,11,SMU,UCF,-0.0643046334041862,27,True,55,28
2021,11,Memphis,East Carolina,0.051618186700518,-1,False,29,30
2021,11,Temple,Houston,-0.2932964996733489,-29,False,8,37
2021,11,Tulane,Tulsa,-0.0925030833099925,-7,False,13,20
2021,11,Miami (OH),Buffalo,0.0086739176802982,27,True,45,18
2021,11,Eastern Michigan,Ohio,0.0170290607169874,-8,False,26,34
2021,11,Western Michigan,Akron,0.2023451377506387,5,True,45,40
2021,11,Bowling Green,Toledo,-0.2097410100885677,-32,False,17,49
2021,11,Central Michigan,Kent State,-0.2560998707224566,24,True,54,30
2021,11,Northern Illinois,Ball State,-0.0630779315962958,1,True,30,29
2021,11,App State,South Alabama,0.2674091342338701,24,True,31,7
2021,11,UL Monroe,Arkansas State,0.0784745590333151,-3,False,24,27
2021,11,Coastal Carolina,Georgia State,0.1822455979086476,-2,False,40,42
2021,11,Texas State,Georgia Southern,-0.1524153404491958,-8,False,30,38
2021,11,Troy,Louisiana,-0.0878974191350403,-14,False,21,35
2021,11,Oregon State,Stanford,0.168879539193495,21,True,35,14
2021,11,Oregon,Washington State,0.2217858265906989,14,True,38,24
2021,11,Arizona,Utah,-0.3514108513435435,-9,False,29,38
2021,11,Washington,Arizona State,-0.2285575124429007,-5,False,30,35
2021,11,UCLA,Colorado,0.2157428394270466,24,True,44,20
2021,11,Colorado State,Air Force,-0.0581470571549735,-14,False,21,35
2021,11,Boise State,Wyoming,0.0937864932154743,10,True,23,13
2021,11,Fresno State,New Mexico,0.1876912061265226,27,True,34,7
2021,11,San José State,Utah State,-0.2340791415651131,-31,False,17,48
2021,11,UNLV,Hawai'i,-0.0023913511686924,14,True,27,13
2021,11,San Diego State,Nevada,-0.0497979255560531,2,True,23,21
2021,12,Alabama,Arkansas,0.0911223130869087,7,True,42,35
2021,12,Kentucky,New Mexico State,0.1656490121043962,40,True,56,16
2021,12,LSU,UL Monroe,0.1173058377035776,13,True,27,14
2021,12,Ole Miss,Vanderbilt,0.3065265111782371,14,True,31,17
2021,12,Missouri,Florida,-0.0523340597050589,1,True,24,23
2021,12,South Carolina,Auburn,-0.2286877642886632,4,True,21,17
2021,12,Tennessee,South Alabama,0.3086096012175399,46,True,60,14
2021,12,Charlotte,Marshall,0.0348821038372217,-21,False,28,49
2021,12,Florida International,North Texas,-0.0699206464869752,-42,False,7,49
2021,12,Western Kentucky,Florida Atlantic,0.1603139218621674,35,True,52,17
2021,12,Louisiana Tech,Southern Miss,0.2097963500841506,-16,False,19,35
2021,12,Middle Tennessee,Old Dominion,0.0331757104719778,-7,False,17,24
2021,12,UTEP,Rice,0.1008846863705822,10,True,38,28
2021,12,UTSA,UAB,0.1128833548536206,3,True,34,31
2021,12,Duke,Louisville,-0.2222308946180767,-40,False,22,62
2021,12,Boston College,Florida State,-0.1403844189816037,-3,False,23,26
2021,12,Clemson,Wake Forest,-0.1931306338147257,21,True,48,27
2021,12,Miami,Virginia Tech,0.0115181949184035,12,True,38,26
2021,12,NC State,Syracuse,0.0014103143968953,24,True,41,17
2021,12,Notre Dame,Georgia Tech,0.213119723741943,55,True,55,0
2021,12,Pittsburgh,Virginia,0.0221520817664453,10,True,48,38
2021,12,Iowa,Illinois,-0.0556664256160472,10,True,33,23
2021,12,Indiana,Minnesota,-0.1374783090039835,-21,False,14,35
2021,12,Maryland,Michigan,-0.1027219432221005,-41,False,18,59
2021,12,Ohio State,Michigan State,0.2477628003058726,49,True,56,7
2021,12,Wisconsin,Nebraska,0.0331289542546131,7,True,35,28
2021,12,Northwestern,Purdue,-0.1065146177293104,-18,False,14,32
2021,12,Penn State,Rutgers,0.0903302741705133,28,True,28,0
2021,12,UCF,UConn,0.3810050761068283,32,True,49,17
2021,12,Liberty,Louisiana,-0.0113766162160543,-28,False,14,42
2021,12,Army,Massachusetts,0.251339924604175,16,True,33,17
2021,12,Kansas State,Baylor,0.0043582628639594,-10,False,10,20
2021,12,Oklahoma,Iowa State,-0.094370917213444,7,True,28,21
2021,12,TCU,Kansas,0.2484710181270241,3,True,31,28
2021,12,Texas Tech,Oklahoma State,-0.0296408644420222,-23,False,0,23
2021,12,West Virginia,Texas,-0.2151213248173791,8,True,31,23
2021,12,Houston,Memphis,0.0126038518484584,18,True,31,13
2021,12,Cincinnati,SMU,0.0949623055440687,34,True,48,14
2021,12,Navy,East Carolina,-0.024980595473876,-3,False,35,38
2021,12,Tulane,South Florida,-0.0972840443133697,31,True,45,14
2021,12,Tulsa,Temple,0.1758053325013213,34,True,44,10
2021,12,Miami (OH),Bowling Green,0.2347842262549747,27,True,34,7
2021,12,Eastern Michigan,Western Michigan,-0.1603312348962023,1,True,22,21
2021,12,Ohio,Toledo,-0.0137643430103185,-12,False,23,35
2021,12,Buffalo,Northern Illinois,-0.042288704439173,-6,False,27,33
2021,12,Ball State,Central Michigan,0.071318320511418,-20,False,17,37
2021,12,Akron,Kent State,-0.2250529100447578,-38,False,0,38
2021,12,Troy,App State,-0.2313264804720575,-38,False,7,45
2021,12,Georgia State,Arkansas State,0.1511150011701978,8,True,28,20
2021,12,Coastal Carolina,Texas State,0.3858716541046227,14,True,35,21
2021,12,Georgia Southern,BYU,-0.1499389304008558,-17,False,17,34
2021,12,Washington State,Arizona,0.107347891030688,26,True,44,18
2021,12,Stanford,California,-0.108016497742822,-30,False,11,41
2021,12,Utah,Oregon,-0.0059971056999396,31,True,38,7
2021,12,Oregon State,Arizona State,0.0410310843370162,14,True,24,10
2021,12,Colorado,Washington,-0.06349009279907,3,True,20,17
2021,12,USC,UCLA,-0.1063255438592458,-29,False,33,62
2021,12,Nevada,Air Force,0.0078904247586524,-2,False,39,41
2021,12,Boise State,New Mexico,0.2912786192767315,37,True,37,0
2021,12,Hawai'i,Colorado State,-0.0742036921884423,5,True,50,45
2021,12,Utah State,Wyoming,0.144285482239987,-27,False,17,44
2021,12,UNLV,San Diego State,-0.0740590419582635,-8,False,20,28
2021,13,Arkansas,Missouri,0.091576419343133,17,True,34,17
2021,13,Auburn,Alabama,-0.1116111480550668,-2,False,22,24
2021,13,Florida,Florida State,-0.0300791785237471,3,True,24,21
2021,13,Georgia Tech,Georgia,-0.5027403901484734,-45,False,0,45
2021,13,Louisville,Kentucky,0.0313274087808464,-31,False,21,52
2021,13,LSU,Texas A&M,-0.0223219645390972,3,True,27,24
2021,13,Mississippi State,Ole Miss,-0.0067925758666242,-10,False,21,31
2021,13,South Carolina,Clemson,-0.0819205482874199,-30,False,0,30
2021,13,Tennessee,Vanderbilt,0.4747308431134995,24,True,45,21
2021,13,Old Dominion,Charlotte,-0.1075118660345675,22,True,56,34
2021,13,Southern Miss,Florida International,0.0322087902740831,20,True,37,17
2021,13,Florida Atlantic,Middle Tennessee,0.1281860187166303,-10,False,17,27
2021,13,Rice,Louisiana Tech,-0.1637711349545874,4,True,35,31
2021,13,Marshall,Western Kentucky,-0.2439608464567479,-32,False,21,53
2021,13,North Texas,UTSA,-0.2342219003246671,22,True,45,23
2021,13,UAB,UTEP,0.07120377948807,17,True,42,25
2021,13,NC State,North Carolina,0.0088120726081613,4,True,34,30
2021,13,Boston College,Wake Forest,-0.1700956275756462,-31,False,10,41
2021,13,Duke,Miami,-0.1707450566790454,-37,False,10,47
2021,13,Syracuse,Pittsburgh,-0.0009192886638365,-17,False,14,31
2021,13,Virginia,Virginia Tech,0.1246513231224566,-5,False,24,29
2021,13,Stanford,Notre Dame,-0.1780941567843368,-31,False,14,45
2021,13,Illinois,Northwestern,0.0136512551271985,33,True,47,14
2021,13,Purdue,Indiana,0.2537853760094912,37,True,44,7
2021,13,Nebraska,Iowa,0.1406361152315203,-7,False,21,28
2021,13,Rutgers,Maryland,-0.1442793521025384,-24,False,16,40
2021,13,Michigan,Ohio State,-0.2592956877027621,15,True,42,27
2021,13,Michigan State,Penn State,0.080493623566384,3,True,30,27
2021,13,Minnesota,Wisconsin,-0.0859801346601786,10,True,23,13
2021,13,Liberty,Army,-0.0386767344633339,-15,False,16,31
2021,13,New Mexico State,Massachusetts,0.0174582249921445,17,True,44,27
2021,13,Baylor,Texas Tech,0.1077547252612709,3,True,27,24
2021,13,Iowa State,TCU,0.0107731014544129,34,True,48,14
2021,13,Kansas,West Virginia,-0.0703805926080991,-6,False,28,34
2021,13,Oklahoma State,Oklahoma,-0.0337732337657133,4,True,37,33
2021,13,Texas,Kansas State,0.1157975534067404,5,True,22,17
2021,13,UCF,South Florida,0.1204071823832105,4,True,17,13
2021,13,East Carolina,Cincinnati,-0.1674381595675241,-22,False,13,35
2021,13,UConn,Houston,-0.4172637814547768,-28,False,17,45
2021,13,Memphis,Tulane,0.1164748867533955,5,True,33,28
2021,13,Temple,Navy,-0.1928621480566894,-24,False,14,38
2021,13,SMU,Tulsa,0.0561309358565992,-3,False,31,34
2021,13,Kent State,Miami (OH),0.1756711554089408,1,True,48,47
2021,13,Ball State,Buffalo,0.1160274288841447,17,True,20,3
2021,13,Northern Illinois,Western Michigan,-0.1806896332591659,-21,False,21,42
2021,13,Central Michigan,Eastern Michigan,0.0193296653152984,21,True,31,10
2021,13,Bowling Green,Ohio,-0.277873224479858,11,True,21,10
2021,13,Toledo,Akron,0.0794525568717844,35,True,49,14
2021,13,App State,Georgia Southern,0.2376807090299728,24,True,27,3
2021,13,Arkansas State,Texas State,0.0335663027412959,-2,False,22,24
2021,13,South Alabama,Coastal Carolina,-0.3075086249406186,-6,False,21,27
2021,13,Georgia State,Troy,0.1102166123186155,27,True,37,10
2021,13,Louisiana,UL Monroe,0.2257723791838132,5,True,21,16
2021,13,Washington,Washington State,-0.0911218646839816,-27,False,13,40
2021,13,Utah,Colorado,0.3459321951524088,15,True,28,13
2021,13,UCLA,California,0.0269659129602882,28,True,42,14
2021,13,Oregon,Oregon State,0.0539584813867699,9,True,38,29
2021,13,Arizona State,Arizona,0.1938928032863606,23,True,38,15
2021,13,USC,BYU,-0.199171104057228,-4,False,31,35
2021,13,Air Force,UNLV,0.1486061964204195,34,True,48,14
2021,13,San Diego State,Boise State,-0.1556394753432196,11,True,27,16
2021,13,Colorado State,Nevada,-0.0947203405440229,-42,False,10,52
2021,13,New Mexico,Utah State,-0.370545291272081,-25,False,10,35
2021,13,Wyoming,Hawai'i,0.162872507038751,-24,False,14,38
2021,13,San José State,Fresno State,-0.1923832880151671,-31,False,9,40
2022,4,Alabama,Vanderbilt,0.0312084149138212,52,True,55,3
2022,4,Texas A&M,Arkansas,-0.1455071414231161,2,True,23,21
2022,4,Auburn,Missouri,0.1058932103511518,3,True,17,14
2022,4,Georgia,Kent State,0.4664287970573294,17,True,39,22
2022,4,Kentucky,Northern Illinois,0.0520982372901173,8,True,31,23
2022,4,LSU,New Mexico,0.1002872280071776,38,True,38,0
2022,4,Ole Miss,Tulsa,-0.0237910988020029,8,True,35,27
2022,4,Mississippi State,Bowling Green,0.1236093944367982,31,True,45,14
2022,4,Tennessee,Florida,0.1938551477862209,5,True,38,33
2022,4,California,Arizona,-0.0577456881801752,18,True,49,31
2022,4,Arizona State,Utah,-0.1646836870281529,-21,False,13,34
2022,4,Colorado,UCLA,-0.2695011544981748,-28,False,17,45
2022,4,Washington State,Oregon,0.0138460804282456,-3,False,41,44
2022,4,Oregon State,USC,-0.1291226258601631,-3,False,14,17
2022,4,Washington,Stanford,0.423121943489017,18,True,40,22
2022,4,SMU,TCU,0.1006373691359266,-8,False,34,42
2022,4,Kansas,Duke,-0.0991795652713059,8,True,35,27
2022,4,Iowa State,Baylor,0.1642343273664257,-7,False,24,31
2022,4,Oklahoma,Kansas State,0.1143178681302677,-7,False,34,41
2022,4,Texas Tech,Texas,-0.2247505629426255,3,True,37,34
2022,4,North Carolina,Notre Dame,0.3708542641688385,-13,False,32,45
2022,4,NC State,UConn,0.2523450420806483,31,True,41,10
2022,4,Liberty,Akron,0.1348042980489052,9,True,21,12
2022,4,Rutgers,Iowa,-0.190059299442219,-17,False,10,27
2022,4,Michigan State,Minnesota,-0.2279046068679025,-27,False,7,34
2022,4,Northwestern,Miami (OH),-0.0636390206797174,-3,False,14,17
2022,4,Ohio State,Wisconsin,0.0715673840405614,31,True,52,21
2022,4,Cincinnati,Indiana,-0.0559217857949951,21,True,45,24
2022,4,Michigan,Maryland,0.0341075712285809,7,True,34,27
2022,4,Penn State,Central Michigan,0.1553807927608072,19,True,33,14
2022,4,New Mexico State,Hawai'i,-0.0731641483276452,19,True,45,26
2022,4,Virginia Tech,West Virginia,-0.1175892863409591,-23,False,10,33
2022,4,Syracuse,Virginia,-0.0211041576744027,2,True,22,20
2022,4,Florida State,Boston College,0.2090616091425518,30,True,44,14
2022,4,Louisville,South Florida,0.2340114120509775,38,True,41,3
2022,4,UCF,Georgia Tech,-0.0205063676822583,17,True,27,10
2022,4,Wake Forest,Clemson,-0.1760700590433149,-6,False,45,51
2022,4,Temple,Massachusetts,0.273182452616997,28,True,28,0
2022,4,App State,James Madison,-0.408926432436044,-4,False,28,32
2022,4,Tulane,Southern Miss,0.2530811388449684,-3,False,24,27
2022,4,Air Force,Nevada,0.2785750972904143,28,True,48,20
2022,4,Utah State,UNLV,-0.0120922915965856,-10,False,24,34
2022,4,BYU,Wyoming,0.0192652654637075,14,True,38,24
2022,4,San Diego State,Toledo,-0.3015609236601776,3,True,17,14
2022,4,San José State,Western Michigan,0.0542220809807491,28,True,34,6
2022,4,East Carolina,Navy,0.4454150284639147,-3,False,20,23
2022,4,Eastern Michigan,Buffalo,0.1522725662347654,-19,False,31,50
2022,4,Georgia Southern,Ball State,0.0188332357886482,11,True,34,23
2022,4,Georgia State,Coastal Carolina,-0.3707210681503208,-17,False,24,41
2022,4,Old Dominion,Arkansas State,-0.1167409727182673,3,True,29,26
2022,4,UL Monroe,Louisiana,-0.3717520920981515,4,True,21,17
2022,4,Troy,Marshall,-0.2493624765865137,9,True,16,7
2022,4,South Carolina,Charlotte,-0.067317207616405,36,True,56,20
2022,4,Western Kentucky,Florida International,0.3433155356266877,73,True,73,0
2022,4,Purdue,Florida Atlantic,0.0592705517739684,2,True,28,26
2022,4,South Alabama,Louisiana Tech,0.2327382437419435,24,True,38,14
2022,4,Miami,Middle Tennessee,0.2497829728318166,-14,False,31,45
2022,4,Memphis,North Texas,0.0781295750248612,10,True,44,34
2022,4,Houston,Rice,-0.1821564689075416,7,True,34,27
2022,4,UTEP,Boise State,-0.1487111322054987,17,True,27,10
2022,5,Arkansas,Alabama,-0.0367820569569701,-23,False,26,49
2022,5,Auburn,LSU,-0.0919917242209586,-4,False,17,21
2022,5,Ole Miss,Kentucky,0.1790962024421865,3,True,22,19
2022,5,Mississippi State,Texas A&M,0.1736746201269232,18,True,42,24
2022,5,Missouri,Georgia,-0.3309705158674436,-4,False,22,26
2022,5,Arizona,Colorado,0.1315525643174215,23,True,43,20
2022,5,USC,Arizona State,0.3825410923760699,17,True,42,25
2022,5,Washington State,California,-0.0817629149361065,19,True,28,9
2022,5,Oregon,Stanford,0.1740962094018428,18,True,45,27
2022,5,Utah,Oregon State,0.2193238171981375,26,True,42,16
2022,5,UCLA,Washington,0.10101924472023,8,True,40,32
2022,5,Baylor,Oklahoma State,0.1243184965291843,-11,False,25,36
2022,5,Kansas,Iowa State,0.1598852872690407,3,True,14,11
2022,5,Kansas State,Texas Tech,0.2600255097077765,9,True,37,28
2022,5,TCU,Oklahoma,-0.3598837481569209,31,True,55,24
2022,5,Texas,West Virginia,0.021774575684078,18,True,38,20
2022,5,Army,Georgia State,0.354153944306405,-17,False,14,31
2022,5,UConn,Fresno State,-0.1718352414720291,5,True,19,14
2022,5,Old Dominion,Liberty,-0.137313401932863,-14,False,24,38
2022,5,Wisconsin,Illinois,-0.0543163282891341,-24,False,10,34
2022,5,Iowa,Michigan,-0.3561688593700982,-13,False,14,27
2022,5,Minnesota,Purdue,0.112589353118452,-10,False,10,20
2022,5,Nebraska,Indiana,0.0920567847565102,14,True,35,21
2022,5,Maryland,Michigan State,0.3762431004993255,14,True,27,13
2022,5,Ohio State,Rutgers,0.3761653345393231,39,True,49,10
2022,5,Penn State,Northwestern,0.2079394048565391,10,True,17,7
2022,5,Boston College,Louisville,-0.2909040955611009,1,True,34,33
2022,5,Clemson,NC State,0.1372564847059528,10,True,30,20
2022,5,Duke,Virginia,0.1790158720555079,21,True,38,17
2022,5,Florida State,Wake Forest,-0.0513206779674652,-10,False,21,31
2022,5,North Carolina,Virginia Tech,0.2497047454989682,31,True,41,10
2022,5,Pittsburgh,Georgia Tech,0.122132136340597,-5,False,21,26
2022,5,Eastern Michigan,Massachusetts,0.1480577995656556,7,True,20,13
2022,5,BYU,Utah State,0.2129759840367936,12,True,38,26
2022,5,Air Force,Navy,0.2812101076565031,3,True,13,10
2022,5,Boise State,San Diego State,0.0425293526992656,22,True,35,13
2022,5,UNLV,New Mexico,0.4330451486647317,11,True,31,20
2022,5,Wyoming,San José State,-0.0481479513533947,-17,False,16,33
2022,5,Houston,Tulane,-0.0759373647526814,-3,False,24,27
2022,5,South Florida,East Carolina,-0.1574995150719918,-20,False,28,48
2022,5,Tulsa,Cincinnati,-0.1046774753430888,-10,False,21,31
2022,5,Memphis,Temple,0.2104959523624665,21,True,24,3
2022,5,Toledo,Central Michigan,0.1167928710876035,21,True,38,17
2022,5,Ball State,Northern Illinois,-0.0903740888087759,6,True,44,38
2022,5,Akron,Bowling Green,-0.0825067900449521,-3,False,28,31
2022,5,Buffalo,Miami (OH),-0.060885908659772,4,True,24,20
2022,5,Kent State,Ohio,-0.014988390259971,7,True,31,24
2022,5,Coastal Carolina,Georgia Southern,0.3752343824857349,4,True,34,30
2022,5,James Madison,Texas State,0.2678655941259603,27,True,40,13
2022,5,Arkansas State,UL Monroe,0.1282519501105248,17,True,45,28
2022,5,Louisiana,South Alabama,-0.1795896918662942,-3,False,17,20
2022,5,Charlotte,UTEP,0.0426905115627075,-6,False,35,41
2022,5,New Mexico State,Florida International,-0.0137906758070957,-14,False,7,21
2022,5,North Texas,Florida Atlantic,-0.1025588298501389,17,True,45,28
2022,5,Middle Tennessee,UTSA,-0.1850098758110407,-15,False,30,45
2022,5,Rice,UAB,-0.1889758352722979,4,True,28,24
2022,5,Western Kentucky,Troy,0.1920472665482986,-7,False,27,34
2022,6,Alabama,Texas A&M,0.2474520223412231,4,True,24,20
2022,6,Florida,Missouri,0.1210908663168212,7,True,24,17
2022,6,Georgia,Auburn,0.1959153693004179,32,True,42,10
2022,6,Kentucky,South Carolina,0.1249502100981235,-10,False,14,24
2022,6,LSU,Tennessee,-0.2144114057019294,-27,False,13,40
2022,6,Mississippi State,Arkansas,-0.0892154966173055,23,True,40,17
2022,6,Vanderbilt,Ole Miss,-0.1831407325909546,-24,False,28,52
2022,6,Arizona,Oregon,-0.2506462390356364,-27,False,22,49
2022,6,Arizona State,Washington,-0.0920391203249192,7,True,45,38
2022,6,Stanford,Oregon State,-0.0045104412769309,-1,False,27,28
2022,6,UCLA,Utah,0.1425277927868122,10,True,42,32
2022,6,USC,Washington State,0.320322270543125,16,True,30,14
2022,6,Iowa State,Kansas State,-0.1540847472482162,-1,False,9,10
2022,6,Kansas,TCU,0.1486724681579096,-7,False,31,38
2022,6,Oklahoma,Texas,0.1124432806770739,-49,False,0,49
2022,6,Oklahoma State,Texas Tech,0.0867290585436204,10,True,41,31
2022,6,Notre Dame,BYU,-0.1397426962374831,8,True,28,20
2022,6,Wake Forest,Army,0.0528054487295747,35,True,45,10
2022,6,Massachusetts,Liberty,-0.2798826207652373,-18,False,24,42
2022,6,Illinois,Iowa,0.134002496357264,3,True,9,6
2022,6,Northwestern,Wisconsin,-0.0785342698332156,-35,False,7,42
2022,6,Indiana,Michigan,-0.4325545116289707,-21,False,10,31
2022,6,Maryland,Purdue,0.1525051288883962,-2,False,29,31
2022,6,Michigan State,Ohio State,-0.5628471310470174,-29,False,20,49
2022,6,Rutgers,Nebraska,0.0179636680687164,-1,False,13,14
2022,6,Boston College,Clemson,-0.3661608813127607,-28,False,3,31
2022,6,Georgia Tech,Duke,-0.3146421380177179,3,True,23,20
2022,6,Miami,North Carolina,-0.2496676669307936,-3,False,24,27
2022,6,NC State,Florida State,-0.0293473461678913,2,True,19,17
2022,6,Pittsburgh,Virginia Tech,0.2155837016678372,16,True,45,29
2022,6,Virginia,Louisville,-0.0897804706571418,-17,False,17,34
2022,6,Utah State,Air Force,-0.1590117811551415,7,True,34,27
2022,6,Boise State,Fresno State,-0.0006328360224413,20,True,40,20
2022,6,Nevada,Colorado State,0.3459449255109584,-3,False,14,17
2022,6,New Mexico,Wyoming,-0.1487520904036841,-13,False,14,27
2022,6,San Diego State,Hawai'i,0.0611487228964576,2,True,16,14
2022,6,San José State,UNLV,-0.2067004525904716,33,True,40,7
2022,6,UCF,SMU,0.0024969399669796,22,True,41,19
2022,6,Memphis,Houston,0.0852588857593336,-1,False,32,33
2022,6,Tulane,East Carolina,0.0288735107800063,15,True,24,9
2022,6,Navy,Tulsa,-0.0473433728244292,32,True,53,21
2022,6,Cincinnati,South Florida,0.3040354188449392,4,True,28,24
2022,6,Central Michigan,Ball State,0.1057875189441258,-1,False,16,17
2022,6,Western Michigan,Eastern Michigan,-0.1671353076452265,-22,False,23,45
2022,6,Northern Illinois,Toledo,-0.0606637750811379,-20,False,32,52
2022,6,Ohio,Akron,0.0038360009281257,21,True,55,34
2022,6,Bowling Green,Buffalo,0.1521450385488192,-31,False,7,38
2022,6,Miami (OH),Kent State,-0.18241802394204,3,True,27,24
2022,6,Georgia State,Georgia Southern,-0.1178917172519181,8,True,41,33
2022,6,Arkansas State,James Madison,-0.1103396816761685,-22,False,20,42
2022,6,UL Monroe,Coastal Carolina,-0.4047246079304196,-7,False,21,28
2022,6,Texas State,App State,-0.127545451646878,12,True,36,24
2022,6,Troy,Southern Miss,0.0705956843174392,17,True,27,10
2022,6,Florida International,UConn,0.0290899607747966,-21,False,12,33
2022,6,Louisiana Tech,UTEP,-0.2306491940107136,10,True,41,31
2022,6,UAB,Middle Tennessee,0.2356544164248618,27,True,41,14
2022,6,UTSA,Western Kentucky,0.0311302979261911,3,True,31,28
2022,7,BYU,Arkansas,0.0157164196735337,-17,False,35,52
2022,7,Florida,LSU,0.071367200779586,-10,False,35,45
2022,7,Georgia,Vanderbilt,0.1696789759998969,55,True,55,0
2022,7,Kentucky,Mississippi State,-0.1559007685145453,10,True,27,17
2022,7,Ole Miss,Auburn,0.3212041453955082,14,True,48,34
2022,7,Tennessee,Alabama,0.1075946185884273,3,True,52,49
2022,7,Washington,Arizona,0.1729381216970195,10,True,49,39
2022,7,Colorado,California,-0.1021833020698639,7,True,20,13
2022,7,Oregon State,Washington State,-0.1189317356074976,14,True,24,10
2022,7,Notre Dame,Stanford,0.1415005449797077,-2,False,14,16
2022,7,Utah,USC,-0.0887762473860836,1,True,43,42
2022,7,West Virginia,Baylor,-0.0057340370027059,3,True,43,40
2022,7,Texas,Iowa State,0.2374684481483152,3,True,24,21
2022,7,Oklahoma,Kansas,-0.0722972812539555,10,True,52,42
2022,7,TCU,Oklahoma State,0.1656145570504738,3,True,43,40
2022,7,Ball State,UConn,-0.1449501563464847,4,True,25,21
2022,7,Illinois,Minnesota,0.0753807976514552,12,True,26,14
2022,7,Purdue,Nebraska,0.1101577757045796,6,True,43,37
2022,7,Indiana,Maryland,-0.2709505198303986,-5,False,33,38
2022,7,Michigan,Penn State,0.2871454026666758,24,True,41,17
2022,7,Michigan State,Wisconsin,-0.1418961793520999,6,True,34,28
2022,7,New Mexico State,New Mexico,-0.1061199996524213,12,True,21,9
2022,7,Duke,North Carolina,-0.0596747908000765,-3,False,35,38
2022,7,Florida State,Clemson,-0.0896093206264306,-6,False,28,34
2022,7,Syracuse,NC State,0.0454092450397211,15,True,24,9
2022,7,Virginia Tech,Miami,-0.0771550147726239,-6,False,14,20
2022,7,Massachusetts,Buffalo,-0.1520235877951304,-27,False,7,34
2022,7,UNLV,Air Force,0.0515179320325948,-35,False,7,42
2022,7,Colorado State,Utah State,-0.4196424368216584,-4,False,13,17
2022,7,Fresno State,San José State,-0.1965327487056851,7,True,17,10
2022,7,Hawai'i,Nevada,-0.0134777365901169,15,True,31,16
2022,7,UCF,Temple,0.165281538419431,57,True,70,13
2022,7,SMU,Navy,-0.0875790295084973,6,True,40,34
2022,7,South Florida,Tulane,-0.0391131945020944,-14,False,31,45
2022,7,East Carolina,Memphis,-0.0838673589789704,2,True,47,45
2022,7,Akron,Central Michigan,0.0414879774725153,-7,False,21,28
2022,7,Eastern Michigan,Northern Illinois,0.0705243734505614,-29,False,10,39
2022,7,Toledo,Kent State,0.1411987838098883,21,True,52,31
2022,7,Bowling Green,Miami (OH),0.0937773088365317,4,True,17,13
2022,7,Western Michigan,Ohio,-0.2823958004222772,-19,False,14,33
2022,7,Marshall,Louisiana,0.1104427292339823,-10,False,13,23
2022,7,Coastal Carolina,Old Dominion,0.4480430296057527,-28,False,21,49
2022,7,Georgia Southern,James Madison,-0.1590203985638017,7,True,45,38
2022,7,South Alabama,UL Monroe,0.0728634414711348,7,True,41,34
2022,7,Southern Miss,Arkansas State,-0.1891375622978611,1,True,20,19
2022,7,Troy,Texas State,-0.0073784442834297,3,True,17,14
2022,7,UAB,Charlotte,0.2387008574445576,14,True,34,20
2022,7,Florida International,UTSA,-0.3139443688137844,-20,False,10,30
2022,7,Florida Atlantic,Rice,-0.022083928103736,3,True,17,14
2022,7,North Texas,Louisiana Tech,0.2644632059705954,20,True,47,27
2022,7,Middle Tennessee,Western Kentucky,-0.280219176511967,-18,False,17,35
2022,8,Alabama,Mississippi State,0.0226396919964045,24,True,30,6
2022,8,LSU,Ole Miss,-0.1834940597646429,25,True,45,20
2022,8,Missouri,Vanderbilt,-0.1724814565594776,3,True,17,14
2022,8,South Carolina,Texas A&M,0.020392503590217,6,True,30,24
2022,8,Stanford,Arizona State,-0.0416287182515509,1,True,15,14
2022,8,California,Washington,-0.3071472283014487,-7,False,21,28
2022,8,Oregon State,Colorado,0.0722829633594021,33,True,42,9
2022,8,Oregon,UCLA,-0.117225514807579,15,True,45,30
2022,8,Baylor,Kansas,-0.1462681182229714,12,True,35,23
2022,8,TCU,Kansas State,0.0643606359583885,10,True,38,28
2022,8,Oklahoma State,Texas,-0.1007779522304459,7,True,41,34
2022,8,Texas Tech,West Virginia,-0.1128026314964029,38,True,48,10
2022,8,Notre Dame,UNLV,-0.1279196577080474,23,True,44,21
2022,8,Army,UL Monroe,0.1295197744604009,24,True,48,24
2022,8,Liberty,BYU,-0.1988711881304397,27,True,41,14
2022,8,Wisconsin,Purdue,-0.1079502284179338,11,True,35,24
2022,8,Maryland,Northwestern,0.321022277833203,7,True,31,24
2022,8,Ohio State,Iowa,0.5504341890495729,44,True,54,10
2022,8,Penn State,Minnesota,0.0421083887873732,28,True,45,17
2022,8,Rutgers,Indiana,-0.0994045428632649,7,True,24,17
2022,8,Georgia Tech,Virginia,0.0232103332200323,-7,False,9,16
2022,8,Clemson,Syracuse,0.0987386813353866,6,True,27,21
2022,8,Louisville,Pittsburgh,0.0072908880374666,14,True,24,10
2022,8,Miami,Duke,-0.0674232704459786,-24,False,21,45
2022,8,Wake Forest,Boston College,0.3355996658375034,28,True,43,15
2022,8,Air Force,Boise State,0.2363468183259456,-5,False,14,19
2022,8,Colorado State,Hawai'i,-0.2426861080816285,4,True,17,13
2022,8,New Mexico,Fresno State,-0.1671845535138317,-32,False,9,41
2022,8,Wyoming,Utah State,-0.0184674420021568,14,True,28,14
2022,8,Nevada,San Diego State,0.0629359838517143,-16,False,7,23
2022,8,Temple,Tulsa,-0.2032511854614013,-11,False,16,27
2022,8,Tulane,Memphis,0.078985215556931,10,True,38,28
2022,8,Navy,Houston,0.0452935005151876,-18,False,20,38
2022,8,SMU,Cincinnati,-0.0540871777273834,-2,False,27,29
2022,8,East Carolina,UCF,-0.0678469785689634,21,True,34,13
2022,8,Ball State,Eastern Michigan,-0.1330195521159647,-4,False,16,20
2022,8,Ohio,Northern Illinois,0.0703970814734115,7,True,24,17
2022,8,Buffalo,Toledo,-0.1533450900730763,7,True,34,27
2022,8,Miami (OH),Western Michigan,-0.004961433942491,-6,False,10,16
2022,8,Kent State,Akron,0.0951689200595046,6,True,33,27
2022,8,Central Michigan,Bowling Green,-0.0650149874547266,-16,False,18,34
2022,8,App State,Georgia State,0.1353914073541287,25,True,42,17
2022,8,South Alabama,Troy,0.1904534952273398,-4,False,6,10
2022,8,James Madison,Marshall,0.0951649946561469,-14,False,12,26
2022,8,Old Dominion,Georgia Southern,-0.0577719010932812,-5,False,23,28
2022,8,Louisiana,Arkansas State,-0.0516266061888475,20,True,38,18
2022,8,Texas State,Southern Miss,0.1215833705920088,-6,False,14,20
2022,8,Charlotte,Florida International,0.2470392887422647,-19,False,15,34
2022,8,UTEP,Florida Atlantic,-0.1837573175276197,3,True,24,21
2022,8,Louisiana Tech,Rice,-0.1335609407286607,-1,False,41,42
2022,8,UTSA,North Texas,0.0705800602066797,4,True,31,27
2022,8,Western Kentucky,UAB,0.0565408635380029,3,True,20,17
2022,9,Auburn,Arkansas,-0.267720609123442,-14,False,27,41
2022,9,Georgia,Florida,0.1916161561530915,22,True,42,20
2022,9,South Carolina,Missouri,0.154438108273674,-13,False,10,23
2022,9,Tennessee,Kentucky,0.2494748414260294,38,True,44,6
2022,9,Texas A&M,Ole Miss,-0.3022977372614094,-3,False,28,31
2022,9,Arizona,USC,-0.3089500712433157,-8,False,37,45
2022,9,Colorado,Arizona State,-0.1709643072451529,-8,False,34,42
2022,9,California,Oregon,-0.4616467474034564,-18,False,24,42
2022,9,UCLA,Stanford,0.4534824152032642,25,True,38,13
2022,9,Washington State,Utah,-0.2547960001433104,-4,False,17,21
2022,9,Iowa State,Oklahoma,-0.3139558314593268,-14,False,13,27
2022,9,Texas Tech,Baylor,-0.1415808621618292,-28,False,17,45
2022,9,Kansas State,Oklahoma State,0.0600225498563276,48,True,48,0
2022,9,West Virginia,TCU,-0.1510133837546874,-10,False,31,41
2022,9,Syracuse,Notre Dame,0.0527672232719097,-17,False,24,41
2022,9,UConn,Boston College,0.1306379873533587,10,True,13,3
2022,9,Iowa,Northwestern,0.0165402927700045,20,True,33,13
2022,9,Minnesota,Rutgers,0.1407762033206962,31,True,31,0
2022,9,Nebraska,Illinois,-0.1406323076329534,-17,False,9,26
2022,9,Michigan,Michigan State,0.4232419162808619,22,True,29,7
2022,9,Penn State,Ohio State,-0.3449647178626877,-13,False,31,44
2022,9,Massachusetts,New Mexico State,-0.0211164851969996,-10,False,13,23
2022,9,NC State,Virginia Tech,0.1316819653370805,1,True,22,21
2022,9,Florida State,Georgia Tech,0.2126140708262092,25,True,41,16
2022,9,Louisville,Wake Forest,-0.0872245874733936,27,True,48,21
2022,9,North Carolina,Pittsburgh,0.1431658607455287,18,True,42,24
2022,9,Virginia,Miami,-0.0634893822010636,-2,False,12,14
2022,9,Boise State,Colorado State,0.2901648351516668,39,True,49,10
2022,9,Hawai'i,Wyoming,-0.0991619574500294,-7,False,20,27
2022,9,Fresno State,San Diego State,0.1792181036887578,4,True,32,28
2022,9,San José State,Nevada,0.2235739511980904,7,True,35,28
2022,9,Houston,South Florida,-0.057200613992773,15,True,42,27
2022,9,UCF,Cincinnati,0.0550932902586322,4,True,25,21
2022,9,BYU,East Carolina,0.1586702707644439,-3,False,24,27
2022,9,Navy,Temple,0.1684068566657804,7,True,27,20
2022,9,Tulsa,SMU,0.1577709683833336,-11,False,34,45
2022,9,Eastern Michigan,Toledo,-0.0594463816446269,-3,False,24,27
2022,9,Akron,Miami (OH),0.0982131571399537,-18,False,9,27
2022,9,Southern Miss,Louisiana,-0.1186378100961823,15,True,39,24
2022,9,Georgia State,Old Dominion,-0.0424152709948221,14,True,31,17
2022,9,Marshall,Coastal Carolina,-0.2648407074501127,-11,False,13,24
2022,9,Arkansas State,South Alabama,-0.1806198814517655,-28,False,3,31
2022,9,Rice,Charlotte,0.030841300082081,-33,False,23,56
2022,9,Florida International,Louisiana Tech,0.0132035952709716,8,True,42,34
2022,9,Florida Atlantic,UAB,-0.0817023986663955,7,True,24,17
2022,9,UTEP,Middle Tennessee,-0.0462612557130848,-11,False,13,24
2022,9,Western Kentucky,North Texas,0.1615119966772097,-27,False,13,40
2022,10,Arkansas,Liberty,0.2477776817471432,-2,False,19,21
2022,10,Georgia,Tennessee,-0.0274592595669193,14,True,27,13
2022,10,LSU,Alabama,-0.0743354868124224,1,True,32,31
2022,10,Mississippi State,Auburn,0.1607217824220486,6,True,39,33
2022,10,Missouri,Kentucky,-0.1578461795542041,-4,False,17,21
2022,10,Texas A&M,Florida,-0.0779832304303363,-17,False,24,41
2022,10,Vanderbilt,South Carolina,-0.0205897156635305,-11,False,27,38
2022,10,Utah,Arizona,0.1318492214973687,25,True,45,20
2022,10,Arizona State,UCLA,-0.4055604585475277,-14,False,36,50
2022,10,USC,California,0.4593857568473488,6,True,41,35
2022,10,Colorado,Oregon,-0.54929023616478,-39,False,10,49
2022,10,Washington,Oregon State,0.2395707437134028,3,True,24,21
2022,10,Stanford,Washington State,-0.0286218169434127,-38,False,14,52
2022,10,Oklahoma,Baylor,0.1850598419958401,-3,False,35,38
2022,10,Iowa State,West Virginia,-0.1535955674116142,17,True,31,14
2022,10,Kansas,Oklahoma State,0.1409357433906912,21,True,37,16
2022,10,Kansas State,Texas,-0.0111821224040223,-7,False,27,34
2022,10,TCU,Texas Tech,0.2498902549019651,10,True,34,24
2022,10,Notre Dame,Clemson,-0.0631066524373092,21,True,35,14
2022,10,Army,Air Force,-0.0660129882408106,-6,False,7,13
2022,10,UConn,Massachusetts,0.2192389352704875,17,True,27,10
2022,10,Illinois,Michigan State,0.1162692702008581,-8,False,15,23
2022,10,Nebraska,Minnesota,-0.0875254403561278,-7,False,13,20
2022,10,Northwestern,Ohio State,-0.5959362619202669,-14,False,7,21
2022,10,Purdue,Iowa,0.1553519762245839,-21,False,3,24
2022,10,Wisconsin,Maryland,-0.1041747511452585,13,True,23,10
2022,10,Indiana,Penn State,-0.1876470630328861,-31,False,14,45
2022,10,Rutgers,Michigan,-0.516824163225396,-35,False,17,52
2022,10,Boston College,Duke,-0.3402970232806061,-7,False,31,38
2022,10,Louisville,James Madison,0.0341677167105143,24,True,34,10
2022,10,Miami,Florida State,-0.1171230881101839,-42,False,3,45
2022,10,NC State,Wake Forest,-0.132191333582561,9,True,30,21
2022,10,Pittsburgh,Syracuse,-0.0532802673225395,10,True,19,9
2022,10,Virginia,North Carolina,-0.2380527949101025,-3,False,28,31
2022,10,Virginia Tech,Georgia Tech,0.0123753702832714,-1,False,27,28
2022,10,Boise State,BYU,-0.2019906898752676,-3,False,28,31
2022,10,San José State,Colorado State,0.3114969073387202,12,True,28,16
2022,10,Utah State,New Mexico,0.1749329398670707,17,True,27,10
2022,10,Fresno State,Hawai'i,0.0427733565511518,42,True,55,13
2022,10,San Diego State,UNLV,-0.2020521952535093,4,True,14,10
2022,10,Temple,South Florida,-0.2733664510211812,26,True,54,28
2022,10,Tulsa,Tulane,-0.0112855152633678,-14,False,13,27
2022,10,Cincinnati,Navy,0.0690507444060875,10,True,20,10
2022,10,Memphis,UCF,-0.0610065696980301,-7,False,28,35
2022,10,SMU,Houston,-0.0985331267337043,14,True,77,63
2022,10,Kent State,Ball State,0.1722543866831682,-7,False,20,27
2022,10,Ohio,Buffalo,-0.0092825871803327,21,True,45,24
2022,10,Northern Illinois,Central Michigan,0.1806989646513057,-13,False,22,35
2022,10,Bowling Green,Western Michigan,0.1633072614816375,4,True,13,9
2022,10,Coastal Carolina,App State,0.1722864463781249,7,True,35,28
2022,10,Georgia Southern,South Alabama,-0.0679067388109491,-7,False,31,38
2022,10,Old Dominion,Marshall,-0.0388758401224018,-12,False,0,12
2022,10,Louisiana,Troy,-0.120314599864845,-6,False,17,23
2022,10,UL Monroe,Texas State,-0.0083829075274906,1,True,31,30
2022,10,Southern Miss,Georgia State,-0.1110625359268195,-28,False,14,42
2022,10,Charlotte,Western Kentucky,-0.099995053536673,-52,False,7,59
2022,10,North Texas,Florida International,0.1647273241653845,38,True,52,14
2022,10,Louisiana Tech,Middle Tennessee,-0.0512160108647328,16,True,40,24
2022,10,Rice,UTEP,0.1072392093768646,7,True,37,30
2022,10,UAB,UTSA,-0.0513314368576118,-6,False,38,44
2022,11,Arkansas,LSU,0.0653030833596832,-3,False,10,13
2022,11,Auburn,Texas A&M,0.0248749564130378,3,True,13,10
2022,11,Florida,South Carolina,0.0074778194447111,32,True,38,6
2022,11,Kentucky,Vanderbilt,0.0476415974673366,-3,False,21,24
2022,11,Ole Miss,Alabama,0.0366985744757956,-6,False,24,30
2022,11,Mississippi State,Georgia,-0.2039129624512242,-26,False,19,45
2022,11,Tennessee,Missouri,0.4133127928690463,42,True,66,24
2022,11,USC,Colorado,0.5078858668507357,38,True,55,17
2022,11,UCLA,Arizona,0.3251340141975808,-6,False,28,34
2022,11,Washington State,Arizona State,-0.0291348742555657,10,True,28,18
2022,11,Oregon State,California,0.0880663761043284,28,True,38,10
2022,11,Oregon,Washington,0.1295964256868795,-3,False,34,37
2022,11,Utah,Stanford,0.2144055419827473,35,True,42,7
2022,11,Baylor,Kansas State,-0.0717119236754907,-28,False,3,31
2022,11,Oklahoma State,Iowa State,0.1107135203548592,6,True,20,14
2022,11,Texas Tech,Kansas,-0.4106050933254984,15,True,43,28
2022,11,West Virginia,Oklahoma,-0.2104697108395471,3,True,23,20
2022,11,Texas,TCU,0.0469503694607071,-7,False,10,17
2022,11,Navy,Notre Dame,-0.1771390110494202,-3,False,32,35
2022,11,Troy,Army,-0.0530992265377416,1,True,10,9
2022,11,UConn,Liberty,-0.0167301649763691,3,True,36,33
2022,11,Illinois,Purdue,0.0677226837293889,-7,False,24,31
2022,11,Iowa,Wisconsin,-0.10972368070908,14,True,24,10
2022,11,Minnesota,Northwestern,0.0895476551509971,28,True,31,3
2022,11,Michigan,Nebraska,0.4272770722806679,31,True,34,3
2022,11,Michigan State,Rutgers,0.2232123442364025,6,True,27,21
2022,11,Ohio State,Indiana,0.4849407889477778,42,True,56,14
2022,11,Penn State,Maryland,-0.0211564919166984,30,True,30,0
2022,11,Clemson,Louisville,-0.017371907007674,15,True,31,16
2022,11,Duke,Virginia Tech,0.3299703577834407,17,True,24,7
2022,11,Georgia Tech,Miami,-0.134547888628657,-21,False,14,35
2022,11,NC State,Boston College,0.2155020173291516,-1,False,20,21
2022,11,Syracuse,Florida State,-0.1359668597686812,-35,False,3,38
2022,11,Virginia,Pittsburgh,-0.0918640786298066,-30,False,7,37
2022,11,Wake Forest,North Carolina,-0.156615446512703,-2,False,34,36
2022,11,Arkansas State,Massachusetts,0.1491211036016169,2,True,35,33
2022,11,Nevada,Boise State,-0.2370546502015859,-38,False,3,41
2022,11,Air Force,New Mexico,0.3121351918091358,32,True,35,3
2022,11,Hawai'i,Utah State,-0.0267852546789633,-7,False,34,41
2022,11,Colorado State,Wyoming,-0.308617760979359,-1,False,13,14
2022,11,UNLV,Fresno State,0.0337736374117848,-7,False,30,37
2022,11,San Diego State,San José State,-0.1242280249212906,16,True,43,27
2022,11,Memphis,Tulsa,-0.0423916904493032,16,True,26,10
2022,11,Cincinnati,East Carolina,-0.0833447357589883,2,True,27,25
2022,11,Houston,Temple,0.1790079259748965,7,True,43,36
2022,11,South Florida,SMU,0.0761139061953852,-18,False,23,41
2022,11,Tulane,UCF,0.0096236023713621,-7,False,31,38
2022,11,Toledo,Ball State,0.2281959452799295,7,True,28,21
2022,11,Akron,Eastern Michigan,-0.0979689873379212,-6,False,28,34
2022,11,Miami (OH),Ohio,-0.2928497523278017,-16,False,21,37
2022,11,Western Michigan,Northern Illinois,-0.1783024726512927,-3,False,21,24
2022,11,Central Michigan,Buffalo,-0.1278515031333499,4,True,31,27
2022,11,Bowling Green,Kent State,-0.1127330973798268,-34,False,6,40
2022,11,Louisiana,Georgia Southern,-0.1393011387798456,19,True,36,17
2022,11,Coastal Carolina,Southern Miss,0.4263571196448471,3,True,26,23
2022,11,Georgia State,UL Monroe,0.0164349560513902,-3,False,28,31
2022,11,Marshall,App State,-0.112819571030675,7,True,28,21
2022,11,Old Dominion,James Madison,-0.1337355687665734,-34,False,3,37
2022,11,South Alabama,Texas State,0.1479430304683935,17,True,38,21
2022,11,Middle Tennessee,Charlotte,-0.0902004239373133,10,True,24,14
2022,11,Florida International,Florida Atlantic,-0.1481061830502031,-45,False,7,52
2022,11,UTSA,Louisiana Tech,0.2777609635826495,44,True,51,7
2022,11,UAB,North Texas,0.0048773633428211,20,True,41,21
2022,11,Western Kentucky,Rice,0.1916833894864298,35,True,45,10
2022,12,Arkansas,Ole Miss,-0.0293370411639768,15,True,42,27
2022,12,Kentucky,Georgia,-0.2639221629109066,-10,False,6,16
2022,12,Missouri,New Mexico State,0.1025779382900995,31,True,45,14
2022,12,South Carolina,Tennessee,-0.3068428780507882,25,True,63,38
2022,12,Texas A&M,Massachusetts,0.15099639084972,17,True,20,3
2022,12,Vanderbilt,Florida,-0.0360227129736429,7,True,31,24
2022,12,Arizona,Washington State,0.0833727618581463,-11,False,20,31
2022,12,Arizona State,Oregon State,-0.0242007491328274,-24,False,7,31
2022,12,California,Stanford,-0.1046800205289621,7,True,27,20
2022,12,Washington,Colorado,0.4364583030274436,47,True,54,7
2022,12,Oregon,Utah,0.2063678483085078,3,True,20,17
2022,12,UCLA,USC,0.0031858825358904,-3,False,45,48
2022,12,Baylor,TCU,-0.0465544601660323,-1,False,28,29
2022,12,Iowa State,Texas Tech,0.0005398791253843,-4,False,10,14
2022,12,Kansas,Texas,0.0797577747639712,-41,False,14,55
2022,12,West Virginia,Kansas State,-0.157507575553283,-17,False,31,48
2022,12,Oklahoma,Oklahoma State,0.1668467476527609,15,True,28,13
2022,12,Notre Dame,Boston College,0.3477510522614221,44,True,44,0
2022,12,Army,UConn,0.0741135811661608,17,True,34,17
2022,12,Liberty,Virginia Tech,0.1011025463094802,-1,False,22,23
2022,12,Minnesota,Iowa,0.0493898869563686,-3,False,10,13
2022,12,Nebraska,Wisconsin,-0.1908029820363475,-1,False,14,15
2022,12,Purdue,Northwestern,0.2042421178517512,8,True,17,9
2022,12,Maryland,Ohio State,-0.3081535259860502,-13,False,30,43
2022,12,Michigan,Illinois,0.2079706107974416,2,True,19,17
2022,12,Michigan State,Indiana,0.183053502198313,-8,False,31,39
2022,12,Rutgers,Penn State,-0.3107007514822854,-45,False,10,55
2022,12,Clemson,Miami,0.0671172252033196,30,True,40,10
2022,12,Florida State,Louisiana,0.2228694265208438,32,True,49,17
2022,12,Louisville,NC State,0.1275370629198116,15,True,25,10
2022,12,North Carolina,Georgia Tech,0.3961369105600326,-4,False,17,21
2022,12,Pittsburgh,Duke,-0.1421338294476681,2,True,28,26
2022,12,Wake Forest,Syracuse,0.1090385159562847,10,True,45,35
2022,12,Wyoming,Boise State,-0.1083885761360638,-3,False,17,20
2022,12,Air Force,Colorado State,0.3874027487106977,12,True,24,12
2022,12,Nevada,Fresno State,-0.2300592302378616,-27,False,14,41
2022,12,New Mexico,San Diego State,-0.1449812832039415,-24,False,10,34
2022,12,Utah State,San José State,-0.0869035514193187,4,True,35,31
2022,12,Hawai'i,UNLV,-0.0927956355785715,6,True,31,25
2022,12,Tulane,SMU,0.0694338420567045,35,True,59,24
2022,12,Tulsa,South Florida,-0.0308406614951562,6,True,48,42
2022,12,East Carolina,Houston,0.021658405673362,-39,False,3,42
2022,12,UCF,Navy,0.1587118276761931,-3,False,14,17
2022,12,Temple,Cincinnati,-0.0988174695938902,-20,False,3,23
2022,12,Toledo,Bowling Green,0.2070824041225598,-7,False,35,42
2022,12,Ball State,Ohio,-0.2259687482541476,-14,False,18,32
2022,12,Kent State,Eastern Michigan,0.0119256257437358,-7,False,24,31
2022,12,Central Michigan,Western Michigan,0.0674427407865176,-2,False,10,12
2022,12,Northern Illinois,Miami (OH),0.1767858278780308,-6,False,23,29
2022,12,App State,Old Dominion,0.1378197904354011,13,True,27,14
2022,12,Georgia Southern,Marshall,0.1540349763057721,-13,False,10,23
2022,12,James Madison,Georgia State,0.0843920394322386,2,True,42,40
2022,12,Southern Miss,South Alabama,-0.2518606669282914,-7,False,20,27
2022,12,Texas State,Arkansas State,-0.027195878438638,3,True,16,13
2022,12,Troy,UL Monroe,0.0713364365984065,18,True,34,16
2022,12,Charlotte,Louisiana Tech,0.071661467982456,5,True,26,21
2022,12,UTEP,Florida International,0.0265680437868135,34,True,40,6
2022,12,Middle Tennessee,Florida Atlantic,-0.2196375931923253,28,True,49,21
2022,12,Rice,UTSA,-0.2429323031584134,-34,False,7,41
2022,12,LSU,UAB,-0.0382374788271463,31,True,41,10
2022,12,Auburn,Western Kentucky,-0.2184428894041619,24,True,41,17
2022,13,Ole Miss,Mississippi State,0.0354693995791391,-2,False,22,24
2022,13,Alabama,Auburn,0.1617312802737174,22,True,49,27
2022,13,Florida State,Florida,0.136385777050976,7,True,45,38
2022,13,Georgia,Georgia Tech,0.4035626543966902,23,True,37,14
2022,13,Kentucky,Louisville,-0.0920099042826902,13,True,26,13
2022,13,Missouri,Arkansas,-0.2740260141298412,2,True,29,27
2022,13,Clemson,South Carolina,0.054233577603115,-1,False,30,31
2022,13,Texas A&M,LSU,-0.1955097093541957,15,True,38,23
2022,13,Vanderbilt,Tennessee,-0.2784740513987645,-56,False,0,56
2022,13,Arizona,Arizona State,0.071689572600947,3,True,38,35
2022,13,California,UCLA,-0.4765918118406496,-7,False,28,35
2022,13,Oregon State,Oregon,-0.291181121461783,4,True,38,34
2022,13,Colorado,Utah,-0.3183209115306768,-42,False,21,63
2022,13,Stanford,BYU,-0.3539851005551261,-9,False,26,35
2022,13,Washington State,Washington,-0.2403032675979702,-18,False,33,51
2022,13,Texas,Baylor,0.070573468312296,11,True,38,27
2022,13,TCU,Iowa State,0.2321424632768361,48,True,62,14
2022,13,Kansas State,Kansas,-0.0151471048984264,20,True,47,27
2022,13,Texas Tech,Oklahoma,-0.295638878122643,3,True,51,48
2022,13,Oklahoma State,West Virginia,-0.0596158969826983,-5,False,19,24
2022,13,USC,Notre Dame,0.1292416779610479,11,True,38,27
2022,13,Massachusetts,Army,-0.3631264453634226,-37,False,7,44
2022,13,Liberty,New Mexico State,0.1896957955364468,-35,False,14,49
2022,13,Iowa,Nebraska,0.043897863658897,-7,False,17,24
2022,13,Northwestern,Illinois,-0.2339839346214669,-38,False,3,41
2022,13,Wisconsin,Minnesota,-0.0016185568054385,-7,False,16,23
2022,13,Indiana,Purdue,-0.1908126825247257,-14,False,16,30
2022,13,Maryland,Rutgers,0.2940455275222892,37,True,37,0
2022,13,Ohio State,Michigan,0.131666272041721,-22,False,23,45
2022,13,Penn State,Michigan State,0.1119176115334295,19,True,35,16
2022,13,North Carolina,NC State,0.2553535214955674,-3,False,27,30
2022,13,Boston College,Syracuse,-0.228395076051967,-9,False,23,32
2022,13,Duke,Wake Forest,0.0656221401733126,3,True,34,31
2022,13,Miami,Pittsburgh,0.0378017659069543,-26,False,16,42
2022,13,San Diego State,Air Force,-0.1816558574094913,-10,False,3,13
2022,13,Colorado State,New Mexico,-0.0146539569821791,17,True,17,0
2022,13,Boise State,Utah State,0.1918538374104804,19,True,42,23
2022,13,Fresno State,Wyoming,0.0887636082498873,30,True,30,0
2022,13,San José State,Hawai'i,0.0792524110357543,13,True,27,14
2022,13,UNLV,Nevada,0.1575015846534018,5,True,27,22
2022,13,Temple,East Carolina,-0.2247387828075443,-3,False,46,49
2022,13,Cincinnati,Tulane,-0.0886956262788854,-3,False,24,27
2022,13,SMU,Memphis,0.024987486903651,3,True,34,31
2022,13,South Florida,UCF,0.0010665093208167,-7,False,39,46
2022,13,Houston,Tulsa,0.0720374109383888,-7,False,30,37
2022,13,Miami (OH),Ball State,-0.0325526246542878,1,True,18,17
2022,13,Ohio,Bowling Green,0.1959259834094143,24,True,38,14
2022,13,Eastern Michigan,Central Michigan,0.1662329900653003,19,True,38,19
2022,13,Western Michigan,Toledo,-0.1811178771933219,6,True,20,14
2022,13,Northern Illinois,Akron,0.1042416329575626,-32,False,12,44
2022,13,Buffalo,Kent State,-0.0953152807671275,-3,False,27,30
2022,13,Georgia Southern,App State,-0.0119226382523446,3,True,51,48
2022,13,James Madison,Coastal Carolina,-0.1451853022186589,40,True,47,7
2022,13,Arkansas State,Troy,-0.028658555657785,-29,False,19,48
2022,13,UL Monroe,Southern Miss,0.0193584283642006,-10,False,10,20
2022,13,Texas State,Louisiana,0.0048898815591512,-28,False,13,41
2022,13,South Alabama,Old Dominion,0.217798804581327,7,True,27,20
2022,13,Marshall,Georgia State,-0.063958992556654,5,True,28,23
2022,13,Florida International,Middle Tennessee,-0.1277687150445172,-5,False,28,33
2022,13,Florida Atlantic,Western Kentucky,-0.1677955359711088,-1,False,31,32
2022,13,Louisiana Tech,UAB,-0.277999990896768,-10,False,27,37
2022,13,North Texas,Rice,0.1354374722608605,4,True,21,17
2022,13,UTSA,UTEP,0.3112625222146579,3,True,34,31
2023,4,Alabama,Ole Miss,-0.1156093146300841,14,True,24,10
2023,4,Florida,Charlotte,0.1850895270965912,15,True,22,7
2023,4,Georgia,UAB,0.1213809208948064,28,True,49,21
2023,4,Hawai'i,New Mexico State,-0.2464090181036378,3,True,20,17
2023,4,Houston,Sam Houston,-0.0992608202406717,31,True,38,7
2023,4,Illinois,Florida Atlantic,0.4914580170757218,6,True,23,17
2023,4,Indiana,Akron,-0.0844880773430288,2,True,29,27
2023,4,Jacksonville State,Eastern Michigan,-0.0059440153350477,21,True,21,0
2023,4,LSU,Arkansas,0.1536076355318021,3,True,34,31
2023,4,Missouri,Memphis,0.331491408407516,7,True,34,27
2023,4,Michigan,Rutgers,0.1641858939768531,24,True,31,7
2023,4,Michigan State,Maryland,-0.1772106064768812,-22,False,9,31
2023,4,Middle Tennessee,Colorado State,0.0230305377071968,-8,False,23,31
2023,4,Nebraska,Louisiana Tech,0.0612764153592152,14,True,28,14
2023,4,Northwestern,Minnesota,-0.0208070006047377,3,True,37,34
2023,4,Penn State,Iowa,0.1450073828795675,31,True,31,0
2023,4,Purdue,Wisconsin,0.0700608271123027,-21,False,17,38
2023,4,South Carolina,Mississippi State,0.1628856275095192,7,True,37,30
2023,4,Syracuse,Army,0.1681675804083838,13,True,29,16
2023,4,Tennessee,UTSA,-0.0522668971170681,31,True,45,14
2023,4,Texas A&M,Auburn,0.0988315127100956,17,True,27,10
2023,4,Troy,Western Kentucky,-0.2692019228209247,3,True,27,24
2023,4,UConn,Duke,-0.4113959821832902,-34,False,7,41
2023,4,UTEP,UNLV,-0.0412546642308557,-17,False,28,45
2023,4,Vanderbilt,Kentucky,-0.2658755093421422,-17,False,28,45
2023,4,Florida International,Liberty,-0.4142097364538054,-32,False,6,38
2023,4,Notre Dame,Ohio State,0.0298082071121305,-3,False,14,17
2023,4,Arizona State,USC,-0.6664606756194931,-14,False,28,42
2023,4,Oregon,Colorado,0.0930177186144347,36,True,42,6
2023,4,Stanford,Arizona,-0.0352828656079105,-1,False,20,21
2023,4,Utah,UCLA,-0.1278615801702523,7,True,14,7
2023,4,Washington,California,0.1117426798750812,27,True,59,32
2023,4,Washington State,Oregon State,-0.0364402248270586,3,True,38,35
2023,4,Virginia,NC State,-0.0363778075500928,-3,False,21,24
2023,4,Louisville,Boston College,0.0919275908080687,28,True,56,28
2023,4,Clemson,Florida State,-0.0671097471373864,-7,False,24,31
2023,4,Wake Forest,Georgia Tech,-0.0102302290846419,-14,False,16,30
2023,4,Temple,Miami,-0.1780634701632235,-34,False,7,41
2023,4,Pittsburgh,North Carolina,-0.3506554420642008,-17,False,24,41
2023,4,Marshall,Virginia Tech,-0.0478811699286206,7,True,24,17
2023,4,Baylor,Texas,-0.2855856581012031,-32,False,6,38
2023,4,Cincinnati,Oklahoma,-0.5131868972282896,-14,False,6,20
2023,4,Iowa State,Oklahoma State,0.1313801574208218,7,True,34,27
2023,4,Kansas,BYU,-0.1341140173514315,11,True,38,27
2023,4,Kansas State,UCF,-0.0567281735608253,13,True,44,31
2023,4,TCU,SMU,-0.0220147305280833,17,True,34,17
2023,4,West Virginia,Texas Tech,-0.1128180132006156,7,True,20,13
2023,4,Massachusetts,New Mexico,0.1073448765085419,-3,False,31,34
2023,4,Northern Illinois,Tulsa,0.0385754724852253,-8,False,14,22
2023,4,South Florida,Rice,-0.3966036985446308,13,True,42,29
2023,4,Coastal Carolina,Georgia State,-0.2012131621770203,-13,False,17,30
2023,4,Wyoming,App State,-0.2320368358763017,3,True,22,19
2023,4,Ball State,Georgia Southern,-0.1808365411189778,-37,False,3,40
2023,4,Utah State,James Madison,-0.0353207190042034,-7,False,38,45
2023,4,Arkansas State,Southern Miss,-0.6718216207631916,7,True,44,37
2023,4,Louisiana,Buffalo,0.0165834037000305,7,True,45,38
2023,4,South Alabama,Central Michigan,0.2530728353202762,-4,False,30,34
2023,4,Texas State,Nevada,0.1773233150460334,11,True,35,24
2023,4,Bowling Green,Ohio,-0.228974722647573,-31,False,7,38
2023,4,Toledo,Western Michigan,-0.1454457085085888,18,True,49,31
2023,4,Fresno State,Kent State,0.3466312308831434,43,True,53,10
2023,4,San Diego State,Boise State,0.1167726176471274,-3,False,31,34
2023,4,San José State,Air Force,-0.3177632988319613,-25,False,20,45
2023,5,Sam Houston,Jacksonville State,-0.2780924854851732,-7,False,28,35
2023,5,Western Kentucky,Middle Tennessee,0.049980532866857,21,True,31,10
2023,5,UTEP,Louisiana Tech,-0.092169027805422,-14,False,10,24
2023,5,Arkansas,Texas A&M,-0.2632452334263311,-12,False,22,34
2023,5,Auburn,Georgia,-0.1859089292033612,-7,False,20,27
2023,5,Iowa,Michigan State,0.0831581227803797,10,True,26,16
2023,5,Kentucky,Florida,-0.1352078486735975,19,True,33,14
2023,5,Maryland,Indiana,0.1236544250365156,27,True,44,17
2023,5,Minnesota,Louisiana,-0.1338011268699475,11,True,35,24
2023,5,Mississippi State,Alabama,-0.1026652032720309,-23,False,17,40
2023,5,Nebraska,Michigan,-0.2415247798944005,-38,False,7,45
2023,5,Northwestern,Penn State,-0.342044920520314,-28,False,13,41
2023,5,Ole Miss,LSU,-0.0441999157264368,6,True,55,49
2023,5,Purdue,Illinois,-0.061160357975271,25,True,44,19
2023,5,Tennessee,South Carolina,-0.0783104221813706,21,True,41,20
2023,5,UConn,Utah State,-0.0200765210943172,-1,False,33,34
2023,5,Vanderbilt,Missouri,-0.2971697413195792,-17,False,21,38
2023,5,Oregon State,Utah,0.0520748732597729,14,True,21,7
2023,5,Arizona,Washington,-0.4330409657923703,-7,False,24,31
2023,5,California,Arizona State,0.0831124097281468,3,True,24,21
2023,5,Colorado,USC,-0.3275902702758455,-7,False,41,48
2023,5,Stanford,Oregon,-0.2239036171417086,-36,False,6,42
2023,5,Duke,Notre Dame,-0.0991129781453817,-7,False,14,21
2023,5,NC State,Louisville,-0.2202226108747787,-3,False,10,13
2023,5,Boston College,Virginia,-0.0754494946601909,3,True,27,24
2023,5,Syracuse,Clemson,-0.0150424243661098,-17,False,14,31
2023,5,Georgia Tech,Bowling Green,0.3989908631345136,-11,False,27,38
2023,5,Virginia Tech,Pittsburgh,0.1321614372525991,17,True,38,21
2023,5,BYU,Cincinnati,-0.0696774703425196,8,True,35,27
2023,5,Oklahoma,Iowa State,0.4630400212742595,30,True,50,20
2023,5,TCU,West Virginia,0.2288456776439882,-3,False,21,24
2023,5,Texas,Kansas,0.1510446067906485,26,True,40,14
2023,5,Texas Tech,Houston,0.1762712338883937,21,True,49,28
2023,5,UCF,Baylor,0.0399199140025993,-1,False,35,36
2023,5,Massachusetts,Arkansas State,0.0643773553632874,-24,False,28,52
2023,5,Tulsa,Temple,-0.0469029113036637,22,True,48,26
2023,5,Tulane,UAB,0.0811742713288335,12,True,35,23
2023,5,SMU,Charlotte,0.2538869649354012,18,True,34,16
2023,5,Rice,East Carolina,0.3348986617690486,7,True,24,17
2023,5,Navy,South Florida,0.0958557531202699,-14,False,30,44
2023,5,Memphis,Boise State,-0.1734141508562798,3,True,35,32
2023,5,Georgia Southern,Coastal Carolina,-0.1736136429794905,10,True,38,28
2023,5,Georgia State,Troy,0.277455656523738,-21,False,7,28
2023,5,James Madison,South Alabama,-0.0636395766066787,8,True,31,23
2023,5,Marshall,Old Dominion,-0.1749618911559143,6,True,41,35
2023,5,UL Monroe,App State,-0.4325983446847879,-1,False,40,41
2023,5,Southern Miss,Texas State,-0.0721325211634612,-14,False,36,50
2023,5,Western Michigan,Ball State,0.1980716900714069,18,True,42,24
2023,5,Central Michigan,Eastern Michigan,0.1348198616547052,3,True,26,23
2023,5,Toledo,Northern Illinois,0.2178316518900396,2,True,35,33
2023,5,Akron,Buffalo,-0.0089765323604889,-3,False,10,13
2023,5,Kent State,Miami (OH),-0.405629941640578,-20,False,3,23
2023,5,UNLV,Hawai'i,0.2804176688657099,24,True,44,20
2023,5,Fresno State,Nevada,0.1866102315057773,18,True,27,9
2023,5,Wyoming,New Mexico,-0.0376853152318202,9,True,35,26
2023,5,Air Force,San Diego State,0.0888729649969046,39,True,49,10
2023,6,Middle Tennessee,Jacksonville State,-0.0040438998098744,-15,False,30,45
2023,6,Louisiana Tech,Western Kentucky,-0.1566676612137151,-7,False,28,35
2023,6,Liberty,Sam Houston,0.4981521717452374,5,True,21,16
2023,6,New Mexico State,Florida International,0.1471209179063944,17,True,34,17
2023,6,Army,Boston College,-0.0263552106865297,-3,False,24,27
2023,6,Florida,Vanderbilt,0.1147337099037104,24,True,38,14
2023,6,Georgia,Kentucky,0.0793865777579309,38,True,51,13
2023,6,Illinois,Nebraska,0.0441617382609575,-13,False,7,20
2023,6,Iowa,Purdue,-0.1086034435380423,6,True,20,14
2023,6,Minnesota,Michigan,-0.3434805371174249,-42,False,10,52
2023,6,Mississippi State,Western Michigan,-0.0738016247273891,13,True,41,28
2023,6,Missouri,LSU,0.0498355226469338,-10,False,39,49
2023,6,Ohio State,Maryland,0.1146185418678559,20,True,37,17
2023,6,Ole Miss,Arkansas,0.256580568644417,7,True,27,20
2023,6,Rice,UConn,0.1560496382945796,-7,False,31,38
2023,6,Texas A&M,Alabama,0.2130500353504343,-6,False,20,26
2023,6,Wisconsin,Rutgers,-0.0374804625366919,11,True,24,13
2023,6,USC,Arizona,0.5518622796708265,2,True,43,41
2023,6,Arizona State,Colorado,-0.0722978769472788,-3,False,24,27
2023,6,California,Oregon State,-0.2651845579862825,-12,False,40,52
2023,6,UCLA,Washington State,-0.3045314125414426,8,True,25,17
2023,6,Louisville,Notre Dame,-0.1601329562506759,13,True,33,20
2023,6,Clemson,Wake Forest,0.2437087496516218,5,True,17,12
2023,6,Florida State,Virginia Tech,0.1500555880319751,22,True,39,17
2023,6,Miami,Georgia Tech,0.2129024444336206,-3,False,20,23
2023,6,North Carolina,Syracuse,0.0821772168155349,33,True,40,7
2023,6,NC State,Marshall,-0.0336819425772793,7,True,48,41
2023,6,Oklahoma State,Kansas State,-0.3550229763226801,8,True,29,21
2023,6,Baylor,Texas Tech,-0.1632515449097042,-25,False,14,39
2023,6,Iowa State,TCU,-0.148131664411359,13,True,27,14
2023,6,Kansas,UCF,0.1358294507828177,29,True,51,22
2023,6,Texas,Oklahoma,-0.1994213343903847,-4,False,30,34
2023,6,Massachusetts,Toledo,-0.2079623899554639,-17,False,24,41
2023,6,Florida Atlantic,Tulsa,-0.1284085766552419,3,True,20,17
2023,6,UAB,South Florida,0.0634726616812752,21,True,56,35
2023,6,Temple,UTSA,0.0102185255144749,-15,False,34,49
2023,6,Navy,North Texas,-0.0143351155517209,3,True,27,24
2023,6,Louisiana,Texas State,0.068102360189269,4,True,34,30
2023,6,UL Monroe,South Alabama,-0.0127180813327028,-48,False,7,55
2023,6,Southern Miss,Old Dominion,-0.1028122496855558,-4,False,13,17
2023,6,Troy,Arkansas State,0.1097272472006413,34,True,37,3
2023,6,Eastern Michigan,Ball State,-0.0079614888824557,14,True,24,10
2023,6,Buffalo,Central Michigan,-0.1000711884271598,24,True,37,13
2023,6,Miami (OH),Bowling Green,0.2835095039604506,27,True,27,0
2023,6,Ohio,Kent State,0.1003549022351744,25,True,42,17
2023,6,Akron,Northern Illinois,-0.077513756785071,-41,False,14,55
2023,6,Utah State,Colorado State,-0.0744997971356114,20,True,44,24
2023,6,Wyoming,Fresno State,-0.1287069666962817,5,True,24,19
2023,6,Boise State,San José State,0.0614937854539665,8,True,35,27
2023,7,Jacksonville State,Liberty,-0.2968010102050937,-18,False,13,31
2023,7,Middle Tennessee,Louisiana Tech,0.1162056200182066,8,True,31,23
2023,7,Florida International,UTEP,-0.0011239384733586,-13,False,14,27
2023,7,New Mexico State,Sam Houston,0.1405017378994311,14,True,27,13
2023,7,Alabama,Arkansas,0.1197655661438439,3,True,24,21
2023,7,Army,Troy,-0.1974817781118165,-19,False,0,19
2023,7,Kentucky,Missouri,-0.202033310720969,-17,False,21,38
2023,7,LSU,Auburn,0.3253533255799973,30,True,48,18
2023,7,Maryland,Illinois,-0.0468232691964067,-3,False,24,27
2023,7,Michigan,Indiana,0.4926160782296013,45,True,52,7
2023,7,Penn State,Massachusetts,0.1377240684430885,63,True,63,0
2023,7,Purdue,Ohio State,-0.2217743892924965,-34,False,7,41
2023,7,Rutgers,Michigan State,0.145642180169099,3,True,27,24
2023,7,South Carolina,Florida,-0.0762453899017779,-2,False,39,41
2023,7,Tennessee,Texas A&M,-0.1863788554951736,7,True,20,13
2023,7,Vanderbilt,Georgia,-0.3585783066980607,-17,False,20,37
2023,7,Wisconsin,Iowa,0.268889722582579,-9,False,6,15
2023,7,Colorado,Stanford,0.0317907490485111,-3,False,43,46
2023,7,Washington State,Arizona,0.0897752667074359,-38,False,6,44
2023,7,Notre Dame,USC,-0.200220990363335,28,True,48,20
2023,7,Oregon State,UCLA,0.157725970316347,12,True,36,24
2023,7,Utah,California,0.0111659577577537,20,True,34,14
2023,7,Washington,Oregon,0.2162783601944736,3,True,36,33
2023,7,Duke,NC State,0.2314292178971184,21,True,24,3
2023,7,Florida State,Syracuse,0.1453721540262166,38,True,41,3
2023,7,Pittsburgh,Louisville,-0.3780291809007087,17,True,38,21
2023,7,North Carolina,Miami,0.1288701241454733,10,True,41,31
2023,7,Virginia Tech,Wake Forest,0.0453436034302687,17,True,30,13
2023,7,Houston,West Virginia,-0.0673721920269224,2,True,41,39
2023,7,Cincinnati,Iowa State,-0.0775437319113883,-20,False,10,30
2023,7,Oklahoma State,Kansas,-0.3459172046719226,7,True,39,32
2023,7,TCU,BYU,0.0763970952155001,33,True,44,11
2023,7,Texas Tech,Kansas State,0.095488152777191,-17,False,21,38
2023,7,Memphis,Tulane,-0.2281618393448672,-10,False,21,31
2023,7,UTSA,UAB,-0.174388762255351,21,True,41,20
2023,7,North Texas,Temple,0.0439285878414053,31,True,45,14
2023,7,Charlotte,Navy,-0.181811665209238,-14,False,0,14
2023,7,East Carolina,SMU,-0.204480741455262,-21,False,10,31
2023,7,South Florida,Florida Atlantic,0.0356019308421501,-42,False,14,56
2023,7,App State,Coastal Carolina,0.0872803694503756,-3,False,24,27
2023,7,Georgia State,Marshall,0.1792868347645243,17,True,41,24
2023,7,James Madison,Georgia Southern,0.1687789123995615,28,True,41,13
2023,7,Texas State,UL Monroe,0.0948846750983037,1,True,21,20
2023,7,Ball State,Toledo,-0.2933496084742211,-7,False,6,13
2023,7,Central Michigan,Akron,0.042779187807186,7,True,17,10
2023,7,Buffalo,Bowling Green,0.0429074913381444,-10,False,14,24
2023,7,Eastern Michigan,Kent State,0.0825473972063728,14,True,28,14
2023,7,Western Michigan,Miami (OH),-0.1094408736729508,-13,False,21,34
2023,7,Northern Illinois,Ohio,0.1118541014793417,10,True,23,13
2023,7,Colorado State,Boise State,-0.1022410680114421,1,True,31,30
2023,7,Utah State,Fresno State,-0.0421283058418074,-5,False,32,37
2023,7,Hawai'i,San Diego State,-0.2650317450927146,-7,False,34,41
2023,7,New Mexico,San José State,0.0410163666153453,-28,False,24,52
2023,7,Nevada,UNLV,-0.1673491368149681,-18,False,27,45
2023,7,Air Force,Wyoming,0.1439209854805842,7,True,34,27
2023,8,Jacksonville State,Western Kentucky,-0.0277903726646682,3,True,20,17
2023,8,Liberty,Middle Tennessee,0.3426404636505729,7,True,42,35
2023,8,Sam Houston,Florida International,0.0543450062810926,-6,False,27,33
2023,8,UTEP,New Mexico State,-0.2013141085218503,-21,False,7,28
2023,8,Alabama,Tennessee,0.0150544805080501,14,True,34,20
2023,8,Arkansas,Mississippi State,-0.0532346136898497,-4,False,3,7
2023,8,Auburn,Ole Miss,-0.2206701033298893,-7,False,21,28
2023,8,Illinois,Wisconsin,-0.0762414487567095,-4,False,21,25
2023,8,Indiana,Rutgers,-0.1120511963862455,-17,False,14,31
2023,8,Iowa,Minnesota,-0.0803999563480276,-2,False,10,12
2023,8,LSU,Army,0.3751452561773703,62,True,62,0
2023,8,Michigan State,Michigan,-0.4247399755542921,-49,False,0,49
2023,8,Missouri,South Carolina,0.1194252757658557,22,True,34,12
2023,8,Nebraska,Northwestern,0.2218974163897331,8,True,17,9
2023,8,Ohio State,Penn State,0.2379131045043628,8,True,20,12
2023,8,UConn,South Florida,0.0193888566094787,-3,False,21,24
2023,8,Oregon,Washington State,0.2735870151059673,14,True,38,24
2023,8,Stanford,UCLA,0.0344152328193775,-35,False,7,42
2023,8,USC,Utah,0.3362723846100414,-2,False,32,34
2023,8,Washington,Arizona State,0.5931359920841784,8,True,15,7
2023,8,Georgia Tech,Boston College,0.0768412312792599,-15,False,23,38
2023,8,Miami,Clemson,-0.0731741552588373,8,True,28,20
2023,8,Florida State,Duke,0.1032330377977532,18,True,38,20
2023,8,North Carolina,Virginia,0.2142428283955748,-4,False,27,31
2023,8,Wake Forest,Pittsburgh,0.0056207474503032,4,True,21,17
2023,8,BYU,Texas Tech,-0.1072477561112356,13,True,27,14
2023,8,Cincinnati,Baylor,0.2189338891280793,-3,False,29,32
2023,8,Houston,Texas,-0.2491879364804639,-7,False,24,31
2023,8,Kansas State,TCU,-0.1485562032134676,38,True,41,3
2023,8,Oklahoma,UCF,0.3637029043202364,2,True,31,29
2023,8,West Virginia,Oklahoma State,0.043081145800063,-14,False,34,48
2023,8,Tulsa,Rice,-0.1574055932735368,-32,False,10,42
2023,8,Tulane,North Texas,0.0990868262048598,7,True,35,28
2023,8,UAB,Memphis,0.1055867473937633,-24,False,21,45
2023,8,Temple,SMU,-0.1006294605010679,-55,False,0,55
2023,8,Florida Atlantic,UTSA,-0.0528323243240578,-26,False,10,36
2023,8,East Carolina,Charlotte,0.0566659497014299,-3,False,7,10
2023,8,Navy,Air Force,-0.2313912773239356,-11,False,6,17
2023,8,South Alabama,Southern Miss,0.2094459166999832,52,True,55,3
2023,8,Marshall,James Madison,-0.1892364396507791,-11,False,9,20
2023,8,Georgia Southern,UL Monroe,0.0269986512989261,10,True,38,28
2023,8,Old Dominion,App State,-0.1147643290584047,7,True,28,21
2023,8,Arkansas State,Coastal Carolina,-0.1501295272457929,-10,False,17,27
2023,8,Louisiana,Georgia State,-0.0541819323167774,-3,False,17,20
2023,8,Ball State,Central Michigan,-0.0381105946890059,7,True,24,17
2023,8,Northern Illinois,Eastern Michigan,0.2825219671504619,7,True,20,13
2023,8,Miami (OH),Toledo,-0.0755112700561266,-4,False,17,21
2023,8,Ohio,Western Michigan,0.0540510667044226,3,True,20,17
2023,8,Bowling Green,Akron,0.04655780220071,27,True,41,14
2023,8,Kent State,Buffalo,-0.1403691740944551,-18,False,6,24
2023,8,UNLV,Colorado State,0.2015066626188157,2,True,25,23
2023,8,New Mexico,Hawai'i,0.167265047903045,21,True,42,21
2023,8,San Diego State,Nevada,0.1697215761451287,-6,False,0,6
2023,8,San José State,Utah State,-0.0843396557344793,21,True,42,21
2023,9,Louisiana Tech,New Mexico State,-0.2907265021803237,-3,False,24,27
2023,9,Western Kentucky,Liberty,-0.335478605422222,-13,False,29,42
2023,9,Florida International,Jacksonville State,-0.2010983112392389,-25,False,16,41
2023,9,Sam Houston,UTEP,-0.063068082471375,-3,False,34,37
2023,9,Army,Massachusetts,-0.0257664698336379,-7,False,14,21
2023,9,Auburn,Mississippi State,-0.0116743743695537,14,True,27,13
2023,9,Boston College,UConn,0.0402578575509362,7,True,21,14
2023,9,Florida,Georgia,-0.1353978115739798,-23,False,20,43
2023,9,Kentucky,Tennessee,-0.0572414779017987,-6,False,27,33
2023,9,Minnesota,Michigan State,0.0645554684023274,15,True,27,12
2023,9,Nebraska,Purdue,0.0485281934612159,17,True,31,14
2023,9,Northwestern,Maryland,-0.2501293901618102,6,True,33,27
2023,9,Ole Miss,Vanderbilt,0.2609982751450998,26,True,33,7
2023,9,Penn State,Indiana,0.0543314060763474,9,True,33,24
2023,9,Texas A&M,South Carolina,0.1172260219699394,13,True,30,17
2023,9,Wisconsin,Ohio State,-0.1396203799826694,-14,False,10,24
2023,9,Arizona,Oregon State,-0.1135964006178062,3,True,27,24
2023,9,Arizona State,Washington State,-0.0995201045553804,11,True,38,27
2023,9,California,USC,-0.4182709707769381,-1,False,49,50
2023,9,Stanford,Washington,-0.4082250994224008,-9,False,33,42
2023,9,UCLA,Colorado,-0.1080162031565307,12,True,28,16
2023,9,Utah,Oregon,-0.3481457519670042,-29,False,6,35
2023,9,Notre Dame,Pittsburgh,0.3055581280310839,51,True,58,7
2023,9,Virginia Tech,Syracuse,0.0161133426325316,28,True,38,10
2023,9,NC State,Clemson,-0.2314829102374531,7,True,24,17
2023,9,Louisville,Duke,0.0703376267390159,23,True,23,0
2023,9,Wake Forest,Florida State,-0.3707254301454042,-25,False,16,41
2023,9,Georgia Tech,North Carolina,-0.1910255775013483,4,True,46,42
2023,9,Miami,Virginia,0.0265957696829665,3,True,29,26
2023,9,Baylor,Iowa State,-0.2455299714419187,-12,False,18,30
2023,9,Kansas,Oklahoma,-0.0947495934419765,5,True,38,33
2023,9,Kansas State,Houston,0.1454246603848447,41,True,41,0
2023,9,Oklahoma State,Cincinnati,-0.053110778719527,32,True,45,13
2023,9,Texas,BYU,0.2353077034909102,29,True,35,6
2023,9,UCF,West Virginia,0.0345123372300156,-13,False,28,41
2023,9,SMU,Tulsa,0.1838183413815746,59,True,69,10
2023,9,Rice,Tulane,0.0800184556541413,-2,False,28,30
2023,9,UTSA,East Carolina,0.257312568581568,14,True,41,27
2023,9,Charlotte,Florida Atlantic,-0.1169852193406576,-22,False,16,38
2023,9,North Texas,Memphis,-0.0139723088606442,-3,False,42,45
2023,9,App State,Southern Miss,0.2629137198627952,10,True,48,38
2023,9,Coastal Carolina,Marshall,0.0747415101656231,28,True,34,6
2023,9,James Madison,Old Dominion,0.2390996634543539,3,True,30,27
2023,9,UL Monroe,Arkansas State,0.0602824425766337,-10,False,24,34
2023,9,South Alabama,Louisiana,-0.0138672846194235,-13,False,20,33
2023,9,Texas State,Troy,-0.1133837719080711,-18,False,13,31
2023,9,Georgia Southern,Georgia State,-0.1931555233986364,17,True,44,27
2023,9,Eastern Michigan,Western Michigan,-0.1261273466399083,-24,False,21,45
2023,9,Ohio,Miami (OH),-0.011419400954925,-14,False,16,30
2023,9,Colorado State,Air Force,-0.3059278831554067,-17,False,13,30
2023,9,Nevada,New Mexico,-0.2497698624657243,10,True,34,24
2023,9,Hawai'i,San José State,-0.2257737297727486,-35,False,0,35
2023,9,Fresno State,UNLV,-0.0377036013668806,7,True,31,24
2023,9,Boise State,Wyoming,0.0090532586595372,25,True,32,7
2023,10,Air Force,Army,0.2850251686677315,-20,False,3,23
2023,10,Alabama,LSU,-0.2811418955935132,14,True,42,28
2023,10,Florida,Arkansas,0.2342679001293131,-3,False,36,39
2023,10,Georgia,Missouri,0.0699928891042593,9,True,30,21
2023,10,Indiana,Wisconsin,-0.079282709372139,6,True,20,14
2023,10,Liberty,Louisiana Tech,0.5132786236160471,26,True,56,30
2023,10,Maryland,Penn State,0.0245035959996422,-36,False,15,51
2023,10,Michigan,Purdue,0.4516487086735453,28,True,41,13
2023,10,Michigan State,Nebraska,-0.0973334295684788,3,True,20,17
2023,10,Minnesota,Illinois,-0.1143757823813731,-1,False,26,27
2023,10,Mississippi State,Kentucky,-0.2270594071898034,-21,False,3,24
2023,10,New Mexico State,Middle Tennessee,0.110276853133544,6,True,13,7
2023,10,Northwestern,Iowa,0.0811921555034934,-3,False,7,10
2023,10,Ole Miss,Texas A&M,0.0195627060076972,3,True,38,35
2023,10,Rutgers,Ohio State,-0.238948771154221,-19,False,16,35
2023,10,South Carolina,Jacksonville State,-0.0327181720095571,10,True,38,28
2023,10,Tennessee,UConn,0.2266584814154544,56,True,59,3
2023,10,UTEP,Western Kentucky,-0.0854585612879973,-8,False,13,21
2023,10,Vanderbilt,Auburn,-0.1509696161452591,-16,False,15,31
2023,10,Arizona,UCLA,0.1523269344571985,17,True,27,10
2023,10,Colorado,Oregon State,-0.1972809562978599,-7,False,19,26
2023,10,Oregon,California,0.3558734880999505,44,True,63,19
2023,10,USC,Washington,-0.0053280406771982,-10,False,42,52
2023,10,Utah,Arizona State,-0.0192109308978386,52,True,55,3
2023,10,Washington State,Stanford,0.0486780554570948,-3,False,7,10
2023,10,Clemson,Notre Dame,-0.1474816998752154,8,True,31,23
2023,10,Duke,Wake Forest,0.2287503122528897,3,True,24,21
2023,10,Syracuse,Boston College,-0.009456977342815,-7,False,10,17
2023,10,Pittsburgh,Florida State,-0.3035395975385291,-17,False,7,24
2023,10,Virginia,Georgia Tech,-0.0427875774282452,-28,False,17,45
2023,10,Louisville,Virginia Tech,0.1443227280688271,31,True,34,3
2023,10,NC State,Miami,-0.0762392711445166,14,True,20,6
2023,10,Texas Tech,TCU,-0.1437678009570916,7,True,35,28
2023,10,Baylor,Houston,-0.0943339251241918,-1,False,24,25
2023,10,Cincinnati,UCF,-0.0167727514060791,-2,False,26,28
2023,10,Iowa State,Kansas,-0.2195878498633819,-7,False,21,28
2023,10,Oklahoma State,Oklahoma,-0.2806737261868212,3,True,27,24
2023,10,Texas,Kansas State,0.0802651118986116,3,True,33,30
2023,10,West Virginia,BYU,0.1372692852645141,30,True,37,7
2023,10,Tulsa,Charlotte,0.1547705808172634,-7,False,26,33
2023,10,East Carolina,Tulane,-0.3728022633938945,-3,False,10,13
2023,10,UAB,Florida Atlantic,0.1376759649261223,3,True,45,42
2023,10,Temple,Navy,0.010508613227383,14,True,32,18
2023,10,North Texas,UTSA,-0.0191036705714208,-8,False,29,37
2023,10,Memphis,South Florida,0.1165727777082269,9,True,59,50
2023,10,Rice,SMU,0.0314989298325412,-5,False,31,36
2023,10,Troy,South Alabama,-0.0067621747858993,18,True,28,10
2023,10,App State,Marshall,0.1815051600333276,22,True,31,9
2023,10,Georgia State,James Madison,-0.0724793609426363,-28,False,14,42
2023,10,Old Dominion,Coastal Carolina,-0.0603158335478632,-4,False,24,28
2023,10,Arkansas State,Louisiana,-0.2369010029085021,20,True,37,17
2023,10,Southern Miss,UL Monroe,-0.0126874121719533,17,True,24,7
2023,10,Texas State,Georgia Southern,-0.0057418949907424,21,True,45,24
2023,10,Central Michigan,Northern Illinois,-0.1912127197306856,6,True,37,31
2023,10,Toledo,Buffalo,0.2637659073257213,18,True,31,13
2023,10,Bowling Green,Ball State,-0.0525496783505901,3,True,24,21
2023,10,Akron,Kent State,0.0701587966143382,4,True,31,27
2023,10,Fresno State,Boise State,-0.0291090801838315,7,True,37,30
2023,10,Wyoming,Colorado State,0.0312248229166378,9,True,24,15
2023,10,Nevada,Hawai'i,-0.0449043890225449,-13,False,14,27
2023,10,New Mexico,UNLV,-0.1196611619640811,-42,False,14,56
2023,10,San Diego State,Utah State,-0.0591046414709424,-8,False,24,32
2023,11,Arkansas,Auburn,-0.052895018530613,-38,False,10,48
2023,11,Georgia,Ole Miss,0.107631606122222,35,True,52,17
2023,11,Illinois,Indiana,0.0604175446925943,3,True,48,45
2023,11,Iowa,Rutgers,-0.2643173170335692,22,True,22,0
2023,11,James Madison,UConn,0.2892612494072467,38,True,44,6
2023,11,Kentucky,Alabama,-0.037775199691493,-28,False,21,49
2023,11,Louisiana Tech,Sam Houston,0.0089653894205909,-15,False,27,42
2023,11,Liberty,Old Dominion,0.3405773268078891,28,True,38,10
2023,11,LSU,Florida,0.264547372898577,17,True,52,35
2023,11,Middle Tennessee,Florida International,0.1819856867055934,34,True,40,6
2023,11,Missouri,Tennessee,0.0477320369898543,29,True,36,7
2023,11,Nebraska,Maryland,-0.0715873448583182,-3,False,10,13
2023,11,Ohio State,Michigan State,0.2616853160713415,35,True,38,3
2023,11,Penn State,Michigan,-0.3455305737604118,-9,False,15,24
2023,11,Purdue,Minnesota,-0.0320371557404,19,True,49,30
2023,11,South Carolina,Vanderbilt,0.2043737737426459,41,True,47,6
2023,11,Texas A&M,Mississippi State,0.2591125469072138,41,True,51,10
2023,11,Wisconsin,Northwestern,0.2551375510659027,-14,False,10,24
2023,11,Western Kentucky,New Mexico State,-0.0358322872578751,-9,False,29,38
2023,11,California,Washington State,0.0453740021047334,3,True,42,39
2023,11,Colorado,Arizona,-0.183900535156494,-3,False,31,34
2023,11,Oregon,USC,-0.0055418628777852,9,True,36,27
2023,11,Oregon State,Stanford,0.2465439443861165,45,True,62,17
2023,11,UCLA,Arizona State,0.0537790930756273,-10,False,7,17
2023,11,Washington,Utah,0.3627406900035486,7,True,35,28
2023,11,Louisville,Virginia,0.1995300892879143,7,True,31,24
2023,11,Boston College,Virginia Tech,-0.0468893563686606,-26,False,22,48
2023,11,Clemson,Georgia Tech,-0.0057107813650423,21,True,42,21
2023,11,North Carolina,Duke,0.1906905364454527,2,True,47,45
2023,11,Florida State,Miami,0.2673402469996159,7,True,27,20
2023,11,Wake Forest,NC State,-0.0130533018582518,-20,False,6,26
2023,11,Syracuse,Pittsburgh,-0.0406081520088784,15,True,28,13
2023,11,BYU,Iowa State,-0.117523543222018,-32,False,13,45
2023,11,Houston,Cincinnati,-0.0612054556048411,-10,False,14,24
2023,11,Kansas,Texas Tech,0.2381076949725716,-3,False,13,16
2023,11,Kansas State,Baylor,0.2130290525088597,34,True,59,25
2023,11,Oklahoma,West Virginia,0.2357237982070883,39,True,59,20
2023,11,TCU,Texas,-0.0371173299085247,-3,False,26,29
2023,11,UCF,Oklahoma State,0.0193605350987972,42,True,45,3
2023,11,Tulane,Tulsa,0.1925712560907018,2,True,24,22
2023,11,Navy,UAB,-0.2392549378166447,25,True,31,6
2023,11,South Florida,Temple,-0.0090476716013375,4,True,27,23
2023,11,UTSA,Rice,-0.119299780431782,20,True,34,14
2023,11,Charlotte,Memphis,-0.3237111402370173,-6,False,38,44
2023,11,Florida Atlantic,East Carolina,0.1868847762464107,-15,False,7,22
2023,11,SMU,North Texas,0.1810553105510849,24,True,45,21
2023,11,Louisiana,Southern Miss,0.1278672871836568,-3,False,31,34
2023,11,Coastal Carolina,Texas State,-0.0437651450786681,8,True,31,23
2023,11,Georgia State,App State,-0.0439645455533975,-28,False,14,42
2023,11,Marshall,Georgia Southern,-0.1295216090934768,5,True,38,33
2023,11,UL Monroe,Troy,-0.238280949305247,-31,False,14,45
2023,11,South Alabama,Arkansas State,0.1735180380579009,7,True,21,14
2023,11,Northern Illinois,Ball State,0.1790458875976392,-3,False,17,20
2023,11,Western Michigan,Central Michigan,0.0380772688161673,10,True,38,28
2023,11,Buffalo,Ohio,-0.1483288572989692,-10,False,10,20
2023,11,Toledo,Eastern Michigan,0.2749830025741049,26,True,49,23
2023,11,Miami (OH),Akron,0.2215069490454961,19,True,19,0
2023,11,Kent State,Bowling Green,-0.1023824428654387,-30,False,19,49
2023,11,Hawai'i,Air Force,-0.2682308253068622,14,True,27,13
2023,11,San José State,Fresno State,0.0264175459401127,24,True,42,18
2023,11,Utah State,Nevada,0.2817977933462512,17,True,41,24
2023,11,Boise State,New Mexico,0.0387544258457294,28,True,42,14
2023,11,Colorado State,San Diego State,-0.1216315412978224,3,True,22,19
2023,11,UNLV,Wyoming,0.1347892687552577,20,True,34,14
2023,12,Arkansas,Florida International,0.052565076620854,24,True,44,20
2023,12,Army,Coastal Carolina,-0.1633842536080141,7,True,28,21
2023,12,Auburn,New Mexico State,-0.1663214692761342,-21,False,10,31
2023,12,Indiana,Michigan State,0.0094701996646772,-3,False,21,24
2023,12,Iowa,Illinois,-0.3066451743284548,2,True,15,13
2023,12,Jacksonville State,Louisiana Tech,0.0968366487486673,39,True,56,17
2023,12,Liberty,Massachusetts,0.4011924924446576,24,True,49,25
2023,12,LSU,Georgia State,0.2921302244896122,42,True,56,14
2023,12,Maryland,Michigan,-0.2987670075083387,-7,False,24,31
2023,12,Middle Tennessee,UTEP,0.0266280225137314,4,True,34,30
2023,12,Mississippi State,Southern Miss,-0.1691034392826814,21,True,41,20
2023,12,Missouri,Florida,0.1191127272056273,2,True,33,31
2023,12,Northwestern,Purdue,-0.1103038082065261,8,True,23,15
2023,12,Ohio State,Minnesota,0.3049480169063008,34,True,37,3
2023,12,Ole Miss,UL Monroe,0.3075923226685061,32,True,35,3
2023,12,Penn State,Rutgers,0.0286769016971767,21,True,27,6
2023,12,South Carolina,Kentucky,-0.0555892337733645,3,True,17,14
2023,12,Tennessee,Georgia,-0.1300401066027718,-28,False,10,38
2023,12,Wisconsin,Nebraska,0.205568754388235,7,True,24,17
2023,12,Western Kentucky,Sam Houston,0.1646098469768916,5,True,28,23
2023,12,Washington State,Colorado,0.0033913550950437,42,True,56,14
2023,12,Arizona,Utah,0.1305700624341824,24,True,42,18
2023,12,Arizona State,Oregon,-0.4230704808196011,-36,False,13,49
2023,12,Oregon State,Washington,-0.0519372493142075,-2,False,20,22
2023,12,Stanford,California,-0.1040865158488738,-12,False,15,27
2023,12,USC,UCLA,0.3384275869225924,-18,False,20,38
2023,12,Notre Dame,Wake Forest,0.3568040225188139,38,True,45,7
2023,12,Pittsburgh,Boston College,0.0012516946808051,8,True,24,16
2023,12,Clemson,North Carolina,-0.0760646588629401,11,True,31,20
2023,12,Virginia,Duke,-0.0145511046343156,3,True,30,27
2023,12,Georgia Tech,Syracuse,0.1228497825801637,9,True,31,22
2023,12,Miami,Louisville,-0.2216413827479628,-7,False,31,38
2023,12,Virginia Tech,NC State,0.1096961687750245,-7,False,28,35
2023,12,BYU,Oklahoma,-0.3806984571243262,-7,False,24,31
2023,12,Houston,Oklahoma State,-0.1529171129351023,-13,False,30,43
2023,12,Iowa State,Texas,-0.1710263734011887,-10,False,16,26
2023,12,Kansas,Kansas State,0.0980365287407851,-4,False,27,31
2023,12,TCU,Baylor,0.2118054253576729,25,True,42,17
2023,12,Texas Tech,UCF,-0.0853151586170196,1,True,24,23
2023,12,West Virginia,Cincinnati,0.0223910742708307,21,True,42,21
2023,12,Tulsa,North Texas,-0.0437980801917967,-7,False,28,35
2023,12,Florida Atlantic,Tulane,-0.2048470532341039,-16,False,8,24
2023,12,UAB,Temple,0.1606637274925486,10,True,34,24
2023,12,UTSA,South Florida,0.0855228976146089,28,True,49,21
2023,12,Charlotte,Rice,-0.3523184120911664,-21,False,7,28
2023,12,Navy,East Carolina,0.1388345345085141,10,True,10,0
2023,12,Memphis,SMU,-0.0853550005989417,-4,False,34,38
2023,12,Georgia Southern,Old Dominion,-0.0169567204301461,-3,False,17,20
2023,12,James Madison,App State,0.0419587973383456,-3,False,23,26
2023,12,Arkansas State,Texas State,-0.1804795248964508,46,True,77,31
2023,12,South Alabama,Marshall,0.1959116216346996,28,True,28,0
2023,12,Troy,Louisiana,0.0217118190553639,7,True,31,24
2023,12,Bowling Green,Toledo,-0.2069803377779164,-1,False,31,32
2023,12,Northern Illinois,Western Michigan,0.0536644987511425,24,True,24,0
2023,12,Eastern Michigan,Akron,0.0260657115236782,3,True,30,27
2023,12,Ohio,Central Michigan,0.0062437592177293,14,True,34,20
2023,12,Miami (OH),Buffalo,0.1622544177774229,13,True,23,10
2023,12,Ball State,Kent State,0.1665271297396399,31,True,34,3
2023,12,Utah State,Boise State,-0.0244800500438172,-35,False,10,45
2023,12,Wyoming,Hawai'i,0.0422609682194144,33,True,42,9
2023,12,Colorado State,Nevada,0.1310837697879953,10,True,30,20
2023,12,Fresno State,New Mexico,0.0074397573991273,-8,False,17,25
2023,12,San José State,San Diego State,0.1025558152268939,11,True,24,13
2023,12,Air Force,UNLV,0.0054840674948696,-4,False,27,31
2023,13,Mississippi State,Ole Miss,-0.3230954748522842,-10,False,7,17
2023,13,Nebraska,Iowa,0.1288830213757511,-3,False,10,13
2023,13,Arkansas,Missouri,-0.2788677947638674,-34,False,14,48
2023,13,Auburn,Alabama,-0.2310469248294486,-3,False,24,27
2023,13,Florida International,Western Kentucky,-0.2695284405682247,-13,False,28,41
2023,13,Florida,Florida State,-0.0983885893562086,-9,False,15,24
2023,13,Georgia Tech,Georgia,-0.2436146663029541,-8,False,23,31
2023,13,Illinois,Northwestern,0.1685428506415074,-2,False,43,45
2023,13,Louisville,Kentucky,0.1788920662170097,-7,False,31,38
2023,13,LSU,Texas A&M,0.3127846659830454,12,True,42,30
2023,13,Michigan,Ohio State,0.0041692160232613,6,True,30,24
2023,13,Michigan State,Penn State,-0.0997950604889389,-42,False,0,42
2023,13,Minnesota,Wisconsin,-0.1392911768759664,-14,False,14,28
2023,13,New Mexico State,Jacksonville State,0.1120466329124788,3,True,20,17
2023,13,Purdue,Indiana,-0.0130373323757328,4,True,35,31
2023,13,Rutgers,Maryland,-0.0372073312307982,-18,False,24,42
2023,13,Sam Houston,Middle Tennessee,-0.068208233601913,3,True,23,20
2023,13,South Carolina,Clemson,-0.077550402775812,-9,False,7,16
2023,13,Tennessee,Vanderbilt,0.454574832776119,24,True,48,24
2023,13,Massachusetts,UConn,0.0683459264144385,-13,False,18,31
2023,13,UTEP,Liberty,-0.4716965910340613,-14,False,28,42
2023,13,Oregon,Oregon State,0.1838338430138602,24,True,31,7
2023,13,Arizona State,Arizona,-0.2133807717342038,-36,False,23,59
2023,13,Stanford,Notre Dame,-0.3256403123389497,-33,False,23,56
2023,13,UCLA,California,-0.0493935495932201,-26,False,7,33
2023,13,Utah,Colorado,0.032624973384858,6,True,23,17
2023,13,Washington,Washington State,0.3003991908383652,3,True,24,21
2023,13,Boston College,Miami,-0.0432082067032588,-25,False,20,45
2023,13,Duke,Pittsburgh,0.0422286938575375,11,True,30,19
2023,13,NC State,North Carolina,-0.2267648957511055,19,True,39,20
2023,13,Syracuse,Wake Forest,0.0239226375699586,4,True,35,31
2023,13,Virginia,Virginia Tech,0.0138093538479275,-38,False,17,55
2023,13,Oklahoma,TCU,0.1236470600240749,24,True,69,45
2023,13,Texas,Texas Tech,0.1902557895562983,50,True,57,7
2023,13,Baylor,West Virginia,-0.1430062621309439,-3,False,31,34
2023,13,Cincinnati,Kansas,-0.2214655988433483,-33,False,16,49
2023,13,Kansas State,Iowa State,0.1015212065966346,-7,False,35,42
2023,13,Oklahoma State,BYU,0.1162085246781925,6,True,40,34
2023,13,UCF,Houston,0.1798595121330275,14,True,27,13
2023,13,East Carolina,Tulsa,-0.1942004906872249,-2,False,27,29
2023,13,Tulane,UTSA,0.0731210630001849,13,True,29,16
2023,13,North Texas,UAB,-0.0819583081737457,3,True,45,42
2023,13,Temple,Memphis,-0.1709124837567736,-24,False,21,45
2023,13,South Florida,Charlotte,0.2156104615628153,34,True,48,14
2023,13,Rice,Florida Atlantic,0.1800450047307011,3,True,24,21
2023,13,SMU,Navy,0.2333089319283945,45,True,59,14
2023,13,App State,Georgia Southern,0.1812389081861722,28,True,55,27
2023,13,Coastal Carolina,James Madison,-0.1167236406093885,-42,False,14,56
2023,13,Marshall,Arkansas State,-0.0361944822344044,14,True,35,21
2023,13,Old Dominion,Georgia State,-0.0555435381358141,1,True,25,24
2023,13,Louisiana,UL Monroe,0.2226092607436099,31,True,52,21
2023,13,Southern Miss,Troy,-0.133601684124198,-18,False,17,35
2023,13,Texas State,South Alabama,-0.0957819974593011,8,True,52,44
2023,13,Buffalo,Eastern Michigan,0.0257506891835732,-13,False,11,24
2023,13,Western Michigan,Bowling Green,0.0309812615543932,-24,False,10,34
2023,13,Central Michigan,Toledo,-0.150159430638203,-15,False,17,32
2023,13,Akron,Ohio,-0.1826475203191408,-11,False,14,25
2023,13,Kent State,Northern Illinois,-0.3133164553992869,-10,False,27,37
2023,13,Ball State,Miami (OH),-0.0915000596810834,-2,False,15,17
2023,13,Boise State,Air Force,-0.0566422380231375,8,True,27,19
2023,13,Hawai'i,Colorado State,0.0083801607284587,3,True,27,24
2023,13,San Diego State,Fresno State,0.0078433901249544,15,True,33,18
2023,13,UNLV,San José State,-0.0213926168956035,-6,False,31,37
2023,13,New Mexico,Utah State,0.0188179887750056,-3,False,41,44
2023,13,Nevada,Wyoming,-0.2264907014696244,-36,False,6,42
