game_id,season,week,game_date,home_team,away_team,home_score,away_score
401281942,2021,1,2021-09-04T19:30:00.000Z,Miami,Alabama,13,44
401281943,2021,1,2021-09-04T18:00:00.000Z,Arkansas,Rice,0,0
401281944,2021,1,2021-09-04T23:00:00.000Z,Auburn,Akron,60,10
401281945,2021,1,2021-09-04T23:30:00.000Z,Florida,Florida Atlantic,35,14
401281946,2021,1,2021-09-04T23:30:00.000Z,Clemson,Georgia,3,10
401281947,2021,1,2021-09-04T16:00:00.000Z,Kentucky,UL Monroe,45,10
401281948,2021,1,2021-09-05T00:30:00.000Z,UCLA,LSU,38,27
401281949,2021,1,2021-09-04T20:00:00.000Z,Mississippi State,Louisiana Tech,35,34
401281950,2021,1,2021-09-04T20:00:00.000Z,Missouri,Central Michigan,34,24
401281952,2021,1,2021-09-03T00:00:00.000Z,Tennessee,Bowling Green,38,6
401282049,2021,1,2021-08-29T01:30:00.000Z,New Mexico State,UTEP,3,30
401282052,2021,1,2021-09-03T23:00:00.000Z,Charlotte,Duke,31,28
401282053,2021,1,2021-09-05T00:00:00.000Z,Texas A&M,Kent State,41,10
401282055,2021,1,2021-09-07T00:00:00.000Z,Ole Miss,Louisville,43,24
401282057,2021,2,2021-09-11T23:00:00.000Z,Arkansas,Texas,40,21
401282059,2021,2,2021-09-11T17:00:00.000Z,South Florida,Florida,20,42
401282060,2021,2,2021-09-11T19:30:00.000Z,Georgia,UAB,56,7
401282061,2021,2,2021-09-11T23:30:00.000Z,Kentucky,Missouri,35,28
401282064,2021,2,2021-09-11T23:00:00.000Z,Mississippi State,NC State,24,10
401282065,2021,2,2021-09-11T16:00:00.000Z,East Carolina,South Carolina,17,20
401282066,2021,2,2021-09-11T16:00:00.000Z,Tennessee,Pittsburgh,34,41
401282067,2021,2,2021-09-11T19:30:00.000Z,Colorado,Texas A&M,7,10
401282068,2021,2,2021-09-12T02:00:00.000Z,Colorado State,Vanderbilt,21,24
401282069,2021,3,2021-09-18T20:00:00.000Z,Arkansas,Georgia Southern,45,10
401282070,2021,3,2021-09-18T23:30:00.000Z,Penn State,Auburn,28,20
401282071,2021,3,2021-09-18T19:30:00.000Z,Florida,Alabama,29,31
401282072,2021,3,2021-09-18T23:00:00.000Z,Georgia,South Carolina,40,13
401282074,2021,3,2021-09-18T23:30:00.000Z,LSU,Central Michigan,49,21
401282075,2021,3,2021-09-19T00:00:00.000Z,Ole Miss,Tulane,61,21
401282076,2021,3,2021-09-18T20:00:00.000Z,Memphis,Mississippi State,31,29
401282079,2021,3,2021-09-18T16:00:00.000Z,Texas A&M,New Mexico,34,0
401282080,2021,3,2021-09-19T00:00:00.000Z,Vanderbilt,Stanford,17,41
401282081,2021,4,2021-09-25T23:30:00.000Z,Alabama,Southern Miss,63,14
401282082,2021,4,2021-09-25T19:30:00.000Z,Arkansas,Texas A&M,20,10
401282083,2021,4,2021-09-25T20:00:00.000Z,Auburn,Georgia State,34,24
401282084,2021,4,2021-09-25T23:00:00.000Z,Florida,Tennessee,38,14
401282085,2021,4,2021-09-25T16:00:00.000Z,Mississippi State,LSU,25,28
401282086,2021,4,2021-09-25T16:00:00.000Z,Boston College,Missouri,41,34
401282087,2021,4,2021-09-25T23:00:00.000Z,South Carolina,Kentucky,10,16
401282088,2021,4,2021-09-25T16:00:00.000Z,Vanderbilt,Georgia,0,62
401282089,2021,5,2021-10-02T19:30:00.000Z,Alabama,Ole Miss,42,21
401282090,2021,5,2021-10-02T16:00:00.000Z,Georgia,Arkansas,37,0
401282091,2021,5,2021-10-02T22:00:00.000Z,Kentucky,Florida,20,13
401282092,2021,5,2021-10-03T01:00:00.000Z,LSU,Auburn,19,24
401282093,2021,5,2021-10-02T16:00:00.000Z,Missouri,Tennessee,24,62
401282094,2021,5,2021-10-02T19:30:00.000Z,South Carolina,Troy,23,14
401282095,2021,5,2021-10-02T23:00:00.000Z,Texas A&M,Mississippi State,22,26
401282096,2021,5,2021-10-02T23:30:00.000Z,Vanderbilt,UConn,27,28
401282097,2021,6,2021-10-09T19:30:00.000Z,Auburn,Georgia,10,34
401282098,2021,6,2021-10-09T16:00:00.000Z,Florida,Vanderbilt,42,0
401282099,2021,6,2021-10-09T23:30:00.000Z,Kentucky,LSU,42,21
401282100,2021,6,2021-10-09T16:00:00.000Z,Ole Miss,Arkansas,52,51
401282101,2021,6,2021-10-09T20:00:00.000Z,Missouri,North Texas,0,0
401282102,2021,6,2021-10-09T16:00:00.000Z,Tennessee,South Carolina,45,20
401282103,2021,6,2021-10-10T00:00:00.000Z,Texas A&M,Alabama,41,38
401282104,2021,7,2021-10-16T16:00:00.000Z,Arkansas,Auburn,23,38
401282105,2021,7,2021-10-16T19:30:00.000Z,Georgia,Kentucky,30,13
401282106,2021,7,2021-10-16T16:00:00.000Z,LSU,Florida,49,42
401282107,2021,7,2021-10-16T23:00:00.000Z,Mississippi State,Alabama,9,49
401282108,2021,7,2021-10-16T16:00:00.000Z,Missouri,Texas A&M,14,35
401282109,2021,7,2021-10-16T20:00:00.000Z,South Carolina,Vanderbilt,21,20
401282110,2021,7,2021-10-16T23:30:00.000Z,Tennessee,Ole Miss,26,31
401282111,2021,8,2021-10-23T23:00:00.000Z,Alabama,Tennessee,52,24
401282113,2021,8,2021-10-23T19:30:00.000Z,Ole Miss,LSU,31,17
401282114,2021,8,2021-10-23T23:30:00.000Z,Texas A&M,South Carolina,44,14
401282115,2021,8,2021-10-23T20:00:00.000Z,Vanderbilt,Mississippi State,6,45
401282116,2021,9,2021-10-30T23:00:00.000Z,Auburn,Ole Miss,31,20
401282117,2021,9,2021-10-30T19:30:00.000Z,Florida,Georgia,7,34
401282118,2021,9,2021-10-30T23:00:00.000Z,Mississippi State,Kentucky,31,17
401282119,2021,9,2021-10-30T19:00:00.000Z,Vanderbilt,Missouri,28,36
401282120,2021,10,2021-11-06T23:00:00.000Z,Alabama,LSU,20,14
401282121,2021,10,2021-11-06T20:00:00.000Z,Arkansas,Mississippi State,29,28
401282122,2021,10,2021-11-06T16:00:00.000Z,Georgia,Missouri,43,6
401282123,2021,10,2021-11-06T23:00:00.000Z,Kentucky,Tennessee,42,45
401282124,2021,10,2021-11-06T16:00:00.000Z,Ole Miss,Liberty,27,14
401282125,2021,10,2021-11-06T23:30:00.000Z,South Carolina,Florida,40,17
401282126,2021,10,2021-11-06T19:30:00.000Z,Texas A&M,Auburn,20,3
401282127,2021,11,2021-11-13T17:00:00.000Z,Alabama,New Mexico State,59,3
401282128,2021,11,2021-11-13T17:00:00.000Z,Auburn,Mississippi State,34,43
401282130,2021,11,2021-11-14T00:30:00.000Z,LSU,Arkansas,13,13
401282131,2021,11,2021-11-14T00:00:00.000Z,Ole Miss,Texas A&M,29,19
401282132,2021,11,2021-11-13T21:00:00.000Z,Missouri,South Carolina,31,28
401282133,2021,11,2021-11-13T20:30:00.000Z,Tennessee,Georgia,17,41
401282134,2021,11,2021-11-14T00:00:00.000Z,Vanderbilt,Kentucky,17,34
401282135,2021,12,2021-11-20T20:30:00.000Z,Alabama,Arkansas,42,35
401282137,2021,12,2021-11-20T17:00:00.000Z,Kentucky,New Mexico State,56,16
401282138,2021,12,2021-11-21T02:00:00.000Z,LSU,UL Monroe,27,14
401282139,2021,12,2021-11-21T00:30:00.000Z,Ole Miss,Vanderbilt,31,17
401282141,2021,12,2021-11-20T21:00:00.000Z,Missouri,Florida,16,23
401282142,2021,12,2021-11-21T00:00:00.000Z,South Carolina,Auburn,21,17
401282143,2021,12,2021-11-21T00:30:00.000Z,Tennessee,South Alabama,60,14
401282145,2021,13,2021-11-26T20:30:00.000Z,Arkansas,Missouri,34,17
401282146,2021,13,2021-11-27T20:30:00.000Z,Auburn,Alabama,22,22
401282147,2021,13,2021-11-27T17:00:00.000Z,Florida,Florida State,24,21
401282148,2021,13,2021-11-27T17:00:00.000Z,Georgia Tech,Georgia,0,45
401282149,2021,13,2021-11-28T00:30:00.000Z,Louisville,Kentucky,21,52
401282150,2021,13,2021-11-28T00:00:00.000Z,LSU,Texas A&M,27,24
401282151,2021,13,2021-11-26T00:30:00.000Z,Mississippi State,Ole Miss,21,31
401282152,2021,13,2021-11-28T00:30:00.000Z,South Carolina,Clemson,0,30
401282153,2021,13,2021-11-27T20:45:00.000Z,Tennessee,Vanderbilt,45,21
401282154,2021,14,2021-12-04T21:00:00.000Z,Alabama,Georgia,41,24
401282156,2021,14,2021-12-04T00:00:00.000Z,UTSA,Western Kentucky,49,41
401282174,2021,1,2021-09-04T19:30:00.000Z,Navy,Marshall,7,49
401282177,2021,1,2021-09-05T00:00:00.000Z,South Alabama,Southern Miss,0,0
401282179,2021,1,2021-09-04T23:30:00.000Z,Illinois,UTSA,30,37
401282182,2021,2,2021-09-11T23:00:00.000Z,Florida International,Texas State,17,17
401282183,2021,2,2021-09-11T19:30:00.000Z,Florida Atlantic,Georgia Southern,1,0
401282186,2021,2,2021-09-11T18:00:00.000Z,Virginia Tech,Middle Tennessee,0,0
401282187,2021,2,2021-09-11T23:00:00.000Z,SMU,North Texas,35,12
401282189,2021,2,2021-09-11T22:30:00.000Z,Rice,Houston,7,38
401282191,2021,2,2021-09-11T01:30:00.000Z,Boise State,UTEP,54,13
401282193,2021,2,2021-09-11T15:30:00.000Z,Army,Western Kentucky,38,35
401282194,2021,3,2021-09-18T22:00:00.000Z,UTSA,Middle Tennessee,27,13
401282195,2021,3,2021-09-18T23:30:00.000Z,North Texas,UAB,6,40
401282196,2021,3,2021-09-18T23:00:00.000Z,Georgia State,Charlotte,20,9
401282197,2021,3,2021-09-18T23:00:00.000Z,Texas Tech,Florida International,54,21
401282199,2021,3,2021-09-18T19:30:00.000Z,Louisiana Tech,SMU,37,39
401282200,2021,3,2021-09-18T22:00:00.000Z,Marshall,East Carolina,38,42
401282201,2021,3,2021-09-18T22:00:00.000Z,Liberty,Old Dominion,45,17
401282202,2021,3,2021-09-19T00:00:00.000Z,Texas,Rice,0,0
401282203,2021,3,2021-09-18T23:00:00.000Z,Southern Miss,Troy,9,21
401282204,2021,4,2021-09-24T22:30:00.000Z,Charlotte,Middle Tennessee,42,39
401282205,2021,4,2021-09-25T23:00:00.000Z,Louisiana Tech,North Texas,24,17
401282206,2021,4,2021-09-25T16:00:00.000Z,Central Michigan,Florida International,31,27
401282207,2021,4,2021-09-26T00:00:00.000Z,Air Force,Florida Atlantic,31,7
401282208,2021,4,2021-09-23T23:30:00.000Z,App State,Marshall,31,30
401282209,2021,4,2021-09-25T22:00:00.000Z,Old Dominion,Buffalo,34,35
401282211,2021,4,2021-09-26T00:00:00.000Z,Tulane,UAB,21,28
401282212,2021,4,2021-09-26T01:00:00.000Z,UTEP,New Mexico,20,13
401282213,2021,4,2021-09-25T19:30:00.000Z,Memphis,UTSA,28,28
401282214,2021,4,2021-09-26T00:00:00.000Z,Western Kentucky,Indiana,31,33
401282215,2021,5,2021-10-02T19:30:00.000Z,Florida Atlantic,Florida International,58,21
401282216,2021,5,2021-10-02T23:00:00.000Z,Middle Tennessee,Marshall,34,28
401282217,2021,5,2021-10-03T01:00:00.000Z,UTEP,Old Dominion,26,21
401282218,2021,5,2021-10-02T22:30:00.000Z,Rice,Southern Miss,24,19
401282219,2021,5,2021-10-02T16:00:00.000Z,Illinois,Charlotte,24,14
401282220,2021,5,2021-10-02T22:00:00.000Z,NC State,Louisiana Tech,34,27
401282221,2021,5,2021-10-02T23:00:00.000Z,UAB,Liberty,5,36
401282222,2021,5,2021-10-02T22:00:00.000Z,UTSA,UNLV,24,17
401282223,2021,5,2021-10-02T23:30:00.000Z,Michigan State,Western Kentucky,48,31
401282224,2021,6,2021-10-08T23:00:00.000Z,Florida International,Charlotte,33,45
401282225,2021,6,2021-10-09T19:30:00.000Z,UAB,Florida Atlantic,31,14
401282226,2021,6,2021-10-09T18:00:00.000Z,Marshall,Old Dominion,0,0
401282227,2021,6,2021-10-09T23:00:00.000Z,Southern Miss,UTEP,13,26
401282228,2021,6,2021-10-09T23:00:00.000Z,Western Kentucky,UTSA,46,52
401282229,2021,6,2021-10-09T19:30:00.000Z,Liberty,Middle Tennessee,41,13
401282230,2021,7,2021-10-17T01:00:00.000Z,UTEP,Louisiana Tech,19,3
401282231,2021,7,2021-10-15T23:00:00.000Z,North Texas,Marshall,21,49
401282232,2021,7,2021-10-16T19:30:00.000Z,Old Dominion,Western Kentucky,20,43
401282233,2021,7,2021-10-16T22:00:00.000Z,UTSA,Rice,45,0
401282234,2021,7,2021-10-16T19:30:00.000Z,Southern Miss,UAB,0,34
401282235,2021,8,2021-10-21T23:30:00.000Z,Charlotte,Florida Atlantic,9,38
401282236,2021,8,2021-10-23T23:00:00.000Z,Florida International,Western Kentucky,0,0
401282237,2021,8,2021-10-23T23:00:00.000Z,Louisiana Tech,UTSA,0,0
401282238,2021,8,2021-10-23T19:30:00.000Z,UAB,Rice,24,30
401282239,2021,8,2021-10-22T22:00:00.000Z,UConn,Middle Tennessee,13,44
401282240,2021,8,2021-10-23T20:00:00.000Z,North Texas,Liberty,26,35
401282241,2021,9,2021-10-30T20:00:00.000Z,Western Kentucky,Charlotte,45,13
401282242,2021,9,2021-10-30T19:30:00.000Z,Marshall,Florida International,37,0
401282243,2021,9,2021-10-30T22:00:00.000Z,Florida Atlantic,UTEP,20,10
401282244,2021,9,2021-10-30T19:30:00.000Z,Old Dominion,Louisiana Tech,20,20
401282245,2021,9,2021-10-30T19:30:00.000Z,Middle Tennessee,Southern Miss,35,10
401282246,2021,9,2021-10-30T18:00:00.000Z,Rice,North Texas,24,24
401282247,2021,10,2021-11-06T19:30:00.000Z,Charlotte,Rice,31,24
401282248,2021,10,2021-11-06T23:00:00.000Z,Florida International,Old Dominion,24,47
401282249,2021,10,2021-11-06T22:00:00.000Z,Florida Atlantic,Marshall,0,0
401282250,2021,10,2021-11-06T16:00:00.000Z,UAB,Louisiana Tech,52,38
401282251,2021,10,2021-11-06T19:30:00.000Z,Western Kentucky,Middle Tennessee,48,21
401282252,2021,10,2021-11-06T19:00:00.000Z,Southern Miss,North Texas,14,38
401282253,2021,10,2021-11-07T02:15:00.000Z,UTEP,UTSA,23,44
401282254,2021,11,2021-11-13T20:30:00.000Z,Louisiana Tech,Charlotte,42,32
401282255,2021,11,2021-11-13T20:30:00.000Z,Middle Tennessee,Florida International,0,0
401282256,2021,11,2021-11-13T20:30:00.000Z,Old Dominion,Florida Atlantic,30,16
401282257,2021,11,2021-11-13T20:30:00.000Z,Marshall,UAB,14,21
401282258,2021,11,2021-11-13T21:00:00.000Z,North Texas,UTEP,17,17
401282259,2021,11,2021-11-13T19:00:00.000Z,Rice,Western Kentucky,21,42
401282260,2021,11,2021-11-13T20:30:00.000Z,UTSA,Southern Miss,27,17
401282261,2021,12,2021-11-20T20:30:00.000Z,Charlotte,Marshall,28,49
401282262,2021,12,2021-11-21T00:00:00.000Z,Florida International,North Texas,7,49
401282263,2021,12,2021-11-20T17:00:00.000Z,Western Kentucky,Florida Atlantic,52,17
401282264,2021,12,2021-11-20T01:00:00.000Z,Louisiana Tech,Southern Miss,0,0
401282265,2021,12,2021-11-20T20:30:00.000Z,Middle Tennessee,Old Dominion,0,0
401282266,2021,12,2021-11-20T21:00:00.000Z,UTEP,Rice,38,35
401282267,2021,12,2021-11-20T20:30:00.000Z,UTSA,UAB,34,31
401282268,2021,13,2021-11-27T19:00:00.000Z,Old Dominion,Charlotte,56,34
401282269,2021,13,2021-11-27T20:00:00.000Z,Southern Miss,Florida International,37,17
401282270,2021,13,2021-11-28T00:00:00.000Z,Florida Atlantic,Middle Tennessee,17,25
401282271,2021,13,2021-11-27T18:00:00.000Z,Rice,Louisiana Tech,35,31
401282272,2021,13,2021-11-27T20:30:00.000Z,Marshall,Western Kentucky,21,53
401282273,2021,13,2021-11-27T19:00:00.000Z,North Texas,UTSA,45,23
401282274,2021,13,2021-11-26T19:00:00.000Z,UAB,UTEP,42,25
401282607,2021,1,2021-09-02T23:30:00.000Z,NC State,South Florida,45,0
401282608,2021,1,2021-09-03T23:00:00.000Z,Wake Forest,Old Dominion,0,0
401282610,2021,1,2021-09-04T23:30:00.000Z,Georgia Tech,Northern Illinois,0,0
401282611,2021,1,2021-09-04T23:00:00.000Z,Ohio,Syracuse,0,0
401282612,2021,1,2021-09-04T20:00:00.000Z,Pittsburgh,Massachusetts,37,0
401282614,2021,1,2021-09-05T23:30:00.000Z,Florida State,Notre Dame,38,41
401282620,2021,2,2021-09-11T23:00:00.000Z,Miami,App State,25,23
401282621,2021,2,2021-09-11T23:30:00.000Z,North Carolina,Georgia State,59,17
401282622,2021,2,2021-09-11T18:00:00.000Z,Syracuse,Rutgers,7,17
401282623,2021,2,2021-09-11T19:30:00.000Z,Massachusetts,Boston College,28,45
401282624,2021,2,2021-09-11T15:00:00.000Z,Virginia,Illinois,42,14
401282626,2021,3,2021-09-17T23:30:00.000Z,Louisville,UCF,42,35
401282627,2021,3,2021-09-18T19:30:00.000Z,Clemson,Georgia Tech,14,8
401282628,2021,3,2021-09-18T20:00:00.000Z,Duke,Northwestern,30,23
401282629,2021,3,2021-09-18T16:00:00.000Z,Miami,Michigan State,17,38
401282631,2021,3,2021-09-18T23:30:00.000Z,North Carolina,Virginia,59,39
401282632,2021,3,2021-09-18T16:00:00.000Z,Pittsburgh,Western Michigan,41,44
401282634,2021,3,2021-09-18T16:00:00.000Z,Temple,Boston College,3,28
401282635,2021,3,2021-09-18T19:30:00.000Z,Wake Forest,Florida State,35,14
401282636,2021,3,2021-09-18T16:00:00.000Z,West Virginia,Virginia Tech,27,21
401282637,2021,4,2021-09-25T00:00:00.000Z,Syracuse,Liberty,24,21
401282638,2021,4,2021-09-24T23:00:00.000Z,Virginia,Wake Forest,17,37
401282639,2021,4,2021-09-25T20:00:00.000Z,Duke,Kansas,52,33
401282640,2021,4,2021-09-25T19:30:00.000Z,Florida State,Louisville,23,31
401282641,2021,4,2021-09-25T23:30:00.000Z,Georgia Tech,North Carolina,45,22
401282643,2021,4,2021-09-25T19:30:00.000Z,NC State,Clemson,27,21
401282646,2021,5,2021-09-30T23:30:00.000Z,Miami,Virginia,28,30
401282647,2021,5,2021-10-02T23:30:00.000Z,Clemson,Boston College,19,13
401282648,2021,5,2021-10-02T19:30:00.000Z,Florida State,Syracuse,33,30
401282649,2021,5,2021-10-02T16:00:00.000Z,Georgia Tech,Pittsburgh,21,52
401282650,2021,5,2021-10-02T16:00:00.000Z,North Carolina,Duke,38,7
401282651,2021,5,2021-10-02T16:30:00.000Z,Wake Forest,Louisville,37,34
401282652,2021,6,2021-10-09T16:30:00.000Z,Duke,Georgia Tech,27,31
401282653,2021,6,2021-10-09T19:00:00.000Z,Louisville,Virginia,33,34
401282654,2021,6,2021-10-09T19:30:00.000Z,North Carolina,Florida State,25,35
401282655,2021,6,2021-10-09T19:30:00.000Z,Syracuse,Wake Forest,37,40
401282656,2021,6,2021-10-09T23:30:00.000Z,Virginia Tech,Notre Dame,29,32
401282657,2021,7,2021-10-15T23:00:00.000Z,Syracuse,Clemson,14,17
401282658,2021,7,2021-10-16T23:30:00.000Z,Boston College,NC State,7,33
401282659,2021,7,2021-10-16T19:30:00.000Z,North Carolina,Miami,45,42
401282660,2021,7,2021-10-16T16:30:00.000Z,Virginia,Duke,48,0
401282661,2021,7,2021-10-16T19:30:00.000Z,Virginia Tech,Pittsburgh,7,28
401282662,2021,8,2021-10-23T16:00:00.000Z,Army,Wake Forest,56,70
401282663,2021,8,2021-10-23T16:00:00.000Z,Florida State,Massachusetts,59,3
401282664,2021,8,2021-10-23T20:00:00.000Z,Louisville,Boston College,28,14
401282665,2021,8,2021-10-23T23:30:00.000Z,Miami,NC State,31,30
401282666,2021,8,2021-10-23T19:30:00.000Z,Pittsburgh,Clemson,27,17
401282667,2021,8,2021-10-23T23:30:00.000Z,Virginia,Georgia Tech,48,40
401282668,2021,8,2021-10-23T16:30:00.000Z,Virginia Tech,Syracuse,36,41
401282669,2021,9,2021-10-31T02:15:00.000Z,BYU,Virginia,66,49
401282670,2021,9,2021-10-30T19:30:00.000Z,Clemson,Florida State,24,20
401282671,2021,9,2021-10-30T16:00:00.000Z,Georgia Tech,Virginia Tech,17,26
401282672,2021,9,2021-10-30T23:30:00.000Z,NC State,Louisville,28,13
401282673,2021,9,2021-10-30T23:30:00.000Z,Notre Dame,North Carolina,44,34
401282674,2021,9,2021-10-30T16:00:00.000Z,Pittsburgh,Miami,34,38
401282675,2021,9,2021-10-30T19:30:00.000Z,Syracuse,Boston College,20,6
401282676,2021,9,2021-10-30T20:00:00.000Z,Wake Forest,Duke,45,7
401282677,2021,10,2021-11-05T23:30:00.000Z,Boston College,Virginia Tech,17,3
401282678,2021,10,2021-11-06T16:00:00.000Z,Duke,Pittsburgh,29,54
401282679,2021,10,2021-11-06T20:00:00.000Z,Florida State,NC State,14,28
401282680,2021,10,2021-11-06T23:30:00.000Z,Louisville,Clemson,24,30
401282681,2021,10,2021-11-06T16:30:00.000Z,Miami,Georgia Tech,33,30
401282682,2021,10,2021-11-06T16:00:00.000Z,North Carolina,Wake Forest,58,55
401282683,2021,11,2021-11-12T00:30:00.000Z,Pittsburgh,North Carolina,30,23
401282684,2021,11,2021-11-13T17:00:00.000Z,Clemson,UConn,44,7
401282685,2021,11,2021-11-13T20:30:00.000Z,Florida State,Miami,31,28
401282686,2021,11,2021-11-13T20:30:00.000Z,Georgia Tech,Boston College,30,41
401282687,2021,11,2021-11-13T17:00:00.000Z,Louisville,Syracuse,41,3
401282688,2021,11,2021-11-14T00:30:00.000Z,Virginia,Notre Dame,3,28
401282689,2021,11,2021-11-13T20:30:00.000Z,Virginia Tech,Duke,48,17
401282690,2021,11,2021-11-14T00:30:00.000Z,Wake Forest,NC State,45,42
401282691,2021,12,2021-11-19T00:30:00.000Z,Duke,Louisville,22,62
401282692,2021,12,2021-11-20T17:00:00.000Z,Boston College,Florida State,23,26
401282693,2021,12,2021-11-20T17:00:00.000Z,Clemson,Wake Forest,48,27
401282694,2021,12,2021-11-21T00:30:00.000Z,Miami,Virginia Tech,38,26
401282695,2021,12,2021-11-20T21:00:00.000Z,NC State,Syracuse,41,17
401282697,2021,12,2021-11-20T19:30:00.000Z,Notre Dame,Georgia Tech,55,0
401282698,2021,12,2021-11-20T20:30:00.000Z,Pittsburgh,Virginia,48,38
401282699,2021,13,2021-11-27T00:00:00.000Z,NC State,North Carolina,34,30
401282700,2021,13,2021-11-27T17:00:00.000Z,Boston College,Wake Forest,10,41
401282701,2021,13,2021-11-27T17:30:00.000Z,Duke,Miami,10,47
401282702,2021,13,2021-11-28T00:30:00.000Z,Syracuse,Pittsburgh,14,31
401282703,2021,13,2021-11-27T20:45:00.000Z,Virginia,Virginia Tech,24,29
401282705,2021,2,2021-09-11T18:30:00.000Z,Notre Dame,Toledo,32,29
401282706,2021,3,2021-09-18T18:30:00.000Z,Notre Dame,Purdue,27,13
401282707,2021,4,2021-09-25T16:00:00.000Z,Wisconsin,Notre Dame,13,41
401282708,2021,5,2021-10-02T18:30:00.000Z,Notre Dame,Cincinnati,13,24
401282709,2021,8,2021-10-23T23:30:00.000Z,Notre Dame,USC,31,16
401282710,2021,10,2021-11-06T19:30:00.000Z,Notre Dame,Navy,34,6
401282711,2021,13,2021-11-28T01:00:00.000Z,Stanford,Notre Dame,14,45
401282714,2021,1,2021-08-28T17:20:00.000Z,Illinois,Nebraska,30,22
401282715,2021,3,2021-09-18T01:00:00.000Z,Illinois,Maryland,17,17
401282716,2021,4,2021-09-25T19:30:00.000Z,Purdue,Illinois,13,9
401282717,2021,8,2021-10-23T16:00:00.000Z,Penn State,Illinois,16,16
401282718,2021,6,2021-10-09T19:30:00.000Z,Illinois,Wisconsin,0,24
401282719,2021,9,2021-10-30T16:00:00.000Z,Illinois,Rutgers,14,20
401282720,2021,10,2021-11-06T16:00:00.000Z,Minnesota,Illinois,6,14
401282721,2021,12,2021-11-20T19:00:00.000Z,Iowa,Illinois,33,23
401282722,2021,13,2021-11-27T20:30:00.000Z,Illinois,Northwestern,47,14
401282723,2021,1,2021-09-04T19:30:00.000Z,Iowa,Indiana,34,6
401282725,2021,3,2021-09-18T16:00:00.000Z,Indiana,Cincinnati,24,38
401282726,2021,9,2021-10-30T16:00:00.000Z,Maryland,Indiana,38,34
401282727,2021,10,2021-11-06T23:30:00.000Z,Michigan,Indiana,29,7
401282728,2021,11,2021-11-13T17:00:00.000Z,Indiana,Rutgers,3,38
401282729,2021,5,2021-10-02T23:30:00.000Z,Penn State,Indiana,24,0
401282730,2021,8,2021-10-23T23:30:00.000Z,Indiana,Ohio State,7,54
401282731,2021,7,2021-10-16T16:00:00.000Z,Indiana,Michigan State,15,20
401282732,2021,12,2021-11-20T20:30:00.000Z,Indiana,Minnesota,14,35
401282753,2021,13,2021-11-27T20:30:00.000Z,Purdue,Indiana,44,7
401282754,2021,2,2021-09-11T20:30:00.000Z,Iowa State,Iowa,17,27
401282755,2021,3,2021-09-18T19:30:00.000Z,Iowa,Kent State,30,7
401282756,2021,4,2021-09-25T19:30:00.000Z,Iowa,Colorado State,24,14
401282757,2021,10,2021-11-06T23:00:00.000Z,Northwestern,Iowa,12,17
401282758,2021,6,2021-10-09T20:00:00.000Z,Iowa,Penn State,23,20
401282759,2021,5,2021-10-02T00:00:00.000Z,Maryland,Iowa,14,51
401282760,2021,7,2021-10-16T19:30:00.000Z,Iowa,Purdue,7,24
401282761,2021,13,2021-11-26T18:30:00.000Z,Nebraska,Iowa,21,28
401282762,2021,11,2021-11-13T20:30:00.000Z,Iowa,Minnesota,27,22
401282763,2021,9,2021-10-30T16:00:00.000Z,Wisconsin,Iowa,26,7
401282764,2021,1,2021-09-04T19:30:00.000Z,Maryland,West Virginia,30,24
401282765,2021,4,2021-09-25T19:30:00.000Z,Maryland,Kent State,37,16
401282766,2021,13,2021-11-27T17:00:00.000Z,Rutgers,Maryland,2,13
401282767,2021,8,2021-10-23T19:30:00.000Z,Minnesota,Maryland,34,16
401282768,2021,10,2021-11-06T19:30:00.000Z,Maryland,Penn State,14,30
401282769,2021,6,2021-10-09T16:00:00.000Z,Ohio State,Maryland,66,17
401282770,2021,12,2021-11-20T20:30:00.000Z,Maryland,Michigan,18,59
401282771,2021,11,2021-11-13T21:00:00.000Z,Michigan State,Maryland,40,21
401282772,2021,1,2021-09-04T16:00:00.000Z,Michigan,Western Michigan,47,14
401282773,2021,2,2021-09-12T00:00:00.000Z,Michigan,Washington,31,10
401282774,2021,3,2021-09-18T16:00:00.000Z,Michigan,Northern Illinois,63,10
401282775,2021,4,2021-09-25T19:30:00.000Z,Michigan,Rutgers,20,13
401282776,2021,5,2021-10-02T16:00:00.000Z,Wisconsin,Michigan,17,38
401282777,2021,9,2021-10-30T16:00:00.000Z,Michigan State,Michigan,37,33
401282778,2021,6,2021-10-09T23:30:00.000Z,Nebraska,Michigan,29,32
401282779,2021,8,2021-10-23T16:00:00.000Z,Michigan,Northwestern,33,7
401282780,2021,11,2021-11-13T17:00:00.000Z,Penn State,Michigan,17,21
401282781,2021,13,2021-11-27T17:00:00.000Z,Michigan,Ohio State,42,27
401282782,2021,1,2021-09-04T01:00:00.000Z,Northwestern,Michigan State,21,38
401282784,2021,4,2021-09-25T23:00:00.000Z,Michigan State,Nebraska,23,20
401282785,2021,13,2021-11-27T20:30:00.000Z,Michigan State,Penn State,30,27
401282786,2021,12,2021-11-20T17:00:00.000Z,Ohio State,Michigan State,56,7
401282787,2021,10,2021-11-06T19:30:00.000Z,Purdue,Michigan State,40,29
401282788,2021,6,2021-10-09T16:00:00.000Z,Rutgers,Michigan State,13,31
401282789,2021,1,2021-09-03T00:00:00.000Z,Minnesota,Ohio State,31,45
401282790,2021,2,2021-09-11T16:00:00.000Z,Minnesota,Miami (OH),31,26
401282791,2021,3,2021-09-18T17:00:00.000Z,Colorado,Minnesota,0,30
401282792,2021,4,2021-09-25T16:00:00.000Z,Minnesota,Bowling Green,10,14
401282793,2021,5,2021-10-02T16:00:00.000Z,Purdue,Minnesota,13,20
401282794,2021,13,2021-11-27T21:00:00.000Z,Minnesota,Wisconsin,23,13
401282795,2021,9,2021-10-30T19:30:00.000Z,Northwestern,Minnesota,14,40
401282796,2021,7,2021-10-16T16:00:00.000Z,Minnesota,Nebraska,30,23
401282797,2021,2,2021-09-11T19:30:00.000Z,Nebraska,Buffalo,28,3
401282798,2021,3,2021-09-18T16:00:00.000Z,Oklahoma,Nebraska,23,16
401282799,2021,10,2021-11-06T16:00:00.000Z,Nebraska,Ohio State,17,26
401282800,2021,5,2021-10-02T23:30:00.000Z,Nebraska,Northwestern,56,7
401282801,2021,9,2021-10-30T19:30:00.000Z,Nebraska,Purdue,23,28
401282803,2021,12,2021-11-20T20:30:00.000Z,Wisconsin,Nebraska,35,28
401282805,2021,4,2021-09-25T16:00:00.000Z,Northwestern,Ohio,35,0
401282806,2021,11,2021-11-13T17:00:00.000Z,Wisconsin,Northwestern,35,7
401282807,2021,7,2021-10-16T16:00:00.000Z,Northwestern,Rutgers,21,7
401282808,2021,12,2021-11-20T17:00:00.000Z,Northwestern,Purdue,14,32
401282809,2021,2,2021-09-11T16:00:00.000Z,Ohio State,Oregon,28,35
401282810,2021,3,2021-09-18T19:30:00.000Z,Ohio State,Tulsa,41,20
401282811,2021,4,2021-09-25T23:30:00.000Z,Ohio State,Akron,59,7
401282812,2021,11,2021-11-13T20:30:00.000Z,Ohio State,Purdue,59,31
401282813,2021,5,2021-10-02T19:30:00.000Z,Rutgers,Ohio State,13,52
401282814,2021,9,2021-10-30T23:30:00.000Z,Ohio State,Penn State,33,24
401282815,2021,1,2021-09-04T16:00:00.000Z,Wisconsin,Penn State,10,16
401282816,2021,2,2021-09-11T19:30:00.000Z,Penn State,Ball State,44,13
401282818,2021,12,2021-11-20T17:00:00.000Z,Penn State,Rutgers,28,0
401282819,2021,1,2021-09-04T23:00:00.000Z,Purdue,Oregon State,30,21
401282820,2021,2,2021-09-11T19:00:00.000Z,UConn,Purdue,0,49
401282821,2021,8,2021-10-23T19:00:00.000Z,Purdue,Wisconsin,13,30
401282822,2021,1,2021-09-04T16:00:00.000Z,Rutgers,Temple,61,14
401282824,2021,10,2021-11-06T19:30:00.000Z,Rutgers,Wisconsin,3,52
401282825,2021,2,2021-09-11T23:00:00.000Z,Wisconsin,Eastern Michigan,34,7
401282826,2021,7,2021-10-17T00:00:00.000Z,Wisconsin,Army,20,14
401286187,2021,1,2021-08-28T18:00:00.000Z,Fresno State,UConn,45,0
401286189,2021,3,2021-09-18T16:00:00.000Z,Army,UConn,52,21
401286190,2021,4,2021-09-25T19:30:00.000Z,UConn,Wyoming,22,24
401286191,2021,6,2021-10-09T19:30:00.000Z,Massachusetts,UConn,27,13
401286293,2021,12,2021-11-20T21:00:00.000Z,UCF,UConn,49,17
401286295,2021,2,2021-09-11T23:00:00.000Z,Troy,Liberty,13,21
401286296,2021,7,2021-10-16T23:00:00.000Z,UL Monroe,Liberty,31,28
401286297,2021,9,2021-10-30T16:00:00.000Z,Liberty,Massachusetts,62,17
401286298,2021,12,2021-11-20T21:00:00.000Z,Liberty,Louisiana,14,42
401286299,2021,13,2021-11-27T17:00:00.000Z,Liberty,Army,16,31
401286300,2021,3,2021-09-18T19:30:00.000Z,Massachusetts,Eastern Michigan,28,42
401286301,2021,4,2021-09-25T17:00:00.000Z,Coastal Carolina,Massachusetts,53,3
401286302,2021,5,2021-10-02T16:00:00.000Z,Massachusetts,Toledo,7,45
401286305,2021,12,2021-11-20T17:00:00.000Z,Army,Massachusetts,33,17
401286306,2021,13,2021-11-27T20:00:00.000Z,New Mexico State,Massachusetts,44,27
401287886,2021,1,2021-09-04T23:00:00.000Z,Houston,Texas Tech,21,38
401287889,2021,1,2021-09-04T16:00:00.000Z,Kansas State,Stanford,24,7
401287892,2021,1,2021-09-04T20:30:00.000Z,Texas,Louisiana,38,18
401287893,2021,1,2021-09-04T23:00:00.000Z,Texas State,Baylor,20,29
401287894,2021,1,2021-09-04T16:00:00.000Z,Oklahoma,Tulane,40,35
401287896,2021,2,2021-09-10T23:30:00.000Z,Coastal Carolina,Kansas,49,22
401287899,2021,2,2021-09-11T16:00:00.000Z,Oklahoma State,Tulsa,28,23
401287900,2021,2,2021-09-11T19:30:00.000Z,TCU,California,34,32
401287903,2021,3,2021-09-19T01:00:00.000Z,Boise State,Oklahoma State,20,21
401287904,2021,3,2021-09-18T19:30:00.000Z,Kansas,Baylor,7,45
401287905,2021,3,2021-09-18T18:00:00.000Z,Kansas State,Nevada,38,17
401287906,2021,3,2021-09-19T02:30:00.000Z,UNLV,Iowa State,0,0
401287907,2021,4,2021-09-25T19:30:00.000Z,Baylor,Iowa State,31,29
401287908,2021,4,2021-09-25T23:30:00.000Z,Oklahoma,West Virginia,16,13
401287909,2021,4,2021-09-25T23:00:00.000Z,Oklahoma State,Kansas State,31,20
401287910,2021,4,2021-09-25T16:00:00.000Z,TCU,SMU,34,42
401287911,2021,4,2021-09-25T16:00:00.000Z,Texas,Texas Tech,70,35
401287912,2021,5,2021-10-02T23:00:00.000Z,Iowa State,Kansas,59,7
401287913,2021,5,2021-10-02T19:30:00.000Z,Kansas State,Oklahoma,31,37
401287914,2021,5,2021-10-02T23:00:00.000Z,Oklahoma State,Baylor,24,14
401287915,2021,5,2021-10-02T16:00:00.000Z,TCU,Texas,27,32
401287916,2021,5,2021-10-02T19:30:00.000Z,West Virginia,Texas Tech,20,23
401287917,2021,6,2021-10-09T16:00:00.000Z,Baylor,West Virginia,45,20
401287918,2021,6,2021-10-09T16:00:00.000Z,Texas,Oklahoma,48,55
401287919,2021,6,2021-10-09T23:00:00.000Z,Texas Tech,TCU,31,52
401287920,2021,7,2021-10-16T19:30:00.000Z,Baylor,BYU,38,24
401287921,2021,7,2021-10-16T20:00:00.000Z,Kansas,Texas Tech,14,41
401287922,2021,7,2021-10-16T23:30:00.000Z,Kansas State,Iowa State,20,33
401287923,2021,7,2021-10-16T23:30:00.000Z,Oklahoma,TCU,17,14
401287924,2021,7,2021-10-16T16:00:00.000Z,Texas,Oklahoma State,24,32
401287925,2021,8,2021-10-23T19:30:00.000Z,Iowa State,Oklahoma State,24,21
401287926,2021,8,2021-10-23T16:00:00.000Z,Kansas,Oklahoma,23,35
401287927,2021,8,2021-10-23T23:30:00.000Z,TCU,West Virginia,17,29
401287928,2021,8,2021-10-23T16:00:00.000Z,Texas Tech,Kansas State,24,25
401287929,2021,9,2021-10-30T16:00:00.000Z,Baylor,Texas,31,24
401287930,2021,9,2021-10-30T19:30:00.000Z,Kansas State,TCU,1,1
401287931,2021,9,2021-10-30T19:30:00.000Z,Oklahoma,Texas Tech,52,21
401287932,2021,9,2021-10-30T23:00:00.000Z,Oklahoma State,Kansas,55,3
401287933,2021,9,2021-10-30T18:00:00.000Z,West Virginia,Iowa State,38,31
401287934,2021,10,2021-11-06T23:30:00.000Z,Iowa State,Texas,30,7
401287935,2021,10,2021-11-06T16:00:00.000Z,Kansas,Kansas State,10,35
401287936,2021,10,2021-11-06T19:30:00.000Z,TCU,Baylor,30,28
401287937,2021,10,2021-11-06T19:30:00.000Z,West Virginia,Oklahoma State,3,24
401287938,2021,11,2021-11-13T17:00:00.000Z,Baylor,Oklahoma,7,7
401287939,2021,11,2021-11-13T17:00:00.000Z,Kansas State,West Virginia,34,17
401287940,2021,11,2021-11-14T01:00:00.000Z,Oklahoma State,TCU,0,0
401287941,2021,11,2021-11-14T00:30:00.000Z,Texas,Kansas,56,49
401287942,2021,11,2021-11-13T20:30:00.000Z,Texas Tech,Iowa State,38,38
401287943,2021,12,2021-11-20T22:30:00.000Z,Kansas State,Baylor,10,20
401287944,2021,12,2021-11-20T17:00:00.000Z,Oklahoma,Iowa State,28,21
401287945,2021,12,2021-11-20T21:00:00.000Z,TCU,Kansas,31,28
401287946,2021,12,2021-11-21T01:00:00.000Z,Texas Tech,Oklahoma State,0,23
401287947,2021,12,2021-11-20T17:00:00.000Z,West Virginia,Texas,31,23
401287948,2021,13,2021-11-27T17:00:00.000Z,Baylor,Texas Tech,27,24
401287949,2021,13,2021-11-26T21:30:00.000Z,Iowa State,TCU,48,14
401287950,2021,13,2021-11-28T00:00:00.000Z,Kansas,West Virginia,28,34
401287951,2021,13,2021-11-28T00:30:00.000Z,Oklahoma State,Oklahoma,37,33
401287952,2021,13,2021-11-26T17:00:00.000Z,Texas,Kansas State,22,17
401287953,2021,14,2021-12-04T17:00:00.000Z,Oklahoma State,Baylor,16,21
401300993,2021,1,2021-09-02T23:30:00.000Z,App State,East Carolina,33,19
401300995,2021,1,2021-09-02T23:00:00.000Z,UCF,Boise State,36,31
401300996,2021,1,2021-09-04T19:30:00.000Z,Cincinnati,Miami (OH),49,14
401300999,2021,2,2021-09-11T19:30:00.000Z,Akron,Temple,24,45
401301003,2021,2,2021-09-11T23:00:00.000Z,Arkansas State,Memphis,50,55
401301004,2021,2,2021-09-11T19:30:00.000Z,Navy,Air Force,3,23
401301008,2021,4,2021-09-25T23:00:00.000Z,Houston,Navy,28,20
401301009,2021,4,2021-09-26T02:15:00.000Z,BYU,South Florida,35,27
401301011,2021,4,2021-09-25T21:00:00.000Z,Tulsa,Arkansas State,0,0
401301012,2021,5,2021-10-01T23:30:00.000Z,Tulsa,Houston,10,45
401301013,2021,5,2021-10-02T19:30:00.000Z,Navy,UCF,34,30
401301014,2021,5,2021-10-02T19:30:00.000Z,East Carolina,Tulane,52,29
401301015,2021,5,2021-10-02T16:00:00.000Z,Temple,Memphis,34,31
401301016,2021,5,2021-10-02T20:00:00.000Z,SMU,South Florida,41,17
401301017,2021,6,2021-10-07T23:30:00.000Z,Tulane,Houston,22,40
401301018,2021,6,2021-10-08T23:00:00.000Z,Cincinnati,Temple,52,3
401301019,2021,6,2021-10-09T22:00:00.000Z,UCF,East Carolina,20,16
401301020,2021,6,2021-10-10T01:00:00.000Z,Tulsa,Memphis,35,29
401301021,2021,6,2021-10-09T19:30:00.000Z,Navy,SMU,24,31
401301022,2021,7,2021-10-14T23:30:00.000Z,Memphis,Navy,35,17
401301023,2021,7,2021-10-16T16:00:00.000Z,Cincinnati,UCF,56,21
401301024,2021,7,2021-10-16T16:00:00.000Z,South Florida,Tulsa,31,32
401301025,2021,8,2021-10-21T23:30:00.000Z,SMU,Tulane,55,26
401301026,2021,8,2021-10-22T23:00:00.000Z,UCF,Memphis,24,7
401301027,2021,8,2021-10-23T16:00:00.000Z,Navy,Cincinnati,20,27
401301028,2021,8,2021-10-23T20:00:00.000Z,Houston,East Carolina,31,24
401301029,2021,8,2021-10-23T23:00:00.000Z,South Florida,Temple,34,14
401301030,2021,9,2021-10-29T23:30:00.000Z,Tulsa,Navy,17,20
401301031,2021,9,2021-10-30T16:00:00.000Z,Temple,UCF,7,49
401301032,2021,9,2021-10-30T16:00:00.000Z,Tulane,Cincinnati,12,31
401301033,2021,9,2021-10-28T23:30:00.000Z,East Carolina,South Florida,29,14
401301034,2021,9,2021-10-30T23:00:00.000Z,Houston,SMU,44,37
401301035,2021,10,2021-11-06T19:00:00.000Z,East Carolina,Temple,45,3
401301036,2021,10,2021-11-06T20:00:00.000Z,UCF,Tulane,14,10
401301037,2021,10,2021-11-06T19:30:00.000Z,Cincinnati,Tulsa,28,20
401301038,2021,10,2021-11-06T23:30:00.000Z,South Florida,Houston,42,54
401301039,2021,10,2021-11-06T16:00:00.000Z,Memphis,SMU,28,24
401301040,2021,11,2021-11-12T23:00:00.000Z,South Florida,Cincinnati,28,45
401301041,2021,11,2021-11-13T17:00:00.000Z,SMU,UCF,55,28
401301042,2021,11,2021-11-13T17:00:00.000Z,Memphis,East Carolina,29,30
401301043,2021,11,2021-11-13T17:00:00.000Z,Temple,Houston,8,37
401301044,2021,11,2021-11-13T21:00:00.000Z,Tulane,Tulsa,13,13
401301045,2021,12,2021-11-20T02:00:00.000Z,Houston,Memphis,31,13
401301046,2021,12,2021-11-20T20:30:00.000Z,Cincinnati,SMU,48,14
401301047,2021,12,2021-11-20T20:30:00.000Z,Navy,East Carolina,35,38
401301048,2021,12,2021-11-20T17:00:00.000Z,Tulane,South Florida,45,14
401301049,2021,12,2021-11-20T21:00:00.000Z,Tulsa,Temple,44,10
401301050,2021,13,2021-11-26T20:30:00.000Z,UCF,South Florida,17,13
401301051,2021,13,2021-11-26T20:30:00.000Z,East Carolina,Cincinnati,13,35
401301052,2021,13,2021-11-27T17:00:00.000Z,UConn,Houston,17,45
401301053,2021,13,2021-11-28T00:30:00.000Z,Memphis,Tulane,33,28
401301054,2021,13,2021-11-27T17:00:00.000Z,Temple,Navy,14,38
401301055,2021,13,2021-11-27T21:00:00.000Z,SMU,Tulsa,31,34
401301056,2021,15,2021-12-11T20:00:00.000Z,Army,Navy,17,13
401308834,2021,4,2021-09-25T16:00:00.000Z,Army,Miami (OH),23,10
401308835,2021,5,2021-10-02T19:30:00.000Z,Miami (OH),Central Michigan,0,0
401308836,2021,6,2021-10-09T19:30:00.000Z,Eastern Michigan,Miami (OH),13,12
401308837,2021,7,2021-10-16T18:30:00.000Z,Miami (OH),Akron,34,21
401308838,2021,8,2021-10-23T19:30:00.000Z,Ball State,Miami (OH),17,24
401308839,2021,10,2021-11-02T23:30:00.000Z,Ohio,Miami (OH),35,33
401308840,2021,11,2021-11-10T00:00:00.000Z,Miami (OH),Buffalo,45,18
401308841,2021,12,2021-11-17T01:00:00.000Z,Miami (OH),Bowling Green,34,7
401308842,2021,13,2021-11-27T17:00:00.000Z,Kent State,Miami (OH),48,41
401309546,2021,2,2021-09-11T20:00:00.000Z,Bowling Green,South Alabama,19,18
401309547,2021,2,2021-09-11T17:30:00.000Z,Northern Illinois,Wyoming,43,52
401309549,2021,3,2021-09-18T20:00:00.000Z,Wyoming,Ball State,45,12
401309552,2021,3,2021-09-18T16:00:00.000Z,Buffalo,Coastal Carolina,25,28
401309553,2021,3,2021-09-18T20:00:00.000Z,Toledo,Colorado State,6,22
401309554,2021,4,2021-09-25T18:00:00.000Z,Western Michigan,San José State,23,3
401309555,2021,4,2021-09-25T18:00:00.000Z,Ball State,Toledo,12,20
401309557,2021,4,2021-09-25T18:00:00.000Z,Eastern Michigan,Texas State,59,21
401309558,2021,5,2021-10-02T18:30:00.000Z,Northern Illinois,Eastern Michigan,27,20
401309559,2021,5,2021-10-02T21:00:00.000Z,Ball State,Army,28,16
401309560,2021,5,2021-10-02T19:30:00.000Z,Akron,Ohio,0,2
401309561,2021,5,2021-10-02T16:00:00.000Z,Buffalo,Western Michigan,17,24
401309562,2021,5,2021-10-02T19:30:00.000Z,Kent State,Bowling Green,27,20
401309563,2021,6,2021-10-09T19:30:00.000Z,Western Michigan,Ball State,20,45
401309564,2021,6,2021-10-09T16:00:00.000Z,Toledo,Northern Illinois,20,22
401309565,2021,6,2021-10-09T23:00:00.000Z,Kent State,Buffalo,48,38
401309566,2021,6,2021-10-09T16:00:00.000Z,Bowling Green,Akron,0,0
401309567,2021,6,2021-10-09T19:30:00.000Z,Ohio,Central Michigan,27,30
401309568,2021,7,2021-10-16T18:00:00.000Z,Eastern Michigan,Ball State,31,38
401309569,2021,7,2021-10-16T19:30:00.000Z,Central Michigan,Toledo,23,23
401309570,2021,7,2021-10-16T19:30:00.000Z,Northern Illinois,Bowling Green,34,26
401309571,2021,7,2021-10-16T16:00:00.000Z,Buffalo,Ohio,24,26
401309572,2021,7,2021-10-16T19:30:00.000Z,Western Michigan,Kent State,64,31
401309573,2021,8,2021-10-23T19:30:00.000Z,Toledo,Western Michigan,34,15
401309574,2021,8,2021-10-23T16:00:00.000Z,Bowling Green,Eastern Michigan,0,0
401309575,2021,8,2021-10-23T19:30:00.000Z,Akron,Buffalo,10,42
401309576,2021,8,2021-10-23T17:00:00.000Z,Ohio,Kent State,27,34
401309577,2021,8,2021-10-23T16:00:00.000Z,Central Michigan,Northern Illinois,38,39
401309578,2021,9,2021-10-30T16:00:00.000Z,Buffalo,Bowling Green,44,55
401309579,2021,10,2021-11-02T23:00:00.000Z,Akron,Ball State,16,31
401309580,2021,10,2021-11-02T23:30:00.000Z,Toledo,Eastern Michigan,49,52
401309581,2021,10,2021-11-03T23:00:00.000Z,Western Michigan,Central Michigan,30,42
401309582,2021,10,2021-11-03T23:00:00.000Z,Kent State,Northern Illinois,52,47
401309583,2021,11,2021-11-10T01:00:00.000Z,Eastern Michigan,Ohio,26,34
401309584,2021,11,2021-11-10T00:00:00.000Z,Western Michigan,Akron,45,40
401309585,2021,11,2021-11-11T00:00:00.000Z,Bowling Green,Toledo,17,49
401309586,2021,11,2021-11-11T01:00:00.000Z,Central Michigan,Kent State,54,30
401309587,2021,11,2021-11-11T00:00:00.000Z,Northern Illinois,Ball State,30,29
401309588,2021,12,2021-11-17T00:30:00.000Z,Eastern Michigan,Western Michigan,22,21
401309589,2021,12,2021-11-17T00:00:00.000Z,Ohio,Toledo,23,35
401309590,2021,12,2021-11-18T00:00:00.000Z,Buffalo,Northern Illinois,27,27
401309591,2021,12,2021-11-18T00:00:00.000Z,Ball State,Central Michigan,17,37
401309592,2021,12,2021-11-20T17:00:00.000Z,Akron,Kent State,0,0
401309593,2021,13,2021-11-24T00:00:00.000Z,Ball State,Buffalo,20,3
401309594,2021,13,2021-11-24T00:00:00.000Z,Northern Illinois,Western Michigan,21,42
401309595,2021,13,2021-11-26T17:00:00.000Z,Central Michigan,Eastern Michigan,31,10
401309596,2021,13,2021-11-26T17:00:00.000Z,Bowling Green,Ohio,21,10
401309597,2021,13,2021-11-27T17:00:00.000Z,Toledo,Akron,49,14
401309601,2021,1,2021-09-04T16:00:00.000Z,Georgia State,Army,10,43
401309605,2021,3,2021-09-18T20:15:00.000Z,Washington,Arkansas State,52,3
401309606,2021,3,2021-09-17T00:00:00.000Z,Louisiana,Ohio,49,14
401309610,2021,4,2021-09-25T22:00:00.000Z,Georgia Southern,Louisiana,20,28
401309611,2021,4,2021-09-26T00:00:00.000Z,UL Monroe,Troy,29,16
401309612,2021,5,2021-10-02T18:00:00.000Z,Georgia State,App State,16,45
401309613,2021,5,2021-10-02T20:00:00.000Z,Georgia Southern,Arkansas State,59,33
401309614,2021,5,2021-10-02T18:30:00.000Z,Coastal Carolina,UL Monroe,59,6
401309615,2021,5,2021-10-03T00:00:00.000Z,South Alabama,Louisiana,0,0
401309616,2021,6,2021-10-07T23:30:00.000Z,Arkansas State,Coastal Carolina,20,52
401309617,2021,6,2021-10-09T23:00:00.000Z,Troy,Georgia Southern,27,24
401309618,2021,6,2021-10-10T00:00:00.000Z,UL Monroe,Georgia State,21,55
401309619,2021,6,2021-10-09T23:00:00.000Z,Texas State,South Alabama,0,0
401309620,2021,7,2021-10-12T23:30:00.000Z,Louisiana,App State,41,13
401309621,2021,7,2021-10-14T23:30:00.000Z,South Alabama,Georgia Southern,41,14
401309622,2021,7,2021-10-16T19:00:00.000Z,Texas State,Troy,28,31
401309623,2021,8,2021-10-20T23:30:00.000Z,App State,Coastal Carolina,30,27
401309624,2021,8,2021-10-21T23:30:00.000Z,Arkansas State,Louisiana,27,28
401309625,2021,8,2021-10-23T18:00:00.000Z,Georgia State,Texas State,28,16
401309626,2021,8,2021-10-23T23:00:00.000Z,UL Monroe,South Alabama,41,31
401309627,2021,9,2021-10-28T23:30:00.000Z,Coastal Carolina,Troy,35,28
401309628,2021,9,2021-10-30T19:30:00.000Z,App State,UL Monroe,59,27
401309629,2021,9,2021-10-30T21:00:00.000Z,South Alabama,Arkansas State,31,13
401309630,2021,9,2021-10-30T22:00:00.000Z,Georgia Southern,Georgia State,0,0
401309631,2021,9,2021-10-30T16:00:00.000Z,Louisiana,Texas State,44,0
401309632,2021,10,2021-11-04T23:30:00.000Z,Louisiana,Georgia State,21,17
401309633,2021,10,2021-11-06T18:00:00.000Z,Arkansas State,App State,14,31
401309634,2021,10,2021-11-06T22:00:00.000Z,Georgia Southern,Coastal Carolina,8,28
401309635,2021,10,2021-11-06T19:00:00.000Z,Texas State,UL Monroe,27,19
401309636,2021,10,2021-11-06T19:30:00.000Z,Troy,South Alabama,31,24
401309637,2021,11,2021-11-13T19:30:00.000Z,App State,South Alabama,31,7
401309638,2021,11,2021-11-13T22:00:00.000Z,UL Monroe,Arkansas State,24,27
401309639,2021,11,2021-11-13T19:00:00.000Z,Coastal Carolina,Georgia State,40,42
401309640,2021,11,2021-11-13T20:00:00.000Z,Texas State,Georgia Southern,30,38
401309641,2021,11,2021-11-13T20:30:00.000Z,Troy,Louisiana,21,35
401309642,2021,12,2021-11-20T20:30:00.000Z,Troy,App State,7,45
401309643,2021,12,2021-11-20T19:00:00.000Z,Georgia State,Arkansas State,0,0
401309644,2021,12,2021-11-20T18:00:00.000Z,Coastal Carolina,Texas State,35,21
401309645,2021,12,2021-11-20T21:00:00.000Z,Georgia Southern,BYU,17,34
401309646,2021,13,2021-11-27T19:30:00.000Z,App State,Georgia Southern,27,3
401309647,2021,13,2021-11-27T19:00:00.000Z,Arkansas State,Texas State,22,24
401309648,2021,13,2021-11-26T20:30:00.000Z,South Alabama,Coastal Carolina,21,27
401309649,2021,13,2021-11-27T19:00:00.000Z,Georgia State,Troy,37,10
401309650,2021,13,2021-11-27T21:00:00.000Z,Louisiana,UL Monroe,21,16
401309833,2021,1,2021-08-28T19:30:00.000Z,UCLA,Hawai'i,44,10
401309837,2021,1,2021-09-05T02:30:00.000Z,California,Nevada,17,22
401309838,2021,1,2021-09-04T18:00:00.000Z,Oregon,Fresno State,31,24
401309840,2021,1,2021-09-05T03:00:00.000Z,Washington State,Utah State,23,26
401309841,2021,1,2021-09-05T02:30:00.000Z,Arizona,BYU,16,24
401309842,2021,1,2021-09-04T21:00:00.000Z,USC,San José State,0,0
401309843,2021,2,2021-09-12T02:30:00.000Z,USC,Stanford,28,42
401309844,2021,2,2021-09-12T03:00:00.000Z,Oregon State,Hawai'i,45,27
401309846,2021,2,2021-09-12T02:00:00.000Z,Arizona,San Diego State,14,38
401309847,2021,2,2021-09-12T02:30:00.000Z,Arizona State,UNLV,37,10
401309848,2021,2,2021-09-12T02:15:00.000Z,BYU,Utah,26,17
401309852,2021,3,2021-09-18T19:30:00.000Z,Washington State,USC,14,45
401309854,2021,3,2021-09-19T02:15:00.000Z,BYU,Arizona State,27,17
401309855,2021,3,2021-09-19T02:45:00.000Z,UCLA,Fresno State,37,40
401309856,2021,3,2021-09-18T23:00:00.000Z,San Diego State,Utah,31,31
401309857,2021,4,2021-09-26T01:30:00.000Z,Washington,California,24,24
401309858,2021,4,2021-09-25T22:00:00.000Z,Stanford,UCLA,24,35
401309859,2021,4,2021-09-26T02:30:00.000Z,Oregon,Arizona,41,19
401309860,2021,4,2021-09-26T02:30:00.000Z,USC,Oregon State,27,45
401309861,2021,4,2021-09-25T18:30:00.000Z,Utah,Washington State,24,13
401309862,2021,4,2021-09-26T02:30:00.000Z,Arizona State,Colorado,35,13
401309863,2021,5,2021-10-02T21:30:00.000Z,California,Washington State,6,21
401309864,2021,5,2021-10-02T19:30:00.000Z,Stanford,Oregon,31,24
401309865,2021,5,2021-10-03T01:00:00.000Z,Oregon State,Washington,24,24
401309866,2021,5,2021-10-03T02:30:00.000Z,UCLA,Arizona State,23,42
401309867,2021,5,2021-10-02T18:00:00.000Z,Colorado,USC,14,37
401309868,2021,6,2021-10-09T02:30:00.000Z,Arizona State,Stanford,28,10
401309869,2021,6,2021-10-09T20:00:00.000Z,Washington State,Oregon State,31,24
401309870,2021,6,2021-10-10T02:30:00.000Z,Arizona,UCLA,16,34
401309871,2021,6,2021-10-10T00:00:00.000Z,USC,Utah,26,42
401309872,2021,7,2021-10-16T02:30:00.000Z,Oregon,California,24,17
401309873,2021,7,2021-10-16T23:30:00.000Z,Washington State,Stanford,34,31
401309874,2021,7,2021-10-17T00:30:00.000Z,Washington,UCLA,17,24
401309875,2021,7,2021-10-16T19:30:00.000Z,Colorado,Arizona,34,0
401309876,2021,7,2021-10-17T02:00:00.000Z,Utah,Arizona State,35,21
401309877,2021,8,2021-10-23T02:30:00.000Z,Arizona,Washington,16,21
401309878,2021,8,2021-10-23T19:30:00.000Z,California,Colorado,26,3
401309879,2021,8,2021-10-23T19:30:00.000Z,UCLA,Oregon,31,34
401309880,2021,8,2021-10-23T23:30:00.000Z,Oregon State,Utah,42,34
401309881,2021,8,2021-10-23T19:30:00.000Z,Washington State,BYU,19,21
401309882,2021,9,2021-10-30T23:00:00.000Z,California,Oregon State,41,25
401309883,2021,9,2021-10-31T02:30:00.000Z,Stanford,Washington,13,20
401309884,2021,9,2021-10-30T19:30:00.000Z,Oregon,Colorado,52,29
401309885,2021,9,2021-10-30T19:00:00.000Z,Arizona State,Washington State,21,34
401309886,2021,9,2021-10-30T23:00:00.000Z,USC,Arizona,41,34
401309887,2021,9,2021-10-31T02:00:00.000Z,Utah,UCLA,44,24
401309888,2021,10,2021-11-06T02:30:00.000Z,Stanford,Utah,7,52
401309889,2021,10,2021-11-06T19:00:00.000Z,Arizona,California,10,3
401309890,2021,10,2021-11-06T23:30:00.000Z,Washington,Oregon,16,26
401309891,2021,10,2021-11-06T23:00:00.000Z,Colorado,Oregon State,37,34
401309892,2021,10,2021-11-07T02:30:00.000Z,Arizona State,USC,31,16
401309894,2021,11,2021-11-13T22:30:00.000Z,Oregon State,Stanford,35,14
401309895,2021,11,2021-11-14T03:30:00.000Z,Oregon,Washington State,38,24
401309896,2021,11,2021-11-13T19:00:00.000Z,Arizona,Utah,29,38
401309897,2021,11,2021-11-14T00:00:00.000Z,Washington,Arizona State,30,35
401309898,2021,11,2021-11-14T02:00:00.000Z,UCLA,Colorado,44,20
401309899,2021,12,2021-11-20T02:00:00.000Z,Washington State,Arizona,44,18
401309900,2021,12,2021-11-21T00:00:00.000Z,Stanford,California,11,41
401309901,2021,12,2021-11-21T00:30:00.000Z,Utah,Oregon,38,7
401309902,2021,12,2021-11-21T03:30:00.000Z,Oregon State,Arizona State,24,10
401309903,2021,12,2021-11-20T20:00:00.000Z,Colorado,Washington,20,17
401309904,2021,12,2021-11-20T21:00:00.000Z,USC,UCLA,33,62
401309905,2021,13,2021-11-27T01:00:00.000Z,Washington,Washington State,13,40
401309906,2021,13,2021-11-26T21:00:00.000Z,Utah,Colorado,28,13
401309907,2021,13,2021-11-28T03:30:00.000Z,UCLA,California,42,14
401309908,2021,13,2021-11-27T20:30:00.000Z,Oregon,Oregon State,38,29
401309909,2021,13,2021-11-27T21:00:00.000Z,Arizona State,Arizona,38,15
401309910,2021,13,2021-11-28T03:30:00.000Z,USC,BYU,31,35
401309912,2021,5,2021-10-02T01:00:00.000Z,Utah State,BYU,20,34
401309913,2021,6,2021-10-09T19:30:00.000Z,BYU,Boise State,17,26
401309937,2021,1,2021-09-03T22:00:00.000Z,Virginia Tech,North Carolina,17,10
401310253,2021,10,2021-11-06T15:30:00.000Z,Air Force,Army,14,21
401310676,2021,14,2021-12-04T20:00:00.000Z,San Diego State,Utah State,13,46
401310699,2021,1,2021-09-05T02:30:00.000Z,San Diego State,New Mexico State,0,0
401310700,2021,2,2021-09-11T23:00:00.000Z,New Mexico,New Mexico State,34,25
401310704,2021,3,2021-09-18T23:30:00.000Z,Air Force,Utah State,45,49
401310705,2021,3,2021-09-19T04:30:00.000Z,Hawai'i,San José State,13,17
401310706,2021,4,2021-09-25T16:00:00.000Z,Utah State,Boise State,3,27
401310707,2021,4,2021-09-25T02:00:00.000Z,Fresno State,UNLV,38,30
401310708,2021,4,2021-09-26T00:00:00.000Z,New Mexico State,Hawai'i,21,41
401310710,2021,5,2021-10-02T22:30:00.000Z,New Mexico,Air Force,10,38
401310711,2021,5,2021-10-02T19:30:00.000Z,Boise State,Nevada,31,41
401310712,2021,5,2021-10-03T03:00:00.000Z,Hawai'i,Fresno State,27,24
401310713,2021,5,2021-10-03T02:30:00.000Z,San José State,New Mexico State,37,31
401310714,2021,6,2021-10-09T23:00:00.000Z,Air Force,Wyoming,24,14
401310715,2021,6,2021-10-09T19:30:00.000Z,Colorado State,San José State,32,14
401310716,2021,6,2021-10-10T01:00:00.000Z,San Diego State,New Mexico,31,7
401310717,2021,6,2021-10-10T02:30:00.000Z,Nevada,New Mexico State,55,28
401310718,2021,7,2021-10-17T01:00:00.000Z,Boise State,Air Force,17,24
401310719,2021,7,2021-10-16T23:00:00.000Z,New Mexico,Colorado State,7,36
401310720,2021,7,2021-10-16T23:00:00.000Z,UNLV,Utah State,24,28
401310721,2021,7,2021-10-16T19:30:00.000Z,Wyoming,Fresno State,0,17
401310722,2021,7,2021-10-17T02:30:00.000Z,Nevada,Hawai'i,34,17
401310723,2021,7,2021-10-16T02:30:00.000Z,San José State,San Diego State,20,13
401310724,2021,8,2021-10-23T23:00:00.000Z,Air Force,San Diego State,14,20
401310725,2021,8,2021-10-23T01:30:00.000Z,Utah State,Colorado State,26,24
401310726,2021,8,2021-10-23T19:30:00.000Z,Wyoming,New Mexico,3,14
401310727,2021,8,2021-10-23T23:00:00.000Z,Fresno State,Nevada,34,26
401310728,2021,8,2021-10-24T03:59:00.000Z,Hawai'i,New Mexico State,48,34
401310729,2021,8,2021-10-22T03:00:00.000Z,UNLV,San José State,20,27
401310730,2021,9,2021-10-30T23:00:00.000Z,Colorado State,Boise State,19,27
401310731,2021,9,2021-10-30T19:00:00.000Z,Utah State,Hawai'i,44,31
401310732,2021,9,2021-10-30T20:00:00.000Z,San José State,Wyoming,27,20
401310733,2021,9,2021-10-31T02:30:00.000Z,San Diego State,Fresno State,19,30
401310734,2021,9,2021-10-30T02:00:00.000Z,Nevada,UNLV,51,20
401310735,2021,10,2021-11-06T23:00:00.000Z,Fresno State,Boise State,14,40
401310736,2021,10,2021-11-06T19:30:00.000Z,Wyoming,Colorado State,31,16
401310737,2021,10,2021-11-06T23:00:00.000Z,New Mexico,UNLV,17,30
401310738,2021,10,2021-11-06T20:00:00.000Z,New Mexico State,Utah State,13,35
401310739,2021,10,2021-11-07T03:00:00.000Z,Hawai'i,San Diego State,10,17
401310740,2021,10,2021-11-07T02:00:00.000Z,Nevada,San José State,27,24
401310741,2021,11,2021-11-14T00:00:00.000Z,Colorado State,Air Force,21,35
401310742,2021,11,2021-11-13T02:00:00.000Z,Boise State,Wyoming,23,13
401310743,2021,11,2021-11-14T00:00:00.000Z,Fresno State,New Mexico,34,7
401310744,2021,11,2021-11-14T03:30:00.000Z,San José State,Utah State,17,48
401310745,2021,11,2021-11-13T21:00:00.000Z,UNLV,Hawai'i,0,0
401310746,2021,11,2021-11-14T03:30:00.000Z,San Diego State,Nevada,23,21
401310747,2021,12,2021-11-20T02:00:00.000Z,Nevada,Air Force,24,24
401310748,2021,12,2021-11-21T02:00:00.000Z,Boise State,New Mexico,37,0
401310749,2021,12,2021-11-21T04:00:00.000Z,Hawai'i,Colorado State,50,45
401310750,2021,12,2021-11-21T01:00:00.000Z,Utah State,Wyoming,17,44
401310751,2021,12,2021-11-20T04:30:00.000Z,UNLV,San Diego State,20,28
401310752,2021,13,2021-11-26T20:30:00.000Z,Air Force,UNLV,48,14
401310753,2021,13,2021-11-26T17:00:00.000Z,San Diego State,Boise State,27,16
401310754,2021,13,2021-11-28T02:00:00.000Z,Colorado State,Nevada,10,52
401310755,2021,13,2021-11-26T18:00:00.000Z,New Mexico,Utah State,10,35
401310756,2021,13,2021-11-27T20:00:00.000Z,Wyoming,Hawai'i,14,38
401310757,2021,13,2021-11-25T20:30:00.000Z,San José State,Fresno State,9,40
401331159,2021,14,2021-12-04T01:00:00.000Z,Utah,Oregon,38,10
401331160,2021,14,2021-12-04T17:00:00.000Z,Northern Illinois,Kent State,41,23
401331161,2021,14,2021-12-04T20:30:00.000Z,Louisiana,App State,24,16
401331162,2021,14,2021-12-04T21:00:00.000Z,Cincinnati,Houston,35,20
401331163,2021,14,2021-12-05T01:00:00.000Z,Wake Forest,Pittsburgh,21,45
401331447,2021,14,2021-12-05T01:00:00.000Z,Iowa,Michigan,3,42
401387250,2021,14,2021-12-05T04:00:00.000Z,California,USC,24,14
401403853,2022,1,2022-08-28T02:30:00.000Z,Hawai'i,Vanderbilt,10,63
401403854,2022,1,2022-09-03T23:30:00.000Z,Alabama,Utah State,55,0
401403855,2022,1,2022-09-03T19:30:00.000Z,Arkansas,Cincinnati,31,24
401403857,2022,1,2022-09-03T23:00:00.000Z,Florida,Utah,29,26
401403858,2022,1,2022-09-03T19:30:00.000Z,Georgia,Oregon,49,3
401403859,2022,1,2022-09-03T23:00:00.000Z,Kentucky,Miami (OH),37,13
401403860,2022,1,2022-09-03T20:00:00.000Z,Ole Miss,Troy,28,10
401403861,2022,1,2022-09-03T23:30:00.000Z,Mississippi State,Memphis,49,23
401403863,2022,1,2022-09-03T23:30:00.000Z,South Carolina,Georgia State,35,14
401403864,2022,1,2022-09-01T23:00:00.000Z,Tennessee,Ball State,59,10
401403867,2022,1,2022-09-04T23:30:00.000Z,Florida State,LSU,23,24
401403868,2022,2,2022-09-10T16:00:00.000Z,Texas,Alabama,19,20
401403869,2022,2,2022-09-10T16:00:00.000Z,Arkansas,South Carolina,44,30
401403870,2022,2,2022-09-10T23:30:00.000Z,Auburn,San José State,24,16
401403871,2022,2,2022-09-10T23:00:00.000Z,Florida,Kentucky,16,26
401403875,2022,2,2022-09-11T03:00:00.000Z,Arizona,Mississippi State,17,39
401403876,2022,2,2022-09-10T16:00:00.000Z,Kansas State,Missouri,40,6
401403877,2022,2,2022-09-10T19:30:00.000Z,Pittsburgh,Tennessee,27,34
401403878,2022,2,2022-09-10T19:30:00.000Z,Texas A&M,App State,14,17
401403879,2022,2,2022-09-10T16:00:00.000Z,Vanderbilt,Wake Forest,25,45
401403880,2022,3,2022-09-17T20:00:00.000Z,Alabama,UL Monroe,63,7
401403882,2022,3,2022-09-17T19:30:00.000Z,Auburn,Penn State,12,41
401403883,2022,3,2022-09-17T23:30:00.000Z,Florida,South Florida,31,28
401403885,2022,3,2022-09-17T22:00:00.000Z,LSU,Mississippi State,31,16
401403886,2022,3,2022-09-17T19:30:00.000Z,Georgia Tech,Ole Miss,0,42
401403888,2022,3,2022-09-17T16:00:00.000Z,South Carolina,Georgia,7,48
401403889,2022,3,2022-09-17T23:00:00.000Z,Tennessee,Akron,63,6
401403890,2022,3,2022-09-18T01:00:00.000Z,Texas A&M,Miami,17,9
401403891,2022,3,2022-09-17T19:30:00.000Z,Northern Illinois,Vanderbilt,28,38
401403892,2022,4,2022-09-24T23:30:00.000Z,Alabama,Vanderbilt,55,3
401403893,2022,4,2022-09-24T23:00:00.000Z,Texas A&M,Arkansas,23,21
401403894,2022,4,2022-09-24T16:00:00.000Z,Auburn,Missouri,17,14
401403895,2022,4,2022-09-24T16:00:00.000Z,Georgia,Kent State,39,22
401403896,2022,4,2022-09-24T23:00:00.000Z,Kentucky,Northern Illinois,31,23
401403897,2022,4,2022-09-24T23:30:00.000Z,LSU,New Mexico,38,0
401403898,2022,4,2022-09-24T20:00:00.000Z,Ole Miss,Tulsa,35,27
401403899,2022,4,2022-09-24T16:00:00.000Z,Mississippi State,Bowling Green,45,14
401403901,2022,4,2022-09-24T19:30:00.000Z,Tennessee,Florida,38,33
401403902,2022,5,2022-10-01T19:30:00.000Z,Arkansas,Alabama,26,49
401403903,2022,5,2022-10-01T23:00:00.000Z,Auburn,LSU,17,21
401403905,2022,5,2022-10-01T16:00:00.000Z,Ole Miss,Kentucky,22,19
401403906,2022,5,2022-10-01T20:00:00.000Z,Mississippi State,Texas A&M,42,24
401403907,2022,5,2022-10-01T23:30:00.000Z,Missouri,Georgia,22,26
401403909,2022,6,2022-10-09T00:00:00.000Z,Alabama,Texas A&M,24,20
401403910,2022,6,2022-10-08T16:00:00.000Z,Florida,Missouri,24,17
401403911,2022,6,2022-10-08T19:30:00.000Z,Georgia,Auburn,42,10
401403912,2022,6,2022-10-08T23:30:00.000Z,Kentucky,South Carolina,14,24
401403913,2022,6,2022-10-08T16:00:00.000Z,LSU,Tennessee,13,40
401403914,2022,6,2022-10-08T16:00:00.000Z,Mississippi State,Arkansas,40,17
401403915,2022,6,2022-10-08T20:00:00.000Z,Vanderbilt,Ole Miss,28,52
401403916,2022,7,2022-10-15T19:30:00.000Z,BYU,Arkansas,35,52
401403917,2022,7,2022-10-15T23:00:00.000Z,Florida,LSU,35,45
401403918,2022,7,2022-10-15T19:30:00.000Z,Georgia,Vanderbilt,55,0
401403919,2022,7,2022-10-15T23:30:00.000Z,Kentucky,Mississippi State,27,17
401403920,2022,7,2022-10-15T16:00:00.000Z,Ole Miss,Auburn,48,34
401403921,2022,7,2022-10-15T19:30:00.000Z,Tennessee,Alabama,52,49
401403922,2022,8,2022-10-22T23:00:00.000Z,Alabama,Mississippi State,30,6
401403923,2022,8,2022-10-22T19:30:00.000Z,LSU,Ole Miss,45,20
401403924,2022,8,2022-10-22T20:00:00.000Z,Missouri,Vanderbilt,17,14
401403925,2022,8,2022-10-22T23:30:00.000Z,South Carolina,Texas A&M,30,24
401403927,2022,9,2022-10-29T16:00:00.000Z,Auburn,Arkansas,27,41
401403928,2022,9,2022-10-29T19:30:00.000Z,Georgia,Florida,42,20
401403929,2022,9,2022-10-29T20:00:00.000Z,South Carolina,Missouri,10,23
401403930,2022,9,2022-10-29T23:00:00.000Z,Tennessee,Kentucky,44,6
401403931,2022,9,2022-10-29T23:30:00.000Z,Texas A&M,Ole Miss,28,31
401403932,2022,10,2022-11-05T20:00:00.000Z,Arkansas,Liberty,19,21
401403933,2022,10,2022-11-05T19:30:00.000Z,Georgia,Tennessee,27,13
401403934,2022,10,2022-11-05T23:00:00.000Z,LSU,Alabama,32,31
401403935,2022,10,2022-11-05T23:30:00.000Z,Mississippi State,Auburn,39,33
401403936,2022,10,2022-11-05T16:00:00.000Z,Missouri,Kentucky,17,21
401403937,2022,10,2022-11-05T16:00:00.000Z,Texas A&M,Florida,24,41
401403938,2022,10,2022-11-05T23:30:00.000Z,Vanderbilt,South Carolina,27,38
401403939,2022,11,2022-11-12T17:00:00.000Z,Arkansas,LSU,10,13
401403940,2022,11,2022-11-13T00:30:00.000Z,Auburn,Texas A&M,13,10
401403941,2022,11,2022-11-12T21:00:00.000Z,Florida,South Carolina,38,6
401403942,2022,11,2022-11-12T17:00:00.000Z,Kentucky,Vanderbilt,21,24
401403943,2022,11,2022-11-12T20:30:00.000Z,Ole Miss,Alabama,24,30
401403944,2022,11,2022-11-13T00:00:00.000Z,Mississippi State,Georgia,19,45
401403945,2022,11,2022-11-12T17:00:00.000Z,Tennessee,Missouri,66,24
401403947,2022,12,2022-11-20T00:30:00.000Z,Arkansas,Ole Miss,42,27
401403949,2022,12,2022-11-19T20:30:00.000Z,Kentucky,Georgia,6,16
401403952,2022,12,2022-11-20T00:30:00.000Z,Missouri,New Mexico State,45,14
401403953,2022,12,2022-11-20T00:00:00.000Z,South Carolina,Tennessee,63,38
401403954,2022,12,2022-11-19T17:00:00.000Z,Texas A&M,Massachusetts,20,3
401403955,2022,12,2022-11-19T17:00:00.000Z,Vanderbilt,Florida,31,24
401403956,2022,13,2022-11-25T00:00:00.000Z,Ole Miss,Mississippi State,22,24
401403957,2022,13,2022-11-26T20:30:00.000Z,Alabama,Auburn,49,27
401403958,2022,13,2022-11-26T00:30:00.000Z,Florida State,Florida,45,38
401403959,2022,13,2022-11-26T17:00:00.000Z,Georgia,Georgia Tech,37,14
401403960,2022,13,2022-11-26T20:00:00.000Z,Kentucky,Louisville,26,11
401403961,2022,13,2022-11-25T20:30:00.000Z,Missouri,Arkansas,29,27
401403962,2022,13,2022-11-26T17:00:00.000Z,Clemson,South Carolina,30,31
401403963,2022,13,2022-11-27T00:00:00.000Z,Texas A&M,LSU,38,23
401403964,2022,13,2022-11-27T00:30:00.000Z,Vanderbilt,Tennessee,0,56
401403966,2022,1,2022-09-03T02:00:00.000Z,Colorado,TCU,13,38
401403967,2022,1,2022-09-03T19:30:00.000Z,San Diego State,Arizona,20,38
401403969,2022,1,2022-09-04T02:30:00.000Z,Oregon State,Boise State,34,17
401403971,2022,1,2022-09-03T18:30:00.000Z,UCLA,Bowling Green,45,17
401403973,2022,1,2022-09-04T02:30:00.000Z,Washington,Kent State,45,20
401403975,2022,2,2022-09-10T23:30:00.000Z,Oklahoma State,Arizona State,34,17
401403976,2022,2,2022-09-10T20:00:00.000Z,California,UNLV,20,14
401403977,2022,2,2022-09-10T19:30:00.000Z,Air Force,Colorado,7,0
401403979,2022,2,2022-09-11T02:30:00.000Z,Fresno State,Oregon State,32,29
401403980,2022,2,2022-09-10T23:30:00.000Z,Stanford,USC,28,41
401403984,2022,2,2022-09-10T19:30:00.000Z,Wisconsin,Washington State,0,0
401403986,2022,3,2022-09-18T03:00:00.000Z,Arizona State,Eastern Michigan,0,0
401403987,2022,3,2022-09-17T18:30:00.000Z,Notre Dame,California,24,17
401403988,2022,3,2022-09-17T19:30:00.000Z,Minnesota,Colorado,49,7
401403989,2022,3,2022-09-17T19:30:00.000Z,Oregon,BYU,41,20
401403991,2022,3,2022-09-17T18:00:00.000Z,UCLA,South Alabama,29,31
401403992,2022,3,2022-09-18T02:30:00.000Z,USC,Fresno State,45,17
401403993,2022,3,2022-09-18T02:00:00.000Z,Utah,San Diego State,35,7
401403994,2022,3,2022-09-17T23:30:00.000Z,Washington,Michigan State,39,28
401403995,2022,3,2022-09-17T21:00:00.000Z,Washington State,Colorado State,38,7
401403996,2022,4,2022-09-24T21:30:00.000Z,California,Arizona,49,31
401403997,2022,4,2022-09-25T02:30:00.000Z,Arizona State,Utah,13,34
401403998,2022,4,2022-09-24T18:00:00.000Z,Colorado,UCLA,17,45
401403999,2022,4,2022-09-24T20:00:00.000Z,Washington State,Oregon,41,44
401404000,2022,4,2022-09-25T01:30:00.000Z,Oregon State,USC,14,17
401404001,2022,4,2022-09-25T02:30:00.000Z,Washington,Stanford,40,22
401404002,2022,5,2022-10-02T01:30:00.000Z,Arizona,Colorado,0,0
401404003,2022,5,2022-10-02T02:30:00.000Z,USC,Arizona State,42,25
401404004,2022,5,2022-10-01T21:30:00.000Z,Washington State,California,28,9
401404005,2022,5,2022-10-02T03:00:00.000Z,Oregon,Stanford,45,27
401404006,2022,5,2022-10-01T18:00:00.000Z,Utah,Oregon State,42,16
401404007,2022,5,2022-10-01T02:30:00.000Z,UCLA,Washington,40,32
401404008,2022,6,2022-10-09T01:00:00.000Z,Arizona,Oregon,22,49
401404009,2022,6,2022-10-08T20:00:00.000Z,Arizona State,Washington,45,38
401404010,2022,6,2022-10-09T03:00:00.000Z,Stanford,Oregon State,27,28
401404011,2022,6,2022-10-08T19:30:00.000Z,UCLA,Utah,42,32
401404012,2022,6,2022-10-08T23:30:00.000Z,USC,Washington State,30,14
401404013,2022,7,2022-10-15T21:30:00.000Z,Washington,Arizona,49,39
401404014,2022,7,2022-10-15T18:00:00.000Z,Colorado,California,20,13
401404015,2022,7,2022-10-16T01:00:00.000Z,Oregon State,Washington State,24,10
401404016,2022,7,2022-10-15T23:30:00.000Z,Notre Dame,Stanford,14,16
401404017,2022,7,2022-10-16T00:00:00.000Z,Utah,USC,43,42
401404018,2022,8,2022-10-22T20:00:00.000Z,Stanford,Arizona State,15,14
401404019,2022,8,2022-10-23T02:30:00.000Z,California,Washington,21,28
401404020,2022,8,2022-10-23T00:00:00.000Z,Oregon State,Colorado,42,9
401404021,2022,8,2022-10-22T19:30:00.000Z,Oregon,UCLA,45,30
401404022,2022,9,2022-10-29T23:00:00.000Z,Arizona,USC,37,45
401404023,2022,9,2022-10-29T23:30:00.000Z,Colorado,Arizona State,34,42
401404024,2022,9,2022-10-29T19:30:00.000Z,California,Oregon,24,42
401404025,2022,9,2022-10-30T02:30:00.000Z,UCLA,Stanford,38,13
401404026,2022,9,2022-10-28T02:00:00.000Z,Washington State,Utah,17,21
401404027,2022,10,2022-11-05T23:30:00.000Z,Utah,Arizona,45,20
401404028,2022,10,2022-11-06T02:30:00.000Z,Arizona State,UCLA,36,50
401404029,2022,10,2022-11-06T02:30:00.000Z,USC,California,41,35
401404030,2022,10,2022-11-05T19:30:00.000Z,Colorado,Oregon,10,49
401404031,2022,10,2022-11-05T02:30:00.000Z,Washington,Oregon State,24,21
401404032,2022,10,2022-11-05T19:30:00.000Z,Stanford,Washington State,14,52
401404033,2022,11,2022-11-12T02:30:00.000Z,USC,Colorado,55,17
401404034,2022,11,2022-11-13T03:30:00.000Z,UCLA,Arizona,28,34
401404035,2022,11,2022-11-12T20:30:00.000Z,Washington State,Arizona State,28,18
401404036,2022,11,2022-11-13T02:00:00.000Z,Oregon State,California,38,10
401404037,2022,11,2022-11-13T00:00:00.000Z,Oregon,Washington,34,37
401404038,2022,11,2022-11-13T03:00:00.000Z,Utah,Stanford,42,7
401404039,2022,12,2022-11-19T19:00:00.000Z,Arizona,Washington State,20,31
401404040,2022,12,2022-11-19T19:15:00.000Z,Arizona State,Oregon State,7,31
401404041,2022,12,2022-11-19T22:30:00.000Z,California,Stanford,27,20
401404042,2022,12,2022-11-20T02:00:00.000Z,Washington,Colorado,54,7
401404043,2022,12,2022-11-20T03:30:00.000Z,Oregon,Utah,20,17
401404044,2022,12,2022-11-20T01:00:00.000Z,UCLA,USC,45,48
401404045,2022,13,2022-11-25T20:00:00.000Z,Arizona,Arizona State,38,35
401404046,2022,13,2022-11-25T21:30:00.000Z,California,UCLA,28,37
401404047,2022,13,2022-11-26T20:30:00.000Z,Oregon State,Oregon,38,34
401404048,2022,13,2022-11-26T21:00:00.000Z,Colorado,Utah,21,63
401404049,2022,13,2022-11-27T04:00:00.000Z,Stanford,BYU,26,35
401404051,2022,13,2022-11-27T03:30:00.000Z,Washington State,Washington,33,51
401404059,2022,1,2022-09-04T00:00:00.000Z,Texas,UL Monroe,52,10
401404062,2022,2,2022-09-11T02:15:00.000Z,BYU,Baylor,26,20
401404063,2022,2,2022-09-10T20:00:00.000Z,Texas Tech,Houston,22,27
401404064,2022,2,2022-09-10T20:00:00.000Z,Iowa,Iowa State,7,10
401404065,2022,2,2022-09-10T22:00:00.000Z,West Virginia,Kansas,42,48
401404066,2022,2,2022-09-10T23:00:00.000Z,Oklahoma,Kent State,33,3
401404068,2022,3,2022-09-17T20:00:00.000Z,Houston,Kansas,30,48
401404069,2022,3,2022-09-17T18:00:00.000Z,Iowa State,Ohio,43,10
401404070,2022,3,2022-09-17T16:00:00.000Z,Nebraska,Oklahoma,14,49
401404071,2022,3,2022-09-17T16:00:00.000Z,Baylor,Texas State,42,7
401404072,2022,3,2022-09-17T23:00:00.000Z,NC State,Texas Tech,27,14
401404074,2022,3,2022-09-17T19:00:00.000Z,Kansas State,Tulane,10,17
401404078,2022,4,2022-09-24T16:00:00.000Z,SMU,TCU,34,42
401404079,2022,4,2022-09-24T16:00:00.000Z,Kansas,Duke,35,27
401404080,2022,4,2022-09-24T16:00:00.000Z,Iowa State,Baylor,24,31
401404081,2022,4,2022-09-25T00:00:00.000Z,Oklahoma,Kansas State,34,41
401404082,2022,4,2022-09-24T19:30:00.000Z,Texas Tech,Texas,37,34
401404083,2022,5,2022-10-01T19:30:00.000Z,Baylor,Oklahoma State,25,36
401404084,2022,5,2022-10-01T19:30:00.000Z,Kansas,Iowa State,14,11
401404085,2022,5,2022-10-01T16:00:00.000Z,Kansas State,Texas Tech,37,28
401404086,2022,5,2022-10-01T16:00:00.000Z,TCU,Oklahoma,55,24
401404087,2022,5,2022-10-01T23:30:00.000Z,Texas,West Virginia,38,20
401404088,2022,6,2022-10-08T23:30:00.000Z,Iowa State,Kansas State,9,10
401404089,2022,6,2022-10-08T16:00:00.000Z,Kansas,TCU,31,38
401404090,2022,6,2022-10-08T16:00:00.000Z,Oklahoma,Texas,0,49
401404091,2022,6,2022-10-08T19:30:00.000Z,Oklahoma State,Texas Tech,41,31
401404092,2022,7,2022-10-13T23:00:00.000Z,West Virginia,Baylor,43,40
401404093,2022,7,2022-10-15T16:00:00.000Z,Texas,Iowa State,24,21
401404094,2022,7,2022-10-15T16:00:00.000Z,Oklahoma,Kansas,52,42
401404095,2022,7,2022-10-15T19:30:00.000Z,TCU,Oklahoma State,43,40
401404096,2022,8,2022-10-22T16:00:00.000Z,Baylor,Kansas,35,23
401404097,2022,8,2022-10-23T00:00:00.000Z,TCU,Kansas State,38,28
401404098,2022,8,2022-10-22T19:30:00.000Z,Oklahoma State,Texas,41,34
401404099,2022,8,2022-10-22T19:00:00.000Z,Texas Tech,West Virginia,48,10
401404100,2022,9,2022-10-29T16:00:00.000Z,Iowa State,Oklahoma,13,27
401404101,2022,9,2022-10-29T23:30:00.000Z,Texas Tech,Baylor,17,45
401404102,2022,9,2022-10-29T19:30:00.000Z,Kansas State,Oklahoma State,48,0
401404103,2022,9,2022-10-29T16:00:00.000Z,West Virginia,TCU,31,41
401404104,2022,10,2022-11-05T19:00:00.000Z,Oklahoma,Baylor,35,38
401404105,2022,10,2022-11-05T19:30:00.000Z,Iowa State,West Virginia,31,14
401404106,2022,10,2022-11-05T19:30:00.000Z,Kansas,Oklahoma State,37,16
401404107,2022,10,2022-11-05T23:00:00.000Z,Kansas State,Texas,27,34
401404108,2022,10,2022-11-05T16:00:00.000Z,TCU,Texas Tech,34,24
401404109,2022,11,2022-11-13T00:00:00.000Z,Baylor,Kansas State,3,38
401404110,2022,11,2022-11-12T20:30:00.000Z,Oklahoma State,Iowa State,20,14
401404111,2022,11,2022-11-13T00:00:00.000Z,Texas Tech,Kansas,43,28
401404112,2022,11,2022-11-12T17:00:00.000Z,West Virginia,Oklahoma,23,20
401404113,2022,11,2022-11-13T00:30:00.000Z,Texas,TCU,10,17
401404114,2022,12,2022-11-19T17:00:00.000Z,Baylor,TCU,28,29
401404115,2022,12,2022-11-20T00:00:00.000Z,Iowa State,Texas Tech,10,14
401404116,2022,12,2022-11-19T20:30:00.000Z,Kansas,Texas,14,55
401404117,2022,12,2022-11-19T19:00:00.000Z,West Virginia,Kansas State,31,48
401404118,2022,12,2022-11-20T00:30:00.000Z,Oklahoma,Oklahoma State,28,13
401404119,2022,13,2022-11-25T17:00:00.000Z,Texas,Baylor,38,27
401404120,2022,13,2022-11-26T21:00:00.000Z,TCU,Iowa State,62,14
401404121,2022,13,2022-11-27T01:00:00.000Z,Kansas State,Kansas,47,27
401404122,2022,13,2022-11-27T00:30:00.000Z,Texas Tech,Oklahoma,48,48
401404123,2022,13,2022-11-26T17:00:00.000Z,Oklahoma State,West Virginia,19,24
401404124,2022,1,2022-09-03T23:30:00.000Z,Ohio State,Notre Dame,21,10
401404125,2022,2,2022-09-10T18:30:00.000Z,Notre Dame,Marshall,21,26
401404126,2022,4,2022-09-24T19:30:00.000Z,North Carolina,Notre Dame,32,45
401404127,2022,6,2022-10-08T23:30:00.000Z,Notre Dame,BYU,28,20
401404128,2022,8,2022-10-22T18:30:00.000Z,Notre Dame,UNLV,44,21
401404129,2022,9,2022-10-29T16:00:00.000Z,Syracuse,Notre Dame,24,41
401404130,2022,10,2022-11-05T23:30:00.000Z,Notre Dame,Clemson,35,14
401404131,2022,11,2022-11-12T17:00:00.000Z,Navy,Notre Dame,32,35
401404132,2022,12,2022-11-19T19:30:00.000Z,Notre Dame,Boston College,44,0
401404133,2022,13,2022-11-27T00:30:00.000Z,USC,Notre Dame,38,27
401404134,2022,1,2022-09-03T23:00:00.000Z,Coastal Carolina,Army,38,28
401404137,2022,5,2022-10-01T16:00:00.000Z,Army,Georgia State,14,31
401404138,2022,6,2022-10-08T23:30:00.000Z,Wake Forest,Army,45,10
401404140,2022,8,2022-10-22T16:00:00.000Z,Army,UL Monroe,48,24
401404141,2022,10,2022-11-05T15:30:00.000Z,Army,Air Force,7,13
401404142,2022,11,2022-11-12T20:30:00.000Z,Troy,Army,10,9
401404143,2022,12,2022-11-19T17:00:00.000Z,Army,UConn,34,17
401404144,2022,13,2022-11-26T17:00:00.000Z,Massachusetts,Army,7,44
401404145,2022,15,2022-12-10T20:00:00.000Z,Army,Navy,20,17
401404146,2022,1,2022-08-27T20:00:00.000Z,Utah State,UConn,31,20
401404148,2022,2,2022-09-10T23:00:00.000Z,UConn,Syracuse,14,48
401404149,2022,3,2022-09-17T16:00:00.000Z,Michigan,UConn,59,0
401404150,2022,4,2022-09-24T23:30:00.000Z,NC State,UConn,41,10
401404151,2022,5,2022-10-01T19:30:00.000Z,UConn,Fresno State,19,14
401404153,2022,7,2022-10-15T18:00:00.000Z,Ball State,UConn,25,21
401404154,2022,9,2022-10-29T16:00:00.000Z,UConn,Boston College,0,0
401404155,2022,10,2022-11-04T23:00:00.000Z,UConn,Massachusetts,27,10
401404156,2022,11,2022-11-12T17:00:00.000Z,UConn,Liberty,36,33
401404157,2022,1,2022-09-03T23:00:00.000Z,Southern Miss,Liberty,24,24
401404159,2022,3,2022-09-17T21:00:00.000Z,Wake Forest,Liberty,37,36
401404160,2022,4,2022-09-24T22:00:00.000Z,Liberty,Akron,21,12
401404161,2022,5,2022-10-01T22:00:00.000Z,Old Dominion,Liberty,24,38
401404163,2022,8,2022-10-22T19:30:00.000Z,Liberty,BYU,41,14
401404164,2022,6,2022-10-08T19:30:00.000Z,Massachusetts,Liberty,24,42
401404165,2022,12,2022-11-19T17:00:00.000Z,Liberty,Virginia Tech,22,21
401404166,2022,13,2022-11-26T17:00:00.000Z,Liberty,New Mexico State,14,49
401405058,2022,1,2022-08-27T20:00:00.000Z,Illinois,Wyoming,38,6
401405059,2022,1,2022-08-27T16:30:00.000Z,Northwestern,Nebraska,31,28
401405060,2022,1,2022-09-02T01:00:00.000Z,Minnesota,New Mexico State,38,0
401405061,2022,1,2022-09-03T00:00:00.000Z,Indiana,Illinois,23,20
401405064,2022,1,2022-09-02T00:00:00.000Z,Purdue,Penn State,31,35
401405066,2022,1,2022-09-03T16:00:00.000Z,Maryland,Buffalo,31,10
401405067,2022,1,2022-09-03T16:00:00.000Z,Michigan,Colorado State,51,7
401405069,2022,1,2022-09-03T16:00:00.000Z,Boston College,Rutgers,21,22
401405070,2022,2,2022-09-10T20:00:00.000Z,Illinois,Virginia,24,3
401405072,2022,2,2022-09-10T23:30:00.000Z,Nebraska,Georgia Southern,42,45
401405073,2022,2,2022-09-10T16:00:00.000Z,Northwestern,Duke,23,31
401405077,2022,2,2022-09-11T00:00:00.000Z,Michigan,Hawai'i,56,10
401405078,2022,2,2022-09-10T20:00:00.000Z,Michigan State,Akron,52,0
401405079,2022,2,2022-09-10T16:00:00.000Z,Ohio State,Arkansas State,45,12
401405080,2022,2,2022-09-10T16:00:00.000Z,Penn State,Ohio,46,10
401405082,2022,3,2022-09-17T23:30:00.000Z,Iowa,Nevada,27,0
401405084,2022,3,2022-09-17T16:00:00.000Z,Syracuse,Purdue,0,0
401405085,2022,3,2022-09-17T19:30:00.000Z,Wisconsin,New Mexico State,66,7
401405087,2022,3,2022-09-17T23:30:00.000Z,Maryland,SMU,34,27
401405088,2022,3,2022-09-17T23:00:00.000Z,Ohio State,Toledo,77,21
401405089,2022,3,2022-09-17T18:00:00.000Z,Temple,Rutgers,14,16
401405091,2022,4,2022-09-24T23:00:00.000Z,Rutgers,Iowa,10,27
401405092,2022,4,2022-09-24T19:30:00.000Z,Michigan State,Minnesota,7,34
401405093,2022,4,2022-09-24T23:30:00.000Z,Northwestern,Miami (OH),14,17
401405095,2022,4,2022-09-24T23:30:00.000Z,Ohio State,Wisconsin,52,21
401405096,2022,4,2022-09-24T19:30:00.000Z,Cincinnati,Indiana,45,24
401405097,2022,4,2022-09-24T16:00:00.000Z,Michigan,Maryland,34,27
401405098,2022,4,2022-09-24T16:00:00.000Z,Penn State,Central Michigan,33,14
401405099,2022,5,2022-10-01T16:00:00.000Z,Wisconsin,Illinois,10,34
401405100,2022,5,2022-10-01T16:00:00.000Z,Iowa,Michigan,14,27
401405101,2022,5,2022-10-01T16:00:00.000Z,Minnesota,Purdue,10,20
401405102,2022,5,2022-10-01T23:30:00.000Z,Nebraska,Indiana,35,21
401405103,2022,5,2022-10-01T19:30:00.000Z,Maryland,Michigan State,27,13
401405104,2022,5,2022-10-01T19:30:00.000Z,Ohio State,Rutgers,49,10
401405105,2022,5,2022-10-01T19:30:00.000Z,Penn State,Northwestern,17,7
401405106,2022,6,2022-10-08T23:30:00.000Z,Illinois,Iowa,9,6
401405107,2022,6,2022-10-08T19:30:00.000Z,Northwestern,Wisconsin,7,42
401405108,2022,6,2022-10-08T16:00:00.000Z,Indiana,Michigan,10,31
401405109,2022,6,2022-10-08T16:00:00.000Z,Maryland,Purdue,27,31
401405110,2022,6,2022-10-08T20:00:00.000Z,Michigan State,Ohio State,20,49
401405111,2022,6,2022-10-07T23:00:00.000Z,Rutgers,Nebraska,13,14
401405112,2022,7,2022-10-15T16:00:00.000Z,Illinois,Minnesota,26,14
401405113,2022,7,2022-10-15T23:30:00.000Z,Purdue,Nebraska,43,37
401405114,2022,7,2022-10-15T19:30:00.000Z,Indiana,Maryland,33,38
401405115,2022,7,2022-10-15T16:00:00.000Z,Michigan,Penn State,41,17
401405116,2022,7,2022-10-15T20:00:00.000Z,Michigan State,Wisconsin,22,28
401405117,2022,8,2022-10-22T19:30:00.000Z,Wisconsin,Purdue,35,24
401405118,2022,8,2022-10-22T19:30:00.000Z,Maryland,Northwestern,31,24
401405119,2022,8,2022-10-22T16:00:00.000Z,Ohio State,Iowa,54,10
401405120,2022,8,2022-10-22T23:30:00.000Z,Penn State,Minnesota,45,17
401405121,2022,8,2022-10-22T16:00:00.000Z,Rutgers,Indiana,24,17
401405122,2022,9,2022-10-29T19:30:00.000Z,Iowa,Northwestern,33,7
401405123,2022,9,2022-10-29T18:30:00.000Z,Minnesota,Rutgers,31,0
401405124,2022,9,2022-10-29T19:30:00.000Z,Nebraska,Illinois,9,26
401405125,2022,9,2022-10-29T23:30:00.000Z,Michigan,Michigan State,29,7
401405126,2022,9,2022-10-29T16:00:00.000Z,Penn State,Ohio State,31,44
401405127,2022,10,2022-11-05T19:30:00.000Z,Illinois,Michigan State,15,23
401405128,2022,10,2022-11-05T16:00:00.000Z,Nebraska,Minnesota,13,20
401405129,2022,10,2022-11-05T16:00:00.000Z,Northwestern,Ohio State,7,21
401405130,2022,10,2022-11-05T16:00:00.000Z,Purdue,Iowa,3,24
401405131,2022,10,2022-11-05T16:00:00.000Z,Wisconsin,Maryland,23,10
401405132,2022,10,2022-11-05T19:30:00.000Z,Indiana,Penn State,14,45
401405133,2022,10,2022-11-05T23:30:00.000Z,Rutgers,Michigan,17,52
401405134,2022,11,2022-11-12T17:00:00.000Z,Illinois,Purdue,24,31
401405135,2022,11,2022-11-12T20:30:00.000Z,Iowa,Wisconsin,24,10
401405136,2022,11,2022-11-12T20:30:00.000Z,Minnesota,Northwestern,31,3
401405137,2022,11,2022-11-12T20:30:00.000Z,Michigan,Nebraska,34,3
401405138,2022,11,2022-11-12T17:00:00.000Z,Michigan State,Rutgers,27,21
401405139,2022,11,2022-11-12T17:00:00.000Z,Ohio State,Indiana,56,14
401405140,2022,11,2022-11-12T20:30:00.000Z,Penn State,Maryland,30,0
401405141,2022,12,2022-11-19T21:00:00.000Z,Minnesota,Iowa,10,13
401405142,2022,12,2022-11-19T17:00:00.000Z,Nebraska,Wisconsin,14,15
401405143,2022,12,2022-11-19T17:00:00.000Z,Purdue,Northwestern,17,9
401405144,2022,12,2022-11-19T20:30:00.000Z,Maryland,Ohio State,30,43
401405145,2022,12,2022-11-19T17:00:00.000Z,Michigan,Illinois,19,17
401405146,2022,12,2022-11-19T17:00:00.000Z,Michigan State,Indiana,31,39
401405147,2022,12,2022-11-19T20:30:00.000Z,Rutgers,Penn State,0,0
401405148,2022,13,2022-11-25T21:00:00.000Z,Iowa,Nebraska,17,24
401405149,2022,13,2022-11-26T20:30:00.000Z,Northwestern,Illinois,3,41
401405150,2022,13,2022-11-26T20:30:00.000Z,Wisconsin,Minnesota,16,23
401405151,2022,13,2022-11-26T20:30:00.000Z,Indiana,Purdue,16,29
401405152,2022,13,2022-11-26T17:00:00.000Z,Maryland,Rutgers,37,0
401405153,2022,13,2022-11-26T17:00:00.000Z,Ohio State,Michigan,23,45
401405154,2022,13,2022-11-26T21:00:00.000Z,Penn State,Michigan State,35,16
401409235,2022,1,2022-08-28T02:00:00.000Z,New Mexico State,Nevada,12,23
401409237,2022,4,2022-09-25T00:00:00.000Z,New Mexico State,Hawai'i,45,20
401409239,2022,7,2022-10-16T00:00:00.000Z,New Mexico State,New Mexico,21,9
401409242,2022,9,2022-10-29T19:30:00.000Z,Massachusetts,New Mexico State,13,23
401411092,2022,1,2022-09-01T23:00:00.000Z,Pittsburgh,West Virginia,38,31
401411094,2022,1,2022-09-02T23:30:00.000Z,Duke,Temple,30,0
401411095,2022,1,2022-09-03T16:00:00.000Z,App State,North Carolina,61,63
401411096,2022,1,2022-09-03T16:00:00.000Z,East Carolina,NC State,20,21
401411099,2022,1,2022-09-04T00:00:00.000Z,Syracuse,Louisville,31,7
401411101,2022,1,2022-09-06T00:00:00.000Z,Georgia Tech,Clemson,10,41
401411103,2022,2,2022-09-10T16:00:00.000Z,Georgia State,North Carolina,28,35
401411105,2022,2,2022-09-10T16:00:00.000Z,Miami,Southern Miss,30,7
401411108,2022,2,2022-09-11T00:00:00.000Z,Virginia Tech,Boston College,27,10
401411109,2022,3,2022-09-16T23:30:00.000Z,Louisville,Florida State,31,35
401411113,2022,3,2022-09-17T18:00:00.000Z,Virginia,Old Dominion,16,14
401411115,2022,3,2022-09-17T23:30:00.000Z,Western Michigan,Pittsburgh,13,34
401411116,2022,4,2022-09-22T23:30:00.000Z,Virginia Tech,West Virginia,10,33
401411117,2022,4,2022-09-23T23:00:00.000Z,Syracuse,Virginia,22,20
401411118,2022,4,2022-09-25T00:00:00.000Z,Florida State,Boston College,44,14
401411119,2022,4,2022-09-24T16:00:00.000Z,Louisville,South Florida,41,3
401411122,2022,4,2022-09-24T20:00:00.000Z,UCF,Georgia Tech,27,10
401411123,2022,4,2022-09-24T16:00:00.000Z,Wake Forest,Clemson,45,51
401411124,2022,5,2022-10-01T16:00:00.000Z,Boston College,Louisville,34,33
401411125,2022,5,2022-10-01T23:30:00.000Z,Clemson,NC State,30,20
401411126,2022,5,2022-10-01T23:30:00.000Z,Duke,Virginia,38,17
401411127,2022,5,2022-10-01T19:30:00.000Z,Florida State,Wake Forest,21,31
401411128,2022,5,2022-10-01T19:30:00.000Z,North Carolina,Virginia Tech,41,10
401411129,2022,5,2022-10-02T00:00:00.000Z,Pittsburgh,Georgia Tech,21,26
401411131,2022,6,2022-10-08T23:30:00.000Z,Boston College,Clemson,3,31
401411132,2022,6,2022-10-08T20:00:00.000Z,Georgia Tech,Duke,23,20
401411133,2022,6,2022-10-08T20:00:00.000Z,Miami,North Carolina,24,27
401411134,2022,6,2022-10-09T00:00:00.000Z,NC State,Florida State,19,17
401411135,2022,6,2022-10-08T19:30:00.000Z,Pittsburgh,Virginia Tech,45,29
401411136,2022,6,2022-10-08T16:00:00.000Z,Virginia,Louisville,17,34
401411137,2022,7,2022-10-16T00:00:00.000Z,Duke,North Carolina,35,38
401411138,2022,7,2022-10-15T23:30:00.000Z,Florida State,Clemson,28,34
401411139,2022,7,2022-10-15T19:30:00.000Z,Syracuse,NC State,24,9
401411140,2022,7,2022-10-15T16:30:00.000Z,Virginia Tech,Miami,7,20
401411141,2022,8,2022-10-20T23:30:00.000Z,Georgia Tech,Virginia,9,16
401411142,2022,8,2022-10-22T16:00:00.000Z,Clemson,Syracuse,27,21
401411143,2022,8,2022-10-23T00:00:00.000Z,Louisville,Pittsburgh,24,10
401411144,2022,8,2022-10-22T16:30:00.000Z,Miami,Duke,21,45
401411145,2022,8,2022-10-22T19:30:00.000Z,Wake Forest,Boston College,43,15
401411146,2022,9,2022-10-27T23:30:00.000Z,NC State,Virginia Tech,22,21
401411147,2022,9,2022-10-29T16:00:00.000Z,Florida State,Georgia Tech,41,16
401411148,2022,9,2022-10-29T19:30:00.000Z,Louisville,Wake Forest,48,21
401411149,2022,9,2022-10-30T00:00:00.000Z,North Carolina,Pittsburgh,42,24
401411150,2022,9,2022-10-29T16:30:00.000Z,Virginia,Miami,12,14
401411151,2022,10,2022-11-04T23:00:00.000Z,Boston College,Duke,31,38
401411152,2022,10,2022-11-05T23:30:00.000Z,Louisville,James Madison,34,10
401411153,2022,10,2022-11-05T23:30:00.000Z,Miami,Florida State,3,45
401411154,2022,10,2022-11-06T00:00:00.000Z,NC State,Wake Forest,30,21
401411155,2022,10,2022-11-05T19:30:00.000Z,Pittsburgh,Syracuse,19,9
401411156,2022,10,2022-11-05T16:00:00.000Z,Virginia,North Carolina,28,31
401411157,2022,10,2022-11-05T16:30:00.000Z,Virginia Tech,Georgia Tech,27,16
401411158,2022,11,2022-11-12T20:30:00.000Z,Clemson,Louisville,31,16
401411159,2022,11,2022-11-12T17:00:00.000Z,Duke,Virginia Tech,24,7
401411160,2022,11,2022-11-12T20:30:00.000Z,Georgia Tech,Miami,14,35
401411161,2022,11,2022-11-12T20:30:00.000Z,NC State,Boston College,20,21
401411162,2022,11,2022-11-13T01:00:00.000Z,Syracuse,Florida State,3,38
401411163,2022,11,2022-11-12T17:00:00.000Z,Virginia,Pittsburgh,7,37
401411164,2022,11,2022-11-13T00:30:00.000Z,Wake Forest,North Carolina,34,36
401411165,2022,12,2022-11-19T20:30:00.000Z,Clemson,Miami,40,10
401411166,2022,12,2022-11-19T17:00:00.000Z,Florida State,Louisiana,49,17
401411167,2022,12,2022-11-19T20:30:00.000Z,Louisville,NC State,25,10
401411168,2022,12,2022-11-19T22:30:00.000Z,North Carolina,Georgia Tech,17,21
401411169,2022,12,2022-11-19T17:00:00.000Z,Pittsburgh,Duke,28,26
401411171,2022,12,2022-11-20T01:00:00.000Z,Wake Forest,Syracuse,45,35
401411172,2022,13,2022-11-25T20:30:00.000Z,North Carolina,NC State,27,30
401411173,2022,13,2022-11-27T00:30:00.000Z,Boston College,Syracuse,23,32
401411174,2022,13,2022-11-26T20:30:00.000Z,Duke,Wake Forest,34,31
401411175,2022,13,2022-11-27T01:00:00.000Z,Miami,Pittsburgh,16,42
401414778,2022,1,2022-09-03T23:00:00.000Z,Tulane,Massachusetts,0,0
401414779,2022,2,2022-09-10T23:00:00.000Z,Toledo,Massachusetts,55,10
401414781,2022,4,2022-09-24T18:00:00.000Z,Temple,Massachusetts,28,0
401414782,2022,5,2022-10-01T18:00:00.000Z,Eastern Michigan,Massachusetts,20,13
401414783,2022,7,2022-10-15T17:00:00.000Z,Massachusetts,Buffalo,7,34
401414784,2022,11,2022-11-12T20:00:00.000Z,Arkansas State,Massachusetts,35,33
401415024,2022,2,2022-09-10T22:00:00.000Z,East Carolina,Old Dominion,39,21
401415029,2022,3,2022-09-17T21:00:00.000Z,Bowling Green,Marshall,0,0
401415037,2022,4,2022-09-24T19:30:00.000Z,App State,James Madison,28,32
401415040,2022,4,2022-09-24T23:00:00.000Z,Tulane,Southern Miss,24,27
401415211,2022,1,2022-09-03T19:30:00.000Z,Wyoming,Tulsa,37,37
401415212,2022,1,2022-09-03T21:30:00.000Z,Nevada,Texas State,0,0
401415214,2022,2,2022-09-10T01:00:00.000Z,New Mexico,Boise State,14,31
401415217,2022,3,2022-09-17T00:00:00.000Z,Wyoming,Air Force,17,14
401415220,2022,4,2022-09-24T00:00:00.000Z,Air Force,Nevada,48,20
401415222,2022,4,2022-09-24T23:00:00.000Z,Utah State,UNLV,0,0
401415223,2022,4,2022-09-25T02:15:00.000Z,BYU,Wyoming,38,24
401415224,2022,4,2022-09-24T19:30:00.000Z,San Diego State,Toledo,17,14
401415225,2022,4,2022-09-25T02:30:00.000Z,San José State,Western Michigan,34,6
401415226,2022,5,2022-09-30T00:00:00.000Z,BYU,Utah State,38,26
401415227,2022,5,2022-10-01T16:00:00.000Z,Air Force,Navy,13,10
401415228,2022,5,2022-10-01T00:00:00.000Z,Boise State,San Diego State,0,0
401415229,2022,5,2022-10-01T03:00:00.000Z,UNLV,New Mexico,31,20
401415230,2022,5,2022-10-01T23:30:00.000Z,Wyoming,San José State,16,33
401415231,2022,6,2022-10-08T23:00:00.000Z,Utah State,Air Force,34,27
401415232,2022,6,2022-10-09T01:45:00.000Z,Boise State,Fresno State,40,20
401415233,2022,6,2022-10-08T02:30:00.000Z,Nevada,Colorado State,14,17
401415234,2022,6,2022-10-08T23:00:00.000Z,New Mexico,Wyoming,14,27
401415235,2022,6,2022-10-09T02:30:00.000Z,San Diego State,Hawai'i,16,14
401415236,2022,6,2022-10-08T02:30:00.000Z,San José State,UNLV,40,7
401415237,2022,7,2022-10-16T02:30:00.000Z,UNLV,Air Force,7,42
401415238,2022,7,2022-10-15T23:00:00.000Z,Colorado State,Utah State,13,17
401415239,2022,7,2022-10-16T02:45:00.000Z,Fresno State,San José State,17,10
401415240,2022,7,2022-10-16T03:59:00.000Z,Hawai'i,Nevada,31,16
401415241,2022,8,2022-10-22T23:00:00.000Z,Air Force,Boise State,14,19
401415242,2022,8,2022-10-22T20:00:00.000Z,Colorado State,Hawai'i,17,13
401415243,2022,8,2022-10-22T22:30:00.000Z,New Mexico,Fresno State,9,41
401415244,2022,8,2022-10-23T01:45:00.000Z,Wyoming,Utah State,28,14
401415245,2022,8,2022-10-23T02:30:00.000Z,Nevada,San Diego State,7,13
401415246,2022,9,2022-10-29T23:00:00.000Z,Boise State,Colorado State,49,10
401415247,2022,9,2022-10-30T03:59:00.000Z,Hawai'i,Wyoming,20,27
401415248,2022,9,2022-10-30T02:30:00.000Z,Fresno State,San Diego State,32,28
401415249,2022,9,2022-10-30T02:30:00.000Z,San José State,Nevada,35,28
401415250,2022,10,2022-11-05T23:00:00.000Z,Boise State,BYU,0,0
401415251,2022,10,2022-11-06T02:30:00.000Z,San José State,Colorado State,28,16
401415252,2022,10,2022-11-05T19:30:00.000Z,Utah State,New Mexico,27,10
401415253,2022,10,2022-11-06T02:30:00.000Z,Fresno State,Hawai'i,55,13
401415254,2022,10,2022-11-05T23:00:00.000Z,San Diego State,UNLV,14,10
401415255,2022,11,2022-11-13T03:30:00.000Z,Nevada,Boise State,3,41
401415256,2022,11,2022-11-12T20:30:00.000Z,Air Force,New Mexico,35,3
401415257,2022,11,2022-11-13T04:00:00.000Z,Hawai'i,Utah State,34,41
401415258,2022,11,2022-11-13T00:00:00.000Z,Colorado State,Wyoming,13,14
401415259,2022,11,2022-11-12T03:30:00.000Z,UNLV,Fresno State,30,37
401415260,2022,11,2022-11-13T03:30:00.000Z,San Diego State,San José State,43,27
401415261,2022,12,2022-11-20T00:00:00.000Z,Wyoming,Boise State,17,20
401415262,2022,12,2022-11-20T02:00:00.000Z,Air Force,Colorado State,24,12
401415263,2022,12,2022-11-20T03:30:00.000Z,Nevada,Fresno State,14,41
401415264,2022,12,2022-11-19T02:45:00.000Z,New Mexico,San Diego State,10,34
401415265,2022,12,2022-11-20T02:45:00.000Z,Utah State,San José State,35,31
401415266,2022,12,2022-11-20T04:00:00.000Z,Hawai'i,UNLV,31,25
401415267,2022,13,2022-11-27T02:00:00.000Z,San Diego State,Air Force,3,13
401415268,2022,13,2022-11-25T20:30:00.000Z,Colorado State,New Mexico,17,0
401415269,2022,13,2022-11-25T17:00:00.000Z,Boise State,Utah State,42,23
401415270,2022,13,2022-11-26T03:00:00.000Z,Fresno State,Wyoming,30,0
401415271,2022,13,2022-11-26T20:30:00.000Z,San José State,Hawai'i,27,14
401415272,2022,13,2022-11-26T23:00:00.000Z,UNLV,Nevada,27,22
401415612,2022,1,2022-09-03T20:00:00.000Z,South Florida,BYU,21,50
401415613,2022,2,2022-09-09T23:30:00.000Z,UCF,Louisville,14,20
401415617,2022,2,2022-09-10T19:30:00.000Z,Navy,Memphis,13,37
401415620,2022,2,2022-09-10T23:00:00.000Z,Tulsa,Northern Illinois,38,35
401415622,2022,3,2022-09-17T23:00:00.000Z,Memphis,Arkansas State,44,32
401415623,2022,3,2022-09-17T16:00:00.000Z,Miami (OH),Cincinnati,0,0
401415624,2022,4,2022-09-24T22:00:00.000Z,East Carolina,Navy,0,0
401415625,2022,5,2022-09-30T23:00:00.000Z,Houston,Tulane,24,27
401415626,2022,5,2022-10-01T18:30:00.000Z,South Florida,East Carolina,0,0
401415627,2022,5,2022-10-01T23:00:00.000Z,Tulsa,Cincinnati,21,31
401415628,2022,5,2022-10-01T16:00:00.000Z,Memphis,Temple,24,3
401415629,2022,6,2022-10-05T23:00:00.000Z,UCF,SMU,41,13
401415630,2022,6,2022-10-07T23:30:00.000Z,Memphis,Houston,32,33
401415631,2022,6,2022-10-08T19:30:00.000Z,Tulane,East Carolina,24,9
401415632,2022,6,2022-10-08T19:30:00.000Z,Navy,Tulsa,53,21
401415633,2022,6,2022-10-08T18:30:00.000Z,Cincinnati,South Florida,28,24
401415634,2022,7,2022-10-13T23:00:00.000Z,UCF,Temple,70,13
401415635,2022,7,2022-10-14T23:30:00.000Z,SMU,Navy,40,34
401415636,2022,7,2022-10-15T20:00:00.000Z,South Florida,Tulane,31,45
401415637,2022,7,2022-10-15T23:30:00.000Z,East Carolina,Memphis,30,31
401415638,2022,8,2022-10-21T23:30:00.000Z,Temple,Tulsa,16,27
401415639,2022,8,2022-10-22T19:30:00.000Z,Tulane,Memphis,38,28
401415640,2022,8,2022-10-22T16:00:00.000Z,Navy,Houston,20,38
401415641,2022,8,2022-10-22T16:00:00.000Z,SMU,Cincinnati,27,29
401415642,2022,8,2022-10-22T23:30:00.000Z,East Carolina,UCF,34,13
401415643,2022,9,2022-10-29T16:00:00.000Z,Houston,South Florida,42,27
401415644,2022,9,2022-10-29T19:30:00.000Z,UCF,Cincinnati,25,21
401415645,2022,9,2022-10-29T00:00:00.000Z,BYU,East Carolina,24,27
401415646,2022,9,2022-10-29T19:30:00.000Z,Navy,Temple,0,0
401415647,2022,9,2022-10-29T19:30:00.000Z,Tulsa,SMU,34,45
401415648,2022,10,2022-11-05T18:00:00.000Z,Temple,South Florida,54,28
401415649,2022,10,2022-11-05T16:00:00.000Z,Tulsa,Tulane,13,27
401415650,2022,10,2022-11-05T20:00:00.000Z,Cincinnati,Navy,20,10
401415651,2022,10,2022-11-05T19:30:00.000Z,Memphis,UCF,28,35
401415652,2022,10,2022-11-05T23:00:00.000Z,SMU,Houston,77,63
401415653,2022,11,2022-11-11T00:30:00.000Z,Memphis,Tulsa,26,10
401415654,2022,11,2022-11-12T01:00:00.000Z,Cincinnati,East Carolina,27,25
401415655,2022,11,2022-11-12T20:00:00.000Z,Houston,Temple,43,36
401415656,2022,11,2022-11-12T17:00:00.000Z,South Florida,SMU,23,41
401415657,2022,11,2022-11-12T20:30:00.000Z,Tulane,UCF,31,38
401415658,2022,12,2022-11-18T00:30:00.000Z,Tulane,SMU,59,24
401415659,2022,12,2022-11-19T02:00:00.000Z,Tulsa,South Florida,48,42
401415660,2022,12,2022-11-19T19:00:00.000Z,East Carolina,Houston,3,42
401415661,2022,12,2022-11-19T16:00:00.000Z,UCF,Navy,14,17
401415663,2022,12,2022-11-19T21:00:00.000Z,Temple,Cincinnati,3,23
401415664,2022,13,2022-11-26T18:00:00.000Z,Temple,East Carolina,46,49
401415665,2022,13,2022-11-25T17:00:00.000Z,Cincinnati,Tulane,24,27
401415666,2022,13,2022-11-26T20:30:00.000Z,SMU,Memphis,34,31
401415667,2022,13,2022-11-27T00:00:00.000Z,South Florida,UCF,39,46
401415668,2022,13,2022-11-27T00:30:00.000Z,Houston,Tulsa,30,37
401416569,2022,1,2022-09-01T23:00:00.000Z,Oklahoma State,Central Michigan,58,44
401416591,2022,1,2022-09-02T23:00:00.000Z,Michigan State,Western Michigan,35,13
401416594,2022,2,2022-09-10T18:00:00.000Z,Ball State,Western Michigan,30,45
401416597,2022,2,2022-09-10T17:00:00.000Z,Central Michigan,South Alabama,24,38
401416598,2022,2,2022-09-10T23:00:00.000Z,Louisiana,Eastern Michigan,0,14
401416601,2022,3,2022-09-17T17:00:00.000Z,Coastal Carolina,Buffalo,38,26
401416604,2022,4,2022-09-24T16:00:00.000Z,Eastern Michigan,Buffalo,31,50
401416605,2022,4,2022-09-24T22:00:00.000Z,Georgia Southern,Ball State,34,23
401416607,2022,5,2022-10-01T19:30:00.000Z,Toledo,Central Michigan,38,17
401416608,2022,5,2022-10-01T18:00:00.000Z,Ball State,Northern Illinois,38,38
401416609,2022,5,2022-10-01T19:30:00.000Z,Akron,Bowling Green,28,31
401416610,2022,5,2022-10-01T19:30:00.000Z,Buffalo,Miami (OH),24,20
401416611,2022,5,2022-10-01T19:30:00.000Z,Kent State,Ohio,0,0
401416613,2022,6,2022-10-08T19:30:00.000Z,Central Michigan,Ball State,16,17
401416614,2022,6,2022-10-08T16:00:00.000Z,Western Michigan,Eastern Michigan,23,45
401416615,2022,6,2022-10-08T19:30:00.000Z,Northern Illinois,Toledo,32,52
401416616,2022,6,2022-10-08T18:00:00.000Z,Ohio,Akron,55,34
401416617,2022,6,2022-10-08T16:00:00.000Z,Bowling Green,Buffalo,7,38
401416618,2022,6,2022-10-08T19:30:00.000Z,Miami (OH),Kent State,0,0
401416619,2022,7,2022-10-15T16:00:00.000Z,Akron,Central Michigan,0,0
401416620,2022,7,2022-10-15T19:30:00.000Z,Eastern Michigan,Northern Illinois,0,7
401416621,2022,7,2022-10-15T19:30:00.000Z,Toledo,Kent State,52,31
401416622,2022,7,2022-10-15T16:00:00.000Z,Bowling Green,Miami (OH),17,13
401416623,2022,7,2022-10-15T19:30:00.000Z,Western Michigan,Ohio,14,33
401416624,2022,8,2022-10-22T18:00:00.000Z,Ball State,Eastern Michigan,16,20
401416625,2022,8,2022-10-22T18:00:00.000Z,Ohio,Northern Illinois,24,17
401416626,2022,8,2022-10-22T17:00:00.000Z,Buffalo,Toledo,0,0
401416627,2022,8,2022-10-22T19:30:00.000Z,Miami (OH),Western Michigan,10,16
401416628,2022,8,2022-10-22T16:00:00.000Z,Kent State,Akron,33,27
401416629,2022,8,2022-10-22T17:00:00.000Z,Central Michigan,Bowling Green,18,34
401416630,2022,9,2022-10-29T16:00:00.000Z,Eastern Michigan,Toledo,24,27
401416631,2022,9,2022-10-29T16:00:00.000Z,Akron,Miami (OH),9,27
401416632,2022,10,2022-11-01T23:00:00.000Z,Kent State,Ball State,20,27
401416633,2022,10,2022-11-01T23:30:00.000Z,Ohio,Buffalo,45,24
401416634,2022,10,2022-11-02T23:00:00.000Z,Northern Illinois,Central Michigan,22,35
401416635,2022,10,2022-11-02T23:00:00.000Z,Bowling Green,Western Michigan,13,9
401416636,2022,11,2022-11-09T01:00:00.000Z,Toledo,Ball State,28,21
401416637,2022,11,2022-11-09T00:00:00.000Z,Akron,Eastern Michigan,0,0
401416638,2022,11,2022-11-09T00:30:00.000Z,Miami (OH),Ohio,21,37
401416639,2022,11,2022-11-10T00:00:00.000Z,Western Michigan,Northern Illinois,21,24
401416640,2022,11,2022-11-10T00:00:00.000Z,Central Michigan,Buffalo,31,27
401416641,2022,11,2022-11-10T00:00:00.000Z,Bowling Green,Kent State,6,40
401416642,2022,12,2022-11-16T00:00:00.000Z,Toledo,Bowling Green,35,34
401416643,2022,12,2022-11-16T00:00:00.000Z,Ball State,Ohio,18,32
401416644,2022,12,2022-11-16T23:00:00.000Z,Kent State,Eastern Michigan,24,31
401416645,2022,12,2022-11-17T01:00:00.000Z,Central Michigan,Western Michigan,10,12
401416646,2022,12,2022-11-17T00:00:00.000Z,Northern Illinois,Miami (OH),23,29
401416648,2022,13,2022-11-23T00:00:00.000Z,Miami (OH),Ball State,0,0
401416649,2022,13,2022-11-23T00:00:00.000Z,Ohio,Bowling Green,38,14
401416650,2022,13,2022-11-25T17:00:00.000Z,Eastern Michigan,Central Michigan,38,19
401416651,2022,13,2022-11-25T17:00:00.000Z,Western Michigan,Toledo,20,14
401416652,2022,13,2022-11-26T18:30:00.000Z,Northern Illinois,Akron,12,44
401416653,2022,13,2022-11-26T18:00:00.000Z,Buffalo,Kent State,24,24
401426330,2022,1,2022-09-02T23:00:00.000Z,Old Dominion,Virginia Tech,20,17
401426333,2022,3,2022-09-17T19:30:00.000Z,App State,Troy,32,28
401426334,2022,4,2022-09-22T23:30:00.000Z,Georgia State,Coastal Carolina,24,41
401426335,2022,4,2022-09-24T22:00:00.000Z,Old Dominion,Arkansas State,29,26
401426336,2022,4,2022-09-25T00:00:00.000Z,UL Monroe,Louisiana,21,17
401426337,2022,5,2022-10-01T23:00:00.000Z,Coastal Carolina,Georgia Southern,34,30
401426338,2022,5,2022-10-01T17:30:00.000Z,James Madison,Texas State,40,7
401426340,2022,5,2022-10-01T23:00:00.000Z,Arkansas State,UL Monroe,45,28
401426341,2022,5,2022-10-01T21:00:00.000Z,Louisiana,South Alabama,17,17
401426342,2022,6,2022-10-08T18:00:00.000Z,Georgia State,Georgia Southern,0,0
401426343,2022,6,2022-10-08T23:00:00.000Z,Arkansas State,James Madison,20,42
401426344,2022,6,2022-10-09T00:00:00.000Z,UL Monroe,Coastal Carolina,20,28
401426345,2022,6,2022-10-08T23:00:00.000Z,Texas State,App State,36,24
401426346,2022,6,2022-10-08T23:00:00.000Z,Troy,Southern Miss,27,10
401426347,2022,7,2022-10-12T23:30:00.000Z,Marshall,Louisiana,13,23
401426348,2022,7,2022-10-15T16:00:00.000Z,Coastal Carolina,Old Dominion,21,49
401426349,2022,7,2022-10-15T20:00:00.000Z,Georgia Southern,James Madison,45,38
401426350,2022,7,2022-10-15T23:00:00.000Z,South Alabama,UL Monroe,41,34
401426351,2022,7,2022-10-15T23:00:00.000Z,Southern Miss,Arkansas State,20,19
401426352,2022,7,2022-10-15T19:30:00.000Z,Troy,Texas State,17,14
401426353,2022,8,2022-10-19T23:30:00.000Z,App State,Georgia State,42,17
401426354,2022,8,2022-10-20T23:30:00.000Z,South Alabama,Troy,6,10
401426355,2022,8,2022-10-22T19:30:00.000Z,James Madison,Marshall,9,2
401426356,2022,8,2022-10-22T19:30:00.000Z,Old Dominion,Georgia Southern,23,28
401426357,2022,8,2022-10-22T21:00:00.000Z,Louisiana,Arkansas State,38,18
401426358,2022,8,2022-10-22T21:00:00.000Z,Texas State,Southern Miss,14,20
401426359,2022,9,2022-10-27T23:30:00.000Z,Southern Miss,Louisiana,39,24
401426361,2022,9,2022-10-29T19:00:00.000Z,Georgia State,Old Dominion,31,17
401426362,2022,9,2022-10-29T23:00:00.000Z,Marshall,Coastal Carolina,0,0
401426363,2022,9,2022-10-29T20:00:00.000Z,Arkansas State,South Alabama,3,31
401426364,2022,10,2022-11-03T23:30:00.000Z,Coastal Carolina,App State,35,28
401426365,2022,10,2022-11-05T20:00:00.000Z,Georgia Southern,South Alabama,31,38
401426366,2022,10,2022-11-05T18:00:00.000Z,Old Dominion,Marshall,0,12
401426367,2022,10,2022-11-05T21:00:00.000Z,Louisiana,Troy,17,23
401426368,2022,10,2022-11-05T21:00:00.000Z,UL Monroe,Texas State,31,30
401426369,2022,10,2022-11-05T19:00:00.000Z,Southern Miss,Georgia State,14,42
401426370,2022,11,2022-11-11T00:30:00.000Z,Louisiana,Georgia Southern,36,17
401426371,2022,11,2022-11-13T00:30:00.000Z,Coastal Carolina,Southern Miss,26,23
401426372,2022,11,2022-11-12T18:00:00.000Z,Georgia State,UL Monroe,28,31
401426373,2022,11,2022-11-12T20:30:00.000Z,Marshall,App State,28,21
401426374,2022,11,2022-11-12T18:00:00.000Z,Old Dominion,James Madison,3,37
401426375,2022,11,2022-11-12T22:00:00.000Z,South Alabama,Texas State,38,21
401426376,2022,12,2022-11-19T19:30:00.000Z,App State,Old Dominion,27,14
401426377,2022,12,2022-11-19T23:00:00.000Z,Georgia Southern,Marshall,10,23
401426378,2022,12,2022-11-19T19:00:00.000Z,James Madison,Georgia State,42,40
401426379,2022,12,2022-11-19T20:30:00.000Z,Southern Miss,South Alabama,20,27
401426380,2022,12,2022-11-19T22:00:00.000Z,Texas State,Arkansas State,16,13
401426381,2022,12,2022-11-19T20:30:00.000Z,Troy,UL Monroe,34,16
401426382,2022,13,2022-11-26T23:00:00.000Z,Georgia Southern,App State,51,48
401426383,2022,13,2022-11-26T17:00:00.000Z,James Madison,Coastal Carolina,47,7
401426384,2022,13,2022-11-26T20:30:00.000Z,Arkansas State,Troy,19,48
401426385,2022,13,2022-11-26T22:00:00.000Z,UL Monroe,Southern Miss,10,20
401426386,2022,13,2022-11-26T22:00:00.000Z,Texas State,Louisiana,13,41
401426389,2022,13,2022-11-26T17:00:00.000Z,South Alabama,Old Dominion,27,20
401426390,2022,13,2022-11-26T17:00:00.000Z,Marshall,Georgia State,28,23
401426393,2022,4,2022-09-24T23:00:00.000Z,Troy,Marshall,16,7
401426530,2022,1,2022-08-27T23:00:00.000Z,Florida Atlantic,Charlotte,43,13
401426531,2022,1,2022-08-28T01:00:00.000Z,UTEP,North Texas,13,31
401426536,2022,1,2022-09-03T22:00:00.000Z,Ohio,Florida Atlantic,41,38
401426537,2022,1,2022-09-02T00:00:00.000Z,Missouri,Louisiana Tech,52,24
401426538,2022,1,2022-09-03T22:00:00.000Z,James Madison,Middle Tennessee,44,7
401426539,2022,1,2022-09-03T23:30:00.000Z,North Texas,SMU,10,48
401426540,2022,1,2022-09-03T22:00:00.000Z,USC,Rice,66,14
401426541,2022,1,2022-09-03T19:30:00.000Z,Oklahoma,UTEP,45,13
401426542,2022,1,2022-09-03T19:30:00.000Z,UTSA,Houston,0,0
401426543,2022,1,2022-09-04T03:59:00.000Z,Hawai'i,Western Kentucky,17,49
401426544,2022,2,2022-09-10T23:00:00.000Z,Texas State,Florida International,41,12
401426545,2022,2,2022-09-10T19:30:00.000Z,Charlotte,Maryland,0,0
401426548,2022,2,2022-09-10T20:00:00.000Z,Colorado State,Middle Tennessee,19,34
401426551,2022,2,2022-09-10T22:00:00.000Z,Liberty,UAB,21,14
401426552,2022,2,2022-09-11T01:00:00.000Z,UTEP,New Mexico State,20,13
401426553,2022,2,2022-09-10T16:00:00.000Z,Army,UTSA,38,35
401426554,2022,3,2022-09-17T23:00:00.000Z,Georgia State,Charlotte,41,42
401426555,2022,3,2022-09-17T23:30:00.000Z,Florida Atlantic,UCF,14,40
401426556,2022,3,2022-09-18T00:00:00.000Z,Clemson,Louisiana Tech,48,20
401426558,2022,3,2022-09-17T19:00:00.000Z,UNLV,North Texas,58,27
401426559,2022,3,2022-09-17T23:30:00.000Z,Rice,Louisiana,33,21
401426560,2022,3,2022-09-17T19:30:00.000Z,UAB,Georgia Southern,35,21
401426561,2022,3,2022-09-18T00:00:00.000Z,New Mexico,UTEP,27,10
401426562,2022,3,2022-09-18T00:00:00.000Z,Texas,UTSA,0,0
401426563,2022,3,2022-09-17T16:00:00.000Z,Indiana,Western Kentucky,33,30
401426564,2022,4,2022-09-24T23:30:00.000Z,South Carolina,Charlotte,56,20
401426565,2022,4,2022-09-24T19:30:00.000Z,Western Kentucky,Florida International,73,0
401426566,2022,4,2022-09-24T23:30:00.000Z,Purdue,Florida Atlantic,28,26
401426567,2022,4,2022-09-24T23:00:00.000Z,South Alabama,Louisiana Tech,38,14
401426568,2022,4,2022-09-24T19:30:00.000Z,Miami,Middle Tennessee,31,45
401426569,2022,4,2022-09-24T19:30:00.000Z,Memphis,North Texas,44,34
401426570,2022,4,2022-09-24T22:00:00.000Z,Houston,Rice,34,27
401426571,2022,4,2022-09-24T01:00:00.000Z,UTEP,Boise State,27,10
401426573,2022,5,2022-10-01T22:00:00.000Z,Charlotte,UTEP,35,41
401426574,2022,5,2022-10-02T00:00:00.000Z,New Mexico State,Florida International,7,21
401426575,2022,5,2022-10-01T20:00:00.000Z,North Texas,Florida Atlantic,45,28
401426576,2022,5,2022-09-30T23:30:00.000Z,Middle Tennessee,UTSA,30,45
401426577,2022,5,2022-10-01T23:30:00.000Z,Rice,UAB,28,24
401426578,2022,5,2022-10-01T23:00:00.000Z,Western Kentucky,Troy,27,34
401426579,2022,6,2022-10-08T23:00:00.000Z,Florida International,UConn,12,33
401426580,2022,6,2022-10-08T23:00:00.000Z,Louisiana Tech,UTEP,41,31
401426581,2022,6,2022-10-08T19:30:00.000Z,UAB,Middle Tennessee,41,14
401426582,2022,6,2022-10-08T22:00:00.000Z,UTSA,Western Kentucky,31,28
401426583,2022,7,2022-10-15T19:30:00.000Z,UAB,Charlotte,34,20
401426584,2022,7,2022-10-15T00:00:00.000Z,Florida International,UTSA,10,30
401426585,2022,7,2022-10-15T22:00:00.000Z,Florida Atlantic,Rice,0,0
401426586,2022,7,2022-10-15T20:00:00.000Z,North Texas,Louisiana Tech,47,27
401426587,2022,7,2022-10-15T19:30:00.000Z,Middle Tennessee,Western Kentucky,10,35
401426588,2022,8,2022-10-22T19:30:00.000Z,Charlotte,Florida International,15,34
401426589,2022,8,2022-10-22T20:00:00.000Z,UTEP,Florida Atlantic,21,21
401426590,2022,8,2022-10-22T19:00:00.000Z,Louisiana Tech,Rice,35,42
401426591,2022,8,2022-10-22T19:30:00.000Z,UTSA,North Texas,31,27
401426592,2022,8,2022-10-22T00:00:00.000Z,Western Kentucky,UAB,20,17
401426593,2022,9,2022-10-29T18:00:00.000Z,Rice,Charlotte,23,56
401426594,2022,9,2022-10-29T00:00:00.000Z,Florida International,Louisiana Tech,27,27
401426595,2022,9,2022-10-29T23:00:00.000Z,Florida Atlantic,UAB,0,0
401426596,2022,9,2022-10-30T01:00:00.000Z,UTEP,Middle Tennessee,13,24
401426597,2022,9,2022-10-29T19:30:00.000Z,Western Kentucky,North Texas,0,0
401426598,2022,10,2022-11-05T16:00:00.000Z,Charlotte,Western Kentucky,0,35
401426599,2022,10,2022-11-05T20:00:00.000Z,North Texas,Florida International,52,14
401426600,2022,10,2022-11-05T19:00:00.000Z,Louisiana Tech,Middle Tennessee,40,24
401426601,2022,10,2022-11-03T23:00:00.000Z,Rice,UTEP,37,30
401426602,2022,10,2022-11-05T19:30:00.000Z,UAB,UTSA,31,31
401426603,2022,11,2022-11-12T20:30:00.000Z,Middle Tennessee,Charlotte,24,14
401426604,2022,11,2022-11-13T00:00:00.000Z,Florida International,Florida Atlantic,7,52
401426605,2022,11,2022-11-12T20:30:00.000Z,UTSA,Louisiana Tech,51,7
401426606,2022,11,2022-11-12T20:30:00.000Z,UAB,North Texas,41,21
401426607,2022,11,2022-11-12T19:00:00.000Z,Western Kentucky,Rice,45,10
401426608,2022,12,2022-11-19T20:30:00.000Z,Charlotte,Louisiana Tech,26,21
401426609,2022,12,2022-11-19T21:00:00.000Z,UTEP,Florida International,38,6
401426610,2022,12,2022-11-19T20:30:00.000Z,Middle Tennessee,Florida Atlantic,49,21
401426611,2022,12,2022-11-19T18:00:00.000Z,Rice,UTSA,7,41
401426612,2022,12,2022-11-20T02:00:00.000Z,LSU,UAB,41,10
401426613,2022,12,2022-11-19T21:00:00.000Z,Auburn,Western Kentucky,41,17
401426614,2022,13,2022-11-26T23:00:00.000Z,Florida International,Middle Tennessee,28,33
401426615,2022,13,2022-11-26T17:00:00.000Z,Florida Atlantic,Western Kentucky,24,24
401426616,2022,13,2022-11-26T20:30:00.000Z,Louisiana Tech,UAB,27,37
401426617,2022,13,2022-11-26T19:00:00.000Z,North Texas,Rice,21,17
401426618,2022,13,2022-11-26T20:30:00.000Z,UTSA,UTEP,34,31
401437008,2022,14,2022-12-03T21:00:00.000Z,Tulane,UCF,45,28
401437009,2022,14,2022-12-04T01:00:00.000Z,North Carolina,Clemson,10,39
401437030,2022,14,2022-12-03T17:00:00.000Z,TCU,Kansas State,28,31
401437031,2022,14,2022-12-04T01:00:00.000Z,Michigan,Purdue,43,22
401437032,2022,14,2022-12-03T00:30:00.000Z,UTSA,North Texas,48,27
401437033,2022,14,2022-12-03T17:00:00.000Z,Ohio,Toledo,7,17
401437034,2022,14,2022-12-03T21:00:00.000Z,Boise State,Fresno State,16,28
401437035,2022,14,2022-12-03T01:00:00.000Z,USC,Utah,24,47
401437036,2022,14,2022-12-03T21:00:00.000Z,Georgia,LSU,50,30
401437037,2022,14,2022-12-03T20:30:00.000Z,Troy,Coastal Carolina,45,26
401506450,2022,14,2022-12-02T18:00:00.000Z,Buffalo,Akron,0,0
401520145,2023,1,2023-08-26T21:30:00.000Z,Jacksonville State,UTEP,17,14
401520146,2023,1,2023-08-27T01:00:00.000Z,Louisiana Tech,Florida International,22,17
401520147,2023,1,2023-08-26T23:30:00.000Z,Vanderbilt,Hawai'i,35,28
401520148,2023,1,2023-09-01T00:00:00.000Z,Minnesota,Nebraska,10,10
401520149,2023,1,2023-09-02T23:30:00.000Z,Alabama,Middle Tennessee,56,7
401520151,2023,1,2023-09-02T19:30:00.000Z,Auburn,Massachusetts,59,14
401520152,2023,1,2023-09-03T02:15:00.000Z,BYU,Sam Houston,14,0
401520155,2023,1,2023-09-02T23:30:00.000Z,Illinois,Toledo,30,28
401520156,2023,1,2023-09-02T19:30:00.000Z,Indiana,Ohio State,3,23
401520157,2023,1,2023-09-02T16:00:00.000Z,Iowa,Utah State,24,14
401520159,2023,1,2023-09-02T16:00:00.000Z,Kentucky,Ball State,44,14
401520160,2023,1,2023-09-02T16:00:00.000Z,Liberty,Bowling Green,34,24
401520162,2023,1,2023-09-02T16:00:00.000Z,Michigan,East Carolina,30,3
401520163,2023,1,2023-09-01T23:00:00.000Z,Michigan State,Central Michigan,31,7
401520167,2023,1,2023-09-02T23:30:00.000Z,North Carolina,South Carolina,17,31
401520169,2023,1,2023-09-02T23:30:00.000Z,Penn State,West Virginia,0,0
401520170,2023,1,2023-09-02T16:00:00.000Z,Purdue,Fresno State,35,39
401520171,2023,1,2023-09-03T16:00:00.000Z,Rutgers,Northwestern,24,7
401520172,2023,1,2023-09-02T16:00:00.000Z,SMU,Louisiana Tech,38,14
401520173,2023,1,2023-09-02T23:00:00.000Z,Texas A&M,New Mexico,52,10
401520174,2023,1,2023-08-31T23:30:00.000Z,UConn,NC State,14,24
401520175,2023,1,2023-09-02T23:00:00.000Z,UL Monroe,Army,17,13
401520176,2023,1,2023-09-01T00:00:00.000Z,Utah,Florida,24,11
401520179,2023,1,2023-09-02T16:00:00.000Z,Tennessee,Virginia,49,13
401520180,2023,1,2023-09-02T19:30:00.000Z,Wisconsin,Buffalo,38,17
401520181,2023,1,2023-09-02T19:30:00.000Z,Western Kentucky,South Florida,41,24
401520182,2023,1,2023-09-03T23:30:00.000Z,Florida State,LSU,45,24
401520183,2023,2,2023-09-09T23:00:00.000Z,Alabama,Texas,24,34
401520184,2023,2,2023-09-09T20:00:00.000Z,Arkansas,Kent State,28,6
401520186,2023,2,2023-09-10T02:30:00.000Z,California,Auburn,10,14
401520187,2023,2,2023-09-09T23:00:00.000Z,Coastal Carolina,Jacksonville State,30,16
401520188,2023,2,2023-09-09T16:00:00.000Z,Colorado,Nebraska,36,7
401520189,2023,2,2023-09-09T22:30:00.000Z,Florida International,North Texas,48,39
401520191,2023,2,2023-09-09T16:00:00.000Z,Georgia,Ball State,45,3
401520192,2023,2,2023-09-09T23:00:00.000Z,Georgia State,UConn,35,14
401520194,2023,2,2023-09-09T19:30:00.000Z,Iowa State,Iowa,13,20
401520195,2023,2,2023-09-08T23:30:00.000Z,Kansas,Illinois,34,23
401520198,2023,2,2023-09-09T22:00:00.000Z,Liberty,New Mexico State,33,17
401520200,2023,2,2023-09-09T23:30:00.000Z,Maryland,Charlotte,38,20
401520201,2023,2,2023-09-09T19:30:00.000Z,Miami,Texas A&M,48,33
401520202,2023,2,2023-09-09T19:30:00.000Z,Michigan,UNLV,35,7
401520204,2023,2,2023-09-09T23:30:00.000Z,Minnesota,Eastern Michigan,25,6
401520205,2023,2,2023-09-09T23:30:00.000Z,Mississippi State,Arizona,31,24
401520206,2023,2,2023-09-09T23:00:00.000Z,Missouri,Middle Tennessee,23,19
401520207,2023,2,2023-09-09T19:30:00.000Z,Northwestern,UTEP,38,7
401520210,2023,2,2023-09-09T23:30:00.000Z,Rutgers,Temple,36,7
401520211,2023,2,2023-09-10T00:00:00.000Z,Sam Houston,Air Force,3,13
401520214,2023,2,2023-09-09T19:30:00.000Z,Tulane,Ole Miss,20,37
401520215,2023,2,2023-09-09T16:00:00.000Z,Virginia Tech,Purdue,17,24
401520216,2023,2,2023-09-09T15:00:00.000Z,Wake Forest,Vanderbilt,36,20
401520217,2023,2,2023-09-09T23:30:00.000Z,Washington State,Wisconsin,31,22
401520219,2023,3,2023-09-17T03:00:00.000Z,Arizona,UTEP,31,10
401520220,2023,3,2023-09-16T23:30:00.000Z,Arkansas,BYU,31,38
401520222,2023,3,2023-09-16T16:00:00.000Z,Buffalo,Liberty,27,55
401520223,2023,3,2023-09-16T19:30:00.000Z,Duke,Northwestern,38,14
401520224,2023,3,2023-09-16T23:00:00.000Z,Florida,Tennessee,29,16
401520225,2023,3,2023-09-16T19:30:00.000Z,Georgia,South Carolina,24,14
401520226,2023,3,2023-09-16T16:00:00.000Z,Illinois,Penn State,13,30
401520227,2023,3,2023-09-16T19:30:00.000Z,Iowa,Western Michigan,41,10
401520228,2023,3,2023-09-16T23:30:00.000Z,Kentucky,Akron,35,3
401520229,2023,3,2023-09-16T23:00:00.000Z,Louisiana Tech,North Texas,37,37
401520230,2023,3,2023-09-16T16:00:00.000Z,Indiana,Louisville,14,21
401520231,2023,3,2023-09-15T23:00:00.000Z,Maryland,Virginia,42,14
401520232,2023,3,2023-09-16T23:30:00.000Z,Michigan,Bowling Green,31,6
401520233,2023,3,2023-09-16T21:00:00.000Z,Michigan State,Washington,7,41
401520235,2023,3,2023-09-16T16:00:00.000Z,Mississippi State,LSU,14,41
401520236,2023,3,2023-09-16T16:00:00.000Z,Missouri,Kansas State,27,27
401520237,2023,3,2023-09-16T23:00:00.000Z,Nebraska,Northern Illinois,35,11
401520238,2023,3,2023-09-17T00:00:00.000Z,New Mexico,New Mexico State,17,27
401520239,2023,3,2023-09-16T19:30:00.000Z,North Carolina,Minnesota,31,13
401520240,2023,3,2023-09-16T20:00:00.000Z,Ohio State,Western Kentucky,63,10
401520241,2023,3,2023-09-16T23:30:00.000Z,Ole Miss,Georgia Tech,0,0
401520242,2023,3,2023-09-16T23:30:00.000Z,Purdue,Syracuse,20,35
401520243,2023,3,2023-09-16T19:30:00.000Z,Rutgers,Virginia Tech,35,16
401520244,2023,3,2023-09-16T19:30:00.000Z,South Florida,Alabama,3,17
401520245,2023,3,2023-09-16T20:00:00.000Z,Texas A&M,UL Monroe,47,3
401520246,2023,3,2023-09-16T19:30:00.000Z,UConn,Florida International,17,24
401520247,2023,3,2023-09-16T23:00:00.000Z,UNLV,Vanderbilt,40,37
401520249,2023,3,2023-09-16T16:00:00.000Z,Wisconsin,Georgia Southern,35,14
401520250,2023,4,2023-09-23T19:30:00.000Z,Alabama,Ole Miss,24,10
401520251,2023,4,2023-09-23T23:00:00.000Z,Florida,Charlotte,22,7
401520252,2023,4,2023-09-23T23:30:00.000Z,Georgia,UAB,49,21
401520253,2023,4,2023-09-24T03:59:00.000Z,Hawai'i,New Mexico State,17,17
401520254,2023,4,2023-09-23T23:00:00.000Z,Houston,Sam Houston,38,7
401520255,2023,4,2023-09-23T19:30:00.000Z,Illinois,Florida Atlantic,23,17
401520256,2023,4,2023-09-23T23:30:00.000Z,Indiana,Akron,29,27
401520257,2023,4,2023-09-23T21:00:00.000Z,Jacksonville State,Eastern Michigan,21,0
401520258,2023,4,2023-09-23T23:00:00.000Z,LSU,Arkansas,34,31
401520259,2023,4,2023-09-23T23:30:00.000Z,Missouri,Memphis,34,27
401520260,2023,4,2023-09-23T16:00:00.000Z,Michigan,Rutgers,31,7
401520261,2023,4,2023-09-23T19:30:00.000Z,Michigan State,Maryland,9,31
401520262,2023,4,2023-09-23T23:00:00.000Z,Middle Tennessee,Colorado State,23,31
401520263,2023,4,2023-09-23T19:30:00.000Z,Nebraska,Louisiana Tech,28,14
401520264,2023,4,2023-09-23T23:30:00.000Z,Northwestern,Minnesota,37,34
401520265,2023,4,2023-09-23T23:30:00.000Z,Penn State,Iowa,31,0
401520266,2023,4,2023-09-22T23:00:00.000Z,Purdue,Wisconsin,17,38
401520267,2023,4,2023-09-23T23:30:00.000Z,South Carolina,Mississippi State,37,30
401520268,2023,4,2023-09-23T16:00:00.000Z,Syracuse,Army,29,16
401520269,2023,4,2023-09-23T20:00:00.000Z,Tennessee,UTSA,45,14
401520270,2023,4,2023-09-23T16:00:00.000Z,Texas A&M,Auburn,27,10
401520271,2023,4,2023-09-23T16:00:00.000Z,Troy,Western Kentucky,27,24
401520272,2023,4,2023-09-23T19:30:00.000Z,UConn,Duke,7,41
401520273,2023,4,2023-09-24T01:00:00.000Z,UTEP,UNLV,28,42
401520274,2023,4,2023-09-23T16:00:00.000Z,Vanderbilt,Kentucky,28,45
401520275,2023,4,2023-09-23T22:30:00.000Z,Florida International,Liberty,6,38
401520276,2023,5,2023-09-29T00:00:00.000Z,Sam Houston,Jacksonville State,28,35
401520277,2023,5,2023-09-28T23:30:00.000Z,Western Kentucky,Middle Tennessee,31,10
401520278,2023,5,2023-09-30T01:00:00.000Z,UTEP,Louisiana Tech,10,24
401520279,2023,5,2023-09-30T16:00:00.000Z,Arkansas,Texas A&M,22,34
401520280,2023,5,2023-09-30T19:30:00.000Z,Auburn,Georgia,20,27
401520281,2023,5,2023-09-30T23:30:00.000Z,Iowa,Michigan State,26,16
401520282,2023,5,2023-09-30T16:00:00.000Z,Kentucky,Florida,33,14
401520283,2023,5,2023-09-30T19:30:00.000Z,Maryland,Indiana,44,17
401520284,2023,5,2023-09-30T16:00:00.000Z,Minnesota,Louisiana,35,24
401520285,2023,5,2023-10-01T01:00:00.000Z,Mississippi State,Alabama,17,40
401520286,2023,5,2023-09-30T19:30:00.000Z,Nebraska,Michigan,7,45
401520287,2023,5,2023-09-30T16:00:00.000Z,Northwestern,Penn State,13,41
401520288,2023,5,2023-09-30T22:00:00.000Z,Ole Miss,LSU,55,49
401520289,2023,5,2023-09-30T19:30:00.000Z,Purdue,Illinois,44,19
401520291,2023,5,2023-09-30T23:30:00.000Z,Tennessee,South Carolina,41,20
401520292,2023,5,2023-09-30T16:00:00.000Z,UConn,Utah State,33,34
401520293,2023,5,2023-09-30T20:00:00.000Z,Vanderbilt,Missouri,21,38
401520294,2023,6,2023-10-05T00:00:00.000Z,Middle Tennessee,Jacksonville State,30,45
401520295,2023,6,2023-10-06T00:00:00.000Z,Louisiana Tech,Western Kentucky,28,35
401520296,2023,6,2023-10-05T23:00:00.000Z,Liberty,Sam Houston,21,16
401520297,2023,6,2023-10-05T01:00:00.000Z,New Mexico State,Florida International,34,17
401520298,2023,6,2023-10-07T16:00:00.000Z,Army,Boston College,24,27
401520299,2023,6,2023-10-07T20:00:00.000Z,Florida,Vanderbilt,38,14
401520300,2023,6,2023-10-07T23:00:00.000Z,Georgia,Kentucky,51,13
401520301,2023,6,2023-10-07T00:00:00.000Z,Illinois,Nebraska,7,20
401520302,2023,6,2023-10-07T19:30:00.000Z,Iowa,Purdue,20,14
401520303,2023,6,2023-10-07T23:30:00.000Z,Minnesota,Michigan,10,52
401520304,2023,6,2023-10-07T16:00:00.000Z,Mississippi State,Western Michigan,41,28
401520305,2023,6,2023-10-07T16:00:00.000Z,Missouri,LSU,39,49
401520307,2023,6,2023-10-07T16:00:00.000Z,Ohio State,Maryland,37,17
401520308,2023,6,2023-10-07T23:30:00.000Z,Ole Miss,Arkansas,27,20
401520309,2023,6,2023-10-07T21:00:00.000Z,Rice,UConn,31,38
401520310,2023,6,2023-10-07T19:30:00.000Z,Texas A&M,Alabama,20,24
401520311,2023,6,2023-10-07T16:00:00.000Z,Wisconsin,Rutgers,24,13
401520312,2023,7,2023-10-10T23:30:00.000Z,Jacksonville State,Liberty,13,31
401520313,2023,7,2023-10-10T23:00:00.000Z,Middle Tennessee,Louisiana Tech,31,23
401520314,2023,7,2023-10-11T23:30:00.000Z,Florida International,UTEP,14,27
401520315,2023,7,2023-10-12T01:00:00.000Z,New Mexico State,Sam Houston,27,13
401520316,2023,7,2023-10-14T16:00:00.000Z,Alabama,Arkansas,24,21
401520317,2023,7,2023-10-14T19:30:00.000Z,Army,Troy,0,19
401520318,2023,7,2023-10-14T23:30:00.000Z,Kentucky,Missouri,21,38
401520319,2023,7,2023-10-14T23:00:00.000Z,LSU,Auburn,48,18
401520320,2023,7,2023-10-14T19:30:00.000Z,Maryland,Illinois,24,27
401520321,2023,7,2023-10-14T16:00:00.000Z,Michigan,Indiana,52,7
401520322,2023,7,2023-10-14T19:30:00.000Z,Penn State,Massachusetts,63,0
401520323,2023,7,2023-10-14T16:00:00.000Z,Purdue,Ohio State,7,41
401520324,2023,7,2023-10-14T16:00:00.000Z,Rutgers,Michigan State,27,24
401520325,2023,7,2023-10-14T19:30:00.000Z,South Carolina,Florida,39,41
401520326,2023,7,2023-10-14T19:30:00.000Z,Tennessee,Texas A&M,20,13
401520327,2023,7,2023-10-14T16:00:00.000Z,Vanderbilt,Georgia,20,37
401520328,2023,7,2023-10-14T20:00:00.000Z,Wisconsin,Iowa,6,15
401520329,2023,8,2023-10-17T23:30:00.000Z,Jacksonville State,Western Kentucky,17,17
401520330,2023,8,2023-10-17T23:00:00.000Z,Liberty,Middle Tennessee,42,35
401520331,2023,8,2023-10-18T23:00:00.000Z,Sam Houston,Florida International,0,0
401520332,2023,8,2023-10-19T01:00:00.000Z,UTEP,New Mexico State,7,28
401520333,2023,8,2023-10-21T19:30:00.000Z,Alabama,Tennessee,34,20
401520334,2023,8,2023-10-21T16:00:00.000Z,Arkansas,Mississippi State,3,7
401520335,2023,8,2023-10-21T23:00:00.000Z,Auburn,Ole Miss,21,28
401520336,2023,8,2023-10-21T19:30:00.000Z,Illinois,Wisconsin,21,25
401520337,2023,8,2023-10-21T16:00:00.000Z,Indiana,Rutgers,14,31
401520338,2023,8,2023-10-21T19:30:00.000Z,Iowa,Minnesota,10,12
401520339,2023,8,2023-10-21T23:30:00.000Z,LSU,Army,62,0
401520340,2023,8,2023-10-21T23:30:00.000Z,Michigan State,Michigan,0,49
401520341,2023,8,2023-10-21T19:30:00.000Z,Missouri,South Carolina,34,12
401520342,2023,8,2023-10-21T19:30:00.000Z,Nebraska,Northwestern,17,9
401520343,2023,8,2023-10-21T16:00:00.000Z,Ohio State,Penn State,20,12
401520344,2023,8,2023-10-21T19:30:00.000Z,UConn,South Florida,21,24
401520345,2023,9,2023-10-24T23:00:00.000Z,Louisiana Tech,New Mexico State,24,27
401520346,2023,9,2023-10-24T23:30:00.000Z,Western Kentucky,Liberty,29,42
401520347,2023,9,2023-10-25T23:00:00.000Z,Florida International,Jacksonville State,16,41
401520348,2023,9,2023-10-26T00:00:00.000Z,Sam Houston,UTEP,34,37
401520349,2023,9,2023-10-28T16:00:00.000Z,Army,Massachusetts,14,21
401520350,2023,9,2023-10-28T19:30:00.000Z,Auburn,Mississippi State,27,13
401520351,2023,9,2023-10-28T16:00:00.000Z,Boston College,UConn,21,14
401520352,2023,9,2023-10-28T19:30:00.000Z,Florida,Georgia,20,43
401520353,2023,9,2023-10-28T23:00:00.000Z,Kentucky,Tennessee,27,33
401520354,2023,9,2023-10-28T19:30:00.000Z,Minnesota,Michigan State,27,12
401520355,2023,9,2023-10-28T19:30:00.000Z,Nebraska,Purdue,31,14
401520356,2023,9,2023-10-28T16:00:00.000Z,Northwestern,Maryland,33,27
401520357,2023,9,2023-10-28T23:30:00.000Z,Ole Miss,Vanderbilt,33,7
401520358,2023,9,2023-10-28T16:00:00.000Z,Penn State,Indiana,33,24
401520359,2023,9,2023-10-28T16:00:00.000Z,Texas A&M,South Carolina,30,17
401520360,2023,9,2023-10-28T23:30:00.000Z,Wisconsin,Ohio State,10,24
401520361,2023,10,2023-11-04T18:30:00.000Z,Air Force,Army,3,23
401520362,2023,10,2023-11-04T23:45:00.000Z,Alabama,LSU,42,28
401520363,2023,10,2023-11-04T16:00:00.000Z,Florida,Arkansas,36,33
401520364,2023,10,2023-11-04T19:30:00.000Z,Georgia,Missouri,30,21
401520365,2023,10,2023-11-04T16:00:00.000Z,Indiana,Wisconsin,20,14
401520366,2023,10,2023-11-04T22:00:00.000Z,Liberty,Louisiana Tech,56,30
401520367,2023,10,2023-11-04T19:30:00.000Z,Maryland,Penn State,15,51
401520368,2023,10,2023-11-04T23:30:00.000Z,Michigan,Purdue,41,13
401520369,2023,10,2023-11-04T16:00:00.000Z,Michigan State,Nebraska,20,17
401520370,2023,10,2023-11-04T19:30:00.000Z,Minnesota,Illinois,26,27
401520371,2023,10,2023-11-04T23:30:00.000Z,Mississippi State,Kentucky,3,24
401520372,2023,10,2023-11-04T22:00:00.000Z,New Mexico State,Middle Tennessee,13,7
401520373,2023,10,2023-11-04T19:30:00.000Z,Northwestern,Iowa,7,10
401520374,2023,10,2023-11-04T16:00:00.000Z,Ole Miss,Texas A&M,38,35
401520375,2023,10,2023-11-04T16:00:00.000Z,Rutgers,Ohio State,16,35
401520376,2023,10,2023-11-04T16:00:00.000Z,South Carolina,Jacksonville State,38,28
401520377,2023,10,2023-11-04T16:00:00.000Z,Tennessee,UConn,59,3
401520378,2023,10,2023-11-05T01:00:00.000Z,UTEP,Western Kentucky,13,21
401520379,2023,10,2023-11-04T20:00:00.000Z,Vanderbilt,Auburn,15,31
401520380,2023,11,2023-11-11T21:00:00.000Z,Arkansas,Auburn,10,48
401520382,2023,11,2023-11-12T00:00:00.000Z,Georgia,Ole Miss,52,17
401520383,2023,11,2023-11-11T17:00:00.000Z,Illinois,Indiana,42,42
401520384,2023,11,2023-11-11T20:30:00.000Z,Iowa,Rutgers,22,0
401520385,2023,11,2023-11-11T19:00:00.000Z,James Madison,UConn,44,6
401520386,2023,11,2023-11-11T17:00:00.000Z,Kentucky,Alabama,21,49
401520387,2023,11,2023-11-11T20:00:00.000Z,Louisiana Tech,Sam Houston,27,42
401520388,2023,11,2023-11-11T18:00:00.000Z,Liberty,Old Dominion,39,10
401520389,2023,11,2023-11-12T00:30:00.000Z,LSU,Florida,52,35
401520390,2023,11,2023-11-11T20:30:00.000Z,Middle Tennessee,Florida International,40,6
401520391,2023,11,2023-11-11T20:30:00.000Z,Missouri,Tennessee,36,7
401520392,2023,11,2023-11-11T17:00:00.000Z,Nebraska,Maryland,10,13
401520393,2023,11,2023-11-12T00:30:00.000Z,Ohio State,Michigan State,38,3
401520394,2023,11,2023-11-11T17:00:00.000Z,Penn State,Michigan,15,24
401520395,2023,11,2023-11-11T20:30:00.000Z,Purdue,Minnesota,49,30
401520396,2023,11,2023-11-11T17:00:00.000Z,South Carolina,Vanderbilt,47,6
401520397,2023,11,2023-11-12T00:30:00.000Z,Texas A&M,Mississippi State,51,10
401520398,2023,11,2023-11-11T20:30:00.000Z,Wisconsin,Northwestern,10,24
401520399,2023,11,2023-11-11T20:30:00.000Z,Western Kentucky,New Mexico State,29,38
401520402,2023,12,2023-11-19T00:30:00.000Z,Arkansas,Florida International,44,20
401520403,2023,12,2023-11-18T17:00:00.000Z,Army,Coastal Carolina,28,21
401520404,2023,12,2023-11-18T21:00:00.000Z,Auburn,New Mexico State,10,31
401520405,2023,12,2023-11-18T17:00:00.000Z,Indiana,Michigan State,21,24
401520406,2023,12,2023-11-18T20:30:00.000Z,Iowa,Illinois,15,13
401520407,2023,12,2023-11-18T19:00:00.000Z,Jacksonville State,Louisiana Tech,56,17
401520408,2023,12,2023-11-18T18:00:00.000Z,Liberty,Massachusetts,49,25
401520409,2023,12,2023-11-19T01:00:00.000Z,LSU,Georgia State,56,14
401520410,2023,12,2023-11-18T17:00:00.000Z,Maryland,Michigan,24,31
401520411,2023,12,2023-11-18T19:00:00.000Z,Middle Tennessee,UTEP,34,30
401520412,2023,12,2023-11-18T17:00:00.000Z,Mississippi State,Southern Miss,41,20
401520413,2023,12,2023-11-19T00:30:00.000Z,Missouri,Florida,33,31
401520414,2023,12,2023-11-18T17:00:00.000Z,Northwestern,Purdue,23,15
401520415,2023,12,2023-11-18T21:00:00.000Z,Ohio State,Minnesota,37,3
401520416,2023,12,2023-11-18T17:00:00.000Z,Ole Miss,UL Monroe,35,3
401520417,2023,12,2023-11-18T17:00:00.000Z,Penn State,Rutgers,27,6
401520418,2023,12,2023-11-19T00:30:00.000Z,South Carolina,Kentucky,17,14
401520419,2023,12,2023-11-18T20:30:00.000Z,Tennessee,Georgia,10,38
401520422,2023,12,2023-11-19T00:30:00.000Z,Wisconsin,Nebraska,24,17
401520423,2023,12,2023-11-18T20:30:00.000Z,Western Kentucky,Sam Houston,28,23
401520424,2023,13,2023-11-24T00:30:00.000Z,Mississippi State,Ole Miss,7,17
401520425,2023,13,2023-11-24T17:00:00.000Z,Nebraska,Iowa,10,13
401520426,2023,13,2023-11-24T21:00:00.000Z,Arkansas,Missouri,14,48
401520427,2023,13,2023-11-25T20:30:00.000Z,Auburn,Alabama,24,27
401520428,2023,13,2023-11-25T20:00:00.000Z,Florida International,Western Kentucky,28,41
401520429,2023,13,2023-11-26T00:00:00.000Z,Florida,Florida State,15,24
401520430,2023,13,2023-11-26T00:30:00.000Z,Georgia Tech,Georgia,23,31
401520431,2023,13,2023-11-25T20:30:00.000Z,Illinois,Northwestern,43,45
401520432,2023,13,2023-11-25T17:00:00.000Z,Louisville,Kentucky,31,38
401520433,2023,13,2023-11-25T17:00:00.000Z,LSU,Texas A&M,42,30
401520434,2023,13,2023-11-25T17:00:00.000Z,Michigan,Ohio State,30,24
401520435,2023,13,2023-11-25T00:30:00.000Z,Michigan State,Penn State,0,42
401520436,2023,13,2023-11-25T20:30:00.000Z,Minnesota,Wisconsin,14,28
401520437,2023,13,2023-11-25T21:00:00.000Z,New Mexico State,Jacksonville State,17,17
401520438,2023,13,2023-11-25T17:00:00.000Z,Purdue,Indiana,35,31
401520439,2023,13,2023-11-25T20:30:00.000Z,Rutgers,Maryland,24,42
401520440,2023,13,2023-11-25T17:00:00.000Z,Sam Houston,Middle Tennessee,23,20
401520441,2023,13,2023-11-26T00:30:00.000Z,South Carolina,Clemson,7,16
401520442,2023,13,2023-11-25T20:30:00.000Z,Tennessee,Vanderbilt,48,24
401520443,2023,13,2023-11-25T17:00:00.000Z,Massachusetts,UConn,18,31
401520444,2023,13,2023-11-25T20:30:00.000Z,UTEP,Liberty,28,42
401520445,2023,15,2023-12-09T20:00:00.000Z,Army,Navy,9,17
401521330,2023,4,2023-09-23T23:30:00.000Z,Notre Dame,Ohio State,14,17
401523986,2023,1,2023-08-27T00:00:00.000Z,USC,San José State,56,28
401523988,2023,1,2023-09-02T03:00:00.000Z,Hawai'i,Stanford,24,37
401523990,2023,1,2023-09-02T23:00:00.000Z,Colorado State,Washington State,24,50
401523991,2023,1,2023-09-02T20:00:00.000Z,North Texas,California,21,58
401523994,2023,1,2023-09-02T16:00:00.000Z,TCU,Colorado,42,45
401523995,2023,1,2023-09-03T02:30:00.000Z,UCLA,Coastal Carolina,27,13
401523996,2023,1,2023-09-02T22:30:00.000Z,USC,Nevada,66,14
401523997,2023,1,2023-09-02T19:30:00.000Z,Washington,Boise State,56,19
401523998,2023,2,2023-09-10T02:30:00.000Z,Arizona State,Oklahoma State,15,27
401523999,2023,2,2023-09-09T16:00:00.000Z,Baylor,Utah,13,20
401524001,2023,2,2023-09-09T23:30:00.000Z,San Diego State,UCLA,10,35
401524002,2023,2,2023-09-09T23:00:00.000Z,Texas Tech,Oregon,30,38
401524003,2023,2,2023-09-10T02:30:00.000Z,USC,Stanford,56,10
401524004,2023,2,2023-09-09T21:00:00.000Z,Washington,Tulsa,43,10
401524005,2023,3,2023-09-17T02:30:00.000Z,Arizona State,Fresno State,0,29
401524007,2023,3,2023-09-17T02:00:00.000Z,Colorado,Colorado State,43,35
401524008,2023,3,2023-09-17T00:00:00.000Z,Oregon,Hawai'i,55,10
401524009,2023,3,2023-09-16T19:30:00.000Z,Oregon State,San Diego State,26,9
401524014,2023,4,2023-09-24T02:30:00.000Z,Arizona State,USC,28,42
401524015,2023,4,2023-09-23T19:30:00.000Z,Oregon,Colorado,42,6
401524016,2023,4,2023-09-23T23:00:00.000Z,Stanford,Arizona,20,21
401524017,2023,4,2023-09-23T19:30:00.000Z,Utah,UCLA,14,7
401524018,2023,4,2023-09-24T02:30:00.000Z,Washington,California,59,32
401524019,2023,4,2023-09-23T23:00:00.000Z,Washington State,Oregon State,38,35
401524020,2023,5,2023-09-30T01:00:00.000Z,Oregon State,Utah,21,7
401524021,2023,5,2023-10-01T02:00:00.000Z,Arizona,Washington,24,31
401524022,2023,5,2023-09-30T19:00:00.000Z,California,Arizona State,24,21
401524023,2023,5,2023-09-30T16:00:00.000Z,Colorado,USC,41,48
401524024,2023,5,2023-09-30T22:30:00.000Z,Stanford,Oregon,6,42
401524025,2023,6,2023-10-08T02:30:00.000Z,USC,Arizona,43,41
401524026,2023,6,2023-10-07T22:30:00.000Z,Arizona State,Colorado,24,27
401524027,2023,6,2023-10-08T02:00:00.000Z,California,Oregon State,40,52
401524028,2023,6,2023-10-07T19:00:00.000Z,UCLA,Washington State,25,17
401524029,2023,7,2023-10-14T02:00:00.000Z,Colorado,Stanford,43,46
401524030,2023,7,2023-10-14T23:00:00.000Z,Washington State,Arizona,6,44
401524031,2023,7,2023-10-14T23:30:00.000Z,Notre Dame,USC,48,20
401524032,2023,7,2023-10-15T00:00:00.000Z,Oregon State,UCLA,36,24
401524033,2023,7,2023-10-14T19:00:00.000Z,Utah,California,34,14
401524034,2023,7,2023-10-14T19:30:00.000Z,Washington,Oregon,36,33
401524035,2023,8,2023-10-21T19:30:00.000Z,Oregon,Washington State,38,24
401524036,2023,8,2023-10-22T02:30:00.000Z,Stanford,UCLA,7,42
401524037,2023,8,2023-10-22T00:00:00.000Z,USC,Utah,32,31
401524038,2023,8,2023-10-22T02:30:00.000Z,Washington,Arizona State,15,7
401524039,2023,9,2023-10-29T02:30:00.000Z,Arizona,Oregon State,27,24
401524040,2023,9,2023-10-29T00:00:00.000Z,Arizona State,Washington State,38,27
401524041,2023,9,2023-10-28T20:00:00.000Z,California,USC,49,50
401524042,2023,9,2023-10-28T23:00:00.000Z,Stanford,Washington,33,42
401524043,2023,9,2023-10-28T23:30:00.000Z,UCLA,Colorado,28,16
401524044,2023,9,2023-10-28T19:30:00.000Z,Utah,Oregon,6,35
401524045,2023,10,2023-11-05T02:30:00.000Z,Arizona,UCLA,27,10
401524046,2023,10,2023-11-05T02:00:00.000Z,Colorado,Oregon State,19,26
401524047,2023,10,2023-11-04T21:30:00.000Z,Oregon,California,63,19
401524048,2023,10,2023-11-04T23:30:00.000Z,USC,Washington,42,52
401524049,2023,10,2023-11-04T18:00:00.000Z,Utah,Arizona State,55,3
401524050,2023,10,2023-11-05T01:00:00.000Z,Washington State,Stanford,7,10
401524051,2023,11,2023-11-11T21:00:00.000Z,California,Washington State,42,39
401524052,2023,11,2023-11-11T19:00:00.000Z,Colorado,Arizona,31,31
401524053,2023,11,2023-11-12T03:30:00.000Z,Oregon,USC,36,27
401524054,2023,11,2023-11-11T22:30:00.000Z,Oregon State,Stanford,62,17
401524055,2023,11,2023-11-12T02:00:00.000Z,UCLA,Arizona State,7,17
401524056,2023,11,2023-11-11T20:30:00.000Z,Washington,Utah,35,28
401524057,2023,12,2023-11-18T03:30:00.000Z,Washington State,Colorado,56,14
401524058,2023,12,2023-11-18T19:30:00.000Z,Arizona,Utah,42,18
401524059,2023,12,2023-11-18T21:00:00.000Z,Arizona State,Oregon,13,49
401524060,2023,12,2023-11-19T00:30:00.000Z,Oregon State,Washington,20,22
401524061,2023,12,2023-11-18T23:30:00.000Z,Stanford,California,15,27
401524062,2023,12,2023-11-18T20:30:00.000Z,USC,UCLA,20,38
401524063,2023,13,2023-11-25T01:30:00.000Z,Oregon,Oregon State,31,7
401524064,2023,13,2023-11-25T20:30:00.000Z,Arizona State,Arizona,23,59
401524065,2023,13,2023-11-26T00:00:00.000Z,Stanford,Notre Dame,23,56
401524066,2023,13,2023-11-26T03:30:00.000Z,UCLA,California,7,33
401524067,2023,13,2023-11-25T20:00:00.000Z,Utah,Colorado,23,17
401524068,2023,13,2023-11-25T21:00:00.000Z,Washington,Washington State,24,21
401525434,2023,1,2023-08-26T18:30:00.000Z,Notre Dame,Navy,42,3
401525436,2023,2,2023-09-09T16:00:00.000Z,NC State,Notre Dame,24,45
401525437,2023,3,2023-09-16T18:30:00.000Z,Notre Dame,Central Michigan,41,17
401525438,2023,5,2023-09-30T23:30:00.000Z,Duke,Notre Dame,14,21
401525439,2023,6,2023-10-07T23:37:00.000Z,Louisville,Notre Dame,33,20
401525440,2023,9,2023-10-28T19:30:00.000Z,Notre Dame,Pittsburgh,58,7
401525441,2023,10,2023-11-04T16:00:00.000Z,Clemson,Notre Dame,31,23
401525442,2023,12,2023-11-18T20:30:00.000Z,Notre Dame,Wake Forest,45,7
401525450,2023,1,2023-08-26T23:00:00.000Z,New Mexico State,Massachusetts,30,41
401525462,2023,1,2023-09-01T23:30:00.000Z,Georgia Tech,Louisville,0,0
401525463,2023,1,2023-09-01T23:00:00.000Z,Miami,Miami (OH),38,3
401525464,2023,1,2023-09-02T16:00:00.000Z,Boston College,Northern Illinois,24,21
401525467,2023,1,2023-09-03T00:00:00.000Z,Virginia Tech,Old Dominion,36,17
401525468,2023,1,2023-09-05T00:00:00.000Z,Duke,Clemson,28,7
401525493,2023,2,2023-09-10T00:30:00.000Z,Florida State,Southern Miss,66,13
401525495,2023,2,2023-09-09T21:15:00.000Z,North Carolina,App State,40,34
401525496,2023,2,2023-09-09T22:30:00.000Z,Pittsburgh,Cincinnati,21,27
401525497,2023,2,2023-09-09T19:30:00.000Z,Syracuse,Western Michigan,0,0
401525498,2023,2,2023-09-09T16:00:00.000Z,Virginia,James Madison,35,36
401525500,2023,3,2023-09-16T16:00:00.000Z,Boston College,Florida State,29,31
401525501,2023,3,2023-09-17T00:00:00.000Z,Clemson,Florida Atlantic,48,14
401525503,2023,3,2023-09-16T23:30:00.000Z,West Virginia,Pittsburgh,17,6
401525504,2023,3,2023-09-16T16:00:00.000Z,Old Dominion,Wake Forest,24,27
401525505,2023,4,2023-09-22T23:30:00.000Z,Virginia,NC State,21,24
401525506,2023,4,2023-09-23T19:30:00.000Z,Louisville,Boston College,56,28
401525507,2023,4,2023-09-23T16:00:00.000Z,Clemson,Florida State,24,31
401525508,2023,4,2023-09-23T22:30:00.000Z,Wake Forest,Georgia Tech,16,30
401525509,2023,4,2023-09-23T19:30:00.000Z,Temple,Miami,7,41
401525510,2023,4,2023-09-24T00:00:00.000Z,Pittsburgh,North Carolina,24,41
401525511,2023,4,2023-09-23T16:00:00.000Z,Marshall,Virginia Tech,24,17
401525512,2023,5,2023-09-29T23:00:00.000Z,NC State,Louisville,10,13
401525513,2023,5,2023-09-30T18:00:00.000Z,Boston College,Virginia,27,24
401525514,2023,5,2023-09-30T16:00:00.000Z,Syracuse,Clemson,14,31
401525515,2023,5,2023-09-30T19:30:00.000Z,Georgia Tech,Bowling Green,27,38
401525516,2023,5,2023-10-01T00:00:00.000Z,Virginia Tech,Pittsburgh,38,21
401525517,2023,6,2023-10-07T19:30:00.000Z,Clemson,Wake Forest,17,12
401525518,2023,6,2023-10-07T19:30:00.000Z,Florida State,Virginia Tech,39,17
401525519,2023,6,2023-10-08T00:00:00.000Z,Miami,Georgia Tech,20,23
401525520,2023,6,2023-10-07T19:30:00.000Z,North Carolina,Syracuse,40,7
401525521,2023,6,2023-10-07T18:00:00.000Z,NC State,Marshall,48,41
401525523,2023,7,2023-10-15T00:00:00.000Z,Duke,NC State,24,3
401525524,2023,7,2023-10-14T16:00:00.000Z,Florida State,Syracuse,41,3
401525525,2023,7,2023-10-14T22:30:00.000Z,Pittsburgh,Louisville,38,21
401525526,2023,7,2023-10-14T23:30:00.000Z,North Carolina,Miami,41,31
401525527,2023,7,2023-10-14T19:30:00.000Z,Virginia Tech,Wake Forest,30,13
401525528,2023,8,2023-10-21T16:00:00.000Z,Georgia Tech,Boston College,23,38
401525529,2023,8,2023-10-22T00:00:00.000Z,Miami,Clemson,28,20
401525530,2023,8,2023-10-21T23:30:00.000Z,Florida State,Duke,38,20
401525531,2023,8,2023-10-21T22:30:00.000Z,North Carolina,Virginia,27,31
401525532,2023,8,2023-10-21T19:30:00.000Z,Wake Forest,Pittsburgh,21,17
401525533,2023,9,2023-10-26T23:30:00.000Z,Virginia Tech,Syracuse,38,10
401525534,2023,9,2023-10-28T18:00:00.000Z,NC State,Clemson,24,17
401525535,2023,9,2023-10-28T19:30:00.000Z,Louisville,Duke,23,0
401525536,2023,9,2023-10-28T16:00:00.000Z,Wake Forest,Florida State,16,41
401525537,2023,9,2023-10-29T00:00:00.000Z,Georgia Tech,North Carolina,46,42
401525538,2023,9,2023-10-28T19:30:00.000Z,Miami,Virginia,23,26
401525539,2023,10,2023-11-02T23:30:00.000Z,Duke,Wake Forest,21,21
401525540,2023,10,2023-11-03T23:30:00.000Z,Syracuse,Boston College,10,17
401525541,2023,10,2023-11-04T19:30:00.000Z,Pittsburgh,Florida State,7,24
401525542,2023,10,2023-11-04T18:00:00.000Z,Virginia,Georgia Tech,17,45
401525543,2023,10,2023-11-04T19:30:00.000Z,Louisville,Virginia Tech,34,3
401525544,2023,10,2023-11-05T00:00:00.000Z,NC State,Miami,20,6
401525546,2023,11,2023-11-10T00:30:00.000Z,Louisville,Virginia,31,24
401525547,2023,11,2023-11-11T17:00:00.000Z,Boston College,Virginia Tech,22,48
401525548,2023,11,2023-11-11T17:00:00.000Z,Clemson,Georgia Tech,42,21
401525549,2023,11,2023-11-12T01:00:00.000Z,North Carolina,Duke,36,36
401525550,2023,11,2023-11-11T20:30:00.000Z,Florida State,Miami,27,20
401525551,2023,11,2023-11-11T19:00:00.000Z,Wake Forest,NC State,0,0
401525552,2023,11,2023-11-11T20:30:00.000Z,Syracuse,Pittsburgh,28,13
401525553,2023,12,2023-11-17T00:00:00.000Z,Pittsburgh,Boston College,24,16
401525554,2023,12,2023-11-18T20:30:00.000Z,Clemson,North Carolina,31,20
401525555,2023,12,2023-11-18T20:00:00.000Z,Virginia,Duke,30,27
401525557,2023,12,2023-11-19T01:00:00.000Z,Georgia Tech,Syracuse,31,22
401525558,2023,12,2023-11-18T17:00:00.000Z,Miami,Louisville,31,38
401525559,2023,12,2023-11-18T20:30:00.000Z,Virginia Tech,NC State,28,35
401525560,2023,13,2023-11-24T17:00:00.000Z,Boston College,Miami,20,45
401525561,2023,13,2023-11-25T17:00:00.000Z,Duke,Pittsburgh,30,19
401525562,2023,13,2023-11-26T01:00:00.000Z,NC State,North Carolina,39,20
401525563,2023,13,2023-11-25T19:00:00.000Z,Syracuse,Wake Forest,35,31
401525564,2023,13,2023-11-25T20:30:00.000Z,Virginia,Virginia Tech,17,55
401525816,2023,1,2023-08-31T23:00:00.000Z,UCF,Kent State,56,6
401525817,2023,1,2023-09-02T23:00:00.000Z,Baylor,Texas State,31,42
401525819,2023,1,2023-09-02T23:00:00.000Z,Houston,UTSA,17,14
401525822,2023,1,2023-09-02T16:00:00.000Z,Oklahoma,Arkansas State,73,0
401525824,2023,1,2023-09-02T19:30:00.000Z,Texas,Rice,37,10
401525825,2023,1,2023-09-02T23:30:00.000Z,Wyoming,Texas Tech,35,33
401525827,2023,2,2023-09-09T23:00:00.000Z,Boise State,UCF,16,18
401525829,2023,2,2023-09-09T16:00:00.000Z,Kansas State,Troy,42,13
401525830,2023,2,2023-09-09T22:00:00.000Z,Oklahoma,SMU,28,11
401525831,2023,2,2023-09-09T23:00:00.000Z,Rice,Houston,43,41
401525835,2023,3,2023-09-16T23:00:00.000Z,Cincinnati,Miami (OH),24,38
401525836,2023,3,2023-09-17T00:00:00.000Z,Houston,TCU,12,36
401525837,2023,3,2023-09-17T02:30:00.000Z,Nevada,Kansas,24,31
401525838,2023,3,2023-09-16T16:00:00.000Z,Ohio,Iowa State,10,7
401525839,2023,3,2023-09-16T23:00:00.000Z,Oklahoma State,South Alabama,7,33
401525840,2023,3,2023-09-17T00:00:00.000Z,Texas,Wyoming,31,10
401525842,2023,3,2023-09-16T19:30:00.000Z,Tulsa,Oklahoma,17,66
401525844,2023,4,2023-09-23T23:30:00.000Z,Baylor,Texas,6,38
401525845,2023,4,2023-09-23T16:00:00.000Z,Cincinnati,Oklahoma,6,20
401525846,2023,4,2023-09-23T20:00:00.000Z,Iowa State,Oklahoma State,34,27
401525847,2023,4,2023-09-23T19:30:00.000Z,Kansas,BYU,38,27
401525848,2023,4,2023-09-24T00:00:00.000Z,Kansas State,UCF,44,24
401525849,2023,4,2023-09-23T16:00:00.000Z,TCU,SMU,34,17
401525850,2023,4,2023-09-23T19:30:00.000Z,West Virginia,Texas Tech,20,13
401525851,2023,5,2023-09-30T02:15:00.000Z,BYU,Cincinnati,35,27
401525852,2023,5,2023-09-30T23:00:00.000Z,Oklahoma,Iowa State,50,20
401525853,2023,5,2023-10-01T00:00:00.000Z,TCU,West Virginia,21,24
401525854,2023,5,2023-09-30T19:30:00.000Z,Texas,Kansas,40,14
401525855,2023,5,2023-09-30T19:30:00.000Z,Texas Tech,Houston,49,28
401525856,2023,5,2023-09-30T19:30:00.000Z,UCF,Baylor,35,36
401525857,2023,6,2023-10-06T23:30:00.000Z,Oklahoma State,Kansas State,29,21
401525858,2023,6,2023-10-08T00:00:00.000Z,Baylor,Texas Tech,14,39
401525859,2023,6,2023-10-08T00:00:00.000Z,Iowa State,TCU,27,14
401525860,2023,6,2023-10-07T20:00:00.000Z,Kansas,UCF,51,22
401525861,2023,6,2023-10-07T16:00:00.000Z,Texas,Oklahoma,30,34
401525862,2023,7,2023-10-12T23:00:00.000Z,Houston,West Virginia,41,39
401525863,2023,7,2023-10-14T16:00:00.000Z,Cincinnati,Iowa State,10,30
401525864,2023,7,2023-10-14T19:30:00.000Z,Oklahoma State,Kansas,39,32
401525865,2023,7,2023-10-14T19:30:00.000Z,TCU,BYU,44,11
401525866,2023,7,2023-10-14T23:00:00.000Z,Texas Tech,Kansas State,21,38
401525867,2023,8,2023-10-21T23:00:00.000Z,BYU,Texas Tech,27,14
401525868,2023,8,2023-10-21T16:00:00.000Z,Cincinnati,Baylor,29,26
401525869,2023,8,2023-10-21T20:00:00.000Z,Houston,Texas,24,31
401525870,2023,8,2023-10-21T23:00:00.000Z,Kansas State,TCU,41,3
401525871,2023,8,2023-10-21T16:00:00.000Z,Oklahoma,UCF,31,29
401525872,2023,8,2023-10-21T19:30:00.000Z,West Virginia,Oklahoma State,34,48
401525873,2023,9,2023-10-28T19:30:00.000Z,Baylor,Iowa State,18,30
401525874,2023,9,2023-10-28T16:00:00.000Z,Kansas,Oklahoma,38,33
401525875,2023,9,2023-10-28T16:00:00.000Z,Kansas State,Houston,41,0
401525876,2023,9,2023-10-29T00:00:00.000Z,Oklahoma State,Cincinnati,45,13
401525877,2023,9,2023-10-28T19:30:00.000Z,Texas,BYU,35,6
401525878,2023,9,2023-10-28T16:00:00.000Z,UCF,West Virginia,28,41
401525879,2023,10,2023-11-02T23:00:00.000Z,Texas Tech,TCU,35,28
401525880,2023,10,2023-11-04T19:30:00.000Z,Baylor,Houston,17,17
401525881,2023,10,2023-11-04T19:30:00.000Z,Cincinnati,UCF,26,28
401525882,2023,10,2023-11-04T23:00:00.000Z,Iowa State,Kansas,21,28
401525883,2023,10,2023-11-04T19:30:00.000Z,Oklahoma State,Oklahoma,27,24
401525884,2023,10,2023-11-04T16:00:00.000Z,Texas,Kansas State,33,30
401525885,2023,10,2023-11-04T23:00:00.000Z,West Virginia,BYU,37,7
401525886,2023,11,2023-11-12T03:15:00.000Z,BYU,Iowa State,13,45
401525887,2023,11,2023-11-12T00:00:00.000Z,Houston,Cincinnati,14,24
401525888,2023,11,2023-11-11T17:00:00.000Z,Kansas,Texas Tech,13,16
401525889,2023,11,2023-11-11T20:00:00.000Z,Kansas State,Baylor,59,25
401525890,2023,11,2023-11-12T00:00:00.000Z,Oklahoma,West Virginia,59,20
401525891,2023,11,2023-11-12T00:30:00.000Z,TCU,Texas,26,29
401525892,2023,11,2023-11-11T20:30:00.000Z,UCF,Oklahoma State,45,3
401525893,2023,12,2023-11-18T17:00:00.000Z,BYU,Oklahoma,24,31
401525894,2023,12,2023-11-18T21:00:00.000Z,Houston,Oklahoma State,30,43
401525895,2023,12,2023-11-19T01:00:00.000Z,Iowa State,Texas,9,15
401525896,2023,12,2023-11-19T00:00:00.000Z,Kansas,Kansas State,13,9
401525897,2023,12,2023-11-18T20:30:00.000Z,TCU,Baylor,42,17
401525898,2023,12,2023-11-18T22:00:00.000Z,Texas Tech,UCF,24,23
401525899,2023,12,2023-11-18T19:30:00.000Z,West Virginia,Cincinnati,42,21
401525900,2023,13,2023-11-24T17:00:00.000Z,Oklahoma,TCU,69,45
401525901,2023,13,2023-11-25T00:30:00.000Z,Texas,Texas Tech,57,7
401525902,2023,13,2023-11-26T00:00:00.000Z,Baylor,West Virginia,31,34
401525903,2023,13,2023-11-26T00:30:00.000Z,Cincinnati,Kansas,16,49
401525904,2023,13,2023-11-26T01:00:00.000Z,Kansas State,Iowa State,35,42
401525905,2023,13,2023-11-25T20:30:00.000Z,Oklahoma State,BYU,40,34
401525906,2023,13,2023-11-25T17:00:00.000Z,UCF,Houston,27,13
401526833,2023,2,2023-09-09T19:30:00.000Z,Massachusetts,Miami (OH),28,41
401526834,2023,3,2023-09-16T18:00:00.000Z,Eastern Michigan,Massachusetts,19,17
401526835,2023,4,2023-09-23T19:30:00.000Z,Massachusetts,New Mexico,31,28
401526836,2023,5,2023-09-30T19:30:00.000Z,Massachusetts,Arkansas State,28,52
401526837,2023,6,2023-10-07T16:00:00.000Z,Massachusetts,Toledo,24,41
401531338,2023,4,2023-09-23T16:00:00.000Z,Northern Illinois,Tulsa,14,22
401531339,2023,5,2023-09-28T23:30:00.000Z,Tulsa,Temple,48,26
401531340,2023,6,2023-10-07T22:00:00.000Z,Florida Atlantic,Tulsa,20,17
401531341,2023,8,2023-10-19T23:00:00.000Z,Tulsa,Rice,10,42
401531342,2023,9,2023-10-28T16:00:00.000Z,SMU,Tulsa,69,10
401531343,2023,10,2023-11-04T20:00:00.000Z,Tulsa,Charlotte,26,33
401531344,2023,11,2023-11-11T17:00:00.000Z,Tulane,Tulsa,24,22
401531345,2023,12,2023-11-18T20:00:00.000Z,Tulsa,North Texas,28,35
401531346,2023,13,2023-11-25T19:00:00.000Z,East Carolina,Tulsa,27,26
401531347,2023,1,2023-09-03T00:00:00.000Z,Tulane,South Alabama,37,17
401531348,2023,3,2023-09-16T20:00:00.000Z,Southern Miss,Tulane,3,21
401531370,2023,5,2023-09-30T16:00:00.000Z,Tulane,UAB,35,23
401531371,2023,7,2023-10-13T23:00:00.000Z,Memphis,Tulane,21,31
401531372,2023,8,2023-10-21T19:30:00.000Z,Tulane,North Texas,35,28
401531373,2023,9,2023-10-28T20:00:00.000Z,Rice,Tulane,28,30
401531374,2023,10,2023-11-04T19:30:00.000Z,East Carolina,Tulane,10,13
401531375,2023,12,2023-11-18T17:00:00.000Z,Florida Atlantic,Tulane,8,24
401531376,2023,13,2023-11-24T20:30:00.000Z,Tulane,UTSA,29,16
401531378,2023,2,2023-09-09T22:00:00.000Z,Georgia Southern,UAB,49,35
401531379,2023,3,2023-09-16T23:00:00.000Z,UAB,Louisiana,21,41
401531380,2023,6,2023-10-07T20:00:00.000Z,UAB,South Florida,56,35
401531381,2023,7,2023-10-15T00:00:00.000Z,UTSA,UAB,41,20
401531382,2023,8,2023-10-21T16:00:00.000Z,UAB,Memphis,21,45
401531383,2023,10,2023-11-04T19:00:00.000Z,UAB,Florida Atlantic,45,42
401531384,2023,11,2023-11-11T20:30:00.000Z,Navy,UAB,31,6
401531385,2023,12,2023-11-18T20:00:00.000Z,UAB,Temple,34,24
401531386,2023,13,2023-11-25T19:00:00.000Z,North Texas,UAB,45,42
401531387,2023,1,2023-09-02T18:00:00.000Z,Temple,Akron,24,21
401531389,2023,6,2023-10-07T18:00:00.000Z,Temple,UTSA,34,49
401531390,2023,7,2023-10-14T16:00:00.000Z,North Texas,Temple,45,14
401531391,2023,8,2023-10-20T23:00:00.000Z,Temple,SMU,0,55
401531392,2023,10,2023-11-04T18:00:00.000Z,Temple,Navy,32,18
401531393,2023,11,2023-11-11T17:00:00.000Z,South Florida,Temple,27,23
401531394,2023,13,2023-11-24T17:00:00.000Z,Temple,Memphis,21,45
401531395,2023,2,2023-09-09T19:30:00.000Z,UTSA,Texas State,20,13
401531396,2023,3,2023-09-15T23:00:00.000Z,UTSA,Army,29,37
401531397,2023,8,2023-10-21T22:00:00.000Z,Florida Atlantic,UTSA,10,36
401531398,2023,9,2023-10-28T19:30:00.000Z,UTSA,East Carolina,41,27
401531399,2023,10,2023-11-04T19:00:00.000Z,North Texas,UTSA,29,37
401531400,2023,11,2023-11-12T00:30:00.000Z,UTSA,Rice,34,14
401531401,2023,12,2023-11-18T02:00:00.000Z,UTSA,South Florida,49,21
401531403,2023,3,2023-09-16T22:00:00.000Z,Charlotte,Georgia State,25,41
401531404,2023,5,2023-09-30T23:30:00.000Z,SMU,Charlotte,34,16
401531405,2023,7,2023-10-14T18:00:00.000Z,Charlotte,Navy,0,14
401531406,2023,8,2023-10-21T18:00:00.000Z,East Carolina,Charlotte,7,10
401531407,2023,9,2023-10-27T23:30:00.000Z,Charlotte,Florida Atlantic,16,38
401531408,2023,11,2023-11-11T19:00:00.000Z,Charlotte,Memphis,38,44
401531409,2023,12,2023-11-18T19:00:00.000Z,Charlotte,Rice,7,28
401531410,2023,13,2023-11-26T00:30:00.000Z,South Florida,Charlotte,48,14
401531411,2023,2,2023-09-09T20:00:00.000Z,East Carolina,Marshall,13,31
401531412,2023,3,2023-09-16T19:30:00.000Z,App State,East Carolina,43,28
401531414,2023,5,2023-09-30T23:00:00.000Z,Rice,East Carolina,24,17
401531415,2023,7,2023-10-12T23:30:00.000Z,East Carolina,SMU,10,31
401531416,2023,11,2023-11-11T21:00:00.000Z,Florida Atlantic,East Carolina,7,22
401531417,2023,12,2023-11-18T17:00:00.000Z,Navy,East Carolina,10,0
401531419,2023,2,2023-09-09T22:00:00.000Z,Florida Atlantic,Ohio,10,17
401531420,2023,7,2023-10-14T19:30:00.000Z,South Florida,Florida Atlantic,14,56
401531421,2023,13,2023-11-25T18:00:00.000Z,Rice,Florida Atlantic,24,21
401531423,2023,4,2023-09-23T20:00:00.000Z,South Florida,Rice,42,29
401531424,2023,5,2023-09-30T19:30:00.000Z,Navy,South Florida,30,44
401531425,2023,10,2023-11-04T19:00:00.000Z,Memphis,South Florida,59,50
401531427,2023,2,2023-09-09T23:00:00.000Z,Arkansas State,Memphis,3,31
401531428,2023,3,2023-09-14T23:30:00.000Z,Memphis,Navy,28,24
401531429,2023,5,2023-09-30T20:00:00.000Z,Memphis,Boise State,35,32
401531430,2023,9,2023-10-28T19:00:00.000Z,North Texas,Memphis,42,45
401531431,2023,12,2023-11-18T17:00:00.000Z,Memphis,SMU,34,38
401531433,2023,6,2023-10-07T19:30:00.000Z,Navy,North Texas,27,24
401531434,2023,8,2023-10-21T16:00:00.000Z,Navy,Air Force,6,17
401531435,2023,13,2023-11-25T17:00:00.000Z,SMU,Navy,59,14
401531437,2023,11,2023-11-11T02:00:00.000Z,SMU,North Texas,45,21
401531440,2023,10,2023-11-04T23:30:00.000Z,Rice,SMU,31,36
401531842,2023,2,2023-09-09T22:00:00.000Z,Old Dominion,Louisiana,38,31
401531848,2023,3,2023-09-16T23:00:00.000Z,Troy,James Madison,14,16
401531849,2023,4,2023-09-21T23:30:00.000Z,Coastal Carolina,Georgia State,17,30
401531870,2023,4,2023-09-23T23:00:00.000Z,Wyoming,App State,30,19
401531871,2023,4,2023-09-23T18:00:00.000Z,Ball State,Georgia Southern,3,40
401531872,2023,4,2023-09-24T00:00:00.000Z,Utah State,James Madison,38,45
401531874,2023,4,2023-09-23T23:00:00.000Z,Arkansas State,Southern Miss,44,37
401531875,2023,4,2023-09-23T23:30:00.000Z,Louisiana,Buffalo,45,38
401531876,2023,4,2023-09-23T21:00:00.000Z,South Alabama,Central Michigan,30,34
401531877,2023,4,2023-09-23T23:00:00.000Z,Texas State,Nevada,35,24
401531878,2023,5,2023-09-30T23:00:00.000Z,Georgia Southern,Coastal Carolina,38,28
401531879,2023,5,2023-09-30T23:00:00.000Z,Georgia State,Troy,7,28
401531880,2023,5,2023-09-30T16:00:00.000Z,James Madison,South Alabama,31,23
401531881,2023,5,2023-09-30T19:30:00.000Z,Marshall,Old Dominion,41,35
401531882,2023,5,2023-10-01T00:00:00.000Z,UL Monroe,App State,40,38
401531883,2023,5,2023-09-30T23:00:00.000Z,Southern Miss,Texas State,36,50
401531884,2023,6,2023-10-07T19:30:00.000Z,Louisiana,Texas State,34,30
401531885,2023,6,2023-10-07T23:00:00.000Z,UL Monroe,South Alabama,7,55
401531886,2023,6,2023-10-07T23:00:00.000Z,Southern Miss,Old Dominion,13,17
401531887,2023,6,2023-10-07T20:00:00.000Z,Troy,Arkansas State,37,3
401531888,2023,7,2023-10-10T23:30:00.000Z,App State,Coastal Carolina,24,27
401531889,2023,7,2023-10-14T23:00:00.000Z,Georgia State,Marshall,41,24
401531890,2023,7,2023-10-14T16:00:00.000Z,James Madison,Georgia Southern,41,13
401531891,2023,7,2023-10-14T23:00:00.000Z,Texas State,UL Monroe,21,20
401531892,2023,8,2023-10-17T23:30:00.000Z,South Alabama,Southern Miss,55,3
401531893,2023,8,2023-10-19T23:00:00.000Z,Marshall,James Madison,9,20
401531894,2023,8,2023-10-21T18:00:00.000Z,Georgia Southern,UL Monroe,38,28
401531895,2023,8,2023-10-21T23:00:00.000Z,Old Dominion,App State,28,21
401531896,2023,8,2023-10-21T23:00:00.000Z,Arkansas State,Coastal Carolina,10,20
401531897,2023,8,2023-10-22T00:00:00.000Z,Louisiana,Georgia State,17,20
401531898,2023,9,2023-10-28T19:30:00.000Z,App State,Southern Miss,48,38
401531899,2023,9,2023-10-28T22:00:00.000Z,Coastal Carolina,Marshall,34,6
401531900,2023,9,2023-10-29T00:00:00.000Z,James Madison,Old Dominion,30,27
401531901,2023,9,2023-10-28T21:00:00.000Z,UL Monroe,Arkansas State,24,34
401531902,2023,9,2023-10-28T21:00:00.000Z,South Alabama,Louisiana,20,33
401531903,2023,9,2023-10-28T23:00:00.000Z,Texas State,Troy,13,31
401531904,2023,10,2023-11-02T23:30:00.000Z,Troy,South Alabama,28,10
401531905,2023,10,2023-11-04T22:00:00.000Z,App State,Marshall,31,9
401531906,2023,10,2023-11-04T19:30:00.000Z,Georgia State,James Madison,14,42
401531907,2023,10,2023-11-04T19:30:00.000Z,Old Dominion,Coastal Carolina,24,28
401531908,2023,10,2023-11-04T19:00:00.000Z,Arkansas State,Louisiana,37,17
401531909,2023,10,2023-11-04T20:00:00.000Z,Southern Miss,UL Monroe,24,7
401531910,2023,10,2023-11-04T21:00:00.000Z,Texas State,Georgia Southern,45,24
401531911,2023,11,2023-11-10T00:30:00.000Z,Louisiana,Southern Miss,31,34
401531912,2023,11,2023-11-11T20:30:00.000Z,Coastal Carolina,Texas State,31,23
401531913,2023,11,2023-11-11T19:00:00.000Z,Georgia State,App State,14,42
401531914,2023,11,2023-11-12T00:00:00.000Z,Marshall,Georgia Southern,38,33
401531915,2023,11,2023-11-11T19:00:00.000Z,UL Monroe,Troy,14,45
401531916,2023,11,2023-11-11T22:00:00.000Z,South Alabama,Arkansas State,21,14
401531917,2023,12,2023-11-18T23:00:00.000Z,Georgia Southern,Old Dominion,17,20
401531918,2023,12,2023-11-18T19:00:00.000Z,James Madison,App State,23,26
401531919,2023,12,2023-11-18T20:00:00.000Z,Arkansas State,Texas State,77,31
401531920,2023,12,2023-11-18T22:00:00.000Z,South Alabama,Marshall,28,0
401531921,2023,12,2023-11-18T20:30:00.000Z,Troy,Louisiana,31,24
401531922,2023,13,2023-11-25T20:30:00.000Z,App State,Georgia Southern,55,28
401531923,2023,13,2023-11-25T20:30:00.000Z,Coastal Carolina,James Madison,14,56
401531924,2023,13,2023-11-25T20:30:00.000Z,Marshall,Arkansas State,35,21
401531925,2023,13,2023-11-25T19:00:00.000Z,Old Dominion,Georgia State,25,24
401531926,2023,13,2023-11-25T20:00:00.000Z,Louisiana,UL Monroe,52,21
401531927,2023,13,2023-11-25T17:00:00.000Z,Southern Miss,Troy,17,35
401531928,2023,13,2023-11-26T00:00:00.000Z,Texas State,South Alabama,52,44
401531929,2023,9,2023-10-26T23:30:00.000Z,Georgia Southern,Georgia State,44,27
401532392,2023,1,2023-08-26T23:00:00.000Z,San Diego State,Ohio,20,13
401532403,2023,3,2023-09-16T23:00:00.000Z,Toledo,San José State,21,17
401532405,2023,4,2023-09-23T19:30:00.000Z,Bowling Green,Ohio,7,38
401532406,2023,4,2023-09-23T17:30:00.000Z,Toledo,Western Michigan,49,31
401532407,2023,4,2023-09-24T02:30:00.000Z,Fresno State,Kent State,50,10
401532409,2023,5,2023-09-30T19:30:00.000Z,Western Michigan,Ball State,42,24
401532410,2023,5,2023-09-30T17:30:00.000Z,Central Michigan,Eastern Michigan,26,23
401532411,2023,5,2023-09-30T19:30:00.000Z,Toledo,Northern Illinois,35,33
401532412,2023,5,2023-09-30T16:00:00.000Z,Akron,Buffalo,10,13
401532413,2023,5,2023-09-30T18:30:00.000Z,Kent State,Miami (OH),3,23
401532414,2023,6,2023-10-07T19:30:00.000Z,Eastern Michigan,Ball State,24,10
401532415,2023,6,2023-10-07T18:00:00.000Z,Buffalo,Central Michigan,37,13
401532416,2023,6,2023-10-07T19:30:00.000Z,Miami (OH),Bowling Green,27,0
401532417,2023,6,2023-10-07T19:30:00.000Z,Ohio,Kent State,42,17
401532418,2023,6,2023-10-07T19:30:00.000Z,Akron,Northern Illinois,14,55
401532419,2023,7,2023-10-14T18:00:00.000Z,Ball State,Toledo,6,13
401532420,2023,7,2023-10-14T19:30:00.000Z,Central Michigan,Akron,17,10
401532421,2023,7,2023-10-14T19:30:00.000Z,Buffalo,Bowling Green,14,24
401532422,2023,7,2023-10-14T16:00:00.000Z,Eastern Michigan,Kent State,28,14
401532423,2023,7,2023-10-14T19:30:00.000Z,Western Michigan,Miami (OH),21,34
401532424,2023,7,2023-10-14T20:00:00.000Z,Northern Illinois,Ohio,23,13
401532425,2023,8,2023-10-21T19:30:00.000Z,Ball State,Central Michigan,24,17
401532426,2023,8,2023-10-21T19:30:00.000Z,Northern Illinois,Eastern Michigan,20,13
401532427,2023,8,2023-10-21T20:00:00.000Z,Miami (OH),Toledo,17,21
401532428,2023,8,2023-10-21T16:00:00.000Z,Ohio,Western Michigan,20,17
401532429,2023,8,2023-10-21T18:00:00.000Z,Bowling Green,Akron,41,14
401532430,2023,8,2023-10-21T19:30:00.000Z,Kent State,Buffalo,6,24
401532431,2023,9,2023-10-28T17:00:00.000Z,Eastern Michigan,Western Michigan,21,45
401532432,2023,9,2023-10-28T19:30:00.000Z,Ohio,Miami (OH),16,30
401532433,2023,10,2023-10-31T23:00:00.000Z,Central Michigan,Northern Illinois,37,31
401532434,2023,10,2023-10-31T23:30:00.000Z,Toledo,Buffalo,31,13
401532435,2023,10,2023-11-01T23:00:00.000Z,Bowling Green,Ball State,24,21
401532436,2023,10,2023-11-01T23:30:00.000Z,Akron,Kent State,31,27
401532437,2023,11,2023-11-08T00:00:00.000Z,Northern Illinois,Ball State,17,20
401532438,2023,11,2023-11-08T00:00:00.000Z,Western Michigan,Central Michigan,38,28
401532439,2023,11,2023-11-08T00:30:00.000Z,Buffalo,Ohio,10,20
401532440,2023,11,2023-11-09T00:30:00.000Z,Toledo,Eastern Michigan,49,30
401532441,2023,11,2023-11-09T00:00:00.000Z,Miami (OH),Akron,19,0
401532442,2023,11,2023-11-09T00:00:00.000Z,Kent State,Bowling Green,19,49
401532443,2023,12,2023-11-15T00:00:00.000Z,Bowling Green,Toledo,31,32
401532444,2023,12,2023-11-15T00:00:00.000Z,Northern Illinois,Western Michigan,24,0
401532445,2023,12,2023-11-15T00:00:00.000Z,Eastern Michigan,Akron,17,17
401532446,2023,12,2023-11-16T00:00:00.000Z,Ohio,Central Michigan,34,20
401532447,2023,12,2023-11-16T00:00:00.000Z,Miami (OH),Buffalo,23,10
401532448,2023,12,2023-11-18T19:00:00.000Z,Ball State,Kent State,34,3
401532449,2023,13,2023-11-22T00:30:00.000Z,Buffalo,Eastern Michigan,11,24
401532450,2023,13,2023-11-22T00:00:00.000Z,Western Michigan,Bowling Green,10,34
401532451,2023,13,2023-11-24T17:00:00.000Z,Central Michigan,Toledo,17,32
401532452,2023,13,2023-11-24T17:00:00.000Z,Akron,Ohio,14,32
401532453,2023,13,2023-11-25T17:00:00.000Z,Kent State,Northern Illinois,27,37
401532454,2023,13,2023-11-25T17:00:00.000Z,Ball State,Miami (OH),15,17
401532573,2023,1,2023-09-03T19:30:00.000Z,San José State,Oregon State,17,42
401532581,2023,3,2023-09-16T00:00:00.000Z,Air Force,Utah State,39,21
401532583,2023,4,2023-09-23T02:30:00.000Z,San Diego State,Boise State,31,34
401532584,2023,4,2023-09-23T02:30:00.000Z,San José State,Air Force,20,45
401532586,2023,5,2023-09-30T20:00:00.000Z,UNLV,Hawai'i,44,20
401532587,2023,5,2023-10-01T02:30:00.000Z,Fresno State,Nevada,27,9
401532588,2023,5,2023-09-30T20:00:00.000Z,Wyoming,New Mexico,35,26
401532589,2023,5,2023-10-01T00:00:00.000Z,Air Force,San Diego State,49,10
401532590,2023,6,2023-10-08T00:00:00.000Z,Utah State,Colorado State,44,24
401532591,2023,6,2023-10-08T00:00:00.000Z,Wyoming,Fresno State,24,19
401532592,2023,6,2023-10-08T00:00:00.000Z,Boise State,San José State,35,27
401532593,2023,7,2023-10-15T01:45:00.000Z,Colorado State,Boise State,31,30
401532594,2023,7,2023-10-14T00:00:00.000Z,Utah State,Fresno State,32,37
401532595,2023,7,2023-10-15T03:00:00.000Z,Hawai'i,San Diego State,34,41
401532596,2023,7,2023-10-14T22:00:00.000Z,New Mexico,San José State,24,52
401532597,2023,7,2023-10-14T21:00:00.000Z,Nevada,UNLV,26,45
401532598,2023,7,2023-10-14T23:00:00.000Z,Air Force,Wyoming,34,27
401532599,2023,8,2023-10-21T23:00:00.000Z,UNLV,Colorado State,25,23
401532600,2023,8,2023-10-21T22:00:00.000Z,New Mexico,Hawai'i,42,21
401532601,2023,8,2023-10-22T01:00:00.000Z,San Diego State,Nevada,0,6
401532602,2023,8,2023-10-21T23:00:00.000Z,San José State,Utah State,42,21
401532603,2023,9,2023-10-28T23:00:00.000Z,Colorado State,Air Force,13,30
401532604,2023,9,2023-10-29T02:30:00.000Z,Nevada,New Mexico,34,24
401532605,2023,9,2023-10-29T03:59:00.000Z,Hawai'i,San José State,0,35
401532606,2023,9,2023-10-29T02:30:00.000Z,Fresno State,UNLV,31,24
401532607,2023,9,2023-10-28T21:30:00.000Z,Boise State,Wyoming,32,7
401532608,2023,10,2023-11-05T02:00:00.000Z,Fresno State,Boise State,37,30
401532609,2023,10,2023-11-04T00:00:00.000Z,Wyoming,Colorado State,24,15
401532610,2023,10,2023-11-04T20:00:00.000Z,Nevada,Hawai'i,14,27
401532611,2023,10,2023-11-04T22:00:00.000Z,New Mexico,UNLV,14,56
401532612,2023,10,2023-11-04T23:00:00.000Z,San Diego State,Utah State,17,17
401532613,2023,11,2023-11-12T04:00:00.000Z,Hawai'i,Air Force,27,13
401532614,2023,11,2023-11-12T03:30:00.000Z,San José State,Fresno State,42,18
401532615,2023,11,2023-11-11T20:00:00.000Z,Utah State,Nevada,41,24
401532616,2023,11,2023-11-12T03:00:00.000Z,Boise State,New Mexico,42,14
401532617,2023,11,2023-11-12T00:00:00.000Z,Colorado State,San Diego State,22,19
401532618,2023,11,2023-11-11T03:45:00.000Z,UNLV,Wyoming,34,14
401532619,2023,12,2023-11-19T00:00:00.000Z,Utah State,Boise State,10,45
401532620,2023,12,2023-11-18T19:00:00.000Z,Wyoming,Hawai'i,42,9
401532621,2023,12,2023-11-18T20:00:00.000Z,Colorado State,Nevada,30,20
401532622,2023,12,2023-11-19T03:30:00.000Z,Fresno State,New Mexico,17,25
401532623,2023,12,2023-11-19T03:30:00.000Z,San José State,San Diego State,24,13
401532624,2023,12,2023-11-18T20:30:00.000Z,Air Force,UNLV,27,31
401532625,2023,13,2023-11-24T21:00:00.000Z,Boise State,Air Force,27,19
401532626,2023,13,2023-11-26T04:00:00.000Z,Hawai'i,Colorado State,27,24
401532627,2023,13,2023-11-26T03:30:00.000Z,San Diego State,Fresno State,33,18
401532628,2023,13,2023-11-25T20:00:00.000Z,UNLV,San José State,31,37
401532629,2023,13,2023-11-24T20:30:00.000Z,New Mexico,Utah State,0,0
401532630,2023,13,2023-11-26T02:00:00.000Z,Nevada,Wyoming,6,42
401539475,2023,14,2023-12-02T01:00:00.000Z,Washington,Oregon,34,31
401539476,2023,14,2023-12-02T00:00:00.000Z,Liberty,New Mexico State,49,35
401539477,2023,14,2023-12-02T21:00:00.000Z,Tulane,SMU,14,26
401539478,2023,14,2023-12-03T01:00:00.000Z,Florida State,Louisville,16,6
401539479,2023,14,2023-12-02T17:00:00.000Z,Texas,Oklahoma State,49,21
401539480,2023,14,2023-12-03T01:00:00.000Z,Iowa,Michigan,0,26
401539481,2023,14,2023-12-02T17:00:00.000Z,Toledo,Miami (OH),14,23
401539482,2023,14,2023-12-02T20:00:00.000Z,UNLV,Boise State,20,44
401539483,2023,14,2023-12-02T21:00:00.000Z,Alabama,Georgia,27,24
401539484,2023,14,2023-12-02T21:00:00.000Z,Troy,App State,35,23
401551469,2023,1,2023-12-18T19:30:00.000Z,Old Dominion,Western Kentucky,35,38
401551731,2023,1,2023-12-16T20:30:00.000Z,App State,Miami (OH),13,9
401551732,2023,1,2023-12-16T22:45:00.000Z,Fresno State,New Mexico State,37,10
401551733,2023,1,2023-12-16T16:00:00.000Z,Ohio,Georgia Southern,41,21
401551735,2023,1,2023-12-20T02:00:00.000Z,Marshall,UTSA,17,35
401551737,2023,1,2023-12-22T01:00:00.000Z,Syracuse,South Florida,0,45
401551739,2023,1,2023-12-23T17:00:00.000Z,Duke,Troy,17,10
401551741,2023,1,2023-12-23T17:00:00.000Z,Northern Illinois,Arkansas State,21,19
401551742,2023,1,2023-12-23T20:30:00.000Z,Air Force,James Madison,31,21
401551743,2023,1,2023-12-23T20:30:00.000Z,Utah State,Georgia State,22,45
401551744,2023,1,2023-12-24T00:30:00.000Z,Northwestern,Utah,14,7
401551746,2023,1,2023-12-24T03:30:00.000Z,San José State,Coastal Carolina,14,24
401551748,2023,1,2023-12-26T22:30:00.000Z,Rice,Texas State,21,45
401551749,2023,1,2023-12-28T02:00:00.000Z,Oklahoma State,Texas A&M,31,23
401551750,2023,1,2023-12-28T16:00:00.000Z,Boston College,SMU,23,14
401551751,2023,1,2023-12-16T19:15:00.000Z,Louisiana,Jacksonville State,31,34
401551752,2023,1,2023-12-17T00:30:00.000Z,Boise State,UCLA,22,35
401551753,2023,1,2023-12-17T02:15:00.000Z,Texas Tech,California,34,14
401551754,2023,1,2023-12-22T23:30:00.000Z,UCF,Georgia Tech,17,30
401551755,2023,1,2023-12-24T00:00:00.000Z,Eastern Michigan,South Alabama,59,10
401551756,2023,1,2023-12-26T19:00:00.000Z,Minnesota,Bowling Green,30,24
401551757,2023,1,2023-12-27T02:00:00.000Z,UNLV,Kansas,36,49
401551758,2023,1,2023-12-27T19:00:00.000Z,Tulane,Virginia Tech,20,41
401551761,2023,1,2023-12-27T22:30:00.000Z,West Virginia,North Carolina,30,10
401551762,2023,1,2023-12-28T19:15:00.000Z,Miami,Rutgers,24,31
401551764,2023,1,2023-12-28T22:45:00.000Z,Kansas State,NC State,28,19
401551765,2023,1,2023-12-29T02:15:00.000Z,Oklahoma,Arizona,24,38
401551766,2023,1,2023-12-29T17:00:00.000Z,Kentucky,Clemson,35,38
401551767,2023,1,2023-12-29T20:30:00.000Z,Iowa State,Memphis,26,36
401551768,2023,1,2023-12-30T01:00:00.000Z,Ohio State,Missouri,3,14
401551769,2023,1,2023-12-30T17:00:00.000Z,Penn State,Ole Miss,25,38
401551770,2023,1,2023-12-30T19:00:00.000Z,Maryland,Auburn,31,13
401551773,2023,1,2023-12-30T21:00:00.000Z,Florida State,Georgia,3,63
401551778,2023,1,2024-01-01T17:00:00.000Z,LSU,Wisconsin,35,31
401551780,2023,1,2024-01-01T18:00:00.000Z,Tennessee,Iowa,35,0
401551782,2023,1,2024-01-01T18:00:00.000Z,Oregon,Liberty,45,6
401551786,2023,1,2024-01-01T22:00:00.000Z,Michigan,Alabama,27,20
401551788,2023,1,2024-01-02T01:45:00.000Z,Washington,Texas,37,31
401551789,2023,1,2024-01-09T00:30:00.000Z,Michigan,Washington,34,13
401551798,2023,1,2023-12-29T19:00:00.000Z,Notre Dame,Oregon State,40,8
401554566,2023,1,2023-12-30T21:30:00.000Z,Wyoming,Toledo,16,15
401581109,2023,1,2023-12-28T01:00:00.000Z,USC,Louisville,42,28
401628319,2024,1,2024-08-31T23:00:00.000Z,Alabama,Western Kentucky,63,0
401628322,2024,1,2024-08-31T19:30:00.000Z,Florida,Miami,17,41
401628323,2024,1,2024-08-31T16:00:00.000Z,Georgia,Clemson,34,3
401628324,2024,1,2024-08-31T23:45:00.000Z,Kentucky,Southern Miss,31,0
401628328,2024,1,2024-08-30T23:00:00.000Z,Oklahoma,Temple,51,3
401628329,2024,1,2024-08-31T20:15:00.000Z,South Carolina,Old Dominion,23,19
401628331,2024,1,2024-08-31T19:30:00.000Z,Texas,Colorado State,52,0
401628332,2024,1,2024-08-31T23:30:00.000Z,Texas A&M,Notre Dame,13,23
401628333,2024,1,2024-08-31T16:00:00.000Z,Vanderbilt,Virginia Tech,34,27
401628334,2024,1,2024-09-01T23:30:00.000Z,LSU,USC,20,27
401628335,2024,2,2024-09-07T23:00:00.000Z,Alabama,South Florida,42,16
401628336,2024,2,2024-09-07T16:00:00.000Z,Oklahoma State,Arkansas,39,31
401628337,2024,2,2024-09-07T19:30:00.000Z,Auburn,California,14,21
401628340,2024,2,2024-09-07T19:30:00.000Z,Kentucky,South Carolina,6,31
401628342,2024,2,2024-09-07T20:15:00.000Z,Ole Miss,Middle Tennessee,52,3
401628343,2024,2,2024-09-08T02:30:00.000Z,Arizona State,Mississippi State,30,23
401628344,2024,2,2024-09-07T23:00:00.000Z,Missouri,Buffalo,38,0
401628345,2024,2,2024-09-07T23:45:00.000Z,Oklahoma,Houston,16,12
401628346,2024,2,2024-09-07T23:30:00.000Z,NC State,Tennessee,10,51
401628347,2024,2,2024-09-07T16:00:00.000Z,Michigan,Texas,12,31
401628350,2024,3,2024-09-14T16:00:00.000Z,Wisconsin,Alabama,10,42
401628351,2024,3,2024-09-14T20:15:00.000Z,Arkansas,UAB,37,27
401628352,2024,3,2024-09-14T23:30:00.000Z,Auburn,New Mexico,45,19
401628353,2024,3,2024-09-14T19:30:00.000Z,Florida,Texas A&M,20,33
401628354,2024,3,2024-09-14T23:30:00.000Z,Kentucky,Georgia,12,13
401628355,2024,3,2024-09-14T22:30:00.000Z,Wake Forest,Ole Miss,6,40
401628356,2024,3,2024-09-14T23:30:00.000Z,Mississippi State,Toledo,17,41
401628357,2024,3,2024-09-14T16:45:00.000Z,Missouri,Boston College,27,21
401628358,2024,3,2024-09-14T19:30:00.000Z,Oklahoma,Tulane,34,19
401628359,2024,3,2024-09-14T16:00:00.000Z,South Carolina,LSU,33,36
401628360,2024,3,2024-09-14T23:45:00.000Z,Tennessee,Kent State,71,0
401628361,2024,3,2024-09-14T23:00:00.000Z,Texas,UTSA,56,7
401628362,2024,3,2024-09-14T23:00:00.000Z,Georgia State,Vanderbilt,36,32
401628363,2024,4,2024-09-21T19:30:00.000Z,Auburn,Arkansas,14,24
401628364,2024,4,2024-09-21T16:45:00.000Z,Kentucky,Ohio,41,6
401628365,2024,4,2024-09-21T19:30:00.000Z,LSU,UCLA,34,17
401628366,2024,4,2024-09-21T23:45:00.000Z,Ole Miss,Georgia Southern,52,13
401628367,2024,4,2024-09-21T16:00:00.000Z,Mississippi State,Florida,28,45
401628368,2024,4,2024-09-21T20:15:00.000Z,Missouri,Vanderbilt,30,27
401628369,2024,4,2024-09-21T23:30:00.000Z,Oklahoma,Tennessee,15,25
401628370,2024,4,2024-09-21T23:30:00.000Z,South Carolina,Akron,50,7
401628371,2024,4,2024-09-22T00:00:00.000Z,Texas,UL Monroe,51,3
401628372,2024,4,2024-09-21T23:30:00.000Z,Texas A&M,Bowling Green,26,20
401628373,2024,5,2024-09-28T19:30:00.000Z,Texas A&M,Arkansas,21,17
401628374,2024,5,2024-09-28T23:30:00.000Z,Alabama,Georgia,7,0
401628375,2024,5,2024-09-28T19:30:00.000Z,Auburn,Oklahoma,21,27
401628376,2024,5,2024-09-28T23:45:00.000Z,LSU,South Alabama,42,10
401628377,2024,5,2024-09-28T16:00:00.000Z,Ole Miss,Kentucky,17,20
401628378,2024,5,2024-09-28T20:15:00.000Z,Texas,Mississippi State,35,13
401628379,2024,6,2024-10-05T23:30:00.000Z,Arkansas,Tennessee,19,14
401628380,2024,6,2024-10-05T23:45:00.000Z,Florida,UCF,24,13
401628381,2024,6,2024-10-05T19:30:00.000Z,Georgia,Auburn,31,13
401628382,2024,6,2024-10-05T19:30:00.000Z,South Carolina,Ole Miss,3,27
401628383,2024,6,2024-10-05T16:00:00.000Z,Texas A&M,Missouri,41,10
401628384,2024,6,2024-10-05T20:15:00.000Z,Vanderbilt,Alabama,40,35
401628385,2024,7,2024-10-12T16:00:00.000Z,Alabama,South Carolina,27,25
401628386,2024,7,2024-10-12T20:15:00.000Z,Georgia,Mississippi State,41,31
401628387,2024,7,2024-10-12T23:45:00.000Z,Kentucky,Vanderbilt,13,20
401628388,2024,7,2024-10-12T23:30:00.000Z,LSU,Ole Miss,29,26
401628389,2024,7,2024-10-12T16:00:00.000Z,Massachusetts,Missouri,3,45
401628390,2024,7,2024-10-12T19:30:00.000Z,Oklahoma,Texas,3,34
401628391,2024,7,2024-10-12T23:00:00.000Z,Tennessee,Florida,23,17
401628392,2024,8,2024-10-19T23:00:00.000Z,Arkansas,LSU,10,34
401628393,2024,8,2024-10-19T23:45:00.000Z,Florida,Kentucky,48,20
401628394,2024,8,2024-10-19T20:15:00.000Z,Mississippi State,Texas A&M,24,34
401628395,2024,8,2024-10-19T16:00:00.000Z,Missouri,Auburn,21,17
401628396,2024,8,2024-10-19T16:45:00.000Z,Oklahoma,South Carolina,0,0
401628397,2024,8,2024-10-19T19:30:00.000Z,Tennessee,Alabama,24,17
401628398,2024,8,2024-10-19T23:30:00.000Z,Texas,Georgia,15,30
401628399,2024,8,2024-10-19T23:00:00.000Z,Vanderbilt,Ball State,24,14
401628400,2024,9,2024-10-26T19:30:00.000Z,Alabama,Missouri,34,0
401628401,2024,9,2024-10-26T23:45:00.000Z,Kentucky,Auburn,10,24
401628402,2024,9,2024-10-26T16:00:00.000Z,Ole Miss,Oklahoma,26,14
401628403,2024,9,2024-10-26T16:45:00.000Z,Mississippi State,Arkansas,25,58
401628404,2024,9,2024-10-26T23:30:00.000Z,Texas A&M,LSU,38,23
401628405,2024,9,2024-10-26T20:15:00.000Z,Vanderbilt,Texas,24,27
401628406,2024,10,2024-11-02T16:00:00.000Z,Arkansas,Ole Miss,31,63
401628407,2024,10,2024-11-02T16:45:00.000Z,Auburn,Vanderbilt,7,17
401628408,2024,10,2024-11-02T19:30:00.000Z,Georgia,Florida,34,20
401628409,2024,10,2024-11-02T20:15:00.000Z,Mississippi State,Massachusetts,45,20
401628411,2024,10,2024-11-02T23:30:00.000Z,South Carolina,Texas A&M,44,20
401628412,2024,10,2024-11-02T23:45:00.000Z,Tennessee,Kentucky,28,18
401628413,2024,11,2024-11-10T00:30:00.000Z,LSU,Alabama,13,42
401628414,2024,11,2024-11-09T20:30:00.000Z,Ole Miss,Georgia,28,10
401628415,2024,11,2024-11-10T00:45:00.000Z,Missouri,Oklahoma,30,23
401628416,2024,11,2024-11-10T00:00:00.000Z,Tennessee,Mississippi State,33,14
401628417,2024,11,2024-11-09T17:00:00.000Z,Texas,Florida,49,17
401628418,2024,11,2024-11-09T21:15:00.000Z,Vanderbilt,South Carolina,7,28
401628419,2024,12,2024-11-16T17:00:00.000Z,Arkansas,Texas,10,20
401628420,2024,12,2024-11-16T20:30:00.000Z,Florida,LSU,27,16
401628421,2024,12,2024-11-17T00:30:00.000Z,Georgia,Tennessee,31,17
401628423,2024,12,2024-11-16T21:15:00.000Z,South Carolina,Missouri,34,30
401628424,2024,12,2024-11-17T00:45:00.000Z,Texas A&M,New Mexico State,38,3
401628426,2024,12,2024-11-16T17:45:00.000Z,Auburn,UL Monroe,48,14
401628427,2024,13,2024-11-23T21:00:00.000Z,Arkansas,Louisiana Tech,35,14
401628428,2024,13,2024-11-24T00:30:00.000Z,Auburn,Texas A&M,43,41
401628429,2024,13,2024-11-23T17:00:00.000Z,Florida,Ole Miss,24,17
401628430,2024,13,2024-11-23T17:45:00.000Z,Georgia,Massachusetts,59,21
401628431,2024,13,2024-11-24T00:45:00.000Z,LSU,Vanderbilt,24,17
401628432,2024,13,2024-11-23T21:15:00.000Z,Mississippi State,Missouri,20,39
401628433,2024,13,2024-11-24T00:30:00.000Z,Oklahoma,Alabama,24,3
401628435,2024,13,2024-11-23T18:00:00.000Z,Tennessee,UTEP,56,0
401628436,2024,13,2024-11-23T20:30:00.000Z,Texas,Kentucky,31,14
401628437,2024,14,2024-11-30T20:30:00.000Z,Alabama,Auburn,28,14
401628438,2024,14,2024-12-01T00:00:00.000Z,Florida State,Florida,11,31
401628439,2024,14,2024-11-30T00:30:00.000Z,Georgia,Georgia Tech,44,42
401628440,2024,14,2024-11-30T17:00:00.000Z,Kentucky,Louisville,14,41
401628441,2024,14,2024-12-01T00:00:00.000Z,LSU,Oklahoma,37,17
401628442,2024,14,2024-11-29T20:30:00.000Z,Ole Miss,Mississippi State,26,14
401628443,2024,14,2024-11-30T20:30:00.000Z,Missouri,Arkansas,28,21
401628444,2024,14,2024-11-30T17:00:00.000Z,Clemson,South Carolina,14,17
401628445,2024,14,2024-12-01T00:30:00.000Z,Texas A&M,Texas,7,17
401628446,2024,14,2024-11-30T17:00:00.000Z,Vanderbilt,Tennessee,23,36
401628448,2024,1,2024-08-30T00:00:00.000Z,Minnesota,North Carolina,17,19
401628449,2024,1,2024-08-31T19:30:00.000Z,Indiana,Florida International,31,7
401628451,2024,1,2024-08-31T16:00:00.000Z,Maryland,UConn,50,7
401628452,2024,1,2024-08-31T23:30:00.000Z,Michigan,Fresno State,23,10
401628453,2024,1,2024-08-30T23:00:00.000Z,Michigan State,Florida Atlantic,16,10
401628454,2024,1,2024-08-31T19:30:00.000Z,Nebraska,UTEP,40,7
401628455,2024,1,2024-08-31T19:30:00.000Z,Ohio State,Akron,52,6
401628457,2024,1,2024-08-31T16:00:00.000Z,West Virginia,Penn State,12,34
401628459,2024,1,2024-08-31T23:30:00.000Z,Hawai'i,UCLA,13,16
401628461,2024,1,2024-08-31T01:00:00.000Z,Wisconsin,Western Michigan,28,14
401628462,2024,2,2024-09-07T23:00:00.000Z,Illinois,Kansas,23,17
401628464,2024,2,2024-09-07T19:30:00.000Z,Iowa,Iowa State,19,20
401628465,2024,2,2024-09-07T19:30:00.000Z,Maryland,Michigan State,24,27
401628467,2024,2,2024-09-07T23:30:00.000Z,Nebraska,Colorado,28,10
401628468,2024,2,2024-09-07T23:30:00.000Z,Ohio State,Western Michigan,57,0
401628469,2024,2,2024-09-08T02:00:00.000Z,Oregon,Boise State,37,34
401628470,2024,2,2024-09-07T16:00:00.000Z,Penn State,Bowling Green,34,27
401628471,2024,2,2024-09-07T16:00:00.000Z,Rutgers,Akron,49,17
401628472,2024,2,2024-09-08T03:00:00.000Z,USC,Utah State,48,0
401628473,2024,2,2024-09-07T19:30:00.000Z,Washington,Eastern Michigan,30,9
401628475,2024,3,2024-09-14T16:00:00.000Z,Illinois,Central Michigan,30,9
401628476,2024,3,2024-09-14T23:30:00.000Z,UCLA,Indiana,13,42
401628477,2024,3,2024-09-14T20:00:00.000Z,Iowa,Troy,38,21
401628478,2024,3,2024-09-15T00:00:00.000Z,Virginia,Maryland,13,27
401628479,2024,3,2024-09-14T16:00:00.000Z,Michigan,Arkansas State,28,18
401628481,2024,3,2024-09-14T19:30:00.000Z,Minnesota,Nevada,27,0
401628483,2024,3,2024-09-14T19:30:00.000Z,Oregon State,Oregon,14,49
401628484,2024,3,2024-09-14T19:30:00.000Z,Washington,Washington State,19,24
401628485,2024,4,2024-09-21T00:00:00.000Z,Nebraska,Illinois,24,31
401628486,2024,4,2024-09-21T16:00:00.000Z,Indiana,Charlotte,52,14
401628487,2024,4,2024-09-21T23:30:00.000Z,Minnesota,Iowa,14,31
401628489,2024,4,2024-09-21T19:30:00.000Z,Michigan,USC,27,24
401628490,2024,4,2024-09-22T00:00:00.000Z,Boston College,Michigan State,23,19
401628491,2024,4,2024-09-21T23:00:00.000Z,Washington,Northwestern,24,5
401628492,2024,4,2024-09-21T16:00:00.000Z,Ohio State,Marshall,0,0
401628493,2024,4,2024-09-21T19:30:00.000Z,Penn State,Kent State,56,0
401628494,2024,4,2024-09-21T19:30:00.000Z,Virginia Tech,Rutgers,23,26
401628495,2024,5,2024-09-28T23:30:00.000Z,Penn State,Illinois,21,7
401628496,2024,5,2024-09-28T16:00:00.000Z,Indiana,Maryland,42,28
401628497,2024,5,2024-09-28T16:00:00.000Z,Michigan,Minnesota,27,24
401628498,2024,5,2024-09-28T23:30:00.000Z,Michigan State,Ohio State,7,38
401628499,2024,5,2024-09-28T16:00:00.000Z,Purdue,Nebraska,10,28
401628500,2024,5,2024-09-29T03:00:00.000Z,UCLA,Oregon,13,34
401628501,2024,5,2024-09-28T00:00:00.000Z,Rutgers,Washington,21,18
401628502,2024,5,2024-09-28T19:30:00.000Z,USC,Wisconsin,38,21
401628503,2024,6,2024-10-05T19:30:00.000Z,Northwestern,Indiana,24,41
401628504,2024,6,2024-10-05T19:30:00.000Z,Ohio State,Iowa,0,0
401628505,2024,6,2024-10-05T23:30:00.000Z,Washington,Michigan,27,17
401628506,2024,6,2024-10-05T01:00:00.000Z,Oregon,Michigan State,31,10
401628507,2024,6,2024-10-05T23:30:00.000Z,Minnesota,USC,24,17
401628508,2024,6,2024-10-05T20:00:00.000Z,Nebraska,Rutgers,0,0
401628509,2024,6,2024-10-05T16:00:00.000Z,Wisconsin,Purdue,52,6
401628510,2024,6,2024-10-05T16:00:00.000Z,Penn State,UCLA,27,11
401628511,2024,7,2024-10-12T19:30:00.000Z,Illinois,Purdue,0,0
401628512,2024,7,2024-10-12T16:00:00.000Z,Iowa,Washington,40,16
401628513,2024,7,2024-10-12T00:00:00.000Z,Maryland,Northwestern,10,37
401628514,2024,7,2024-10-13T01:00:00.000Z,UCLA,Minnesota,17,21
401628515,2024,7,2024-10-12T23:30:00.000Z,Oregon,Ohio State,32,31
401628516,2024,7,2024-10-12T19:30:00.000Z,USC,Penn State,30,33
401628517,2024,7,2024-10-12T16:00:00.000Z,Rutgers,Wisconsin,7,42
401628518,2024,8,2024-10-19T19:30:00.000Z,Illinois,Michigan,21,7
401628519,2024,8,2024-10-19T16:00:00.000Z,Indiana,Nebraska,56,7
401628520,2024,8,2024-10-19T23:30:00.000Z,Michigan State,Iowa,32,20
401628521,2024,8,2024-10-19T20:00:00.000Z,Maryland,USC,29,28
401628522,2024,8,2024-10-19T16:00:00.000Z,Northwestern,Wisconsin,3,23
401628523,2024,8,2024-10-19T00:00:00.000Z,Purdue,Oregon,0,35
401628524,2024,8,2024-10-19T16:00:00.000Z,Rutgers,UCLA,32,35
401628525,2024,9,2024-10-26T19:30:00.000Z,Oregon,Illinois,38,9
401628526,2024,9,2024-10-26T16:00:00.000Z,Indiana,Washington,31,17
401628527,2024,9,2024-10-26T19:30:00.000Z,Iowa,Northwestern,40,14
401628528,2024,9,2024-10-26T19:30:00.000Z,Minnesota,Maryland,48,23
401628529,2024,9,2024-10-26T23:30:00.000Z,Michigan,Michigan State,24,17
401628530,2024,9,2024-10-26T16:00:00.000Z,Ohio State,Nebraska,21,17
401628531,2024,9,2024-10-26T23:30:00.000Z,Wisconsin,Penn State,13,28
401628532,2024,9,2024-10-26T03:00:00.000Z,USC,Rutgers,42,20
401628533,2024,10,2024-11-02T16:00:00.000Z,Illinois,Minnesota,17,25
401628534,2024,10,2024-11-02T19:30:00.000Z,Michigan State,Indiana,10,47
401628535,2024,10,2024-11-02T23:30:00.000Z,Iowa,Wisconsin,42,10
401628536,2024,10,2024-11-02T19:30:00.000Z,Michigan,Oregon,17,38
401628537,2024,10,2024-11-02T19:30:00.000Z,Nebraska,UCLA,20,27
401628538,2024,10,2024-11-02T16:00:00.000Z,Purdue,Northwestern,20,26
401628539,2024,10,2024-11-02T16:00:00.000Z,Penn State,Ohio State,13,20
401628540,2024,10,2024-11-02T23:30:00.000Z,Washington,USC,26,21
401628541,2024,11,2024-11-09T20:30:00.000Z,Indiana,Michigan,20,15
401628542,2024,11,2024-11-09T02:00:00.000Z,UCLA,Iowa,20,17
401628543,2024,11,2024-11-10T00:00:00.000Z,Oregon,Maryland,39,18
401628544,2024,11,2024-11-09T17:00:00.000Z,Rutgers,Minnesota,26,19
401628545,2024,11,2024-11-09T17:00:00.000Z,Ohio State,Purdue,45,0
401628546,2024,11,2024-11-10T01:00:00.000Z,Penn State,Washington,35,6
401628547,2024,12,2024-11-16T19:30:00.000Z,Illinois,Michigan State,38,16
401628548,2024,12,2024-11-16T23:00:00.000Z,Maryland,Rutgers,17,31
401628549,2024,12,2024-11-16T21:00:00.000Z,USC,Nebraska,28,20
401628550,2024,12,2024-11-16T17:00:00.000Z,Northwestern,Ohio State,7,31
401628551,2024,12,2024-11-17T00:30:00.000Z,Wisconsin,Oregon,13,16
401628552,2024,12,2024-11-16T20:30:00.000Z,Purdue,Penn State,10,49
401628553,2024,12,2024-11-16T02:00:00.000Z,Washington,UCLA,31,19
401628554,2024,13,2024-11-23T17:00:00.000Z,Rutgers,Illinois,31,38
401628555,2024,13,2024-11-23T17:00:00.000Z,Ohio State,Indiana,38,15
401628556,2024,13,2024-11-23T17:00:00.000Z,Maryland,Iowa,13,29
401628557,2024,13,2024-11-23T20:30:00.000Z,Michigan,Northwestern,50,6
401628558,2024,13,2024-11-23T01:00:00.000Z,Michigan State,Purdue,24,17
401628559,2024,13,2024-11-23T20:30:00.000Z,Minnesota,Penn State,19,16
401628560,2024,13,2024-11-23T20:30:00.000Z,Nebraska,Wisconsin,44,25
401628561,2024,13,2024-11-24T03:30:00.000Z,UCLA,USC,13,19
401628562,2024,14,2024-11-30T00:30:00.000Z,Iowa,Nebraska,13,10
401628563,2024,14,2024-11-30T17:00:00.000Z,Northwestern,Illinois,28,38
401628564,2024,14,2024-12-01T00:00:00.000Z,Indiana,Purdue,66,0
401628565,2024,14,2024-11-30T20:30:00.000Z,Penn State,Maryland,38,7
401628566,2024,14,2024-11-30T17:00:00.000Z,Ohio State,Michigan,10,13
401628567,2024,14,2024-11-30T20:30:00.000Z,Michigan State,Rutgers,14,41
401628568,2024,14,2024-11-29T17:00:00.000Z,Wisconsin,Minnesota,7,24
401628569,2024,14,2024-12-01T00:30:00.000Z,Oregon,Washington,49,21
401628570,2024,14,2024-11-30T20:30:00.000Z,UCLA,Fresno State,20,13
401628571,2024,14,2024-11-30T20:30:00.000Z,USC,Notre Dame,28,35
401628572,2024,13,2024-11-24T00:00:00.000Z,Oregon State,Washington State,41,38
401628977,2024,2,2024-09-07T19:30:00.000Z,Notre Dame,Northern Illinois,14,16
401628978,2024,3,2024-09-14T19:30:00.000Z,Purdue,Notre Dame,7,66
401628979,2024,4,2024-09-21T19:30:00.000Z,Notre Dame,Miami (OH),28,3
401628980,2024,5,2024-09-28T19:30:00.000Z,Notre Dame,Louisville,31,24
401628981,2024,7,2024-10-12T19:30:00.000Z,Notre Dame,Stanford,49,7
401628982,2024,8,2024-10-19T19:30:00.000Z,Georgia Tech,Notre Dame,13,31
401628983,2024,9,2024-10-26T16:00:00.000Z,Navy,Notre Dame,14,51
401628984,2024,11,2024-11-10T00:30:00.000Z,Notre Dame,Florida State,52,3
401628985,2024,12,2024-11-16T20:30:00.000Z,Notre Dame,Virginia,35,14
401629030,2024,3,2024-09-14T22:00:00.000Z,Duke,UConn,26,21
401629031,2024,4,2024-09-21T23:00:00.000Z,UConn,Florida Atlantic,48,20
401629032,2024,5,2024-09-28T16:00:00.000Z,UConn,Buffalo,47,3
401629033,2024,6,2024-10-05T19:30:00.000Z,UConn,Temple,29,20
401629034,2024,8,2024-10-19T16:00:00.000Z,UConn,Wake Forest,20,23
401629035,2024,9,2024-10-26T19:30:00.000Z,UConn,Rice,17,10
401629036,2024,10,2024-11-01T23:00:00.000Z,UConn,Georgia State,34,27
401629037,2024,11,2024-11-09T19:30:00.000Z,UAB,UConn,23,31
401629038,2024,14,2024-11-30T17:00:00.000Z,Massachusetts,UConn,42,47
401629039,2024,1,2024-08-31T19:30:00.000Z,Massachusetts,Eastern Michigan,14,28
401629040,2024,2,2024-09-07T19:30:00.000Z,Toledo,Massachusetts,38,23
401629041,2024,3,2024-09-14T17:00:00.000Z,Buffalo,Massachusetts,34,3
401629043,2024,5,2024-09-28T19:30:00.000Z,Miami (OH),Massachusetts,23,20
401629044,2024,6,2024-10-05T16:00:00.000Z,Northern Illinois,Massachusetts,34,20
401629045,2024,11,2024-11-09T20:30:00.000Z,North Texas,Army,3,14
401629046,2024,12,2024-11-16T17:00:00.000Z,Massachusetts,Liberty,34,28
401634300,2024,1,2024-08-31T02:30:00.000Z,Stanford,TCU,27,34
401634302,2024,1,2024-09-01T00:00:00.000Z,Georgia Tech,Georgia State,35,12
401634304,2024,1,2024-08-31T19:30:00.000Z,Syracuse,Ohio,38,22
401634305,2024,1,2024-08-31T16:00:00.000Z,Pittsburgh,Kent State,55,24
401634306,2024,1,2024-09-02T23:30:00.000Z,Florida State,Boston College,13,28
401634765,2024,2,2024-09-06T23:00:00.000Z,SMU,BYU,15,18
401634766,2024,4,2024-09-20T23:30:00.000Z,Syracuse,Stanford,24,26
401634767,2024,5,2024-09-27T23:30:00.000Z,Miami,Virginia Tech,38,34
401634768,2024,8,2024-10-17T23:30:00.000Z,Virginia Tech,Boston College,42,21
401634769,2024,8,2024-10-18T23:00:00.000Z,Duke,Florida State,23,16
401634770,2024,9,2024-10-24T23:30:00.000Z,Pittsburgh,Syracuse,41,13
401634771,2024,9,2024-10-25T23:30:00.000Z,Boston College,Louisville,27,31
401634772,2024,13,2024-11-22T00:30:00.000Z,Georgia Tech,NC State,30,29
401634773,2024,11,2024-11-09T01:00:00.000Z,Wake Forest,California,36,46
401634779,2024,6,2024-10-05T01:00:00.000Z,UNLV,Syracuse,41,44
401635516,2024,10,2024-11-02T16:00:00.000Z,NC State,Stanford,59,28
401635517,2024,12,2024-11-16T20:30:00.000Z,Stanford,Louisville,38,35
401635518,2024,13,2024-11-23T17:00:00.000Z,Syracuse,UConn,31,24
401635525,2024,1,2024-08-24T16:00:00.000Z,Georgia Tech,Florida State,24,21
401635532,2024,2,2024-09-08T00:00:00.000Z,Clemson,App State,66,20
401635533,2024,2,2024-09-07T01:00:00.000Z,Northwestern,Duke,20,26
401635534,2024,2,2024-09-07T16:00:00.000Z,Syracuse,Georgia Tech,31,28
401635535,2024,2,2024-09-07T19:30:00.000Z,Louisville,Jacksonville State,49,14
401635537,2024,2,2024-09-07T19:30:00.000Z,North Carolina,Charlotte,0,0
401635538,2024,2,2024-09-07T16:00:00.000Z,Cincinnati,Pittsburgh,27,28
401635540,2024,2,2024-09-07T20:30:00.000Z,Virginia Tech,Marshall,31,14
401635541,2024,3,2024-09-15T02:30:00.000Z,California,San Diego State,0,0
401635542,2024,3,2024-09-14T16:00:00.000Z,Florida State,Memphis,12,20
401635544,2024,3,2024-09-14T19:30:00.000Z,Miami,Ball State,62,0
401635546,2024,3,2024-09-14T16:00:00.000Z,NC State,Louisiana Tech,30,20
401635547,2024,3,2024-09-14T19:30:00.000Z,Pittsburgh,West Virginia,38,34
401635548,2024,3,2024-09-14T22:00:00.000Z,Old Dominion,Virginia Tech,17,37
401635551,2024,4,2024-09-21T23:00:00.000Z,Florida State,California,14,9
401635552,2024,4,2024-09-21T16:00:00.000Z,Clemson,NC State,59,35
401635553,2024,4,2024-09-21T20:00:00.000Z,Middle Tennessee,Duke,17,45
401635554,2024,4,2024-09-21T19:30:00.000Z,Louisville,Georgia Tech,45,19
401635555,2024,4,2024-09-21T23:00:00.000Z,South Florida,Miami,15,50
401635556,2024,4,2024-09-21T16:00:00.000Z,North Carolina,James Madison,50,70
401635557,2024,4,2024-09-21T21:00:00.000Z,SMU,TCU,66,42
401635558,2024,4,2024-09-21T18:00:00.000Z,Coastal Carolina,Virginia,24,43
401635560,2024,5,2024-09-28T16:00:00.000Z,Boston College,Western Kentucky,21,20
401635561,2024,5,2024-09-28T23:00:00.000Z,Clemson,Stanford,40,14
401635562,2024,5,2024-09-28T20:00:00.000Z,Duke,North Carolina,21,20
401635563,2024,5,2024-09-29T00:00:00.000Z,SMU,Florida State,42,16
401635564,2024,5,2024-09-28T16:00:00.000Z,NC State,Northern Illinois,24,17
401635567,2024,6,2024-10-05T16:00:00.000Z,Virginia,Boston College,24,14
401635568,2024,6,2024-10-06T02:30:00.000Z,California,Miami,38,39
401635569,2024,6,2024-10-05T23:00:00.000Z,Florida State,Clemson,13,29
401635570,2024,6,2024-10-06T00:00:00.000Z,Georgia Tech,Duke,24,14
401635571,2024,6,2024-10-05T16:00:00.000Z,Louisville,SMU,27,34
401635572,2024,6,2024-10-05T16:00:00.000Z,North Carolina,Pittsburgh,24,34
401635573,2024,6,2024-10-05T19:30:00.000Z,Stanford,Virginia Tech,7,31
401635574,2024,7,2024-10-13T00:00:00.000Z,NC State,Syracuse,17,24
401635575,2024,7,2024-10-12T19:30:00.000Z,Pittsburgh,California,17,15
401635576,2024,7,2024-10-12T16:00:00.000Z,Wake Forest,Clemson,14,49
401635577,2024,7,2024-10-12T16:00:00.000Z,North Carolina,Georgia Tech,34,41
401635578,2024,7,2024-10-12T19:30:00.000Z,Virginia,Louisville,20,24
401635580,2024,12,2024-11-16T20:30:00.000Z,SMU,Boston College,38,28
401635581,2024,12,2024-11-16T20:00:00.000Z,California,Syracuse,25,33
401635582,2024,12,2024-11-16T17:00:00.000Z,Pittsburgh,Clemson,20,24
401635583,2024,12,2024-11-17T01:00:00.000Z,North Carolina,Wake Forest,31,24
401635587,2024,8,2024-10-19T19:30:00.000Z,California,NC State,23,24
401635588,2024,8,2024-10-19T16:00:00.000Z,Clemson,Virginia,48,31
401635589,2024,8,2024-10-19T16:00:00.000Z,Louisville,Miami,45,52
401635590,2024,8,2024-10-20T00:00:00.000Z,Stanford,SMU,10,40
401635594,2024,9,2024-10-26T20:00:00.000Z,California,Oregon State,44,7
401635595,2024,9,2024-10-27T00:00:00.000Z,Duke,SMU,27,28
401635596,2024,9,2024-10-26T23:00:00.000Z,Miami,Florida State,36,14
401635597,2024,9,2024-10-26T16:00:00.000Z,Virginia Tech,Georgia Tech,21,6
401635598,2024,9,2024-10-26T16:00:00.000Z,Virginia,North Carolina,14,41
401635599,2024,9,2024-10-26T19:30:00.000Z,Stanford,Wake Forest,24,27
401635600,2024,10,2024-11-02T23:30:00.000Z,Clemson,Louisville,21,33
401635601,2024,10,2024-11-02T16:00:00.000Z,Miami,Duke,53,31
401635602,2024,10,2024-11-02T19:30:00.000Z,Florida State,North Carolina,11,35
401635604,2024,10,2024-11-02T16:00:00.000Z,Syracuse,Virginia Tech,38,31
401635606,2024,11,2024-11-09T17:00:00.000Z,Boston College,Syracuse,37,31
401635607,2024,11,2024-11-09T20:30:00.000Z,Virginia Tech,Clemson,14,24
401635608,2024,11,2024-11-09T20:30:00.000Z,NC State,Duke,19,29
401635609,2024,11,2024-11-09T17:00:00.000Z,Georgia Tech,Miami,28,23
401635610,2024,11,2024-11-10T01:00:00.000Z,Pittsburgh,Virginia,19,24
401635612,2024,13,2024-11-23T17:00:00.000Z,Boston College,North Carolina,41,21
401635613,2024,13,2024-11-23T20:30:00.000Z,California,Stanford,24,21
401635615,2024,13,2024-11-24T01:00:00.000Z,Duke,Virginia Tech,31,28
401635617,2024,13,2024-11-23T21:00:00.000Z,Louisville,Pittsburgh,37,9
401635618,2024,13,2024-11-23T17:00:00.000Z,Miami,Wake Forest,42,14
401635619,2024,13,2024-11-23T17:00:00.000Z,Virginia,SMU,7,33
401635620,2024,14,2024-11-30T20:00:00.000Z,Boston College,Pittsburgh,34,23
401635621,2024,14,2024-11-30T20:30:00.000Z,SMU,California,38,6
401635622,2024,14,2024-11-30T17:00:00.000Z,Wake Forest,Duke,17,23
401635623,2024,14,2024-11-30T20:30:00.000Z,Syracuse,Miami,42,38
401635624,2024,14,2024-11-30T20:30:00.000Z,North Carolina,NC State,30,35
401635625,2024,14,2024-11-29T21:00:00.000Z,San José State,Stanford,34,31
401635627,2024,10,2024-11-03T00:00:00.000Z,SMU,Pittsburgh,48,25
401635638,2024,6,2024-10-05T16:00:00.000Z,NC State,Wake Forest,30,34
401635639,2024,2,2024-09-07T23:00:00.000Z,Wake Forest,Virginia,30,31
401635640,2024,14,2024-12-01T01:00:00.000Z,Virginia Tech,Virginia,37,17
401635659,2024,5,2024-09-28T19:30:00.000Z,Wake Forest,Louisiana,38,41
401636608,2024,1,2024-09-01T02:30:00.000Z,Arizona,New Mexico,61,39
401636609,2024,1,2024-09-01T02:30:00.000Z,Arizona State,Wyoming,48,7
401636611,2024,1,2024-08-31T23:00:00.000Z,Houston,UNLV,7,27
401636616,2024,2,2024-09-07T16:00:00.000Z,Tulane,Kansas State,27,34
401636617,2024,2,2024-09-07T22:30:00.000Z,UCF,Sam Houston,45,14
401636618,2024,2,2024-09-07T19:30:00.000Z,Utah,Baylor,23,12
401636859,2024,2,2024-09-08T02:00:00.000Z,Washington State,Texas Tech,37,16
401636860,2024,3,2024-09-14T23:30:00.000Z,Baylor,Air Force,31,3
401636861,2024,3,2024-09-14T23:30:00.000Z,Colorado State,Colorado,9,28
401636862,2024,3,2024-09-15T00:00:00.000Z,Houston,Rice,33,7
401636863,2024,3,2024-09-13T23:00:00.000Z,Kansas,UNLV,20,23
401636864,2024,3,2024-09-14T00:00:00.000Z,Kansas State,Arizona,31,7
401636865,2024,3,2024-09-14T16:00:00.000Z,Miami (OH),Cincinnati,16,27
401636866,2024,3,2024-09-14T23:30:00.000Z,TCU,UCF,0,0
401636867,2024,3,2024-09-12T23:30:00.000Z,Texas State,Arizona State,0,0
401636868,2024,3,2024-09-14T16:00:00.000Z,Texas Tech,North Texas,17,14
401636869,2024,3,2024-09-14T16:00:00.000Z,Tulsa,Oklahoma State,10,45
401636870,2024,3,2024-09-14T20:30:00.000Z,Utah State,Utah,21,38
401636871,2024,3,2024-09-15T01:00:00.000Z,Wyoming,BYU,14,34
401636872,2024,4,2024-09-22T02:30:00.000Z,BYU,Kansas State,38,9
401636873,2024,4,2024-09-21T16:00:00.000Z,Cincinnati,Houston,34,0
401636874,2024,4,2024-09-22T00:00:00.000Z,Colorado,Baylor,38,31
401636875,2024,4,2024-09-21T18:00:00.000Z,Iowa State,Arkansas State,52,7
401636876,2024,4,2024-09-21T20:00:00.000Z,Oklahoma State,Utah,19,22
401636877,2024,4,2024-09-21T19:30:00.000Z,Texas Tech,Arizona State,30,22
401636879,2024,4,2024-09-21T16:00:00.000Z,West Virginia,Kansas,32,28
401636880,2024,5,2024-09-28T16:00:00.000Z,Baylor,BYU,28,34
401636881,2024,5,2024-09-28T23:00:00.000Z,Houston,Iowa State,0,20
401636882,2024,5,2024-09-28T19:30:00.000Z,Kansas,TCU,27,38
401636883,2024,5,2024-09-28T16:00:00.000Z,Kansas State,Oklahoma State,42,20
401636884,2024,5,2024-09-29T00:00:00.000Z,Texas Tech,Cincinnati,44,41
401636885,2024,5,2024-09-28T19:30:00.000Z,UCF,Colorado,21,48
401636886,2024,5,2024-09-29T02:15:00.000Z,Utah,Arizona,10,23
401636887,2024,6,2024-10-06T03:00:00.000Z,Arizona,Texas Tech,22,28
401636888,2024,6,2024-10-06T00:00:00.000Z,Arizona State,Kansas,35,31
401636889,2024,6,2024-10-05T23:30:00.000Z,Iowa State,Baylor,43,21
401636890,2024,6,2024-10-05T20:00:00.000Z,Oklahoma State,West Virginia,14,38
401636891,2024,6,2024-10-04T23:30:00.000Z,TCU,Houston,19,30
401636892,2024,7,2024-10-12T02:30:00.000Z,Arizona State,Utah,27,19
401636893,2024,7,2024-10-12T20:00:00.000Z,BYU,Arizona,41,19
401636894,2024,7,2024-10-13T02:15:00.000Z,Colorado,Kansas State,28,31
401636895,2024,7,2024-10-12T19:30:00.000Z,UCF,Cincinnati,13,19
401636896,2024,7,2024-10-13T00:00:00.000Z,West Virginia,Iowa State,16,28
401636897,2024,8,2024-10-19T20:00:00.000Z,Arizona,Colorado,7,34
401636898,2024,8,2024-10-19T02:15:00.000Z,BYU,Oklahoma State,38,35
401636899,2024,8,2024-10-19T16:00:00.000Z,Cincinnati,Arizona State,24,14
401636900,2024,8,2024-10-19T23:30:00.000Z,Iowa State,UCF,38,35
401636901,2024,8,2024-10-19T19:30:00.000Z,Kansas,Houston,42,14
401636902,2024,8,2024-10-19T20:00:00.000Z,Texas Tech,Baylor,35,59
401636903,2024,8,2024-10-20T02:30:00.000Z,Utah,TCU,7,13
401636904,2024,8,2024-10-19T23:30:00.000Z,West Virginia,Kansas State,18,45
401636905,2024,9,2024-10-26T23:00:00.000Z,Arizona,West Virginia,26,31
401636906,2024,9,2024-10-26T19:30:00.000Z,Baylor,Oklahoma State,38,28
401636907,2024,9,2024-10-27T02:15:00.000Z,Colorado,Cincinnati,34,23
401636908,2024,9,2024-10-26T23:00:00.000Z,Houston,Utah,17,14
401636909,2024,9,2024-10-27T00:00:00.000Z,Kansas State,Kansas,29,27
401636910,2024,9,2024-10-26T19:30:00.000Z,TCU,Texas Tech,35,34
401636911,2024,9,2024-10-26T19:30:00.000Z,UCF,BYU,24,37
401636912,2024,10,2024-11-03T00:00:00.000Z,Baylor,TCU,37,34
401636913,2024,10,2024-11-02T19:30:00.000Z,Houston,Kansas State,24,19
401636914,2024,10,2024-11-02T19:30:00.000Z,Iowa State,Texas Tech,22,23
401636915,2024,10,2024-11-02T19:30:00.000Z,Oklahoma State,Arizona State,21,42
401636916,2024,10,2024-11-02T19:30:00.000Z,UCF,Arizona,56,12
401636917,2024,11,2024-11-10T00:00:00.000Z,Arizona State,UCF,35,31
401636918,2024,11,2024-11-09T17:00:00.000Z,Cincinnati,West Virginia,24,31
401636919,2024,11,2024-11-09T20:30:00.000Z,Kansas,Iowa State,45,36
401636920,2024,11,2024-11-10T00:00:00.000Z,TCU,Oklahoma State,38,13
401636921,2024,11,2024-11-09T21:00:00.000Z,Texas Tech,Colorado,27,41
401636922,2024,11,2024-11-10T03:15:00.000Z,Utah,BYU,21,22
401636923,2024,12,2024-11-16T03:15:00.000Z,Arizona,Houston,27,3
401636924,2024,12,2024-11-17T03:15:00.000Z,BYU,Kansas,13,17
401636925,2024,12,2024-11-16T17:00:00.000Z,Colorado,Utah,49,24
401636926,2024,12,2024-11-17T01:00:00.000Z,Iowa State,Cincinnati,34,17
401636927,2024,12,2024-11-17T00:00:00.000Z,Kansas State,Arizona State,14,24
401636929,2024,12,2024-11-16T21:00:00.000Z,West Virginia,Baylor,35,49
401636930,2024,13,2024-11-23T20:30:00.000Z,Arizona State,BYU,28,23
401636931,2024,13,2024-11-24T00:00:00.000Z,Houston,Baylor,10,20
401636932,2024,13,2024-11-23T20:30:00.000Z,Kansas,Colorado,37,21
401636933,2024,13,2024-11-24T01:00:00.000Z,Kansas State,Cincinnati,41,15
401636934,2024,13,2024-11-23T20:30:00.000Z,Oklahoma State,Texas Tech,48,56
401636935,2024,13,2024-11-23T20:00:00.000Z,TCU,Arizona,49,28
401636936,2024,13,2024-11-24T00:30:00.000Z,Utah,Iowa State,28,31
401636937,2024,13,2024-11-23T20:30:00.000Z,West Virginia,UCF,31,21
401636938,2024,14,2024-11-29T17:00:00.000Z,Colorado,Oklahoma State,52,0
401636939,2024,14,2024-11-30T01:00:00.000Z,UCF,Utah,14,28
401636940,2024,14,2024-11-30T20:30:00.000Z,Arizona,Arizona State,7,49
401636941,2024,14,2024-11-30T17:00:00.000Z,Baylor,Kansas,45,17
401636942,2024,14,2024-12-01T03:15:00.000Z,BYU,Houston,30,18
401636943,2024,14,2024-11-30T23:00:00.000Z,Cincinnati,TCU,13,20
401636944,2024,14,2024-12-01T00:30:00.000Z,Iowa State,Kansas State,29,21
401636945,2024,14,2024-11-30T17:00:00.000Z,Texas Tech,West Virginia,52,15
401640959,2024,13,2024-11-24T00:00:00.000Z,Notre Dame,Army,49,14
401640979,2024,2,2024-09-07T22:00:00.000Z,Florida International,Central Michigan,52,16
401640980,2024,3,2024-09-14T22:00:00.000Z,Florida Atlantic,Florida International,38,20
401640981,2024,5,2024-09-28T22:00:00.000Z,Florida International,Louisiana Tech,17,10
401640982,2024,7,2024-10-08T23:00:00.000Z,Liberty,Florida International,32,24
401640983,2024,8,2024-10-17T01:00:00.000Z,UTEP,Florida International,30,21
401640984,2024,9,2024-10-22T23:30:00.000Z,Florida International,Sam Houston,7,10
401640985,2024,10,2024-10-29T23:00:00.000Z,Florida International,New Mexico State,34,13
401640986,2024,12,2024-11-16T19:00:00.000Z,Jacksonville State,Florida International,34,31
401640987,2024,13,2024-11-23T20:00:00.000Z,Kennesaw State,Florida International,27,26
401640988,2024,14,2024-11-30T19:00:00.000Z,Florida International,Middle Tennessee,35,24
401640989,2024,2,2024-09-08T02:15:00.000Z,New Mexico State,Liberty,24,30
401640990,2024,3,2024-09-14T22:00:00.000Z,Liberty,UTEP,28,10
401640991,2024,4,2024-09-21T22:00:00.000Z,Liberty,East Carolina,35,24
401640993,2024,9,2024-10-23T23:00:00.000Z,Kennesaw State,Liberty,27,24
401640994,2024,10,2024-10-30T23:00:00.000Z,Liberty,Jacksonville State,21,31
401640995,2024,11,2024-11-09T18:00:00.000Z,Middle Tennessee,Liberty,17,37
401640996,2024,13,2024-11-23T18:00:00.000Z,Liberty,Western Kentucky,38,21
401640997,2024,14,2024-11-29T20:30:00.000Z,Sam Houston,Liberty,20,18
401640998,2024,1,2024-08-30T00:00:00.000Z,Jacksonville State,Coastal Carolina,27,55
401640999,2024,3,2024-09-14T23:00:00.000Z,Eastern Michigan,Jacksonville State,37,34
401641000,2024,4,2024-09-21T19:00:00.000Z,Jacksonville State,Southern Miss,44,7
401641001,2024,6,2024-10-04T23:00:00.000Z,Kennesaw State,Jacksonville State,24,63
401641002,2024,7,2024-10-09T23:30:00.000Z,Jacksonville State,New Mexico State,54,13
401641003,2024,9,2024-10-23T23:30:00.000Z,Jacksonville State,Middle Tennessee,42,20
401641004,2024,11,2024-11-09T21:30:00.000Z,Louisiana Tech,Jacksonville State,37,44
401641005,2024,13,2024-11-23T17:00:00.000Z,Jacksonville State,Sam Houston,21,11
401641006,2024,14,2024-11-30T21:00:00.000Z,Western Kentucky,Jacksonville State,19,17
401641008,2024,4,2024-09-21T23:00:00.000Z,Louisiana Tech,Tulsa,20,23
401641009,2024,7,2024-10-11T00:00:00.000Z,Louisiana Tech,Middle Tennessee,48,21
401641010,2024,8,2024-10-16T01:00:00.000Z,New Mexico State,Louisiana Tech,27,30
401641011,2024,9,2024-10-23T00:00:00.000Z,Louisiana Tech,UTEP,14,10
401641012,2024,10,2024-10-30T00:00:00.000Z,Sam Houston,Louisiana Tech,9,3
401641013,2024,12,2024-11-16T17:00:00.000Z,Western Kentucky,Louisiana Tech,7,12
401641014,2024,14,2024-11-30T21:00:00.000Z,Louisiana Tech,Kennesaw State,33,0
401641015,2024,1,2024-08-31T19:30:00.000Z,UTSA,Kennesaw State,28,16
401641016,2024,2,2024-09-07T23:00:00.000Z,Kennesaw State,Louisiana,10,34
401641017,2024,3,2024-09-14T23:00:00.000Z,San José State,Kennesaw State,31,10
401641019,2024,8,2024-10-16T00:00:00.000Z,Middle Tennessee,Kennesaw State,14,5
401641020,2024,10,2024-10-30T23:30:00.000Z,Western Kentucky,Kennesaw State,31,14
401641021,2024,11,2024-11-09T21:00:00.000Z,UTEP,Kennesaw State,28,35
401641022,2024,12,2024-11-16T20:00:00.000Z,Kennesaw State,Sam Houston,17,23
401641024,2024,3,2024-09-14T23:00:00.000Z,Middle Tennessee,Western Kentucky,21,49
401641025,2024,5,2024-09-28T23:30:00.000Z,Memphis,Middle Tennessee,24,7
401641026,2024,10,2024-11-02T19:30:00.000Z,UTEP,Middle Tennessee,13,20
401641027,2024,13,2024-11-23T19:30:00.000Z,Middle Tennessee,New Mexico State,21,36
401641028,2024,4,2024-09-21T21:00:00.000Z,Colorado State,UTEP,27,17
401641029,2024,6,2024-10-04T01:00:00.000Z,UTEP,Sam Houston,21,41
401641030,2024,7,2024-10-11T00:00:00.000Z,Western Kentucky,UTEP,44,17
401641031,2024,14,2024-11-30T21:00:00.000Z,New Mexico State,UTEP,35,42
401641033,2024,3,2024-09-15T02:30:00.000Z,Fresno State,New Mexico State,48,0
401641034,2024,4,2024-09-21T23:00:00.000Z,Sam Houston,New Mexico State,0,0
401641035,2024,5,2024-09-29T00:00:00.000Z,New Mexico State,New Mexico,40,50
401641036,2024,11,2024-11-09T23:00:00.000Z,New Mexico State,Western Kentucky,28,41
401641037,2024,4,2024-09-21T23:00:00.000Z,Western Kentucky,Toledo,26,21
401641038,2024,8,2024-10-16T23:00:00.000Z,Sam Houston,Western Kentucky,14,31
401641039,2024,1,2024-08-31T23:00:00.000Z,Rice,Sam Houston,14,34
401641040,2024,3,2024-09-14T23:00:00.000Z,Sam Houston,Hawai'i,31,13
401641041,2024,5,2024-09-28T19:00:00.000Z,Sam Houston,Texas State,40,39
401643696,2024,1,2024-08-25T00:00:00.000Z,Nevada,SMU,24,29
401643700,2024,1,2024-08-31T20:00:00.000Z,Georgia Southern,Boise State,45,56
401643701,2024,1,2024-08-31T23:00:00.000Z,Troy,Nevada,26,28
401643705,2024,2,2024-09-07T23:00:00.000Z,Air Force,San José State,7,17
401643708,2024,2,2024-09-07T23:00:00.000Z,Nevada,Georgia Southern,17,20
401643709,2024,2,2024-09-08T02:30:00.000Z,San Diego State,Oregon State,0,21
401643711,2024,4,2024-09-22T00:30:00.000Z,New Mexico,Fresno State,21,38
401643714,2024,4,2024-09-21T02:00:00.000Z,Washington State,San José State,54,52
401643715,2024,4,2024-09-21T18:00:00.000Z,Temple,Utah State,45,29
401643716,2024,4,2024-09-21T23:00:00.000Z,North Texas,Wyoming,44,17
401643717,2024,4,2024-09-22T00:30:00.000Z,Oregon State,Purdue,38,21
401643718,2024,5,2024-09-29T00:00:00.000Z,Wyoming,Air Force,31,19
401643719,2024,5,2024-09-29T02:00:00.000Z,Boise State,Washington State,45,24
401643720,2024,5,2024-09-28T19:30:00.000Z,UNLV,Fresno State,59,14
401643721,2024,5,2024-09-28T19:30:00.000Z,Central Michigan,San Diego State,22,21
401643722,2024,6,2024-10-05T16:00:00.000Z,Air Force,Navy,7,34
401643723,2024,6,2024-10-05T23:00:00.000Z,Boise State,Utah State,62,30
401643724,2024,6,2024-10-05T22:30:00.000Z,Oregon State,Colorado State,39,31
401643725,2024,6,2024-10-06T00:00:00.000Z,San Diego State,Hawai'i,27,24
401643726,2024,6,2024-10-05T23:30:00.000Z,San José State,Nevada,35,31
401643727,2024,7,2024-10-12T23:00:00.000Z,New Mexico,Air Force,52,37
401643728,2024,7,2024-10-13T03:00:00.000Z,Hawai'i,Boise State,7,28
401643729,2024,7,2024-10-12T19:30:00.000Z,Colorado State,San José State,31,24
401643730,2024,7,2024-10-12T23:00:00.000Z,Fresno State,Washington State,0,0
401643731,2024,7,2024-10-12T23:30:00.000Z,Nevada,Oregon State,42,37
401643732,2024,7,2024-10-12T19:30:00.000Z,Wyoming,San Diego State,24,27
401643733,2024,7,2024-10-12T01:00:00.000Z,Utah State,UNLV,34,50
401643734,2024,8,2024-10-20T00:00:00.000Z,Air Force,Colorado State,13,21
401643735,2024,8,2024-10-19T02:30:00.000Z,Nevada,Fresno State,21,24
401643736,2024,8,2024-10-19T19:30:00.000Z,Washington State,Hawai'i,42,10
401643737,2024,8,2024-10-19T20:00:00.000Z,Utah State,New Mexico,0,0
401643738,2024,8,2024-10-19T20:00:00.000Z,San José State,Wyoming,24,14
401643739,2024,8,2024-10-20T02:00:00.000Z,Oregon State,UNLV,25,33
401643740,2024,9,2024-10-26T02:30:00.000Z,UNLV,Boise State,24,29
401643741,2024,9,2024-10-26T21:00:00.000Z,Colorado State,New Mexico,17,6
401643742,2024,9,2024-10-27T00:00:00.000Z,Fresno State,San José State,33,10
401643743,2024,9,2024-10-27T03:59:00.000Z,Hawai'i,Nevada,34,13
401643744,2024,9,2024-10-27T02:30:00.000Z,San Diego State,Washington State,26,29
401643745,2024,9,2024-10-26T23:00:00.000Z,Wyoming,Utah State,25,27
401643746,2024,10,2024-11-02T16:00:00.000Z,Army,Air Force,20,3
401643747,2024,10,2024-11-02T00:00:00.000Z,Boise State,San Diego State,56,24
401643748,2024,10,2024-11-03T00:00:00.000Z,Nevada,Colorado State,21,38
401643749,2024,10,2024-11-02T23:00:00.000Z,Fresno State,Hawai'i,20,21
401643750,2024,10,2024-11-02T20:00:00.000Z,New Mexico,Wyoming,45,49
401643751,2024,11,2024-11-10T02:45:00.000Z,Air Force,Fresno State,36,28
401643752,2024,11,2024-11-10T01:00:00.000Z,Boise State,Nevada,28,21
401643753,2024,11,2024-11-10T02:00:00.000Z,Hawai'i,UNLV,27,29
401643754,2024,11,2024-11-09T03:30:00.000Z,San Diego State,New Mexico,16,21
401643755,2024,11,2024-11-09T20:30:00.000Z,Oregon State,San José State,13,24
401643756,2024,11,2024-11-10T03:30:00.000Z,Washington State,Utah State,49,28
401643757,2024,12,2024-11-16T20:30:00.000Z,Air Force,Oregon State,28,0
401643758,2024,12,2024-11-17T00:00:00.000Z,San José State,Boise State,21,42
401643759,2024,12,2024-11-16T01:00:00.000Z,Colorado State,Wyoming,24,10
401643760,2024,12,2024-11-16T20:00:00.000Z,Utah State,Hawai'i,58,10
401643761,2024,12,2024-11-17T02:30:00.000Z,New Mexico,Washington State,38,35
401643762,2024,12,2024-11-17T03:30:00.000Z,UNLV,San Diego State,41,20
401643763,2024,13,2024-11-24T03:30:00.000Z,Nevada,Air Force,19,22
401643764,2024,13,2024-11-24T00:00:00.000Z,Wyoming,Boise State,13,17
401643765,2024,13,2024-11-24T03:30:00.000Z,Fresno State,Colorado State,28,22
401643766,2024,13,2024-11-23T20:30:00.000Z,Utah State,San Diego State,41,20
401643767,2024,13,2024-11-23T03:00:00.000Z,San José State,UNLV,16,27
401643768,2024,14,2024-12-01T03:30:00.000Z,San Diego State,Air Force,20,31
401643769,2024,14,2024-11-29T17:00:00.000Z,Boise State,Oregon State,34,18
401643770,2024,14,2024-11-29T20:30:00.000Z,Colorado State,Utah State,42,37
401643771,2024,14,2024-12-01T04:00:00.000Z,Hawai'i,New Mexico,38,30
401643772,2024,14,2024-12-01T01:00:00.000Z,UNLV,Nevada,38,14
401643773,2024,14,2024-11-30T23:30:00.000Z,Washington State,Wyoming,14,15
401643774,2024,1,2024-09-01T00:00:00.000Z,Charlotte,James Madison,7,30
401643775,2024,1,2024-08-31T21:00:00.000Z,South Alabama,North Texas,38,52
401643778,2024,2,2024-09-07T22:00:00.000Z,Old Dominion,East Carolina,14,20
401643779,2024,2,2024-09-07T23:00:00.000Z,Arkansas State,Tulsa,28,24
401643780,2024,2,2024-09-07T23:00:00.000Z,UL Monroe,UAB,32,6
401643781,2024,2,2024-09-07T22:00:00.000Z,Ohio,South Alabama,27,20
401643783,2024,2,2024-09-07T20:00:00.000Z,Texas State,UTSA,0,0
401643784,2024,2,2024-09-07T16:00:00.000Z,Memphis,Troy,38,17
401643785,2024,3,2024-09-14T20:00:00.000Z,East Carolina,App State,19,21
401643786,2024,3,2024-09-14T18:00:00.000Z,Temple,Coastal Carolina,20,28
401643789,2024,3,2024-09-14T23:00:00.000Z,Southern Miss,South Florida,24,49
401643790,2024,4,2024-09-19T23:30:00.000Z,App State,South Alabama,14,48
401643791,2024,4,2024-09-21T16:00:00.000Z,Louisiana,Tulane,33,41
401643792,2024,5,2024-09-28T19:30:00.000Z,Georgia State,Georgia Southern,21,38
401643793,2024,5,2024-09-28T17:30:00.000Z,James Madison,Ball State,63,7
401643794,2024,5,2024-09-28T19:30:00.000Z,Marshall,Western Michigan,27,20
401643795,2024,5,2024-09-28T21:00:00.000Z,Bowling Green,Old Dominion,27,30
401643796,2024,5,2024-09-28T23:00:00.000Z,Troy,UL Monroe,9,13
401643797,2024,6,2024-10-03T23:00:00.000Z,Troy,Texas State,17,38
401643798,2024,6,2024-10-05T23:00:00.000Z,Coastal Carolina,Old Dominion,45,37
401643799,2024,6,2024-10-05T19:30:00.000Z,Marshall,App State,52,37
401643800,2024,6,2024-10-05T23:00:00.000Z,Arkansas State,South Alabama,18,16
401643801,2024,6,2024-10-05T23:00:00.000Z,UL Monroe,James Madison,21,19
401643802,2024,6,2024-10-05T23:00:00.000Z,Southern Miss,Louisiana,13,23
401643803,2024,7,2024-10-10T23:30:00.000Z,James Madison,Coastal Carolina,39,7
401643804,2024,7,2024-10-13T00:00:00.000Z,Georgia Southern,Marshall,24,23
401643805,2024,7,2024-10-12T19:30:00.000Z,Georgia State,Old Dominion,14,21
401643806,2024,7,2024-10-12T23:30:00.000Z,Louisiana,App State,34,24
401643807,2024,7,2024-10-12T21:00:00.000Z,UL Monroe,Southern Miss,38,21
401643808,2024,7,2024-10-12T23:00:00.000Z,Texas State,Arkansas State,41,9
401643809,2024,8,2024-10-15T23:30:00.000Z,South Alabama,Troy,25,9
401643810,2024,8,2024-10-17T23:00:00.000Z,Marshall,Georgia State,35,20
401643811,2024,8,2024-10-19T16:00:00.000Z,Coastal Carolina,Louisiana,24,34
401643812,2024,8,2024-10-19T20:00:00.000Z,Georgia Southern,James Madison,28,14
401643813,2024,8,2024-10-19T19:30:00.000Z,Old Dominion,Texas State,0,0
401643814,2024,8,2024-10-19T23:00:00.000Z,Southern Miss,Arkansas State,28,44
401643815,2024,9,2024-10-24T23:00:00.000Z,Old Dominion,Georgia Southern,47,19
401643816,2024,9,2024-10-26T17:00:00.000Z,App State,Georgia State,33,26
401643817,2024,9,2024-10-26T19:30:00.000Z,James Madison,Southern Miss,32,15
401643818,2024,9,2024-10-26T23:00:00.000Z,Arkansas State,Troy,34,31
401643819,2024,9,2024-10-26T21:00:00.000Z,South Alabama,UL Monroe,46,17
401643820,2024,10,2024-10-29T23:30:00.000Z,Texas State,Louisiana,17,23
401643821,2024,10,2024-11-02T18:30:00.000Z,App State,Old Dominion,28,20
401643822,2024,10,2024-11-02T19:30:00.000Z,Marshall,UL Monroe,28,23
401643823,2024,10,2024-11-02T23:30:00.000Z,South Alabama,Georgia Southern,30,34
401643824,2024,10,2024-11-02T20:00:00.000Z,Troy,Coastal Carolina,38,24
401643825,2024,11,2024-11-08T01:00:00.000Z,Coastal Carolina,App State,38,24
401643826,2024,11,2024-11-09T20:30:00.000Z,James Madison,Georgia State,38,7
401643827,2024,11,2024-11-09T22:00:00.000Z,Louisiana,Arkansas State,55,19
401643828,2024,11,2024-11-09T17:00:00.000Z,UL Monroe,Texas State,17,38
401643829,2024,11,2024-11-09T20:00:00.000Z,Southern Miss,Marshall,3,37
401643830,2024,12,2024-11-16T21:00:00.000Z,Georgia Southern,Troy,20,28
401643831,2024,12,2024-11-16T22:00:00.000Z,Georgia State,Arkansas State,20,27
401643832,2024,12,2024-11-16T18:00:00.000Z,Marshall,Coastal Carolina,31,19
401643833,2024,12,2024-11-16T21:00:00.000Z,Old Dominion,James Madison,32,35
401643834,2024,12,2024-11-17T00:00:00.000Z,Louisiana,South Alabama,22,24
401643835,2024,12,2024-11-17T00:00:00.000Z,Texas State,Southern Miss,58,3
401643836,2024,13,2024-11-23T19:30:00.000Z,App State,James Madison,34,20
401643837,2024,13,2024-11-23T20:30:00.000Z,Coastal Carolina,Georgia Southern,6,26
401643838,2024,13,2024-11-24T00:30:00.000Z,Old Dominion,Marshall,35,42
401643839,2024,13,2024-11-23T20:00:00.000Z,Arkansas State,UL Monroe,28,21
401643840,2024,13,2024-11-23T22:00:00.000Z,Louisiana,Troy,51,30
401643841,2024,13,2024-11-23T20:00:00.000Z,Southern Miss,South Alabama,14,35
401643842,2024,13,2024-11-24T00:00:00.000Z,Texas State,Georgia State,44,52
401643843,2024,14,2024-11-29T20:30:00.000Z,South Alabama,Texas State,38,45
401643844,2024,14,2024-11-30T23:00:00.000Z,Georgia Southern,App State,29,20
401643845,2024,14,2024-11-30T19:00:00.000Z,Georgia State,Coastal Carolina,27,48
401643846,2024,14,2024-12-01T01:00:00.000Z,James Madison,Marshall,36,30
401643847,2024,14,2024-11-30T20:00:00.000Z,Arkansas State,Old Dominion,32,40
401643848,2024,14,2024-11-30T17:00:00.000Z,UL Monroe,Louisiana,23,37
401643849,2024,14,2024-11-30T19:00:00.000Z,Troy,Southern Miss,52,20
401644683,2024,1,2024-08-31T19:30:00.000Z,Northwestern,Miami (OH),13,6
401644684,2024,6,2024-10-05T19:30:00.000Z,Toledo,Miami (OH),30,20
401644685,2024,7,2024-10-12T18:00:00.000Z,Eastern Michigan,Miami (OH),14,38
401644686,2024,8,2024-10-19T19:30:00.000Z,Miami (OH),Ohio,30,20
401644687,2024,9,2024-10-26T18:00:00.000Z,Miami (OH),Central Michigan,46,7
401644688,2024,11,2024-11-06T01:00:00.000Z,Ball State,Miami (OH),21,27
401644689,2024,12,2024-11-14T00:00:00.000Z,Miami (OH),Kent State,0,0
401644690,2024,13,2024-11-20T01:00:00.000Z,Miami (OH),Northern Illinois,20,9
401644691,2024,14,2024-11-29T17:00:00.000Z,Bowling Green,Miami (OH),12,28
401644735,2024,4,2024-09-21T17:00:00.000Z,Central Michigan,Ball State,37,34
401644736,2024,4,2024-09-21T19:30:00.000Z,Northern Illinois,Buffalo,20,23
401644738,2024,5,2024-09-28T19:30:00.000Z,Ohio,Akron,23,10
401644739,2024,5,2024-09-28T19:30:00.000Z,Kent State,Eastern Michigan,33,52
401644740,2024,6,2024-10-05T19:30:00.000Z,Akron,Bowling Green,20,27
401644741,2024,6,2024-10-05T18:00:00.000Z,Ball State,Western Michigan,42,45
401644742,2024,7,2024-10-12T19:30:00.000Z,Western Michigan,Akron,34,24
401644743,2024,7,2024-10-12T16:00:00.000Z,Kent State,Ball State,35,37
401644744,2024,7,2024-10-12T19:30:00.000Z,Bowling Green,Northern Illinois,7,17
401644745,2024,7,2024-10-12T16:00:00.000Z,Buffalo,Toledo,30,15
401644746,2024,7,2024-10-12T20:00:00.000Z,Central Michigan,Ohio,25,27
401644748,2024,8,2024-10-19T19:30:00.000Z,Bowling Green,Kent State,27,6
401644749,2024,8,2024-10-19T19:30:00.000Z,Buffalo,Western Michigan,41,48
401644750,2024,8,2024-10-19T18:00:00.000Z,Eastern Michigan,Central Michigan,38,34
401644751,2024,8,2024-10-19T19:30:00.000Z,Northern Illinois,Toledo,6,13
401644752,2024,9,2024-10-26T19:30:00.000Z,Akron,Eastern Michigan,25,21
401644753,2024,9,2024-10-26T19:30:00.000Z,Ball State,Northern Illinois,25,23
401644754,2024,9,2024-10-26T19:30:00.000Z,Toledo,Bowling Green,26,41
401644755,2024,9,2024-10-26T16:00:00.000Z,Ohio,Buffalo,47,16
401644756,2024,9,2024-10-26T19:30:00.000Z,Western Michigan,Kent State,52,21
401644757,2024,10,2024-11-02T16:00:00.000Z,Akron,Buffalo,30,41
401644758,2024,10,2024-11-02T16:00:00.000Z,Eastern Michigan,Toledo,28,29
401644760,2024,11,2024-11-06T00:30:00.000Z,Central Michigan,Bowling Green,13,23
401644761,2024,11,2024-11-07T00:00:00.000Z,Kent State,Ohio,0,41
401644762,2024,11,2024-11-07T00:00:00.000Z,Western Michigan,Northern Illinois,28,42
401644763,2024,12,2024-11-13T00:00:00.000Z,Buffalo,Ball State,51,48
401644764,2024,12,2024-11-13T00:00:00.000Z,Bowling Green,Western Michigan,31,13
401644765,2024,12,2024-11-13T00:00:00.000Z,Toledo,Central Michigan,37,10
401644766,2024,12,2024-11-14T00:00:00.000Z,Northern Illinois,Akron,29,16
401644767,2024,12,2024-11-14T00:00:00.000Z,Ohio,Eastern Michigan,35,10
401644769,2024,13,2024-11-20T00:00:00.000Z,Kent State,Akron,17,38
401644770,2024,13,2024-11-20T00:30:00.000Z,Central Michigan,Western Michigan,16,14
401644772,2024,13,2024-11-21T00:00:00.000Z,Eastern Michigan,Buffalo,20,37
401644773,2024,13,2024-11-21T00:00:00.000Z,Toledo,Ohio,7,24
401644774,2024,13,2024-11-23T19:00:00.000Z,Ball State,Bowling Green,13,38
401644775,2024,14,2024-11-27T00:00:00.000Z,Akron,Toledo,22,14
401644776,2024,14,2024-11-27T00:00:00.000Z,Buffalo,Kent State,43,7
401644777,2024,14,2024-11-29T17:00:00.000Z,Ohio,Ball State,42,21
401644779,2024,14,2024-11-30T20:30:00.000Z,Northern Illinois,Central Michigan,21,6
401644780,2024,14,2024-11-30T18:30:00.000Z,Western Michigan,Eastern Michigan,0,0
401645323,2024,2,2024-09-07T16:00:00.000Z,Florida Atlantic,Army,7,24
401645324,2024,2,2024-09-07T19:30:00.000Z,Navy,Temple,38,11
401645328,2024,4,2024-09-21T16:00:00.000Z,Army,Rice,37,14
401645329,2024,4,2024-09-21T19:30:00.000Z,Navy,Memphis,56,44
401645331,2024,5,2024-09-26T23:30:00.000Z,Temple,Army,14,42
401645332,2024,5,2024-09-28T16:00:00.000Z,UAB,Navy,18,41
401645333,2024,5,2024-09-28T23:00:00.000Z,Rice,Charlotte,20,21
401645334,2024,5,2024-09-28T20:00:00.000Z,East Carolina,UTSA,30,20
401645336,2024,5,2024-09-28T23:00:00.000Z,North Texas,Tulsa,52,20
401645337,2024,5,2024-09-28T16:00:00.000Z,Tulane,South Florida,45,10
401645338,2024,6,2024-10-05T17:00:00.000Z,UAB,Tulane,20,71
401645339,2024,6,2024-10-05T16:00:00.000Z,Tulsa,Army,7,49
401645340,2024,6,2024-10-05T19:30:00.000Z,Charlotte,East Carolina,55,24
401645341,2024,7,2024-10-12T19:30:00.000Z,South Florida,Memphis,3,21
401645342,2024,7,2024-10-12T16:00:00.000Z,Army,UAB,44,10
401645343,2024,7,2024-10-12T23:00:00.000Z,Florida Atlantic,North Texas,37,41
401645344,2024,7,2024-10-12T23:00:00.000Z,Rice,UTSA,29,27
401645345,2024,8,2024-10-19T19:30:00.000Z,South Florida,UAB,35,25
401645346,2024,8,2024-10-19T16:00:00.000Z,Army,East Carolina,45,28
401645347,2024,8,2024-10-19T19:30:00.000Z,Navy,Charlotte,51,17
401645348,2024,8,2024-10-19T19:30:00.000Z,UTSA,Florida Atlantic,38,24
401645349,2024,8,2024-10-19T23:30:00.000Z,Memphis,North Texas,52,44
401645350,2024,8,2024-10-19T19:30:00.000Z,Tulane,Rice,24,10
401645351,2024,8,2024-10-19T18:00:00.000Z,Temple,Tulsa,20,10
401645352,2024,9,2024-10-26T18:00:00.000Z,East Carolina,Temple,56,34
401645353,2024,9,2024-10-26T16:00:00.000Z,Memphis,Charlotte,33,28
401645354,2024,9,2024-10-26T16:00:00.000Z,North Texas,Tulane,37,45
401645355,2024,9,2024-10-26T19:30:00.000Z,Tulsa,UTSA,46,45
401645356,2024,10,2024-10-31T23:30:00.000Z,Charlotte,Tulane,3,34
401645357,2024,10,2024-11-01T23:30:00.000Z,Florida Atlantic,South Florida,21,44
401645358,2024,10,2024-11-02T18:30:00.000Z,UAB,Tulsa,59,21
401645359,2024,10,2024-11-02T16:00:00.000Z,UTSA,Memphis,44,36
401645360,2024,10,2024-11-02T20:00:00.000Z,Rice,Navy,24,10
401645361,2024,11,2024-11-08T01:00:00.000Z,East Carolina,Florida Atlantic,49,14
401645362,2024,11,2024-11-09T02:00:00.000Z,Memphis,Rice,27,20
401645363,2024,11,2024-11-09T17:00:00.000Z,South Florida,Navy,7,28
401645364,2024,11,2024-11-09T21:00:00.000Z,Tulane,Temple,52,6
401645365,2024,12,2024-11-15T00:30:00.000Z,Tulsa,East Carolina,31,38
401645366,2024,12,2024-11-16T01:00:00.000Z,UTSA,North Texas,48,27
401645367,2024,12,2024-11-17T01:00:00.000Z,Memphis,UAB,53,18
401645368,2024,12,2024-11-16T20:30:00.000Z,Charlotte,South Florida,24,59
401645369,2024,12,2024-11-16T19:00:00.000Z,Temple,Florida Atlantic,18,15
401645370,2024,12,2024-11-16T17:00:00.000Z,Navy,Tulane,0,35
401645371,2024,13,2024-11-23T20:00:00.000Z,Florida Atlantic,Charlotte,27,39
401645372,2024,13,2024-11-23T20:30:00.000Z,North Texas,East Carolina,28,40
401645373,2024,13,2024-11-23T19:00:00.000Z,UAB,Rice,40,14
401645374,2024,13,2024-11-23T00:00:00.000Z,UTSA,Temple,51,27
401645375,2024,13,2024-11-23T20:30:00.000Z,South Florida,Tulsa,63,30
401645376,2024,14,2024-11-29T00:30:00.000Z,Tulane,Memphis,24,34
401645377,2024,14,2024-11-30T20:30:00.000Z,Charlotte,UAB,29,27
401645378,2024,14,2024-11-30T17:00:00.000Z,Army,UTSA,29,24
401645379,2024,14,2024-11-29T17:00:00.000Z,East Carolina,Navy,20,34
401645380,2024,14,2024-11-30T20:30:00.000Z,Tulsa,Florida Atlantic,16,63
401645381,2024,14,2024-11-30T17:00:00.000Z,Temple,North Texas,17,24
401645382,2024,14,2024-11-30T19:00:00.000Z,Rice,South Florida,35,28
401645383,2024,16,2024-12-14T20:00:00.000Z,Army,Navy,13,31
401673462,2024,15,2024-12-07T01:00:00.000Z,Army,Tulane,35,14
401673463,2024,15,2024-12-08T01:00:00.000Z,SMU,Clemson,31,34
401673464,2024,15,2024-12-08T01:00:00.000Z,Oregon,Penn State,45,37
401673465,2024,15,2024-12-07T17:00:00.000Z,Arizona State,Iowa State,45,19
401673466,2024,15,2024-12-07T00:00:00.000Z,Jacksonville State,Western Kentucky,52,12
401673467,2024,15,2024-12-07T17:00:00.000Z,Miami (OH),Ohio,3,38
401673468,2024,15,2024-12-07T01:00:00.000Z,Boise State,UNLV,21,7
401673469,2024,15,2024-12-07T21:00:00.000Z,Texas,Georgia,19,22
401673470,2024,15,2024-12-08T00:30:00.000Z,Louisiana,Marshall,3,31
401677077,2024,1,2024-12-15T02:00:00.000Z,Western Michigan,South Alabama,23,30
401677079,2024,1,2024-12-18T22:30:00.000Z,James Madison,Western Kentucky,27,17
401677080,2024,1,2024-12-18T02:00:00.000Z,West Virginia,Memphis,37,42
401677081,2024,1,2024-12-19T02:00:00.000Z,UNLV,California,24,13
401677082,2024,1,2024-12-20T00:00:00.000Z,Sam Houston,Georgia Southern,31,26
401677083,2024,1,2024-12-20T17:00:00.000Z,Jacksonville State,Ohio,27,30
401677084,2024,1,2024-12-20T20:30:00.000Z,Florida,Tulane,33,8
401677085,2024,1,2024-12-23T16:00:00.000Z,UTSA,Coastal Carolina,15,44
401677086,2024,1,2024-12-23T19:30:00.000Z,Fresno State,Northern Illinois,20,28
401677087,2024,1,2024-12-25T01:00:00.000Z,San José State,South Florida,37,34
401677088,2024,1,2024-12-26T22:30:00.000Z,Kansas State,Rutgers,44,41
401677089,2024,1,2024-12-27T02:00:00.000Z,Bowling Green,Arkansas State,31,38
401677090,2024,1,2024-12-27T17:00:00.000Z,Navy,Oklahoma,21,20
401677091,2024,1,2024-12-27T20:30:00.000Z,Vanderbilt,Georgia Tech,35,27
401677092,2024,1,2024-12-28T00:00:00.000Z,Arkansas,Texas Tech,39,26
401677093,2024,1,2024-12-28T03:30:00.000Z,USC,Texas A&M,31,35
401677094,2024,1,2024-12-28T16:00:00.000Z,North Carolina,UConn,14,27
401677095,2024,1,2024-12-28T17:00:00.000Z,Nebraska,Boston College,13,2
401677096,2024,1,2024-12-28T19:15:00.000Z,TCU,Louisiana,34,3
401677097,2024,1,2024-12-28T20:30:00.000Z,Miami,Iowa State,41,42
401677098,2024,1,2024-12-28T22:45:00.000Z,NC State,East Carolina,21,26
401677099,2024,1,2024-12-29T00:30:00.000Z,Colorado,BYU,14,36
401677100,2024,1,2024-12-29T02:15:00.000Z,Army,Louisiana Tech,27,6
401677101,2024,1,2024-12-30T19:30:00.000Z,Missouri,Iowa,27,24
401677102,2024,1,2024-12-31T17:00:00.000Z,Michigan,Alabama,19,13
401677103,2024,1,2024-12-31T20:00:00.000Z,Illinois,South Carolina,21,17
401677104,2024,1,2024-12-31T20:30:00.000Z,LSU,Baylor,44,31
401677105,2024,1,2025-01-03T01:00:00.000Z,Ole Miss,Duke,52,20
401677106,2024,1,2025-01-03T21:00:00.000Z,Texas State,North Texas,30,28
401677107,2024,1,2025-01-04T00:30:00.000Z,Virginia Tech,Minnesota,10,24
401677108,2024,1,2025-01-04T16:00:00.000Z,Liberty,Buffalo,7,26
401677176,2024,1,2024-12-21T21:00:00.000Z,Texas,Clemson,38,24
401677177,2024,1,2024-12-22T01:00:00.000Z,Ohio State,Tennessee,42,17
401677178,2024,1,2024-12-21T17:00:00.000Z,Penn State,SMU,38,10
401677179,2024,1,2024-12-21T01:00:00.000Z,Notre Dame,Indiana,27,17
401677180,2024,1,2024-12-26T19:00:00.000Z,Toledo,Pittsburgh,48,46
401677181,2024,1,2025-01-01T00:30:00.000Z,Boise State,Penn State,14,31
401677182,2024,1,2025-01-01T18:00:00.000Z,Arizona State,Texas,31,39
401677183,2024,1,2025-01-01T22:00:00.000Z,Oregon,Ohio State,21,41
401677184,2024,1,2025-01-02T21:00:00.000Z,Georgia,Notre Dame,10,23
401677188,2024,1,2024-12-28T21:30:00.000Z,Colorado State,Miami (OH),17,43
401677189,2024,1,2025-01-10T00:30:00.000Z,Penn State,Notre Dame,24,27
401677190,2024,1,2024-12-31T19:00:00.000Z,Washington,Louisville,34,35
401677191,2024,1,2025-01-11T00:30:00.000Z,Texas,Ohio State,14,28
401677192,2024,1,2025-01-21T00:30:00.000Z,Notre Dame,Ohio State,23,34
401729867,2024,1,2024-12-28T01:00:00.000Z,Washington State,Syracuse,35,52
401752665,2025,1,2025-08-30T19:30:00.000Z,Florida State,Alabama,31,17
401752667,2025,1,2025-08-30T00:00:00.000Z,Baylor,Auburn,24,38
401752669,2025,1,2025-08-30T19:30:00.000Z,Georgia,Marshall,45,7
401752670,2025,1,2025-08-30T16:45:00.000Z,Kentucky,Toledo,24,16
401752671,2025,1,2025-08-30T23:30:00.000Z,Clemson,LSU,10,17
401752672,2025,1,2025-08-30T23:45:00.000Z,Ole Miss,Georgia State,63,7
401752673,2025,1,2025-08-30T16:00:00.000Z,Southern Miss,Mississippi State,3,7
401752676,2025,1,2025-08-30T16:00:00.000Z,Tennessee,Syracuse,45,26
401752677,2025,1,2025-08-30T16:00:00.000Z,Ohio State,Texas,14,7
401752678,2025,1,2025-08-30T23:00:00.000Z,Texas A&M,UTSA,42,25
401752680,2025,1,2025-08-31T19:00:00.000Z,South Carolina,Virginia Tech,24,11
401752681,2025,2,2025-09-06T23:45:00.000Z,Alabama,UL Monroe,73,0
401752682,2025,2,2025-09-06T21:00:00.000Z,Arkansas,Arkansas State,56,21
401752683,2025,2,2025-09-06T23:30:00.000Z,Auburn,Ball State,42,3
401752684,2025,2,2025-09-06T20:15:00.000Z,Florida,South Florida,9,15
401752686,2025,2,2025-09-06T19:30:00.000Z,Kentucky,Ole Miss,23,30
401752687,2025,2,2025-09-06T23:30:00.000Z,LSU,Louisiana Tech,7,0
401752688,2025,2,2025-09-06T23:30:00.000Z,Mississippi State,Arizona State,24,20
401752689,2025,2,2025-09-06T19:30:00.000Z,Missouri,Kansas,42,31
401752690,2025,2,2025-09-06T23:30:00.000Z,Oklahoma,Michigan,24,13
401752693,2025,2,2025-09-06T16:00:00.000Z,Texas,San José State,38,7
401752694,2025,2,2025-09-06T16:45:00.000Z,Texas A&M,Utah State,44,22
401752695,2025,2,2025-09-06T23:30:00.000Z,Virginia Tech,Vanderbilt,20,44
401752696,2025,3,2025-09-13T16:00:00.000Z,Alabama,Wisconsin,38,14
401752697,2025,3,2025-09-13T16:45:00.000Z,Auburn,South Alabama,31,15
401752698,2025,3,2025-09-13T23:30:00.000Z,Kentucky,Eastern Michigan,48,23
401752699,2025,3,2025-09-13T23:30:00.000Z,LSU,Florida,20,10
401752700,2025,3,2025-09-13T23:00:00.000Z,Ole Miss,Arkansas,41,35
401752702,2025,3,2025-09-13T17:00:00.000Z,Missouri,Louisiana,52,10
401752703,2025,3,2025-09-13T16:00:00.000Z,Temple,Oklahoma,3,42
401752704,2025,3,2025-09-13T23:45:00.000Z,South Carolina,Vanderbilt,7,31
401752705,2025,3,2025-09-13T19:30:00.000Z,Tennessee,Georgia,41,44
401752706,2025,3,2025-09-13T20:15:00.000Z,Texas,UTEP,27,10
401752707,2025,3,2025-09-13T23:30:00.000Z,Notre Dame,Texas A&M,40,41
401752708,2025,4,2025-09-20T16:00:00.000Z,Memphis,Arkansas,32,31
401752709,2025,4,2025-09-20T23:30:00.000Z,Miami,Florida,26,7
401752711,2025,4,2025-09-20T19:30:00.000Z,Ole Miss,Tulane,45,10
401752712,2025,4,2025-09-20T20:15:00.000Z,Mississippi State,Northern Illinois,38,10
401752713,2025,4,2025-09-20T23:00:00.000Z,Missouri,South Carolina,29,20
401752714,2025,4,2025-09-20T19:30:00.000Z,Oklahoma,Auburn,24,17
401752715,2025,4,2025-09-20T16:45:00.000Z,Tennessee,UAB,56,24
401752716,2025,4,2025-09-20T23:30:00.000Z,Vanderbilt,Georgia State,70,21
401752717,2025,5,2025-09-27T16:00:00.000Z,Arkansas,Notre Dame,13,56
401752718,2025,5,2025-09-27T23:30:00.000Z,Georgia,Alabama,21,24
401752719,2025,5,2025-09-27T19:30:00.000Z,Ole Miss,LSU,24,19
401752720,2025,5,2025-09-27T20:15:00.000Z,Mississippi State,Tennessee,34,34
401752721,2025,5,2025-09-27T23:30:00.000Z,Missouri,Massachusetts,42,6
401752722,2025,5,2025-09-27T23:45:00.000Z,South Carolina,Kentucky,35,13
401752723,2025,4,2025-09-21T00:00:00.000Z,Texas,Sam Houston,55,0
401752724,2025,5,2025-09-27T19:30:00.000Z,Texas A&M,Auburn,16,10
401752725,2025,5,2025-09-27T16:45:00.000Z,Vanderbilt,Utah State,55,35
401752726,2025,6,2025-10-04T19:30:00.000Z,Alabama,Vanderbilt,30,14
401752727,2025,6,2025-10-04T19:30:00.000Z,Florida,Texas,29,21
401752728,2025,6,2025-10-04T16:00:00.000Z,Georgia,Kentucky,35,14
401752729,2025,6,2025-10-04T20:00:00.000Z,Oklahoma,Kent State,44,0
401752730,2025,6,2025-10-04T23:30:00.000Z,Texas A&M,Mississippi State,34,9
401752731,2025,7,2025-10-11T23:30:00.000Z,Auburn,Georgia,10,20
401752732,2025,7,2025-10-11T23:45:00.000Z,LSU,South Carolina,20,10
401752733,2025,7,2025-10-11T16:45:00.000Z,Ole Miss,Washington State,24,21
401752734,2025,7,2025-10-11T16:00:00.000Z,Missouri,Alabama,24,27
401752735,2025,7,2025-10-11T20:15:00.000Z,Tennessee,Arkansas,34,31
401752736,2025,7,2025-10-11T19:30:00.000Z,Texas,Oklahoma,23,6
401752737,2025,7,2025-10-11T23:00:00.000Z,Texas A&M,Florida,34,17
401752738,2025,8,2025-10-18T23:30:00.000Z,Alabama,Tennessee,37,20
401752739,2025,8,2025-10-18T19:30:00.000Z,Arkansas,Texas A&M,42,45
401752740,2025,8,2025-10-18T23:45:00.000Z,Auburn,Missouri,17,17
401752741,2025,8,2025-10-18T20:15:00.000Z,Florida,Mississippi State,23,21
401752742,2025,8,2025-10-18T19:30:00.000Z,Georgia,Ole Miss,43,35
401752743,2025,8,2025-10-18T23:00:00.000Z,Kentucky,Texas,13,13
401752744,2025,8,2025-10-18T16:45:00.000Z,South Carolina,Oklahoma,7,26
401752745,2025,8,2025-10-18T16:00:00.000Z,Vanderbilt,LSU,31,24
401752746,2025,9,2025-10-25T16:45:00.000Z,Arkansas,Auburn,24,33
401752747,2025,9,2025-10-25T23:45:00.000Z,Kentucky,Tennessee,34,56
401752748,2025,9,2025-10-25T23:30:00.000Z,LSU,Texas A&M,25,49
401752749,2025,9,2025-10-25T20:15:00.000Z,Mississippi State,Texas,62,59
401752750,2025,9,2025-10-25T16:00:00.000Z,Oklahoma,Ole Miss,26,34
401752751,2025,9,2025-10-25T19:30:00.000Z,South Carolina,Alabama,22,29
401752752,2025,9,2025-10-25T19:30:00.000Z,Vanderbilt,Missouri,17,10
401752753,2025,10,2025-11-01T20:00:00.000Z,Arkansas,Mississippi State,35,38
401752754,2025,10,2025-11-01T23:30:00.000Z,Auburn,Kentucky,3,10
401752755,2025,10,2025-11-01T19:30:00.000Z,Florida,Georgia,20,24
401752756,2025,10,2025-11-01T23:00:00.000Z,Ole Miss,South Carolina,30,14
401752757,2025,10,2025-11-01T23:30:00.000Z,Tennessee,Oklahoma,27,33
401752758,2025,10,2025-11-01T16:00:00.000Z,Texas,Vanderbilt,34,31
401752759,2025,11,2025-11-09T00:30:00.000Z,Alabama,LSU,20,9
401752760,2025,11,2025-11-09T00:30:00.000Z,Kentucky,Florida,38,7
401752762,2025,11,2025-11-08T17:00:00.000Z,Mississippi State,Georgia,21,41
401752763,2025,11,2025-11-08T20:30:00.000Z,Missouri,Texas A&M,17,38
401752764,2025,11,2025-11-08T21:00:00.000Z,Vanderbilt,Auburn,45,38
401752765,2025,12,2025-11-15T20:30:00.000Z,Alabama,Oklahoma,21,23
401752766,2025,12,2025-11-16T00:30:00.000Z,Georgia,Texas,35,10
401752768,2025,12,2025-11-15T17:45:00.000Z,LSU,Arkansas,23,22
401752769,2025,12,2025-11-16T00:00:00.000Z,Ole Miss,Florida,34,24
401752770,2025,12,2025-11-16T00:45:00.000Z,Missouri,Mississippi State,49,27
401752771,2025,12,2025-11-15T21:15:00.000Z,Tennessee,New Mexico State,42,9
401752772,2025,12,2025-11-15T17:00:00.000Z,Texas A&M,South Carolina,3,17
401752775,2025,13,2025-11-23T00:30:00.000Z,Florida,Tennessee,0,14
401752776,2025,13,2025-11-22T17:45:00.000Z,Georgia,Charlotte,35,3
401752777,2025,13,2025-11-23T00:45:00.000Z,LSU,Western Kentucky,13,10
401752778,2025,13,2025-11-22T17:00:00.000Z,Oklahoma,Missouri,17,6
401752779,2025,13,2025-11-22T21:15:00.000Z,South Carolina,Coastal Carolina,51,7
401752780,2025,13,2025-11-22T20:30:00.000Z,Texas,Arkansas,52,37
401752782,2025,13,2025-11-22T20:30:00.000Z,Vanderbilt,Kentucky,45,17
401752783,2025,14,2025-11-29T20:30:00.000Z,Arkansas,Missouri,17,31
401752784,2025,14,2025-11-30T00:30:00.000Z,Auburn,Alabama,20,27
401752785,2025,14,2025-11-29T21:30:00.000Z,Florida,Florida State,40,21
401752786,2025,14,2025-11-28T20:30:00.000Z,Georgia Tech,Georgia,9,16
401752787,2025,14,2025-11-29T17:00:00.000Z,Louisville,Kentucky,41,0
401752788,2025,14,2025-11-28T17:00:00.000Z,Mississippi State,Ole Miss,19,38
401752789,2025,14,2025-11-29T20:30:00.000Z,Oklahoma,LSU,17,13
401752790,2025,14,2025-11-29T17:00:00.000Z,South Carolina,Clemson,14,28
401752791,2025,14,2025-11-29T20:30:00.000Z,Tennessee,Vanderbilt,24,45
401752792,2025,14,2025-11-29T00:30:00.000Z,Texas,Texas A&M,27,17
401752793,2025,1,2025-08-29T00:00:00.000Z,Minnesota,Buffalo,23,10
401752794,2025,1,2025-08-28T22:00:00.000Z,Rutgers,Ohio,37,31
401752796,2025,1,2025-08-29T01:00:00.000Z,Cincinnati,Nebraska,17,20
401752797,2025,1,2025-08-30T16:00:00.000Z,Maryland,Florida Atlantic,41,7
401752798,2025,1,2025-08-30T23:30:00.000Z,USC,Missouri State,73,13
401752800,2025,1,2025-08-31T03:00:00.000Z,UCLA,Utah,10,43
401752801,2025,1,2025-08-30T16:00:00.000Z,Purdue,Ball State,31,0
401752802,2025,1,2025-08-29T23:00:00.000Z,Michigan State,Western Michigan,23,6
401752803,2025,1,2025-08-30T16:00:00.000Z,Tulane,Northwestern,23,3
401752805,2025,1,2025-08-31T03:00:00.000Z,Washington,Colorado State,38,21
401752806,2025,1,2025-08-30T18:30:00.000Z,Indiana,Old Dominion,27,14
401752807,2025,1,2025-08-30T19:30:00.000Z,Penn State,Nevada,46,11
401752808,2025,1,2025-08-30T23:30:00.000Z,Michigan,New Mexico,34,17
401752810,2025,2,2025-09-06T23:30:00.000Z,Nebraska,Akron,68,0
401752811,2025,2,2025-09-06T16:00:00.000Z,Penn State,Florida International,34,0
401752812,2025,2,2025-09-06T16:00:00.000Z,Indiana,Kennesaw State,56,9
401752814,2025,2,2025-09-06T23:30:00.000Z,USC,Georgia Southern,59,20
401752816,2025,2,2025-09-06T23:30:00.000Z,Michigan State,Boston College,42,40
401752818,2025,2,2025-09-06T19:30:00.000Z,Rutgers,Miami (OH),45,17
401752820,2025,2,2025-09-06T20:00:00.000Z,Wisconsin,Middle Tennessee,42,10
401752822,2025,2,2025-09-06T16:00:00.000Z,Iowa State,Iowa,16,13
401752823,2025,2,2025-09-07T00:00:00.000Z,UNLV,UCLA,30,23
401752824,2025,2,2025-09-06T19:30:00.000Z,Oregon,Oklahoma State,69,3
401752825,2025,2,2025-09-06T16:00:00.000Z,Duke,Illinois,19,45
401752826,2025,2,2025-09-05T23:30:00.000Z,Maryland,Northern Illinois,20,9
401752827,2025,3,2025-09-13T23:00:00.000Z,Ohio State,Ohio,37,9
401752829,2025,3,2025-09-13T23:00:00.000Z,Illinois,Western Michigan,38,0
401752830,2025,3,2025-09-13T23:30:00.000Z,Iowa,Massachusetts,47,7
401752831,2025,3,2025-09-13T16:00:00.000Z,Northwestern,Oregon,14,34
401752832,2025,3,2025-09-13T19:30:00.000Z,Purdue,USC,17,33
401752837,2025,3,2025-09-13T02:00:00.000Z,UCLA,New Mexico,10,35
401752839,2025,3,2025-09-13T16:00:00.000Z,Michigan,Central Michigan,63,3
401752840,2025,3,2025-09-14T02:30:00.000Z,California,Minnesota,27,14
401752841,2025,4,2025-09-20T19:00:00.000Z,Oregon,Oregon State,41,7
401752842,2025,4,2025-09-20T23:30:00.000Z,Washington State,Washington,24,59
401752843,2025,4,2025-09-20T23:30:00.000Z,Indiana,Illinois,63,10
401752844,2025,4,2025-09-20T00:00:00.000Z,Rutgers,Iowa,28,38
401752845,2025,4,2025-09-20T16:00:00.000Z,Wisconsin,Maryland,10,27
401752846,2025,4,2025-09-20T19:30:00.000Z,Nebraska,Michigan,27,30
401752847,2025,4,2025-09-21T03:00:00.000Z,USC,Michigan State,45,31
401752848,2025,4,2025-09-20T19:30:00.000Z,Notre Dame,Purdue,56,30
401752849,2025,5,2025-09-27T16:00:00.000Z,Minnesota,Rutgers,31,28
401752850,2025,5,2025-09-27T16:00:00.000Z,Illinois,USC,31,32
401752851,2025,5,2025-09-27T19:30:00.000Z,Northwestern,UCLA,17,14
401752852,2025,5,2025-09-27T19:30:00.000Z,Washington,Ohio State,6,24
401752853,2025,5,2025-09-27T19:30:00.000Z,Iowa,Indiana,15,20
401752854,2025,5,2025-09-27T23:30:00.000Z,Penn State,Oregon,17,17
401752855,2025,6,2025-10-04T19:30:00.000Z,UCLA,Penn State,42,37
401752856,2025,6,2025-10-04T16:00:00.000Z,Michigan,Wisconsin,24,10
401752857,2025,6,2025-10-04T19:30:00.000Z,Maryland,Washington,20,24
401752858,2025,6,2025-10-04T19:30:00.000Z,Northwestern,UL Monroe,42,7
401752859,2025,6,2025-10-04T23:30:00.000Z,Ohio State,Minnesota,28,3
401752860,2025,6,2025-10-04T20:00:00.000Z,Nebraska,Michigan State,38,27
401752861,2025,6,2025-10-04T16:00:00.000Z,Purdue,Illinois,27,43
401752862,2025,7,2025-10-11T01:00:00.000Z,Washington,Rutgers,38,19
401752863,2025,7,2025-10-11T16:00:00.000Z,Michigan State,UCLA,19,38
401752864,2025,7,2025-10-11T23:30:00.000Z,Minnesota,Purdue,27,20
401752865,2025,7,2025-10-11T16:00:00.000Z,Illinois,Ohio State,16,34
401752866,2025,7,2025-10-11T19:30:00.000Z,Penn State,Northwestern,21,22
401752867,2025,7,2025-10-11T19:30:00.000Z,Maryland,Nebraska,31,34
401752868,2025,7,2025-10-11T23:30:00.000Z,USC,Michigan,31,13
401752869,2025,7,2025-10-11T23:00:00.000Z,Wisconsin,Iowa,0,37
401752870,2025,7,2025-10-11T19:30:00.000Z,Oregon,Indiana,20,30
401752871,2025,8,2025-10-18T23:30:00.000Z,Notre Dame,USC,34,24
401752872,2025,8,2025-10-18T00:00:00.000Z,Minnesota,Nebraska,24,6
401752873,2025,8,2025-10-18T16:00:00.000Z,Michigan,Washington,24,7
401752874,2025,8,2025-10-18T19:00:00.000Z,Northwestern,Purdue,19,0
401752875,2025,8,2025-10-18T23:00:00.000Z,Iowa,Penn State,25,24
401752876,2025,8,2025-10-18T22:30:00.000Z,Rutgers,Oregon,10,56
401752877,2025,8,2025-10-18T19:30:00.000Z,Wisconsin,Ohio State,0,34
401752878,2025,8,2025-10-18T19:30:00.000Z,Indiana,Michigan State,38,13
401752879,2025,8,2025-10-18T23:00:00.000Z,UCLA,Maryland,20,17
401752880,2025,9,2025-10-25T19:30:00.000Z,Washington,Illinois,42,25
401752881,2025,9,2025-10-25T23:30:00.000Z,Michigan State,Michigan,20,31
401752882,2025,9,2025-10-25T19:30:00.000Z,Iowa,Minnesota,41,3
401752883,2025,9,2025-10-25T16:00:00.000Z,Nebraska,Northwestern,28,21
401752884,2025,9,2025-10-25T16:00:00.000Z,Purdue,Rutgers,24,27
401752885,2025,9,2025-10-25T16:00:00.000Z,Indiana,UCLA,56,6
401752886,2025,9,2025-10-25T23:00:00.000Z,Oregon,Wisconsin,14,0
401752887,2025,10,2025-11-01T19:30:00.000Z,Maryland,Indiana,10,55
401752888,2025,10,2025-11-01T19:30:00.000Z,Minnesota,Michigan State,23,20
401752889,2025,10,2025-11-01T16:00:00.000Z,Ohio State,Penn State,38,14
401752890,2025,10,2025-11-01T23:00:00.000Z,Michigan,Purdue,21,16
401752891,2025,10,2025-11-01T16:00:00.000Z,Illinois,Rutgers,35,13
401752892,2025,10,2025-11-01T23:30:00.000Z,Nebraska,USC,17,21
401752893,2025,11,2025-11-08T17:00:00.000Z,Penn State,Indiana,24,27
401752894,2025,11,2025-11-08T19:30:00.000Z,Rutgers,Maryland,35,20
401752895,2025,11,2025-11-09T02:00:00.000Z,UCLA,Nebraska,21,28
401752896,2025,11,2025-11-08T02:00:00.000Z,USC,Northwestern,38,17
401752897,2025,11,2025-11-08T18:00:00.000Z,Purdue,Ohio State,10,34
401752898,2025,11,2025-11-08T20:30:00.000Z,Iowa,Oregon,16,18
401752899,2025,11,2025-11-08T21:30:00.000Z,Wisconsin,Washington,13,10
401752900,2025,12,2025-11-16T00:30:00.000Z,Ohio State,UCLA,48,10
401752901,2025,12,2025-11-15T17:00:00.000Z,Indiana,Wisconsin,31,7
401752902,2025,12,2025-11-16T00:00:00.000Z,Washington,Purdue,49,13
401752903,2025,12,2025-11-15T20:30:00.000Z,Michigan State,Penn State,10,28
401752904,2025,12,2025-11-15T02:00:00.000Z,Oregon,Minnesota,42,13
401752905,2025,12,2025-11-15T17:00:00.000Z,Northwestern,Michigan,22,27
401752906,2025,12,2025-11-15T20:30:00.000Z,Illinois,Maryland,24,6
401752907,2025,12,2025-11-15T20:30:00.000Z,USC,Iowa,26,21
401752908,2025,13,2025-11-23T00:00:00.000Z,Penn State,Nebraska,37,10
401752909,2025,13,2025-11-22T17:00:00.000Z,Northwestern,Minnesota,38,35
401752910,2025,13,2025-11-23T03:30:00.000Z,UCLA,Washington,14,48
401752911,2025,13,2025-11-22T20:30:00.000Z,Oregon,USC,42,27
401752912,2025,13,2025-11-22T17:00:00.000Z,Ohio State,Rutgers,42,9
401752913,2025,13,2025-11-22T20:30:00.000Z,Iowa,Michigan State,20,17
401752914,2025,13,2025-11-22T21:00:00.000Z,Maryland,Michigan,20,45
401752915,2025,13,2025-11-23T00:30:00.000Z,Wisconsin,Illinois,27,10
401752916,2025,14,2025-11-28T17:00:00.000Z,Nebraska,Iowa,16,40
401752917,2025,14,2025-11-29T20:30:00.000Z,Washington,Oregon,14,26
401752918,2025,14,2025-11-29T20:30:00.000Z,Minnesota,Wisconsin,17,7
401752919,2025,14,2025-11-30T00:30:00.000Z,USC,UCLA,29,10
401752920,2025,14,2025-11-29T20:30:00.000Z,Rutgers,Penn State,36,40
401752921,2025,14,2025-11-29T17:00:00.000Z,Michigan,Ohio State,9,27
401752922,2025,14,2025-11-30T00:30:00.000Z,Illinois,Northwestern,20,13
401752923,2025,14,2025-11-30T00:00:00.000Z,Michigan State,Maryland,38,28
401752924,2025,14,2025-11-29T00:30:00.000Z,Purdue,Indiana,3,56
401752936,2025,1,2025-08-31T02:30:00.000Z,Oregon State,California,15,34
401752937,2025,2,2025-09-06T19:30:00.000Z,Oregon State,Fresno State,21,26
401752938,2025,3,2025-09-13T19:30:00.000Z,Texas Tech,Oregon State,45,14
401752939,2025,5,2025-09-27T02:30:00.000Z,Oregon State,Houston,24,24
401752940,2025,6,2025-10-04T19:30:00.000Z,App State,Oregon State,27,23
401752942,2025,9,2025-10-25T16:00:00.000Z,Wake Forest,SMU,13,12
401752943,2025,10,2025-11-01T23:30:00.000Z,Oregon State,Washington State,10,7
401752944,2025,11,2025-11-09T03:00:00.000Z,Oregon State,Sam Houston,17,21
401752945,2025,12,2025-11-15T18:00:00.000Z,Tulsa,Oregon State,31,14
401752946,2025,14,2025-11-29T23:30:00.000Z,Washington State,Oregon State,32,8
401752948,2025,2,2025-09-07T02:15:00.000Z,Washington State,San Diego State,36,13
401752949,2025,3,2025-09-13T19:30:00.000Z,North Texas,Washington State,59,10
401752950,2025,5,2025-09-27T23:30:00.000Z,Colorado State,Washington State,3,20
401752951,2025,8,2025-10-18T22:30:00.000Z,Virginia,Washington State,22,20
401752952,2025,9,2025-10-25T19:30:00.000Z,Washington State,Toledo,28,7
401752953,2025,12,2025-11-16T03:00:00.000Z,Washington State,Louisiana Tech,28,3
401752954,2025,13,2025-11-22T18:00:00.000Z,James Madison,Washington State,24,20
401754371,2025,8,2025-10-18T02:30:00.000Z,California,North Carolina,21,18
401754372,2025,9,2025-10-24T23:30:00.000Z,Virginia Tech,California,42,34
401754373,2025,1,2025-08-28T23:00:00.000Z,NC State,East Carolina,24,17
401754374,2025,1,2025-08-29T23:00:00.000Z,Wake Forest,Kennesaw State,10,9
401754375,2025,1,2025-08-30T00:00:00.000Z,Colorado,Georgia Tech,20,27
401754516,2025,1,2025-08-23T23:30:00.000Z,Hawai'i,Stanford,23,20
401754522,2025,1,2025-08-31T23:30:00.000Z,Miami,Notre Dame,27,24
401754523,2025,1,2025-09-02T00:00:00.000Z,North Carolina,TCU,14,48
401754524,2025,2,2025-09-06T16:00:00.000Z,NC State,Virginia,35,31
401754525,2025,2,2025-09-06T16:00:00.000Z,SMU,Baylor,45,48
401754526,2025,2,2025-09-07T02:15:00.000Z,BYU,Stanford,27,3
401754527,2025,2,2025-09-06T23:00:00.000Z,Charlotte,North Carolina,3,20
401754528,2025,2,2025-09-05T23:00:00.000Z,Louisville,James Madison,28,14
401754529,2025,2,2025-09-06T16:00:00.000Z,Pittsburgh,Central Michigan,45,17
401754531,2025,3,2025-09-11T23:30:00.000Z,Wake Forest,NC State,24,34
401754533,2025,3,2025-09-14T02:30:00.000Z,Stanford,Boston College,30,20
401754534,2025,3,2025-09-14T00:00:00.000Z,Tulane,Duke,34,27
401754535,2025,3,2025-09-13T20:30:00.000Z,Miami,South Florida,49,12
401754536,2025,3,2025-09-13T23:00:00.000Z,Virginia Tech,Old Dominion,26,45
401754537,2025,4,2025-09-20T16:00:00.000Z,Clemson,Syracuse,21,34
401754538,2025,4,2025-09-20T20:00:00.000Z,Duke,NC State,45,33
401754539,2025,4,2025-09-20T23:30:00.000Z,Virginia,Stanford,48,20
401754540,2025,4,2025-09-21T02:30:00.000Z,San Diego State,California,34,0
401754541,2025,4,2025-09-20T19:30:00.000Z,Florida State,Kent State,66,10
401754542,2025,4,2025-09-20T20:30:00.000Z,Georgia Tech,Temple,38,14
401754543,2025,5,2025-09-26T23:00:00.000Z,Virginia,Florida State,35,35
401754544,2025,5,2025-09-27T19:30:00.000Z,Boston College,California,24,28
401754545,2025,5,2025-09-27T16:00:00.000Z,Syracuse,Duke,3,38
401754546,2025,5,2025-09-27T16:00:00.000Z,Wake Forest,Georgia Tech,23,23
401754547,2025,5,2025-09-27T16:00:00.000Z,Pittsburgh,Louisville,27,34
401754548,2025,5,2025-09-27T23:00:00.000Z,NC State,Virginia Tech,21,23
401754549,2025,5,2025-09-27T23:30:00.000Z,Stanford,San José State,30,29
401754550,2025,6,2025-10-04T16:00:00.000Z,Pittsburgh,Boston College,48,7
401754551,2025,6,2025-10-05T02:30:00.000Z,California,Duke,21,45
401754552,2025,6,2025-10-04T16:00:00.000Z,North Carolina,Clemson,10,38
401754553,2025,6,2025-10-04T23:30:00.000Z,Florida State,Miami,22,28
401754554,2025,6,2025-10-04T19:30:00.000Z,Louisville,Virginia,24,24
401754555,2025,6,2025-10-04T19:30:00.000Z,SMU,Syracuse,31,18
401754556,2025,6,2025-10-04T17:00:00.000Z,Virginia Tech,Wake Forest,23,30
401754558,2025,7,2025-10-11T23:30:00.000Z,Boston College,Clemson,10,41
401754559,2025,7,2025-10-11T16:00:00.000Z,Florida State,Pittsburgh,31,34
401754560,2025,7,2025-10-11T19:30:00.000Z,Georgia Tech,Virginia Tech,35,20
401754561,2025,7,2025-10-11T16:00:00.000Z,SMU,Stanford,34,10
401754562,2025,7,2025-10-11T19:30:00.000Z,Notre Dame,NC State,36,7
401754563,2025,7,2025-10-11T19:30:00.000Z,Oregon State,Wake Forest,14,39
401754564,2025,8,2025-10-17T23:00:00.000Z,Miami,Louisville,21,24
401754565,2025,8,2025-10-18T19:30:00.000Z,Clemson,SMU,24,35
401754566,2025,8,2025-10-18T16:00:00.000Z,Duke,Georgia Tech,18,27
401754567,2025,8,2025-10-19T02:30:00.000Z,Stanford,Florida State,20,13
401754568,2025,8,2025-10-18T23:30:00.000Z,Syracuse,Pittsburgh,13,30
401754569,2025,8,2025-10-18T16:00:00.000Z,Boston College,UConn,23,38
401754570,2025,9,2025-10-25T23:30:00.000Z,Louisville,Boston College,38,24
401754571,2025,9,2025-10-25T16:00:00.000Z,Georgia Tech,Syracuse,41,16
401754572,2025,9,2025-10-25T23:00:00.000Z,Miami,Stanford,42,7
401754573,2025,9,2025-10-25T16:00:00.000Z,North Carolina,Virginia,16,17
401754574,2025,9,2025-10-25T19:30:00.000Z,Pittsburgh,NC State,53,34
401754575,2025,10,2025-10-31T23:30:00.000Z,Syracuse,North Carolina,7,3
401754576,2025,10,2025-11-01T19:45:00.000Z,California,Virginia,21,31
401754577,2025,10,2025-11-01T16:00:00.000Z,Clemson,Duke,45,46
401754578,2025,10,2025-11-01T23:30:00.000Z,Florida State,Wake Forest,42,7
401754579,2025,10,2025-11-01T23:30:00.000Z,NC State,Georgia Tech,48,36
401754580,2025,10,2025-11-01T19:00:00.000Z,Virginia Tech,Louisville,16,28
401754581,2025,10,2025-11-01T16:00:00.000Z,SMU,Miami,26,20
401754582,2025,10,2025-11-01T19:30:00.000Z,Stanford,Pittsburgh,20,35
401754583,2025,10,2025-11-01T19:30:00.000Z,Boston College,Notre Dame,10,25
401754584,2025,11,2025-11-08T17:00:00.000Z,Boston College,SMU,13,45
401754585,2025,11,2025-11-09T00:00:00.000Z,Louisville,California,26,29
401754586,2025,11,2025-11-09T00:00:00.000Z,Clemson,Florida State,24,10
401754587,2025,11,2025-11-08T20:30:00.000Z,Miami,Syracuse,38,10
401754588,2025,11,2025-11-08T21:30:00.000Z,North Carolina,Stanford,20,15
401754589,2025,11,2025-11-09T00:00:00.000Z,Virginia,Wake Forest,9,16
401754590,2025,11,2025-11-08T20:30:00.000Z,UConn,Duke,37,34
401754591,2025,12,2025-11-15T00:30:00.000Z,Louisville,Clemson,19,20
401754592,2025,12,2025-11-15T20:30:00.000Z,Boston College,Georgia Tech,34,36
401754593,2025,12,2025-11-15T20:30:00.000Z,Duke,Virginia,17,34
401754594,2025,12,2025-11-16T00:30:00.000Z,Florida State,Virginia Tech,34,14
401754595,2025,12,2025-11-15T20:30:00.000Z,Miami,NC State,41,7
401754596,2025,12,2025-11-15T21:30:00.000Z,Wake Forest,North Carolina,28,12
401754597,2025,12,2025-11-15T17:00:00.000Z,Pittsburgh,Notre Dame,15,37
401754598,2025,13,2025-11-22T01:00:00.000Z,NC State,Florida State,21,11
401754599,2025,13,2025-11-23T00:30:00.000Z,Stanford,California,31,10
401754600,2025,13,2025-11-22T20:30:00.000Z,North Carolina,Duke,25,32
401754601,2025,13,2025-11-23T00:00:00.000Z,Georgia Tech,Pittsburgh,28,42
401754602,2025,13,2025-11-22T17:00:00.000Z,SMU,Louisville,38,6
401754603,2025,13,2025-11-22T17:00:00.000Z,Virginia Tech,Miami,17,33
401754604,2025,13,2025-11-22T20:30:00.000Z,Notre Dame,Syracuse,70,7
401754606,2025,13,2025-11-22T17:00:00.000Z,Wake Forest,Delaware,52,14
401754608,2025,14,2025-11-29T20:00:00.000Z,Syracuse,Boston College,12,34
401754609,2025,14,2025-11-30T01:00:00.000Z,California,SMU,38,35
401754610,2025,14,2025-11-29T20:30:00.000Z,Duke,Wake Forest,49,32
401754611,2025,14,2025-11-29T17:00:00.000Z,Pittsburgh,Miami,7,38
401754612,2025,14,2025-11-30T00:30:00.000Z,NC State,North Carolina,42,19
401754613,2025,14,2025-11-30T00:00:00.000Z,Virginia,Virginia Tech,27,7
401754614,2025,14,2025-11-30T03:30:00.000Z,Stanford,Notre Dame,20,49
401754615,2025,3,2025-09-13T19:30:00.000Z,Missouri State,SMU,10,28
401754616,2025,1,2025-08-30T22:00:00.000Z,Virginia,Coastal Carolina,48,7
401754618,2025,2,2025-09-06T16:00:00.000Z,Syracuse,UConn,20,20
401754623,2025,3,2025-09-13T16:00:00.000Z,Georgia Tech,Clemson,24,21
401754636,2025,4,2025-09-20T16:00:00.000Z,TCU,SMU,35,24
401754637,2025,2,2025-09-06T19:30:00.000Z,Clemson,Troy,27,16
401754638,2025,3,2025-09-13T19:30:00.000Z,West Virginia,Pittsburgh,31,24
401754640,2025,4,2025-09-20T19:30:00.000Z,UCF,North Carolina,34,9
401754642,2025,4,2025-09-20T16:00:00.000Z,Louisville,Bowling Green,40,17
401756846,2025,1,2025-08-23T16:00:00.000Z,Kansas State,Iowa State,21,24
401756847,2025,1,2025-08-23T22:30:00.000Z,Kansas,Fresno State,31,7
401756848,2025,1,2025-08-28T23:00:00.000Z,UCF,Jacksonville State,17,10
401756849,2025,1,2025-08-31T02:30:00.000Z,Arizona,Hawai'i,40,6
401756880,2025,2,2025-09-06T19:30:00.000Z,Cincinnati,Bowling Green,34,20
401756881,2025,2,2025-09-06T19:30:00.000Z,Colorado,Delaware,31,7
401756882,2025,2,2025-09-06T23:00:00.000Z,Kansas State,Army,21,24
401756883,2025,2,2025-09-06T20:00:00.000Z,Ohio,West Virginia,17,10
401756884,2025,2,2025-09-06T23:00:00.000Z,Rice,Houston,9,35
401756885,2025,2,2025-09-06T16:00:00.000Z,Texas Tech,Kent State,62,14
401756888,2025,3,2025-09-13T01:00:00.000Z,Arizona,Kansas State,23,17
401756889,2025,3,2025-09-14T02:30:00.000Z,Arizona State,Texas State,34,15
401756890,2025,3,2025-09-13T20:00:00.000Z,Arkansas State,Iowa State,16,24
401756893,2025,3,2025-09-12T23:30:00.000Z,Houston,Colorado,36,20
401756895,2025,3,2025-09-14T00:00:00.000Z,Wyoming,Utah,6,31
401756896,2025,4,2025-09-20T23:30:00.000Z,Baylor,Arizona State,24,27
401756897,2025,4,2025-09-21T02:15:00.000Z,Colorado,Wyoming,37,20
401756898,2025,4,2025-09-20T23:30:00.000Z,East Carolina,BYU,13,34
401756899,2025,4,2025-09-20T22:00:00.000Z,Kansas,West Virginia,41,10
401756900,2025,4,2025-09-19T23:30:00.000Z,Oklahoma State,Tulsa,12,19
401756901,2025,4,2025-09-20T16:00:00.000Z,Utah,Texas Tech,10,34
401756902,2025,5,2025-09-27T01:00:00.000Z,Arizona State,TCU,27,24
401756903,2025,5,2025-09-28T02:15:00.000Z,Colorado,BYU,21,24
401756904,2025,5,2025-09-27T23:00:00.000Z,Iowa State,Arizona,39,14
401756905,2025,5,2025-09-27T16:00:00.000Z,Kansas,Cincinnati,34,37
401756906,2025,5,2025-09-27T16:00:00.000Z,Kansas State,UCF,37,20
401756907,2025,5,2025-09-27T19:30:00.000Z,Oklahoma State,Baylor,27,45
401756908,2025,5,2025-09-27T19:30:00.000Z,West Virginia,Utah,14,48
401756909,2025,6,2025-10-04T02:30:00.000Z,BYU,West Virginia,38,24
401756910,2025,6,2025-10-04T19:00:00.000Z,Arizona,Oklahoma State,41,13
401756911,2025,6,2025-10-04T16:00:00.000Z,Baylor,Kansas State,35,34
401756912,2025,6,2025-10-04T16:00:00.000Z,Cincinnati,Iowa State,38,30
401756913,2025,6,2025-10-04T23:00:00.000Z,Houston,Texas Tech,11,35
401756914,2025,6,2025-10-04T23:30:00.000Z,TCU,Colorado,35,21
401756915,2025,6,2025-10-04T23:30:00.000Z,UCF,Kansas,20,27
401756916,2025,7,2025-10-12T00:00:00.000Z,Arizona,BYU,27,33
401756917,2025,7,2025-10-11T16:00:00.000Z,Cincinnati,UCF,20,11
401756918,2025,7,2025-10-11T19:30:00.000Z,Colorado,Iowa State,24,17
401756919,2025,7,2025-10-11T19:30:00.000Z,Kansas State,TCU,41,28
401756920,2025,7,2025-10-11T16:00:00.000Z,Oklahoma State,Houston,17,39
401756921,2025,7,2025-10-11T23:30:00.000Z,Texas Tech,Kansas,42,17
401756922,2025,7,2025-10-12T02:15:00.000Z,Utah,Arizona State,42,10
401756923,2025,8,2025-10-18T20:00:00.000Z,Arizona State,Texas Tech,26,22
401756924,2025,8,2025-10-19T00:00:00.000Z,BYU,Utah,24,21
401756925,2025,8,2025-10-18T16:00:00.000Z,Houston,Arizona,31,28
401756926,2025,8,2025-10-19T00:00:00.000Z,Oklahoma State,Cincinnati,17,49
401756927,2025,8,2025-10-18T16:00:00.000Z,TCU,Baylor,42,36
401756928,2025,8,2025-10-18T17:00:00.000Z,UCF,West Virginia,28,7
401756929,2025,9,2025-10-26T00:00:00.000Z,Arizona State,Houston,16,24
401756930,2025,9,2025-10-25T20:00:00.000Z,Cincinnati,Baylor,41,20
401756931,2025,9,2025-10-25T19:30:00.000Z,Iowa State,BYU,27,41
401756932,2025,9,2025-10-25T16:00:00.000Z,Kansas,Kansas State,17,42
401756933,2025,9,2025-10-25T20:00:00.000Z,Texas Tech,Oklahoma State,42,0
401756934,2025,9,2025-10-26T02:15:00.000Z,Utah,Colorado,53,7
401756935,2025,9,2025-10-25T22:00:00.000Z,West Virginia,TCU,17,23
401756936,2025,10,2025-11-01T16:00:00.000Z,Baylor,UCF,30,3
401756937,2025,10,2025-11-01T23:00:00.000Z,Colorado,Arizona,0,7
401756938,2025,10,2025-11-01T16:00:00.000Z,Houston,West Virginia,35,45
401756939,2025,10,2025-11-01T17:00:00.000Z,Iowa State,Arizona State,19,24
401756940,2025,10,2025-11-01T20:00:00.000Z,Kansas,Oklahoma State,38,21
401756941,2025,10,2025-11-01T19:30:00.000Z,Kansas State,Texas Tech,20,43
401756942,2025,10,2025-11-02T02:15:00.000Z,Utah,Cincinnati,45,14
401756943,2025,11,2025-11-08T20:30:00.000Z,Arizona,Kansas,24,20
401756944,2025,11,2025-11-08T20:30:00.000Z,TCU,Iowa State,17,20
401756945,2025,11,2025-11-08T17:00:00.000Z,Texas Tech,BYU,29,7
401756946,2025,11,2025-11-08T01:00:00.000Z,UCF,Houston,27,30
401756947,2025,11,2025-11-08T17:00:00.000Z,West Virginia,Colorado,29,22
401756948,2025,12,2025-11-15T18:00:00.000Z,Arizona State,West Virginia,25,23
401756949,2025,12,2025-11-16T00:00:00.000Z,Baylor,Utah,28,55
401756950,2025,12,2025-11-16T03:15:00.000Z,BYU,TCU,44,13
401756951,2025,12,2025-11-15T17:00:00.000Z,Cincinnati,Arizona,24,30
401756952,2025,12,2025-11-15T17:00:00.000Z,Oklahoma State,Kansas State,6,14
401756953,2025,12,2025-11-15T20:30:00.000Z,Texas Tech,UCF,38,2
401756954,2025,13,2025-11-22T18:00:00.000Z,Arizona,Baylor,41,17
401756955,2025,13,2025-11-23T01:00:00.000Z,Cincinnati,BYU,14,26
401756956,2025,13,2025-11-23T01:00:00.000Z,Colorado,Arizona State,17,42
401756957,2025,13,2025-11-22T21:00:00.000Z,Houston,TCU,14,17
401756958,2025,13,2025-11-22T17:00:00.000Z,Iowa State,Kansas,38,14
401756959,2025,13,2025-11-22T21:00:00.000Z,UCF,Oklahoma State,17,14
401756960,2025,13,2025-11-22T21:00:00.000Z,Utah,Kansas State,51,47
401756961,2025,14,2025-11-29T02:00:00.000Z,Arizona State,Arizona,7,23
401756962,2025,14,2025-11-29T17:00:00.000Z,Baylor,Houston,24,31
401756963,2025,14,2025-11-29T18:00:00.000Z,BYU,UCF,41,21
401756964,2025,14,2025-11-28T17:00:00.000Z,Kansas,Utah,21,31
401756965,2025,14,2025-11-29T17:00:00.000Z,Kansas State,Colorado,24,14
401756966,2025,14,2025-11-29T17:00:00.000Z,Oklahoma State,Iowa State,13,20
401756967,2025,14,2025-11-29T20:30:00.000Z,TCU,Cincinnati,45,23
401756968,2025,14,2025-11-29T17:00:00.000Z,West Virginia,Texas Tech,0,49
401757165,2025,6,2025-10-04T19:30:00.000Z,Notre Dame,Boise State,28,7
401757166,2025,11,2025-11-09T00:30:00.000Z,Notre Dame,Navy,49,10
401757168,2025,3,2025-09-13T19:00:00.000Z,Delaware,UConn,38,41
401757169,2025,4,2025-09-20T19:30:00.000Z,UConn,Ball State,31,25
401757170,2025,5,2025-09-27T19:30:00.000Z,Buffalo,UConn,17,23
401757171,2025,6,2025-10-04T19:30:00.000Z,UConn,Florida International,51,10
401757172,2025,9,2025-10-25T19:00:00.000Z,Rice,UConn,24,24
401757173,2025,10,2025-11-01T16:00:00.000Z,UConn,UAB,38,20
401757174,2025,12,2025-11-15T17:00:00.000Z,UConn,Air Force,26,16
401757175,2025,13,2025-11-22T20:00:00.000Z,Florida Atlantic,UConn,45,48
401757218,2025,1,2025-08-23T23:00:00.000Z,Western Kentucky,Sam Houston,41,24
401757224,2025,1,2025-08-30T01:30:00.000Z,Sam Houston,UNLV,7,24
401757225,2025,1,2025-08-30T23:30:00.000Z,Utah State,UTEP,28,16
401757227,2025,2,2025-09-06T16:00:00.000Z,Jacksonville State,Liberty,34,24
401757228,2025,2,2025-09-06T22:00:00.000Z,Marshall,Missouri State,20,21
401757229,2025,2,2025-09-07T01:00:00.000Z,New Mexico State,Tulsa,21,14
401757230,2025,2,2025-09-07T03:59:00.000Z,Hawai'i,Sam Houston,37,20
401757232,2025,2,2025-09-06T23:00:00.000Z,Toledo,Western Kentucky,45,21
401757233,2025,3,2025-09-13T22:00:00.000Z,Florida International,Florida Atlantic,38,28
401757234,2025,3,2025-09-13T23:00:00.000Z,Georgia Southern,Jacksonville State,41,34
401757256,2025,3,2025-09-13T21:00:00.000Z,Bowling Green,Liberty,23,13
401757257,2025,3,2025-09-13T23:30:00.000Z,Louisiana Tech,New Mexico State,49,14
401757258,2025,3,2025-09-13T21:00:00.000Z,Nevada,Middle Tennessee,13,14
401757259,2025,4,2025-09-20T22:00:00.000Z,Florida International,Delaware,16,38
401757261,2025,4,2025-09-20T22:00:00.000Z,Kennesaw State,Arkansas State,28,21
401757262,2025,4,2025-09-20T19:30:00.000Z,Liberty,James Madison,13,31
401757263,2025,4,2025-09-20T23:30:00.000Z,Louisiana Tech,Southern Miss,30,20
401757264,2025,4,2025-09-20T23:00:00.000Z,Middle Tennessee,Marshall,28,42
401757267,2025,4,2025-09-21T01:00:00.000Z,UTEP,UL Monroe,25,31
401757268,2025,4,2025-09-20T23:00:00.000Z,Western Kentucky,Nevada,31,16
401757269,2025,5,2025-09-27T23:00:00.000Z,Southern Miss,Jacksonville State,42,25
401757270,2025,5,2025-09-27T22:00:00.000Z,Kennesaw State,Middle Tennessee,24,16
401757271,2025,5,2025-09-27T22:00:00.000Z,Old Dominion,Liberty,21,7
401757272,2025,5,2025-09-28T01:00:00.000Z,UTEP,Louisiana Tech,11,30
401757273,2025,5,2025-09-27T23:00:00.000Z,Missouri State,Western Kentucky,22,27
401757274,2025,5,2025-09-27T20:00:00.000Z,New Mexico,New Mexico State,38,20
401757275,2025,6,2025-10-03T01:00:00.000Z,New Mexico State,Sam Houston,37,10
401757276,2025,6,2025-10-03T23:00:00.000Z,Delaware,Western Kentucky,24,27
401757277,2025,7,2025-10-09T00:00:00.000Z,UTEP,Liberty,8,19
401757278,2025,7,2025-10-08T23:30:00.000Z,Middle Tennessee,Missouri State,20,22
401757279,2025,7,2025-10-10T00:00:00.000Z,Sam Houston,Jacksonville State,27,29
401757280,2025,7,2025-10-09T23:00:00.000Z,Kennesaw State,Louisiana Tech,35,7
401757281,2025,8,2025-10-15T00:00:00.000Z,Western Kentucky,Florida International,6,25
401757282,2025,8,2025-10-14T23:00:00.000Z,Liberty,New Mexico State,30,27
401757283,2025,8,2025-10-15T23:00:00.000Z,Jacksonville State,Delaware,38,25
401757284,2025,8,2025-10-15T23:00:00.000Z,Sam Houston,UTEP,17,35
401757285,2025,9,2025-10-21T23:00:00.000Z,Florida International,Kennesaw State,14,24
401757286,2025,9,2025-10-21T23:30:00.000Z,Louisiana Tech,Western Kentucky,7,20
401757287,2025,9,2025-10-22T23:30:00.000Z,Delaware,Middle Tennessee,31,28
401757288,2025,9,2025-10-23T01:00:00.000Z,New Mexico State,Missouri State,17,24
401757289,2025,10,2025-10-29T00:00:00.000Z,Kennesaw State,UTEP,33,20
401757290,2025,10,2025-11-01T00:00:00.000Z,Louisiana Tech,Sam Houston,55,14
401757291,2025,10,2025-10-30T00:00:00.000Z,Missouri State,Florida International,28,21
401757292,2025,10,2025-10-29T23:30:00.000Z,Middle Tennessee,Jacksonville State,21,24
401757293,2025,10,2025-11-01T19:30:00.000Z,Liberty,Delaware,59,30
401757294,2025,10,2025-11-01T19:30:00.000Z,Western Kentucky,New Mexico State,0,3
401757295,2025,11,2025-11-08T20:00:00.000Z,Delaware,Louisiana Tech,25,24
401757296,2025,11,2025-11-08T20:00:00.000Z,Middle Tennessee,Florida International,30,56
401757297,2025,11,2025-11-08T20:00:00.000Z,UTEP,Jacksonville State,27,30
401757298,2025,11,2025-11-08T21:00:00.000Z,New Mexico State,Kennesaw State,21,24
401757299,2025,11,2025-11-08T18:00:00.000Z,Liberty,Missouri State,17,21
401757300,2025,12,2025-11-16T00:00:00.000Z,Sam Houston,Delaware,20,10
401757301,2025,12,2025-11-15T22:00:00.000Z,Florida International,Liberty,54,47
401757302,2025,12,2025-11-16T01:00:00.000Z,Jacksonville State,Kennesaw State,35,26
401757303,2025,12,2025-11-15T20:30:00.000Z,Western Kentucky,Middle Tennessee,42,23
401757304,2025,12,2025-11-15T20:00:00.000Z,Missouri State,UTEP,38,24
401757305,2025,13,2025-11-22T20:30:00.000Z,Florida International,Jacksonville State,7,7
401757306,2025,13,2025-11-22T19:00:00.000Z,Kennesaw State,Missouri State,41,34
401757307,2025,13,2025-11-22T20:00:00.000Z,Louisiana Tech,Liberty,34,28
401757308,2025,13,2025-11-22T20:00:00.000Z,Middle Tennessee,Sam Houston,31,17
401757309,2025,13,2025-11-22T20:00:00.000Z,UTEP,New Mexico State,31,34
401757310,2025,14,2025-11-29T18:00:00.000Z,Delaware,UTEP,31,20
401757311,2025,14,2025-11-29T18:00:00.000Z,Sam Houston,Florida International,16,56
401757312,2025,14,2025-11-29T19:00:00.000Z,Jacksonville State,Western Kentucky,37,34
401757313,2025,14,2025-11-29T20:30:00.000Z,Liberty,Kennesaw State,49,48
401757314,2025,14,2025-11-29T19:00:00.000Z,Missouri State,Louisiana Tech,30,42
401757315,2025,14,2025-11-29T20:00:00.000Z,New Mexico State,Middle Tennessee,24,31
401760358,2025,1,2025-08-30T02:30:00.000Z,San José State,Central Michigan,14,16
401760361,2025,1,2025-08-31T01:30:00.000Z,Fresno State,Georgia Southern,42,14
401760368,2025,3,2025-09-14T01:45:00.000Z,Utah State,Air Force,49,30
401760372,2025,4,2025-09-20T23:00:00.000Z,Air Force,Boise State,37,49
401760373,2025,4,2025-09-21T01:30:00.000Z,Colorado State,UTSA,16,17
401760374,2025,4,2025-09-21T03:59:00.000Z,Hawai'i,Fresno State,21,23
401760376,2025,4,2025-09-20T16:00:00.000Z,Miami (OH),UNLV,38,41
401760378,2025,5,2025-09-27T20:00:00.000Z,Air Force,Hawai'i,35,44
401760379,2025,5,2025-09-27T23:30:00.000Z,Boise State,App State,47,14
401760380,2025,5,2025-09-27T19:30:00.000Z,Northern Illinois,San Diego State,3,3
401760381,2025,6,2025-10-04T16:00:00.000Z,Navy,Air Force,34,31
401760382,2025,6,2025-10-04T02:30:00.000Z,San Diego State,Colorado State,45,24
401760383,2025,6,2025-10-05T02:30:00.000Z,Fresno State,Nevada,20,17
401760384,2025,6,2025-10-04T02:00:00.000Z,San José State,New Mexico,35,28
401760385,2025,6,2025-10-04T23:00:00.000Z,Wyoming,UNLV,17,31
401760386,2025,7,2025-10-11T19:30:00.000Z,UNLV,Air Force,51,48
401760387,2025,7,2025-10-12T01:45:00.000Z,Boise State,New Mexico,41,25
401760388,2025,7,2025-10-11T01:00:00.000Z,Colorado State,Fresno State,49,21
401760389,2025,7,2025-10-12T03:59:00.000Z,Hawai'i,Utah State,44,26
401760390,2025,7,2025-10-12T02:30:00.000Z,Nevada,San Diego State,10,44
401760391,2025,7,2025-10-11T23:00:00.000Z,Wyoming,San José State,35,28
401760392,2025,8,2025-10-18T19:30:00.000Z,Air Force,Wyoming,24,21
401760393,2025,8,2025-10-18T19:30:00.000Z,Boise State,UNLV,56,31
401760394,2025,8,2025-10-18T23:00:00.000Z,Colorado State,Hawai'i,19,31
401760395,2025,8,2025-10-19T01:45:00.000Z,New Mexico,Nevada,24,22
401760396,2025,8,2025-10-18T01:00:00.000Z,Utah State,San José State,30,31
401760397,2025,9,2025-10-25T02:00:00.000Z,Nevada,Boise State,3,24
401760398,2025,9,2025-10-25T23:30:00.000Z,Wyoming,Colorado State,28,0
401760399,2025,9,2025-10-25T19:30:00.000Z,Fresno State,San Diego State,0,23
401760400,2025,9,2025-10-25T19:00:00.000Z,New Mexico,Utah State,33,14
401760401,2025,10,2025-11-01T16:00:00.000Z,Air Force,Army,17,20
401760402,2025,10,2025-11-01T19:30:00.000Z,Boise State,Fresno State,7,30
401760403,2025,10,2025-11-02T02:30:00.000Z,San José State,Hawai'i,45,38
401760404,2025,10,2025-11-01T19:00:00.000Z,UNLV,New Mexico,28,34
401760405,2025,10,2025-11-01T23:00:00.000Z,San Diego State,Wyoming,24,7
401760406,2025,11,2025-11-08T23:00:00.000Z,San José State,Air Force,16,26
401760407,2025,11,2025-11-09T02:30:00.000Z,Colorado State,UNLV,10,42
401760408,2025,11,2025-11-09T04:00:00.000Z,Hawai'i,San Diego State,38,6
401760409,2025,11,2025-11-09T00:30:00.000Z,Utah State,Nevada,51,14
401760410,2025,12,2025-11-16T03:30:00.000Z,San Diego State,Boise State,17,7
401760411,2025,12,2025-11-15T20:00:00.000Z,New Mexico,Colorado State,10,10
401760412,2025,12,2025-11-16T03:30:00.000Z,Fresno State,Wyoming,24,3
401760413,2025,12,2025-11-15T20:30:00.000Z,Nevada,San José State,55,10
401760414,2025,12,2025-11-16T00:00:00.000Z,UNLV,Utah State,29,26
401760415,2025,13,2025-11-23T00:00:00.000Z,Air Force,New Mexico,3,20
401760416,2025,13,2025-11-23T00:00:00.000Z,Boise State,Colorado State,49,21
401760417,2025,13,2025-11-23T03:30:00.000Z,Fresno State,Utah State,17,28
401760418,2025,13,2025-11-22T03:30:00.000Z,UNLV,Hawai'i,38,10
401760419,2025,13,2025-11-22T19:00:00.000Z,Wyoming,Nevada,7,13
401760420,2025,13,2025-11-23T03:30:00.000Z,San Diego State,San José State,25,3
401760421,2025,14,2025-11-28T20:00:00.000Z,Colorado State,Air Force,21,42
401760422,2025,14,2025-11-28T21:00:00.000Z,Utah State,Boise State,24,25
401760423,2025,14,2025-11-30T03:30:00.000Z,San José State,Fresno State,14,41
401760424,2025,14,2025-11-30T04:00:00.000Z,Hawai'i,Wyoming,27,7
401760425,2025,14,2025-11-30T02:00:00.000Z,Nevada,UNLV,17,42
401760426,2025,14,2025-11-28T20:30:00.000Z,New Mexico,San Diego State,23,17
401761589,2025,1,2025-08-29T23:00:00.000Z,Charlotte,App State,11,34
401761592,2025,1,2025-08-31T00:00:00.000Z,Louisiana,Rice,12,14
401761594,2025,1,2025-08-31T00:00:00.000Z,Texas State,Eastern Michigan,52,27
401761598,2025,2,2025-09-06T23:00:00.000Z,Georgia State,Memphis,16,31
401761601,2025,2,2025-09-06T23:00:00.000Z,South Alabama,Tulane,31,33
401761603,2025,2,2025-09-06T19:30:00.000Z,UTSA,Texas State,0,2
401761604,2025,3,2025-09-13T23:30:00.000Z,Coastal Carolina,East Carolina,0,38
401761607,2025,3,2025-09-13T23:00:00.000Z,Southern Miss,App State,38,22
401761608,2025,3,2025-09-13T16:00:00.000Z,Troy,Memphis,7,28
401761610,2025,4,2025-09-20T19:30:00.000Z,Eastern Michigan,Louisiana,34,31
401761611,2025,4,2025-09-20T23:00:00.000Z,South Alabama,Coastal Carolina,20,38
401761613,2025,4,2025-09-20T19:30:00.000Z,Buffalo,Troy,17,21
401761614,2025,5,2025-09-27T17:30:00.000Z,James Madison,Georgia Southern,35,10
401761615,2025,5,2025-09-28T00:00:00.000Z,Louisiana,Marshall,54,51
401761616,2025,5,2025-09-27T19:00:00.000Z,UL Monroe,Arkansas State,28,16
401761617,2025,5,2025-09-27T16:00:00.000Z,North Texas,South Alabama,36,22
401761618,2025,6,2025-10-04T19:30:00.000Z,Georgia State,James Madison,7,14
401761619,2025,6,2025-10-04T22:00:00.000Z,Old Dominion,Coastal Carolina,47,7
401761620,2025,6,2025-10-04T20:00:00.000Z,Arkansas State,Texas State,24,24
401761621,2025,6,2025-10-04T23:00:00.000Z,Troy,South Alabama,24,24
401761622,2025,7,2025-10-10T00:00:00.000Z,Georgia Southern,Southern Miss,35,38
401761623,2025,7,2025-10-11T23:00:00.000Z,Coastal Carolina,UL Monroe,23,8
401761624,2025,7,2025-10-11T19:30:00.000Z,Georgia State,App State,20,41
401761625,2025,7,2025-10-11T16:00:00.000Z,James Madison,Louisiana,24,14
401761626,2025,7,2025-10-11T19:30:00.000Z,Marshall,Old Dominion,48,24
401761627,2025,7,2025-10-12T00:00:00.000Z,Texas State,Troy,41,48
401761628,2025,8,2025-10-14T23:30:00.000Z,South Alabama,Arkansas State,14,15
401761629,2025,8,2025-10-18T19:30:00.000Z,App State,Coastal Carolina,37,45
401761630,2025,8,2025-10-18T23:00:00.000Z,Georgia Southern,Georgia State,41,24
401761631,2025,8,2025-10-18T19:30:00.000Z,James Madison,Old Dominion,63,27
401761632,2025,8,2025-10-18T19:30:00.000Z,Marshall,Texas State,27,27
401761633,2025,8,2025-10-18T19:00:00.000Z,UL Monroe,Troy,14,37
401761634,2025,9,2025-10-23T23:30:00.000Z,Georgia State,South Alabama,31,38
401761635,2025,9,2025-10-25T16:00:00.000Z,Old Dominion,App State,10,7
401761636,2025,9,2025-10-25T23:00:00.000Z,Arkansas State,Georgia Southern,34,24
401761637,2025,9,2025-10-25T19:30:00.000Z,Southern Miss,UL Monroe,49,21
401761638,2025,9,2025-10-25T23:00:00.000Z,Troy,Louisiana,35,23
401761639,2025,10,2025-10-29T00:00:00.000Z,Texas State,James Madison,20,52
401761640,2025,10,2025-10-30T23:30:00.000Z,Coastal Carolina,Marshall,44,27
401761641,2025,10,2025-11-01T19:30:00.000Z,UL Monroe,Old Dominion,6,31
401761642,2025,10,2025-11-01T19:30:00.000Z,South Alabama,Louisiana,22,31
401761643,2025,10,2025-11-02T00:00:00.000Z,Troy,Arkansas State,10,23
401761644,2025,11,2025-11-07T00:30:00.000Z,App State,Georgia Southern,23,25
401761645,2025,11,2025-11-08T21:00:00.000Z,Coastal Carolina,Georgia State,40,27
401761646,2025,11,2025-11-08T17:00:00.000Z,Marshall,James Madison,23,35
401761647,2025,11,2025-11-08T17:00:00.000Z,Arkansas State,Southern Miss,7,17
401761648,2025,11,2025-11-08T22:00:00.000Z,Louisiana,Texas State,42,39
401761649,2025,12,2025-11-14T00:30:00.000Z,Old Dominion,Troy,33,0
401761650,2025,12,2025-11-15T23:00:00.000Z,Georgia Southern,Coastal Carolina,45,40
401761651,2025,12,2025-11-15T19:00:00.000Z,Georgia State,Marshall,18,30
401761652,2025,12,2025-11-15T20:30:00.000Z,James Madison,App State,58,10
401761653,2025,12,2025-11-15T20:30:00.000Z,UL Monroe,South Alabama,14,26
401761654,2025,12,2025-11-15T20:30:00.000Z,Southern Miss,Texas State,14,41
401761655,2025,13,2025-11-21T00:30:00.000Z,Arkansas State,Louisiana,27,24
401761656,2025,13,2025-11-22T19:30:00.000Z,App State,Marshall,26,24
401761657,2025,13,2025-11-22T18:00:00.000Z,Georgia Southern,Old Dominion,10,45
401761658,2025,13,2025-11-22T20:30:00.000Z,South Alabama,Southern Miss,42,35
401761659,2025,13,2025-11-22T22:00:00.000Z,Texas State,UL Monroe,31,14
401761660,2025,13,2025-11-22T21:00:00.000Z,Troy,Georgia State,31,19
401761661,2025,14,2025-11-29T19:30:00.000Z,App State,Arkansas State,29,30
401761662,2025,14,2025-11-29T20:45:00.000Z,Coastal Carolina,James Madison,10,59
401761663,2025,14,2025-11-29T18:30:00.000Z,Marshall,Georgia Southern,19,24
401761664,2025,14,2025-11-29T19:00:00.000Z,Old Dominion,Georgia State,27,10
401761665,2025,14,2025-11-29T20:00:00.000Z,Louisiana,UL Monroe,30,27
401761666,2025,14,2025-11-29T20:30:00.000Z,Southern Miss,Troy,18,28
401761667,2025,14,2025-11-29T20:00:00.000Z,Texas State,South Alabama,49,26
401761668,2025,8,2025-10-18T21:00:00.000Z,Louisiana,Southern Miss,10,22
401762441,2025,14,2025-11-29T20:30:00.000Z,UTSA,Army,24,27
401762442,2025,14,2025-11-28T20:30:00.000Z,North Texas,Temple,52,25
401762443,2025,10,2025-10-30T23:30:00.000Z,UTSA,Tulane,48,26
401762456,2025,1,2025-08-30T19:30:00.000Z,Massachusetts,Temple,10,42
401762458,2025,2,2025-09-06T19:30:00.000Z,Navy,UAB,38,24
401762461,2025,2,2025-09-06T19:30:00.000Z,Western Michigan,North Texas,30,33
401762463,2025,3,2025-09-14T00:30:00.000Z,UAB,Akron,31,28
401762465,2025,3,2025-09-14T00:00:00.000Z,Tulsa,Navy,23,42
401762468,2025,4,2025-09-18T23:30:00.000Z,Charlotte,Rice,17,28
401762469,2025,4,2025-09-20T16:00:00.000Z,Army,North Texas,38,45
401762471,2025,5,2025-09-25T23:30:00.000Z,East Carolina,Army,28,6
401762472,2025,5,2025-09-27T23:00:00.000Z,Florida Atlantic,Memphis,26,55
401762473,2025,5,2025-09-27T19:30:00.000Z,Navy,Rice,21,13
401762474,2025,5,2025-09-27T20:00:00.000Z,Tulsa,Tulane,14,31
401762475,2025,6,2025-10-03T23:00:00.000Z,South Florida,Charlotte,54,26
401762476,2025,6,2025-10-04T16:00:00.000Z,UAB,Army,13,31
401762477,2025,6,2025-10-04T23:00:00.000Z,Rice,Florida Atlantic,21,27
401762478,2025,6,2025-10-05T00:00:00.000Z,Memphis,Tulsa,45,7
401762479,2025,6,2025-10-04T17:00:00.000Z,Temple,UTSA,27,21
401762480,2025,7,2025-10-09T23:30:00.000Z,Tulane,East Carolina,26,19
401762481,2025,7,2025-10-10T23:30:00.000Z,North Texas,South Florida,36,63
401762482,2025,7,2025-10-11T22:00:00.000Z,Florida Atlantic,UAB,53,33
401762483,2025,7,2025-10-11T16:00:00.000Z,Army,Charlotte,24,7
401762484,2025,7,2025-10-11T20:00:00.000Z,Temple,Navy,31,32
401762485,2025,7,2025-10-11T23:30:00.000Z,UTSA,Rice,52,10
401762486,2025,8,2025-10-16T23:30:00.000Z,East Carolina,Tulsa,41,27
401762487,2025,8,2025-10-18T20:00:00.000Z,UAB,Memphis,31,24
401762488,2025,8,2025-10-18T16:00:00.000Z,Tulane,Army,24,17
401762489,2025,8,2025-10-18T19:30:00.000Z,Charlotte,Temple,7,49
401762490,2025,8,2025-10-18T23:30:00.000Z,South Florida,Florida Atlantic,48,13
401762491,2025,8,2025-10-18T19:30:00.000Z,North Texas,UTSA,55,17
401762492,2025,9,2025-10-24T23:00:00.000Z,Charlotte,North Texas,20,54
401762493,2025,9,2025-10-25T19:30:00.000Z,Navy,Florida Atlantic,42,32
401762494,2025,9,2025-10-25T16:00:00.000Z,Memphis,South Florida,14,24
401762495,2025,9,2025-10-25T19:30:00.000Z,Tulsa,Temple,37,38
401762497,2025,10,2025-10-31T23:00:00.000Z,Rice,Memphis,14,38
401762498,2025,10,2025-11-01T18:00:00.000Z,Temple,East Carolina,14,45
401762499,2025,10,2025-11-01T16:00:00.000Z,North Texas,Navy,31,17
401762500,2025,11,2025-11-07T00:30:00.000Z,South Florida,UTSA,55,23
401762501,2025,11,2025-11-08T02:00:00.000Z,Memphis,Tulane,32,38
401762502,2025,11,2025-11-08T19:00:00.000Z,Rice,UAB,24,17
401762503,2025,11,2025-11-08T17:00:00.000Z,Army,Temple,14,13
401762504,2025,11,2025-11-08T20:00:00.000Z,East Carolina,Charlotte,48,22
401762505,2025,11,2025-11-08T20:00:00.000Z,Florida Atlantic,Tulsa,40,21
401762506,2025,12,2025-11-15T19:00:00.000Z,UAB,North Texas,24,53
401762507,2025,12,2025-11-15T17:00:00.000Z,Charlotte,UTSA,7,28
401762508,2025,12,2025-11-15T21:00:00.000Z,East Carolina,Memphis,10,17
401762509,2025,12,2025-11-15T21:00:00.000Z,Tulane,Florida Atlantic,35,24
401762510,2025,12,2025-11-15T17:00:00.000Z,Navy,South Florida,41,38
401762511,2025,13,2025-11-22T20:00:00.000Z,UAB,South Florida,18,48
401762512,2025,13,2025-11-22T17:00:00.000Z,Army,Tulsa,25,26
401762513,2025,13,2025-11-22T20:30:00.000Z,UTSA,East Carolina,58,24
401762514,2025,13,2025-11-23T00:30:00.000Z,Rice,North Texas,24,56
401762515,2025,13,2025-11-22T20:45:00.000Z,Temple,Tulane,13,37
401762516,2025,14,2025-11-28T00:30:00.000Z,Memphis,Navy,17,28
401762517,2025,14,2025-11-29T20:00:00.000Z,Tulsa,UAB,24,31
401762518,2025,14,2025-11-30T00:30:00.000Z,Tulane,Charlotte,27,0
401762519,2025,14,2025-11-29T17:00:00.000Z,Florida Atlantic,East Carolina,3,42
401762520,2025,14,2025-11-30T00:00:00.000Z,South Florida,Rice,52,3
401762521,2025,16,2025-12-13T20:00:00.000Z,Navy,Army,17,16
401762522,2025,1,2025-08-28T21:30:00.000Z,South Florida,Boise State,34,7
401762789,2025,1,2025-08-28T23:00:00.000Z,Akron,Wyoming,0,10
401762791,2025,1,2025-08-29T01:00:00.000Z,Wisconsin,Miami (OH),17,0
401762817,2025,3,2025-09-13T16:00:00.000Z,Kent State,Buffalo,28,31
401762820,2025,4,2025-09-20T19:30:00.000Z,Western Michigan,Toledo,14,13
401762824,2025,5,2025-09-27T19:30:00.000Z,Toledo,Akron,45,3
401762825,2025,5,2025-09-27T16:00:00.000Z,Ohio,Bowling Green,35,20
401762826,2025,5,2025-09-27T17:00:00.000Z,Central Michigan,Eastern Michigan,24,13
401762829,2025,6,2025-10-04T19:30:00.000Z,Akron,Central Michigan,28,22
401762830,2025,6,2025-10-04T16:00:00.000Z,Ball State,Ohio,20,14
401762831,2025,6,2025-10-04T19:30:00.000Z,Buffalo,Eastern Michigan,21,24
401762832,2025,6,2025-10-04T18:30:00.000Z,Massachusetts,Western Michigan,3,21
401762833,2025,7,2025-10-11T16:00:00.000Z,Akron,Miami (OH),7,20
401762834,2025,7,2025-10-11T19:30:00.000Z,Western Michigan,Ball State,42,0
401762835,2025,7,2025-10-11T16:00:00.000Z,Bowling Green,Toledo,28,23
401762836,2025,7,2025-10-11T17:00:00.000Z,Eastern Michigan,Northern Illinois,16,10
401762837,2025,7,2025-10-11T18:30:00.000Z,Kent State,Massachusetts,42,6
401762838,2025,8,2025-10-18T19:30:00.000Z,Ball State,Akron,49,28
401762839,2025,8,2025-10-18T16:00:00.000Z,Bowling Green,Central Michigan,6,27
401762840,2025,8,2025-10-18T18:30:00.000Z,Massachusetts,Buffalo,21,28
401762841,2025,8,2025-10-18T16:00:00.000Z,Miami (OH),Eastern Michigan,44,30
401762842,2025,8,2025-10-18T18:00:00.000Z,Toledo,Kent State,45,10
401762843,2025,8,2025-10-18T19:30:00.000Z,Ohio,Northern Illinois,48,21
401762844,2025,9,2025-10-25T17:00:00.000Z,Buffalo,Akron,16,24
401762845,2025,9,2025-10-25T19:30:00.000Z,Northern Illinois,Ball State,21,7
401762846,2025,9,2025-10-25T16:00:00.000Z,Kent State,Bowling Green,24,21
401762847,2025,9,2025-10-25T19:30:00.000Z,Central Michigan,Massachusetts,38,13
401762848,2025,9,2025-10-25T16:00:00.000Z,Eastern Michigan,Ohio,21,28
401762849,2025,10,2025-11-01T16:00:00.000Z,Bowling Green,Buffalo,3,28
401762850,2025,10,2025-11-01T20:00:00.000Z,Western Michigan,Central Michigan,24,21
401762851,2025,11,2025-11-05T00:00:00.000Z,Akron,Massachusetts,44,10
401762852,2025,11,2025-11-05T00:00:00.000Z,Ohio,Miami (OH),24,20
401762853,2025,11,2025-11-06T00:00:00.000Z,Ball State,Kent State,17,13
401762854,2025,11,2025-11-06T00:00:00.000Z,Toledo,Northern Illinois,42,3
401762855,2025,11,2025-11-08T18:00:00.000Z,Eastern Michigan,Bowling Green,27,21
401762856,2025,12,2025-11-12T00:30:00.000Z,Akron,Kent State,35,42
401762857,2025,12,2025-11-12T01:00:00.000Z,Western Michigan,Ohio,17,13
401762858,2025,12,2025-11-13T00:00:00.000Z,Central Michigan,Buffalo,38,19
401762859,2025,12,2025-11-13T00:00:00.000Z,Massachusetts,Northern Illinois,3,45
401762860,2025,12,2025-11-13T00:00:00.000Z,Miami (OH),Toledo,3,24
401762861,2025,12,2025-11-15T17:00:00.000Z,Ball State,Eastern Michigan,9,24
401762862,2025,13,2025-11-19T00:00:00.000Z,Bowling Green,Akron,16,19
401762863,2025,13,2025-11-19T00:00:00.000Z,Ohio,Massachusetts,42,14
401762864,2025,13,2025-11-19T00:00:00.000Z,Northern Illinois,Western Michigan,19,35
401762865,2025,13,2025-11-20T00:00:00.000Z,Buffalo,Miami (OH),20,37
401762866,2025,13,2025-11-20T00:00:00.000Z,Kent State,Central Michigan,16,28
401762867,2025,13,2025-11-22T19:00:00.000Z,Toledo,Ball State,38,9
401762868,2025,14,2025-11-25T21:30:00.000Z,Massachusetts,Bowling Green,14,45
401762869,2025,14,2025-11-26T00:30:00.000Z,Eastern Michigan,Western Michigan,21,31
401762870,2025,14,2025-11-28T17:00:00.000Z,Buffalo,Ohio,26,31
401762871,2025,14,2025-11-28T17:00:00.000Z,Northern Illinois,Kent State,31,35
401762872,2025,14,2025-11-29T17:00:00.000Z,Central Michigan,Toledo,3,21
401762873,2025,6,2025-10-04T19:30:00.000Z,Northern Illinois,Miami (OH),14,25
401762874,2025,9,2025-10-25T19:30:00.000Z,Miami (OH),Western Michigan,26,17
401762875,2025,14,2025-11-29T17:00:00.000Z,Miami (OH),Ball State,45,24
401769070,2025,1,2026-01-01T00:30:00.000Z,Ohio State,Miami,14,24
401769071,2025,1,2026-01-01T17:00:00.000Z,Texas Tech,Oregon,0,23
401769072,2025,1,2026-01-01T21:00:00.000Z,Indiana,Alabama,38,3
401769073,2025,1,2026-01-02T01:00:00.000Z,Georgia,Ole Miss,34,39
401769074,2025,1,2026-01-10T00:30:00.000Z,Indiana,Oregon,7,0
401769075,2025,1,2026-01-09T00:30:00.000Z,Ole Miss,Miami,27,31
401769076,2025,1,2026-01-20T00:30:00.000Z,Indiana,Miami,27,21
401777324,2025,15,2025-12-06T01:00:00.000Z,Tulane,North Texas,34,21
401777325,2025,15,2025-12-06T00:00:00.000Z,Jacksonville State,Kennesaw State,15,19
401777326,2025,15,2025-12-06T01:00:00.000Z,Boise State,UNLV,38,21
401777327,2025,15,2025-12-06T17:00:00.000Z,Texas Tech,BYU,34,7
401777328,2025,15,2025-12-07T01:00:00.000Z,Virginia,Duke,27,27
401777329,2025,15,2025-12-06T17:00:00.000Z,Western Michigan,Miami (OH),23,13
401777351,2025,15,2025-12-06T21:00:00.000Z,Alabama,Georgia,7,28
401777352,2025,15,2025-12-06T00:00:00.000Z,James Madison,Troy,31,14
401777353,2025,15,2025-12-07T01:00:00.000Z,Ohio State,Indiana,10,13
401778302,2025,1,2025-12-14T01:00:00.000Z,Washington,Boise State,38,17
401778303,2025,1,2025-12-17T02:00:00.000Z,Jacksonville State,Troy,17,13
401778304,2025,1,2025-12-17T22:00:00.000Z,South Florida,Old Dominion,10,24
401778305,2025,1,2025-12-18T01:30:00.000Z,Delaware,Louisiana,20,13
401778306,2025,1,2025-12-19T16:00:00.000Z,Western Michigan,Kennesaw State,41,6
401778307,2025,1,2025-12-19T19:30:00.000Z,NC State,Memphis,31,7
401778308,2025,1,2025-12-22T19:00:00.000Z,Utah State,Washington State,21,34
401778309,2025,1,2025-12-23T19:00:00.000Z,Louisville,Toledo,27,22
401778310,2025,1,2025-12-23T22:30:00.000Z,Southern Miss,Western Kentucky,7,3
401778311,2025,1,2025-12-24T02:00:00.000Z,Ohio,UNLV,17,10
401778312,2025,1,2025-12-25T01:00:00.000Z,Hawai'i,California,35,31
401778313,2025,1,2025-12-26T18:00:00.000Z,Northwestern,Central Michigan,34,7
401778315,2025,1,2025-12-27T01:00:00.000Z,UTSA,Florida International,57,20
401778316,2025,1,2025-12-27T16:00:00.000Z,East Carolina,Pittsburgh,23,17
401778317,2025,1,2025-12-27T17:00:00.000Z,Clemson,Penn State,10,22
401778318,2025,1,2025-12-27T19:15:00.000Z,Army,UConn,41,16
401778319,2025,1,2025-12-27T20:30:00.000Z,BYU,Georgia Tech,10,21
401778320,2025,1,2025-12-27T21:30:00.000Z,Fresno State,Miami (OH),18,3
401778321,2025,1,2025-12-27T22:45:00.000Z,San Diego State,North Texas,47,49
401778322,2025,1,2025-12-28T00:30:00.000Z,Missouri,Virginia,7,10
401778323,2025,1,2025-12-28T02:15:00.000Z,Houston,LSU,38,35
401778324,2025,1,2025-12-29T19:00:00.000Z,App State,Georgia Southern,10,29
401778325,2025,1,2025-12-30T19:00:00.000Z,Louisiana Tech,Coastal Carolina,23,14
401778326,2025,1,2025-12-30T22:30:00.000Z,Illinois,Tennessee,30,28
401778327,2025,1,2025-12-31T02:00:00.000Z,TCU,USC,30,27
401778328,2025,1,2025-12-31T17:00:00.000Z,Vanderbilt,Iowa,27,34
401778329,2025,1,2025-12-31T19:00:00.000Z,Duke,Arizona State,42,39
401778330,2025,1,2025-12-31T20:00:00.000Z,Texas,Michigan,41,27
401778331,2025,1,2025-12-31T20:30:00.000Z,Utah,Nebraska,44,22
401778332,2025,1,2026-01-02T18:00:00.000Z,Texas State,Rice,27,7
401778333,2025,1,2026-01-02T21:30:00.000Z,Cincinnati,Navy,13,35
401778334,2025,1,2026-01-03T01:00:00.000Z,Mississippi State,Wake Forest,29,43
401779840,2025,1,2025-12-20T01:00:00.000Z,Oklahoma,Alabama,24,34
401779841,2025,1,2025-12-20T17:00:00.000Z,Texas A&M,Miami,3,10
401779842,2025,1,2025-12-20T20:30:00.000Z,Ole Miss,Tulane,41,10
401779843,2025,1,2025-12-21T00:30:00.000Z,Oregon,James Madison,51,34
401831583,2025,1,2026-01-03T01:00:00.000Z,SMU,Arizona,24,19
401838053,2025,1,2025-12-19T02:00:00.000Z,Arkansas State,Missouri State,34,28
