season,week,home_team,away_team,spread_line,total_line,home_score,away_score
2021,1,Arizona State,Southern Utah,44.5,56.5,41,14
2021,1,New Mexico,Houston Christian,25.5,66.0,27,17
2021,1,UNLV,Eastern Washington,-2.0,66.0,33,35
2021,1,Iowa State,Northern Iowa,28.5,50.0,16,10
2021,1,USC,San José State,14.0,61.0,30,7
2021,1,Texas,Louisiana,8.5,58.0,38,18
2021,1,Navy,Marshall,-3.0,46.5,7,49
2021,1,Clemson,Georgia,2.5,51.5,3,10
2021,1,SMU,Abilene Christian,32.0,66.0,56,9
2021,1,Toledo,Norfolk State,39.5,56.0,49,10
2021,1,Florida,Florida Atlantic,23.5,52.0,35,14
2021,1,Kentucky,UL Monroe,31.0,54.0,45,10
2021,1,Boston College,Colgate,42.5,56.5,51,0
2021,1,Michigan,Western Michigan,16.5,65.5,47,14
2021,1,Air Force,Lafayette,40.5,49.5,35,14
2021,1,Wyoming,Montana State,19.0,45.0,19,16
2021,1,Ohio,Syracuse,2.0,55.5,9,29
2021,1,Purdue,Oregon State,7.0,68.0,30,21
2021,1,Houston,Texas Tech,2.5,63.0,21,38
2021,1,Texas State,Baylor,-13.5,52.5,20,29
2021,1,Memphis,Nicholls,22.5,68.0,42,17
2021,1,Arkansas State,Central Arkansas,13.5,64.0,40,21
2021,1,Troy,Southern,25.0,55.0,55,3
2021,1,North Texas,Northwestern State,20.0,66.0,44,14
2021,1,Illinois,UTSA,4.5,52.0,30,37
2021,1,California,Nevada,3.0,52.5,17,22
2021,1,Florida State,Notre Dame,-7.5,54.0,38,41
2021,1,Ole Miss,Louisville,9.0,74.5,43,24
2021,1,San Diego State,New Mexico State,31.0,50.5,28,10
2021,1,Washington State,Utah State,17.0,66.5,23,26
2021,1,Minnesota,Ohio State,-14.0,62.0,31,45
2021,1,Coastal Carolina,The Citadel,33.5,54.5,52,14
2021,1,Ball State,Western Illinois,31.0,58.5,31,21
2021,1,NC State,South Florida,19.0,58.0,45,0
2021,1,App State,East Carolina,9.0,55.5,33,19
2021,1,Tulsa,UC Davis,22.0,54.5,17,19
2021,1,Tennessee,Bowling Green,37.0,60.5,38,6
2021,1,Western Kentucky,UT Martin,24.0,58.5,59,21
2021,1,Rutgers,Temple,14.0,52.0,61,14
2021,1,Buffalo,Wagner,43.5,54.5,69,7
2021,1,UCF,Boise State,6.5,67.0,36,31
2021,1,Florida International,Long Island University,35.0,49.0,48,10
2021,1,Miami,Alabama,-19.5,61.5,13,44
2021,1,Oklahoma,Tulane,31.0,66.5,40,35
2021,1,Cincinnati,Miami (OH),22.5,49.0,49,14
2021,1,Wisconsin,Penn State,5.5,49.0,10,16
2021,1,Iowa,Indiana,3.5,45.5,34,6
2021,1,UConn,Holy Cross,3.0,49.5,28,38
2021,1,Kansas State,Stanford,3.0,54.0,24,7
2021,1,Georgia State,Army,2.5,50.0,10,43
2021,1,Nebraska,Fordham,42.0,55.0,52,7
2021,1,Arkansas,Rice,19.5,50.0,38,17
2021,1,Oregon,Fresno State,19.5,63.0,31,24
2021,1,Maryland,West Virginia,-2.5,57.0,30,24
2021,1,Mississippi State,Louisiana Tech,20.5,53.0,35,34
2021,1,Missouri,Central Michigan,14.0,59.0,34,24
2021,1,Pittsburgh,Massachusetts,37.5,56.0,51,7
2021,1,Liberty,Campbell,35.0,65.0,48,7
2021,1,Georgia Southern,Gardner-Webb,27.5,48.0,30,25
2021,1,Auburn,Akron,37.0,56.0,60,10
2021,1,South Carolina,Eastern Illinois,31.5,55.5,46,0
2021,1,Middle Tennessee,Monmouth,8.5,58.5,50,15
2021,1,Illinois,Nebraska,-6.5,52.5,30,22
2021,1,Charlotte,Duke,-6.5,60.5,31,28
2021,1,UCLA,LSU,-2.0,63.5,38,27
2021,1,UCLA,Hawai'i,17.5,67.0,44,10
2021,1,New Mexico State,UTEP,-9.5,59.5,3,30
2021,1,Georgia Tech,Northern Illinois,19.0,57.0,21,22
2021,1,Arizona,BYU,-13.5,54.0,16,24
2021,1,Virginia Tech,North Carolina,-5.5,63.5,17,10
2021,1,Northwestern,Michigan State,3.0,45.5,21,38
2021,1,Wake Forest,Old Dominion,32.5,61.5,42,10
2021,1,Utah,Weber State,29.5,48.5,40,17
2021,1,Colorado,Northern Colorado,37.5,56.5,35,7
2021,1,Jacksonville State,UAB,-16.5,52.0,0,31
2021,1,Colorado State,South Dakota State,2.5,50.5,23,42
2021,1,Fresno State,UConn,27.5,63.5,45,0
2021,1,Kansas,South Dakota,11.5,55.5,17,14
2021,1,Texas A&M,Kent State,29.5,66.0,41,10
2021,1,San José State,Southern Utah,28.0,57.5,45,14
2021,1,South Alabama,Southern Miss,2.0,56.5,31,7
2021,1,Oklahoma State,Missouri State,38.0,55.0,23,16
2021,1,TCU,Duquesne,42.0,54.5,45,3
2021,1,Vanderbilt,East Tennessee State,21.0,45.0,3,23
2021,1,Washington,Montana,22.5,54.0,7,13
2021,1,Virginia,William & Mary,30.5,52.5,43,0
2021,1,Hawai'i,Portland State,26.0,57.5,49,35
2021,1,Eastern Michigan,Saint Francis,34.0,54.5,35,15
2021,1,UTEP,Bethune-Cookman,20.5,52.5,38,28
2021,2,Utah State,North Dakota,6.5,53.5,48,24
2021,2,USC,Stanford,17.5,53.5,28,42
2021,2,BYU,Utah,-7.0,50.5,26,17
2021,2,Arizona State,UNLV,34.5,56.0,37,10
2021,2,Washington State,Portland State,31.0,65.5,44,24
2021,2,New Mexico,New Mexico State,19.5,55.5,34,25
2021,2,Arizona,San Diego State,1.5,46.5,14,38
2021,2,Fresno State,Cal Poly,32.5,59.5,63,10
2021,2,Virginia Tech,Middle Tennessee,20.0,54.5,35,14
2021,2,Army,Western Kentucky,6.0,52.0,38,35
2021,2,Florida Atlantic,Georgia Southern,7.0,48.5,38,6
2021,2,UTSA,Lamar,38.0,65.0,54,0
2021,2,Marshall,North Carolina Central,42.5,53.5,44,10
2021,2,Rice,Houston,-7.5,50.5,7,44
2021,2,Louisiana Tech,SE Louisiana,11.5,70.5,45,42
2021,2,SMU,North Texas,22.5,73.5,35,12
2021,2,Old Dominion,Hampton,21.5,55.0,47,7
2021,2,Southern Miss,Grambling,23.0,47.5,37,0
2021,2,Northern Illinois,Wyoming,-7.0,44.5,43,50
2021,2,Ohio,Duquesne,28.5,49.0,26,28
2021,2,Central Michigan,Robert Morris,37.5,53.5,45,0
2021,2,Navy,Air Force,-6.0,39.5,3,23
2021,2,Bowling Green,South Alabama,-14.5,48.0,19,22
2021,2,Western Michigan,Illinois State,12.5,56.5,28,0
2021,2,Kent State,VMI,20.0,72.5,60,10
2021,2,Louisiana,Nicholls,26.0,65.0,27,24
2021,2,Coastal Carolina,Kansas,27.0,52.0,49,22
2021,2,Duke,North Carolina A&T,22.5,55.5,45,17
2021,2,Georgia,UAB,22.5,44.0,56,7
2021,2,Miami,App State,7.5,54.5,25,23
2021,2,Tennessee,Pittsburgh,-3.5,56.0,34,41
2021,2,Charlotte,Gardner-Webb,23.0,58.0,38,10
2021,2,Mississippi State,NC State,-1.5,55.5,24,10
2021,2,Kentucky,Missouri,5.5,56.5,35,28
2021,2,LSU,McNeese,39.0,66.0,34,7
2021,2,Florida State,Jacksonville State,27.5,56.5,17,20
2021,2,Colorado State,Vanderbilt,6.5,52.0,21,24
2021,2,Ohio State,Oregon,15.0,65.0,28,35
2021,2,Oklahoma,Western Carolina,52.5,66.0,76,0
2021,2,Cincinnati,Murray State,36.5,51.5,42,7
2021,2,Notre Dame,Toledo,16.5,55.5,32,29
2021,2,Iowa State,Iowa,4.0,45.0,17,27
2021,2,Penn State,Ball State,22.5,58.0,44,13
2021,2,Wisconsin,Eastern Michigan,26.0,52.0,34,7
2021,2,Virginia,Illinois,10.5,56.5,42,14
2021,2,Wake Forest,Norfolk State,43.0,58.0,41,16
2021,2,Michigan State,Youngstown State,28.5,52.0,42,14
2021,2,Minnesota,Miami (OH),19.0,55.0,31,26
2021,2,Northwestern,Indiana State,28.5,46.0,24,6
2021,2,Oklahoma State,Tulsa,12.0,51.0,28,23
2021,2,Tulane,Morgan State,47.5,58.0,69,20
2021,2,UConn,Purdue,-35.0,57.5,0,49
2021,2,Massachusetts,Boston College,-39.0,57.0,28,45
2021,2,Nebraska,Buffalo,13.5,54.5,28,3
2021,2,TCU,California,11.5,46.5,34,32
2021,2,Akron,Temple,-6.5,51.5,24,45
2021,2,West Virginia,Long Island University,49.0,56.0,66,0
2021,2,UCF,Bethune-Cookman,46.0,67.0,63,14
2021,2,Troy,Liberty,-3.0,62.5,13,21
2021,2,Baylor,Texas Southern,44.5,53.0,66,7
2021,2,Kansas State,Southern Illinois,17.0,55.0,31,23
2021,2,Ole Miss,Austin Peay,37.0,69.5,54,17
2021,2,North Carolina,Georgia State,26.0,65.5,59,17
2021,2,Syracuse,Rutgers,-2.5,51.0,7,17
2021,2,Colorado,Texas A&M,-17.0,50.0,7,10
2021,2,Louisville,Eastern Kentucky,30.0,62.5,30,3
2021,2,Florida International,Texas State,2.0,55.5,17,23
2021,2,East Carolina,South Carolina,-2.5,56.5,17,20
2021,2,Arkansas,Texas,-6.0,57.5,40,21
2021,2,Auburn,Alabama State,49.5,60.0,62,0
2021,2,Boise State,UTEP,25.0,56.5,54,13
2021,2,South Florida,Florida,-28.5,57.5,20,42
2021,2,Georgia Tech,Kennesaw State,20.0,53.0,45,17
2021,2,Maryland,Howard,48.5,56.0,62,0
2021,2,Texas Tech,Stephen F. Austin,31.5,51.5,28,22
2021,2,Michigan,Washington,6.5,47.5,31,10
2021,2,Oregon State,Hawai'i,11.0,65.0,45,27
2021,2,Arkansas State,Memphis,-5.5,64.5,50,55
2021,2,Nevada,Idaho State,35.0,56.5,49,10
2021,2,Clemson,South Carolina State,50.5,56.0,49,3
2021,2,Indiana,Idaho,31.5,52.5,56,14
2021,2,Alabama,Mercer,54.0,60.5,48,14
2021,3,Louisville,UCF,-7.0,67.5,42,35
2021,3,Florida,Alabama,-14.0,60.0,29,31
2021,3,Georgia,South Carolina,31.5,47.5,40,13
2021,3,Penn State,Auburn,4.0,52.5,28,20
2021,3,Arkansas,Georgia Southern,23.0,52.5,45,10
2021,3,Washington State,USC,-7.0,61.0,14,45
2021,3,Toledo,Colorado State,14.5,59.0,6,22
2021,3,Washington,Arkansas State,17.5,58.5,52,3
2021,3,Texas State,Incarnate Word,10.5,70.0,34,42
2021,3,UL Monroe,Jackson State,4.5,52.0,12,7
2021,3,South Alabama,Alcorn State,21.5,44.5,28,21
2021,3,Arizona,Northern Arizona,26.5,53.5,19,21
2021,3,Oregon,Stony Brook,42.0,54.5,48,7
2021,3,App State,Elon,35.5,52.5,44,10
2021,3,California,Sacramento State,24.5,49.0,42,30
2021,3,Louisiana,Ohio,19.0,56.5,49,14
2021,3,BYU,Arizona State,-3.0,50.5,27,17
2021,3,Tennessee,Tennessee Tech,38.0,53.0,56,0
2021,3,Texas A&M,New Mexico,30.0,49.5,34,0
2021,3,UTSA,Middle Tennessee,11.5,59.5,27,13
2021,3,North Texas,UAB,-12.5,58.0,6,40
2021,3,Vanderbilt,Stanford,-12.5,49.0,23,41
2021,3,Wyoming,Ball State,6.5,53.0,45,12
2021,3,San Diego State,Utah,-8.0,43.0,33,31
2021,3,Air Force,Utah State,9.0,54.5,45,49
2021,3,Akron,Bryant,14.0,49.5,35,14
2021,3,Bowling Green,Murray State,-2.5,44.0,27,10
2021,3,New Mexico State,South Carolina State,3.5,54.5,43,35
2021,3,Hawai'i,San José State,-8.0,63.0,13,17
2021,3,UNLV,Iowa State,-32.0,52.5,3,48
2021,3,Kansas State,Nevada,-1.5,51.5,38,17
2021,3,Massachusetts,Eastern Michigan,-22.0,56.5,28,42
2021,3,Kansas,Baylor,-17.0,48.5,7,45
2021,3,Boise State,Oklahoma State,3.5,58.0,20,21
2021,3,Miami (OH),Long Island University,39.0,55.5,42,7
2021,3,Houston,Grambling,41.0,51.5,45,0
2021,3,South Florida,Florida A&M,22.5,50.0,38,17
2021,3,Syracuse,UAlbany,21.5,41.0,62,24
2021,3,Rutgers,Delaware,20.0,45.0,45,13
2021,3,NC State,Furman,27.5,45.0,45,7
2021,3,Illinois,Maryland,-7.0,61.5,17,20
2021,3,Oklahoma,Nebraska,22.5,62.5,23,16
2021,3,Iowa,Kent State,22.5,55.5,30,7
2021,3,Clemson,Georgia Tech,27.5,52.5,14,8
2021,3,Indiana,Cincinnati,-4.0,49.5,24,38
2021,3,Ohio State,Tulsa,24.5,60.5,41,20
2021,3,Notre Dame,Purdue,7.5,58.5,27,13
2021,3,West Virginia,Virginia Tech,2.0,49.5,27,21
2021,3,North Carolina,Virginia,7.5,66.5,59,39
2021,3,Miami,Michigan State,7.0,57.5,17,38
2021,3,Michigan,Northern Illinois,27.5,55.0,63,10
2021,3,Pittsburgh,Western Michigan,14.5,58.5,41,44
2021,3,Temple,Boston College,-15.0,55.5,3,28
2021,3,Colorado,Minnesota,2.5,49.0,0,30
2021,3,Louisiana Tech,SMU,-11.0,65.5,37,39
2021,3,Wake Forest,Florida State,4.5,62.5,35,14
2021,3,Duke,Northwestern,-2.5,50.0,30,23
2021,3,Marshall,East Carolina,10.0,58.5,38,42
2021,3,Liberty,Old Dominion,27.5,52.5,45,17
2021,3,Southern Miss,Troy,-11.0,49.5,9,21
2021,3,Texas,Rice,26.0,51.5,58,0
2021,3,Army,UConn,34.5,48.0,52,21
2021,3,UCLA,Fresno State,11.0,65.0,37,40
2021,3,Buffalo,Coastal Carolina,-14.0,58.0,25,28
2021,3,Memphis,Mississippi State,-3.5,63.5,31,29
2021,3,Ole Miss,Tulane,14.0,77.0,61,21
2021,3,Georgia State,Charlotte,4.5,63.0,20,9
2021,3,LSU,Central Michigan,19.5,60.5,49,21
2021,3,Kentucky,Chattanooga,33.5,47.5,28,23
2021,3,Oregon State,Idaho,28.0,63.5,42,0
2021,3,Texas Tech,Florida International,20.5,54.0,54,21
2021,3,Florida Atlantic,Fordham,31.0,51.5,45,14
2021,3,Missouri,Southeast Missouri State,34.5,59.0,59,28
2021,4,Charlotte,Middle Tennessee,2.5,55.5,42,39
2021,4,Vanderbilt,Georgia,-36.0,54.0,0,62
2021,4,Central Michigan,Florida International,12.0,55.5,31,27
2021,4,Louisiana Tech,North Texas,10.5,65.0,24,17
2021,4,Air Force,Florida Atlantic,3.5,54.0,31,7
2021,4,Old Dominion,Buffalo,-13.0,50.5,34,35
2021,4,App State,Marshall,7.0,59.5,31,30
2021,4,Virginia,Wake Forest,3.5,71.0,17,37
2021,4,Alabama,Southern Miss,45.0,58.5,63,14
2021,4,Oklahoma,West Virginia,17.5,56.5,16,13
2021,4,Arkansas,Texas A&M,-4.5,47.0,20,10
2021,4,Florida,Tennessee,19.0,65.0,38,14
2021,4,Baylor,Iowa State,-7.0,46.0,31,29
2021,4,Auburn,Georgia State,27.5,57.0,34,24
2021,4,Mississippi State,LSU,-1.5,55.0,25,28
2021,4,Boston College,Missouri,1.0,58.0,41,34
2021,4,South Carolina,Kentucky,-4.5,49.0,10,16
2021,4,Syracuse,Liberty,-6.5,54.0,24,21
2021,4,Fresno State,UNLV,30.0,59.0,38,30
2021,4,San Diego State,Towson,23.0,41.0,48,21
2021,4,New Mexico State,Hawai'i,-17.0,63.0,21,41
2021,4,Army,Miami (OH),7.5,48.5,23,10
2021,4,Western Michigan,San José State,2.5,62.0,23,3
2021,4,Ball State,Toledo,-4.5,56.5,12,22
2021,4,Eastern Michigan,Texas State,7.5,62.5,59,21
2021,4,Northern Illinois,Maine,21.5,62.0,41,14
2021,4,Tulsa,Arkansas State,14.5,65.0,41,34
2021,4,Georgia Southern,Louisiana,-14.5,54.5,20,28
2021,4,Temple,Wagner,36.5,54.5,41,7
2021,4,Oregon,Arizona,29.5,59.0,41,19
2021,4,Stanford,UCLA,-4.0,60.0,24,35
2021,4,Utah State,Boise State,-9.5,69.5,3,27
2021,4,Utah,Washington State,15.0,53.0,24,13
2021,4,UL Monroe,Troy,-23.5,49.5,29,16
2021,4,Washington,California,7.5,47.5,31,24
2021,4,USC,Oregon State,11.0,63.0,27,45
2021,4,Arizona State,Colorado,14.0,45.5,35,13
2021,4,Penn State,Villanova,29.5,53.0,38,17
2021,4,Purdue,Illinois,10.5,53.5,13,9
2021,4,NC State,Clemson,-10.5,47.5,27,21
2021,4,Ohio State,Akron,48.5,66.5,59,7
2021,4,Georgia Tech,North Carolina,-14.5,65.5,45,22
2021,4,Minnesota,Bowling Green,30.5,51.0,10,14
2021,4,Michigan State,Nebraska,3.5,55.0,23,20
2021,4,Maryland,Kent State,13.0,71.5,37,16
2021,4,Western Kentucky,Indiana,-9.5,62.5,31,33
2021,4,Memphis,UTSA,3.0,66.5,28,31
2021,4,Coastal Carolina,Massachusetts,36.0,66.0,53,3
2021,4,Wisconsin,Notre Dame,6.0,44.0,13,41
2021,4,Michigan,Rutgers,20.5,50.0,20,13
2021,4,TCU,SMU,9.5,65.5,34,42
2021,4,Duke,Kansas,16.5,57.5,52,33
2021,4,Northwestern,Ohio,13.5,47.5,35,6
2021,4,Miami,Central Connecticut,46.0,55.5,69,0
2021,4,Rice,Texas Southern,37.0,53.5,48,34
2021,4,Iowa,Colorado State,23.5,43.5,24,14
2021,4,Florida State,Louisville,1.5,61.0,23,31
2021,4,Texas,Texas Tech,9.0,62.5,70,35
2021,4,UTEP,New Mexico,-2.5,54.0,20,13
2021,4,Houston,Navy,20.0,47.0,28,20
2021,4,UConn,Wyoming,-31.5,53.5,22,24
2021,4,Virginia Tech,Richmond,29.0,50.0,21,10
2021,4,Tulane,UAB,2.5,54.5,21,28
2021,4,Pittsburgh,New Hampshire,29.0,53.0,77,7
2021,4,Oklahoma State,Kansas State,6.0,47.5,31,20
2021,4,BYU,South Florida,23.5,54.5,35,27
2021,4,East Carolina,Charleston Southern,24.5,59.0,31,28
2021,5,UAB,Liberty,3.0,49.5,12,36
2021,5,Coastal Carolina,UL Monroe,33.5,57.5,59,6
2021,5,Georgia State,App State,-10.0,54.5,16,45
2021,5,Georgia Southern,Arkansas State,2.0,66.0,59,33
2021,5,Boise State,Nevada,3.5,59.0,31,41
2021,5,Hawai'i,Fresno State,-10.5,64.5,27,24
2021,5,Miami (OH),Central Michigan,-1.5,56.0,28,17
2021,5,Rutgers,Ohio State,-15.0,58.0,13,52
2021,5,Stanford,Oregon,-8.5,57.5,31,24
2021,5,Kansas State,Oklahoma,-12.5,53.0,31,37
2021,5,Oklahoma State,Baylor,4.0,47.0,24,14
2021,5,UCLA,Arizona State,3.0,56.0,23,42
2021,5,Massachusetts,Toledo,-27.0,56.5,7,45
2021,5,TCU,Texas,-4.0,65.5,27,32
2021,5,Temple,Memphis,-11.0,59.0,34,31
2021,5,Akron,Ohio,-9.5,55.0,17,34
2021,5,Buffalo,Western Michigan,-7.0,59.5,17,24
2021,5,Colorado,USC,-9.0,51.0,14,37
2021,5,Northern Illinois,Eastern Michigan,1.5,62.0,27,20
2021,5,West Virginia,Texas Tech,7.5,55.5,20,23
2021,5,Navy,UCF,-15.0,52.5,34,30
2021,5,East Carolina,Tulane,-3.0,64.5,52,29
2021,5,Kent State,Bowling Green,16.5,56.0,27,20
2021,5,SMU,South Florida,21.0,68.5,41,17
2021,5,Ball State,Army,-10.0,47.5,28,16
2021,5,California,Washington State,7.5,52.5,6,21
2021,5,New Mexico,Air Force,-11.5,45.5,10,38
2021,5,Iowa State,Kansas,34.5,57.0,59,7
2021,5,Nebraska,Northwestern,11.5,51.5,56,7
2021,5,South Alabama,Louisiana,-12.0,52.5,18,20
2021,5,Oregon State,Washington,2.5,57.5,27,24
2021,5,San José State,New Mexico State,25.5,51.5,37,31
2021,5,Miami,Virginia,3.5,63.5,28,30
2021,5,Utah State,BYU,-8.0,65.5,20,34
2021,5,Tulsa,Houston,3.5,54.0,10,45
2021,5,Alabama,Ole Miss,15.0,79.5,42,21
2021,5,Georgia,Arkansas,16.5,48.5,37,0
2021,5,Kentucky,Florida,-7.5,56.5,20,13
2021,5,Texas A&M,Mississippi State,7.0,45.5,22,26
2021,5,LSU,Auburn,3.0,56.0,19,24
2021,5,Missouri,Tennessee,2.5,66.0,24,62
2021,5,South Carolina,Troy,6.5,43.5,23,14
2021,5,Vanderbilt,UConn,14.5,51.0,30,28
2021,5,Maryland,Iowa,-3.0,47.5,14,51
2021,5,Penn State,Indiana,12.5,54.0,24,0
2021,5,Notre Dame,Cincinnati,-2.0,50.0,13,24
2021,5,Wisconsin,Michigan,2.5,43.5,17,38
2021,5,Wake Forest,Louisville,7.0,64.5,37,34
2021,5,Purdue,Minnesota,2.5,46.0,13,20
2021,5,Georgia Tech,Pittsburgh,-3.0,57.5,21,52
2021,5,North Carolina,Duke,19.5,74.5,38,7
2021,5,Florida State,Syracuse,5.5,50.5,33,30
2021,5,NC State,Louisiana Tech,17.5,56.0,34,27
2021,5,Illinois,Charlotte,10.5,54.0,24,14
2021,5,Middle Tennessee,Marshall,-10.5,65.5,34,28
2021,5,UTEP,Old Dominion,5.5,48.5,28,21
2021,5,UTSA,UNLV,21.5,55.5,24,17
2021,5,Rice,Southern Miss,1.5,44.5,24,19
2021,5,Clemson,Boston College,14.5,46.5,19,13
2021,5,Michigan State,Western Kentucky,10.5,66.5,48,31
2021,5,Florida Atlantic,Florida International,10.5,52.0,58,21
2021,6,BYU,Boise State,6.0,58.0,17,26
2021,6,Toledo,Northern Illinois,13.0,51.0,20,22
2021,6,Bowling Green,Akron,14.0,46.0,20,35
2021,6,Ohio,Central Michigan,-5.0,57.5,27,30
2021,6,Colorado State,San José State,3.5,44.5,32,14
2021,6,Washington State,Oregon State,-4.0,59.0,31,24
2021,6,Kent State,Buffalo,7.0,66.0,48,38
2021,6,Troy,Georgia Southern,5.5,50.5,27,24
2021,6,Texas State,South Alabama,-4.0,52.5,33,31
2021,6,Air Force,Wyoming,5.5,46.5,24,14
2021,6,UL Monroe,Georgia State,-16.0,49.5,21,55
2021,6,Arizona,UCLA,-16.0,61.0,16,34
2021,6,USC,Utah,3.0,52.5,26,42
2021,6,Navy,SMU,-13.5,56.5,24,31
2021,6,San Diego State,New Mexico,19.5,42.5,31,7
2021,6,Eastern Michigan,Miami (OH),-2.5,58.5,13,12
2021,6,Florida International,Charlotte,-3.5,60.5,33,45
2021,6,Arkansas State,Coastal Carolina,-20.0,74.5,20,52
2021,6,Tulane,Houston,-6.5,60.0,22,40
2021,6,Cincinnati,Temple,30.0,52.5,52,3
2021,6,Arizona State,Stanford,13.5,53.5,28,10
2021,6,Texas A&M,Alabama,-18.5,51.0,41,38
2021,6,Auburn,Georgia,-14.5,45.5,10,34
2021,6,Ole Miss,Arkansas,5.0,66.5,52,51
2021,6,Virginia Tech,Notre Dame,1.0,47.0,29,32
2021,6,Kentucky,LSU,2.0,50.5,42,21
2021,6,Syracuse,Wake Forest,-6.0,58.5,37,40
2021,6,Florida,Vanderbilt,39.0,60.0,42,0
2021,6,Iowa,Penn State,2.5,41.0,23,20
2021,6,Ohio State,Maryland,21.5,71.5,66,17
2021,6,Nebraska,Michigan,-2.5,50.0,29,32
2021,6,Rutgers,Michigan State,-4.0,49.5,13,31
2021,6,Baylor,West Virginia,1.0,45.0,45,20
2021,6,Illinois,Wisconsin,-12.0,42.0,0,24
2021,6,Massachusetts,UConn,-3.0,57.0,27,13
2021,6,Tennessee,South Carolina,10.5,56.5,45,20
2021,6,Missouri,North Texas,18.5,69.0,48,35
2021,6,UAB,Florida Atlantic,3.5,49.0,31,14
2021,6,Liberty,Middle Tennessee,20.0,59.0,41,13
2021,6,Louisville,Virginia,2.5,69.5,33,34
2021,6,North Carolina,Florida State,17.5,64.5,25,35
2021,6,Duke,Georgia Tech,-4.5,60.5,27,31
2021,6,Western Kentucky,UTSA,3.5,71.5,46,52
2021,6,Western Michigan,Ball State,12.5,57.5,20,45
2021,6,Nevada,New Mexico State,28.5,65.0,55,28
2021,6,Texas Tech,TCU,-2.5,60.5,31,52
2021,6,Tulsa,Memphis,3.0,60.5,35,29
2021,6,Southern Miss,UTEP,-1.5,46.0,13,26
2021,6,Marshall,Old Dominion,21.0,62.5,20,13
2021,6,Texas,Oklahoma,-4.0,65.0,48,55
2021,6,UCF,East Carolina,10.0,65.5,20,16
2021,7,San José State,San Diego State,-9.5,41.0,13,19
2021,7,Utah,Arizona State,1.5,51.5,35,21
2021,7,Buffalo,Ohio,7.5,54.5,27,26
2021,7,Central Michigan,Toledo,-5.0,53.0,26,23
2021,7,Northern Illinois,Bowling Green,9.0,45.0,34,26
2021,7,Western Michigan,Kent State,7.0,68.5,64,31
2021,7,Colorado,Arizona,6.0,46.5,34,0
2021,7,Wyoming,Fresno State,-3.0,53.5,0,17
2021,7,New Mexico,Colorado State,-13.0,45.0,7,36
2021,7,UNLV,Utah State,-7.0,64.0,24,28
2021,7,Washington State,Stanford,1.0,53.0,34,31
2021,7,Washington,UCLA,1.5,55.5,17,24
2021,7,Boise State,Air Force,3.0,52.0,17,24
2021,7,Nevada,Hawai'i,14.0,61.5,34,17
2021,7,Memphis,Navy,11.0,55.5,35,17
2021,7,South Alabama,Georgia Southern,2.5,49.5,41,14
2021,7,Syracuse,Clemson,-13.5,44.0,14,17
2021,7,Cincinnati,UCF,21.5,56.0,56,21
2021,7,Oklahoma,TCU,12.5,64.5,52,31
2021,7,Texas,Oklahoma State,3.5,61.0,24,32
2021,7,Baylor,BYU,5.5,52.5,38,24
2021,7,UConn,Yale,-3.5,46.5,21,15
2021,7,South Florida,Tulsa,-7.0,55.5,31,32
2021,7,Eastern Michigan,Ball State,-1.0,55.0,31,38
2021,7,Miami (OH),Akron,20.0,51.0,34,21
2021,7,Kansas,Texas Tech,-18.5,68.5,14,41
2021,7,UL Monroe,Liberty,-32.5,56.5,31,28
2021,7,Texas State,Troy,-7.5,48.5,28,31
2021,7,Virginia,Duke,10.5,69.5,48,0
2021,7,Louisiana,App State,-4.0,57.5,41,13
2021,7,Virginia Tech,Pittsburgh,-6.5,56.0,7,28
2021,7,Indiana,Michigan State,-3.5,48.5,15,20
2021,7,Minnesota,Nebraska,-4.5,48.5,30,23
2021,7,Missouri,Texas A&M,-11.5,59.5,14,35
2021,7,Oregon,California,13.5,53.5,24,17
2021,7,UTSA,Rice,17.0,53.5,45,0
2021,7,Tennessee,Ole Miss,-1.0,82.5,26,31
2021,7,Old Dominion,Western Kentucky,-13.5,66.5,20,43
2021,7,Kansas State,Iowa State,-6.5,51.0,20,33
2021,7,Northwestern,Rutgers,-2.5,45.0,21,7
2021,7,North Carolina,Miami,7.5,63.5,45,42
2021,7,North Texas,Marshall,-11.0,66.0,21,49
2021,7,South Carolina,Vanderbilt,18.5,50.0,21,20
2021,7,Iowa,Purdue,11.5,42.5,7,24
2021,7,Wisconsin,Army,14.0,37.5,20,14
2021,7,Georgia,Kentucky,21.5,44.5,30,13
2021,7,UTEP,Louisiana Tech,-6.5,55.5,19,3
2021,7,Arkansas,Auburn,4.5,54.5,23,38
2021,7,Mississippi State,Alabama,-17.5,59.5,9,49
2021,7,Boston College,NC State,-3.0,51.0,7,33
2021,7,Southern Miss,UAB,-17.0,43.5,0,34
2021,7,LSU,Florida,-12.5,61.0,49,42
2021,8,App State,Coastal Carolina,-4.5,60.5,30,27
2021,8,SMU,Tulane,14.0,70.5,55,26
2021,8,Arkansas State,Louisiana,-18.0,70.0,27,28
2021,8,Ole Miss,LSU,9.0,77.0,31,17
2021,8,Florida International,Western Kentucky,-16.5,77.5,19,34
2021,8,Notre Dame,USC,7.5,59.5,31,16
2021,8,Army,Wake Forest,-3.0,54.0,56,70
2021,8,Texas A&M,South Carolina,19.5,46.0,44,14
2021,8,Miami,NC State,-3.5,54.5,31,30
2021,8,Pittsburgh,Clemson,3.5,47.0,27,17
2021,8,Louisiana Tech,UTSA,-5.5,59.5,16,45
2021,8,Purdue,Wisconsin,-3.5,41.0,13,30
2021,8,Arkansas,Arkansas-Pine Bluff,50.5,59.5,45,3
2021,8,Florida State,Massachusetts,35.5,59.0,59,3
2021,8,Virginia Tech,Syracuse,3.5,45.5,36,41
2021,8,UAB,Rice,23.5,44.5,24,30
2021,8,Minnesota,Maryland,4.0,53.0,34,16
2021,8,Charlotte,Florida Atlantic,-6.5,58.0,9,38
2021,8,UConn,Middle Tennessee,-14.0,54.0,13,44
2021,8,UCF,Memphis,1.0,63.0,24,7
2021,8,Iowa State,Oklahoma State,7.0,47.0,24,21
2021,8,Kansas,Oklahoma,-38.5,66.5,23,35
2021,8,Navy,Cincinnati,-28.5,48.5,20,27
2021,8,Texas Tech,Kansas State,-1.0,60.5,24,25
2021,8,Ball State,Miami (OH),3.5,53.0,17,24
2021,8,Toledo,Western Michigan,-1.5,54.5,34,15
2021,8,Houston,East Carolina,13.5,56.5,31,24
2021,8,South Florida,Temple,1.5,55.0,34,14
2021,8,TCU,West Virginia,4.5,58.0,17,29
2021,8,Utah State,Colorado State,-3.0,58.5,26,24
2021,8,Virginia,Georgia Tech,6.5,65.5,48,40
2021,8,Michigan,Northwestern,23.5,51.0,33,7
2021,8,Ohio,Kent State,-5.5,68.5,27,34
2021,8,Indiana,Ohio State,-21.0,59.0,7,54
2021,8,UCLA,Oregon,1.0,61.5,31,34
2021,8,Central Michigan,Northern Illinois,6.0,56.0,38,39
2021,8,Arizona,Washington,-17.0,45.5,16,21
2021,8,Bowling Green,Eastern Michigan,-4.0,50.0,24,55
2021,8,California,Colorado,8.5,44.0,26,3
2021,8,Penn State,Illinois,24.5,45.5,18,20
2021,8,Akron,Buffalo,-13.5,58.0,10,45
2021,8,Louisville,Boston College,4.0,57.5,28,14
2021,8,UNLV,San José State,-6.0,44.0,20,27
2021,8,Air Force,San Diego State,3.0,39.0,14,20
2021,8,Wyoming,New Mexico,20.0,40.5,3,14
2021,8,North Texas,Liberty,-21.0,61.0,26,35
2021,8,Fresno State,Nevada,3.5,64.5,34,32
2021,8,Georgia State,Texas State,10.5,58.5,28,16
2021,8,Oregon State,Utah,-3.0,58.0,42,34
2021,8,UL Monroe,South Alabama,-13.5,51.0,41,31
2021,8,Alabama,Tennessee,25.5,68.0,52,24
2021,8,Vanderbilt,Mississippi State,-20.5,53.0,6,45
2021,8,Washington State,BYU,-3.5,56.5,19,21
2021,8,Hawai'i,New Mexico State,19.0,63.0,48,34
2021,9,San Diego State,Fresno State,-2.5,44.5,20,30
2021,9,San José State,Wyoming,3.0,40.5,27,21
2021,9,California,Oregon State,-2.0,56.5,39,25
2021,9,East Carolina,South Florida,9.5,55.5,29,14
2021,9,Houston,SMU,-1.0,61.5,44,37
2021,9,Buffalo,Bowling Green,13.5,51.5,44,56
2021,9,App State,UL Monroe,27.0,57.5,59,28
2021,9,South Alabama,Arkansas State,9.0,66.0,31,13
2021,9,Georgia Southern,Georgia State,-6.0,55.0,14,21
2021,9,Maryland,Indiana,3.5,48.0,38,35
2021,9,Louisiana,Texas State,21.0,58.0,45,0
2021,9,Wisconsin,Iowa,3.0,36.0,27,7
2021,9,Old Dominion,Louisiana Tech,-4.0,52.5,23,20
2021,9,Kansas State,TCU,3.5,58.5,31,12
2021,9,Tulane,Cincinnati,-28.0,61.5,12,31
2021,9,BYU,Virginia,2.5,66.5,66,49
2021,9,Nevada,UNLV,19.0,58.5,51,20
2021,9,Georgia Tech,Virginia Tech,3.5,55.5,17,26
2021,9,Western Kentucky,Charlotte,19.5,72.0,45,13
2021,9,Ohio State,Penn State,18.5,60.5,33,24
2021,9,Utah,UCLA,6.5,60.5,44,24
2021,9,Utah State,Hawai'i,4.5,66.0,51,31
2021,9,Coastal Carolina,Troy,17.0,50.0,35,28
2021,9,NC State,Louisville,6.0,57.0,28,13
2021,9,Florida,Georgia,-14.0,50.5,7,34
2021,9,Oklahoma State,Kansas,29.0,54.5,55,3
2021,9,Rice,North Texas,1.5,55.0,24,30
2021,9,Temple,UCF,-11.5,52.0,7,49
2021,9,Tulsa,Navy,11.0,46.0,17,20
2021,9,Notre Dame,North Carolina,3.5,62.5,44,34
2021,9,Michigan State,Michigan,-4.0,50.5,37,33
2021,9,Middle Tennessee,Southern Miss,12.5,47.5,35,10
2021,9,Liberty,Massachusetts,35.5,56.0,62,17
2021,9,Oklahoma,Texas Tech,19.0,67.0,52,21
2021,9,Baylor,Texas,2.5,61.5,31,24
2021,9,Colorado State,Boise State,-2.0,51.5,19,28
2021,9,Mississippi State,Kentucky,1.0,47.0,31,17
2021,9,Illinois,Rutgers,-1.5,41.5,14,20
2021,9,Florida Atlantic,UTEP,10.5,49.0,28,25
2021,9,Pittsburgh,Miami,9.5,61.0,34,38
2021,9,West Virginia,Iowa State,-7.5,49.0,38,31
2021,9,Auburn,Ole Miss,3.0,67.5,31,20
2021,9,Vanderbilt,Missouri,-16.0,62.5,28,37
2021,9,Arizona State,Washington State,16.5,54.5,21,34
2021,9,Syracuse,Boston College,6.5,51.5,21,6
2021,9,Oregon,Colorado,24.5,49.5,52,29
2021,9,Wake Forest,Duke,16.5,71.5,45,7
2021,9,Marshall,Florida International,21.5,64.0,38,0
2021,9,Northwestern,Minnesota,-7.5,44.0,14,41
2021,9,Nebraska,Purdue,7.5,54.0,23,28
2021,9,Stanford,Washington,2.5,46.0,13,20
2021,9,USC,Arizona,21.5,55.5,41,34
2021,9,Clemson,Florida State,9.5,47.5,30,20
2021,10,Western Kentucky,Middle Tennessee,17.5,66.5,48,21
2021,10,BYU,Idaho State,36.5,55.0,59,14
2021,10,Fresno State,Boise State,4.0,61.0,14,40
2021,10,Hawai'i,San Diego State,-7.0,45.5,10,17
2021,10,Wyoming,Colorado State,-3.0,41.5,31,17
2021,10,New Mexico State,Utah State,-18.5,72.5,13,35
2021,10,New Mexico,UNLV,1.5,45.0,17,31
2021,10,Nevada,San José State,11.5,55.5,27,24
2021,10,Washington,Oregon,-7.0,48.0,16,26
2021,10,Arizona,California,-7.0,47.0,10,3
2021,10,Colorado,Oregon State,-11.5,55.5,37,34
2021,10,UAB,Louisiana Tech,13.5,49.0,52,38
2021,10,Memphis,SMU,-3.5,70.5,28,25
2021,10,Arkansas State,App State,-21.5,68.0,14,48
2021,10,Texas State,UL Monroe,3.0,57.5,27,19
2021,10,Troy,South Alabama,3.5,47.5,31,24
2021,10,Florida Atlantic,Marshall,-1.5,57.5,13,28
2021,10,Georgia Southern,Coastal Carolina,-16.0,56.5,8,28
2021,10,South Florida,Houston,-13.5,53.0,42,54
2021,10,Cincinnati,Tulsa,22.5,56.0,28,20
2021,10,West Virginia,Oklahoma State,-3.5,49.0,3,24
2021,10,TCU,Baylor,-7.5,57.0,30,28
2021,10,Kansas,Kansas State,-24.0,55.5,10,35
2021,10,Maryland,Penn State,-10.0,56.5,14,31
2021,10,Massachusetts,Rhode Island,2.5,55.5,22,35
2021,10,UCF,Tulane,13.5,57.0,14,10
2021,10,Iowa State,Texas,6.0,59.5,30,7
2021,10,Ohio,Miami (OH),-7.0,54.5,35,33
2021,10,Louisiana,Georgia State,13.5,53.5,21,17
2021,10,Northwestern,Iowa,-12.0,40.5,12,17
2021,10,South Carolina,Florida,-20.5,52.0,40,17
2021,10,Charlotte,Rice,6.5,52.5,31,24
2021,10,Kent State,Northern Illinois,3.5,72.0,52,47
2021,10,Michigan,Indiana,20.5,51.0,29,7
2021,10,Akron,Ball State,-20.0,57.5,25,31
2021,10,Arizona State,USC,9.5,62.0,31,16
2021,10,Stanford,Utah,-11.0,51.5,7,52
2021,10,Florida State,NC State,-3.0,55.5,14,28
2021,10,Louisville,Clemson,-3.5,46.5,24,30
2021,10,Southern Miss,North Texas,-5.5,49.0,14,38
2021,10,Arkansas,Mississippi State,4.0,53.5,31,28
2021,10,Purdue,Michigan State,-2.5,53.5,40,29
2021,10,East Carolina,Temple,15.5,52.5,45,3
2021,10,Notre Dame,Navy,21.0,47.5,34,6
2021,10,Ole Miss,Liberty,7.5,67.0,27,14
2021,10,Toledo,Eastern Michigan,9.5,54.5,49,52
2021,10,Western Michigan,Central Michigan,9.0,64.5,30,42
2021,10,Minnesota,Illinois,14.5,44.0,6,14
2021,10,Duke,Pittsburgh,-21.0,64.5,29,54
2021,10,Rutgers,Wisconsin,-13.0,37.5,3,52
2021,10,Nebraska,Ohio State,-14.0,67.5,17,26
2021,10,Air Force,Army,2.5,37.5,14,21
2021,10,Alabama,LSU,29.0,67.0,20,14
2021,10,Miami,Georgia Tech,10.0,63.0,33,30
2021,10,North Carolina,Wake Forest,2.5,78.0,58,55
2021,10,Florida International,Old Dominion,-3.0,50.0,24,47
2021,10,UTEP,UTSA,-11.5,53.0,23,44
2021,10,Boston College,Virginia Tech,-1.0,51.0,17,3
2021,10,Kentucky,Tennessee,-1.0,57.5,42,45
2021,10,Georgia,Missouri,40.0,59.5,43,6
2021,10,Texas A&M,Auburn,4.5,49.5,20,3
2021,11,Troy,Louisiana,-6.5,48.0,21,35
2021,11,San Diego State,Nevada,2.5,45.0,23,21
2021,11,Miami (OH),Buffalo,7.0,58.0,45,18
2021,11,Western Michigan,Akron,24.5,62.0,45,40
2021,11,Eastern Michigan,Ohio,6.0,62.0,26,34
2021,11,Bowling Green,Toledo,-10.5,50.0,17,49
2021,11,Central Michigan,Kent State,2.5,76.5,54,30
2021,11,Tennessee,Georgia,-19.5,55.5,17,41
2021,11,Ole Miss,Texas A&M,-1.0,57.5,29,19
2021,11,Auburn,Mississippi State,5.5,51.0,34,43
2021,11,LSU,Arkansas,-3.0,59.5,13,16
2021,11,Florida,Samford,36.0,68.5,70,52
2021,11,Louisiana Tech,Charlotte,7.0,57.5,42,32
2021,11,Middle Tennessee,Florida International,10.5,55.0,50,10
2021,11,Missouri,South Carolina,-1.5,55.0,31,28
2021,11,Vanderbilt,Kentucky,-21.5,52.5,17,34
2021,11,Arizona,Utah,-24.0,54.5,29,38
2021,11,Army,Bucknell,51.5,58.5,63,10
2021,11,Washington,Arizona State,-6.0,45.5,30,35
2021,11,Colorado State,Air Force,-3.0,45.0,21,35
2021,11,Fresno State,New Mexico,24.0,51.0,34,7
2021,11,UCLA,Colorado,18.0,57.0,44,20
2021,11,Boise State,Wyoming,13.5,48.5,23,13
2021,11,Alabama,New Mexico State,50.5,67.0,59,3
2021,11,South Florida,Cincinnati,-23.5,58.5,28,45
2021,11,Indiana,Rutgers,6.5,42.5,3,38
2021,11,Temple,Houston,-24.5,52.5,8,37
2021,11,Penn State,Michigan,-2.5,48.5,17,21
2021,11,Kansas State,West Virginia,6.0,47.0,34,17
2021,11,Northern Illinois,Ball State,-2.5,60.0,30,29
2021,11,Louisville,Syracuse,3.0,55.5,41,3
2021,11,Michigan State,Maryland,11.5,60.5,40,21
2021,11,Iowa,Minnesota,4.0,37.0,27,22
2021,11,Wake Forest,NC State,1.0,64.5,45,42
2021,11,Clemson,UConn,40.5,50.5,44,7
2021,11,Georgia Tech,Boston College,-1.5,55.5,30,41
2021,11,Baylor,Oklahoma,-4.0,62.5,27,14
2021,11,Coastal Carolina,Georgia State,12.5,53.5,40,42
2021,11,Virginia Tech,Duke,13.0,50.5,48,17
2021,11,Oklahoma State,TCU,11.0,54.0,63,17
2021,11,UL Monroe,Arkansas State,3.0,66.5,24,27
2021,11,SMU,UCF,7.0,61.5,55,28
2021,11,Texas,Kansas,31.0,61.5,56,57
2021,11,Memphis,East Carolina,4.0,58.5,29,30
2021,11,Old Dominion,Florida Atlantic,-6.5,48.0,30,16
2021,11,Rice,Western Kentucky,-19.0,61.5,21,42
2021,11,Oregon State,Stanford,12.5,56.5,35,14
2021,11,Texas Tech,Iowa State,-12.5,55.5,41,38
2021,11,Pittsburgh,North Carolina,6.5,72.0,30,23
2021,11,Florida State,Miami,-2.5,61.5,31,28
2021,11,App State,South Alabama,21.5,52.0,31,7
2021,11,Ohio State,Purdue,19.0,65.0,59,31
2021,11,Wisconsin,Northwestern,25.5,41.5,35,7
2021,11,UNLV,Hawai'i,-3.5,55.5,27,13
2021,11,Marshall,UAB,4.5,55.5,14,21
2021,11,San José State,Utah State,4.5,58.0,17,48
2021,11,Massachusetts,Maine,-5.0,58.5,10,35
2021,11,Oregon,Washington State,13.5,57.5,38,24
2021,11,UTSA,Southern Miss,32.5,54.5,27,17
2021,11,Tulane,Tulsa,-3.0,55.5,13,20
2021,11,North Texas,UTEP,1.0,55.0,20,17
2021,11,Texas State,Georgia Southern,2.0,52.0,30,38
2021,11,Virginia,Notre Dame,-8.5,62.0,3,28
2021,12,Georgia Southern,BYU,-20.0,57.5,17,34
2021,12,Akron,Kent State,-13.5,72.5,0,38
2021,12,Coastal Carolina,Texas State,24.5,60.0,35,21
2021,12,Georgia State,Arkansas State,15.5,65.5,28,20
2021,12,Troy,App State,-9.5,51.5,7,45
2021,12,Stanford,California,-2.5,46.0,11,41
2021,12,Maryland,Michigan,-15.5,57.5,18,59
2021,12,Florida International,North Texas,-10.0,57.5,7,49
2021,12,Iowa,Illinois,12.0,38.5,33,23
2021,12,Pittsburgh,Virginia,13.5,66.5,48,38
2021,12,NC State,Syracuse,11.5,49.5,41,17
2021,12,UTSA,UAB,4.0,53.5,34,31
2021,12,Louisiana Tech,Southern Miss,15.5,47.5,19,35
2021,12,Ohio State,Michigan State,19.5,70.5,56,7
2021,12,Notre Dame,Georgia Tech,17.5,58.0,55,0
2021,12,Clemson,Wake Forest,3.5,57.0,48,27
2021,12,Wisconsin,Nebraska,10.0,43.5,35,28
2021,12,Texas A&M,Prairie View A&M,41.5,50.0,52,3
2021,12,Western Kentucky,Florida Atlantic,10.5,64.0,52,17
2021,12,Boston College,Florida State,3.0,55.5,23,26
2021,12,Army,Massachusetts,37.0,56.0,33,17
2021,12,Ole Miss,Vanderbilt,36.0,65.5,31,17
2021,12,Mississippi State,Tennessee State,44.0,56.5,55,10
2021,12,Missouri,Florida,-9.0,69.0,24,23
2021,12,South Carolina,Auburn,-7.0,45.0,21,17
2021,12,LSU,UL Monroe,29.0,57.5,27,14
2021,12,Cincinnati,SMU,10.0,65.5,48,14
2021,12,West Virginia,Texas,2.5,56.5,31,23
2021,12,Tulane,South Florida,5.5,59.5,45,14
2021,12,Navy,East Carolina,-3.5,46.5,35,38
2021,12,Tulsa,Temple,21.5,50.5,44,10
2021,12,Texas Tech,Oklahoma State,-10.0,55.0,0,23
2021,12,Oklahoma,Iowa State,3.0,59.0,28,21
2021,12,TCU,Kansas,21.0,64.5,31,28
2021,12,Kansas State,Baylor,2.5,50.0,10,20
2021,12,Tennessee,South Alabama,28.5,61.5,60,14
2021,12,Oregon State,Arizona State,-3.0,59.0,24,10
2021,12,Nevada,Air Force,-1.5,54.5,39,41
2021,12,Duke,Louisville,-20.0,60.5,22,62
2021,12,Miami (OH),Bowling Green,17.0,52.0,34,7
2021,12,Utah State,Wyoming,5.5,52.0,17,44
2021,12,Alabama,Arkansas,20.5,58.5,42,35
2021,12,Middle Tennessee,Old Dominion,3.0,49.0,17,24
2021,12,Miami,Virginia Tech,7.0,55.5,38,26
2021,12,Ball State,Central Michigan,-2.5,57.0,17,37
2021,12,Charlotte,Marshall,-14.5,62.0,28,49
2021,12,Utah,Oregon,3.0,58.5,38,7
2021,12,North Carolina,Wofford,37.0,62.0,34,14
2021,12,Buffalo,Northern Illinois,-1.5,59.0,27,33
2021,12,Georgia,Charleston Southern,52.5,59.5,56,7
2021,12,Boise State,New Mexico,27.5,48.0,37,0
2021,12,Liberty,Louisiana,4.5,53.5,14,42
2021,12,Colorado,Washington,-6.5,43.0,20,17
2021,12,Indiana,Minnesota,-7.5,43.5,14,35
2021,12,Hawai'i,Colorado State,-3.0,53.5,50,45
2021,12,UNLV,San Diego State,-11.0,41.0,20,28
2021,12,Kentucky,New Mexico State,35.5,61.0,56,16
2021,12,Penn State,Rutgers,14.0,45.0,28,0
2021,12,Eastern Michigan,Western Michigan,-6.0,66.0,22,21
2021,12,Ohio,Toledo,-7.5,57.5,23,35
2021,12,USC,UCLA,-3.5,65.5,33,62
2021,12,Houston,Memphis,9.5,59.0,31,13
2021,12,Northwestern,Purdue,-11.0,47.5,14,32
2021,12,Washington State,Arizona,14.5,52.5,44,18
2021,12,UCF,UConn,30.0,55.5,49,17
2021,12,UTEP,Rice,9.0,47.0,38,28
2021,13,Ball State,Buffalo,6.0,59.5,20,3
2021,13,Northern Illinois,Western Michigan,-7.0,58.5,21,42
2021,13,San José State,Fresno State,-7.0,52.5,9,40
2021,13,Mississippi State,Ole Miss,2.0,65.0,21,31
2021,13,San Diego State,Boise State,-3.0,44.5,27,16
2021,13,Central Michigan,Eastern Michigan,8.5,63.5,31,10
2021,13,Texas,Kansas State,2.5,54.5,22,17
2021,13,Bowling Green,Ohio,-6.5,48.5,21,10
2021,13,New Mexico,Utah State,-17.0,48.0,10,35
2021,13,Nebraska,Iowa,1.0,41.0,21,28
2021,13,UAB,UTEP,13.5,50.5,42,25
2021,13,UCF,South Florida,17.0,62.0,17,13
2021,13,Arkansas,Missouri,14.5,63.5,34,17
2021,13,East Carolina,Cincinnati,-14.5,56.5,13,35
2021,13,South Alabama,Coastal Carolina,-15.0,55.0,21,27
2021,13,Air Force,UNLV,18.5,49.5,48,14
2021,13,Utah,Colorado,24.0,52.5,28,13
2021,13,Iowa State,TCU,15.5,61.5,48,14
2021,13,NC State,North Carolina,6.5,61.0,34,30
2021,13,Washington,Washington State,-1.0,45.0,13,40
2021,13,Liberty,Army,3.5,52.5,16,31
2021,13,Temple,Navy,-13.5,42.5,14,38
2021,13,UConn,Houston,-32.0,54.5,17,45
2021,13,Baylor,Texas Tech,14.0,51.5,27,24
2021,13,Florida,Florida State,4.0,58.5,24,21
2021,13,Boston College,Wake Forest,-6.5,64.5,10,41
2021,13,Rutgers,Maryland,1.5,53.0,16,40
2021,13,Toledo,Akron,28.5,57.5,49,14
2021,13,Kent State,Miami (OH),-1.5,67.0,48,47
2021,13,Michigan,Ohio State,-6.5,64.5,42,27
2021,13,Georgia Tech,Georgia,-35.5,54.5,0,45
2021,13,Duke,Miami,-20.5,67.0,10,47
2021,13,Rice,Louisiana Tech,-4.0,52.5,35,31
2021,13,Arkansas State,Texas State,2.0,62.5,22,24
2021,13,Old Dominion,Charlotte,8.5,55.5,56,34
2021,13,Georgia State,Troy,6.5,49.5,37,10
2021,13,North Texas,UTSA,-8.5,59.5,45,23
2021,13,App State,Georgia Southern,24.5,55.0,27,3
2021,13,Wyoming,Hawai'i,13.0,48.5,14,38
2021,13,Southern Miss,Florida International,14.5,46.0,37,17
2021,13,New Mexico State,Massachusetts,7.0,59.0,44,27
2021,13,Auburn,Alabama,-20.5,57.0,22,24
2021,13,Marshall,Western Kentucky,1.5,75.0,21,53
2021,13,Michigan State,Penn State,-4.5,51.5,30,27
2021,13,Illinois,Northwestern,7.0,44.5,47,14
2021,13,Purdue,Indiana,17.5,50.5,44,7
2021,13,Oregon,Oregon State,7.5,61.5,38,29
2021,13,Virginia,Virginia Tech,7.0,63.5,24,29
2021,13,Tennessee,Vanderbilt,32.0,64.5,45,21
2021,13,Minnesota,Wisconsin,-7.0,39.0,23,13
2021,13,Louisiana,UL Monroe,21.5,55.0,21,16
2021,13,Arizona State,Arizona,20.0,53.0,38,15
2021,13,SMU,Tulsa,6.5,62.5,31,34
2021,13,Kansas,West Virginia,-15.5,55.5,28,34
2021,13,LSU,Texas A&M,-6.5,46.5,27,24
2021,13,Florida Atlantic,Middle Tennessee,3.5,49.5,17,27
2021,13,Oklahoma State,Oklahoma,4.0,49.5,37,33
2021,13,Syracuse,Pittsburgh,-12.5,58.5,14,31
2021,13,Louisville,Kentucky,3.0,57.5,21,52
2021,13,South Carolina,Clemson,-11.5,42.5,0,30
2021,13,Memphis,Tulane,5.5,58.0,33,28
2021,13,Stanford,Notre Dame,-21.0,53.0,14,45
2021,13,Colorado State,Nevada,-3.0,58.0,10,52
2021,13,UCLA,California,6.5,58.5,42,14
2021,13,USC,BYU,-8.5,65.5,31,35
2021,14,UTSA,Western Kentucky,-3.5,74.5,49,41
2021,14,Utah,Oregon,3.0,57.5,38,10
2021,14,Northern Illinois,Kent State,-4.0,75.5,41,23
2021,14,Oklahoma State,Baylor,7.0,45.0,16,21
2021,14,San Diego State,Utah State,6.5,49.5,13,46
2021,14,Louisiana,App State,-2.5,52.0,24,16
2021,14,Cincinnati,Houston,10.5,52.5,35,20
2021,14,Alabama,Georgia,-6.5,49.0,41,24
2021,14,Iowa,Michigan,-12.0,44.0,3,42
2021,14,Wake Forest,Pittsburgh,-3.5,72.5,21,45
2021,14,California,USC,4.5,57.5,24,14
2021,15,Army,Navy,-7.0,35.5,13,17
2022,1,Georgia Tech,Clemson,-24.5,51.5,10,41
2022,1,Austin Peay,Presbyterian,36.0,61.5,63,0
2022,1,Youngstown State,Duquesne,16.5,54.0,31,14
2022,1,North Dakota State,Drake,48.0,52.0,56,14
2022,1,Incarnate Word,Southern Illinois,-4.5,65.0,64,29
2022,1,Hampton,Howard,9.0,58.0,31,28
2022,1,Robert Morris,Dayton,1.5,59.5,20,22
2022,1,Charleston Southern,Western Carolina,-3.0,63.5,38,52
2022,1,Lafayette,Sacred Heart,-6.5,36.5,6,0
2022,1,Chattanooga,Wofford,18.5,42.0,31,0
2022,1,Jacksonville State,Davidson,26.5,61.5,35,17
2022,1,Utah State,UConn,24.0,59.5,31,20
2022,1,Illinois,Wyoming,14.0,42.5,38,6
2022,1,Hawai'i,Vanderbilt,-9.0,54.5,10,63
2022,1,Northwestern,Nebraska,-12.5,52.0,31,28
2022,1,Mercer,Morehead State,29.5,56.5,63,13
2022,1,Jacksonville State,Stephen F. Austin,-7.5,55.5,42,17
2022,1,Alabama State,Howard,-1.0,53.5,23,13
2022,1,New Mexico State,Nevada,-7.0,48.0,12,23
2022,1,UTEP,North Texas,-1.5,52.5,13,31
2022,1,Western Kentucky,Austin Peay,32.5,72.0,38,27
2022,1,UNLV,Idaho State,22.5,51.0,52,21
2022,1,Florida State,Duquesne,42.0,57.0,47,7
2022,1,North Carolina,Florida A&M,45.5,56.5,56,24
2022,1,Wyoming,Tulsa,-6.5,46.0,40,37
2022,1,Oklahoma,UTEP,31.0,58.0,45,13
2022,1,South Florida,BYU,-11.5,58.5,21,50
2022,1,UTSA,Houston,-3.5,62.0,35,37
2022,1,Arkansas,Cincinnati,6.5,54.5,31,24
2022,1,Ole Miss,Troy,21.5,57.0,28,10
2022,1,Coastal Carolina,Army,1.5,54.0,38,28
2022,1,Purdue,Penn State,-3.5,53.5,31,35
2022,1,Michigan State,Western Michigan,21.5,54.5,35,13
2022,1,Old Dominion,Virginia Tech,-6.0,48.5,20,17
2022,1,Tennessee,Ball State,35.5,66.5,59,10
2022,1,Missouri,Louisiana Tech,20.5,62.5,52,24
2022,1,San Diego State,Arizona,6.5,46.5,20,38
2022,1,Maryland,Buffalo,24.0,65.5,31,10
2022,1,Michigan,Colorado State,31.0,60.5,51,7
2022,1,USC,Rice,32.5,61.5,66,14
2022,1,App State,North Carolina,3.0,56.5,61,63
2022,1,East Carolina,NC State,-12.5,51.5,20,21
2022,1,Boston College,Rutgers,9.0,47.5,21,22
2022,1,Florida Atlantic,Charlotte,7.0,60.0,43,13
2022,1,Nevada,Texas State,-2.0,51.5,38,14
2022,1,Ohio,Florida Atlantic,-6.0,51.0,41,38
2022,1,Georgia,Oregon,16.0,54.5,49,3
2022,1,Tulane,Massachusetts,28.5,58.5,42,10
2022,1,Duke,Temple,9.5,51.5,30,0
2022,1,Southern Miss,Liberty,-3.5,50.0,27,29
2022,1,Colorado,TCU,-13.5,59.5,13,38
2022,1,Indiana,Illinois,1.0,47.5,23,20
2022,1,Minnesota,New Mexico State,36.0,52.5,38,0
2022,1,James Madison,Middle Tennessee,4.5,60.5,44,7
2022,1,UCLA,Bowling Green,24.0,56.5,45,17
2022,1,Oklahoma State,Central Michigan,20.5,58.0,58,44
2022,1,Pittsburgh,West Virginia,7.5,51.0,38,31
2022,1,Mississippi State,Memphis,17.0,58.0,49,23
2022,1,South Carolina,Georgia State,12.5,55.0,35,14
2022,1,Toledo,Long Island University,47.5,57.0,37,0
2022,1,Washington,Kent State,23.5,61.5,45,20
2022,1,Wake Forest,VMI,33.5,66.5,44,10
2022,1,Florida State,LSU,-4.5,51.0,24,23
2022,1,Hawai'i,Western Kentucky,-16.5,67.5,17,49
2022,1,Northern Illinois,Eastern Illinois,35.0,55.5,34,27
2022,1,Alabama,Utah State,42.0,63.0,55,0
2022,1,UAB,Alabama A&M,40.5,60.5,59,0
2022,1,Wagner,Fordham,-27.5,64.0,31,48
2022,1,Kentucky,Miami (OH),15.0,55.0,37,13
2022,1,Florida,Utah,-2.5,51.5,29,26
2022,1,Abilene Christian,Lamar,16.5,50.5,28,14
2022,1,Arizona State,Northern Arizona,25.5,52.5,40,3
2022,1,Campbell,The Citadel,9.5,56.0,29,10
2022,1,Florida International,Bryant,10.5,58.5,38,37
2022,1,Syracuse,Louisville,-6.0,55.0,31,7
2022,1,New Hampshire,Monmouth,-1.5,48.5,31,21
2022,1,Ohio State,Notre Dame,17.0,58.5,21,10
2022,1,North Texas,SMU,-9.5,67.5,10,48
2022,1,Stony Brook,Rhode Island,-0.0,46.0,14,35
2022,1,Indiana State,North Alabama,3.5,51.5,17,14
2022,1,Samford,Kennesaw State,-13.5,68.5,27,17
2022,1,Central Arkansas,Missouri State,-16.0,66.0,14,27
2022,1,UCF,South Carolina State,43.5,58.0,56,10
2022,1,San José State,Portland State,22.0,51.0,21,17
2022,1,Texas,UL Monroe,37.5,64.5,52,10
2022,1,Fresno State,Cal Poly,42.5,63.0,35,7
2022,1,Kansas State,South Dakota,27.0,50.5,34,0
2022,1,Stanford,Colgate,40.0,51.5,41,10
2022,1,UConn,Central Connecticut,20.5,51.5,28,3
2022,1,Air Force,Northern Iowa,14.5,46.5,48,17
2022,1,Washington State,Idaho,28.5,63.5,24,17
2022,1,Iowa,South Dakota State,10.5,42.0,7,3
2022,1,Virginia,Richmond,21.5,60.5,34,17
2022,1,Marshall,Norfolk State,40.5,59.0,55,3
2022,1,Navy,Delaware,13.0,48.5,7,14
2022,1,South Alabama,Nicholls,13.5,53.0,48,7
2022,1,Merrimack,Holy Cross,-23.5,49.5,17,31
2022,1,Villanova,Lehigh,27.5,43.0,45,17
2022,1,Texas A&M,Sam Houston,36.5,54.0,31,0
2022,1,Eastern Michigan,Eastern Kentucky,10.5,57.5,42,34
2022,1,California,UC Davis,14.0,44.0,34,13
2022,1,Kansas,Tennessee Tech,30.5,62.0,56,10
2022,1,Charlotte,William & Mary,4.5,52.0,24,41
2022,1,Wisconsin,Illinois State,36.5,42.5,38,0
2022,1,Arkansas State,Grambling,25.5,57.5,58,3
2022,1,Auburn,Mercer,30.0,51.5,42,16
2022,1,Louisiana,SE Louisiana,13.5,61.0,24,7
2022,1,Georgia Southern,Morgan State,39.5,53.5,59,7
2022,1,Oregon State,Boise State,1.5,55.5,34,17
2022,1,Nebraska,North Dakota,28.5,62.5,38,17
2022,1,Baylor,UAlbany,42.5,46.5,69,10
2022,1,New Mexico,Maine,6.0,42.5,41,0
2022,1,Vanderbilt,Elon,18.5,51.5,42,31
2022,1,Texas Tech,Murray State,38.0,64.0,63,10
2022,1,UT Martin,Western Illinois,17.0,61.5,42,25
2022,1,Tarleton State,Mississippi Valley State,13.0,51.0,29,13
2022,1,Southern Utah,St. Thomas (MN),3.0,49.5,44,13
2022,1,North Carolina Central,North Carolina A&T,11.5,49.0,28,13
2022,1,Miami,Bethune-Cookman,49.5,60.5,70,13
2022,1,Eastern Washington,Tennessee State,22.5,62.5,36,29
2022,1,Montana State,McNeese,19.5,46.0,40,17
2022,1,Montana,Northwestern State,33.5,47.5,47,0
2022,1,Northern Colorado,Houston Christian,16.0,53.5,34,46
2022,1,Alcorn State,Stephen F. Austin,-15.0,50.5,27,31
2022,1,Bucknell,Towson,-18.0,49.5,13,14
2022,1,Marist,Georgetown,-0.0,43.0,12,43
2022,1,Prairie View A&M,Texas Southern,11.0,60.5,40,23
2022,1,Iowa State,Southeast Missouri State,33.5,54.5,42,10
2022,2,Army,UTSA,-2.0,54.0,38,41
2022,2,Oregon,Eastern Washington,27.5,69.5,70,14
2022,2,Utah State,Weber State,6.5,59.5,7,35
2022,2,Wisconsin,Washington State,17.5,49.0,14,17
2022,2,Iowa,Iowa State,3.5,39.0,7,10
2022,2,Navy,Memphis,-4.5,47.5,13,37
2022,2,Texas Tech,Houston,4.0,62.0,33,30
2022,2,BYU,Baylor,2.5,55.0,26,20
2022,2,Virginia Tech,Boston College,3.0,45.0,27,10
2022,2,Pittsburgh,Tennessee,-6.0,62.5,27,34
2022,2,Charlotte,Maryland,-28.0,65.0,21,56
2022,2,UConn,Syracuse,-23.5,49.5,14,48
2022,2,Florida,Kentucky,6.0,52.5,16,26
2022,2,Colorado State,Middle Tennessee,13.5,58.5,19,34
2022,2,Liberty,UAB,-6.0,50.0,21,14
2022,2,Northwestern,Duke,10.0,56.0,23,31
2022,2,Texas State,Florida International,13.5,62.5,41,12
2022,2,Oklahoma State,Arizona State,11.5,58.0,34,17
2022,2,UCF,Louisville,5.5,62.5,14,20
2022,2,Oklahoma,Kent State,33.0,72.5,33,3
2022,2,Tulsa,Northern Illinois,6.5,63.0,38,35
2022,2,California,UNLV,12.5,49.5,20,14
2022,2,East Carolina,Old Dominion,13.0,50.0,39,21
2022,2,Stanford,USC,-9.5,66.5,28,41
2022,2,Penn State,Ohio,28.0,54.5,46,10
2022,2,Miami,Southern Miss,27.5,50.5,30,7
2022,2,Texas A&M,App State,18.0,54.0,14,17
2022,2,Georgia State,North Carolina,-7.0,64.0,28,35
2022,2,Nebraska,Georgia Southern,23.5,64.0,42,45
2022,2,Texas,Alabama,-21.0,63.5,19,20
2022,2,Arkansas,South Carolina,8.5,56.0,44,30
2022,2,Missouri State,UT Martin,14.0,59.0,35,30
2022,2,New Mexico,Boise State,-17.0,43.5,14,31
2022,2,UTEP,New Mexico State,17.5,46.5,20,13
2022,2,Air Force,Colorado,17.5,50.0,41,10
2022,2,Fresno State,Oregon State,1.0,58.5,32,35
2022,2,Arizona,Mississippi State,-12.5,58.0,17,39
2022,2,Michigan,Hawai'i,52.5,66.5,56,10
2022,2,Vanderbilt,Wake Forest,-13.5,65.0,25,45
2022,2,Kansas State,Missouri,7.5,52.5,40,12
2022,2,West Virginia,Kansas,14.0,59.5,42,55
2022,2,Ball State,Western Michigan,-6.5,51.5,30,37
2022,2,Michigan State,Akron,34.5,56.0,52,0
2022,2,Louisiana,Eastern Michigan,11.0,56.0,49,21
2022,2,Illinois,Virginia,4.0,55.0,24,3
2022,2,Central Michigan,South Alabama,6.0,57.5,24,38
2022,2,Auburn,San José State,24.0,48.5,24,16
2022,2,Notre Dame,Marshall,20.5,48.0,21,26
2022,2,Ohio State,Arkansas State,44.5,68.5,45,12
2022,2,Toledo,Massachusetts,28.0,49.5,55,10
2022,2,North Texas,Texas Southern,38.5,64.5,59,27
2022,2,Rice,McNeese,7.5,52.5,52,10
2022,2,UL Monroe,Nicholls,4.5,58.5,35,7
2022,2,Indiana,Idaho,24.5,50.5,35,22
2022,2,Ole Miss,Central Arkansas,36.5,61.0,59,3
2022,2,Florida Atlantic,SE Louisiana,11.0,63.5,42,9
2022,2,Georgia Tech,Western Carolina,24.5,65.5,35,17
2022,2,Tulane,Alcorn State,35.5,59.5,52,0
2022,2,South Florida,Howard,39.5,61.5,42,20
2022,2,San Diego State,Idaho State,33.5,50.5,38,7
2022,2,Utah,Southern Utah,45.5,58.5,73,7
2022,2,NC State,Charleston Southern,45.5,55.0,55,3
2022,2,Minnesota,Western Illinois,41.0,56.5,62,10
2022,2,Purdue,Indiana State,37.0,54.0,56,0
2022,2,Nevada,Incarnate Word,4.0,61.5,41,55
2022,2,Miami (OH),Robert Morris,30.0,54.0,31,14
2022,2,Troy,Alabama A&M,37.5,52.0,38,17
2022,2,Louisiana Tech,Stephen F. Austin,6.5,64.5,52,17
2022,2,LSU,Southern,44.5,58.0,65,17
2022,2,Washington,Portland State,31.0,55.0,52,6
2022,2,James Madison,Norfolk State,41.5,54.5,63,7
2022,2,SMU,Lamar,48.5,66.0,45,16
2022,2,TCU,Tarleton State,40.0,66.5,59,17
2022,2,Georgia,Samford,53.0,62.5,33,0
2022,2,Temple,Lafayette,13.5,39.5,30,14
2022,2,UCLA,Alabama State,48.5,61.5,45,7
2022,2,Clemson,Furman,45.5,51.5,35,12
2022,2,Wyoming,Northern Colorado,23.5,54.5,33,10
2022,2,Bowling Green,Eastern Kentucky,7.5,57.0,57,59
2022,2,Rutgers,Wagner,48.5,55.5,66,7
2022,2,Buffalo,Holy Cross,6.0,51.5,31,37
2022,2,Coastal Carolina,Gardner-Webb,32.5,66.5,31,27
2022,3,Wyoming,Air Force,-16.5,47.0,17,14
2022,3,Ohio State,Toledo,31.0,63.0,77,21
2022,3,Clemson,Louisiana Tech,33.5,53.5,48,20
2022,3,Western Michigan,Pittsburgh,-10.0,46.0,13,34
2022,3,Coastal Carolina,Buffalo,12.0,59.5,38,26
2022,3,Temple,Rutgers,-18.0,42.5,14,16
2022,3,Virginia,Old Dominion,8.5,52.5,16,14
2022,3,Notre Dame,California,13.5,41.0,24,17
2022,3,UNLV,North Texas,2.5,62.5,58,27
2022,3,Minnesota,Colorado,28.0,47.5,49,7
2022,3,App State,Troy,14.0,52.0,32,28
2022,3,UAB,Georgia Southern,11.5,59.0,35,21
2022,3,Bowling Green,Marshall,-17.0,50.0,34,31
2022,3,Georgia State,Charlotte,19.5,63.5,41,42
2022,3,Florida Atlantic,UCF,-7.5,61.5,14,40
2022,3,Arizona State,Eastern Michigan,20.5,56.5,21,30
2022,3,Memphis,Arkansas State,14.5,64.5,44,32
2022,3,Rice,Louisiana,-11.5,52.0,33,21
2022,3,Virginia Tech,Wofford,38.5,45.5,27,7
2022,3,Stetson,Princeton,-33.5,56.5,14,39
2022,3,Rhode Island,Delaware,3.0,47.0,21,42
2022,3,Monmouth,Georgetown,17.5,55.0,45,6
2022,3,Fordham,UAlbany,7.5,61.0,48,45
2022,3,Northern Iowa,Sacramento State,2.5,53.0,21,37
2022,3,Indiana State,Montana,-24.5,39.0,14,49
2022,3,VMI,Cornell,14.5,54.5,22,28
2022,3,Jackson State,Grambling,28.5,44.5,66,24
2022,3,Holy Cross,Yale,8.5,52.5,38,14
2022,3,Mercer,The Citadel,18.5,48.5,17,0
2022,3,Dartmouth,Valparaiso,31.0,47.5,35,13
2022,3,Eastern Kentucky,Charleston Southern,18.0,59.5,40,17
2022,3,Norfolk State,Hampton,-2.5,64.0,7,17
2022,3,Brown,Bryant,-4.5,63.5,44,38
2022,3,Marist,Columbia,-20.0,50.5,3,38
2022,3,Morgan State,Sacred Heart,-14.5,32.5,24,9
2022,3,Chattanooga,North Alabama,20.5,45.0,41,14
2022,3,New Hampshire,North Carolina Central,13.5,44.5,27,45
2022,3,Southeast Missouri State,Nicholls,5.5,61.5,42,16
2022,3,Lafayette,William & Mary,-21.0,38.5,7,34
2022,3,Western Carolina,Presbyterian,39.0,65.5,77,21
2022,3,Boston College,Maine,31.0,48.0,38,17
2022,3,Houston,Kansas,8.5,58.0,30,48
2022,3,Syracuse,Purdue,1.5,59.5,32,29
2022,3,Miami (OH),Cincinnati,-24.0,51.0,17,38
2022,3,Northern Illinois,Vanderbilt,2.5,58.5,28,38
2022,3,Auburn,Penn State,-2.5,47.5,12,41
2022,3,Alabama,UL Monroe,49.5,61.5,63,7
2022,3,Iowa,Nevada,24.0,39.5,27,0
2022,3,UCLA,South Alabama,15.5,59.0,32,31
2022,3,Texas,UTSA,13.0,57.0,41,20
2022,3,Iowa State,Ohio,20.0,48.0,43,10
2022,3,Kansas State,Tulane,14.0,49.5,10,17
2022,3,Wake Forest,Liberty,17.5,63.5,37,36
2022,3,Georgia Tech,Ole Miss,-17.0,63.0,0,42
2022,3,Indiana,Western Kentucky,7.0,61.5,33,30
2022,3,Oregon,BYU,3.5,57.5,41,20
2022,3,Texas A&M,Miami,6.5,45.5,17,9
2022,3,NC State,Texas Tech,10.5,56.0,27,14
2022,3,Louisville,Florida State,-2.5,57.0,31,35
2022,3,Michigan,UConn,47.5,59.0,59,0
2022,3,Baylor,Texas State,30.0,53.0,42,7
2022,3,Maryland,SMU,2.5,73.5,34,27
2022,3,New Mexico,UTEP,-2.0,38.0,27,10
2022,3,South Carolina,Georgia,-25.5,56.0,7,48
2022,3,Utah,San Diego State,22.5,48.5,35,7
2022,3,USC,Fresno State,11.5,71.5,45,17
2022,3,Washington,Michigan State,3.5,56.5,39,28
2022,3,Tennessee,Akron,47.5,67.0,63,6
2022,3,Florida,South Florida,23.5,58.5,31,28
2022,3,Harvard,Merrimack,28.5,50.5,28,21
2022,3,Washington State,Colorado State,17.0,52.5,38,7
2022,3,Kent State,Long Island University,40.0,64.5,63,10
2022,3,LSU,Mississippi State,-3.0,53.0,31,16
2022,3,Missouri,Abilene Christian,31.5,56.5,34,17
2022,3,Central Michigan,Bucknell,41.0,59.0,41,0
2022,3,Lehigh,Richmond,-16.0,44.0,6,30
2022,3,Northwestern,Southern Illinois,13.5,58.5,24,31
2022,3,Army,Villanova,14.0,56.0,49,10
2022,3,Kentucky,Youngstown State,30.0,49.5,31,0
2022,3,Pennsylvania,Colgate,3.5,41.5,25,14
2022,3,Ball State,Murray State,21.0,53.0,31,0
2022,3,Massachusetts,Stony Brook,1.0,44.5,20,3
2022,3,West Virginia,Towson,41.0,58.5,65,7
2022,3,Nebraska,Oklahoma,-10.5,65.5,14,49
2022,3,Wisconsin,New Mexico State,37.5,45.5,66,7
2022,3,Northern Arizona,North Dakota,-6.0,48.0,24,27
2022,3,Lamar,Northern Colorado,-3.0,51.5,14,21
2022,3,UC Davis,San Diego,24.0,53.5,43,13
2022,3,Oklahoma State,Arkansas-Pine Bluff,54.5,64.5,63,7
2022,3,Boise State,UT Martin,24.5,53.5,30,7
2022,3,Arkansas,Missouri State,26.0,60.0,38,27
2022,3,Duke,North Carolina A&T,30.5,53.0,49,20
2022,3,East Carolina,Campbell,32.5,58.0,49,10
2022,3,Arizona,North Dakota State,-3.0,49.0,31,28
2022,3,Southern,Texas Southern,-7.0,68.5,0,24
2022,3,Southern Miss,Northwestern State,32.5,50.5,64,10
2022,3,Middle Tennessee,Tennessee State,19.5,52.5,49,6
2022,3,Illinois State,Eastern Illinois,15.5,41.5,35,7
2022,3,SE Louisiana,Central Connecticut,21.5,56.0,70,6
2022,3,East Tennessee State,Furman,2.5,47.5,14,27
2022,3,Wagner,Saint Francis,-17.0,50.0,7,27
2022,3,Tennessee Tech,Samford,-16.0,60.5,28,33
2022,3,Oregon State,Montana State,16.5,56.5,68,28
2022,3,Tulsa,Jacksonville State,12.0,64.0,54,17
2022,3,South Dakota,Cal Poly,18.0,49.5,38,21
2022,3,Prairie View A&M,Incarnate Word,-19.0,66.5,14,31
2022,3,Elon,Gardner-Webb,13.5,55.0,30,24
2022,3,Idaho State,Central Arkansas,-7.0,54.5,16,31
2022,3,McNeese,Alcorn State,7.0,50.5,19,30
2022,3,South Dakota State,Butler,51.5,59.5,45,17
2022,3,Idaho,Drake,31.0,48.0,42,14
2022,3,Alabama A&M,Austin Peay,-20.0,65.5,3,28
2022,4,Oklahoma,Kansas State,13.5,53.0,34,41
2022,4,Texas A&M,Arkansas,1.5,51.0,23,21
2022,4,Iowa State,Baylor,2.5,45.0,24,31
2022,4,Texas Tech,Texas,-7.0,60.5,37,34
2022,4,Kansas,Duke,7.0,65.5,35,27
2022,4,Missouri State,South Dakota State,-2.0,52.5,14,28
2022,4,Southern Illinois,North Dakota,4.0,60.0,34,17
2022,4,UT Martin,Lindenwood,27.5,51.5,56,26
2022,4,William & Mary,Elon,6.5,50.0,31,35
2022,4,Villanova,Monmouth,10.5,60.5,42,49
2022,4,Jackson State,Mississippi Valley State,40.0,51.5,49,7
2022,4,UAlbany,Central Connecticut,17.0,48.0,45,26
2022,4,Southeast Missouri State,Central Arkansas,4.0,57.0,35,27
2022,4,Delaware State,Merrimack,-6.0,46.5,13,26
2022,4,Richmond,Stony Brook,14.5,47.5,51,7
2022,4,Valparaiso,San Diego,-7.5,50.5,28,21
2022,4,Charleston Southern,Furman,-16.0,55.5,19,24
2022,4,Stetson,Morehead State,-2.5,63.5,38,26
2022,4,Princeton,Lehigh,24.0,49.5,29,17
2022,4,Presbyterian,Davidson,-30.0,69.0,24,56
2022,4,Alcorn State,Arkansas-Pine Bluff,18.5,59.5,38,21
2022,4,Towson,New Hampshire,-6.0,46.5,14,37
2022,4,Robert Morris,East Tennessee State,-16.0,47.0,3,45
2022,4,Murray State,Eastern Illinois,4.5,44.0,21,35
2022,4,North Carolina A&T,South Carolina State,2.5,46.0,41,27
2022,4,Georgetown,Columbia,-10.5,48.0,6,42
2022,4,Ohio State,Wisconsin,18.5,56.5,52,21
2022,4,Pittsburgh,Rhode Island,32.5,55.0,45,24
2022,4,Ohio,Fordham,16.5,73.5,59,52
2022,4,Texas State,Houston Christian,26.5,65.0,34,0
2022,4,Northwestern,Miami (OH),7.5,50.0,14,17
2022,4,Long Island University,Bryant,-14.0,55.5,29,31
2022,4,Michigan,Maryland,17.0,66.0,34,27
2022,4,Oregon State,USC,-5.5,70.5,14,17
2022,4,Tennessee,Florida,11.0,62.5,38,33
2022,4,Arizona State,Utah,-16.5,54.0,13,34
2022,4,Penn State,Central Michigan,28.0,61.5,33,14
2022,4,Washington State,Oregon,-6.5,57.5,41,44
2022,4,Washington,Stanford,14.0,62.0,40,22
2022,4,Mississippi State,Bowling Green,31.0,53.0,45,14
2022,4,Colorado,UCLA,-22.0,57.0,17,45
2022,4,Cincinnati,Indiana,16.5,57.0,45,24
2022,4,California,Arizona,3.5,50.5,49,31
2022,4,Florida State,Boston College,18.5,48.5,44,14
2022,4,New Mexico State,Hawai'i,4.5,53.0,45,26
2022,4,Georgia State,Coastal Carolina,-2.5,63.5,24,41
2022,4,Northwestern State,Lamar,-2.0,52.5,35,27
2022,4,Wake Forest,Clemson,-7.5,58.0,45,51
2022,4,Louisville,South Florida,15.5,63.5,41,3
2022,4,Eastern Michigan,Buffalo,6.5,57.5,31,50
2022,4,Auburn,Missouri,7.5,51.0,17,14
2022,4,Air Force,Nevada,24.0,46.5,48,20
2022,4,Houston,Rice,17.5,52.5,34,27
2022,4,Liberty,Akron,26.5,53.5,21,12
2022,4,Utah State,UNLV,-3.0,61.5,24,34
2022,4,San Diego State,Toledo,-3.0,44.5,17,14
2022,4,App State,James Madison,6.5,56.5,28,32
2022,4,Miami,Middle Tennessee,25.5,53.5,31,45
2022,4,Tulane,Southern Miss,11.5,48.5,24,27
2022,4,SMU,TCU,-2.5,72.0,34,42
2022,4,Western Kentucky,Florida International,31.0,65.5,73,0
2022,4,Georgia,Kent State,45.0,61.5,39,22
2022,4,Temple,Massachusetts,10.0,44.0,28,0
2022,4,UL Monroe,Louisiana,-9.5,51.0,21,17
2022,4,North Carolina,Notre Dame,2.5,55.5,32,45
2022,4,Purdue,Florida Atlantic,16.5,57.5,28,26
2022,4,Syracuse,Virginia,9.5,53.5,22,20
2022,4,San José State,Western Michigan,6.5,48.5,34,6
2022,4,Virginia Tech,West Virginia,-2.0,49.5,10,33
2022,4,Alabama,Vanderbilt,40.5,60.5,55,3
2022,4,Memphis,North Texas,12.5,68.5,44,34
2022,4,LSU,New Mexico,31.5,44.0,38,0
2022,4,Ole Miss,Tulsa,21.0,66.5,35,27
2022,4,UTEP,Boise State,-16.5,44.5,27,10
2022,4,UCF,Georgia Tech,21.0,56.5,27,10
2022,4,BYU,Wyoming,21.5,49.5,38,24
2022,4,Michigan State,Minnesota,-3.0,50.0,7,34
2022,4,Georgia Southern,Ball State,9.5,67.0,34,23
2022,4,Troy,Marshall,-3.5,51.5,16,7
2022,4,NC State,UConn,38.5,47.5,41,10
2022,4,South Alabama,Louisiana Tech,13.0,59.0,38,14
2022,4,Old Dominion,Arkansas State,5.0,56.5,29,26
2022,4,South Carolina,Charlotte,23.5,66.5,56,20
2022,4,East Carolina,Navy,16.5,48.5,20,23
2022,4,Kentucky,Northern Illinois,26.5,53.0,31,23
2022,4,Rutgers,Iowa,-7.5,34.5,10,27
2022,4,Eastern Washington,Montana State,-6.0,70.0,35,38
2022,4,North Alabama,Tarleton State,2.0,55.5,28,43
2022,4,Gardner-Webb,Mercer,-7.0,56.5,14,45
2022,4,Florida A&M,Alabama A&M,10.0,57.5,38,25
2022,4,Delaware,Hampton,24.5,51.0,35,3
2022,4,Illinois,Chattanooga,20.0,44.5,31,0
2022,4,Austin Peay,Eastern Kentucky,1.5,63.5,31,20
2022,4,Nicholls,Jacksonville State,-9.0,57.0,21,52
2022,4,Northern Arizona,Idaho,2.5,48.5,10,27
2022,4,Norfolk State,Saint Francis,-9.5,47.0,26,45
2022,4,Samford,Western Carolina,3.5,77.0,35,12
2022,4,Pennsylvania,Lafayette,11.5,36.0,12,0
2022,4,Northern Colorado,Idaho State,3.5,54.0,35,14
2022,4,Montana,Portland State,22.5,49.5,53,16
2022,4,Brown,Harvard,-16.5,61.5,28,35
2022,4,UC Davis,Weber State,-3.0,50.5,12,17
2022,4,Cornell,Yale,-9.0,52.0,14,38
2022,4,Colgate,Holy Cross,-20.5,49.0,10,35
2022,4,Western Illinois,Northern Iowa,-16.5,54.0,17,52
2022,4,UTSA,Texas Southern,42.0,65.5,52,24
2022,4,Colorado State,Sacramento State,-4.5,59.5,10,41
2022,4,Drake,Marist,7.0,42.5,25,30
2022,4,Alabama State,Prairie View A&M,-6.5,42.5,15,25
2022,4,Bethune-Cookman,Grambling,2.5,56.5,36,19
2022,4,South Dakota,North Dakota State,-16.5,47.5,17,34
2022,5,North Dakota State,Youngstown State,23.0,53.0,27,14
2022,5,Elon,Richmond,-2.0,55.0,30,27
2022,5,Furman,Samford,2.0,53.5,27,34
2022,5,South Dakota State,Western Illinois,34.5,56.5,34,10
2022,5,Western Carolina,VMI,7.5,66.5,38,17
2022,5,Delaware,Towson,26.5,44.5,24,10
2022,5,Alabama A&M,Bethune-Cookman,6.5,58.5,35,27
2022,5,Stony Brook,William & Mary,-17.0,44.0,10,27
2022,5,UT Martin,Tennessee Tech,21.5,54.5,45,28
2022,5,Cal Poly,Sacramento State,-25.0,62.0,21,49
2022,5,Idaho,Northern Colorado,15.5,52.0,55,35
2022,5,Dartmouth,Pennsylvania,14.0,43.5,17,23
2022,5,Bucknell,Lafayette,-3.0,35.5,14,24
2022,5,Davidson,Butler,21.5,62.5,31,0
2022,5,Lehigh,Monmouth,-17.0,53.0,7,35
2022,5,Dayton,Drake,16.0,52.0,27,14
2022,5,Morehead State,Presbyterian,17.5,63.5,14,10
2022,5,Texas Southern,Alabama State,5.5,55.5,13,16
2022,5,Yale,Howard,21.5,51.5,34,26
2022,5,Columbia,Princeton,-4.0,50.0,6,24
2022,5,Maine,Villanova,-8.5,57.0,20,45
2022,5,Harvard,Holy Cross,-6.5,46.5,21,30
2022,5,North Dakota,Missouri State,-5.5,51.5,48,31
2022,5,East Tennessee State,Chattanooga,-6.5,44.0,16,24
2022,5,Syracuse,Wagner,54.0,62.5,59,0
2022,5,Western Michigan,New Hampshire,15.0,52.5,44,7
2022,5,Lamar,Houston Christian,1.5,54.5,34,37
2022,5,Incarnate Word,McNeese,24.5,70.5,48,20
2022,5,Northwestern State,Nicholls,-8.0,63.5,36,33
2022,5,Wisconsin,Illinois,6.5,43.5,10,34
2022,5,UNLV,New Mexico,14.0,44.5,31,20
2022,5,Ohio State,Rutgers,39.0,58.0,49,10
2022,5,Arizona,Colorado,18.0,58.0,43,20
2022,5,Akron,Bowling Green,-9.5,49.5,28,31
2022,5,Boston College,Louisville,-13.5,48.5,34,33
2022,5,Penn State,Northwestern,25.5,50.0,17,7
2022,5,Mississippi State,Texas A&M,4.0,45.0,42,24
2022,5,Kent State,Ohio,12.5,65.5,31,24
2022,5,Utah,Oregon State,10.5,54.5,42,16
2022,5,Kansas,Iowa State,-3.5,59.0,14,11
2022,5,Tulsa,Cincinnati,-10.0,59.0,21,31
2022,5,Ball State,Northern Illinois,-3.5,58.5,44,38
2022,5,Rice,UAB,-10.5,51.0,28,24
2022,5,Houston,Tulane,5.5,51.5,24,27
2022,5,Charlotte,UTEP,-3.5,56.0,35,41
2022,5,Arkansas,Alabama,-17.0,61.0,26,49
2022,5,Toledo,Central Michigan,6.5,56.0,38,17
2022,5,Louisiana,South Alabama,-8.5,47.5,17,20
2022,5,Baylor,Oklahoma State,2.5,56.0,25,36
2022,5,Wyoming,San José State,-2.5,42.5,16,33
2022,5,TCU,Oklahoma,-5.0,69.5,55,24
2022,5,UConn,Fresno State,-23.5,51.0,19,14
2022,5,USC,Arizona State,24.5,61.0,42,25
2022,5,Boise State,San Diego State,6.0,38.0,35,13
2022,5,Maryland,Michigan State,7.5,58.5,27,13
2022,5,Kansas State,Texas Tech,7.5,56.0,37,28
2022,5,Texas,West Virginia,7.5,61.0,38,20
2022,5,BYU,Utah State,26.0,60.0,38,26
2022,5,Memphis,Temple,18.5,50.0,24,3
2022,5,Oregon,Stanford,17.5,63.0,45,27
2022,5,Iowa,Michigan,-10.5,42.0,14,27
2022,5,Middle Tennessee,UTSA,-4.5,64.0,30,45
2022,5,Army,Georgia State,8.5,54.0,14,31
2022,5,Ole Miss,Kentucky,6.5,55.0,22,19
2022,5,Coastal Carolina,Georgia Southern,10.0,69.5,34,30
2022,5,Air Force,Navy,14.0,38.0,13,10
2022,5,Old Dominion,Liberty,-3.5,47.5,24,38
2022,5,Clemson,NC State,6.5,45.5,30,20
2022,5,Auburn,LSU,-8.0,44.5,17,21
2022,5,Nebraska,Indiana,6.5,61.5,35,21
2022,5,North Texas,Florida Atlantic,-3.0,67.5,45,28
2022,5,Pittsburgh,Georgia Tech,21.5,47.0,21,26
2022,5,Western Kentucky,Troy,5.5,55.0,27,34
2022,5,UCLA,Washington,-2.5,64.5,40,32
2022,5,James Madison,Texas State,21.5,51.5,40,13
2022,5,Buffalo,Miami (OH),3.0,50.5,24,20
2022,5,Duke,Virginia,2.0,55.0,38,17
2022,5,Minnesota,Purdue,9.5,53.0,10,20
2022,5,Eastern Michigan,Massachusetts,20.0,53.5,20,13
2022,5,South Florida,East Carolina,-9.5,55.5,28,48
2022,5,North Carolina,Virginia Tech,9.5,57.0,41,10
2022,5,Florida State,Wake Forest,6.0,67.5,21,31
2022,5,Washington State,California,4.0,52.5,28,9
2022,5,Arkansas State,UL Monroe,7.0,59.0,45,28
2022,5,Missouri,Georgia,-30.5,54.5,22,26
2022,5,New Mexico State,Florida International,16.0,54.0,7,21
2022,5,Florida,Eastern Washington,32.0,71.5,52,17
2022,5,Saint Francis,Central Connecticut,18.5,47.5,39,13
2022,5,Fordham,Georgetown,24.0,66.5,59,38
2022,5,Marist,St. Thomas (MN),-9.0,49.0,24,38
2022,5,Northern Iowa,Indiana State,23.5,49.0,20,14
2022,5,Illinois State,Southern Illinois,-7.5,50.5,14,19
2022,5,Southern,Arkansas-Pine Bluff,14.0,60.0,59,3
2022,5,North Carolina A&T,Bryant,5.5,54.5,24,13
2022,5,Lindenwood,Southeast Missouri State,-18.5,58.0,28,49
2022,5,Idaho State,Montana,-33.0,53.0,20,28
2022,5,Grambling,Prairie View A&M,-13.0,48.5,14,34
2022,5,Rhode Island,Brown,16.5,66.0,38,10
2022,5,Florida A&M,Mississippi Valley State,24.5,48.5,34,7
2022,5,Montana State,UC Davis,3.5,52.0,41,24
2022,5,Portland State,Northern Arizona,2.5,55.0,35,27
2022,5,Colgate,Cornell,4.0,44.0,31,34
2022,5,Eastern Kentucky,Southern Utah,14.5,58.0,35,28
2022,5,South Carolina,South Carolina State,40.5,57.0,50,10
2022,5,Wofford,Mercer,-15.0,45.5,7,42
2022,5,Central Arkansas,Austin Peay,-6.5,55.0,49,20
2022,5,SE Louisiana,Murray State,24.5,60.5,48,14
2022,5,Delaware State,Robert Morris,-3.0,43.0,14,9
2022,5,Merrimack,Long Island University,13.0,50.5,24,23
2022,5,Sacred Heart,Norfolk State,13.5,41.0,31,14
2022,5,Campbell,North Carolina Central,5.5,51.5,48,18
2022,5,Sam Houston,Stephen F. Austin,6.5,54.0,17,16
2022,5,App State,The Citadel,39.0,54.5,49,0
2022,5,Marshall,Gardner-Webb,31.0,56.0,28,7
2022,6,Mississippi State,Arkansas,8.5,55.5,40,17
2022,6,Indiana State,North Dakota State,-30.0,45.5,26,31
2022,6,Lafayette,Princeton,-16.0,37.5,2,23
2022,6,Butler,Dayton,-9.5,51.5,31,0
2022,6,Mississippi Valley State,Alcorn State,-15.5,47.0,7,30
2022,6,Youngstown State,North Dakota,1.5,51.0,30,35
2022,6,Houston Christian,Nicholls,-7.0,61.5,17,19
2022,6,Stephen F. Austin,Abilene Christian,3.5,48.5,41,38
2022,6,UCF,SMU,3.0,65.0,41,19
2022,6,UAB,Middle Tennessee,10.0,53.0,41,14
2022,6,Northern Illinois,Toledo,-6.5,59.0,32,52
2022,6,Indiana,Michigan,-23.5,58.0,10,31
2022,6,Navy,Tulsa,-4.5,46.0,53,21
2022,6,Bowling Green,Buffalo,-2.0,54.5,7,38
2022,6,Arizona State,Washington,-13.5,56.0,45,38
2022,6,NC State,Florida State,3.5,50.5,19,17
2022,6,Stanford,Oregon State,-4.5,53.5,27,28
2022,6,Notre Dame,BYU,3.5,51.5,28,20
2022,6,Georgia State,Georgia Southern,2.5,66.5,41,33
2022,6,Louisiana Tech,UTEP,1.5,52.5,41,31
2022,6,Georgia Tech,Duke,-3.5,54.0,23,20
2022,6,Vanderbilt,Ole Miss,-17.0,59.5,28,52
2022,6,Arkansas State,James Madison,-11.5,55.0,20,42
2022,6,Ohio,Akron,10.0,59.0,55,34
2022,6,Florida,Missouri,10.5,53.5,24,17
2022,6,Memphis,Houston,1.5,57.5,32,33
2022,6,Maryland,Purdue,3.0,59.5,29,31
2022,6,Western Michigan,Eastern Michigan,4.5,55.0,23,45
2022,6,Kentucky,South Carolina,4.5,45.0,14,24
2022,6,Utah State,Air Force,-11.5,53.5,34,27
2022,6,Troy,Southern Miss,7.0,44.0,27,10
2022,6,Cincinnati,South Florida,27.0,58.5,28,24
2022,6,Illinois,Iowa,3.5,36.5,9,6
2022,6,San Diego State,Hawai'i,23.5,49.0,16,14
2022,6,Virginia,Louisville,1.5,47.5,17,34
2022,6,Boise State,Fresno State,10.5,45.5,40,20
2022,6,USC,Washington State,12.5,64.5,30,14
2022,6,Florida International,UConn,-5.5,46.5,12,33
2022,6,Alabama,Texas A&M,24.0,48.0,24,20
2022,6,UCLA,Utah,-3.0,64.5,42,32
2022,6,Texas State,App State,-19.5,54.5,36,24
2022,6,Northwestern,Wisconsin,-10.0,44.5,7,42
2022,6,Michigan State,Ohio State,-27.0,64.5,20,49
2022,6,Miami,North Carolina,4.0,67.5,24,27
2022,6,UTSA,Western Kentucky,6.5,72.5,31,28
2022,6,Rutgers,Nebraska,-3.0,50.5,13,14
2022,6,Iowa State,Kansas State,-1.0,45.0,9,10
2022,6,New Mexico,Wyoming,-3.0,37.0,14,27
2022,6,Pittsburgh,Virginia Tech,14.5,42.0,45,29
2022,6,UL Monroe,Coastal Carolina,-12.5,58.0,21,28
2022,6,Kansas,TCU,-7.0,70.0,31,38
2022,6,Wake Forest,Army,16.0,65.5,45,10
2022,6,Arizona,Oregon,-13.5,72.0,22,49
2022,6,Nevada,Colorado State,3.5,45.0,14,17
2022,6,Boston College,Clemson,-21.0,48.5,3,31
2022,6,San José State,UNLV,6.5,51.5,40,7
2022,6,Oklahoma State,Texas Tech,11.5,65.5,41,31
2022,6,Central Michigan,Ball State,7.5,63.5,16,17
2022,6,Miami (OH),Kent State,-5.5,56.5,27,24
2022,6,Oklahoma,Texas,-7.5,65.5,0,49
2022,6,LSU,Tennessee,-2.5,63.5,13,40
2022,6,Georgia,Auburn,28.0,49.5,42,10
2022,6,Massachusetts,Liberty,-22.5,46.0,24,42
2022,6,Tulane,East Carolina,3.0,55.5,24,9
2022,6,Alabama State,Jackson State,-26.5,52.5,12,26
2022,6,Tennessee State,Bethune-Cookman,7.5,49.5,41,17
2022,6,Campbell,Charleston Southern,14.0,55.0,34,28
2022,6,Duquesne,Merrimack,4.5,45.5,21,28
2022,6,Lehigh,Fordham,-16.0,67.5,28,40
2022,6,Columbia,Wagner,29.5,50.0,28,7
2022,6,Yale,Dartmouth,4.5,50.0,24,21
2022,6,Northern Iowa,Illinois State,8.0,41.5,21,23
2022,6,Northern Arizona,Cal Poly,10.5,55.0,31,29
2022,6,The Citadel,Furman,-10.5,41.5,10,21
2022,6,Eastern Illinois,Northwestern State,9.5,58.0,35,27
2022,6,Morgan State,Norfolk State,3.5,48.5,21,24
2022,6,Missouri State,Southern Illinois,3.5,62.5,21,38
2022,6,South Dakota State,South Dakota,14.5,43.0,28,3
2022,6,Georgetown,Pennsylvania,-15.0,41.5,28,59
2022,6,Alabama A&M,Grambling,8.0,57.0,37,31
2022,6,Elon,Towson,23.0,48.0,27,10
2022,6,Hampton,Maine,-5.5,49.5,24,31
2022,6,Samford,Wofford,20.0,51.0,28,14
2022,6,Cornell,Harvard,-11.5,50.5,28,35
2022,6,Central Arkansas,Lindenwood,22.5,65.5,49,52
2022,6,Montana State,Idaho State,25.5,59.0,37,6
2022,6,Weber State,Eastern Washington,16.0,66.5,45,21
2022,6,Drake,San Diego,-7.5,48.0,10,22
2022,6,VMI,East Tennessee State,-7.0,50.5,21,44
2022,6,Stetson,Marist,5.5,56.5,31,45
2022,6,St. Thomas (MN),Davidson,-6.0,54.5,27,16
2022,6,South Carolina State,Florida A&M,-2.5,54.5,14,20
2022,6,Monmouth,UAlbany,11.5,64.0,38,31
2022,6,Presbyterian,Valparaiso,-16.5,53.0,21,41
2022,6,Sacramento State,Northern Colorado,29.5,68.0,55,7
2022,6,Central Connecticut,Brown,-7.0,60.0,20,27
2022,6,Murray State,UT Martin,-15.5,56.5,16,45
2022,6,Holy Cross,Bucknell,33.5,47.5,57,0
2022,6,Mercer,Western Carolina,11.5,64.5,49,6
2022,6,Prairie View A&M,Southern,4.5,49.5,13,45
2022,6,Arkansas-Pine Bluff,Texas Southern,-13.0,63.5,17,24
2022,6,William & Mary,Delaware,2.5,45.5,27,21
2022,6,New Hampshire,Stony Brook,8.5,42.5,24,14
2022,6,Southeast Missouri State,Tennessee Tech,17.0,61.5,34,20
2022,6,Robert Morris,Gardner-Webb,-16.5,48.0,0,48
2022,6,Southern Utah,Tarleton State,2.5,58.5,40,42
2022,7,St. Thomas (MN),Drake,16.5,45.0,26,14
2022,7,Alabama State,Mississippi Valley State,18.0,37.5,24,9
2022,7,Illinois State,South Dakota,-1.5,40.0,12,10
2022,7,Youngstown State,Indiana State,12.0,48.0,48,42
2022,7,Southern Illinois,Western Illinois,25.0,59.5,30,7
2022,7,North Dakota State,South Dakota State,4.0,46.0,21,23
2022,7,Valparaiso,Butler,10.5,48.5,25,26
2022,7,Furman,Western Carolina,9.5,58.5,47,40
2022,7,Ole Miss,Auburn,15.5,55.0,48,34
2022,7,Florida,LSU,2.0,51.5,35,45
2022,7,Abilene Christian,Southern Utah,7.0,53.5,21,18
2022,7,San Diego,Presbyterian,27.5,56.0,28,3
2022,7,Marist,Dayton,-4.0,53.0,7,24
2022,7,Merrimack,Wagner,19.5,52.0,54,17
2022,7,Tennessee Tech,Tennessee State,2.5,53.5,14,30
2022,7,Portland State,Weber State,-12.5,55.0,7,42
2022,7,Bryant,Charleston Southern,3.0,59.5,23,24
2022,7,Davidson,Morehead State,22.5,58.5,28,26
2022,7,Rhode Island,Elon,4.0,53.5,17,10
2022,7,Yale,Bucknell,29.0,44.5,29,9
2022,7,Maine,Monmouth,-10.5,60.5,38,28
2022,7,Campbell,Robert Morris,27.0,48.5,41,10
2022,7,Princeton,Brown,22.5,54.5,35,19
2022,7,Austin Peay,Murray State,23.5,52.5,52,17
2022,7,Houston Christian,Northwestern State,2.5,65.0,10,37
2022,7,Western Michigan,Ohio,2.0,61.5,14,33
2022,7,Hawai'i,Nevada,-6.0,51.5,31,16
2022,7,Virginia Tech,Miami,-8.5,48.0,14,20
2022,7,UCF,Temple,23.5,46.5,70,13
2022,7,Georgia Southern,James Madison,-13.0,67.5,45,38
2022,7,Marshall,Louisiana,10.5,45.0,13,23
2022,7,SMU,Navy,12.5,58.5,40,34
2022,7,Colorado State,Utah State,-14.0,45.5,13,17
2022,7,Oregon State,Washington State,3.0,51.5,24,10
2022,7,Coastal Carolina,Old Dominion,11.5,58.5,21,49
2022,7,Indiana,Maryland,-11.0,63.5,33,38
2022,7,Syracuse,NC State,3.0,42.5,24,9
2022,7,East Carolina,Memphis,5.5,62.5,47,45
2022,7,Georgia,Vanderbilt,37.5,56.5,55,0
2022,7,Oklahoma,Kansas,10.5,66.0,52,42
2022,7,Akron,Central Michigan,-12.0,60.5,21,28
2022,7,Michigan,Penn State,7.0,49.0,41,17
2022,7,Florida Atlantic,Rice,4.0,54.5,17,14
2022,7,Michigan State,Wisconsin,-7.0,49.5,34,28
2022,7,Bowling Green,Miami (OH),-7.0,45.0,17,13
2022,7,UAB,Charlotte,22.5,65.0,34,20
2022,7,South Alabama,UL Monroe,17.0,51.0,41,34
2022,7,Washington,Arizona,14.5,71.5,49,39
2022,7,Florida International,UTSA,-33.5,63.5,10,30
2022,7,Middle Tennessee,Western Kentucky,-7.5,67.5,17,35
2022,7,Southern Miss,Arkansas State,4.5,53.0,20,19
2022,7,Eastern Michigan,Northern Illinois,3.5,64.5,10,39
2022,7,Ball State,UConn,9.5,47.5,25,21
2022,7,Tennessee,Alabama,-9.0,68.0,52,49
2022,7,Duke,North Carolina,-7.0,70.0,35,38
2022,7,Utah,USC,3.5,65.0,43,42
2022,7,Troy,Texas State,16.5,47.0,17,14
2022,7,South Florida,Tulane,-12.0,55.0,31,45
2022,7,New Mexico State,New Mexico,-7.0,38.5,21,9
2022,7,Notre Dame,Stanford,16.5,53.5,14,16
2022,7,Kentucky,Mississippi State,-3.5,50.5,27,17
2022,7,Colorado,California,-15.0,49.0,20,13
2022,7,West Virginia,Baylor,-3.0,55.0,43,40
2022,7,TCU,Oklahoma State,5.0,69.5,43,40
2022,7,Purdue,Nebraska,14.0,56.0,43,37
2022,7,Massachusetts,Buffalo,-17.0,47.5,7,34
2022,7,UNLV,Air Force,-10.0,50.0,7,42
2022,7,Florida State,Clemson,-4.5,51.0,28,34
2022,7,Toledo,Kent State,7.5,62.5,52,31
2022,7,Texas,Iowa State,15.5,48.5,24,21
2022,7,Illinois,Minnesota,-4.5,40.0,26,14
2022,7,Fresno State,San José State,-7.0,47.0,17,10
2022,7,BYU,Arkansas,1.0,66.5,35,52
2022,7,North Texas,Louisiana Tech,6.5,68.5,47,27
2022,7,Idaho State,Cal Poly,-3.5,56.0,40,31
2022,7,Eastern Washington,Sacramento State,-14.5,75.0,28,52
2022,7,Montana,Idaho,17.5,51.5,23,30
2022,7,Northern Colorado,Montana State,-21.5,62.0,14,37
2022,7,UC Davis,Northern Arizona,14.5,52.0,56,27
2022,7,Eastern Kentucky,Sam Houston,6.5,51.5,17,25
2022,7,North Carolina Central,Morgan State,14.5,52.5,59,20
2022,7,UAlbany,Hampton,14.0,57.0,37,38
2022,7,Richmond,Villanova,4.5,62.5,20,10
2022,7,Grambling,Florida A&M,-17.0,56.0,16,20
2022,7,Mercer,East Tennessee State,14.0,52.5,55,33
2022,7,Stephen F. Austin,Tarleton State,7.5,62.0,41,24
2022,7,Army,Colgate,31.0,51.0,42,17
2022,7,Liberty,Gardner-Webb,24.5,55.0,21,20
2022,7,Nicholls,Incarnate Word,-25.5,72.5,14,49
2022,7,North Alabama,Jacksonville State,-15.5,60.5,31,47
2022,7,Arkansas-Pine Bluff,Alabama A&M,-10.5,56.0,31,34
2022,7,Cornell,Lehigh,7.5,48.5,19,15
2022,7,Howard,Harvard,-17.5,54.5,25,41
2022,7,Dartmouth,New Hampshire,3.0,48.0,0,14
2022,7,Wofford,The Citadel,3.5,33.5,31,16
2022,7,Chattanooga,VMI,25.0,48.5,41,13
2022,7,Southern,Alcorn State,8.0,55.5,21,17
2022,7,Long Island University,Saint Francis,-14.0,50.5,7,57
2022,7,Fordham,Stony Brook,15.5,66.5,45,14
2022,7,Bethune-Cookman,Jackson State,-28.5,59.5,8,48
2022,7,Pennsylvania,Columbia,7.0,39.0,34,14
2022,7,Eastern Illinois,Lindenwood,6.5,65.5,34,37
2022,8,East Carolina,UCF,-5.5,63.5,34,13
2022,8,Ohio,Northern Illinois,-2.5,65.5,24,17
2022,8,James Madison,Marshall,9.5,48.5,12,26
2022,8,Louisiana,Arkansas State,6.5,51.0,38,18
2022,8,Texas State,Southern Miss,-2.5,43.0,14,20
2022,8,Army,UL Monroe,6.5,55.5,48,24
2022,8,Kent State,Akron,15.5,65.0,33,27
2022,8,Buffalo,Toledo,-7.0,56.0,34,27
2022,8,Central Michigan,Bowling Green,6.5,50.5,18,34
2022,8,Ball State,Eastern Michigan,2.5,57.5,16,20
2022,8,Nicholls,McNeese,2.5,54.5,40,35
2022,8,Jackson State,Campbell,17.0,56.5,22,14
2022,8,Indiana State,Illinois State,-4.5,40.5,21,27
2022,8,Butler,Marist,7.0,50.5,31,10
2022,8,Colgate,Georgetown,13.0,50.0,34,24
2022,8,Howard,Delaware State,7.5,45.5,35,17
2022,8,Tennessee State,Eastern Illinois,7.5,49.5,37,17
2022,8,Robert Morris,North Carolina A&T,-16.5,44.5,14,38
2022,8,Dayton,Stetson,13.5,53.0,23,20
2022,8,Villanova,UAlbany,16.5,65.5,31,29
2022,8,New Mexico,Fresno State,-9.5,40.5,9,41
2022,8,Notre Dame,UNLV,26.0,46.5,44,21
2022,8,Old Dominion,Georgia Southern,1.5,66.0,23,28
2022,8,Stanford,Arizona State,3.0,52.0,15,14
2022,8,Alabama,Mississippi State,21.0,61.5,30,6
2022,8,South Carolina,Texas A&M,-3.0,44.5,30,24
2022,8,Miami (OH),Western Michigan,7.0,44.0,10,16
2022,8,Oklahoma State,Texas,-6.5,58.5,41,34
2022,8,Western Kentucky,UAB,1.0,60.5,20,17
2022,8,UTSA,North Texas,10.0,73.0,31,27
2022,8,Liberty,BYU,-7.0,58.0,41,14
2022,8,Ohio State,Iowa,29.5,49.5,54,10
2022,8,California,Washington,-7.5,54.5,21,28
2022,8,Georgia Tech,Virginia,3.5,48.0,9,16
2022,8,Louisiana Tech,Rice,-3.0,57.0,41,42
2022,8,TCU,Kansas State,3.5,54.5,38,28
2022,8,App State,Georgia State,9.5,60.0,42,17
2022,8,Colorado State,Hawai'i,6.0,46.0,17,13
2022,8,Miami,Duke,10.0,59.0,21,45
2022,8,Wake Forest,Boston College,20.0,60.0,43,15
2022,8,Wyoming,Utah State,5.5,44.5,28,14
2022,8,UTEP,Florida Atlantic,-3.0,50.5,24,21
2022,8,Air Force,Boise State,2.5,46.5,14,19
2022,8,South Alabama,Troy,3.0,47.0,6,10
2022,8,Temple,Tulsa,-13.5,53.5,16,27
2022,8,SMU,Cincinnati,-3.5,59.5,27,29
2022,8,Texas Tech,West Virginia,5.0,65.5,48,10
2022,8,Charlotte,Florida International,13.5,63.5,15,34
2022,8,Baylor,Kansas,10.5,56.5,35,23
2022,8,Maryland,Northwestern,14.5,51.0,31,24
2022,8,Nevada,San Diego State,-7.5,36.0,7,23
2022,8,Tulane,Memphis,7.0,55.5,38,28
2022,8,Wisconsin,Purdue,1.5,51.5,35,24
2022,8,Rutgers,Indiana,3.0,48.0,24,17
2022,8,Clemson,Syracuse,14.0,50.0,27,21
2022,8,Oregon,UCLA,7.0,70.5,45,30
2022,8,Louisville,Pittsburgh,1.5,55.0,24,10
2022,8,Navy,Houston,-3.0,50.5,20,38
2022,8,LSU,Ole Miss,-0.0,64.0,45,20
2022,8,Missouri,Vanderbilt,14.0,49.0,17,14
2022,8,Oregon State,Colorado,23.0,47.5,42,9
2022,8,Penn State,Minnesota,5.5,43.0,45,17
2022,8,Jacksonville State,SE Louisiana,7.5,64.0,14,31
2022,8,South Carolina State,North Carolina Central,1.0,58.5,26,24
2022,8,VMI,Furman,-13.5,52.5,3,41
2022,8,Chattanooga,Mercer,-1.5,50.0,41,21
2022,8,Western Carolina,The Citadel,15.0,53.0,21,34
2022,8,Drake,Davidson,-12.5,48.0,14,48
2022,8,Merrimack,Sacred Heart,1.5,47.5,31,25
2022,8,New Hampshire,Elon,-2.5,44.5,40,22
2022,8,Monmouth,Rhode Island,-1.0,60.0,46,48
2022,8,Presbyterian,St. Thomas (MN),-23.0,54.5,17,46
2022,8,Cal Poly,Eastern Washington,-10.0,75.5,10,17
2022,8,Harvard,Princeton,-2.5,47.0,10,37
2022,8,Northern Iowa,Missouri State,1.5,56.5,41,20
2022,8,North Dakota,South Dakota State,-10.0,45.5,35,49
2022,8,Southern Utah,Stephen F. Austin,-4.5,46.0,38,41
2022,8,Lafayette,Holy Cross,-24.5,38.5,21,24
2022,8,Mississippi Valley State,Bethune-Cookman,-4.0,47.5,35,45
2022,8,Alcorn State,Texas Southern,9.5,49.5,27,34
2022,8,Towson,William & Mary,-18.5,48.5,24,44
2022,8,Stony Brook,Maine,-3.5,43.5,28,27
2022,8,Charleston Southern,Gardner-Webb,-11.5,55.0,14,28
2022,8,Montana State,Weber State,-3.0,53.5,43,38
2022,8,Brown,Cornell,2.5,58.5,21,24
2022,8,Northern Colorado,UC Davis,-19.0,60.0,10,58
2022,8,Columbia,Dartmouth,2.0,38.0,24,27
2022,8,Sacramento State,Montana,5.0,53.0,31,24
2022,8,Eastern Kentucky,North Alabama,13.5,67.5,56,53
2022,8,Idaho State,Northern Arizona,-3.5,52.0,10,24
2022,8,Idaho,Portland State,12.0,57.5,56,21
2022,8,Tennessee,UT Martin,38.5,71.5,65,24
2022,8,Delaware,Morgan State,33.5,47.5,38,7
2022,8,Central Connecticut,Duquesne,-5.5,44.0,6,30
2022,8,Northwestern State,Southeast Missouri State,-16.5,65.5,16,51
2022,8,East Tennessee State,Samford,-2.5,49.0,45,55
2022,8,Lehigh,Bucknell,10.0,36.0,17,19
2022,8,Wagner,Long Island University,-3.5,54.0,37,26
2022,8,Pennsylvania,Yale,4.5,45.5,20,13
2022,8,Hampton,Richmond,-20.0,50.0,10,41
2022,8,Western Illinois,Youngstown State,-12.5,58.0,27,28
2022,8,South Dakota,Southern Illinois,-3.5,45.5,27,24
2022,8,Lamar,Prairie View A&M,-10.0,48.0,21,54
2022,8,Morehead State,Valparaiso,-3.0,55.5,35,40
2022,8,Lindenwood,Murray State,10.0,63.5,33,18
2022,9,Lafayette,Georgetown,10.5,43.0,20,30
2022,9,Butler,Morehead State,8.5,58.5,56,20
2022,9,Weber State,Montana,3.5,48.5,24,21
2022,9,Brown,Pennsylvania,-13.0,55.5,34,31
2022,9,Houston Christian,UT Martin,-24.0,58.0,28,52
2022,9,Morgan State,South Carolina State,-10.5,46.0,41,14
2022,9,California,Oregon,-16.5,56.5,24,42
2022,9,BYU,East Carolina,3.5,64.0,24,27
2022,9,UCF,Cincinnati,1.5,55.5,25,21
2022,9,Houston,South Florida,17.5,59.0,42,27
2022,9,Navy,Temple,14.5,41.5,27,20
2022,9,William & Mary,Rhode Island,6.5,59.5,31,30
2022,9,Dayton,Valparaiso,3.0,55.0,31,24
2022,9,Stetson,Drake,7.0,47.5,17,24
2022,9,Monmouth,Towson,19.5,57.0,48,52
2022,9,UAlbany,Stony Brook,9.5,46.0,59,14
2022,9,Southern Miss,Louisiana,-2.5,43.0,39,24
2022,9,Massachusetts,New Mexico State,-1.0,39.0,13,23
2022,9,Michigan,Michigan State,22.5,55.0,29,7
2022,9,NC State,Virginia Tech,13.5,39.0,22,21
2022,9,Eastern Michigan,Toledo,-4.0,54.0,24,27
2022,9,Rice,Charlotte,15.5,61.0,23,56
2022,9,Arkansas State,South Alabama,-9.0,52.0,3,31
2022,9,Colorado,Arizona State,-13.0,48.5,34,42
2022,9,Boise State,Colorado State,25.0,42.5,49,10
2022,9,UCLA,Stanford,16.5,64.5,38,13
2022,9,Western Kentucky,North Texas,10.0,70.0,13,40
2022,9,Kansas State,Oklahoma State,2.5,57.5,48,0
2022,9,Arizona,USC,-14.0,74.0,37,45
2022,9,Texas A&M,Ole Miss,-3.0,55.5,28,31
2022,9,San José State,Nevada,24.5,44.5,35,28
2022,9,Syracuse,Notre Dame,-1.0,48.0,24,41
2022,9,Minnesota,Rutgers,14.0,40.5,31,0
2022,9,Georgia,Florida,23.0,56.5,42,20
2022,9,Texas Tech,Baylor,1.5,61.0,17,45
2022,9,Akron,Miami (OH),-9.0,51.5,9,27
2022,9,Auburn,Arkansas,-4.0,60.0,27,41
2022,9,Nebraska,Illinois,-7.5,50.5,9,26
2022,9,Penn State,Ohio State,-15.5,60.5,31,44
2022,9,Florida International,Louisiana Tech,-6.5,57.0,42,34
2022,9,Iowa State,Oklahoma,-1.5,58.0,13,27
2022,9,South Carolina,Missouri,3.5,45.5,10,23
2022,9,Virginia,Miami,-3.0,48.5,12,14
2022,9,Florida State,Georgia Tech,23.5,48.0,41,16
2022,9,Iowa,Northwestern,11.5,37.5,33,13
2022,9,Florida Atlantic,UAB,-4.5,45.0,24,17
2022,9,UConn,Boston College,-8.0,44.0,13,3
2022,9,Washington State,Utah,-7.0,56.5,17,21
2022,9,West Virginia,TCU,-7.0,69.5,31,41
2022,9,Georgia State,Old Dominion,3.5,54.0,31,17
2022,9,Tulsa,SMU,-1.0,63.5,34,45
2022,9,Hawai'i,Wyoming,-11.5,50.5,20,27
2022,9,North Carolina,Pittsburgh,2.5,65.5,42,24
2022,9,UTEP,Middle Tennessee,2.5,52.0,13,24
2022,9,Marshall,Coastal Carolina,2.5,54.0,13,24
2022,9,Louisville,Wake Forest,-3.0,66.0,48,21
2022,9,Tennessee,Kentucky,10.5,62.5,44,6
2022,9,Fresno State,San Diego State,10.5,44.5,32,28
2022,9,Prairie View A&M,Bethune-Cookman,16.5,56.0,58,48
2022,9,Southern Illinois,Northern Iowa,5.5,53.5,36,37
2022,9,Murray State,Tennessee State,-14.0,50.0,19,3
2022,9,Grambling,Alcorn State,-8.0,51.5,35,6
2022,9,Marist,Presbyterian,13.0,48.5,37,7
2022,9,Holy Cross,Fordham,10.5,68.5,53,52
2022,9,Duquesne,Long Island University,13.0,52.5,48,50
2022,9,Eastern Washington,Portland State,10.5,66.0,35,38
2022,9,Sacramento State,Idaho,14.0,62.5,31,28
2022,9,Columbia,Yale,-5.0,43.5,16,41
2022,9,North Dakota State,Illinois State,18.0,41.0,24,7
2022,9,Lamar,Nicholls,-7.5,59.0,24,17
2022,9,The Citadel,Samford,-15.5,46.0,3,38
2022,9,Elon,Delaware,-3.0,46.0,27,7
2022,9,McNeese,SE Louisiana,-18.0,60.5,27,28
2022,9,Tarleton State,Sam Houston,-7.5,46.5,21,40
2022,9,UC Davis,Cal Poly,24.5,60.5,59,17
2022,9,Maine,Richmond,-14.5,54.5,21,31
2022,9,Villanova,Hampton,22.5,57.5,24,10
2022,9,App State,Robert Morris,50.0,59.5,42,3
2022,9,Sacred Heart,Saint Francis,-6.0,46.0,14,44
2022,9,Central Connecticut,Wagner,8.5,46.5,34,7
2022,9,Bucknell,Colgate,-7.5,42.5,7,13
2022,9,Jackson State,Southern,17.5,56.0,35,0
2022,9,Alabama State,Alabama A&M,-2.5,47.5,24,17
2022,9,Dartmouth,Harvard,-2.5,53.5,13,28
2022,9,Southeast Missouri State,Eastern Kentucky,6.0,71.5,23,28
2022,9,Delaware State,North Carolina Central,-13.0,48.0,21,28
2022,9,Youngstown State,South Dakota,3.5,47.5,45,24
2022,9,St. Thomas (MN),San Diego,6.5,44.0,49,42
2022,9,Furman,Chattanooga,-7.0,44.5,24,20
2022,9,VMI,Mercer,-27.5,55.5,14,55
2022,9,North Carolina A&T,Campbell,-3.0,52.0,45,38
2022,9,Gardner-Webb,Bryant,17.0,50.5,48,40
2022,9,Wofford,East Tennessee State,-7.5,51.0,48,41
2022,9,South Dakota State,Indiana State,26.5,49.0,49,7
2022,9,Missouri State,Western Illinois,17.5,56.5,64,14
2022,9,Norfolk State,Howard,-7.0,52.0,21,49
2022,9,Austin Peay,Jacksonville State,4.5,58.5,16,40
2022,9,North Dakota,Abilene Christian,11.5,51.0,34,31
2022,9,Florida A&M,Arkansas-Pine Bluff,18.5,54.5,27,6
2022,10,Ohio,Buffalo,-2.5,61.0,45,24
2022,10,Northern Illinois,Central Michigan,4.5,53.5,22,35
2022,10,Old Dominion,Marshall,-3.5,46.5,0,12
2022,10,Southern Miss,Georgia State,2.0,48.0,14,42
2022,10,Georgia Southern,South Alabama,-3.5,60.5,31,38
2022,10,Louisiana,Troy,-3.5,42.5,17,23
2022,10,UL Monroe,Texas State,2.5,52.5,31,30
2022,10,Northern Iowa,South Dakota State,-10.5,49.5,28,31
2022,10,Western Illinois,North Dakota State,-29.5,46.5,17,56
2022,10,Elon,UAlbany,11.0,52.5,27,3
2022,10,Tulsa,Tulane,-6.5,56.0,13,27
2022,10,Temple,South Florida,-3.5,49.0,54,28
2022,10,San Diego State,UNLV,5.0,47.0,14,10
2022,10,Virginia,North Carolina,-7.5,61.5,28,31
2022,10,Rice,UTEP,3.5,47.0,37,30
2022,10,Oklahoma,Baylor,3.0,61.5,35,38
2022,10,Texas A&M,Florida,1.5,53.5,24,41
2022,10,Illinois,Michigan State,16.0,41.0,15,23
2022,10,Wisconsin,Maryland,5.0,47.5,23,10
2022,10,UConn,Massachusetts,15.0,40.0,27,10
2022,10,Boston College,Duke,-11.5,47.5,31,38
2022,10,SMU,Houston,3.5,66.0,77,63
2022,10,Utah State,New Mexico,14.5,42.5,27,10
2022,10,Nebraska,Minnesota,-14.5,44.5,13,20
2022,10,NC State,Wake Forest,-3.0,54.0,30,21
2022,10,Missouri,Kentucky,1.0,40.0,17,21
2022,10,Arkansas,Liberty,14.5,61.5,19,21
2022,10,Northwestern,Ohio State,-37.5,55.5,7,21
2022,10,Coastal Carolina,App State,-3.0,65.5,35,28
2022,10,Bowling Green,Western Michigan,5.0,48.0,13,9
2022,10,Charlotte,Western Kentucky,-14.5,72.5,7,59
2022,10,Purdue,Iowa,3.5,39.5,3,24
2022,10,Army,Air Force,-7.0,40.5,7,13
2022,10,Louisville,James Madison,6.5,53.5,34,10
2022,10,Washington,Oregon State,4.5,53.5,24,21
2022,10,Virginia Tech,Georgia Tech,4.0,40.5,27,28
2022,10,Colorado,Oregon,-31.0,62.5,10,49
2022,10,Mississippi State,Auburn,12.5,50.5,39,33
2022,10,Memphis,UCF,-3.0,60.5,28,35
2022,10,Iowa State,West Virginia,6.5,49.5,31,14
2022,10,Stanford,Washington State,-3.0,48.5,14,52
2022,10,LSU,Alabama,-13.5,56.5,32,31
2022,10,North Texas,Florida International,21.5,63.0,52,14
2022,10,San José State,Colorado State,24.0,44.5,28,16
2022,10,Louisiana Tech,Middle Tennessee,-2.5,63.5,40,24
2022,10,Rutgers,Michigan,-26.5,45.0,17,52
2022,10,Indiana,Penn State,-13.5,50.0,14,45
2022,10,Fresno State,Hawai'i,27.5,62.0,55,13
2022,10,Vanderbilt,South Carolina,-6.5,49.0,27,38
2022,10,Pittsburgh,Syracuse,3.5,47.5,19,9
2022,10,Kansas,Oklahoma State,3.0,60.5,37,16
2022,10,Cincinnati,Navy,18.5,43.5,20,10
2022,10,Arizona State,UCLA,-11.0,67.0,36,50
2022,10,Georgia,Tennessee,10.0,65.5,27,13
2022,10,Notre Dame,Clemson,-3.5,43.5,35,14
2022,10,Kent State,Ball State,7.0,61.5,20,27
2022,10,UAB,UTSA,-2.5,53.5,38,44
2022,10,TCU,Texas Tech,8.5,69.0,34,24
2022,10,Boise State,BYU,9.5,54.5,28,31
2022,10,Kansas State,Texas,-3.0,54.5,27,34
2022,10,Utah,Arizona,17.5,67.5,45,20
2022,10,Miami,Florida State,-6.5,54.0,3,45
2022,10,USC,California,21.0,61.0,41,35
2022,10,Harvard,Columbia,10.5,48.5,20,21
2022,10,Indiana State,North Dakota,-11.5,52.0,7,42
2022,10,North Carolina A&T,Norfolk State,23.5,53.5,49,24
2022,10,Princeton,Dartmouth,16.5,42.5,17,14
2022,10,Stony Brook,Morgan State,10.5,43.5,24,22
2022,10,Davidson,Stetson,19.5,57.0,56,48
2022,10,Georgetown,Saint Francis,-17.0,56.5,24,38
2022,10,Hampton,William & Mary,-20.5,51.5,14,20
2022,10,Charleston Southern,Robert Morris,17.5,45.5,34,21
2022,10,San Diego,Butler,6.0,51.5,23,26
2022,10,Samford,VMI,28.5,59.5,34,15
2022,10,The Citadel,Chattanooga,-19.5,39.5,21,31
2022,10,Valparaiso,St. Thomas (MN),-6.0,51.5,7,34
2022,10,Bucknell,Fordham,-24.5,64.5,17,59
2022,10,South Carolina State,Delaware State,7.5,41.0,24,27
2022,10,Delaware,Monmouth,10.0,59.5,49,17
2022,10,Rhode Island,Maine,15.5,57.0,26,22
2022,10,Western Carolina,Wofford,10.0,60.0,36,29
2022,10,Towson,Villanova,-10.5,53.5,27,3
2022,10,Tennessee Tech,Lindenwood,4.0,62.5,35,34
2022,10,Eastern Kentucky,Central Arkansas,1.0,70.5,42,14
2022,10,Illinois State,Youngstown State,1.5,41.0,17,19
2022,10,North Carolina Central,Howard,7.0,59.0,50,21
2022,10,South Dakota,Missouri State,-3.5,53.5,20,13
2022,10,Grambling,Arkansas-Pine Bluff,9.5,55.0,36,10
2022,10,Richmond,New Hampshire,12.5,48.0,40,34
2022,10,Prairie View A&M,Alcorn State,9.0,51.0,16,23
2022,10,Yale,Brown,13.0,57.0,69,17
2022,10,Texas Southern,Jackson State,-23.5,51.5,14,41
2022,10,Long Island University,Central Connecticut,-1.5,52.0,29,20
2022,10,Tennessee State,Southeast Missouri State,-11.5,50.5,0,42
2022,10,Weber State,Sacramento State,2.0,58.0,30,33
2022,10,Presbyterian,Dayton,-20.5,50.5,28,52
2022,10,Bethune-Cookman,Alabama State,-6.5,51.5,22,37
2022,10,Bryant,Campbell,-8.5,61.0,43,37
2022,10,Incarnate Word,Houston Christian,38.5,65.0,73,20
2022,10,Lamar,SE Louisiana,-24.5,60.5,31,47
2022,10,Tarleton State,Abilene Christian,-4.0,53.5,23,28
2022,10,North Alabama,Austin Peay,-12.5,64.0,35,38
2022,10,McNeese,Eastern Illinois,4.5,55.5,29,15
2022,10,Florida A&M,Southern,3.5,47.5,30,16
2022,10,Colgate,Lafayette,4.5,35.5,16,21
2022,10,Holy Cross,Lehigh,30.0,48.5,42,14
2022,10,Morehead State,Marist,-3.0,55.0,21,31
2022,10,Duquesne,Sacred Heart,2.5,44.5,35,28
2022,10,Idaho,Eastern Washington,17.0,67.0,48,16
2022,10,Montana,Cal Poly,31.5,54.5,57,0
2022,10,UC Davis,Idaho State,28.0,56.0,43,3
2022,10,Northern Arizona,Montana State,-16.0,57.0,38,41
2022,10,Portland State,Northern Colorado,13.0,60.5,35,21
2022,10,Cornell,Pennsylvania,-10.5,46.5,21,28
2022,11,Florida International,Florida Atlantic,-15.5,54.5,7,52
2022,11,Howard,South Carolina State,2.5,54.5,28,14
2022,11,Campbell,Gardner-Webb,-2.0,61.5,35,42
2022,11,Virginia,Pittsburgh,-5.5,41.5,7,37
2022,11,Navy,Notre Dame,-17.0,40.5,32,35
2022,11,Lehigh,Colgate,-3.0,38.5,36,33
2022,11,Western Illinois,Indiana State,-3.5,52.0,0,21
2022,11,Cornell,Dartmouth,-6.0,44.5,17,13
2022,11,Drake,Butler,-7.5,44.5,27,24
2022,11,Pennsylvania,Harvard,2.5,44.5,14,37
2022,11,Norfolk State,North Carolina Central,-18.5,61.5,14,48
2022,11,East Tennessee State,Western Carolina,6.0,73.5,17,20
2022,11,Texas,TCU,7.5,66.0,10,17
2022,11,Baylor,Kansas State,2.5,52.5,3,31
2022,11,West Virginia,Oklahoma,-8.5,68.5,23,20
2022,11,Oklahoma State,Iowa State,-2.5,47.5,20,14
2022,11,Louisiana,Georgia Southern,3.5,63.0,36,17
2022,11,Ohio State,Indiana,40.5,62.0,56,14
2022,11,UNLV,Fresno State,-8.5,62.0,30,37
2022,11,Western Michigan,Northern Illinois,-1.0,49.0,21,24
2022,11,UTSA,Louisiana Tech,17.5,68.5,51,7
2022,11,Houston,Temple,20.0,56.0,43,36
2022,11,Illinois,Purdue,6.0,44.0,24,31
2022,11,Middle Tennessee,Charlotte,10.0,67.0,24,14
2022,11,Western Kentucky,Rice,13.5,61.0,45,10
2022,11,UAB,North Texas,6.5,58.0,41,21
2022,11,Air Force,New Mexico,21.0,37.0,35,3
2022,11,Wake Forest,North Carolina,4.5,79.0,34,36
2022,11,Tulane,UCF,1.0,54.5,31,38
2022,11,Central Michigan,Buffalo,2.5,54.0,31,27
2022,11,Washington State,Arizona State,9.5,59.5,28,18
2022,11,Troy,Army,8.5,45.5,10,9
2022,11,San Diego State,San José State,-2.0,41.5,43,27
2022,11,Marshall,App State,-2.0,47.5,28,21
2022,11,Oregon State,California,11.5,47.0,38,10
2022,11,Bowling Green,Kent State,-2.5,55.5,6,40
2022,11,South Florida,SMU,-17.5,72.5,23,41
2022,11,USC,Colorado,34.5,66.0,55,17
2022,11,Tennessee,Missouri,19.5,57.5,66,24
2022,11,Mississippi State,Georgia,-16.5,53.0,19,45
2022,11,Oregon,Washington,12.0,74.0,34,37
2022,11,South Alabama,Texas State,16.5,46.0,38,21
2022,11,Duke,Virginia Tech,10.0,49.5,24,7
2022,11,Cincinnati,East Carolina,4.5,51.5,27,25
2022,11,Colorado State,Wyoming,-8.5,42.5,13,14
2022,11,UConn,Liberty,-13.5,45.0,36,33
2022,11,Toledo,Ball State,13.5,53.5,28,21
2022,11,UCLA,Arizona,20.0,77.5,28,34
2022,11,Miami (OH),Ohio,-2.5,52.0,21,37
2022,11,Iowa,Wisconsin,-1.5,35.5,24,10
2022,11,Ole Miss,Alabama,-11.0,65.5,24,30
2022,11,Arkansas,LSU,-3.5,59.0,10,13
2022,11,Minnesota,Northwestern,17.0,41.0,31,3
2022,11,Utah,Stanford,24.0,54.0,42,7
2022,11,Georgia State,UL Monroe,13.5,59.5,28,31
2022,11,Arkansas State,Massachusetts,17.5,49.5,35,33
2022,11,Clemson,Louisville,7.0,52.0,31,16
2022,11,Akron,Eastern Michigan,-6.5,57.5,28,34
2022,11,Michigan,Nebraska,30.5,49.5,34,3
2022,11,Florida,South Carolina,8.0,58.0,38,6
2022,11,Georgia Tech,Miami,2.0,43.5,14,35
2022,11,Memphis,Tulsa,6.5,62.5,26,10
2022,11,Nevada,Boise State,-21.0,47.5,3,41
2022,11,Auburn,Texas A&M,1.5,48.5,13,10
2022,11,Hawai'i,Utah State,-10.5,55.0,34,41
2022,11,Coastal Carolina,Southern Miss,5.0,48.0,26,23
2022,11,Syracuse,Florida State,-7.0,51.0,3,38
2022,11,NC State,Boston College,18.0,41.0,20,21
2022,11,Penn State,Maryland,10.5,56.5,30,0
2022,11,Kentucky,Vanderbilt,17.0,45.5,21,24
2022,11,Michigan State,Rutgers,10.0,41.0,27,21
2022,11,Old Dominion,James Madison,-7.5,48.0,3,37
2022,11,Texas Tech,Kansas,3.5,63.5,43,28
2022,11,Texas Southern,Grambling,6.5,55.0,41,7
2022,11,Delaware,Richmond,4.0,45.5,13,21
2022,11,Stony Brook,Towson,-5.5,43.5,17,21
2022,11,New Hampshire,Rhode Island,-1.0,52.5,31,28
2022,11,Stephen F. Austin,Central Arkansas,-0.0,74.5,7,34
2022,11,Southern,Mississippi Valley State,20.5,47.5,27,7
2022,11,Alabama State,Florida A&M,-4.5,36.5,14,21
2022,11,Saint Francis,Duquesne,13.0,52.0,51,14
2022,11,Wagner,Sacred Heart,-17.0,48.0,28,38
2022,11,Eastern Illinois,Southeast Missouri State,-20.0,58.5,7,31
2022,11,Marist,Valparaiso,-2.0,48.0,24,45
2022,11,Georgetown,Bucknell,6.5,47.5,21,24
2022,11,North Carolina A&T,Charleston Southern,9.5,54.5,20,10
2022,11,Fordham,Lafayette,21.5,66.5,45,10
2022,11,Dayton,Morehead State,14.0,56.5,49,27
2022,11,Holy Cross,Bryant,21.5,63.5,36,29
2022,11,UAlbany,Maine,5.0,61.0,23,21
2022,11,William & Mary,Villanova,10.5,52.5,45,12
2022,11,Yale,Princeton,-3.0,45.5,24,20
2022,11,North Dakota,South Dakota,8.5,49.5,28,19
2022,11,Hampton,Elon,-17.5,42.5,24,38
2022,11,New Mexico State,Lamar,22.0,48.5,51,14
2022,11,North Alabama,Tennessee Tech,3.0,66.5,27,35
2022,11,South Dakota State,Illinois State,21.0,38.5,31,7
2022,11,Missouri State,Youngstown State,4.0,57.5,25,22
2022,11,San Diego,Davidson,-4.5,57.5,31,14
2022,11,Mercer,Furman,11.0,52.5,13,23
2022,11,St. Thomas (MN),Stetson,16.0,59.5,23,0
2022,11,Alcorn State,Bethune-Cookman,11.0,58.5,17,14
2022,11,Murray State,Robert Morris,7.0,44.0,27,9
2022,11,Wofford,VMI,9.0,49.5,34,16
2022,11,Jacksonville State,Eastern Kentucky,4.0,63.5,42,17
2022,11,Delaware State,Morgan State,2.5,41.0,7,37
2022,11,Southern Illinois,North Dakota State,-7.0,54.0,18,21
2022,11,Chattanooga,Samford,4.5,54.0,24,35
2022,11,SE Louisiana,Northwestern State,24.0,66.5,23,7
2022,11,Sam Houston,Abilene Christian,8.0,39.5,28,45
2022,11,Arkansas-Pine Bluff,Prairie View A&M,-17.0,55.5,24,55
2022,11,Jackson State,Alabama A&M,28.5,55.0,27,13
2022,11,Weber State,Idaho State,32.0,49.5,45,7
2022,11,Cal Poly,Montana State,-25.5,68.0,28,72
2022,11,Montana,Eastern Washington,24.0,62.5,63,7
2022,11,Idaho,UC Davis,3.0,59.0,26,44
2022,11,Northern Colorado,Northern Arizona,-11.0,54.5,21,20
2022,11,Brown,Columbia,-4.0,55.5,24,31
2022,11,Central Connecticut,Merrimack,-8.0,43.5,14,20
2022,11,Tennessee State,UT Martin,-13.5,54.5,3,20
2022,11,Portland State,Sacramento State,-21.0,67.5,17,45
2022,12,Central Michigan,Western Michigan,10.0,48.5,10,12
2022,12,New Mexico,San Diego State,-14.5,36.0,10,34
2022,12,Ball State,Ohio,-3.5,57.5,18,32
2022,12,Toledo,Bowling Green,14.5,46.5,35,42
2022,12,Missouri,New Mexico State,29.0,46.5,45,14
2022,12,Kent State,Eastern Michigan,7.5,60.0,24,31
2022,12,Rutgers,Penn State,-18.5,45.0,10,55
2022,12,Northern Illinois,Miami (OH),1.0,44.0,23,29
2022,12,Kansas,Texas,-9.0,63.5,14,55
2022,12,Southern Miss,South Alabama,-7.5,45.0,20,27
2022,12,Tulane,SMU,3.5,65.0,59,24
2022,12,North Carolina,Georgia Tech,21.0,63.0,17,21
2022,12,Utah State,San José State,1.0,51.0,35,31
2022,12,Arizona,Washington State,-4.0,63.0,20,31
2022,12,Tulsa,South Florida,13.5,57.5,48,42
2022,12,UTEP,Florida International,14.0,50.0,40,6
2022,12,UCF,Navy,15.5,53.0,14,17
2022,12,Kentucky,Georgia,-22.5,47.5,6,16
2022,12,California,Stanford,5.0,46.0,27,20
2022,12,Nebraska,Wisconsin,-10.0,40.5,14,15
2022,12,Texas State,Arkansas State,6.0,50.0,16,13
2022,12,App State,Old Dominion,16.0,50.5,27,14
2022,12,Auburn,Western Kentucky,5.0,54.0,41,17
2022,12,Air Force,Colorado State,21.5,43.0,24,12
2022,12,Hawai'i,UNLV,-11.0,56.5,31,25
2022,12,Purdue,Northwestern,17.5,44.5,17,9
2022,12,Troy,UL Monroe,15.0,48.5,34,16
2022,12,Michigan,Illinois,17.0,41.5,19,17
2022,12,Vanderbilt,Florida,-14.0,58.0,31,24
2022,12,James Madison,Georgia State,10.0,52.0,42,40
2022,12,Temple,Cincinnati,-17.0,49.0,3,23
2022,12,Florida State,Louisiana,25.0,52.5,49,17
2022,12,Texas A&M,Massachusetts,32.0,46.0,20,3
2022,12,Liberty,Virginia Tech,10.5,46.5,22,23
2022,12,Charlotte,Louisiana Tech,-2.0,66.5,26,21
2022,12,Army,UConn,10.5,45.0,34,17
2022,12,Michigan State,Indiana,12.0,47.5,31,39
2022,12,West Virginia,Kansas State,-8.0,54.5,31,48
2022,12,Arizona State,Oregon State,-7.5,53.5,7,31
2022,12,Pittsburgh,Duke,7.0,49.0,28,26
2022,12,Baylor,TCU,-2.0,58.0,28,29
2022,12,Rice,UTSA,-14.0,56.0,7,41
2022,12,Maryland,Ohio State,-26.0,62.5,30,43
2022,12,Clemson,Miami,19.0,47.5,40,10
2022,12,East Carolina,Houston,6.0,66.5,3,42
2022,12,Notre Dame,Boston College,20.0,42.0,44,0
2022,12,Middle Tennessee,Florida Atlantic,-5.5,51.0,49,21
2022,12,Louisville,NC State,4.0,43.0,25,10
2022,12,Minnesota,Iowa,2.0,31.5,10,13
2022,12,Georgia Southern,Marshall,-6.0,52.5,10,23
2022,12,Iowa State,Texas Tech,3.5,47.5,10,14
2022,12,Wyoming,Boise State,-14.5,44.5,17,20
2022,12,South Carolina,Tennessee,-22.5,67.0,63,38
2022,12,Oklahoma,Oklahoma State,7.0,67.5,28,13
2022,12,Arkansas,Ole Miss,-1.0,68.0,42,27
2022,12,Wake Forest,Syracuse,9.5,58.5,45,35
2022,12,UCLA,USC,-2.5,77.5,45,48
2022,12,LSU,UAB,15.0,50.5,41,10
2022,12,Washington,Colorado,30.5,60.5,54,7
2022,12,Oregon,Utah,1.0,61.5,20,17
2022,12,Nevada,Fresno State,-22.5,54.0,14,41
2022,12,Harvard,Yale,1.5,52.5,14,19
2022,12,Illinois State,Western Illinois,21.0,37.5,20,13
2022,12,Monmouth,Stony Brook,14.5,62.5,24,21
2022,12,Morgan State,Howard,-5.0,49.0,6,35
2022,12,Butler,St. Thomas (MN),-7.5,47.5,13,27
2022,12,Valparaiso,Drake,7.5,48.5,0,24
2022,12,Maine,New Hampshire,-5.5,51.5,41,42
2022,12,South Dakota,Northern Iowa,-5.0,47.0,14,58
2022,12,Southeast Missouri State,Murray State,27.5,55.5,52,22
2022,12,Columbia,Cornell,5.0,44.0,45,22
2022,12,Dartmouth,Brown,10.5,50.5,30,7
2022,12,Montana State,Montana,-1.5,58.5,55,21
2022,12,Cal Poly,Portland State,-10.5,64.0,49,42
2022,12,Idaho State,Idaho,-24.5,56.0,7,38
2022,12,Furman,Wofford,19.5,46.5,63,28
2022,12,Central Arkansas,Jacksonville State,-3.5,63.0,17,40
2022,12,Alabama,Austin Peay,45.0,58.0,34,0
2022,12,Mississippi State,East Tennessee State,39.0,62.5,56,7
2022,12,Sacramento State,UC Davis,8.5,66.5,27,21
2022,12,South Carolina State,Norfolk State,15.5,50.0,38,42
2022,12,Indiana State,Missouri State,-10.5,49.0,7,24
2022,12,Abilene Christian,Stephen F. Austin,8.5,58.5,21,24
2022,12,Tennessee Tech,North Carolina Central,-2.5,60.5,20,22
2022,12,North Dakota State,North Dakota,12.5,55.5,42,21
2022,12,Youngstown State,Southern Illinois,-3.0,55.5,28,21
2022,12,UT Martin,Eastern Illinois,22.0,58.5,34,31
2022,12,Merrimack,Saint Francis,-9.0,47.5,23,52
2022,12,McNeese,Lamar,14.5,57.0,24,20
2022,12,Northwestern State,Incarnate Word,-28.5,71.5,7,66
2022,12,Sam Houston,Southern Utah,11.0,49.0,7,17
2022,12,Morehead State,San Diego,-14.5,57.5,9,14
2022,12,Florida A&M,Bethune-Cookman,-14.0,57.0,41,20
2022,12,Mississippi Valley State,Prairie View A&M,-19.5,50.0,27,7
2022,12,Memphis,North Alabama,36.0,67.5,59,0
2022,12,Eastern Washington,Northern Colorado,10.5,66.0,45,21
2022,12,Tarleton State,Houston Christian,18.0,58.5,49,7
2022,12,VMI,The Citadel,-3.5,42.5,22,26
2022,12,Northern Arizona,Weber State,-17.0,51.0,31,33
2022,12,Western Carolina,Chattanooga,-7.5,58.5,32,29
2022,12,Bucknell,Marist,8.0,42.5,24,13
2022,12,Delaware State,Campbell,-18.0,51.0,7,34
2022,12,Gardner-Webb,North Carolina A&T,10.5,56.5,38,17
2022,12,Fordham,Colgate,22.5,70.0,52,38
2022,12,Robert Morris,Bryant,-18.5,52.5,6,35
2022,12,Nicholls,SE Louisiana,-13.5,57.5,17,40
2022,12,Lafayette,Lehigh,3.0,32.5,14,11
2022,12,Davidson,Dayton,8.5,58.5,24,23
2022,12,Stetson,Presbyterian,20.5,56.0,42,21
2022,12,Sacred Heart,Long Island University,10.0,54.0,34,37
2022,12,Duquesne,Wagner,20.0,50.5,33,0
2022,12,Alabama A&M,Texas Southern,-2.5,54.5,24,20
2022,12,Princeton,Pennsylvania,11.5,42.5,19,20
2022,12,Richmond,William & Mary,1.5,53.0,26,37
2022,12,Rhode Island,UAlbany,10.0,59.5,35,21
2022,12,Villanova,Delaware,-7.5,44.5,29,26
2022,12,Towson,Hampton,7.5,48.0,27,7
2022,12,Alcorn State,Jackson State,-19.5,44.0,13,24
2022,12,Georgetown,Holy Cross,-28.0,61.5,10,47
2022,12,Samford,Mercer,-0.0,57.5,50,44
2022,13,Florida State,Florida,10.0,58.0,45,38
2022,13,California,UCLA,-11.5,62.5,28,35
2022,13,Miami (OH),Ball State,2.5,45.0,18,17
2022,13,Ohio,Bowling Green,5.5,52.5,38,14
2022,13,Western Michigan,Toledo,-8.5,50.5,20,14
2022,13,Boise State,Utah State,16.5,52.0,42,23
2022,13,Colorado State,New Mexico,7.0,36.0,17,0
2022,13,Fresno State,Wyoming,14.0,50.5,30,0
2022,13,Wisconsin,Minnesota,3.0,36.5,16,23
2022,13,Oregon State,Oregon,1.0,57.0,38,34
2022,13,Florida Atlantic,Western Kentucky,-7.5,62.0,31,32
2022,13,UTSA,UTEP,16.5,56.5,34,31
2022,13,James Madison,Coastal Carolina,15.5,53.0,47,7
2022,13,Buffalo,Kent State,4.5,51.0,27,30
2022,13,Maryland,Rutgers,14.5,48.5,37,0
2022,13,Indiana,Purdue,-10.0,53.0,16,30
2022,13,Kentucky,Louisville,3.5,42.5,26,13
2022,13,Texas State,Louisiana,-5.0,44.0,13,41
2022,13,San Diego State,Air Force,-2.0,43.5,3,13
2022,13,Miami,Pittsburgh,-4.0,44.0,16,42
2022,13,USC,Notre Dame,4.5,62.5,38,27
2022,13,Boston College,Syracuse,-10.5,47.0,23,32
2022,13,South Alabama,Old Dominion,16.5,47.0,27,20
2022,13,Georgia,Georgia Tech,36.5,49.0,37,14
2022,13,Massachusetts,Army,-20.0,45.0,7,44
2022,13,Kansas State,Kansas,12.0,62.0,47,27
2022,13,Ohio State,Michigan,9.0,56.0,23,45
2022,13,Clemson,South Carolina,14.0,53.0,30,31
2022,13,Duke,Wake Forest,-3.0,67.5,34,31
2022,13,North Texas,Rice,14.5,57.0,21,17
2022,13,North Carolina,NC State,6.5,56.0,27,30
2022,13,South Florida,UCF,-20.0,67.5,39,46
2022,13,Louisiana Tech,UAB,-18.0,55.5,27,37
2022,13,San José State,Hawai'i,15.0,58.0,27,14
2022,13,Colorado,Utah,-29.5,52.0,21,63
2022,13,Georgia Southern,App State,-6.5,66.0,51,48
2022,13,UNLV,Nevada,12.5,49.0,27,22
2022,13,Eastern Michigan,Central Michigan,1.0,53.5,38,19
2022,13,Texas,Baylor,10.0,55.0,38,27
2022,13,Arizona,Arizona State,4.0,66.5,38,35
2022,13,Florida International,Middle Tennessee,-19.5,54.5,28,33
2022,13,TCU,Iowa State,9.5,45.5,62,14
2022,13,Northwestern,Illinois,-14.5,38.0,3,41
2022,13,SMU,Memphis,4.5,68.5,34,31
2022,13,Texas Tech,Oklahoma,-1.5,65.5,51,48
2022,13,Iowa,Nebraska,10.5,38.0,17,24
2022,13,Alabama,Auburn,22.0,51.0,49,27
2022,13,Washington State,Washington,-2.5,60.0,33,51
2022,13,Ole Miss,Mississippi State,2.5,63.0,22,24
2022,13,Texas A&M,LSU,-10.0,47.5,38,23
2022,13,Oklahoma State,West Virginia,5.5,60.0,19,24
2022,13,Arkansas State,Troy,-13.5,44.0,19,48
2022,13,Liberty,New Mexico State,24.0,50.5,14,49
2022,13,Northern Illinois,Akron,9.5,52.0,12,44
2022,13,Marshall,Georgia State,6.5,45.5,28,23
2022,13,Stanford,BYU,-6.5,57.5,26,35
2022,13,Houston,Tulsa,13.0,67.0,30,37
2022,13,UL Monroe,Southern Miss,-3.0,50.0,10,20
2022,13,Cincinnati,Tulane,-1.0,44.0,24,27
2022,13,Temple,East Carolina,-9.5,52.0,46,49
2022,13,Missouri,Arkansas,-3.5,55.5,29,27
2022,13,Penn State,Michigan State,19.0,54.5,35,16
2022,13,Vanderbilt,Tennessee,-14.0,64.0,0,56
2022,13,Alabama State,Arkansas-Pine Bluff,18.0,46.5,14,19
2022,13,Weber State,North Dakota,11.0,57.5,38,31
2022,13,Montana,Southeast Missouri State,13.0,56.0,34,24
2022,13,Furman,Elon,4.5,48.0,31,6
2022,13,Delaware,Saint Francis,7.0,47.5,56,17
2022,13,Southern,Grambling,10.0,53.0,34,17
2022,13,Richmond,Davidson,22.0,56.5,41,0
2022,13,New Hampshire,Fordham,-1.0,76.5,52,42
2022,13,SE Louisiana,Idaho,-4.0,61.5,45,42
2022,13,Eastern Kentucky,Gardner-Webb,3.5,65.0,41,52
2022,14,Buffalo,Akron,12.0,55.0,23,22
2022,14,UTSA,North Texas,8.5,70.0,48,27
2022,14,USC,Utah,2.5,67.5,24,47
2022,14,TCU,Kansas State,-1.0,60.5,28,31
2022,14,Ohio,Toledo,-3.5,54.5,7,17
2022,14,Holy Cross,New Hampshire,7.0,55.5,35,19
2022,14,Incarnate Word,Furman,9.5,64.5,41,38
2022,14,William & Mary,Gardner-Webb,10.0,61.5,54,14
2022,14,Montana State,Weber State,6.5,62.5,33,25
2022,14,Samford,SE Louisiana,7.0,65.5,48,42
2022,14,South Dakota State,Delaware,17.0,47.5,42,6
2022,14,New Mexico State,Valparaiso,31.5,55.0,65,3
2022,14,Troy,Coastal Carolina,6.5,49.0,45,26
2022,14,North Dakota State,Montana,9.0,52.0,49,26
2022,14,Georgia,LSU,17.5,52.0,50,30
2022,14,Boise State,Fresno State,3.0,54.5,16,28
2022,14,Jackson State,Southern,20.5,51.0,43,24
2022,14,Tulane,UCF,3.5,57.5,45,28
2022,14,Sacramento State,Richmond,14.5,54.0,38,31
2022,14,Michigan,Purdue,16.0,54.0,43,22
2022,14,North Carolina,Clemson,-7.5,64.0,10,39
2022,15,North Dakota State,Samford,19.0,62.5,24,3
2022,15,Montana State,William & Mary,9.0,65.0,55,0
2022,15,Sacramento State,Incarnate Word,6.5,77.5,63,66
2022,15,South Dakota State,Holy Cross,19.0,54.0,41,21
2022,15,Army,Navy,-2.5,32.0,20,17
2023,1,Colorado State,Washington State,-11.0,55.5,24,50
2023,1,Campbell,William & Mary,-17.5,54.5,24,34
2023,1,Lehigh,Villanova,-19.0,50.5,10,38
2023,1,Mercer,North Alabama,23.5,58.5,17,7
2023,1,Illinois State,Dayton,19.0,45.0,41,0
2023,1,Jacksonville State,East Tennessee State,20.0,55.0,49,3
2023,1,USC,Nevada,38.0,63.5,66,14
2023,1,Baylor,Texas State,27.5,60.5,31,42
2023,1,UL Monroe,Army,-9.0,47.0,17,13
2023,1,Temple,Akron,10.0,56.5,24,21
2023,1,Kentucky,Ball State,26.5,49.0,44,14
2023,1,Oklahoma,Arkansas State,36.0,58.0,73,0
2023,1,Vanderbilt,Hawai'i,18.0,54.5,35,28
2023,1,Western Kentucky,South Florida,11.5,70.0,41,24
2023,1,Jacksonville State,UTEP,-1.0,53.5,17,14
2023,1,Texas A&M,New Mexico,38.0,49.0,52,10
2023,1,San Diego State,Ohio,3.5,49.0,20,13
2023,1,New Mexico State,Massachusetts,8.0,42.5,30,41
2023,1,Louisiana Tech,Florida International,10.0,59.0,22,17
2023,1,Notre Dame,Navy,20.0,50.5,42,3
2023,1,Houston,UTSA,-0.0,61.0,17,14
2023,1,Iowa,Utah State,23.5,43.5,24,14
2023,1,Illinois,Toledo,10.0,49.5,30,28
2023,1,Penn State,West Virginia,20.5,53.5,38,15
2023,1,Tulane,South Alabama,6.5,52.0,37,17
2023,1,Tennessee,Virginia,28.0,58.5,49,13
2023,1,Utah,Florida,8.0,48.0,24,11
2023,1,Liberty,Bowling Green,9.5,49.5,34,24
2023,1,Purdue,Fresno State,5.5,51.5,35,39
2023,1,USC,San José State,30.5,63.5,56,28
2023,1,BYU,Sam Houston,20.0,46.5,14,0
2023,1,Auburn,Massachusetts,39.0,53.5,59,14
2023,1,Boston College,Northern Illinois,10.0,52.0,24,27
2023,1,Alabama,Middle Tennessee,39.5,51.5,56,7
2023,1,Michigan State,Central Michigan,15.0,50.0,31,7
2023,1,Georgia Tech,Louisville,-8.0,51.5,34,39
2023,1,Miami,Miami (OH),16.5,45.5,38,3
2023,1,UCF,Kent State,33.5,58.5,56,6
2023,1,UConn,NC State,-16.5,48.0,14,24
2023,1,Minnesota,Nebraska,7.0,46.0,13,10
2023,1,Indiana,Ohio State,-27.5,59.5,3,23
2023,1,North Texas,California,-9.0,57.5,21,58
2023,1,UCLA,Coastal Carolina,14.5,66.5,27,13
2023,1,Michigan,East Carolina,34.5,52.0,30,3
2023,1,SMU,Louisiana Tech,20.0,66.5,38,14
2023,1,San José State,Oregon State,-16.5,55.0,17,42
2023,1,Hawai'i,Stanford,-3.0,55.5,24,37
2023,1,TCU,Colorado,20.0,59.0,42,45
2023,1,Duke,Clemson,-12.5,57.5,28,7
2023,1,Florida State,LSU,-2.5,55.5,45,24
2023,1,Washington,Boise State,14.5,59.0,56,19
2023,1,Wyoming,Texas Tech,-13.5,53.5,35,33
2023,1,Rutgers,Northwestern,7.0,40.5,24,7
2023,1,North Carolina,South Carolina,-2.5,62.5,31,17
2023,1,Texas,Rice,35.0,59.0,37,10
2023,1,Wisconsin,Buffalo,24.0,55.0,38,17
2023,1,Virginia Tech,Old Dominion,16.0,48.0,36,17
2023,1,UAB,North Carolina A&T,24.0,46.5,35,6
2023,1,Missouri,South Dakota,27.0,44.5,35,10
2023,1,Tulsa,Arkansas-Pine Bluff,40.5,52.5,42,7
2023,1,Wake Forest,Elon,32.5,53.5,37,17
2023,1,Georgia State,Rhode Island,17.5,61.5,42,35
2023,1,Arizona State,Southern Utah,34.5,59.5,24,21
2023,1,Sacred Heart,Lafayette,5.5,38.5,14,19
2023,1,Cincinnati,Eastern Kentucky,21.5,58.0,66,13
2023,1,Mississippi State,SE Louisiana,31.5,59.5,48,7
2023,1,James Madison,Bucknell,47.5,53.5,38,3
2023,1,New Mexico State,Western Illinois,21.0,55.0,58,21
2023,1,App State,Gardner-Webb,22.5,51.5,45,24
2023,1,Air Force,Robert Morris,46.0,51.5,42,7
2023,1,Vanderbilt,Alabama A&M,35.0,53.5,47,13
2023,1,Charlotte,South Carolina State,23.5,44.5,24,3
2023,1,Marshall,UAlbany,22.0,48.0,21,17
2023,1,Ole Miss,Mercer,34.0,58.5,73,7
2023,1,North Dakota State,Eastern Washington,23.0,59.0,35,10
2023,1,Notre Dame,Tennessee State,48.0,54.5,56,3
2023,1,Stonehill,New Hampshire,-21.0,53.0,17,51
2023,1,Iowa State,Northern Iowa,7.5,41.5,30,9
2023,1,Georgetown,Marist,7.0,46.0,49,7
2023,1,UTEP,Incarnate Word,7.5,57.5,28,14
2023,1,Arizona,Northern Arizona,28.5,61.0,38,3
2023,1,Pittsburgh,Wofford,37.5,48.5,45,7
2023,1,Florida International,Maine,15.0,46.5,14,12
2023,1,Ohio,Long Island University,35.5,57.5,27,10
2023,1,San Diego State,Idaho State,34.5,51.5,36,28
2023,1,Oklahoma State,Central Arkansas,26.5,59.5,27,13
2023,1,Louisiana,Northwestern State,35.0,54.5,38,13
2023,1,Troy,Stephen F. Austin,26.0,48.0,48,30
2023,1,Arkansas,Western Carolina,38.0,61.5,56,13
2023,1,Oregon,Portland State,48.5,65.0,81,7
2023,1,Florida Atlantic,Monmouth,26.0,56.0,42,20
2023,1,Syracuse,Colgate,40.0,49.5,65,0
2023,1,Georgia Southern,The Citadel,34.5,53.5,34,0
2023,1,Southern Miss,Alcorn State,24.5,47.5,40,14
2023,1,Alabama State,Southern,-2.5,42.5,14,10
2023,1,Georgia,UT Martin,51.0,58.0,48,7
2023,1,Maryland,Towson,38.5,56.5,38,6
2023,1,UNLV,Bryant,17.0,66.0,44,14
2023,1,North Dakota,Drake,34.5,50.5,55,7
2023,1,Murray State,Presbyterian,28.5,54.5,41,10
2023,1,McNeese,Tarleton State,-3.5,54.5,34,52
2023,1,Richmond,Morgan State,25.5,43.5,10,17
2023,1,Fordham,Wagner,28.0,56.5,46,16
2023,1,North Alabama,Chattanooga,-19.5,52.5,41,27
2023,1,Southern Illinois,Austin Peay,7.5,55.0,49,23
2023,1,Florida A&M,Jackson State,-3.5,47.5,28,10
2023,1,UAlbany,Fordham,4.5,59.0,34,13
2023,1,Jackson State,South Carolina State,9.5,45.5,37,7
2023,1,Nicholls,Sacramento State,-23.5,54.5,24,38
2023,1,Kansas,Missouri State,32.5,60.5,48,17
2023,1,Memphis,Bethune-Cookman,49.0,59.5,56,14
2023,1,Kansas State,Southeast Missouri State,28.5,56.5,45,0
2023,1,Youngstown State,Valparaiso,36.0,51.5,52,10
2023,1,Furman,Tennessee Tech,27.0,49.5,45,10
2023,1,Stony Brook,Delaware,-15.0,45.5,13,37
2023,1,Abilene Christian,Northern Colorado,13.5,51.5,31,11
2023,1,Lamar,Idaho,-25.5,55.5,17,42
2023,1,Western Michigan,Saint Francis,14.0,58.0,35,17
2023,1,Eastern Michigan,Howard,20.0,55.5,33,23
2023,2,Oklahoma,SMU,16.5,68.5,28,11
2023,2,Northern Iowa,Weber State,7.5,50.5,17,34
2023,2,North Dakota State,Maine,35.5,50.5,44,7
2023,2,Rhode Island,Stony Brook,24.5,55.0,35,14
2023,2,Miami,Texas A&M,-3.0,50.5,48,33
2023,2,Alabama,Texas,7.0,53.5,24,34
2023,2,Boise State,UCF,-3.0,58.0,16,18
2023,2,Arkansas State,Memphis,-20.5,57.5,3,37
2023,2,Arizona State,Oklahoma State,-2.5,53.5,15,27
2023,2,Wake Forest,Vanderbilt,10.0,57.5,36,20
2023,2,Arkansas,Kent State,38.5,58.0,28,6
2023,2,Washington,Tulsa,33.0,65.5,43,10
2023,2,Kansas,Illinois,3.5,56.5,34,23
2023,2,Coastal Carolina,Jacksonville State,13.5,61.0,30,16
2023,2,Syracuse,Western Michigan,25.0,56.5,48,7
2023,2,Texas Tech,Oregon,-6.0,69.0,30,38
2023,2,California,Auburn,-4.5,55.5,10,14
2023,2,Michigan,UNLV,38.0,57.5,35,7
2023,2,Liberty,New Mexico State,9.5,53.0,33,17
2023,2,Kansas State,Troy,14.5,49.5,42,13
2023,2,Old Dominion,Louisiana,-5.5,51.5,38,31
2023,2,Florida Atlantic,Ohio,3.5,61.5,10,17
2023,2,Virginia Tech,Purdue,1.0,49.0,17,24
2023,2,Colorado,Nebraska,3.0,57.0,36,14
2023,2,Baylor,Utah,-7.0,45.5,13,20
2023,2,NC State,Notre Dame,-7.0,49.5,24,45
2023,2,Georgia Southern,UAB,7.0,63.0,49,35
2023,2,Rice,Houston,-7.0,53.0,43,41
2023,2,Washington State,Wisconsin,-5.5,58.0,31,22
2023,2,Minnesota,Eastern Michigan,20.0,48.0,25,6
2023,2,Missouri,Middle Tennessee,21.0,47.5,23,19
2023,2,Rutgers,Temple,8.0,44.0,36,7
2023,2,San Diego State,UCLA,-14.0,49.5,10,35
2023,2,Sam Houston,Air Force,-13.5,36.5,3,13
2023,2,USC,Stanford,29.0,69.5,56,10
2023,2,Maryland,Charlotte,24.5,50.5,38,20
2023,2,Virginia,James Madison,-6.0,40.0,35,36
2023,2,Northwestern,UTEP,1.0,40.0,38,7
2023,2,Tulane,Ole Miss,-8.5,65.0,20,37
2023,2,Georgia State,UConn,3.0,54.0,35,14
2023,2,Mississippi State,Arizona,8.5,60.0,31,24
2023,2,Florida International,North Texas,-11.0,52.0,46,39
2023,2,Massachusetts,Miami (OH),-6.5,44.0,28,41
2023,2,East Carolina,Marshall,-2.5,43.5,13,31
2023,2,Iowa State,Iowa,-3.5,36.0,13,20
2023,2,Georgia,Ball State,42.0,52.5,45,3
2023,2,UTSA,Texas State,14.0,66.5,20,13
2023,2,Pittsburgh,Cincinnati,6.5,44.5,21,27
2023,2,North Carolina,App State,19.5,58.0,40,34
2023,2,Florida State,Southern Miss,31.0,54.0,66,13
2023,2,Indiana,Indiana State,31.0,45.5,41,7
2023,2,Ohio State,Youngstown State,45.0,56.5,35,7
2023,2,Georgia Tech,South Carolina State,43.0,53.5,48,13
2023,2,Bowling Green,Eastern Illinois,17.0,48.0,38,15
2023,2,Northern Illinois,Southern Illinois,7.0,59.0,11,14
2023,2,Nevada,Idaho,-2.5,52.0,6,33
2023,2,Oregon State,UC Davis,23.0,56.0,55,7
2023,2,Clemson,Charleston Southern,50.5,53.0,66,17
2023,2,Michigan State,Richmond,29.5,43.5,45,14
2023,2,Kentucky,Eastern Kentucky,35.5,62.5,28,17
2023,2,Duke,Lafayette,41.0,48.0,42,7
2023,2,Toledo,Texas Southern,38.0,59.5,71,3
2023,2,Penn State,Delaware,43.5,56.5,63,7
2023,2,San José State,Cal Poly,22.5,56.0,59,3
2023,2,BYU,Southern Utah,31.0,49.5,41,16
2023,2,Army,Delaware State,39.5,44.0,57,0
2023,2,Fresno State,Eastern Washington,31.5,63.25,34,31
2023,2,Tennessee,Austin Peay,45.5,65.5,30,13
2023,2,Wyoming,Portland State,28.0,51.5,31,17
2023,2,Boston College,Holy Cross,10.0,52.5,31,28
2023,2,Florida,McNeese,48.5,55.0,49,7
2023,2,Navy,Wagner,42.0,50.0,24,0
2023,2,North Carolina A&T,North Carolina Central,6.5,57.5,16,30
2023,2,Sacramento State,East Texas A&M,34.5,,34,6
2023,2,Central Michigan,New Hampshire,7.0,48.5,45,42
2023,2,Louisville,Murray State,43.5,55.5,56,0
2023,2,South Alabama,SE Louisiana,24.0,59.5,35,17
2023,2,Akron,Morgan State,25.0,46.0,24,21
2023,2,Louisiana Tech,Northwestern State,23.0,58.5,51,21
2023,2,South Florida,Florida A&M,20.0,63.0,38,24
2023,2,South Carolina,Furman,18.0,52.5,47,21
2023,2,West Virginia,Duquesne,38.5,55.5,56,17
2023,2,Buffalo,Fordham,23.5,55.5,37,40
2023,2,Western Kentucky,Houston Christian,41.5,64.5,52,22
2023,2,LSU,Grambling,56.5,61.5,72,10
2023,2,Utah State,Idaho State,24.0,61.0,78,28
2023,2,TCU,Nicholls,41.5,59.5,41,6
2023,2,UL Monroe,Lamar,26.0,48.5,24,14
2023,2,New Mexico,Tennessee Tech,16.0,51.5,56,10
2023,2,Hawai'i,UAlbany,10.5,58.5,31,20
2023,3,Sacred Heart,Wagner,11.5,39.5,10,17
2023,3,Marist,Davidson,-8.0,51.0,21,49
2023,3,Lafayette,Columbia,-5.5,40.5,24,3
2023,3,Yale,Holy Cross,-2.5,50.0,24,49
2023,3,Monmouth,Campbell,3.0,61.5,31,45
2023,3,Georgia,South Carolina,24.5,,24,14
2023,3,Florida,Tennessee,-7.0,,29,16
2023,3,Michigan State,Washington,-15.0,,7,41
2023,3,Mississippi State,LSU,-7.5,,14,41
2023,3,North Carolina,Minnesota,6.0,,31,13
2023,3,Colorado,Colorado State,17.0,,43,35
2023,3,Troy,James Madison,3.5,,14,16
2023,3,Missouri,Kansas State,-2.0,,30,27
2023,3,Illinois,Penn State,-12.5,,13,30
2023,3,West Virginia,Pittsburgh,-2.0,,17,6
2023,3,Louisiana Tech,North Texas,4.5,66.5,37,40
2023,3,Air Force,Utah State,8.5,45.5,39,21
2023,3,Kentucky,Akron,25.5,48.5,35,3
2023,3,Oregon,Hawai'i,38.0,68.0,55,10
2023,3,Memphis,Navy,12.0,46.5,28,24
2023,3,UTSA,Army,7.0,41.5,29,37
2023,3,Indiana,Louisville,-10.0,50.0,14,21
2023,3,Boston College,Florida State,-25.0,47.5,29,31
2023,3,Maryland,Virginia,16.0,48.0,42,14
2023,3,Buffalo,Liberty,-3.0,54.0,27,55
2023,3,Old Dominion,Wake Forest,-14.0,61.0,24,27
2023,3,Eastern Michigan,Massachusetts,8.0,49.5,19,17
2023,3,Nevada,Kansas,-28.5,58.0,24,31
2023,3,Cincinnati,Miami (OH),14.0,44.0,24,31
2023,3,Arizona,UTEP,18.5,57.5,31,10
2023,3,Clemson,Florida Atlantic,25.0,51.5,48,14
2023,3,Michigan,Bowling Green,41.0,53.5,31,6
2023,3,Arkansas,BYU,7.5,47.5,31,38
2023,3,Wisconsin,Georgia Southern,20.5,65.5,35,14
2023,3,App State,East Carolina,7.5,48.0,43,28
2023,3,Oregon State,San Diego State,24.5,48.5,26,9
2023,3,Rutgers,Virginia Tech,6.5,37.5,35,16
2023,3,Tulsa,Oklahoma,-28.0,59.0,17,66
2023,3,Purdue,Syracuse,-1.0,56.5,20,35
2023,3,Houston,TCU,-7.0,64.0,13,36
2023,3,New Mexico,New Mexico State,3.0,52.5,17,27
2023,3,Texas,Wyoming,31.0,48.5,31,10
2023,3,Southern Miss,Tulane,-7.5,47.5,3,21
2023,3,Nebraska,Northern Illinois,11.5,43.0,35,11
2023,3,Texas A&M,UL Monroe,36.5,53.5,47,3
2023,3,Notre Dame,Central Michigan,35.0,51.0,41,17
2023,3,Toledo,San José State,9.0,56.5,21,17
2023,3,Oklahoma State,South Alabama,7.0,49.0,7,33
2023,3,Duke,Northwestern,17.0,48.0,38,14
2023,3,UAB,Louisiana,2.0,59.0,21,41
2023,3,UNLV,Vanderbilt,-4.5,57.0,40,37
2023,3,Arizona State,Fresno State,-3.5,48.0,0,29
2023,3,Ohio,Iowa State,-2.5,41.5,10,7
2023,3,Charlotte,Georgia State,-6.0,52.0,25,41
2023,3,UConn,Florida International,7.0,44.0,17,24
2023,3,Ohio State,Western Kentucky,29.5,64.5,63,10
2023,3,South Florida,Alabama,-34.5,60.5,3,17
2023,3,Iowa,Western Michigan,28.5,43.0,41,10
2023,3,Ole Miss,Georgia Tech,17.0,61.5,48,23
2023,3,Ball State,Indiana State,26.0,45.0,45,7
2023,3,Montana State,Stetson,45.5,59.5,57,20
2023,3,Maine,Rhode Island,-11.0,53.0,17,34
2023,3,Temple,Norfolk State,30.5,55.0,41,9
2023,3,Colgate,Pennsylvania,-9.5,46.5,6,20
2023,3,Utah,Weber State,26.5,44.0,31,7
2023,3,Baylor,Long Island University,44.0,54.0,30,7
2023,3,Miami,Bethune-Cookman,54.0,63.5,48,7
2023,3,South Dakota,Lamar,24.0,48.0,35,6
2023,3,Lehigh,Cornell,-3.5,45.5,20,23
2023,3,Eastern Illinois,Illinois State,-11.5,41.5,14,13
2023,3,NC State,VMI,42.5,51.0,45,7
2023,3,Washington State,Northern Colorado,48.0,55.0,64,21
2023,3,Youngstown State,Robert Morris,28.5,50.5,48,28
2023,3,Kent State,Central Connecticut,21.5,46.5,38,10
2023,3,UCLA,North Carolina Central,35.0,60.5,59,7
2023,3,California,Idaho,14.5,52.5,31,17
2023,3,Texas Tech,Tarleton State,36.5,75.5,41,3
2023,3,SMU,Prairie View A&M,42.5,63.5,69,0
2023,3,UCF,Villanova,26.5,54.0,48,14
2023,3,Texas State,Jackson State,17.5,61.5,77,34
2023,3,Stanford,Sacramento State,7.0,60.5,23,30
2023,3,Middle Tennessee,Murray State,34.5,51.0,35,14
2023,3,Coastal Carolina,Duquesne,35.0,55.5,66,7
2023,3,Arkansas State,Stony Brook,24.0,47.5,31,7
2023,3,Rice,Texas Southern,35.5,60.0,59,7
2023,3,Auburn,Samford,37.5,62.0,45,13
2023,3,Boise State,North Dakota,15.0,58.0,42,18
2023,4,Saint Francis,Sacred Heart,9.5,41.5,34,37
2023,4,Yale,Cornell,14.5,46.0,21,23
2023,4,Stetson,Butler,-9.0,57.5,18,28
2023,4,North Alabama,UT Martin,-12.0,61.5,21,37
2023,4,Central Arkansas,Abilene Christian,7.0,55.5,52,17
2023,4,Harvard,Brown,16.5,54.5,34,31
2023,4,Delaware,New Hampshire,-2.5,47.5,29,25
2023,4,Alabama,Ole Miss,7.0,55.5,24,10
2023,4,Notre Dame,Ohio State,-3.5,55.5,14,17
2023,4,LSU,Arkansas,17.5,55.0,34,31
2023,4,Clemson,Florida State,-2.0,55.0,24,31
2023,4,Utah,UCLA,5.5,52.5,14,7
2023,4,Baylor,Texas,-14.5,48.5,6,38
2023,4,Fresno State,Kent State,28.0,47.5,53,10
2023,4,Pittsburgh,North Carolina,-7.5,50.0,24,41
2023,4,San José State,Air Force,-6.0,45.5,20,45
2023,4,Bowling Green,Ohio,-13.0,44.5,7,38
2023,4,Jacksonville State,Eastern Michigan,6.5,51.0,21,0
2023,4,Coastal Carolina,Georgia State,6.5,62.5,17,30
2023,4,Vanderbilt,Kentucky,-13.5,50.0,28,45
2023,4,Louisville,Boston College,14.0,54.0,56,28
2023,4,Troy,Western Kentucky,3.5,57.0,27,24
2023,4,Nebraska,Louisiana Tech,20.5,46.5,28,14
2023,4,Virginia,NC State,-7.5,48.0,21,24
2023,4,Temple,Miami,-23.5,47.0,7,41
2023,4,Wake Forest,Georgia Tech,4.0,58.5,16,30
2023,4,Florida,Charlotte,28.0,48.5,22,7
2023,4,Wyoming,App State,3.0,44.0,22,19
2023,4,UConn,Duke,-22.5,44.5,7,41
2023,4,San Diego State,Boise State,-6.5,46.5,31,34
2023,4,Stanford,Arizona,-12.5,60.0,20,21
2023,4,Iowa State,Oklahoma State,3.5,36.5,34,27
2023,4,Indiana,Akron,16.5,46.0,29,27
2023,4,West Virginia,Texas Tech,-6.0,54.5,20,13
2023,4,Georgia,UAB,41.5,54.5,49,21
2023,4,Middle Tennessee,Colorado State,3.0,51.5,23,31
2023,4,Texas State,Nevada,17.0,59.0,35,24
2023,4,Kansas,BYU,9.5,54.5,38,27
2023,4,Northwestern,Minnesota,-11.5,39.5,37,34
2023,4,Washington State,Oregon State,-3.0,59.0,38,35
2023,4,Washington,California,20.5,57.0,59,32
2023,4,Syracuse,Army,13.0,49.5,29,16
2023,4,Houston,Sam Houston,11.5,37.5,38,7
2023,4,Michigan,Rutgers,24.0,44.0,31,7
2023,4,Illinois,Florida Atlantic,15.5,45.5,23,17
2023,4,Utah State,James Madison,-4.5,52.5,38,45
2023,4,Arizona State,USC,-34.5,62.0,28,42
2023,4,Arkansas State,Southern Miss,-6.0,49.0,44,37
2023,4,Penn State,Iowa,14.5,39.5,31,0
2023,4,Oregon,Colorado,21.0,70.0,42,6
2023,4,Texas A&M,Auburn,8.5,51.0,27,10
2023,4,Kansas State,UCF,3.5,52.0,44,31
2023,4,TCU,SMU,6.5,62.0,34,17
2023,4,Northern Illinois,Tulsa,4.0,54.5,14,22
2023,4,South Florida,Rice,-2.5,58.0,42,29
2023,4,Massachusetts,New Mexico,3.5,50.5,31,34
2023,4,Tennessee,UTSA,21.5,59.0,45,14
2023,4,Florida International,Liberty,-10.0,53.5,6,38
2023,4,UTEP,UNLV,-2.5,50.0,28,45
2023,4,South Carolina,Mississippi State,6.0,47.0,37,30
2023,4,Ball State,Georgia Southern,-6.0,61.0,3,40
2023,4,Cincinnati,Oklahoma,-14.0,57.5,6,20
2023,4,Hawai'i,New Mexico State,3.0,57.5,20,17
2023,4,Louisiana,Buffalo,10.0,57.5,45,38
2023,4,Purdue,Wisconsin,-6.5,54.5,17,38
2023,4,Marshall,Virginia Tech,4.5,41.0,24,17
2023,4,Michigan State,Maryland,-7.5,52.5,9,31
2023,4,Toledo,Western Michigan,21.5,53.5,49,31
2023,4,Missouri,Memphis,6.5,51.5,34,27
2023,4,South Alabama,Central Michigan,16.0,47.5,30,34
2023,4,Dartmouth,Lehigh,17.0,41.0,34,17
2023,4,Furman,Mercer,10.5,50.5,38,14
2023,4,Illinois State,Lindenwood,21.0,55.5,48,17
2023,4,Eastern Illinois,McNeese,12.0,47.5,31,28
2023,4,Bucknell,Pennsylvania,-12.0,35.5,21,37
2023,4,Valparaiso,Marist,9.0,53.0,30,36
2023,4,Lafayette,Monmouth,-7.0,43.0,28,20
2023,4,Stony Brook,Richmond,-13.0,34.5,19,20
2023,4,VMI,Wofford,4.0,35.5,17,14
2023,4,Villanova,Rhode Island,3.5,48.0,35,9
2023,4,Columbia,Georgetown,6.5,35.0,30,0
2023,4,Grambling,Texas Southern,3.0,63.5,35,23
2023,4,Towson,Norfolk State,17.5,40.5,14,21
2023,4,North Carolina Central,Mississippi Valley State,24.5,47.5,45,3
2023,4,William & Mary,Maine,17.5,35.5,28,3
2023,4,Wagner,Merrimack,-11.5,35.0,30,27
2023,4,Portland State,Cal Poly,10.5,65.5,59,21
2023,4,Holy Cross,Colgate,31.0,55.0,47,7
2023,4,Samford,Chattanooga,6.5,56.0,24,47
2023,4,Princeton,Bryant,10.5,38.0,13,16
2023,4,Alabama A&M,Arkansas-Pine Bluff,9.5,50.5,31,24
2023,4,Jackson State,Bethune-Cookman,20.5,50.5,22,16
2023,4,Western Carolina,Charleston Southern,22.0,48.0,77,21
2023,4,St. Thomas (MN),Morehead State,16.0,49.5,35,28
2023,4,Weber State,Montana State,-7.0,54.5,0,40
2023,4,SE Louisiana,Houston Christian,28.5,64.5,19,34
2023,4,Southern Utah,Western Illinois,18.5,58.5,37,17
2023,4,UC Davis,Eastern Washington,7.0,62.5,24,27
2023,4,Miami (OH),Delaware State,40.5,49.5,62,20
2023,4,East Carolina,Gardner-Webb,13.0,51.0,44,0
2023,4,Tulane,Nicholls,38.0,55.5,36,7
2023,4,Eastern Kentucky,Southeast Missouri State,-3.5,61.5,41,38
2023,4,Campbell,Elon,4.5,57.5,24,28
2023,4,Alcorn State,Prairie View A&M,6.5,50.5,20,23
2023,4,San Diego,Dayton,3.5,47.5,40,25
2023,4,Idaho,Sacramento State,2.5,57.5,36,27
2023,4,Northern Arizona,Montana,-17.0,52.5,28,14
2023,4,Morgan State,UAlbany,-13.0,35.5,17,23
2023,4,Stephen F. Austin,Austin Peay,-1.5,61.5,20,22
2023,4,Florida A&M,Alabama State,17.0,44.0,23,10
2023,4,South Carolina State,The Citadel,4.5,40.5,31,10
2023,4,Idaho State,Northern Colorado,6.5,67.0,35,21
2023,5,Sam Houston,Jacksonville State,-6.5,36.5,28,35
2023,5,Texas,Kansas,16.5,61.0,40,14
2023,5,Auburn,Georgia,-14.0,45.5,20,27
2023,5,Ole Miss,LSU,-2.5,67.0,55,49
2023,5,Arkansas,Texas A&M,-6.0,54.0,22,34
2023,5,Nebraska,Michigan,-17.0,39.0,7,45
2023,5,Tennessee,South Carolina,12.5,63.5,41,20
2023,5,Colorado,USC,-21.5,73.5,41,48
2023,5,Syracuse,Clemson,-6.5,53.0,14,31
2023,5,Oregon State,Utah,3.5,44.5,21,7
2023,5,Duke,Notre Dame,-5.5,54.5,14,21
2023,5,Mississippi State,Alabama,-14.5,47.0,17,40
2023,5,Kentucky,Florida,1.5,45.0,33,14
2023,5,James Madison,South Alabama,3.0,49.5,31,23
2023,5,Tulsa,Temple,3.0,55.0,48,26
2023,5,UNLV,Hawai'i,11.0,59.5,44,20
2023,5,Western Kentucky,Middle Tennessee,7.0,60.0,31,10
2023,5,Vanderbilt,Missouri,-13.5,54.5,21,38
2023,5,Stanford,Oregon,-27.0,61.0,6,42
2023,5,Georgia Southern,Coastal Carolina,6.5,64.5,38,28
2023,5,Wyoming,New Mexico,14.0,41.0,35,26
2023,5,Rice,East Carolina,3.5,46.5,24,17
2023,5,UCF,Baylor,12.5,55.0,35,36
2023,5,Minnesota,Louisiana,11.0,48.5,35,24
2023,5,Oklahoma,Iowa State,20.0,48.5,50,20
2023,5,Marshall,Old Dominion,14.0,46.5,41,35
2023,5,Southern Miss,Texas State,-5.0,62.5,36,50
2023,5,Boston College,Virginia,3.5,52.5,27,24
2023,5,UTEP,Louisiana Tech,1.0,50.5,10,24
2023,5,Georgia Tech,Bowling Green,22.0,51.5,27,38
2023,5,Air Force,San Diego State,10.5,43.5,49,10
2023,5,Arizona,Washington,-20.0,67.0,24,31
2023,5,Fresno State,Nevada,24.5,51.5,27,9
2023,5,Massachusetts,Arkansas State,1.0,55.0,28,52
2023,5,Virginia Tech,Pittsburgh,-2.5,39.5,38,21
2023,5,Western Michigan,Ball State,1.5,50.5,42,24
2023,5,NC State,Louisville,-3.5,55.5,10,13
2023,5,Georgia State,Troy,1.5,51.0,7,28
2023,5,Akron,Buffalo,2.5,55.5,10,13
2023,5,Purdue,Illinois,1.0,53.5,44,19
2023,5,Toledo,Northern Illinois,13.0,47.0,35,33
2023,5,Iowa,Michigan State,12.5,36.5,26,16
2023,5,SMU,Charlotte,23.5,53.5,34,16
2023,5,UConn,Utah State,-6.0,51.0,33,34
2023,5,TCU,West Virginia,12.5,52.0,21,24
2023,5,Maryland,Indiana,14.0,50.0,44,17
2023,5,Central Michigan,Eastern Michigan,7.5,48.0,26,23
2023,5,Navy,South Florida,3.0,54.5,30,44
2023,5,BYU,Cincinnati,-2.0,50.5,35,27
2023,5,Northwestern,Penn State,-27.0,46.0,13,41
2023,5,Tulane,UAB,21.5,58.5,35,23
2023,5,Texas Tech,Houston,8.5,50.5,49,28
2023,5,Memphis,Boise State,3.5,60.0,35,32
2023,5,California,Arizona State,12.5,47.5,24,21
2023,5,UL Monroe,App State,-13.5,51.0,40,41
2023,5,Kent State,Miami (OH),-14.5,48.5,3,23
2023,5,Yale,Morgan State,15.5,39.0,45,3
2023,5,Marist,Stetson,-2.5,54.5,34,24
2023,5,Pennsylvania,Dartmouth,2.0,38.5,20,23
2023,5,Monmouth,Lehigh,15.5,53.0,49,7
2023,5,Davidson,San Diego,6.0,49.0,55,33
2023,5,Princeton,Columbia,6.5,40.5,10,7
2023,5,Robert Morris,Howard,-9.5,59.0,10,35
2023,5,Brown,Central Connecticut,14.5,53.5,42,20
2023,5,Long Island University,Duquesne,3.5,47.5,28,31
2023,5,Sacred Heart,Merrimack,2.5,41.5,7,17
2023,5,Rutgers,Wagner,46.0,52.5,52,3
2023,5,North Texas,Abilene Christian,15.5,70.5,45,31
2023,5,South Dakota State,North Dakota,18.5,54.5,42,21
2023,5,Rhode Island,Bryant,11.5,56.5,49,26
2023,5,New Hampshire,Towson,20.0,55.0,51,54
2023,5,Lafayette,Bucknell,13.0,40.0,56,22
2023,5,Butler,Presbyterian,21.0,50.5,27,17
2023,5,Dayton,St. Thomas (MN),-4.0,54.5,14,20
2023,5,Northern Colorado,Weber State,-22.5,50.5,21,28
2023,5,Maine,Stony Brook,6.0,40.5,56,28
2023,5,Samford,East Tennessee State,17.5,59.5,42,28
2023,5,UAlbany,Villanova,-4.0,49.5,31,10
2023,5,North Alabama,Eastern Kentucky,-7.0,62.5,22,32
2023,5,Mississippi Valley State,Florida A&M,-30.5,45.5,7,31
2023,5,North Carolina Central,Campbell,-2.5,62.5,49,48
2023,5,Houston Christian,Lamar,2.5,55.5,19,21
2023,5,Eastern Washington,Idaho,-7.5,63.0,36,44
2023,5,Montana,Idaho State,21.0,56.5,28,20
2023,5,McNeese,Nicholls,-7.0,53.5,10,31
2023,5,Wofford,Chattanooga,-17.5,49.5,13,23
2023,5,Alabama State,Alcorn State,2.0,37.5,20,23
2023,5,Prairie View A&M,Grambling,-2.0,60.5,20,35
2023,5,Southern Utah,Central Arkansas,-8.0,57.5,27,29
2023,5,Montana State,Portland State,24.5,65.5,38,22
2023,5,SE Louisiana,Tarleton State,3.5,67.5,13,14
2023,5,Murray State,Indiana State,-2.0,45.5,30,28
2023,5,Northwestern State,Eastern Illinois,-6.5,49.5,10,19
2023,5,Cal Poly,UC Davis,-23.0,58.0,13,31
2023,5,Sacramento State,Northern Arizona,20.0,59.5,31,30
2023,5,UT Martin,Tennessee State,20.5,55.5,20,10
2023,5,Mercer,VMI,20.0,41.0,38,3
2023,6,Oklahoma State,Kansas State,-11.5,53.5,29,21
2023,6,Illinois,Nebraska,3.5,43.0,7,20
2023,6,UAB,South Florida,-3.5,68.5,56,35
2023,6,Wofford,Samford,-12.5,49.5,10,31
2023,6,Texas,Oklahoma,5.5,60.5,30,34
2023,6,Texas A&M,Alabama,-1.0,46.0,20,26
2023,6,Middle Tennessee,Jacksonville State,3.5,52.0,30,45
2023,6,Missouri,LSU,-4.0,65.0,39,49
2023,6,Liberty,Sam Houston,19.0,45.5,21,16
2023,6,Louisiana Tech,Western Kentucky,-6.0,59.5,28,35
2023,6,New Mexico State,Florida International,6.5,49.0,34,17
2023,6,Army,Boston College,3.0,50.0,24,27
2023,6,Ohio State,Maryland,20.0,57.0,37,17
2023,6,Boise State,San José State,10.0,57.5,35,27
2023,6,Iowa State,TCU,-6.5,53.0,27,14
2023,6,Wyoming,Fresno State,-6.0,44.5,24,19
2023,6,Miami,Georgia Tech,19.5,57.5,20,23
2023,6,Baylor,Texas Tech,-1.5,59.5,14,39
2023,6,USC,Arizona,21.5,72.0,43,41
2023,6,California,Oregon State,-9.5,51.5,40,52
2023,6,Minnesota,Michigan,-18.0,46.0,10,52
2023,6,Buffalo,Central Michigan,-3.0,52.0,37,13
2023,6,Clemson,Wake Forest,21.0,52.5,17,12
2023,6,Massachusetts,Toledo,-19.0,56.5,24,41
2023,6,NC State,Marshall,6.5,44.5,48,41
2023,6,Mississippi State,Western Michigan,20.5,56.5,41,28
2023,6,Eastern Michigan,Ball State,2.5,43.0,24,10
2023,6,Navy,North Texas,6.0,61.0,27,24
2023,6,Ohio,Kent State,26.0,45.5,42,17
2023,6,North Carolina,Syracuse,9.5,60.0,40,7
2023,6,Troy,Arkansas State,16.0,52.0,37,3
2023,6,Kansas,UCF,-1.5,64.0,51,22
2023,6,Florida,Vanderbilt,18.5,51.5,38,14
2023,6,Miami (OH),Bowling Green,10.0,44.5,27,0
2023,6,Rice,UConn,9.5,47.5,31,38
2023,6,Temple,UTSA,-14.0,55.0,34,49
2023,6,UCLA,Washington State,3.5,60.5,25,17
2023,6,Iowa,Purdue,2.5,39.0,20,14
2023,6,Wisconsin,Rutgers,13.0,44.0,24,13
2023,6,Florida State,Virginia Tech,24.0,53.0,39,17
2023,6,Akron,Northern Illinois,-5.0,42.5,14,55
2023,6,Louisiana,Texas State,2.5,68.0,34,30
2023,6,Arizona State,Colorado,-4.0,60.0,24,27
2023,6,Utah State,Colorado State,-3.0,62.5,44,24
2023,6,Ole Miss,Arkansas,11.5,62.5,27,20
2023,6,Louisville,Notre Dame,-6.0,54.0,33,20
2023,6,UL Monroe,South Alabama,-10.0,51.0,7,55
2023,6,Southern Miss,Old Dominion,1.5,58.0,13,17
2023,6,Georgia,Kentucky,14.5,47.5,51,13
2023,6,Florida Atlantic,Tulsa,3.0,54.0,20,17
2023,6,Bucknell,Holy Cross,-29.0,64.5,27,55
2023,6,Pennsylvania,Georgetown,15.5,41.5,42,39
2023,6,Princeton,Lafayette,5.5,39.5,9,12
2023,6,Fordham,Lehigh,20.5,55.5,38,35
2023,6,Morehead State,Dayton,-4.0,54.5,31,7
2023,6,Northwestern,Howard,23.0,51.0,23,20
2023,6,Virginia,William & Mary,10.0,42.0,27,13
2023,6,Dartmouth,Yale,-4.5,42.0,24,31
2023,6,Presbyterian,Stetson,1.5,53.5,24,28
2023,6,St. Thomas (MN),Butler,2.0,45.5,17,10
2023,6,Brown,Rhode Island,-10.0,63.5,30,34
2023,6,Harvard,Cornell,12.5,48.0,41,23
2023,6,Columbia,Marist,21.5,45.0,16,0
2023,6,Long Island University,Sacred Heart,7.5,42.0,23,13
2023,6,Delaware,Duquesne,21.5,60.0,43,17
2023,6,Hampton,Campbell,-7.5,64.0,27,30
2023,6,North Dakota,Western Illinois,27.0,64.0,49,10
2023,6,Drake,Valparaiso,4.5,47.0,20,14
2023,6,Lindenwood,Tennessee Tech,-2.5,55.0,23,0
2023,6,Furman,The Citadel,34.5,51.5,28,14
2023,6,Central Connecticut,Delaware State,4.5,51.0,51,44
2023,6,Elon,North Carolina Central,6.5,51.0,23,34
2023,6,South Dakota,Murray State,20.0,45.5,38,7
2023,6,Missouri State,North Dakota State,-15.5,56.0,10,38
2023,6,Eastern Illinois,UT Martin,-14.0,50.5,27,28
2023,6,Alabama A&M,Jackson State,-10.0,54.5,30,45
2023,6,Richmond,Maine,3.5,45.0,42,31
2023,6,East Tennessee State,Mercer,-14.5,54.0,6,24
2023,6,Alabama State,Bethune-Cookman,7.0,41.0,19,14
2023,6,Alcorn State,Grambling,1.5,48.0,25,24
2023,6,Cal Poly,Idaho,-28.0,56.0,14,42
2023,6,UC Davis,Montana,7.5,50.5,23,31
2023,6,Incarnate Word,SE Louisiana,19.5,61.0,33,26
2023,6,Tarleton State,Southern Utah,-1.0,53.5,26,27
2023,6,Illinois State,South Dakota State,-21.0,47.0,21,40
2023,6,Weber State,Northern Arizona,8.5,50.5,10,27
2023,6,Youngstown State,Southern Illinois,-4.0,57.0,31,3
2023,6,Indiana State,Northern Iowa,-17.5,50.0,20,27
2023,6,Gardner-Webb,Robert Morris,21.0,52.0,31,16
2023,6,Nicholls,Houston Christian,14.5,55.0,38,7
2023,6,North Carolina A&T,Villanova,-15.0,46.0,14,37
2023,6,Lamar,Northwestern State,3.0,46.0,27,13
2023,6,Southern,Florida A&M,-8.0,38.0,19,26
2023,6,Prairie View A&M,Mississippi Valley State,18.5,50.5,31,12
2023,6,Towson,UAlbany,-9.5,46.5,17,24
2023,6,Central Arkansas,Southeast Missouri State,3.5,65.5,38,33
2023,6,Chattanooga,Western Carolina,-3.5,60.5,50,52
2023,7,Montana State,Cal Poly,39.0,60.5,59,19
2023,7,Weber State,UC Davis,-2.0,46.5,16,17
2023,7,Florida International,UTEP,-1.5,44.0,14,27
2023,7,New Mexico State,Sam Houston,4.5,43.0,27,13
2023,7,Michigan,Indiana,34.0,45.5,52,7
2023,7,Vanderbilt,Georgia,-32.5,55.0,20,37
2023,7,Colorado,Stanford,11.5,59.0,43,46
2023,7,Memphis,Tulane,-3.5,57.0,21,31
2023,7,Houston,West Virginia,-2.5,52.5,41,39
2023,7,East Carolina,SMU,-11.0,50.5,10,31
2023,7,Purdue,Ohio State,-18.0,52.0,7,41
2023,7,South Carolina,Florida,2.5,50.0,39,41
2023,7,Tennessee,Texas A&M,3.0,54.5,20,13
2023,7,Wisconsin,Iowa,9.5,35.0,6,15
2023,7,Washington State,Arizona,7.5,57.5,6,44
2023,7,Utah,California,11.0,44.0,34,14
2023,7,Washington,Oregon,3.0,67.0,36,33
2023,7,Duke,NC State,3.5,44.0,24,3
2023,7,Florida State,Syracuse,18.5,53.5,41,3
2023,7,Pittsburgh,Louisville,-7.5,44.5,38,21
2023,7,North Carolina,Miami,2.5,56.5,41,31
2023,7,Valparaiso,Morehead State,-1.5,46.0,21,24
2023,7,Southeast Missouri State,Eastern Illinois,12.0,49.5,35,28
2023,7,Stony Brook,Fordham,-10.5,57.0,7,26
2023,7,East Tennessee State,Wofford,4.0,42.0,41,10
2023,7,Illinois State,Indiana State,15.5,42.5,44,7
2023,7,Grambling,Alabama A&M,4.5,57.0,24,45
2023,7,Jackson State,Alabama State,11.5,45.0,19,24
2023,7,Mississippi Valley State,Arkansas-Pine Bluff,-2.0,41.5,42,17
2023,7,Bethune-Cookman,Texas Southern,3.5,55.0,31,34
2023,7,Abilene Christian,North Alabama,7.5,58.0,30,13
2023,7,Eastern Kentucky,Tarleton State,8.0,64.5,41,35
2023,7,Idaho,Montana,13.0,53.0,21,23
2023,7,Northern Arizona,Portland State,7.0,57.5,21,45
2023,7,Northern Colorado,Sacramento State,-24.0,58.0,13,21
2023,7,Delaware,North Carolina A&T,21.0,47.5,21,6
2023,7,Murray State,Southern Illinois,-21.0,47.5,6,27
2023,7,South Dakota State,Northern Iowa,24.0,54.5,41,6
2023,7,Duquesne,Central Connecticut,9.0,54.5,44,20
2023,7,Rhode Island,Richmond,8.5,59.0,17,24
2023,7,New Hampshire,UAlbany,2.5,55.0,38,31
2023,7,Charleston Southern,Lindenwood,2.5,,24,10
2023,7,LSU,Auburn,11.5,60.5,48,18
2023,7,Alabama,Arkansas,19.5,46.5,24,21
2023,7,Notre Dame,USC,2.5,60.5,48,20
2023,7,North Texas,Temple,6.5,68.5,45,14
2023,7,Ball State,Toledo,-17.5,48.0,6,13
2023,7,Nevada,UNLV,-8.0,53.5,27,45
2023,7,Charlotte,Navy,-3.0,44.5,0,14
2023,7,New Mexico,San José State,-7.0,56.0,24,52
2023,7,James Madison,Georgia Southern,6.0,59.5,41,13
2023,7,Middle Tennessee,Louisiana Tech,3.0,54.5,31,23
2023,7,App State,Coastal Carolina,6.0,63.0,24,27
2023,7,Rutgers,Michigan State,4.5,39.5,27,24
2023,7,Oregon State,UCLA,3.5,54.0,36,24
2023,7,Cincinnati,Iowa State,5.0,42.5,10,30
2023,7,Georgia State,Marshall,1.0,53.0,41,24
2023,7,Virginia Tech,Wake Forest,1.5,48.0,30,13
2023,7,Texas Tech,Kansas State,1.5,58.0,21,38
2023,7,Air Force,Wyoming,11.5,42.0,34,27
2023,7,TCU,BYU,5.0,52.5,44,11
2023,7,UTSA,UAB,9.0,67.0,41,20
2023,7,Colorado State,Boise State,-8.5,60.5,31,30
2023,7,Northern Illinois,Ohio,-5.5,45.0,23,13
2023,7,Jacksonville State,Liberty,-6.0,56.0,13,31
2023,7,Penn State,Massachusetts,41.5,55.0,63,0
2023,7,Kentucky,Missouri,2.5,50.5,21,38
2023,7,Hawai'i,San Diego State,-6.0,52.5,34,41
2023,7,Buffalo,Bowling Green,4.0,44.0,14,24
2023,7,Oklahoma State,Kansas,-3.0,54.0,39,32
2023,7,Army,Troy,-6.0,42.5,0,19
2023,7,Western Michigan,Miami (OH),-8.5,45.0,21,34
2023,7,South Florida,Florida Atlantic,2.5,61.0,14,56
2023,7,Central Michigan,Akron,10.0,43.0,17,10
2023,7,Maryland,Illinois,13.5,51.0,24,27
2023,7,Utah State,Fresno State,-7.0,60.5,32,37
2023,7,Eastern Michigan,Kent State,8.5,39.5,28,14
2023,7,Texas State,UL Monroe,18.0,63.5,21,20
2023,7,SE Louisiana,Lamar,15.0,47.5,24,30
2023,7,Bryant,Robert Morris,10.5,51.0,43,24
2023,7,Mercer,Chattanooga,1.0,50.0,10,22
2023,7,Tennessee State,Norfolk State,9.5,50.5,24,17
2023,7,Houston Christian,Prairie View A&M,-2.0,56.0,30,0
2023,7,Central Arkansas,Stephen F. Austin,7.5,64.5,24,21
2023,7,Idaho State,Eastern Washington,-12.5,69.0,42,41
2023,7,Western Illinois,Missouri State,-17.0,56.0,7,48
2023,7,Harvard,Howard,8.0,60.5,48,7
2023,7,Brown,Princeton,-3.0,51.0,28,27
2023,7,Marist,San Diego,-3.0,54.5,30,16
2023,7,Monmouth,Hampton,8.5,57.0,61,10
2023,7,South Dakota,Youngstown State,1.0,46.0,34,31
2023,7,Colgate,Dartmouth,-10.5,44.5,27,24
2023,7,Drake,St. Thomas (MN),-6.0,38.5,52,21
2023,7,Maine,Long Island University,7.5,50.0,24,13
2023,7,North Dakota,North Dakota State,-7.0,58.0,49,24
2023,7,Columbia,Pennsylvania,-3.0,34.5,17,20
2023,7,Samford,Furman,-6.0,59.0,21,27
2023,7,Yale,Sacred Heart,22.5,44.0,31,3
2023,7,Butler,Davidson,-4.0,51.5,33,35
2023,7,Cornell,Bucknell,11.0,53.5,13,21
2023,7,Lehigh,Georgetown,-3.5,42.5,7,17
2023,7,Dayton,Presbyterian,8.0,51.0,17,20
2023,7,The Citadel,VMI,-2.0,35.0,13,17
2023,7,South Carolina State,Tennessee Tech,4.0,37.5,7,28
2023,7,Saint Francis,Wagner,11.0,50.0,31,7
2023,7,Villanova,Elon,7.5,45.0,21,0
2023,7,Austin Peay,Gardner-Webb,14.0,54.0,41,14
2023,8,Miami,Clemson,-3.0,48.5,28,20
2023,8,Florida State,Duke,14.5,49.5,38,20
2023,8,Alabama,Tennessee,9.5,47.5,34,20
2023,8,Arkansas,Mississippi State,6.5,46.5,3,7
2023,8,Illinois,Wisconsin,-3.0,40.5,21,25
2023,8,Michigan State,Michigan,-24.5,46.0,0,49
2023,8,Ohio State,Penn State,4.0,45.5,20,12
2023,8,Iowa,Minnesota,3.5,30.5,10,12
2023,8,Georgia Tech,Boston College,5.5,57.0,23,38
2023,8,Wagner,Central Connecticut,-2.5,43.5,3,17
2023,8,Long Island University,Merrimack,2.5,40.0,0,39
2023,8,Yale,Pennsylvania,6.0,46.0,17,27
2023,8,Howard,Norfolk State,10.0,48.0,27,23
2023,8,Delaware State,South Carolina State,-7.0,46.5,7,35
2023,8,Duquesne,Saint Francis,3.0,57.5,38,35
2023,8,Bucknell,Lehigh,3.0,47.0,18,27
2023,8,Holy Cross,Lafayette,14.5,52.0,35,38
2023,8,Stetson,St. Thomas (MN),-6.0,51.0,6,38
2023,8,Chattanooga,East Tennessee State,18.0,55.0,34,3
2023,8,VMI,Samford,-14.0,45.0,14,27
2023,8,Morgan State,North Carolina Central,-14.0,47.5,10,16
2023,8,Cornell,Brown,-5.5,57.0,36,14
2023,8,Dartmouth,Columbia,6.0,33.5,20,9
2023,8,Presbyterian,Marist,-1.0,49.5,10,19
2023,8,North Carolina A&T,Richmond,-8.0,42.0,10,33
2023,8,Gardner-Webb,Eastern Kentucky,-4.0,61.5,35,32
2023,8,USC,Utah,6.5,52.0,32,34
2023,8,Kansas State,TCU,6.0,60.5,41,3
2023,8,Tulsa,Rice,3.0,57.0,10,42
2023,8,Florida Atlantic,UTSA,-2.5,58.0,10,36
2023,8,Marshall,James Madison,-1.0,,9,20
2023,8,North Carolina,Virginia,24.0,58.0,27,31
2023,8,UNLV,Colorado State,7.0,61.5,25,23
2023,8,UTEP,New Mexico State,-1.0,49.5,7,28
2023,8,San José State,Utah State,4.0,65.5,42,21
2023,8,BYU,Texas Tech,-3.0,51.0,27,14
2023,8,Old Dominion,App State,-5.5,55.5,28,21
2023,8,Navy,Air Force,-11.5,34.0,6,17
2023,8,Oregon,Washington State,20.0,60.0,38,24
2023,8,Indiana,Rutgers,-6.0,39.5,14,31
2023,8,Miami (OH),Toledo,-2.0,46.5,17,21
2023,8,Arkansas State,Coastal Carolina,-9.0,59.5,17,27
2023,8,Temple,SMU,-22.5,54.5,0,55
2023,8,Houston,Texas,-23.5,60.5,24,31
2023,8,Oklahoma,UCF,17.5,67.5,31,29
2023,8,Cincinnati,Baylor,3.0,50.5,29,32
2023,8,UAB,Memphis,-7.0,62.0,21,45
2023,8,Auburn,Ole Miss,-6.5,55.5,21,28
2023,8,New Mexico,Hawai'i,-2.5,60.0,42,21
2023,8,Georgia Southern,UL Monroe,16.5,60.0,38,28
2023,8,Sam Houston,Florida International,5.5,39.5,27,33
2023,8,Stanford,UCLA,-17.0,52.0,7,42
2023,8,Missouri,South Carolina,7.5,58.0,34,12
2023,8,Wake Forest,Pittsburgh,1.0,45.5,21,17
2023,8,Liberty,Middle Tennessee,14.0,54.5,42,35
2023,8,Northern Illinois,Eastern Michigan,12.0,43.5,20,13
2023,8,Louisiana,Georgia State,3.5,62.0,17,20
2023,8,Ohio,Western Michigan,16.5,52.0,20,17
2023,8,South Alabama,Southern Miss,17.0,53.5,55,3
2023,8,Ball State,Central Michigan,-5.0,41.0,24,17
2023,8,Jacksonville State,Western Kentucky,-7.0,61.0,20,17
2023,8,Kent State,Buffalo,-7.0,43.0,6,24
2023,8,UConn,South Florida,-1.0,57.0,21,24
2023,8,Washington,Arizona State,27.5,60.0,15,7
2023,8,Nebraska,Northwestern,10.5,40.0,17,9
2023,8,West Virginia,Oklahoma State,3.0,48.5,34,48
2023,8,Tulane,North Texas,20.0,63.5,35,28
2023,8,East Carolina,Charlotte,6.5,40.5,7,10
2023,8,Bowling Green,Akron,7.5,37.5,41,14
2023,8,San Diego State,Nevada,11.5,48.0,0,6
2023,8,LSU,Army,33.0,60.0,62,0
2023,8,Northwestern State,SE Louisiana,-12.5,51.0,20,37
2023,8,Hampton,Delaware,-14.0,52.0,3,47
2023,8,Youngstown State,Illinois State,8.0,57.0,41,38
2023,8,Eastern Illinois,Bryant,4.0,46.0,25,24
2023,8,Elon,Monmouth,-3.0,52.0,28,26
2023,8,Tennessee Tech,Southeast Missouri State,-17.5,49.0,3,28
2023,8,Western Carolina,Furman,3.0,64.0,17,29
2023,8,Georgetown,Colgate,4.0,44.0,18,28
2023,8,Arkansas-Pine Bluff,Alcorn State,-14.0,45.5,7,31
2023,8,Missouri State,Murray State,19.0,55.0,28,24
2023,8,Campbell,Maine,13.0,61.0,34,28
2023,8,North Dakota State,Western Illinois,36.5,60.5,52,7
2023,8,Southern Illinois,South Dakota State,-14.0,47.5,10,17
2023,8,UT Martin,Charleston Southern,20.0,53.5,17,0
2023,8,Stony Brook,New Hampshire,-17.5,52.0,14,45
2023,8,UAlbany,Rhode Island,3.5,52.0,35,10
2023,8,Mississippi Valley State,Jackson State,-19.5,48.0,6,21
2023,8,Northern Iowa,North Dakota,-4.5,59.0,27,0
2023,8,Mercer,Wofford,18.5,42.5,31,17
2023,8,San Diego,Drake,-4.0,50.0,20,25
2023,8,Tarleton State,Morehead State,22.0,60.5,42,0
2023,8,Eastern Washington,Weber State,5.0,57.0,31,23
2023,8,Stephen F. Austin,Abilene Christian,7.5,58.0,27,34
2023,8,Southern Utah,Austin Peay,-8.0,51.5,45,48
2023,8,Cal Poly,Northern Colorado,-2.5,55.0,24,17
2023,8,Texas Southern,Florida A&M,-17.5,55.5,21,31
2023,8,McNeese,Incarnate Word,-22.0,56.5,24,35
2023,8,Sacramento State,Montana State,-10.0,59.0,30,42
2023,8,Bethune-Cookman,Southern,-7.5,42.5,18,28
2023,8,Portland State,Idaho State,12.0,68.5,24,38
2023,8,William & Mary,Towson,12.5,41.0,24,34
2023,8,Indiana State,South Dakota,-20.0,43.0,3,17
2023,8,Princeton,Harvard,-8.0,38.0,21,14
2023,8,Davidson,Valparaiso,15.5,56.5,42,21
2023,8,Dayton,Butler,-7.0,48.5,10,37
2023,9,California,USC,-10.5,67.0,49,50
2023,9,UL Monroe,Arkansas State,2.5,56.5,24,34
2023,9,Coastal Carolina,Marshall,-4.0,45.0,34,6
2023,9,Sacred Heart,Duquesne,-5.5,49.0,0,27
2023,9,Sacramento State,Idaho State,16.5,63.5,51,16
2023,9,Davidson,Presbyterian,20.5,60.5,45,28
2023,9,San Diego,Morehead State,4.5,48.0,17,11
2023,9,NC State,Clemson,-10.0,44.0,24,17
2023,9,Wisconsin,Ohio State,-14.5,45.5,10,24
2023,9,Florida,Georgia,-14.5,47.0,20,43
2023,9,Utah,Oregon,-6.5,48.0,6,35
2023,9,Kansas,Oklahoma,-9.0,65.0,38,33
2023,9,Arizona,Oregon State,-3.5,56.5,27,24
2023,9,Fresno State,UNLV,7.5,57.5,31,24
2023,9,Ohio,Miami (OH),7.0,39.5,16,30
2023,9,Florida International,Jacksonville State,-8.0,44.0,16,41
2023,9,South Alabama,Louisiana,10.5,55.0,20,33
2023,9,Sam Houston,UTEP,3.0,36.0,34,37
2023,9,Nevada,New Mexico,1.0,49.5,34,24
2023,9,Nebraska,Purdue,2.5,39.5,31,14
2023,9,Texas,BYU,18.5,50.0,35,6
2023,9,UTSA,East Carolina,18.5,46.0,41,27
2023,9,Minnesota,Michigan State,7.0,40.0,27,12
2023,9,Louisiana Tech,New Mexico State,3.0,52.0,24,27
2023,9,Baylor,Iowa State,-2.5,47.0,18,30
2023,9,Auburn,Mississippi State,6.5,41.5,27,13
2023,9,Virginia Tech,Syracuse,2.5,47.0,38,10
2023,9,Western Kentucky,Liberty,-4.0,60.0,29,42
2023,9,Notre Dame,Pittsburgh,20.5,44.5,58,7
2023,9,App State,Southern Miss,17.0,55.0,48,38
2023,9,Miami,Virginia,18.5,46.5,29,26
2023,9,Wake Forest,Florida State,-20.5,51.0,16,41
2023,9,UCLA,Colorado,17.0,63.5,28,16
2023,9,Rice,Tulane,-10.5,53.5,28,30
2023,9,Georgia Tech,North Carolina,-11.0,64.0,46,42
2023,9,Arizona State,Washington State,-6.0,51.0,38,27
2023,9,Kansas State,Houston,17.5,58.0,41,0
2023,9,UCF,West Virginia,7.0,58.0,28,41
2023,9,Louisville,Duke,4.5,46.0,23,0
2023,9,Texas State,Troy,-6.0,53.5,13,31
2023,9,Texas A&M,South Carolina,14.5,54.0,30,17
2023,9,Stanford,Washington,-26.5,60.5,33,42
2023,9,Ole Miss,Vanderbilt,24.5,63.5,33,7
2023,9,SMU,Tulsa,20.5,57.0,69,10
2023,9,North Texas,Memphis,-7.5,69.5,42,45
2023,9,Eastern Michigan,Western Michigan,-3.0,46.5,21,45
2023,9,Oklahoma State,Cincinnati,7.5,53.0,45,13
2023,9,Georgia Southern,Georgia State,1.5,63.0,44,27
2023,9,Army,Massachusetts,10.0,48.0,14,21
2023,9,Penn State,Indiana,32.0,46.0,33,24
2023,9,James Madison,Old Dominion,20.5,49.0,30,27
2023,9,Boston College,UConn,14.5,51.0,21,14
2023,9,Hawai'i,San José State,-10.0,58.5,0,35
2023,9,Boise State,Wyoming,5.0,49.0,32,7
2023,9,Northwestern,Maryland,-13.5,48.5,33,27
2023,9,Charlotte,Florida Atlantic,-4.0,42.0,16,38
2023,9,Colorado State,Air Force,-13.0,48.0,13,30
2023,9,Kentucky,Tennessee,-3.5,51.5,27,33
2023,9,Samford,The Citadel,24.0,51.5,37,7
2023,9,Lamar,Incarnate Word,-15.0,51.0,7,17
2023,9,Charleston Southern,Bryant,-1.5,46.5,24,47
2023,9,Tennessee State,Lindenwood,11.5,54.0,43,20
2023,9,Youngstown State,Missouri State,10.0,64.5,44,28
2023,9,North Dakota,Indiana State,26.0,52.5,36,33
2023,9,Saint Francis,Merrimack,1.5,48.5,28,21
2023,9,Colgate,Bucknell,7.5,50.5,34,49
2023,9,Fordham,Holy Cross,-10.0,71.0,47,49
2023,9,Illinois State,Northern Iowa,-1.5,54.5,21,24
2023,9,Rhode Island,New Hampshire,-4.5,64.0,34,28
2023,9,Butler,Valparaiso,13.0,47.5,17,7
2023,9,Hampton,North Carolina A&T,4.0,44.0,26,24
2023,9,Cornell,Princeton,-5.5,41.0,3,14
2023,9,Gardner-Webb,UT Martin,-6.0,51.5,38,34
2023,9,Maine,UAlbany,-11.0,48.5,21,37
2023,9,Norfolk State,Morgan State,-0.0,38.0,28,32
2023,9,Drake,Stetson,14.0,51.0,33,7
2023,9,William & Mary,Monmouth,2.5,52.5,31,28
2023,9,VMI,Chattanooga,-18.5,45.5,23,24
2023,9,Georgetown,Lafayette,-9.5,45.0,25,35
2023,9,Alcorn State,Mississippi Valley State,19.5,39.5,24,3
2023,9,Arkansas-Pine Bluff,Jackson State,-21.0,50.0,14,40
2023,9,Yale,Columbia,7.5,40.5,35,7
2023,9,Grambling,Bethune-Cookman,7.0,54.5,28,14
2023,9,Robert Morris,Tennessee Tech,-0.0,42.5,13,38
2023,9,Nicholls,Southeast Missouri State,-3.5,49.0,31,35
2023,9,Southern Utah,Abilene Christian,3.5,56.0,52,14
2023,9,Montana,Northern Colorado,23.5,46.5,40,0
2023,9,St. Thomas (MN),Marist,10.5,46.5,49,14
2023,9,Villanova,Stony Brook,27.5,46.5,48,13
2023,9,Furman,East Tennessee State,24.0,51.5,16,8
2023,9,South Dakota,South Dakota State,-14.5,47.0,3,37
2023,9,Western Carolina,Mercer,8.0,56.0,38,45
2023,9,Delaware State,Howard,-19.0,53.5,10,17
2023,9,Portland State,Eastern Washington,-2.5,68.5,47,35
2023,9,Alabama State,Alabama A&M,2.5,47.5,31,16
2023,9,Idaho,Montana State,-6.0,60.0,24,21
2023,9,Northern Arizona,UC Davis,-3.0,54.0,38,21
2023,9,Richmond,Campbell,2.0,58.5,44,13
2023,9,Towson,Delaware,-9.5,52.5,13,51
2023,9,Florida A&M,Prairie View A&M,20.0,51.0,45,7
2023,9,Austin Peay,North Alabama,21.0,60.5,49,39
2023,9,Central Arkansas,Tarleton State,11.0,61.0,23,25
2023,9,Southern,Texas Southern,11.0,50.0,23,17
2023,9,Harvard,Dartmouth,8.5,45.5,17,9
2023,9,North Dakota State,Murray State,32.5,54.5,38,6
2023,9,Western Illinois,Southern Illinois,-28.0,51.5,0,63
2023,9,North Carolina Central,South Carolina State,14.5,51.5,62,28
2023,9,Central Connecticut,Long Island University,-2.5,45.5,23,24
2023,9,Pennsylvania,Brown,10.0,57.0,26,30
2023,10,Massachusetts,Merrimack,16.5,57.5,31,21
2023,10,Sam Houston,Kennesaw State,16.5,41.5,24,21
2023,10,North Carolina,Campbell,45.5,68.5,59,7
2023,10,South Carolina State,Howard,-6.5,47.5,27,24
2023,10,Morgan State,Delaware State,17.5,41.5,24,17
2023,10,North Carolina Central,Norfolk State,18.0,60.5,38,24
2023,10,Sacred Heart,Central Connecticut,3.0,41.5,31,24
2023,10,Wagner,Duquesne,-13.5,49.5,26,34
2023,10,Fordham,Bucknell,18.5,67.5,27,21
2023,10,Lehigh,Holy Cross,-22.0,58.5,24,28
2023,10,Lafayette,Colgate,15.5,49.5,34,37
2023,10,Missouri State,Illinois State,-1.5,57.5,35,36
2023,10,Alabama A&M,Florida A&M,-13.5,50.5,28,42
2023,10,Alabama State,Grambling,1.5,46.5,17,6
2023,10,Alcorn State,Southern,3.0,37.5,44,21
2023,10,Prairie View A&M,Arkansas-Pine Bluff,12.0,49.5,38,14
2023,10,Bethune-Cookman,Mississippi Valley State,10.5,40.5,20,7
2023,10,Jackson State,Texas Southern,15.5,57.5,21,19
2023,10,North Alabama,Central Arkansas,-13.5,59.5,14,27
2023,10,Tarleton State,Stephen F. Austin,1.0,60.5,59,17
2023,10,Abilene Christian,Utah Tech,9.0,64.5,24,7
2023,10,Eastern Washington,Cal Poly,21.5,62.5,48,13
2023,10,Northern Colorado,Idaho,-27.5,52.5,13,27
2023,10,Idaho State,Weber State,-8.0,56.5,21,33
2023,10,Montana,Sacramento State,2.5,53.5,34,7
2023,10,UC Davis,Portland State,6.5,60.5,37,23
2023,10,Brown,Yale,-5.5,61.5,17,36
2023,10,Indiana State,Youngstown State,-19.5,59.5,7,19
2023,10,Delaware,Elon,14.5,47.5,27,33
2023,10,Pennsylvania,Cornell,10.5,44.5,23,8
2023,10,Dartmouth,Princeton,-2.5,33.5,23,21
2023,10,Columbia,Harvard,-13.5,40.5,24,38
2023,10,Murray State,North Dakota,-19.5,56.5,31,45
2023,10,Lamar,East Texas A&M,3.5,38.5,41,21
2023,10,South Dakota State,North Dakota State,14.0,51.5,33,16
2023,10,SE Louisiana,McNeese,15.0,57.5,38,24
2023,10,Stetson,Davidson,-16.5,64.5,41,61
2023,10,Bryant,Gardner-Webb,-2.0,56.5,44,45
2023,10,Southern Illinois,South Dakota,8.0,41.5,7,14
2023,10,Valparaiso,Dayton,3.0,45.5,21,7
2023,10,Charleston Southern,Tennessee State,-8.0,42.5,35,21
2023,10,Lindenwood,Eastern Illinois,-10.0,52.5,10,16
2023,10,Monmouth,Stony Brook,24.5,56.5,56,17
2023,10,Marist,Drake,-8.0,46.5,3,10
2023,10,New Hampshire,Villanova,-1.5,58.5,33,45
2023,10,Tennessee Tech,UT Martin,-16.5,45.5,41,44
2023,10,North Carolina A&T,Towson,-6.0,45.5,32,42
2023,10,Morehead State,Butler,-7.5,46.5,7,49
2023,10,Presbyterian,San Diego,-5.0,46.5,13,23
2023,10,Chattanooga,Furman,-1.5,52.5,14,17
2023,10,East Tennessee State,VMI,3.5,37.5,24,31
2023,10,The Citadel,Mercer,-20.0,45.5,16,38
2023,10,UAlbany,William & Mary,5.0,41.5,24,8
2023,10,Wofford,Western Carolina,-20.5,56.5,25,28
2023,10,Incarnate Word,Nicholls,7.5,50.5,32,45
2023,10,Montana State,Northern Arizona,23.5,63.5,45,21
2023,10,Air Force,Army,18.5,32.0,3,23
2023,10,Alabama,LSU,3.0,61.5,42,28
2023,10,Florida,Arkansas,4.5,50.0,36,39
2023,10,Georgia,Missouri,15.0,56.5,30,21
2023,10,Indiana,Wisconsin,-9.5,45.0,20,14
2023,10,Liberty,Louisiana Tech,16.5,58.0,56,30
2023,10,Maryland,Penn State,-8.5,50.0,15,51
2023,10,Michigan,Purdue,32.5,52.5,41,13
2023,10,Michigan State,Nebraska,-3.0,34.5,20,17
2023,10,Minnesota,Illinois,1.5,43.0,26,27
2023,10,Mississippi State,Kentucky,-5.0,46.0,3,24
2023,10,New Mexico State,Middle Tennessee,3.5,56.5,13,7
2023,10,Northwestern,Iowa,-4.5,30.5,7,10
2023,10,Ole Miss,Texas A&M,3.0,53.5,38,35
2023,10,Rutgers,Ohio State,-19.0,42.5,16,35
2023,10,South Carolina,Jacksonville State,15.5,55.0,38,28
2023,10,Tennessee,UConn,36.0,55.0,59,3
2023,10,UTEP,Western Kentucky,-9.5,54.5,13,21
2023,10,Arizona,UCLA,-2.5,50.0,27,10
2023,10,Colorado,Oregon State,-13.5,62.5,19,26
2023,10,Oregon,California,24.5,59.0,63,19
2023,10,USC,Washington,-3.0,76.5,42,52
2023,10,Utah,Arizona State,11.0,40.5,55,3
2023,10,Washington State,Stanford,13.0,59.5,7,10
2023,10,Clemson,Notre Dame,-3.0,44.5,31,23
2023,10,Duke,Wake Forest,6.5,41.0,24,21
2023,10,Syracuse,Boston College,3.0,51.0,10,17
2023,10,Pittsburgh,Florida State,-21.5,50.0,7,24
2023,10,Virginia,Georgia Tech,2.0,57.5,17,45
2023,10,NC State,Miami,-5.5,44.0,20,6
2023,10,Texas Tech,TCU,2.5,59.5,35,28
2023,10,Baylor,Houston,3.0,58.5,24,25
2023,10,Cincinnati,UCF,-3.5,59.5,26,28
2023,10,Iowa State,Kansas,2.5,53.0,21,28
2023,10,Oklahoma State,Oklahoma,-6.0,61.5,27,24
2023,10,West Virginia,BYU,13.0,48.5,37,7
2023,10,Tulsa,Charlotte,4.5,47.5,26,33
2023,10,East Carolina,Tulane,-17.0,46.0,10,13
2023,10,UAB,Florida Atlantic,1.0,59.5,45,42
2023,10,Temple,Navy,-7.0,46.0,32,18
2023,10,North Texas,UTSA,-7.5,71.0,29,37
2023,10,Memphis,South Florida,13.5,68.5,59,50
2023,10,Rice,SMU,-12.0,59.5,31,36
2023,10,Troy,South Alabama,5.5,44.5,28,10
2023,10,App State,Marshall,3.5,55.5,31,9
2023,10,Georgia State,James Madison,-6.0,53.0,14,42
2023,10,Old Dominion,Coastal Carolina,-1.0,51.0,24,28
2023,10,Arkansas State,Louisiana,-9.0,60.0,37,17
2023,10,Southern Miss,UL Monroe,3.0,56.5,24,7
2023,10,Toledo,Buffalo,14.0,,31,13
2023,10,Bowling Green,Ball State,6.5,,24,21
2023,10,Akron,Kent State,4.0,,31,27
2023,10,Fresno State,Boise State,3.0,55.0,37,30
2023,10,Wyoming,Colorado State,6.0,41.0,24,15
2023,10,Nevada,Hawai'i,3.5,50.5,14,27
2023,10,New Mexico,UNLV,-10.0,61.0,14,56
2023,10,Texas,Kansas State,4.0,49.5,33,30
2023,10,Texas State,Georgia Southern,-2.0,69.0,45,24
2023,10,Central Michigan,Northern Illinois,-3.0,,37,31
2023,10,Louisville,Virginia Tech,9.5,48.5,34,3
2023,10,Vanderbilt,Auburn,-12.5,49.0,15,31
2023,10,San Diego State,Utah State,-2.5,56.5,24,32
2023,11,North Carolina,Duke,9.5,,47,45
2023,11,Miami (OH),Akron,17.0,42.0,19,0
2023,11,Kent State,Bowling Green,-8.5,41.0,19,49
2023,11,Toledo,Eastern Michigan,18.5,47.0,49,23
2023,11,Northern Illinois,Ball State,10.5,43.0,17,20
2023,11,Western Michigan,Central Michigan,3.5,55.5,38,28
2023,11,Buffalo,Ohio,-7.0,44.5,10,20
2023,11,Louisiana,Southern Miss,12.0,53.5,31,34
2023,11,Louisville,Virginia,19.5,51.5,31,24
2023,11,SMU,North Texas,15.5,68.0,45,21
2023,11,Kentucky,Alabama,-10.0,,21,49
2023,11,UNLV,Wyoming,2.5,,34,14
2023,11,Florida Atlantic,East Carolina,9.5,,7,22
2023,11,Charlotte,Memphis,-11.0,,38,44
2023,11,Wake Forest,NC State,-2.5,,6,26
2023,11,Purdue,Minnesota,-0.0,45.5,49,30
2023,11,UCF,Oklahoma State,-2.5,64.0,45,3
2023,11,Coastal Carolina,Texas State,-2.5,55.5,31,23
2023,11,Clemson,Georgia Tech,15.5,55.0,42,21
2023,11,South Florida,Temple,7.5,66.5,27,23
2023,11,Boston College,Virginia Tech,2.5,50.0,22,48
2023,11,South Carolina,Vanderbilt,14.0,58.0,47,6
2023,11,James Madison,UConn,27.0,,44,6
2023,11,Kansas,Texas Tech,3.5,61.0,13,16
2023,11,Liberty,Old Dominion,13.0,57.5,38,10
2023,11,Colorado,Arizona,-6.0,,31,34
2023,11,Wisconsin,Northwestern,12.0,42.5,10,24
2023,11,Utah State,Nevada,15.5,,41,24
2023,11,Iowa,Rutgers,2.5,29.5,22,0
2023,11,California,Washington State,1.5,59.0,42,39
2023,11,Boise State,New Mexico,26.5,,42,14
2023,11,BYU,Iowa State,-7.0,43.0,13,45
2023,11,Georgia State,App State,2.0,,14,42
2023,11,UL Monroe,Troy,-20.0,,14,45
2023,11,Missouri,Tennessee,-1.0,,36,7
2023,11,Kansas State,Baylor,19.0,55.5,59,25
2023,11,Louisiana Tech,Sam Houston,8.5,,27,42
2023,11,Arkansas,Auburn,3.0,50.5,10,48
2023,11,Oregon State,Stanford,20.0,54.0,62,17
2023,11,Marshall,Georgia Southern,-1.5,,38,33
2023,11,Oklahoma,West Virginia,12.0,58.5,59,20
2023,11,UCLA,Arizona State,16.0,,7,17
2023,11,Illinois,Indiana,5.5,43.0,48,45
2023,11,UTSA,Rice,13.0,,34,14
2023,11,Nebraska,Maryland,-1.0,,10,13
2023,11,Tulane,Tulsa,22.5,,24,22
2023,11,Middle Tennessee,Florida International,11.5,,40,6
2023,11,Western Kentucky,New Mexico State,5.5,,29,38
2023,11,Syracuse,Pittsburgh,-1.0,,28,13
2023,11,Navy,UAB,-4.5,,31,6
2023,11,South Alabama,Arkansas State,12.0,,21,14
2023,11,Houston,Cincinnati,2.5,,14,24
2023,11,Colorado State,San Diego State,4.5,,22,19
2023,11,Texas A&M,Mississippi State,18.5,,51,10
2023,11,San José State,Fresno State,-1.0,,42,18
2023,11,Hawai'i,Air Force,-20.0,49.5,27,13
2023,11,Army,Holy Cross,11.5,55.5,17,14
2023,11,Georgia,Ole Miss,13.0,,52,17
2023,11,LSU,Florida,14.0,,52,35
2023,11,Ohio State,Michigan State,30.5,,38,3
2023,11,Penn State,Michigan,-6.5,,15,24
2023,11,Oregon,USC,12.5,,36,27
2023,11,Washington,Utah,10.5,,35,28
2023,11,Florida State,Miami,14.0,,27,20
2023,11,TCU,Texas,-6.0,,26,29
2023,11,Howard,North Carolina Central,-7.5,59.5,50,20
2023,11,Delaware State,Norfolk State,-7.0,51.5,21,44
2023,11,South Carolina State,Morgan State,2.0,39.5,17,20
2023,11,Duquesne,Stonehill,12.5,53.5,28,33
2023,11,Bucknell,Georgetown,-2.0,51.5,47,50
2023,11,Lafayette,Fordham,2.5,63.5,24,16
2023,11,Colgate,Lehigh,3.5,51.5,37,21
2023,11,Illinois State,Murray State,16.5,54.5,44,7
2023,11,Bethune-Cookman,Alabama A&M,-3.5,54.5,31,14
2023,11,Mississippi Valley State,Alabama State,-14.0,35.5,3,20
2023,11,Texas Southern,Alcorn State,-5.5,51.5,44,10
2023,11,Arkansas-Pine Bluff,Grambling,-15.5,51.5,14,43
2023,11,Southern,Prairie View A&M,9.5,49.5,21,27
2023,11,Central Arkansas,Eastern Kentucky,9.5,62.5,27,24
2023,11,Stephen F. Austin,Southern Utah,-2.0,60.5,17,45
2023,11,Abilene Christian,Tarleton State,-6.0,54.5,30,31
2023,11,Montana State,Eastern Washington,19.5,65.5,57,14
2023,11,Weber State,Idaho,-10.5,50.5,31,29
2023,11,Idaho State,UC Davis,-11.5,58.5,14,21
2023,11,Portland State,Montana,-10.5,58.5,10,34
2023,11,Columbia,Brown,2.0,46.5,14,21
2023,11,Indiana State,Western Illinois,14.5,49.5,27,6
2023,11,Campbell,Delaware,-11.5,61.5,7,45
2023,11,Dartmouth,Cornell,7.5,43.5,30,14
2023,11,Harvard,Pennsylvania,7.0,50.5,25,23
2023,11,Missouri State,Northern Iowa,-6.5,56.5,35,16
2023,11,South Dakota,North Dakota,2.0,50.5,14,10
2023,11,Nicholls,Lamar,14.5,49.5,37,24
2023,11,North Dakota State,Southern Illinois,8.0,46.5,34,10
2023,11,Morehead State,Davidson,-14.0,64.5,47,17
2023,11,Richmond,Elon,3.0,45.5,38,24
2023,11,Hampton,William & Mary,-11.5,51.5,10,31
2023,11,Lindenwood,Bryant,-10.0,61.5,3,38
2023,11,East Texas A&M,SE Louisiana,-10.0,52.5,14,52
2023,11,Youngstown State,South Dakota State,-16.0,57.5,0,34
2023,11,Robert Morris,Charleston Southern,-2.0,44.5,14,12
2023,11,Eastern Illinois,Tennessee State,4.0,45.5,30,17
2023,11,UT Martin,Southeast Missouri State,3.0,61.5,41,14
2023,11,Monmouth,New Hampshire,3.5,70.5,24,31
2023,11,Dayton,Marist,1.5,45.5,35,6
2023,11,Drake,Presbyterian,14.5,43.5,16,14
2023,11,Rhode Island,North Carolina A&T,17.0,51.5,31,24
2023,11,Valparaiso,Stetson,7.5,53.5,23,20
2023,11,Stony Brook,UAlbany,-23.5,50.5,20,38
2023,11,Villanova,Towson,18.0,58.5,33,10
2023,11,Western Carolina,East Tennessee State,17.0,60.5,58,7
2023,11,Furman,VMI,21.5,44.5,37,3
2023,11,Mercer,Samford,2.5,55.5,28,21
2023,11,The Citadel,Wofford,-3.5,42.5,3,11
2023,11,Princeton,Yale,-2.5,38.5,28,36
2023,12,Georgia Southern,Old Dominion,7.0,60.5,17,20
2023,12,Wyoming,Hawai'i,14.5,44.5,42,9
2023,12,James Madison,App State,11.5,56.0,23,26
2023,12,Texas Tech,UCF,3.0,60.0,24,23
2023,12,UTSA,South Florida,15.5,67.5,49,21
2023,12,Georgia Tech,Syracuse,6.0,53.0,31,22
2023,12,Auburn,New Mexico State,22.0,48.5,10,31
2023,12,San José State,San Diego State,14.0,51.0,24,13
2023,12,Northern Illinois,Western Michigan,3.0,55.5,24,0
2023,12,Bowling Green,Toledo,-10.0,52.0,31,32
2023,12,Miami (OH),Buffalo,8.5,41.5,23,10
2023,12,Maryland,Michigan,-21.0,50.0,24,31
2023,12,Oregon State,Washington,-1.0,64.0,20,22
2023,12,Washington State,Colorado,5.5,63.5,56,14
2023,12,Eastern Michigan,Akron,5.5,39.0,30,27
2023,12,Ohio,Central Michigan,8.5,46.5,34,20
2023,12,Colorado State,Nevada,11.0,47.5,30,20
2023,12,Fresno State,New Mexico,24.0,56.5,17,25
2023,12,Tulsa,North Texas,-3.0,66.5,28,35
2023,12,Indiana,Michigan State,4.5,47.0,21,24
2023,12,Ball State,Kent State,13.0,42.0,34,3
2023,12,Charlotte,Rice,-2.0,47.5,7,28
2023,12,Middle Tennessee,UTEP,8.0,48.5,34,30
2023,12,West Virginia,Cincinnati,6.5,56.0,42,21
2023,12,Jacksonville State,Louisiana Tech,9.0,55.5,56,17
2023,12,Arizona,Utah,-1.0,44.5,42,18
2023,12,Iowa,Illinois,3.5,30.5,15,13
2023,12,Army,Coastal Carolina,-5.5,,28,21
2023,12,Virginia,Duke,-4.0,48.5,30,27
2023,12,Navy,East Carolina,3.0,33.5,10,0
2023,12,Miami,Louisville,-1.5,47.5,31,38
2023,12,Arkansas State,Texas State,-3.5,59.5,77,31
2023,12,UAB,Temple,7.0,65.0,34,24
2023,12,Virginia Tech,NC State,3.5,45.5,28,35
2023,12,Western Kentucky,Sam Houston,12.5,52.0,28,23
2023,12,Pittsburgh,Boston College,1.0,47.0,24,16
2023,12,Iowa State,Texas,-8.0,48.5,16,26
2023,12,Missouri,Florida,10.5,59.5,33,31
2023,12,Air Force,UNLV,4.0,47.0,27,31
2023,12,South Alabama,Marshall,8.0,51.5,28,0
2023,12,Utah State,Boise State,-4.0,64.5,10,45
2023,12,Mississippi State,Southern Miss,14.0,46.5,41,20
2023,12,Florida Atlantic,Tulane,-9.0,48.5,8,24
2023,12,Wisconsin,Nebraska,5.0,37.0,24,17
2023,12,Ohio State,Minnesota,28.0,49.0,37,3
2023,12,LSU,Georgia State,30.5,71.5,56,14
2023,12,Arkansas,Florida International,32.0,52.0,44,20
2023,12,Ole Miss,UL Monroe,37.0,62.0,35,3
2023,12,Northwestern,Purdue,1.0,48.5,23,15
2023,12,Notre Dame,Wake Forest,25.0,47.5,45,7
2023,12,Memphis,SMU,-7.5,67.5,34,38
2023,12,Liberty,Massachusetts,28.0,62.0,49,25
2023,12,South Carolina,Kentucky,-1.5,54.5,17,14
2023,12,BYU,Oklahoma,-24.0,57.0,24,31
2023,12,Penn State,Rutgers,19.5,43.5,27,6
2023,12,Stanford,California,-4.5,58.0,15,27
2023,12,Arizona State,Oregon,-22.0,54.0,13,49
2023,12,Troy,Louisiana,14.5,47.5,31,24
2023,12,Houston,Oklahoma State,-7.5,59.5,30,43
2023,12,Presbyterian,Morehead State,-1.5,46.5,31,27
2023,12,Tennessee,Georgia,-10.0,58.5,10,38
2023,12,USC,UCLA,6.0,65.5,20,38
2023,12,Clemson,North Carolina,7.5,58.0,31,20
2023,12,Kansas,Kansas State,-8.0,55.5,27,31
2023,12,TCU,Baylor,12.0,58.5,42,17
2023,12,Alabama,Chattanooga,44.5,54.5,66,10
2023,12,Texas A&M,Abilene Christian,40.5,54.5,38,10
2023,12,UConn,Sacred Heart,25.5,40.5,31,3
2023,12,Howard,Morgan State,7.5,40.5,14,7
2023,12,North Carolina Central,Delaware State,25.0,64.5,55,14
2023,12,Norfolk State,South Carolina State,4.5,46.5,17,44
2023,12,Central Connecticut,Saint Francis,-7.0,57.5,14,49
2023,12,Merrimack,Duquesne,2.5,55.5,14,26
2023,12,Holy Cross,Georgetown,21.0,64.5,31,10
2023,12,Lehigh,Lafayette,-10.5,44.5,21,49
2023,12,Alabama A&M,Mississippi Valley State,14.0,47.5,30,21
2023,12,Prairie View A&M,Alabama State,-6.0,43.5,21,14
2023,12,Texas Southern,Arkansas-Pine Bluff,20.0,52.5,34,35
2023,12,Florida A&M,Bethune-Cookman,-16.5,44.5,24,7
2023,12,Austin Peay,Central Arkansas,6.0,61.5,14,12
2023,12,Eastern Kentucky,Stephen F. Austin,7.0,65.5,36,24
2023,12,Utah Tech,Southern Utah,-12.0,62.5,16,24
2023,12,Cal Poly,Weber State,-16.5,53.5,21,48
2023,12,Eastern Washington,Northern Arizona,3.5,64.5,42,49
2023,12,Idaho,Idaho State,22.0,60.5,63,21
2023,12,Montana,Montana State,-6.5,52.5,37,7
2023,12,Northern Colorado,Portland State,-11.5,55.5,23,27
2023,12,UC Davis,Sacramento State,2.0,53.5,31,21
2023,12,Southern Illinois,Indiana State,24.0,37.5,38,9
2023,12,North Carolina A&T,Campbell,-3.0,53.5,14,28
2023,12,Delaware,Villanova,1.5,47.5,7,35
2023,12,Cornell,Columbia,2.0,32.5,14,29
2023,12,Yale,Harvard,3.0,54.5,23,18
2023,12,Lamar,McNeese,10.0,50.5,52,27
2023,12,Northern Iowa,North Dakota State,-8.5,50.5,27,48
2023,12,Elon,Hampton,14.5,54.5,51,14
2023,12,Bryant,Southeast Missouri State,1.0,58.5,45,21
2023,12,SE Louisiana,Nicholls,2.5,58.5,16,21
2023,12,Gardner-Webb,Charleston Southern,14.0,50.5,34,10
2023,12,Robert Morris,Eastern Illinois,-10.5,43.5,14,28
2023,12,New Hampshire,Maine,18.0,71.5,44,25
2023,12,UAlbany,Monmouth,3.5,56.5,41,0
2023,12,Butler,Drake,5.5,42.5,9,13
2023,12,Tennessee State,Tennessee Tech,8.0,40.5,0,35
2023,12,Samford,UT Martin,-5.5,57.5,27,17
2023,12,Stetson,San Diego,-6.0,50.5,20,47
2023,12,Towson,Rhode Island,-3.5,59.5,31,30
2023,12,William & Mary,Richmond,3.5,39.5,26,27
2023,12,East Tennessee State,The Citadel,9.5,39.5,35,23
2023,12,Wofford,Furman,-20.0,42.5,19,13
2023,12,VMI,Western Carolina,-16.5,54.5,27,24
2023,12,Colgate,Fordham,-6.0,63.5,21,14
2023,12,Pennsylvania,Princeton,3.0,36.5,24,31
2023,13,Louisiana,UL Monroe,12.5,,52,21
2023,13,Oklahoma State,BYU,17.5,,40,34
2023,13,Boise State,Air Force,6.5,,27,19
2023,13,Ball State,Miami (OH),-6.5,,15,17
2023,13,South Florida,Charlotte,5.5,,48,14
2023,13,Kansas State,Iowa State,11.5,,35,42
2023,13,Arkansas,Missouri,-7.0,,14,48
2023,13,UTEP,Liberty,-17.0,,28,42
2023,13,Nebraska,Iowa,-1.0,,10,13
2023,13,Texas State,South Alabama,-5.0,,52,44
2023,13,Duke,Pittsburgh,6.5,,30,19
2023,13,Temple,Memphis,-11.0,,21,45
2023,13,East Carolina,Tulsa,3.0,,27,29
2023,13,Tennessee,Vanderbilt,25.5,,48,24
2023,13,UCLA,California,10.0,,7,33
2023,13,Texas,Texas Tech,13.5,,57,7
2023,13,Sam Houston,Middle Tennessee,-4.0,,23,20
2023,13,Boston College,Miami,-9.0,,20,45
2023,13,New Mexico,Utah State,-8.5,,41,44
2023,13,Stanford,Notre Dame,-24.5,,23,56
2023,13,UCF,Houston,13.5,,27,13
2023,13,Buffalo,Eastern Michigan,6.5,37.5,11,24
2023,13,Kent State,Northern Illinois,-18.5,,27,37
2023,13,Louisville,Kentucky,7.0,51.0,31,38
2023,13,Cincinnati,Kansas,-6.0,,16,49
2023,13,Florida International,Western Kentucky,-10.0,,28,41
2023,13,Western Michigan,Bowling Green,-2.0,54.5,10,34
2023,13,Central Michigan,Toledo,-12.5,,17,32
2023,13,Akron,Ohio,-13.5,,14,25
2023,13,Tulane,UTSA,2.5,,29,16
2023,13,Rutgers,Maryland,-2.0,,24,42
2023,13,App State,Georgia Southern,7.5,,55,27
2023,13,Syracuse,Wake Forest,3.0,,35,31
2023,13,Minnesota,Wisconsin,-1.5,42.0,14,28
2023,13,Virginia,Virginia Tech,-2.5,52.5,17,55
2023,13,Georgia Tech,Georgia,-23.0,,23,31
2023,13,Purdue,Indiana,2.5,,35,31
2023,13,Old Dominion,Georgia State,2.0,,25,24
2023,13,Coastal Carolina,James Madison,-9.5,50.5,14,56
2023,13,Mississippi State,Ole Miss,-11.0,56.0,7,17
2023,13,Auburn,Alabama,-14.5,49.0,24,27
2023,13,Florida,Florida State,-6.0,51.0,15,24
2023,13,Illinois,Northwestern,5.0,,43,45
2023,13,LSU,Texas A&M,10.5,,42,30
2023,13,Michigan,Ohio State,4.0,47.0,30,24
2023,13,South Carolina,Clemson,-7.0,,7,16
2023,13,Massachusetts,UConn,-2.5,,18,31
2023,13,Oregon,Oregon State,14.0,,31,7
2023,13,Arizona State,Arizona,-12.5,,23,59
2023,13,Utah,Colorado,21.5,,23,17
2023,13,Washington,Washington State,16.0,68.5,24,21
2023,13,Oklahoma,TCU,12.5,,69,45
2023,13,Baylor,West Virginia,-6.5,,31,34
2023,13,North Texas,UAB,3.0,,45,42
2023,13,Rice,Florida Atlantic,5.0,,24,21
2023,13,Marshall,Arkansas State,2.0,54.0,35,21
2023,13,Hawai'i,Colorado State,-6.0,,27,24
2023,13,San Diego State,Fresno State,-5.5,,33,18
2023,13,UNLV,San José State,3.5,,31,37
2023,13,Nevada,Wyoming,-11.0,,6,42
2023,13,New Mexico State,Jacksonville State,2.0,,20,17
2023,13,Grambling,Southern,1.5,49.5,22,27
2023,13,SMU,Navy,20.0,,59,14
2023,13,Southern Miss,Troy,-16.5,,17,35
2023,13,NC State,North Carolina,-2.0,55.0,39,20
2023,13,Michigan State,Penn State,-20.0,42.0,0,42
2023,14,Liberty,New Mexico State,10.5,54.0,49,35
2023,14,Washington,Oregon,-9.0,67.0,34,31
2023,14,Texas,Oklahoma State,14.0,55.0,49,21
2023,14,Toledo,Miami (OH),8.5,46.0,14,23
2023,14,UNLV,Boise State,-2.5,58.0,20,44
2023,14,Alabama,Georgia,-5.0,56.0,27,24
2023,14,Tulane,SMU,4.0,50.5,14,26
2023,14,Troy,App State,6.5,51.5,49,23
2023,14,Iowa,Michigan,-23.5,35.0,0,26
2023,14,Florida State,Louisville,3.5,51.0,16,6
2023,15,Army,Navy,2.0,28.0,17,11
