season,game_key,date,game_number,home_team,away_team,home_score,away_score,park,home_sp,away_sp
2021,ANA202104010,2021-04-01,0,ANA,CHA,4,3,ANA01,bundd001,gioll001
2021,CHN202104010,2021-04-01,0,CHN,PIT,3,5,CHI11,hendk001,kuhlc001
2021,CIN202104010,2021-04-01,0,CIN,SLN,6,11,CIN09,castl003,flahj002
2021,COL202104010,2021-04-01,0,COL,LAN,8,5,DEN02,marqg001,kersc001
2021,DET202104010,2021-04-01,0,DET,CLE,3,2,DET05,boydm001,biebs001
2021,KCA202104010,2021-04-01,0,KCA,TEX,14,10,KAN06,kellb003,gibsk002
2021,MIA202104010,2021-04-01,0,MIA,TBA,0,1,MIA02,alcas001,glast001
2021,MIL202104010,2021-04-01,0,MIL,MIN,6,5,MIL06,woodb005,maedk001
2021,NYA202104010,2021-04-01,0,NYA,TOR,2,3,NYC21,coleg001,ryu-h001
2021,OAK202104010,2021-04-01,0,OAK,HOU,1,8,OAK01,bassc001,greiz001
2021,PHI202104010,2021-04-01,0,PHI,ATL,3,2,PHI13,nolaa001,friem001
2021,SDN202104010,2021-04-01,0,SDN,ARI,8,7,SAN02,darvy001,bumgm001
2021,SEA202104010,2021-04-01,0,SEA,SFN,8,7,SEA03,gonzm005,gausk001
2021,ANA202104020,2021-04-02,0,ANA,CHA,8,12,ANA01,heana001,keucd001
2021,BOS202104020,2021-04-02,0,BOS,BAL,0,3,BOS07,eovan001,meanj001
2021,COL202104020,2021-04-02,0,COL,LAN,6,11,DEN02,senza001,bauet001
2021,MIA202104020,2021-04-02,0,MIA,TBA,4,6,MIA02,lopep002,yarbr001
2021,OAK202104020,2021-04-02,0,OAK,HOU,5,9,OAK01,luzaj001,javic001
2021,SDN202104020,2021-04-02,0,SDN,ARI,4,2,SAN02,snelb001,kellm002
2021,SEA202104020,2021-04-02,0,SEA,SFN,3,6,SEA03,kikuy001,cuetj001
2021,ANA202104030,2021-04-03,0,ANA,CHA,5,3,ANA01,cobba001,lynnl001
2021,BOS202104030,2021-04-03,0,BOS,BAL,2,4,BOS07,houct001,harvm001
2021,CHN202104030,2021-04-03,0,CHN,PIT,5,1,CHI11,arrij001,andet002
2021,CIN202104030,2021-04-03,0,CIN,SLN,9,6,CIN09,mahlt001,waina001
2021,COL202104030,2021-04-03,0,COL,LAN,5,6,DEN02,grayj003,buehw001
2021,DET202104030,2021-04-03,0,DET,CLE,5,2,DET05,tehej001,plesz001
2021,KCA202104030,2021-04-03,0,KCA,TEX,11,4,KAN06,minom001,arihk001
2021,MIA202104030,2021-04-03,0,MIA,TBA,12,7,MIA02,herne002,hillr001
2021,MIL202104030,2021-04-03,0,MIL,MIN,0,2,MIL06,burnc002,berrj001
2021,NYA202104030,2021-04-03,0,NYA,TOR,5,3,NYC21,klubc001,strir001
2021,OAK202104030,2021-04-03,0,OAK,HOU,1,9,OAK01,irvic001,mccul002
2021,PHI202104030,2021-04-03,0,PHI,ATL,4,0,PHI13,wheez001,mortc002
2021,SDN202104030,2021-04-03,0,SDN,ARI,7,0,SAN02,musgj001,smitc006
2021,SEA202104030,2021-04-03,0,SEA,SFN,4,0,SEA03,flexc001,webbl001
2021,ANA202104040,2021-04-04,0,ANA,CHA,7,4,ANA01,ohtas001,ceasd001
2021,BOS202104040,2021-04-04,0,BOS,BAL,3,11,BOS07,richg002,zimmb002
2021,CHN202104040,2021-04-04,0,CHN,PIT,4,3,CHI11,daviz001,kellm003
2021,CIN202104040,2021-04-04,0,CIN,SLN,12,1,CIN09,hoffj003,martc006
2021,COL202104040,2021-04-04,0,COL,LAN,2,4,DEN02,gomba001,uriaj001
2021,DET202104040,2021-04-04,0,DET,CLE,3,9,DET05,skubt001,civaa001
2021,KCA202104040,2021-04-04,0,KCA,TEX,3,7,KAN06,singb001,lylej001
2021,MIL202104040,2021-04-04,0,MIL,MIN,2,8,MIL06,housa001,pinem001
2021,NYA202104040,2021-04-04,0,NYA,TOR,1,3,NYC21,germd001,zeuct001
2021,OAK202104040,2021-04-04,0,OAK,HOU,2,9,OAK01,manas001,urquj001
2021,PHI202104040,2021-04-04,0,PHI,ATL,2,1,PHI13,efliz001,andei001
2021,SDN202104040,2021-04-04,0,SDN,ARI,1,3,SAN02,paddc001,widet001
2021,ANA202104050,2021-04-05,0,ANA,HOU,7,6,ANA01,quinj001,garcl007
2021,BOS202104050,2021-04-05,0,BOS,TBA,11,2,BOS07,piven001,wachm001
2021,CHN202104050,2021-04-05,0,CHN,MIL,5,3,CHI11,willt002,andeb004
2021,CIN202104050,2021-04-05,0,CIN,PIT,5,3,CIN09,delej003,brubj001
2021,CLE202104050,2021-04-05,0,CLE,KCA,0,3,CLE08,allel002,duffd001
2021,DET202104050,2021-04-05,0,DET,MIN,6,15,DET05,urenj001,shoem001
2021,MIA202104050,2021-04-05,0,MIA,SLN,1,4,MIA02,roget003,poncd001
2021,NYA202104050,2021-04-05,0,NYA,BAL,7,0,NYC21,montj004,lopej004
2021,OAK202104050,2021-04-05,0,OAK,LAN,3,10,OAK01,montf001,may-d003
2021,PHI202104050,2021-04-05,0,PHI,NYN,5,3,PHI13,moorm003,degrj001
2021,SDN202104050,2021-04-05,0,SDN,SFN,2,3,SAN02,morea001,desca001
2021,SEA202104050,2021-04-05,0,SEA,CHA,0,6,SEA03,shefj001,rodoc001
2021,TEX202104050,2021-04-05,0,TEX,TOR,2,6,ARL03,foltm001,matzs001
2021,ANA202104060,2021-04-06,0,ANA,HOU,2,4,ANA01,bundd001,greiz001
2021,BOS202104060,2021-04-06,0,BOS,TBA,6,5,BOS07,perem004,glast001
2021,CHN202104060,2021-04-06,0,CHN,MIL,0,4,CHI11,alzoa001,peraf001
2021,CIN202104060,2021-04-06,0,CIN,PIT,14,1,CIN09,milew001,cahit001
2021,COL202104060,2021-04-06,0,COL,ARI,8,10,DEN02,marqg001,weavl001
2021,DET202104060,2021-04-06,0,DET,MIN,4,3,DET05,mizec001,happj001
2021,MIA202104060,2021-04-06,0,MIA,SLN,2,4,MIA02,alcas001,gantj002
2021,NYA202104060,2021-04-06,0,NYA,BAL,7,2,NYC21,coleg001,kremd001
2021,OAK202104060,2021-04-06,0,OAK,LAN,1,5,OAK01,bassc001,kersc001
2021,PHI202104060,2021-04-06,0,PHI,NYN,4,8,PHI13,andec001,strom001
2021,SDN202104060,2021-04-06,0,SDN,SFN,3,1,SAN02,darvy001,sanca006
2021,SEA202104060,2021-04-06,0,SEA,CHA,4,10,SEA03,paxtj001,gioll001
2021,TEX202104060,2021-04-06,0,TEX,TOR,7,4,ARL03,dunnd001,roart001
2021,WAS202104060,2021-04-06,0,WAS,ATL,6,5,WAS11,schem001,smyld001
2021,BOS202104070,2021-04-07,0,BOS,TBA,9,2,BOS07,eovan001,yarbr001
2021,CHN202104070,2021-04-07,0,CHN,MIL,2,4,CHI11,hendk001,woodb005
2021,CIN202104070,2021-04-07,0,CIN,PIT,11,4,CIN09,castl003,kuhlc001
2021,CLE202104070,2021-04-07,0,CLE,KCA,4,2,CLE08,biebs001,junij001
2021,COL202104070,2021-04-07,0,COL,ARI,8,0,DEN02,senza001,bumgm001
2021,DET202104070,2021-04-07,0,DET,MIN,2,3,DET05,boydm001,maedk001
2021,MIA202104070,2021-04-07,0,MIA,SLN,0,7,MIA02,lopep002,flahj002
2021,NYA202104070,2021-04-07,0,NYA,BAL,3,4,NYC21,tailj001,meanj001
2021,OAK202104070,2021-04-07,0,OAK,LAN,4,3,OAK01,luzaj001,bauet001
2021,PHI202104070,2021-04-07,0,PHI,NYN,8,2,PHI13,nolaa001,peted003
2021,SDN202104070,2021-04-07,0,SDN,SFN,2,3,SAN02,snelb001,gausk001
2021,SEA202104070,2021-04-07,0,SEA,CHA,8,4,SEA03,dunnj002,keucd001
2021,TEX202104070,2021-04-07,0,TEX,TOR,2,1,ARL03,gibsk002,ryu-h001
2021,WAS202104071,2021-04-07,1,WAS,ATL,6,7,WAS11,fedde001,friem001
2021,WAS202104072,2021-04-07,2,WAS,ATL,0,2,WAS11,stras001,ynoah001
2021,BAL202104080,2021-04-08,0,BAL,BOS,3,7,BAL12,harvm001,rodre004
2021,CHA202104080,2021-04-08,0,CHA,KCA,6,0,CHI12,lynnl001,kellb003
2021,COL202104080,2021-04-08,0,COL,ARI,7,3,DEN02,grayj003,kellm002
2021,HOU202104080,2021-04-08,0,HOU,OAK,6,2,HOU03,javic001,irvic001
2021,MIN202104080,2021-04-08,0,MIN,SEA,10,2,MIN04,berrj001,gonzm005
2021,NYN202104080,2021-04-08,0,NYN,MIA,3,2,NYC20,walkt004,neidn001
2021,PIT202104080,2021-04-08,0,PIT,CHN,2,4,PIT08,andet002,arrij001
2021,SLN202104080,2021-04-08,0,SLN,MIL,3,1,STL10,waina001,burnc002
2021,TOR202104080,2021-04-08,0,TOR,ANA,5,7,DUN01,strir001,canng001
2021,ARI202104090,2021-04-09,0,ARI,CIN,5,6,PHO01,widet001,mahlt001
2021,ATL202104090,2021-04-09,0,ATL,PHI,8,1,ATL03,mortc002,wheez001
2021,CLE202104090,2021-04-09,0,CLE,DET,4,1,CLE08,plesz001,holld003
2021,HOU202104090,2021-04-09,0,HOU,OAK,2,6,HOU03,mccul002,manas001
2021,LAN202104090,2021-04-09,0,LAN,WAS,1,0,LOS03,buehw001,rossj002
2021,SFN202104090,2021-04-09,0,SFN,COL,3,1,SFO03,cuetj001,gomba001
2021,TBA202104090,2021-04-09,0,TBA,NYA,10,5,STP01,hillr001,klubc001
2021,TEX202104090,2021-04-09,0,TEX,SDN,0,3,ARL03,arihk001,musgj001
2021,TOR202104090,2021-04-09,0,TOR,ANA,1,7,DUN01,pheld001,heana001
2021,ARI202104100,2021-04-10,0,ARI,CIN,8,3,PHO01,smitr005,hoffj003
2021,ATL202104100,2021-04-10,0,ATL,PHI,5,4,ATL03,andei001,efliz001
2021,BAL202104100,2021-04-10,0,BAL,BOS,4,6,BAL12,zimmb002,richg002
2021,CLE202104100,2021-04-10,0,CLE,DET,11,3,CLE08,civaa001,skubt001
2021,HOU202104100,2021-04-10,0,HOU,OAK,3,7,HOU03,urquj001,montf001
2021,LAN202104100,2021-04-10,0,LAN,WAS,9,5,LOS03,uriaj001,corbp001
2021,MIN202104100,2021-04-10,0,MIN,SEA,3,4,MIN04,pinem001,kikuy001
2021,NYN202104100,2021-04-10,0,NYN,MIA,0,3,NYC20,degrj001,roget003
2021,PIT202104100,2021-04-10,0,PIT,CHN,8,2,PIT08,kellm003,daviz001
2021,SFN202104100,2021-04-10,0,SFN,COL,4,3,SFO03,webbl001,gonzc002
2021,SLN202104100,2021-04-10,0,SLN,MIL,5,9,STL10,martc006,housa001
2021,TBA202104100,2021-04-10,0,TBA,NYA,4,0,STP01,archc001,germd001
2021,TEX202104100,2021-04-10,0,TEX,SDN,4,7,ARL03,lylej001,paddc001
2021,TOR202104100,2021-04-10,0,TOR,ANA,15,1,DUN01,matzs001,quinj001
2021,ARI202104110,2021-04-11,0,ARI,CIN,7,0,PHO01,weavl001,delej003
2021,ATL202104110,2021-04-11,0,ATL,PHI,6,7,ATL03,smyld001,moorm003
2021,BAL202104110,2021-04-11,0,BAL,BOS,9,14,BAL12,lopej004,piven001
2021,CHA202104110,2021-04-11,0,CHA,KCA,3,4,CHI12,ceasd001,minom001
2021,CLE202104110,2021-04-11,0,CLE,DET,5,2,CLE08,allel002,urenj001
2021,LAN202104110,2021-04-11,0,LAN,WAS,3,0,LOS03,kersc001,schem001
2021,MIN202104110,2021-04-11,0,MIN,SEA,6,8,MIN04,shoem001,flexc001
2021,NYN202104110,2021-04-11,0,NYN,MIA,6,5,NYC20,strom001,curtj003
2021,PIT202104110,2021-04-11,0,PIT,CHN,7,1,PIT08,brubj001,willt002
2021,SFN202104110,2021-04-11,0,SFN,COL,4,0,SFO03,desca001,marqg001
2021,SLN202104110,2021-04-11,0,SLN,MIL,3,9,STL10,poncd001,andeb004
2021,TBA202104110,2021-04-11,0,TBA,NYA,4,8,STP01,honeb001,montj004
2021,TEX202104110,2021-04-11,0,TEX,SDN,0,2,ARL03,foltm001,morea001
2021,ARI202104120,2021-04-12,0,ARI,OAK,5,9,PHO01,bumgm001,bassc001
2021,ATL202104120,2021-04-12,0,ATL,MIA,3,5,ATL03,ynoah001,alcas001
2021,CHA202104120,2021-04-12,0,CHA,CLE,4,3,CHI12,keucd001,mcket001
2021,HOU202104120,2021-04-12,0,HOU,DET,2,6,HOU03,greiz001,mizec001
2021,KCA202104120,2021-04-12,0,KCA,ANA,3,10,KAN06,singb001,cobba001
2021,MIL202104120,2021-04-12,0,MIL,CHN,6,3,MIL06,peraf001,alzoa001
2021,PIT202104120,2021-04-12,0,PIT,SDN,2,6,PIT08,cahit001,darvy001
2021,SFN202104120,2021-04-12,0,SFN,CIN,0,3,SFO03,sanca006,milew001
2021,SLN202104120,2021-04-12,0,SLN,WAS,2,5,STL10,gantj002,fedde001
2021,TBA202104120,2021-04-12,0,TBA,TEX,1,0,STP01,glast001,dunnd001
2021,TOR202104120,2021-04-12,0,TOR,NYA,1,3,DUN01,ray-r002,coleg001
2021,ARI202104130,2021-04-13,0,ARI,OAK,5,7,PHO01,gallz001,luzaj001
2021,ATL202104130,2021-04-13,0,ATL,MIA,8,14,ATL03,friem001,lopep002
2021,BAL202104131,2021-04-13,1,BAL,SEA,3,4,BAL12,meanj001,shefj001
2021,BAL202104132,2021-04-13,2,BAL,SEA,7,6,BAL12,kremd001,margn001
2021,CHA202104130,2021-04-13,0,CHA,CLE,0,2,CHI12,gioll001,biebs001
2021,HOU202104130,2021-04-13,0,HOU,DET,2,8,HOU03,odorj001,boydm001
2021,KCA202104130,2021-04-13,0,KCA,ANA,3,2,KAN06,duffd001,bundd001
2021,LAN202104130,2021-04-13,0,LAN,COL,7,0,LOS03,bauet001,senza001
2021,MIL202104130,2021-04-13,0,MIL,CHN,2,3,MIL06,woodb005,milla003
2021,MIN202104130,2021-04-13,0,MIN,BOS,2,4,MIN04,happj001,perem004
2021,NYN202104131,2021-04-13,1,NYN,PHI,4,3,NYC20,walkt004,andec001
2021,NYN202104132,2021-04-13,2,NYN,PHI,4,0,NYC20,strom001,nolaa001
2021,PIT202104130,2021-04-13,0,PIT,SDN,8,4,PIT08,kuhlc001,snelb001
2021,SFN202104130,2021-04-13,0,SFN,CIN,7,6,SFO03,gausk001,castl003
2021,SLN202104130,2021-04-13,0,SLN,WAS,14,3,STL10,flahj002,stras001
2021,TBA202104130,2021-04-13,0,TBA,TEX,3,8,STP01,yarbr001,gibsk002
2021,TOR202104130,2021-04-13,0,TOR,NYA,7,3,DUN01,ryu-h001,tailj001
2021,ATL202104140,2021-04-14,0,ATL,MIA,5,6,ATL03,mortc002,neidn001
2021,CHA202104140,2021-04-14,0,CHA,CLE,8,0,CHI12,rodoc001,plesz001
2021,HOU202104140,2021-04-14,0,HOU,DET,4,6,HOU03,mccul002,fulmm001
2021,KCA202104140,2021-04-14,0,KCA,ANA,6,1,KAN06,kellb003,canng001
2021,LAN202104140,2021-04-14,0,LAN,COL,4,2,LOS03,may-d003,grayj003
2021,MIL202104140,2021-04-14,0,MIL,CHN,7,0,MIL06,burnc002,arrij001
2021,MIN202104141,2021-04-14,1,MIN,BOS,2,3,MIN04,maedk001,eovan001
2021,MIN202104142,2021-04-14,2,MIN,BOS,1,7,MIN04,berrj001,rodre004
2021,NYN202104140,2021-04-14,0,NYN,PHI,5,1,NYC20,peted003,wheez001
2021,PIT202104140,2021-04-14,0,PIT,SDN,5,1,PIT08,andet002,musgj001
2021,SFN202104140,2021-04-14,0,SFN,CIN,3,0,SFO03,cuetj001,mahlt001
2021,SLN202104140,2021-04-14,0,SLN,WAS,0,6,STL10,waina001,rossj002
2021,TBA202104140,2021-04-14,0,TBA,TEX,1,5,STP01,flemj001,arihk001
2021,TOR202104140,2021-04-14,0,TOR,NYA,5,4,DUN01,zeuct001,klubc001
2021,ATL202104150,2021-04-15,0,ATL,MIA,7,6,ATL03,andei001,roget003
2021,BAL202104151,2021-04-15,1,BAL,SEA,2,4,BAL12,harvm001,gonzm005
2021,BAL202104152,2021-04-15,2,BAL,SEA,1,2,BAL12,zimmb002,dunnj002
2021,CHA202104150,2021-04-15,0,CHA,CLE,2,4,CHI12,lynnl001,civaa001
2021,KCA202104150,2021-04-15,0,KCA,TOR,7,5,KAN06,junij001,kay-a001
2021,LAN202104150,2021-04-15,0,LAN,COL,7,5,LOS03,uriaj001,gomba001
2021,MIN202104150,2021-04-15,0,MIN,BOS,4,3,MIN04,pinem001,richg002
2021,OAK202104150,2021-04-15,0,OAK,DET,8,4,OAK01,manas001,skubt001
2021,PIT202104150,2021-04-15,0,PIT,SDN,3,8,PIT08,kellm003,paddc001
2021,TBA202104150,2021-04-15,0,TBA,TEX,4,6,STP01,hillr001,lylej001
2021,WAS202104150,2021-04-15,0,WAS,ARI,6,11,WAS11,corbp001,kellm002
2021,ANA202104160,2021-04-16,0,ANA,MIN,10,3,ANA01,heana001,thorl002
2021,CHN202104160,2021-04-16,0,CHN,ATL,2,5,CHI11,daviz001,wrigk001
2021,CIN202104160,2021-04-16,0,CIN,CLE,10,3,CIN09,hoffj003,allel002
2021,MIA202104160,2021-04-16,0,MIA,SFN,4,1,MIA02,castd003,desca001
2021,MIL202104160,2021-04-16,0,MIL,PIT,1,6,MIL06,housa001,brubj001
2021,NYA202104160,2021-04-16,0,NYA,TBA,2,8,NYC21,nelsn001,wachm001
2021,OAK202104160,2021-04-16,0,OAK,DET,3,0,OAK01,montf001,urenj001
2021,PHI202104160,2021-04-16,0,PHI,SLN,9,2,PHI13,efliz001,martc006
2021,SDN202104160,2021-04-16,0,SDN,LAN,6,11,SAN02,weatr001,buehw001
2021,SEA202104160,2021-04-16,0,SEA,HOU,6,5,SEA03,kikuy001,urquj001
2021,TEX202104160,2021-04-16,0,TEX,BAL,2,5,ARL03,foltm001,lopej004
2021,WAS202104160,2021-04-16,0,WAS,ARI,1,0,WAS11,schem001,widet001
2021,BOS202104170,2021-04-17,0,BOS,CHA,7,4,BOS07,piven001,ceasd001
2021,CHN202104170,2021-04-17,0,CHN,ATL,13,4,CHI11,willt002,ynoah001
2021,CIN202104170,2021-04-17,0,CIN,CLE,3,2,CIN09,grays001,mcket001
2021,COL202104171,2021-04-17,1,COL,NYN,3,4,DEN02,gonzc002,degrj001
2021,COL202104172,2021-04-17,2,COL,NYN,7,2,DEN02,marqg001,luccj001
2021,KCA202104171,2021-04-17,1,KCA,TOR,1,5,KAN06,minom001,matzs001
2021,KCA202104172,2021-04-17,2,KCA,TOR,3,2,KAN06,sante001,milot001
2021,MIA202104170,2021-04-17,0,MIA,SFN,7,6,MIA02,alcas001,sanca006
2021,MIL202104170,2021-04-17,0,MIL,PIT,7,1,MIL06,andeb004,cahit001
2021,NYA202104170,2021-04-17,0,NYA,TBA,3,6,NYC21,montj004,glast001
2021,OAK202104170,2021-04-17,0,OAK,DET,7,0,OAK01,irvic001,mizec001
2021,PHI202104170,2021-04-17,0,PHI,SLN,4,9,PHI13,moorm003,kim-k001
2021,SDN202104170,2021-04-17,0,SDN,LAN,0,2,SAN02,darvy001,kersc001
2021,SEA202104170,2021-04-17,0,SEA,HOU,0,1,SEA03,flexc001,greiz001
2021,TEX202104170,2021-04-17,0,TEX,BAL,1,6,ARL03,dunnd001,kremd001
2021,WAS202104170,2021-04-17,0,WAS,ARI,6,2,WAS11,fedde001,weavl001
2021,BOS202104181,2021-04-18,1,BOS,CHA,2,3,BOS07,houct001,keucd001
2021,BOS202104182,2021-04-18,2,BOS,CHA,1,5,BOS07,perem004,kopem001
2021,CHN202104180,2021-04-18,0,CHN,ATL,4,13,CHI11,hendk001,wilsb003
2021,CIN202104180,2021-04-18,0,CIN,CLE,3,6,CIN09,milew001,biebs001
2021,COL202104180,2021-04-18,0,COL,NYN,1,2,DEN02,senza001,strom001
2021,KCA202104180,2021-04-18,0,KCA,TOR,2,0,KAN06,singb001,ray-r002
2021,MIA202104180,2021-04-18,0,MIA,SFN,0,1,MIA02,lopep002,wooda002
2021,MIL202104180,2021-04-18,0,MIL,PIT,5,6,MIL06,peraf001,kuhlc001
2021,NYA202104180,2021-04-18,0,NYA,TBA,2,4,NYC21,coleg001,kitta001
2021,OAK202104180,2021-04-18,0,OAK,DET,3,2,OAK01,bassc001,boydm001
2021,PHI202104180,2021-04-18,0,PHI,SLN,2,0,PHI13,nolaa001,gantj002
2021,SDN202104180,2021-04-18,0,SDN,LAN,5,2,SAN02,snelb001,bauet001
2021,SEA202104180,2021-04-18,0,SEA,HOU,7,2,SEA03,margn001,odorj001
2021,TEX202104180,2021-04-18,0,TEX,BAL,1,0,ARL03,gibsk002,meanj001
2021,WAS202104180,2021-04-18,0,WAS,ARI,2,5,WAS11,espip001,bumgm001
2021,ANA202104190,2021-04-19,0,ANA,TEX,4,6,ANA01,bundd001,arihk001
2021,BOS202104190,2021-04-19,0,BOS,CHA,11,4,BOS07,eovan001,gioll001
2021,KCA202104190,2021-04-19,0,KCA,TBA,1,4,KAN06,duffd001,flemj001
2021,PHI202104190,2021-04-19,0,PHI,SFN,0,2,PHI13,andec001,gausk001
2021,SDN202104190,2021-04-19,0,SDN,MIL,1,3,SAN02,musgj001,woodb005
2021,SEA202104190,2021-04-19,0,SEA,LAN,4,3,SEA03,shefj001,may-d003
2021,WAS202104190,2021-04-19,0,WAS,SLN,5,12,WAS11,rossj002,flahj002
2021,ANA202104200,2021-04-20,0,ANA,TEX,6,2,ANA01,ohtas001,lylej001
2021,BOS202104200,2021-04-20,0,BOS,TOR,4,2,BOS07,rodre004,ryu-h001
2021,CHN202104200,2021-04-20,0,CHN,NYN,3,1,CHI11,arrij001,walkt004
2021,CIN202104200,2021-04-20,0,CIN,ARI,4,5,CIN09,castl003,gallz001
2021,CLE202104200,2021-04-20,0,CLE,CHA,5,8,CLE08,plesz001,rodoc001
2021,COL202104200,2021-04-20,0,COL,HOU,6,2,DEN02,grayj003,garcl007
2021,KCA202104200,2021-04-20,0,KCA,TBA,7,14,KAN06,kellb003,hillr001
2021,MIA202104200,2021-04-20,0,MIA,BAL,5,7,MIA02,neidn001,harvm001
2021,NYA202104200,2021-04-20,0,NYA,ATL,3,1,NYC21,tailj001,mortc002
2021,OAK202104201,2021-04-20,1,OAK,MIN,7,0,OAK01,manas001,shoem001
2021,OAK202104202,2021-04-20,2,OAK,MIN,1,0,OAK01,luzaj001,berrj001
2021,PHI202104200,2021-04-20,0,PHI,SFN,7,10,PHI13,wheez001,webbl001
2021,SDN202104200,2021-04-20,0,SDN,MIL,0,6,SAN02,paddc001,burnc002
2021,SEA202104200,2021-04-20,0,SEA,LAN,0,1,SEA03,gonzm005,uriaj001
2021,WAS202104200,2021-04-20,0,WAS,SLN,3,2,WAS11,corbp001,waina001
2021,ANA202104210,2021-04-21,0,ANA,TEX,4,7,ANA01,quinj001,foltm001
2021,BOS202104210,2021-04-21,0,BOS,TOR,3,6,BOS07,richg002,thort002
2021,CHN202104210,2021-04-21,0,CHN,NYN,16,4,CHI11,daviz001,peted003
2021,CIN202104210,2021-04-21,0,CIN,ARI,5,8,CIN09,mahlt001,kellm002
2021,COL202104210,2021-04-21,0,COL,HOU,6,3,DEN02,gomba001,urquj001
2021,DET202104211,2021-04-21,1,DET,PIT,2,3,DET05,fulmm001,andet002
2021,DET202104212,2021-04-21,2,DET,PIT,5,2,DET05,turns003,yajum001
2021,KCA202104210,2021-04-21,0,KCA,TBA,9,8,KAN06,junij001,wachm001
2021,MIA202104210,2021-04-21,0,MIA,BAL,3,0,MIA02,roget003,zimmb002
2021,NYA202104210,2021-04-21,0,NYA,ATL,1,4,NYC21,klubc001,andei001
2021,OAK202104210,2021-04-21,0,OAK,MIN,13,12,OAK01,montf001,maedk001
2021,PHI202104210,2021-04-21,0,PHI,SFN,6,5,PHI13,efliz001,desca001
2021,SDN202104210,2021-04-21,0,SDN,MIL,2,4,SAN02,lamed001,housa001
2021,WAS202104210,2021-04-21,0,WAS,SLN,1,0,WAS11,schem001,martc006
2021,BOS202104220,2021-04-22,0,BOS,SEA,3,7,BOS07,piven001,dunnj002
2021,CHN202104220,2021-04-22,0,CHN,NYN,4,3,CHI11,willt002,luccj001
2021,CIN202104220,2021-04-22,0,CIN,ARI,11,14,CIN09,hoffj003,widet001
2021,CLE202104220,2021-04-22,0,CLE,NYA,3,6,CLE08,civaa001,germd001
2021,DET202104220,2021-04-22,0,DET,PIT,2,4,DET05,urenj001,kellm003
2021,HOU202104220,2021-04-22,0,HOU,ANA,8,2,HOU03,javic001,cobba001
2021,LAN202104220,2021-04-22,0,LAN,SDN,2,3,LOS03,buehw001,weatr001
2021,SFN202104220,2021-04-22,0,SFN,MIA,3,0,SFO03,sanca006,castd003
2021,ATL202104230,2021-04-23,0,ATL,ARI,5,4,ATL03,ynoah001,weavl001
2021,BAL202104230,2021-04-23,0,BAL,OAK,1,3,BAL12,lopej004,irvic001
2021,BOS202104230,2021-04-23,0,BOS,SEA,6,5,BOS07,perem004,kikuy001
2021,CHA202104230,2021-04-23,0,CHA,TEX,9,7,CHI12,ceasd001,dunnd001
2021,CHN202104230,2021-04-23,0,CHN,MIL,15,2,CHI11,hendk001,andeb004
2021,CLE202104230,2021-04-23,0,CLE,NYA,3,5,CLE08,allel002,montj004
2021,COL202104230,2021-04-23,0,COL,PHI,5,4,DEN02,marqg001,velav001
2021,DET202104230,2021-04-23,0,DET,KCA,2,6,DET05,mizec001,minom001
2021,HOU202104230,2021-04-23,0,HOU,ANA,5,4,HOU03,greiz001,heana001
2021,LAN202104230,2021-04-23,0,LAN,SDN,1,6,LOS03,kersc001,darvy001
2021,MIN202104230,2021-04-23,0,MIN,PIT,2,0,MIN04,happj001,brubj001
2021,NYN202104230,2021-04-23,0,NYN,WAS,6,0,NYC20,degrj001,fedde001
2021,SFN202104230,2021-04-23,0,SFN,MIA,5,3,SFO03,wooda002,alcas001
2021,SLN202104230,2021-04-23,0,SLN,CIN,5,4,STL10,kim-k001,grays001
2021,TBA202104230,2021-04-23,0,TBA,TOR,3,5,STP01,glast001,matzs001
2021,BAL202104240,2021-04-24,0,BAL,OAK,2,7,BAL12,leblw001,bassc001
2021,BOS202104240,2021-04-24,0,BOS,SEA,2,8,BOS07,eovan001,flexc001
2021,CHA202104240,2021-04-24,0,CHA,TEX,2,1,CHI12,keucd001,gibsk002
2021,CHN202104240,2021-04-24,0,CHN,MIL,3,4,CHI11,alzoa001,peraf001
2021,CLE202104240,2021-04-24,0,CLE,NYA,1,2,CLE08,biebs001,coleg001
2021,COL202104240,2021-04-24,0,COL,PHI,5,7,DEN02,senza001,nolaa001
2021,DET202104240,2021-04-24,0,DET,KCA,1,2,DET05,boydm001,singb001
2021,HOU202104240,2021-04-24,0,HOU,ANA,16,2,HOU03,odorj001,canng001
2021,LAN202104240,2021-04-24,0,LAN,SDN,5,4,LOS03,bauet001,snelb001
2021,MIN202104240,2021-04-24,0,MIN,PIT,2,6,MIN04,pinem001,cahit001
2021,NYN202104240,2021-04-24,0,NYN,WAS,1,7,NYC20,strom001,rossj002
2021,SFN202104240,2021-04-24,0,SFN,MIA,2,5,SFO03,gausk001,lopep002
2021,SLN202104240,2021-04-24,0,SLN,CIN,2,0,STL10,gantj002,milew001
2021,TBA202104240,2021-04-24,0,TBA,TOR,5,3,STP01,honeb001,ray-r002
2021,ATL202104251,2021-04-25,1,ATL,ARI,0,5,ATL03,wilsb003,gallz001
2021,ATL202104252,2021-04-25,2,ATL,ARI,0,7,ATL03,smyld001,bumgm001
2021,BAL202104250,2021-04-25,0,BAL,OAK,8,1,BAL12,meanj001,luzaj001
2021,BOS202104250,2021-04-25,0,BOS,SEA,5,3,BOS07,rodre004,margn001
2021,CHA202104250,2021-04-25,0,CHA,TEX,8,4,CHI12,kopem001,arihk001
2021,CHN202104250,2021-04-25,0,CHN,MIL,0,6,CHI11,arrij001,woodb005
2021,CLE202104250,2021-04-25,0,CLE,NYA,7,3,CLE08,mcket001,tailj001
2021,COL202104250,2021-04-25,0,COL,PHI,12,2,DEN02,grayj003,andec001
2021,DET202104250,2021-04-25,0,DET,KCA,0,4,DET05,fulmm001,duffd001
2021,HOU202104250,2021-04-25,0,HOU,ANA,2,4,HOU03,mccul002,bundd001
2021,LAN202104250,2021-04-25,0,LAN,SDN,7,8,LOS03,may-d003,musgj001
2021,MIN202104250,2021-04-25,0,MIN,PIT,2,6,MIN04,shoem001,croww001
2021,NYN202104250,2021-04-25,0,NYN,WAS,4,0,NYC20,walkt004,corbp001
2021,SFN202104250,2021-04-25,0,SFN,MIA,4,3,SFO03,webbl001,detwr001
2021,SLN202104250,2021-04-25,0,SLN,CIN,5,2,STL10,flahj002,castl003
2021,TBA202104250,2021-04-25,0,TBA,TOR,0,1,STP01,patil001,ryu-h001
2021,ATL202104260,2021-04-26,0,ATL,CHN,8,7,ATL03,mortc002,daviz001
2021,BAL202104260,2021-04-26,0,BAL,NYA,4,2,BAL12,harvm001,garcd003
2021,CLE202104260,2021-04-26,0,CLE,MIN,5,3,CLE08,plesz001,berrj001
2021,DET202104260,2021-04-26,0,DET,KCA,2,3,DET05,turns003,kellb003
2021,HOU202104260,2021-04-26,0,HOU,SEA,5,2,HOU03,urquj001,shefj001
2021,LAN202104260,2021-04-26,0,LAN,CIN,3,5,LOS03,uriaj001,mahlt001
2021,MIL202104260,2021-04-26,0,MIL,MIA,0,8,MIL06,burnc002,roget003
2021,SFN202104260,2021-04-26,0,SFN,COL,12,0,SFO03,desca001,gomba001
2021,SLN202104260,2021-04-26,0,SLN,PHI,1,2,STL10,waina001,wheez001
2021,TBA202104260,2021-04-26,0,TBA,OAK,1,2,STP01,hillr001,manas001
2021,TEX202104260,2021-04-26,0,TEX,ANA,4,9,ARL03,lylej001,ohtas001
2021,ARI202104270,2021-04-27,0,ARI,SDN,5,1,PHO01,kellm002,paddc001
2021,ATL202104270,2021-04-27,0,ATL,CHN,5,0,ATL03,andei001,willt002
2021,BAL202104270,2021-04-27,0,BAL,NYA,1,5,BAL12,zimmb002,klubc001
2021,CHA202104270,2021-04-27,0,CHA,DET,2,5,CHI12,gioll001,urenj001
2021,CLE202104270,2021-04-27,0,CLE,MIN,7,4,CLE08,civaa001,maedk001
2021,HOU202104270,2021-04-27,0,HOU,SEA,2,0,HOU03,javic001,gonzm005
2021,LAN202104270,2021-04-27,0,LAN,CIN,5,6,LOS03,buehw001,hoffj003
2021,MIL202104270,2021-04-27,0,MIL,MIA,5,4,MIL06,housa001,castd003
2021,NYN202104270,2021-04-27,0,NYN,BOS,1,2,NYC20,peted003,richg002
2021,PIT202104270,2021-04-27,0,PIT,KCA,2,1,PIT08,andet002,junij001
2021,SFN202104270,2021-04-27,0,SFN,COL,5,7,SFO03,sanca006,gonzc002
2021,SLN202104270,2021-04-27,0,SLN,PHI,5,2,STL10,martc006,efliz001
2021,TBA202104270,2021-04-27,0,TBA,OAK,4,3,STP01,wachm001,montf001
2021,TEX202104270,2021-04-27,0,TEX,ANA,6,1,ARL03,foltm001,quinj001
2021,TOR202104270,2021-04-27,0,TOR,WAS,9,5,DUN01,thort002,schem001
2021,ARI202104280,2021-04-28,0,ARI,SDN,3,12,PHO01,smitr005,weatr001
2021,ATL202104280,2021-04-28,0,ATL,CHN,10,0,ATL03,ynoah001,hendk001
2021,BAL202104280,2021-04-28,0,BAL,NYA,0,7,BAL12,kremd001,germd001
2021,CLE202104280,2021-04-28,0,CLE,MIN,2,10,CLE08,allel002,happj001
2021,HOU202104280,2021-04-28,0,HOU,SEA,7,5,HOU03,greiz001,dunnj002
2021,LAN202104280,2021-04-28,0,LAN,CIN,8,0,LOS03,kersc001,grays001
2021,MIL202104280,2021-04-28,0,MIL,MIA,2,6,MIL06,godlz001,alcas001
2021,NYN202104280,2021-04-28,0,NYN,BOS,0,1,NYC20,degrj001,piven001
2021,PIT202104280,2021-04-28,0,PIT,KCA,6,9,PIT08,kellm003,minom001
2021,SFN202104280,2021-04-28,0,SFN,COL,7,3,SFO03,wooda002,marqg001
2021,SLN202104280,2021-04-28,0,SLN,PHI,3,5,STL10,oviej001,velav001
2021,TBA202104280,2021-04-28,0,TBA,OAK,2,0,STP01,glast001,irvic001
2021,TEX202104280,2021-04-28,0,TEX,ANA,3,4,ARL03,dunnd001,cobba001
2021,TOR202104280,2021-04-28,0,TOR,WAS,2,8,DUN01,matzs001,fedde001
2021,ARI202104290,2021-04-29,0,ARI,COL,5,3,PHO01,weavl001,senza001
2021,ATL202104290,2021-04-29,0,ATL,CHN,3,9,ATL03,wilsb003,alzoa001
2021,BAL202104290,2021-04-29,0,BAL,NYA,4,3,BAL12,lopej004,montj004
2021,CHA202104291,2021-04-29,1,CHA,DET,3,1,CHI12,rodoc001,mizec001
2021,CHA202104292,2021-04-29,2,CHA,DET,11,0,CHI12,ceasd001,boydm001
2021,HOU202104290,2021-04-29,0,HOU,SEA,0,1,HOU03,garcl007,kikuy001
2021,MIL202104290,2021-04-29,0,MIL,LAN,2,1,MIL06,lauee001,bauet001
2021,SLN202104290,2021-04-29,0,SLN,PHI,4,3,STL10,kim-k001,nolaa001
2021,TBA202104290,2021-04-29,0,TBA,OAK,2,3,STP01,mccls003,bassc001
2021,TEX202104290,2021-04-29,0,TEX,BOS,4,1,ARL03,gibsk002,perem004
2021,ARI202104300,2021-04-30,0,ARI,COL,7,2,PHO01,bumgm001,grayj003
2021,CHA202104300,2021-04-30,0,CHA,CLE,3,5,CHI12,keucd001,biebs001
2021,CIN202104300,2021-04-30,0,CIN,CHN,8,6,CIN09,milew001,arrij001
2021,MIL202104300,2021-04-30,0,MIL,LAN,3,1,MIL06,peraf001,ucete001
2021,MIN202104300,2021-04-30,0,MIN,KCA,9,1,MIN04,pinem001,singb001
2021,NYA202104300,2021-04-30,0,NYA,DET,10,0,NYC21,coleg001,skubt001
2021,OAK202104300,2021-04-30,0,OAK,BAL,2,3,OAK01,fierm001,meanj001
2021,PHI202104300,2021-04-30,0,PHI,NYN,2,1,PHI13,andec001,strom001
2021,PIT202104300,2021-04-30,0,PIT,SLN,3,7,PIT08,brubj001,gantj002
2021,SDN202104300,2021-04-30,0,SDN,SFN,3,2,SAN02,darvy001,webbl001
2021,SEA202104300,2021-04-30,0,SEA,ANA,7,4,SEA03,flexc001,heana001
2021,TBA202104300,2021-04-30,0,TBA,HOU,2,9,STP01,yarbr001,mccul002
2021,TEX202104300,2021-04-30,0,TEX,BOS,1,6,ARL03,arihk001,eovan001
2021,TOR202104300,2021-04-30,0,TOR,ATL,13,5,DUN01,ray-r002,smyld001
2021,WAS202104300,2021-04-30,0,WAS,MIA,2,1,WAS11,lestj001,lopep002
2021,ARI202105010,2021-05-01,0,ARI,COL,6,14,PHO01,gallz001,gomba001
2021,CHA202105010,2021-05-01,0,CHA,CLE,7,3,CHI12,lynnl001,mcket001
2021,CIN202105010,2021-05-01,0,CIN,CHN,2,3,CIN09,castl003,daviz001
2021,MIL202105010,2021-05-01,0,MIL,LAN,6,5,MIL06,woodb005,may-d003
2021,MIN202105010,2021-05-01,0,MIN,KCA,3,11,MIN04,shoem001,duffd001
2021,NYA202105010,2021-05-01,0,NYA,DET,6,4,NYC21,tailj001,turns003
2021,OAK202105010,2021-05-01,0,OAK,BAL,4,8,OAK01,luzaj001,harvm001
2021,PHI202105010,2021-05-01,0,PHI,NYN,4,5,PHI13,wheez001,walkt004
2021,PIT202105010,2021-05-01,0,PIT,SLN,5,12,PIT08,cahit001,flahj002
2021,SDN202105010,2021-05-01,0,SDN,SFN,6,2,SAN02,snelb001,desca001
2021,SEA202105010,2021-05-01,0,SEA,ANA,5,10,SEA03,newsl001,canng001
2021,TBA202105010,2021-05-01,0,TBA,HOU,1,3,STP01,flemj001,urquj001
2021,TEX202105010,2021-05-01,0,TEX,BOS,8,6,ARL03,lylej001,rodre004
2021,TOR202105010,2021-05-01,0,TOR,ATL,6,5,DUN01,bergt001,mortc002
2021,WAS202105010,2021-05-01,0,WAS,MIA,7,2,WAS11,corbp001,campp001
2021,ARI202105020,2021-05-02,0,ARI,COL,8,4,PHO01,kellm002,gonzc002
2021,CHA202105020,2021-05-02,0,CHA,CLE,0,5,CHI12,gioll001,plesz001
2021,CIN202105020,2021-05-02,0,CIN,CHN,13,12,CIN09,mahlt001,willt002
2021,MIL202105020,2021-05-02,0,MIL,LAN,4,16,MIL06,betta001,uriaj001
2021,MIN202105020,2021-05-02,0,MIN,KCA,13,4,MIN04,berrj001,kellb003
2021,NYA202105020,2021-05-02,0,NYA,DET,2,0,NYC21,klubc001,urenj001
2021,OAK202105020,2021-05-02,0,OAK,BAL,7,5,OAK01,manas001,zimmb002
2021,PHI202105020,2021-05-02,0,PHI,NYN,7,8,PHI13,efliz001,peted003
2021,PIT202105020,2021-05-02,0,PIT,SLN,0,3,PIT08,croww001,martc006
2021,SDN202105020,2021-05-02,0,SDN,SFN,1,7,SAN02,musgj001,gausk001
2021,SEA202105020,2021-05-02,0,SEA,ANA,2,0,SEA03,shefj001,bundd001
2021,TBA202105020,2021-05-02,0,TBA,HOU,5,4,STP01,hillr001,javic001
2021,TEX202105020,2021-05-02,0,TEX,BOS,5,3,ARL03,foltm001,richg002
2021,TOR202105020,2021-05-02,0,TOR,ATL,7,2,DUN01,strir001,andei001
2021,WAS202105020,2021-05-02,0,WAS,MIA,3,1,WAS11,schem001,roget003
2021,ANA202105030,2021-05-03,0,ANA,TBA,3,7,ANA01,quinj001,glast001
2021,KCA202105030,2021-05-03,0,KCA,CLE,6,8,KAN06,lyncd001,civaa001
2021,MIN202105030,2021-05-03,0,MIN,TEX,6,5,MIN04,maedk001,dunnd001
2021,OAK202105030,2021-05-03,0,OAK,TOR,5,4,OAK01,montf001,matzs001
2021,PHI202105030,2021-05-03,0,PHI,MIL,4,3,PHI13,velav001,housa001
2021,SDN202105030,2021-05-03,0,SDN,PIT,2,0,SAN02,diazm004,andet002
2021,SEA202105030,2021-05-03,0,SEA,BAL,3,5,SEA03,swane001,kremd001
2021,SLN202105030,2021-05-03,0,SLN,NYN,6,5,STL10,waina001,luccj001
2021,ANA202105040,2021-05-04,0,ANA,TBA,3,8,ANA01,cobba001,mccls003
2021,BOS202105040,2021-05-04,0,BOS,DET,11,7,BOS07,piven001,fulmm001
2021,CHN202105041,2021-05-04,1,CHN,LAN,7,1,CHI11,hendk001,kersc001
2021,CHN202105042,2021-05-04,2,CHN,LAN,4,3,CHI11,thomk002,bauet001
2021,CIN202105040,2021-05-04,0,CIN,CHA,0,9,CIN09,hoffj003,ceasd001
2021,COL202105041,2021-05-04,1,COL,SFN,4,12,DEN02,marqg001,sanca006
2021,COL202105042,2021-05-04,2,COL,SFN,8,6,DEN02,castr005,wooda002
2021,KCA202105040,2021-05-04,0,KCA,CLE,3,7,KAN06,minom001,matop002
2021,MIA202105040,2021-05-04,0,MIA,ARI,9,3,MIA02,alcas001,smitr005
2021,MIN202105040,2021-05-04,0,MIN,TEX,3,6,MIN04,happj001,gibsk002
2021,NYA202105040,2021-05-04,0,NYA,HOU,7,3,NYC21,germd001,greiz001
2021,OAK202105040,2021-05-04,0,OAK,TOR,4,1,OAK01,irvic001,kay-a001
2021,PHI202105040,2021-05-04,0,PHI,MIL,6,5,PHI13,nolaa001,lauee001
2021,SDN202105040,2021-05-04,0,SDN,PIT,1,2,SAN02,lamed001,kellm003
2021,SEA202105040,2021-05-04,0,SEA,BAL,5,2,SEA03,dunnj002,lopej004
2021,WAS202105040,2021-05-04,0,WAS,ATL,1,6,WAS11,rossj002,ynoah001
2021,ANA202105050,2021-05-05,0,ANA,TBA,1,3,ANA01,ohtas001,kitta001
2021,BOS202105050,2021-05-05,0,BOS,DET,5,6,BOS07,perem004,mizec001
2021,CHN202105050,2021-05-05,0,CHN,LAN,6,5,CHI11,alzoa001,buehw001
2021,CIN202105050,2021-05-05,0,CIN,CHA,1,0,CIN09,grays001,keucd001
2021,COL202105050,2021-05-05,0,COL,SFN,6,5,DEN02,grayj003,webbl001
2021,KCA202105050,2021-05-05,0,KCA,CLE,4,5,KAN06,singb001,biebs001
2021,MIA202105050,2021-05-05,0,MIA,ARI,8,0,MIA02,detwr001,weavl001
2021,MIN202105050,2021-05-05,0,MIN,TEX,1,3,MIN04,thorl002,yangh001
2021,NYA202105050,2021-05-05,0,NYA,HOU,6,3,NYC21,montj004,garcl007
2021,OAK202105050,2021-05-05,0,OAK,TOR,4,9,OAK01,bassc001,ray-r002
2021,PHI202105050,2021-05-05,0,PHI,MIL,5,4,PHI13,andec001,peraf001
2021,SDN202105050,2021-05-05,0,SDN,PIT,4,2,SAN02,darvy001,brubj001
2021,SEA202105050,2021-05-05,0,SEA,BAL,0,6,SEA03,kikuy001,meanj001
2021,SLN202105051,2021-05-05,1,SLN,NYN,4,1,STL10,kim-k001,strom001
2021,SLN202105052,2021-05-05,2,SLN,NYN,2,7,STL10,oviej001,castm002
2021,WAS202105050,2021-05-05,0,WAS,ATL,3,5,WAS11,fedde001,friem001
2021,ANA202105060,2021-05-06,0,ANA,TBA,3,8,ANA01,heana001,mchuc001
2021,BOS202105060,2021-05-06,0,BOS,DET,12,9,BOS07,eovan001,turns003
2021,KCA202105060,2021-05-06,0,KCA,CLE,0,4,KAN06,duffd001,mcket001
2021,MIA202105060,2021-05-06,0,MIA,ARI,3,1,MIA02,lopep002,bumgm001
2021,MIN202105060,2021-05-06,0,MIN,TEX,3,4,MIN04,pinem001,lylej001
2021,NYA202105060,2021-05-06,0,NYA,HOU,4,7,NYC21,coleg001,mccul002
2021,OAK202105060,2021-05-06,0,OAK,TOR,4,10,OAK01,fierm001,ryu-h001
2021,PHI202105060,2021-05-06,0,PHI,MIL,2,0,PHI13,wheez001,woodb005
2021,SLN202105060,2021-05-06,0,SLN,NYN,1,4,STL10,gantj002,walkt004
2021,WAS202105060,2021-05-06,0,WAS,ATL,2,3,WAS11,lestj001,smyld001
2021,ANA202105070,2021-05-07,0,ANA,LAN,9,2,ANA01,canng001,uriaj001
2021,ATL202105070,2021-05-07,0,ATL,PHI,2,12,ATL03,mortc002,efliz001
2021,BAL202105070,2021-05-07,0,BAL,BOS,2,6,BAL12,harvm001,rodre004
2021,CHN202105070,2021-05-07,0,CHN,PIT,3,2,CHI11,daviz001,cahit001
2021,CLE202105070,2021-05-07,0,CLE,CIN,0,3,CLE08,plesz001,milew001
2021,DET202105070,2021-05-07,0,DET,MIN,3,7,DET05,skubt001,shoem001
2021,HOU202105070,2021-05-07,0,HOU,TOR,10,4,HOU03,urquj001,strir001
2021,KCA202105070,2021-05-07,0,KCA,CHA,0,3,KAN06,kellb003,rodoc001
2021,MIA202105070,2021-05-07,0,MIA,MIL,6,1,MIA02,roget003,suteb001
2021,NYA202105070,2021-05-07,0,NYA,WAS,4,11,NYC21,tailj001,corbp001
2021,NYN202105070,2021-05-07,0,NYN,ARI,5,4,NYC20,peted003,gallz001
2021,OAK202105070,2021-05-07,0,OAK,TBA,2,1,OAK01,manas001,hillr001
2021,SFN202105070,2021-05-07,0,SFN,SDN,5,4,SFO03,desca001,snelb001
2021,SLN202105070,2021-05-07,0,SLN,COL,5,0,STL10,flahj002,gomba001
2021,TEX202105070,2021-05-07,0,TEX,SEA,4,5,ARL03,foltm001,flexc001
2021,ANA202105080,2021-05-08,0,ANA,LAN,11,14,ANA01,bundd001,kersc001
2021,ATL202105080,2021-05-08,0,ATL,PHI,8,7,ATL03,andei001,velav001
2021,BAL202105080,2021-05-08,0,BAL,BOS,6,11,BAL12,lowtz001,richg002
2021,CHN202105080,2021-05-08,0,CHN,PIT,3,2,CHI11,willt002,croww001
2021,CLE202105080,2021-05-08,0,CLE,CIN,9,2,CLE08,civaa001,castl003
2021,DET202105080,2021-05-08,0,DET,MIN,7,3,DET05,urenj001,berrj001
2021,HOU202105080,2021-05-08,0,HOU,TOR,4,8,HOU03,javic001,matzs001
2021,KCA202105080,2021-05-08,0,KCA,CHA,1,9,KAN06,lyncd001,lynnl001
2021,MIA202105080,2021-05-08,0,MIA,MIL,2,6,MIA02,castd003,housa001
2021,NYA202105080,2021-05-08,0,NYA,WAS,4,3,NYC21,klubc001,schem001
2021,NYN202105080,2021-05-08,0,NYN,ARI,4,2,NYC20,huntt002,kellm002
2021,OAK202105080,2021-05-08,0,OAK,TBA,6,3,OAK01,montf001,glast001
2021,SFN202105080,2021-05-08,0,SFN,SDN,7,1,SFO03,gausk001,musgj001
2021,SLN202105080,2021-05-08,0,SLN,COL,9,8,STL10,martc006,gonzc002
2021,TEX202105080,2021-05-08,0,TEX,SEA,9,8,ARL03,arihk001,swane001
2021,ANA202105090,2021-05-09,0,ANA,LAN,2,1,ANA01,quinj001,bauet001
2021,ATL202105090,2021-05-09,0,ATL,PHI,6,1,ATL03,ynoah001,nolaa001
2021,BAL202105090,2021-05-09,0,BAL,BOS,3,4,BAL12,kremd001,piven001
2021,CHN202105090,2021-05-09,0,CHN,PIT,5,6,CHI11,hendk001,andet002
2021,HOU202105090,2021-05-09,0,HOU,TOR,7,4,HOU03,greiz001,pearn001
2021,KCA202105090,2021-05-09,0,KCA,CHA,3,9,KAN06,minom001,gioll001
2021,MIA202105090,2021-05-09,0,MIA,MIL,1,2,MIA02,alcas001,andeb004
2021,NYA202105090,2021-05-09,0,NYA,WAS,3,2,NYC21,germd001,rossj002
2021,NYN202105090,2021-05-09,0,NYN,ARI,4,2,NYC20,degrj001,smitr005
2021,OAK202105090,2021-05-09,0,OAK,TBA,3,4,OAK01,irvic001,mccls003
2021,SFN202105090,2021-05-09,0,SFN,SDN,1,11,SFO03,cuetj001,paddc001
2021,SLN202105090,2021-05-09,0,SLN,COL,2,0,STL10,waina001,marqg001
2021,TEX202105090,2021-05-09,0,TEX,SEA,10,2,ARL03,dunnd001,shefj001
2021,ARI202105100,2021-05-10,0,ARI,MIA,5,2,PHO01,weavl001,hollj002
2021,BAL202105100,2021-05-10,0,BAL,BOS,4,1,BAL12,lopej004,perem004
2021,HOU202105100,2021-05-10,0,HOU,ANA,4,5,HOU03,garcl007,guerj003
2021,PIT202105100,2021-05-10,0,PIT,CIN,1,14,PIT08,kellm003,mahlt001
2021,SFN202105100,2021-05-10,0,SFN,TEX,3,1,SFO03,wooda002,gibsk002
2021,ARI202105110,2021-05-11,0,ARI,MIA,11,3,PHO01,bumgm001,lopep002
2021,ATL202105110,2021-05-11,0,ATL,TOR,3,5,ATL03,wilsb003,ray-r002
2021,BOS202105110,2021-05-11,0,BOS,OAK,2,3,BOS07,eovan001,bassc001
2021,CHA202105110,2021-05-11,0,CHA,MIN,9,3,CHI12,ceasd001,maedk001
2021,CLE202105110,2021-05-11,0,CLE,CHN,3,2,CLE08,biebs001,alzoa001
2021,COL202105110,2021-05-11,0,COL,SDN,1,8,DEN02,senza001,lamed001
2021,DET202105110,2021-05-11,0,DET,KCA,8,7,DET05,boydm001,singb001
2021,HOU202105110,2021-05-11,0,HOU,ANA,5,1,HOU03,mccul002,ohtas001
2021,LAN202105110,2021-05-11,0,LAN,SEA,6,4,LOS03,buehw001,kikuy001
2021,MIL202105110,2021-05-11,0,MIL,SLN,1,6,MIL06,peraf001,kim-k001
2021,NYN202105110,2021-05-11,0,NYN,BAL,3,2,NYC20,strom001,meanj001
2021,PIT202105110,2021-05-11,0,PIT,CIN,7,2,PIT08,brubj001,hoffj003
2021,SFN202105110,2021-05-11,0,SFN,TEX,4,2,SFO03,webbl001,lylej001
2021,TBA202105110,2021-05-11,0,TBA,NYA,1,3,STP01,patil001,montj004
2021,WAS202105110,2021-05-11,0,WAS,PHI,2,6,WAS11,fedde001,andec001
2021,ARI202105120,2021-05-12,0,ARI,MIA,2,3,PHO01,peacm001,potec001
2021,ATL202105120,2021-05-12,0,ATL,TOR,1,4,ATL03,friem001,ryu-h001
2021,BOS202105120,2021-05-12,0,BOS,OAK,1,4,BOS07,rodre004,kaprj001
2021,CHA202105120,2021-05-12,0,CHA,MIN,13,8,CHI12,keucd001,happj001
2021,CLE202105120,2021-05-12,0,CLE,CHN,2,1,CLE08,hents001,daviz001
2021,COL202105121,2021-05-12,1,COL,SDN,3,5,DEN02,grayj003,darvy001
2021,COL202105122,2021-05-12,2,COL,SDN,3,2,DEN02,gomba001,snelb001
2021,DET202105120,2021-05-12,0,DET,KCA,4,2,DET05,mizec001,duffd001
2021,HOU202105120,2021-05-12,0,HOU,ANA,9,1,HOU03,urquj001,heana001
2021,LAN202105120,2021-05-12,0,LAN,SEA,7,1,LOS03,uriaj001,dunnj002
2021,MIL202105120,2021-05-12,0,MIL,SLN,4,1,MIL06,woodb005,gantj002
2021,NYN202105120,2021-05-12,0,NYN,BAL,7,1,NYC20,walkt004,harvm001
2021,PIT202105120,2021-05-12,0,PIT,CIN,1,5,PIT08,cahit001,grays001
2021,TBA202105120,2021-05-12,0,TBA,NYA,0,1,STP01,mchuc001,coleg001
2021,WAS202105120,2021-05-12,0,WAS,PHI,2,5,WAS11,lestj001,wheez001
2021,ARI202105130,2021-05-13,0,ARI,MIA,1,5,PHO01,kellm002,roget003
2021,ATL202105130,2021-05-13,0,ATL,TOR,4,8,ATL03,mortc002,strir001
2021,BOS202105130,2021-05-13,0,BOS,OAK,8,1,BOS07,richg002,manas001
2021,CHA202105130,2021-05-13,0,CHA,MIN,4,2,CHI12,lynnl001,pinem001
2021,COL202105130,2021-05-13,0,COL,CIN,13,8,DEN02,gonzc002,castl003
2021,DET202105130,2021-05-13,0,DET,KCA,4,3,DET05,turns003,lyncd001
2021,HOU202105130,2021-05-13,0,HOU,TEX,4,3,HOU03,javic001,foltm001
2021,MIL202105130,2021-05-13,0,MIL,SLN,0,2,MIL06,burnc002,flahj002
2021,PIT202105130,2021-05-13,0,PIT,SFN,1,3,PIT08,croww001,desca001
2021,SEA202105130,2021-05-13,0,SEA,CLE,2,4,SEA03,gilbl002,plesz001
2021,TBA202105130,2021-05-13,0,TBA,NYA,9,1,STP01,hillr001,tailj001
2021,WAS202105130,2021-05-13,0,WAS,PHI,5,1,WAS11,corbp001,efliz001
2021,ARI202105140,2021-05-14,0,ARI,WAS,2,17,PHO01,smitr005,schem001
2021,BAL202105140,2021-05-14,0,BAL,NYA,4,5,BAL12,kremd001,klubc001
2021,BOS202105140,2021-05-14,0,BOS,ANA,4,3,BOS07,piven001,canng001
2021,CHA202105141,2021-05-14,1,CHA,KCA,2,6,CHI12,gioll001,kellb003
2021,CHA202105142,2021-05-14,2,CHA,KCA,3,1,CHI12,kopem001,junij001
2021,COL202105140,2021-05-14,0,COL,CIN,9,6,DEN02,marqg001,milew001
2021,DET202105140,2021-05-14,0,DET,CHN,2,4,DET05,skubt001,arrij001
2021,HOU202105140,2021-05-14,0,HOU,TEX,10,4,HOU03,greiz001,benjw001
2021,LAN202105140,2021-05-14,0,LAN,MIA,9,6,LOS03,kersc001,alcas001
2021,MIL202105140,2021-05-14,0,MIL,ATL,3,6,MIL06,housa001,smyld001
2021,MIN202105140,2021-05-14,0,MIN,OAK,1,6,MIN04,shoem001,montf001
2021,PIT202105140,2021-05-14,0,PIT,SFN,3,2,PIT08,yajum001,gausk001
2021,SDN202105140,2021-05-14,0,SDN,SLN,5,4,SAN02,musgj001,oviej001
2021,SEA202105140,2021-05-14,0,SEA,CLE,7,3,SEA03,flexc001,civaa001
2021,TBA202105140,2021-05-14,0,TBA,NYN,3,2,STP01,glast001,peted003
2021,TOR202105140,2021-05-14,0,TOR,PHI,1,5,DUN01,matzs001,velav001
2021,ARI202105150,2021-05-15,0,ARI,WAS,11,4,PHO01,frans001,rossj002
2021,BAL202105150,2021-05-15,0,BAL,NYA,2,8,BAL12,lopej004,germd001
2021,BOS202105150,2021-05-15,0,BOS,ANA,9,0,BOS07,perem004,bundd001
2021,CHA202105150,2021-05-15,0,CHA,KCA,1,5,CHI12,rodoc001,minom001
2021,COL202105150,2021-05-15,0,COL,CIN,5,6,DEN02,chacj001,mahlt001
2021,DET202105150,2021-05-15,0,DET,CHN,9,8,DET05,urenj001,willt002
2021,HOU202105150,2021-05-15,0,HOU,TEX,6,5,HOU03,garcl007,dunnd001
2021,LAN202105150,2021-05-15,0,LAN,MIA,7,0,LOS03,bauet001,hollj002
2021,MIL202105150,2021-05-15,0,MIL,ATL,1,5,MIL06,andeb004,andei001
2021,MIN202105150,2021-05-15,0,MIN,OAK,5,4,MIN04,berrj001,irvic001
2021,PIT202105150,2021-05-15,0,PIT,SFN,8,6,PIT08,andet002,cuetj001
2021,SDN202105150,2021-05-15,0,SDN,SLN,13,3,SAN02,paddc001,waina001
2021,SEA202105150,2021-05-15,0,SEA,CLE,7,3,SEA03,shefj001,mcket001
2021,TBA202105150,2021-05-15,0,TBA,NYN,12,5,STP01,mccls003,smitd009
2021,TOR202105150,2021-05-15,0,TOR,PHI,4,0,DUN01,kay-a001,nolaa001
2021,ARI202105160,2021-05-16,0,ARI,WAS,0,3,PHO01,weavl001,fedde001
2021,BAL202105160,2021-05-16,0,BAL,NYA,10,6,BAL12,pluta001,montj004
2021,BOS202105160,2021-05-16,0,BOS,ANA,5,6,BOS07,eovan001,quinj001
2021,CHA202105160,2021-05-16,0,CHA,KCA,4,3,CHI12,ceasd001,singb001
2021,COL202105160,2021-05-16,0,COL,CIN,6,7,DEN02,senza001,hoffj003
2021,DET202105160,2021-05-16,0,DET,CHN,1,5,DET05,boydm001,hendk001
2021,HOU202105160,2021-05-16,0,HOU,TEX,6,2,HOU03,mccul002,gibsk002
2021,LAN202105160,2021-05-16,0,LAN,MIA,2,3,LOS03,nelsj004,lopep002
2021,MIL202105160,2021-05-16,0,MIL,ATL,10,9,MIL06,peraf001,ynoah001
2021,MIN202105160,2021-05-16,0,MIN,OAK,6,7,MIN04,maedk001,bassc001
2021,PIT202105160,2021-05-16,0,PIT,SFN,1,4,PIT08,kellm003,wooda002
2021,SDN202105160,2021-05-16,0,SDN,SLN,5,3,SAN02,weatr001,kim-k001
2021,SEA202105160,2021-05-16,0,SEA,CLE,3,2,SEA03,duggr001,biebs001
2021,TBA202105160,2021-05-16,0,TBA,NYN,7,1,STP01,flemj001,strom001
2021,TOR202105160,2021-05-16,0,TOR,PHI,10,8,DUN01,ray-r002,andec001
2021,ANA202105170,2021-05-17,0,ANA,CLE,7,4,ANA01,sandp002,hents001
2021,ATL202105170,2021-05-17,0,ATL,NYN,1,3,ATL03,friem001,walkt004
2021,CHN202105170,2021-05-17,0,CHN,WAS,7,3,CHI11,alzoa001,lestj001
2021,CIN202105170,2021-05-17,0,CIN,SFN,3,6,CIN09,grays001,webbl001
2021,LAN202105170,2021-05-17,0,LAN,ARI,3,1,LOS03,buehw001,bumgm001
2021,MIN202105170,2021-05-17,0,MIN,CHA,4,16,MIN04,happj001,keucd001
2021,SDN202105170,2021-05-17,0,SDN,COL,7,0,SAN02,darvy001,grayj003
2021,SEA202105170,2021-05-17,0,SEA,DET,1,4,SEA03,kikuy001,mizec001
2021,TEX202105170,2021-05-17,0,TEX,NYA,5,2,ARL03,lylej001,coleg001
2021,ANA202105180,2021-05-18,0,ANA,CLE,5,6,ANA01,heana001,plesz001
2021,ATL202105180,2021-05-18,0,ATL,NYN,3,4,ATL03,davit005,castm002
2021,BAL202105180,2021-05-18,0,BAL,TBA,6,13,BAL12,harvm001,patil001
2021,CHN202105180,2021-05-18,0,CHN,WAS,6,3,CHI11,daviz001,corbp001
2021,CIN202105180,2021-05-18,0,CIN,SFN,2,4,CIN09,castl003,desca001
2021,KCA202105180,2021-05-18,0,KCA,MIL,2,0,KAN06,bubik001,woodb005
2021,LAN202105180,2021-05-18,0,LAN,ARI,9,1,LOS03,uriaj001,martc009
2021,MIN202105180,2021-05-18,0,MIN,CHA,5,4,MIN04,oberb002,lynnl001
2021,OAK202105180,2021-05-18,0,OAK,HOU,6,5,OAK01,manas001,javic001
2021,PHI202105180,2021-05-18,0,PHI,MIA,8,3,PHI13,wheez001,potec001
2021,SDN202105180,2021-05-18,0,SDN,COL,2,1,SAN02,snelb001,gomba001
2021,SEA202105180,2021-05-18,0,SEA,DET,0,5,SEA03,dunnj002,turns003
2021,SLN202105180,2021-05-18,0,SLN,PIT,5,2,STL10,gantj002,brubj001
2021,TEX202105180,2021-05-18,0,TEX,NYA,4,7,ARL03,foltm001,tailj001
2021,TOR202105180,2021-05-18,0,TOR,BOS,8,0,DUN01,ryu-h001,rodre004
2021,ANA202105190,2021-05-19,0,ANA,CLE,2,3,ANA01,ohtas001,civaa001
2021,ATL202105190,2021-05-19,0,ATL,NYN,5,4,ATL03,mortc002,peted003
2021,BAL202105190,2021-05-19,0,BAL,TBA,7,9,BAL12,meanj001,yarbr001
2021,CHN202105190,2021-05-19,0,CHN,WAS,3,4,CHI11,arrij001,schem001
2021,CIN202105190,2021-05-19,0,CIN,SFN,0,4,CIN09,milew001,gausk001
2021,KCA202105190,2021-05-19,0,KCA,MIL,6,4,KAN06,kellb003,burnc002
2021,LAN202105190,2021-05-19,0,LAN,ARI,4,2,LOS03,kersc001,peacm001
2021,MIN202105190,2021-05-19,0,MIN,CHA,1,2,MIN04,shoem001,gioll001
2021,OAK202105190,2021-05-19,0,OAK,HOU,1,8,OAK01,montf001,greiz001
2021,PHI202105190,2021-05-19,0,PHI,MIA,1,3,PHI13,efliz001,roget003
2021,SDN202105190,2021-05-19,0,SDN,COL,3,0,SAN02,musgj001,gonzc002
2021,SEA202105190,2021-05-19,0,SEA,DET,2,6,SEA03,gilbl002,skubt001
2021,SLN202105190,2021-05-19,0,SLN,PIT,8,5,STL10,flahj002,cahit001
2021,TEX202105190,2021-05-19,0,TEX,NYA,0,2,ARL03,yangh001,klubc001
2021,TOR202105190,2021-05-19,0,TOR,BOS,3,7,DUN01,strir001,richg002
2021,ANA202105201,2021-05-20,1,ANA,MIN,7,1,ANA01,cobba001,thorl002
2021,ANA202105202,2021-05-20,2,ANA,MIN,3,6,ANA01,canng001,berrj001
2021,ATL202105200,2021-05-20,0,ATL,PIT,4,6,ATL03,smyld001,croww001
2021,BAL202105200,2021-05-20,0,BAL,TBA,1,10,BAL12,kremd001,hillr001
2021,CHN202105200,2021-05-20,0,CHN,WAS,5,2,CHI11,willt002,rossj002
2021,CIN202105200,2021-05-20,0,CIN,SFN,4,19,CIN09,mahlt001,cuetj001
2021,LAN202105200,2021-05-20,0,LAN,ARI,3,2,LOS03,pricd001,kellm002
2021,OAK202105200,2021-05-20,0,OAK,HOU,4,8,OAK01,irvic001,garcl007
2021,PHI202105200,2021-05-20,0,PHI,MIA,0,6,PHI13,haled001,alcas001
2021,TEX202105200,2021-05-20,0,TEX,NYA,0,2,ARL03,dunnd001,germd001
2021,TOR202105200,2021-05-20,0,TOR,BOS,7,8,DUN01,matzs001,piven001
2021,ANA202105210,2021-05-21,0,ANA,OAK,4,8,ANA01,quinj001,kaprj001
2021,ATL202105210,2021-05-21,0,ATL,PIT,20,1,ATL03,andei001,andet002
2021,CIN202105210,2021-05-21,0,CIN,MIL,9,4,CIN09,hoffj003,housa001
2021,CLE202105210,2021-05-21,0,CLE,MIN,0,10,CLE08,mcket001,dobnr001
2021,COL202105210,2021-05-21,0,COL,ARI,7,1,DEN02,marqg001,frans001
2021,KCA202105210,2021-05-21,0,KCA,DET,5,7,KAN06,minom001,urenj001
2021,MIA202105210,2021-05-21,0,MIA,NYN,5,6,MIA02,curtj003,strom001
2021,NYA202105210,2021-05-21,0,NYA,CHA,2,1,NYC21,montj004,rodoc001
2021,PHI202105210,2021-05-21,0,PHI,BOS,3,11,PHI13,nolaa001,perem004
2021,SDN202105210,2021-05-21,0,SDN,SEA,16,1,SAN02,paddc001,flexc001
2021,SFN202105210,2021-05-21,0,SFN,LAN,1,2,SFO03,wooda002,bauet001
2021,SLN202105210,2021-05-21,0,SLN,CHN,3,12,STL10,martc006,hendk001
2021,TEX202105210,2021-05-21,0,TEX,HOU,7,5,ARL03,gibsk002,iveyt001
2021,TOR202105210,2021-05-21,0,TOR,TBA,7,9,DUN01,kay-a001,glast001
2021,WAS202105210,2021-05-21,0,WAS,BAL,4,2,WAS11,stras001,lopej004
2021,ANA202105220,2021-05-22,0,ANA,OAK,2,6,ANA01,sandp002,bassc001
2021,ATL202105220,2021-05-22,0,ATL,PIT,6,1,ATL03,wilsb003,kellm003
2021,CIN202105220,2021-05-22,0,CIN,MIL,3,4,CIN09,grays001,andeb004
2021,CLE202105220,2021-05-22,0,CLE,MIN,5,3,CLE08,biebs001,maedk001
2021,COL202105220,2021-05-22,0,COL,ARI,7,6,DEN02,senza001,bumgm001
2021,KCA202105220,2021-05-22,0,KCA,DET,7,5,KAN06,singb001,boydm001
2021,MIA202105220,2021-05-22,0,MIA,NYN,3,1,MIA02,lopep002,luccj001
2021,NYA202105220,2021-05-22,0,NYA,CHA,7,0,NYC21,coleg001,ceasd001
2021,PHI202105220,2021-05-22,0,PHI,BOS,3,4,PHI13,howas003,eovan001
2021,SDN202105220,2021-05-22,0,SDN,SEA,6,4,SAN02,weatr001,shefj001
2021,SFN202105220,2021-05-22,0,SFN,LAN,3,6,SFO03,kazms001,buehw001
2021,SLN202105220,2021-05-22,0,SLN,CHN,2,1,STL10,mikom001,alzoa001
2021,TEX202105220,2021-05-22,0,TEX,HOU,8,4,ARL03,lylej001,mccul002
2021,TOR202105220,2021-05-22,0,TOR,TBA,1,3,DUN01,ray-r002,mccls003
2021,WAS202105220,2021-05-22,0,WAS,BAL,12,9,WAS11,lestj001,zimmb002
2021,ANA202105230,2021-05-23,0,ANA,OAK,6,5,ANA01,bundd001,manas001
2021,ATL202105230,2021-05-23,0,ATL,PIT,7,1,ATL03,friem001,brubj001
2021,CIN202105230,2021-05-23,0,CIN,MIL,4,9,CIN09,castl003,peraf001
2021,CLE202105230,2021-05-23,0,CLE,MIN,5,8,CLE08,plesz001,happj001
2021,COL202105230,2021-05-23,0,COL,ARI,4,3,DEN02,grayj003,widet001
2021,KCA202105230,2021-05-23,0,KCA,DET,3,2,KAN06,bubik001,mizec001
2021,MIA202105230,2021-05-23,0,MIA,NYN,5,1,MIA02,potec001,yamaj001
2021,NYA202105230,2021-05-23,0,NYA,CHA,5,4,NYC21,tailj001,keucd001
2021,PHI202105230,2021-05-23,0,PHI,BOS,6,2,PHI13,wheez001,rodre004
2021,SDN202105230,2021-05-23,0,SDN,SEA,9,2,SAN02,darvy001,dunnj002
2021,SFN202105230,2021-05-23,0,SFN,LAN,5,11,SFO03,desca001,uriaj001
2021,SLN202105230,2021-05-23,0,SLN,CHN,1,2,STL10,waina001,daviz001
2021,TEX202105230,2021-05-23,0,TEX,HOU,3,2,ARL03,foltm001,javic001
2021,TOR202105230,2021-05-23,0,TOR,TBA,4,6,DUN01,ryu-h001,wachm001
2021,WAS202105230,2021-05-23,0,WAS,BAL,6,5,WAS11,corbp001,harvm001
2021,CHA202105240,2021-05-24,0,CHA,SLN,5,1,CHI12,lynnl001,kim-k001
2021,DET202105240,2021-05-24,0,DET,CLE,5,6,DET05,turns003,hents001
2021,MIA202105240,2021-05-24,0,MIA,PHI,9,6,MIA02,roget003,efliz001
2021,MIL202105240,2021-05-24,0,MIL,SDN,5,3,MIL06,woodb005,snelb001
2021,MIN202105240,2021-05-24,0,MIN,BAL,8,3,MIN04,shoem001,meanj001
2021,NYN202105240,2021-05-24,0,NYN,COL,2,3,NYC20,peted003,gomba001
2021,OAK202105240,2021-05-24,0,OAK,SEA,2,4,OAK01,montf001,kikuy001
2021,TOR202105240,2021-05-24,0,TOR,TBA,8,14,DUN01,thort002,yarbr001
2021,ANA202105250,2021-05-25,0,ANA,TEX,11,5,ANA01,heana001,yangh001
2021,ARI202105250,2021-05-25,0,ARI,SFN,0,8,PHO01,martc009,gausk001
2021,BOS202105250,2021-05-25,0,BOS,ATL,1,3,BOS07,richg002,mortc002
2021,CHA202105250,2021-05-25,0,CHA,SLN,8,3,CHI12,gioll001,flahj002
2021,DET202105250,2021-05-25,0,DET,CLE,1,4,DET05,skubt001,civaa001
2021,HOU202105250,2021-05-25,0,HOU,LAN,2,9,HOU03,greiz001,kersc001
2021,MIA202105250,2021-05-25,0,MIA,PHI,0,2,MIA02,alcas001,velav001
2021,MIL202105250,2021-05-25,0,MIL,SDN,1,7,MIL06,burnc002,musgj001
2021,MIN202105250,2021-05-25,0,MIN,BAL,7,4,MIN04,berrj001,kremd001
2021,NYA202105250,2021-05-25,0,NYA,TOR,2,6,NYC21,klubc001,matzs001
2021,NYN202105250,2021-05-25,0,NYN,COL,3,1,NYC20,degrj001,freek001
2021,OAK202105250,2021-05-25,0,OAK,SEA,3,4,OAK01,irvic001,gilbl002
2021,PIT202105250,2021-05-25,0,PIT,CHN,3,4,PIT08,poncc002,arrij001
2021,TBA202105250,2021-05-25,0,TBA,KCA,1,2,STP01,hillr001,kellb003
2021,WAS202105250,2021-05-25,0,WAS,CIN,1,2,WAS11,schem001,mahlt001
2021,ANA202105260,2021-05-26,0,ANA,TEX,9,8,ANA01,canng001,dunnd001
2021,ARI202105260,2021-05-26,0,ARI,SFN,4,5,PHO01,kellm002,cuetj001
2021,BOS202105260,2021-05-26,0,BOS,ATL,9,5,BOS07,piven001,smyld001
2021,CHA202105260,2021-05-26,0,CHA,SLN,0,4,CHI12,rodoc001,gantj002
2021,DET202105260,2021-05-26,0,DET,CLE,1,0,DET05,urenj001,mcket001
2021,HOU202105260,2021-05-26,0,HOU,LAN,5,2,HOU03,garcl007,bauet001
2021,MIA202105260,2021-05-26,0,MIA,PHI,4,2,MIA02,neidn001,nolaa001
2021,MIL202105260,2021-05-26,0,MIL,SDN,1,2,MIL06,lauee001,paddc001
2021,MIN202105260,2021-05-26,0,MIN,BAL,3,2,MIN04,pinem001,lopej004
2021,OAK202105260,2021-05-26,0,OAK,SEA,6,3,OAK01,kaprj001,duggr001
2021,PIT202105260,2021-05-26,0,PIT,CHN,1,4,PIT08,croww001,willt002
2021,TBA202105260,2021-05-26,0,TBA,KCA,2,1,STP01,glast001,minom001
2021,WAS202105260,2021-05-26,0,WAS,CIN,5,3,WAS11,rossj002,hoffj003
2021,ARI202105270,2021-05-27,0,ARI,SLN,4,5,PHO01,duplj001,martc006
2021,CHA202105270,2021-05-27,0,CHA,BAL,5,1,CHI12,ceasd001,zimmb002
2021,DET202105270,2021-05-27,0,DET,CLE,2,5,DET05,boydm001,biebs001
2021,LAN202105270,2021-05-27,0,LAN,SFN,4,3,LOS03,pricd001,wooda002
2021,MIA202105270,2021-05-27,0,MIA,PHI,2,3,MIA02,lopep002,howas003
2021,MIL202105270,2021-05-27,0,MIL,SDN,6,5,MIL06,housa001,weatr001
2021,NYA202105271,2021-05-27,1,NYA,TOR,0,2,NYC21,germd001,manoa001
2021,NYA202105272,2021-05-27,2,NYA,TOR,5,3,NYC21,montj004,ray-r002
2021,NYN202105271,2021-05-27,1,NYN,COL,1,0,NYC20,strom001,marqg001
2021,NYN202105272,2021-05-27,2,NYN,COL,4,2,NYC20,luccj001,senza001
2021,OAK202105270,2021-05-27,0,OAK,ANA,5,0,OAK01,bassc001,sandp002
2021,PIT202105270,2021-05-27,0,PIT,CHN,3,5,PIT08,andet002,hendk001
2021,SEA202105270,2021-05-27,0,SEA,TEX,5,0,SEA03,flexc001,allak001
2021,TBA202105270,2021-05-27,0,TBA,KCA,7,2,STP01,mccls003,singb001
2021,WAS202105270,2021-05-27,0,WAS,CIN,0,3,WAS11,stras001,grays001
2021,ARI202105280,2021-05-28,0,ARI,SLN,6,8,PHO01,bumgm001,oviej001
2021,BOS202105280,2021-05-28,0,BOS,MIA,5,2,BOS07,perem004,potec001
2021,CHN202105280,2021-05-28,0,CHN,CIN,1,0,CHI11,alzoa001,gutiv001
2021,CLE202105280,2021-05-28,0,CLE,TOR,2,11,CLE08,morge001,ryu-h001
2021,DET202105280,2021-05-28,0,DET,NYA,3,2,DET05,mizec001,coleg001
2021,HOU202105280,2021-05-28,0,HOU,SDN,3,10,HOU03,valdf001,lamed001
2021,LAN202105280,2021-05-28,0,LAN,SFN,5,8,LOS03,buehw001,desca001
2021,MIN202105280,2021-05-28,0,MIN,KCA,3,8,MIN04,dobnr001,bubik001
2021,OAK202105280,2021-05-28,0,OAK,ANA,3,1,OAK01,manas001,ohtas001
2021,SEA202105280,2021-05-28,0,SEA,TEX,3,2,SEA03,shefj001,lylej001
2021,ARI202105290,2021-05-29,0,ARI,SLN,4,7,PHO01,frans001,waina001
2021,BOS202105290,2021-05-29,0,BOS,MIA,3,1,BOS07,eovan001,roget003
2021,CHA202105291,2021-05-29,1,CHA,BAL,7,4,CHI12,keucd001,harvm001
2021,CHA202105292,2021-05-29,2,CHA,BAL,3,1,CHI12,lynnl001,meanj001
2021,CHN202105290,2021-05-29,0,CHN,CIN,10,2,CHI11,daviz001,castl003
2021,DET202105290,2021-05-29,0,DET,NYA,6,1,DET05,turns003,garcd003
2021,HOU202105290,2021-05-29,0,HOU,SDN,8,11,HOU03,odorj001,darvy001
2021,LAN202105290,2021-05-29,0,LAN,SFN,6,11,LOS03,uriaj001,webbl001
2021,MIN202105290,2021-05-29,0,MIN,KCA,6,5,MIN04,happj001,sante001
2021,NYN202105290,2021-05-29,0,NYN,ATL,13,2,NYC20,walkt004,andei001
2021,OAK202105290,2021-05-29,0,OAK,ANA,0,4,OAK01,montf001,cobba001
2021,PIT202105291,2021-05-29,1,PIT,COL,7,0,PIT08,brubj001,grayj003
2021,PIT202105292,2021-05-29,2,PIT,COL,4,0,PIT08,kellm003,gomba001
2021,SEA202105290,2021-05-29,0,SEA,TEX,3,2,SEA03,dunnj002,foltm001
2021,TBA202105290,2021-05-29,0,TBA,PHI,5,3,STP01,yarbr001,wheez001
2021,WAS202105291,2021-05-29,1,WAS,MIL,1,4,WAS11,corbp001,peraf001
2021,WAS202105292,2021-05-29,2,WAS,MIL,2,6,WAS11,lestj001,andeb004
2021,ARI202105300,2021-05-30,0,ARI,SLN,9,2,PHO01,peacm001,kim-k001
2021,CHA202105300,2021-05-30,0,CHA,BAL,3,1,CHI12,gioll001,akink001
2021,CHN202105300,2021-05-30,0,CHN,CIN,1,5,CHI11,arrij001,mahlt001
2021,CLE202105301,2021-05-30,1,CLE,TOR,1,4,CLE08,civaa001,strir001
2021,CLE202105302,2021-05-30,2,CLE,TOR,6,5,CLE08,hents001,matzs001
2021,DET202105300,2021-05-30,0,DET,NYA,6,2,DET05,skubt001,kingm002
2021,HOU202105300,2021-05-30,0,HOU,SDN,7,4,HOU03,greiz001,snelb001
2021,LAN202105300,2021-05-30,0,LAN,SFN,4,5,LOS03,kersc001,gausk001
2021,MIN202105300,2021-05-30,0,MIN,KCA,3,6,MIN04,shoem001,kellb003
2021,OAK202105300,2021-05-30,0,OAK,ANA,2,4,OAK01,irvic001,quinj001
2021,PIT202105300,2021-05-30,0,PIT,COL,3,4,PIT08,dejoc001,freek001
2021,SEA202105300,2021-05-30,0,SEA,TEX,4,2,SEA03,kikuy001,yangh001
2021,TBA202105300,2021-05-30,0,TBA,PHI,6,2,STP01,mchuc001,efliz001
2021,WAS202105300,2021-05-30,0,WAS,MIL,0,3,WAS11,schem001,woodb005
2021,ARI202105310,2021-05-31,0,ARI,NYN,2,6,PHO01,kellm002,degrj001
2021,ATL202105310,2021-05-31,0,ATL,WAS,5,3,ATL03,mortc002,rossj002
2021,BAL202105310,2021-05-31,0,BAL,MIN,2,3,BAL12,lopej004,berrj001
2021,CHN202105310,2021-05-31,0,CHN,SDN,7,2,CHI11,stewk001,paddc001
2021,CIN202105310,2021-05-31,0,CIN,PHI,11,1,CIN09,milew001,velav001
2021,CLE202105311,2021-05-31,1,CLE,CHA,6,8,CLE08,mcket001,rodoc001
2021,CLE202105312,2021-05-31,2,CLE,CHA,3,1,CLE08,quanc001,lambj003
2021,HOU202105310,2021-05-31,0,HOU,BOS,11,2,HOU03,urquj001,rodre004
2021,KCA202105310,2021-05-31,0,KCA,PIT,7,3,KAN06,minom001,kuhlc001
2021,LAN202105310,2021-05-31,0,LAN,SLN,9,4,LOS03,bauet001,flahj002
2021,MIL202105310,2021-05-31,0,MIL,DET,3,2,MIL06,burnc002,alext001
2021,NYA202105310,2021-05-31,0,NYA,TBA,1,3,NYC21,tailj001,hillr001
2021,SEA202105310,2021-05-31,0,SEA,OAK,6,5,SEA03,gilbl002,kaprj001
2021,SFN202105310,2021-05-31,0,SFN,ANA,6,1,SFO03,cuetj001,bundd001
2021,ARI202106010,2021-06-01,0,ARI,NYN,6,5,PHO01,smitc006,strom001
2021,ATL202106010,2021-06-01,0,ATL,WAS,6,11,ATL03,friem001,stras001
2021,BAL202106010,2021-06-01,0,BAL,MIN,7,4,BAL12,zimmb002,pinem001
2021,CHN202106010,2021-06-01,0,CHN,SDN,4,3,CHI11,hendk001,weatr001
2021,CIN202106010,2021-06-01,0,CIN,PHI,3,17,CIN09,grays001,nolaa001
2021,CLE202106010,2021-06-01,0,CLE,CHA,6,5,CLE08,biebs001,ceasd001
2021,COL202106010,2021-06-01,0,COL,TEX,3,2,DEN02,marqg001,dunnd001
2021,HOU202106010,2021-06-01,0,HOU,BOS,5,1,HOU03,garcl007,richg002
2021,KCA202106010,2021-06-01,0,KCA,PIT,10,5,KAN06,singb001,croww001
2021,LAN202106010,2021-06-01,0,LAN,SLN,2,3,LOS03,pricd001,gantj002
2021,MIL202106010,2021-06-01,0,MIL,DET,7,10,MIL06,lauee001,boydm001
2021,NYA202106010,2021-06-01,0,NYA,TBA,5,3,NYC21,germd001,glast001
2021,SEA202106010,2021-06-01,0,SEA,OAK,6,12,SEA03,gonzm005,bassc001
2021,SFN202106010,2021-06-01,0,SFN,ANA,1,8,SFO03,wooda002,heana001
2021,TOR202106010,2021-06-01,0,TOR,MIA,5,1,BUF05,ray-r002,alcas001
2021,ARI202106020,2021-06-02,0,ARI,NYN,6,7,PHO01,bumgm001,peted003
2021,ATL202106020,2021-06-02,0,ATL,WAS,3,5,ATL03,smyld001,lestj001
2021,BAL202106020,2021-06-02,0,BAL,MIN,6,3,BAL12,harvm001,dobnr001
2021,CHN202106020,2021-06-02,0,CHN,SDN,6,1,CHI11,alzoa001,lamed001
2021,COL202106020,2021-06-02,0,COL,TEX,6,3,DEN02,senza001,lylej001
2021,HOU202106020,2021-06-02,0,HOU,BOS,2,1,HOU03,valdf001,piven001
2021,LAN202106020,2021-06-02,0,LAN,SLN,14,3,LOS03,buehw001,martc006
2021,NYA202106020,2021-06-02,0,NYA,TBA,4,3,NYC21,montj004,mccls003
2021,SEA202106020,2021-06-02,0,SEA,OAK,0,6,SEA03,flexc001,manas001
2021,TOR202106020,2021-06-02,0,TOR,MIA,6,5,BUF05,manoa001,lopep002
2021,ANA202106030,2021-06-03,0,ANA,SEA,2,6,ANA01,canng001,shefj001
2021,ATL202106030,2021-06-03,0,ATL,WAS,5,1,ATL03,davit005,corbp001
2021,CHA202106030,2021-06-03,0,CHA,DET,4,1,CHI12,lynnl001,mizec001
2021,COL202106030,2021-06-03,0,COL,TEX,11,6,DEN02,gomba001,foltm001
2021,HOU202106030,2021-06-03,0,HOU,BOS,1,5,HOU03,odorj001,perem004
2021,KCA202106030,2021-06-03,0,KCA,MIN,6,5,KAN06,bubik001,happj001
2021,MIL202106030,2021-06-03,0,MIL,ARI,7,4,MIL06,andeb004,duplj001
2021,NYA202106030,2021-06-03,0,NYA,TBA,2,9,NYC21,coleg001,yarbr001
2021,PIT202106030,2021-06-03,0,PIT,MIA,5,3,PIT08,andet002,herne002
2021,SDN202106030,2021-06-03,0,SDN,NYN,4,3,SAN02,darvy001,walkt004
2021,SFN202106030,2021-06-03,0,SFN,CHN,7,2,SFO03,desca001,daviz001
2021,SLN202106030,2021-06-03,0,SLN,CIN,2,4,STL10,waina001,gutiv001
2021,ANA202106040,2021-06-04,0,ANA,SEA,3,2,ANA01,ohtas001,duggr001
2021,ATL202106040,2021-06-04,0,ATL,LAN,5,9,ATL03,andei001,uriaj001
2021,BAL202106040,2021-06-04,0,BAL,CLE,3,1,BAL12,akink001,mejij002
2021,CHA202106040,2021-06-04,0,CHA,DET,9,8,CHI12,keucd001,turns003
2021,COL202106040,2021-06-04,0,COL,OAK,5,9,DEN02,grayj003,montf001
2021,KCA202106040,2021-06-04,0,KCA,MIN,14,5,KAN06,kellb003,shoem001
2021,MIL202106040,2021-06-04,0,MIL,ARI,5,1,MIL06,peraf001,peacm001
2021,NYA202106040,2021-06-04,0,NYA,BOS,2,5,NYC21,kingm002,eovan001
2021,PHI202106040,2021-06-04,0,PHI,WAS,1,2,PHI13,wheez001,schem001
2021,PIT202106040,2021-06-04,0,PIT,MIA,9,2,PIT08,kellm003,potec001
2021,SDN202106040,2021-06-04,0,SDN,NYN,2,0,SAN02,snelb001,luccj001
2021,SFN202106040,2021-06-04,0,SFN,CHN,8,5,SFO03,kazms001,arrij001
2021,SLN202106040,2021-06-04,0,SLN,CIN,4,6,STL10,kim-k001,castl003
2021,TEX202106040,2021-06-04,0,TEX,TBA,5,4,ARL03,gibsk002,flemj001
2021,TOR202106040,2021-06-04,0,TOR,HOU,1,13,BUF05,ryu-h001,greiz001
2021,ANA202106050,2021-06-05,0,ANA,SEA,12,5,ANA01,cobba001,kikuy001
2021,ATL202106050,2021-06-05,0,ATL,LAN,6,4,ATL03,mortc002,kersc001
2021,BAL202106050,2021-06-05,0,BAL,CLE,4,10,BAL12,meanj001,civaa001
2021,CHA202106050,2021-06-05,0,CHA,DET,3,4,CHI12,gioll001,skubt001
2021,COL202106050,2021-06-05,0,COL,OAK,3,6,DEN02,freek001,irvic001
2021,KCA202106050,2021-06-05,0,KCA,MIN,4,5,KAN06,minom001,berrj001
2021,MIL202106050,2021-06-05,0,MIL,ARI,7,5,MIL06,woodb005,kellm002
2021,NYA202106050,2021-06-05,0,NYA,BOS,3,7,NYC21,tailj001,rodre004
2021,PHI202106050,2021-06-05,0,PHI,WAS,5,2,PHI13,howas003,rossj002
2021,PIT202106050,2021-06-05,0,PIT,MIA,8,7,PIT08,dejoc001,roget003
2021,SDN202106050,2021-06-05,0,SDN,NYN,0,4,SAN02,musgj001,degrj001
2021,SFN202106050,2021-06-05,0,SFN,CHN,4,3,SFO03,gausk001,stewk001
2021,SLN202106050,2021-06-05,0,SLN,CIN,2,5,STL10,oviej001,mahlt001
2021,TEX202106050,2021-06-05,0,TEX,TBA,0,3,ARL03,allak001,hillr001
2021,TOR202106050,2021-06-05,0,TOR,HOU,6,2,BUF05,strir001,urquj001
2021,ANA202106060,2021-06-06,0,ANA,SEA,5,9,ANA01,sandp002,gilbl002
2021,ATL202106060,2021-06-06,0,ATL,LAN,4,2,ATL03,friem001,bauet001
2021,BAL202106060,2021-06-06,0,BAL,CLE,18,5,BAL12,lopej004,quanc001
2021,CHA202106060,2021-06-06,0,CHA,DET,3,0,CHI12,ceasd001,urenj001
2021,COL202106060,2021-06-06,0,COL,OAK,3,1,DEN02,marqg001,kaprj001
2021,KCA202106060,2021-06-06,0,KCA,MIN,1,2,KAN06,singb001,oberb002
2021,MIL202106060,2021-06-06,0,MIL,ARI,2,0,MIL06,burnc002,smitc006
2021,NYA202106060,2021-06-06,0,NYA,BOS,5,6,NYC21,germd001,richg002
2021,PHI202106060,2021-06-06,0,PHI,WAS,12,6,PHI13,velav001,votha001
2021,PIT202106060,2021-06-06,0,PIT,MIA,1,3,PIT08,kuhlc001,alcas001
2021,SDN202106060,2021-06-06,0,SDN,NYN,2,6,SAN02,paddc001,strom001
2021,SFN202106060,2021-06-06,0,SFN,CHN,3,4,SFO03,cuetj001,hendk001
2021,SLN202106060,2021-06-06,0,SLN,CIN,7,8,STL10,gantj002,milew001
2021,TEX202106060,2021-06-06,0,TEX,TBA,1,7,ARL03,dunnd001,wachm001
2021,TOR202106060,2021-06-06,0,TOR,HOU,3,6,BUF05,matzs001,garcl007
2021,ANA202106070,2021-06-07,0,ANA,KCA,8,3,ANA01,bundd001,kowaj001
2021,BOS202106070,2021-06-07,0,BOS,MIA,5,3,BOS07,piven001,thomz001
2021,SDN202106070,2021-06-07,0,SDN,CHN,9,4,SAN02,weatr001,alzoa001
2021,ANA202106080,2021-06-08,0,ANA,KCA,8,1,ANA01,heana001,bubik001
2021,BAL202106080,2021-06-08,0,BAL,NYN,10,3,BAL12,zimmb002,peted003
2021,BOS202106080,2021-06-08,0,BOS,HOU,1,7,BOS07,perem004,valdf001
2021,CHA202106080,2021-06-08,0,CHA,TOR,6,1,CHI12,rodoc001,ray-r002
2021,CIN202106080,2021-06-08,0,CIN,MIL,1,5,CIN09,grays001,housa001
2021,DET202106080,2021-06-08,0,DET,SEA,5,3,DET05,boydm001,gonzm005
2021,MIA202106080,2021-06-08,0,MIA,COL,6,2,MIA02,lopep002,senza001
2021,MIN202106080,2021-06-08,0,MIN,NYA,4,8,MIN04,pinem001,montj004
2021,OAK202106080,2021-06-08,0,OAK,ARI,5,2,OAK01,bassc001,duplj001
2021,PHI202106080,2021-06-08,0,PHI,ATL,5,9,PHI13,nolaa001,smyld001
2021,PIT202106080,2021-06-08,0,PIT,LAN,3,5,PIT08,brubj001,buehw001
2021,SDN202106080,2021-06-08,0,SDN,CHN,1,7,SAN02,lamed001,daviz001
2021,SLN202106080,2021-06-08,0,SLN,CLE,1,10,STL10,martc006,biebs001
2021,TBA202106080,2021-06-08,0,TBA,WAS,3,1,STP01,glast001,lestj001
2021,TEX202106080,2021-06-08,0,TEX,SFN,4,9,ARL03,lylej001,wooda002
2021,ANA202106090,2021-06-09,0,ANA,KCA,6,1,ANA01,canng001,kellb003
2021,BAL202106090,2021-06-09,0,BAL,NYN,1,14,BAL12,harvm001,walkt004
2021,BOS202106090,2021-06-09,0,BOS,HOU,3,8,BOS07,eovan001,odorj001
2021,CHA202106090,2021-06-09,0,CHA,TOR,2,6,CHI12,lynnl001,manoa001
2021,CIN202106090,2021-06-09,0,CIN,MIL,7,3,CIN09,gutiv001,andeb004
2021,DET202106090,2021-06-09,0,DET,SEA,6,9,DET05,mizec001,flexc001
2021,MIA202106090,2021-06-09,0,MIA,COL,3,4,MIA02,garrb001,gomba001
2021,MIN202106090,2021-06-09,0,MIN,NYA,6,9,MIN04,dobnr001,coleg001
2021,OAK202106090,2021-06-09,0,OAK,ARI,4,0,OAK01,manas001,peacm001
2021,PHI202106090,2021-06-09,0,PHI,ATL,2,1,PHI13,efliz001,davit005
2021,PIT202106090,2021-06-09,0,PIT,LAN,1,2,PIT08,andet002,gonst001
2021,SDN202106090,2021-06-09,0,SDN,CHN,1,3,SAN02,darvy001,arrij001
2021,SLN202106090,2021-06-09,0,SLN,CLE,8,2,STL10,waina001,mejij002
2021,TBA202106090,2021-06-09,0,TBA,WAS,7,9,STP01,mccls003,corbp001
2021,TEX202106090,2021-06-09,0,TEX,SFN,4,3,ARL03,gibsk002,littz001
2021,BOS202106100,2021-06-10,0,BOS,HOU,12,8,BOS07,rodre004,greiz001
2021,CHA202106100,2021-06-10,0,CHA,TOR,5,2,CHI12,keucd001,ryu-h001
2021,CIN202106100,2021-06-10,0,CIN,MIL,2,7,CIN09,castl003,peraf001
2021,DET202106100,2021-06-10,0,DET,SEA,8,3,DET05,alext001,shefj001
2021,MIA202106100,2021-06-10,0,MIA,COL,11,4,MIA02,roget003,gonzc002
2021,MIN202106100,2021-06-10,0,MIN,NYA,7,5,MIN04,happj001,kingm002
2021,OAK202106100,2021-06-10,0,OAK,KCA,1,6,OAK01,montf001,minom001
2021,PHI202106100,2021-06-10,0,PHI,ATL,4,3,PHI13,wheez001,andei001
2021,PIT202106100,2021-06-10,0,PIT,LAN,3,6,PIT08,kellm003,uriaj001
2021,ARI202106110,2021-06-11,0,ARI,ANA,5,6,PHO01,kellm002,ohtas001
2021,BOS202106110,2021-06-11,0,BOS,TOR,6,5,BOS07,richg002,strir001
2021,CHN202106110,2021-06-11,0,CHN,SLN,8,5,CHI11,stewk001,oviej001
2021,CIN202106110,2021-06-11,0,CIN,COL,11,5,CIN09,mahlt001,freek001
2021,CLE202106110,2021-06-11,0,CLE,SEA,7,0,CLE08,civaa001,dunnj002
2021,DET202106110,2021-06-11,0,DET,CHA,4,5,DET05,skubt001,gioll001
2021,LAN202106110,2021-06-11,0,LAN,TEX,12,1,LOS03,kersc001,foltm001
2021,MIA202106110,2021-06-11,0,MIA,ATL,4,3,MIA02,alcas001,mortc002
2021,MIL202106110,2021-06-11,0,MIL,PIT,7,4,MIL06,woodb005,dejoc001
2021,MIN202106110,2021-06-11,0,MIN,HOU,4,6,MIN04,oberb002,urquj001
2021,NYN202106110,2021-06-11,0,NYN,SDN,3,2,NYC20,degrj001,snelb001
2021,OAK202106110,2021-06-11,0,OAK,KCA,4,3,OAK01,irvic001,singb001
2021,TBA202106110,2021-06-11,0,TBA,BAL,4,2,STP01,yarbr001,akink001
2021,WAS202106110,2021-06-11,0,WAS,SFN,0,1,WAS11,schem001,desca001
2021,ARI202106120,2021-06-12,0,ARI,ANA,7,8,PHO01,smitc006,cobba001
2021,BOS202106120,2021-06-12,0,BOS,TOR,2,7,BOS07,piven001,matzs001
2021,CHN202106120,2021-06-12,0,CHN,SLN,7,2,CHI11,hendk001,gantj002
2021,CIN202106120,2021-06-12,0,CIN,COL,10,3,CIN09,milew001,marqg001
2021,CLE202106120,2021-06-12,0,CLE,SEA,5,4,CLE08,mcket001,kikuy001
2021,DET202106120,2021-06-12,0,DET,CHA,2,15,DET05,urenj001,ceasd001
2021,LAN202106120,2021-06-12,0,LAN,TEX,1,12,LOS03,bauet001,allak001
2021,MIA202106120,2021-06-12,0,MIA,ATL,4,2,MIA02,thomz001,friem001
2021,MIL202106120,2021-06-12,0,MIL,PIT,7,4,MIL06,burnc002,kuhlc001
2021,MIN202106120,2021-06-12,0,MIN,HOU,5,2,MIN04,berrj001,garcl007
2021,NYN202106120,2021-06-12,0,NYN,SDN,4,1,NYC20,strom001,musgj001
2021,OAK202106120,2021-06-12,0,OAK,KCA,11,2,OAK01,kaprj001,kowaj001
2021,PHI202106120,2021-06-12,0,PHI,NYA,8,7,PHI13,velav001,tailj001
2021,TBA202106120,2021-06-12,0,TBA,BAL,5,4,STP01,hillr001,lopej004
2021,WAS202106121,2021-06-12,1,WAS,SFN,2,0,WAS11,fedde001,gausk001
2021,WAS202106122,2021-06-12,2,WAS,SFN,1,2,WAS11,rodrj005,menec001
2021,ARI202106130,2021-06-13,0,ARI,ANA,3,10,PHO01,duplj001,sandp002
2021,BOS202106130,2021-06-13,0,BOS,TOR,4,18,BOS07,perem004,ray-r002
2021,CHN202106130,2021-06-13,0,CHN,SLN,2,0,CHI11,daviz001,martc006
2021,CIN202106130,2021-06-13,0,CIN,COL,6,2,CIN09,santt001,senza001
2021,CLE202106130,2021-06-13,0,CLE,SEA,2,6,CLE08,biebs001,gilbl002
2021,DET202106130,2021-06-13,0,DET,CHA,1,4,DET05,funkk001,rodoc001
2021,LAN202106130,2021-06-13,0,LAN,TEX,5,3,LOS03,buehw001,dunnd001
2021,MIA202106130,2021-06-13,0,MIA,ATL,4,6,MIA02,lopep002,smyld001
2021,MIL202106130,2021-06-13,0,MIL,PIT,5,2,MIL06,housa001,croww001
2021,MIN202106130,2021-06-13,0,MIN,HOU,3,14,MIN04,pinem001,valdf001
2021,NYN202106130,2021-06-13,0,NYN,SDN,3,7,NYC20,luccj001,paddc001
2021,OAK202106130,2021-06-13,0,OAK,KCA,6,3,OAK01,bassc001,bubik001
2021,PHI202106130,2021-06-13,0,PHI,NYA,7,0,PHI13,nolaa001,germd001
2021,TBA202106130,2021-06-13,0,TBA,BAL,7,1,STP01,wachm001,zimmb002
2021,WAS202106130,2021-06-13,0,WAS,SFN,5,0,WAS11,rossj002,cuetj001
2021,BOS202106140,2021-06-14,0,BOS,TOR,2,1,BOS07,eovan001,manoa001
2021,CHA202106140,2021-06-14,0,CHA,TBA,2,5,CHI12,lynnl001,glast001
2021,CLE202106140,2021-06-14,0,CLE,BAL,4,3,CLE08,mejij002,kremd001
2021,COL202106140,2021-06-14,0,COL,SDN,3,2,DEN02,gomba001,lamed001
2021,KCA202106140,2021-06-14,0,KCA,DET,3,10,KAN06,kellb003,boydm001
2021,LAN202106140,2021-06-14,0,LAN,PHI,3,1,LOS03,gonst001,howas003
2021,MIL202106140,2021-06-14,0,MIL,CIN,2,10,MIL06,lauee001,gutiv001
2021,NYN202106140,2021-06-14,0,NYN,CHN,5,2,NYC20,peted003,arrij001
2021,OAK202106140,2021-06-14,0,OAK,ANA,8,5,OAK01,manas001,bundd001
2021,SEA202106140,2021-06-14,0,SEA,MIN,4,3,SEA03,gonzm005,maedk001
2021,SFN202106140,2021-06-14,0,SFN,ARI,5,2,SFO03,wooda002,peacm001
2021,SLN202106140,2021-06-14,0,SLN,MIA,4,2,STL10,waina001,garrb001
2021,WAS202106140,2021-06-14,0,WAS,PIT,3,2,WAS11,lestj001,brubj001
2021,ATL202106150,2021-06-15,0,ATL,BOS,8,10,ATL03,davit005,rodre004
2021,CHA202106150,2021-06-15,0,CHA,TBA,3,0,CHI12,keucd001,mccls003
2021,CLE202106150,2021-06-15,0,CLE,BAL,7,2,CLE08,quanc001,harvm001
2021,COL202106150,2021-06-15,0,COL,SDN,8,4,DEN02,gonzc002,darvy001
2021,HOU202106150,2021-06-15,0,HOU,TEX,6,3,HOU03,mccul002,gibsk002
2021,KCA202106150,2021-06-15,0,KCA,DET,3,4,KAN06,minom001,mizec001
2021,LAN202106150,2021-06-15,0,LAN,PHI,5,3,LOS03,uriaj001,efliz001
2021,MIL202106150,2021-06-15,0,MIL,CIN,1,2,MIL06,andeb004,castl003
2021,NYN202106150,2021-06-15,0,NYN,CHN,3,2,NYC20,walkt004,milla003
2021,OAK202106150,2021-06-15,0,OAK,ANA,6,4,OAK01,montf001,heana001
2021,SEA202106150,2021-06-15,0,SEA,MIN,10,0,SEA03,flexc001,happj001
2021,SFN202106150,2021-06-15,0,SFN,ARI,9,8,SFO03,littz001,youna002
2021,SLN202106150,2021-06-15,0,SLN,MIA,2,1,STL10,kim-k001,roget003
2021,TOR202106150,2021-06-15,0,TOR,NYA,5,6,BUF05,ryu-h001,montj004
2021,WAS202106150,2021-06-15,0,WAS,PIT,8,1,WAS11,corbp001,andet002
2021,ATL202106160,2021-06-16,0,ATL,BOS,8,10,ATL03,andei001,richg002
2021,CHA202106160,2021-06-16,0,CHA,TBA,8,7,CHI12,gioll001,yarbr001
2021,CLE202106160,2021-06-16,0,CLE,BAL,8,7,CLE08,civaa001,akink001
2021,COL202106160,2021-06-16,0,COL,SDN,8,7,DEN02,freek001,snelb001
2021,HOU202106160,2021-06-16,0,HOU,TEX,8,4,HOU03,greiz001,lylej001
2021,KCA202106160,2021-06-16,0,KCA,DET,5,6,KAN06,singb001,skubt001
2021,LAN202106160,2021-06-16,0,LAN,PHI,0,2,LOS03,kersc001,wheez001
2021,MIL202106160,2021-06-16,0,MIL,CIN,1,2,MIL06,peraf001,mahlt001
2021,NYN202106160,2021-06-16,0,NYN,CHN,6,3,NYC20,degrj001,stocr001
2021,OAK202106160,2021-06-16,0,OAK,ANA,8,4,OAK01,irvic001,canng001
2021,SEA202106160,2021-06-16,0,SEA,MIN,2,7,SEA03,shefj001,oberb002
2021,SFN202106160,2021-06-16,0,SFN,ARI,13,7,SFO03,desca001,kellm002
2021,SLN202106160,2021-06-16,0,SLN,MIA,1,0,STL10,oviej001,alcas001
2021,TOR202106160,2021-06-16,0,TOR,NYA,2,3,BUF05,strir001,coleg001
2021,WAS202106160,2021-06-16,0,WAS,PIT,3,1,WAS11,espip001,dejoc001
2021,ANA202106170,2021-06-17,0,ANA,DET,7,5,ANA01,ohtas001,mannm001
2021,ATL202106170,2021-06-17,0,ATL,SLN,4,0,ATL03,mortc002,gantj002
2021,CLE202106170,2021-06-17,0,CLE,BAL,10,3,CLE08,morge001,lopej004
2021,COL202106170,2021-06-17,0,COL,MIL,7,3,DEN02,marqg001,woodb005
2021,HOU202106170,2021-06-17,0,HOU,CHA,10,2,HOU03,urquj001,ceasd001
2021,NYN202106170,2021-06-17,0,NYN,CHN,0,2,NYC20,strom001,hendk001
2021,SDN202106170,2021-06-17,0,SDN,CIN,6,4,SAN02,musgj001,milew001
2021,SEA202106170,2021-06-17,0,SEA,TBA,6,5,SEA03,dunnj002,hillr001
2021,SFN202106170,2021-06-17,0,SFN,ARI,10,3,SFO03,gausk001,gallz001
2021,TOR202106170,2021-06-17,0,TOR,NYA,4,8,BUF05,zeuct001,kingm002
2021,ANA202106180,2021-06-18,0,ANA,DET,11,3,ANA01,cobba001,urenj001
2021,ARI202106180,2021-06-18,0,ARI,LAN,0,3,PHO01,smitc006,bauet001
2021,ATL202106180,2021-06-18,0,ATL,SLN,9,1,ATL03,friem001,martc006
2021,BAL202106180,2021-06-18,0,BAL,TOR,7,1,BAL12,eshet001,ray-r002
2021,CHN202106180,2021-06-18,0,CHN,MIA,2,10,CHI11,daviz001,potec001
2021,COL202106180,2021-06-18,0,COL,MIL,6,5,DEN02,senza001,burnc002
2021,HOU202106180,2021-06-18,0,HOU,CHA,2,1,HOU03,garcl007,rodoc001
2021,KCA202106180,2021-06-18,0,KCA,BOS,5,3,KAN06,zimmk001,piven001
2021,NYA202106180,2021-06-18,0,NYA,OAK,3,5,NYC21,tailj001,kaprj001
2021,PIT202106180,2021-06-18,0,PIT,CLE,11,10,PIT08,kuhlc001,mejij002
2021,SDN202106180,2021-06-18,0,SDN,CIN,8,2,SAN02,paddc001,santt001
2021,SEA202106180,2021-06-18,0,SEA,TBA,5,1,SEA03,kikuy001,wachm001
2021,SFN202106180,2021-06-18,0,SFN,PHI,5,3,SFO03,cuetj001,velav001
2021,TEX202106180,2021-06-18,0,TEX,MIN,5,7,ARL03,foltm001,berrj001
2021,WAS202106180,2021-06-18,0,WAS,NYN,1,0,WAS11,fedde001,luccj001
2021,ANA202106190,2021-06-19,0,ANA,DET,8,3,ANA01,sandp002,peraw001
2021,ARI202106190,2021-06-19,0,ARI,LAN,3,9,PHO01,peacm001,buehw001
2021,BAL202106190,2021-06-19,0,BAL,TOR,7,10,BAL12,kremd001,manoa001
2021,CHN202106190,2021-06-19,0,CHN,MIA,1,11,CHI11,arrij001,lopep002
2021,COL202106190,2021-06-19,0,COL,MIL,5,6,DEN02,gomba001,housa001
2021,HOU202106190,2021-06-19,0,HOU,CHA,7,3,HOU03,valdf001,lynnl001
2021,KCA202106190,2021-06-19,0,KCA,BOS,1,7,KAN06,kellb003,perem004
2021,NYA202106190,2021-06-19,0,NYA,OAK,7,5,NYC21,germd001,bassc001
2021,PIT202106190,2021-06-19,0,PIT,CLE,6,3,PIT08,croww001,quanc001
2021,SDN202106190,2021-06-19,0,SDN,CIN,7,5,SAN02,diazm004,gutiv001
2021,SEA202106190,2021-06-19,0,SEA,TBA,6,5,SEA03,gilbl002,flemj001
2021,SFN202106190,2021-06-19,0,SFN,PHI,6,13,SFO03,wooda002,nolaa001
2021,TEX202106190,2021-06-19,0,TEX,MIN,2,3,ARL03,allak001,dobnr001
2021,WAS202106191,2021-06-19,1,WAS,NYN,1,5,WAS11,rossj002,peted003
2021,WAS202106192,2021-06-19,2,WAS,NYN,6,2,WAS11,lestj001,gselr001
2021,ANA202106200,2021-06-20,0,ANA,DET,3,5,ANA01,bundd001,mizec001
2021,ARI202106200,2021-06-20,0,ARI,LAN,8,9,PHO01,youna002,gonst001
2021,ATL202106201,2021-06-20,1,ATL,SLN,1,9,ATL03,wilsb003,waina001
2021,ATL202106202,2021-06-20,2,ATL,SLN,1,0,ATL03,smyld001,kim-k001
2021,BAL202106200,2021-06-20,0,BAL,TOR,4,7,BAL12,harvm001,ryu-h001
2021,CHN202106200,2021-06-20,0,CHN,MIA,2,0,CHI11,milla003,thomz001
2021,COL202106200,2021-06-20,0,COL,MIL,6,7,DEN02,gonzc002,lauee001
2021,HOU202106200,2021-06-20,0,HOU,CHA,8,2,HOU03,mccul002,keucd001
2021,KCA202106200,2021-06-20,0,KCA,BOS,7,3,KAN06,minom001,eovan001
2021,NYA202106200,2021-06-20,0,NYA,OAK,2,1,NYC21,montj004,manas001
2021,PIT202106200,2021-06-20,0,PIT,CLE,1,2,PIT08,brubj001,hents001
2021,SDN202106200,2021-06-20,0,SDN,CIN,3,2,SAN02,lamed001,castl003
2021,SEA202106200,2021-06-20,0,SEA,TBA,6,2,SEA03,gonzm005,mccls003
2021,SFN202106200,2021-06-20,0,SFN,PHI,11,2,SFO03,longs002,efliz001
2021,TEX202106200,2021-06-20,0,TEX,MIN,2,4,ARL03,dunnd001,maedk001
2021,WAS202106200,2021-06-20,0,WAS,NYN,5,2,WAS11,corbp001,walkt004
2021,ARI202106210,2021-06-21,0,ARI,MIL,5,1,PHO01,kellm002,andeb004
2021,BAL202106210,2021-06-21,0,BAL,HOU,2,10,BAL12,akink001,odorj001
2021,CHN202106210,2021-06-21,0,CHN,CLE,0,4,CHI11,alzoa001,civaa001
2021,MIN202106210,2021-06-21,0,MIN,CIN,7,5,MIN04,happj001,mahlt001
2021,NYN202106211,2021-06-21,1,NYN,ATL,4,2,NYC20,degrj001,mullk001
2021,NYN202106212,2021-06-21,2,NYN,ATL,0,1,NYC20,eickj001,andei001
2021,SDN202106210,2021-06-21,0,SDN,LAN,6,2,SAN02,darvy001,uriaj001
2021,TEX202106210,2021-06-21,0,TEX,OAK,8,3,ARL03,gibsk002,montf001
2021,ANA202106220,2021-06-22,0,ANA,SFN,0,5,ANA01,heana001,desca001
2021,ARI202106220,2021-06-22,0,ARI,MIL,0,5,PHO01,gallz001,peraf001
2021,BAL202106220,2021-06-22,0,BAL,HOU,1,3,BAL12,lopej004,greiz001
2021,CHN202106220,2021-06-22,0,CHN,CLE,7,1,CHI11,hendk001,morge001
2021,DET202106220,2021-06-22,0,DET,SLN,8,2,DET05,skubt001,oviej001
2021,MIA202106220,2021-06-22,0,MIA,TOR,1,2,MIA02,alcas001,strir001
2021,MIN202106220,2021-06-22,0,MIN,CIN,7,10,MIN04,oberb002,milew001
2021,NYA202106220,2021-06-22,0,NYA,KCA,5,6,NYC21,coleg001,singb001
2021,NYN202106220,2021-06-22,0,NYN,ATL,0,3,NYC20,strom001,mortc002
2021,PHI202106220,2021-06-22,0,PHI,WAS,2,3,PHI13,wheez001,schem001
2021,PIT202106220,2021-06-22,0,PIT,CHA,6,3,PIT08,andet002,gioll001
2021,SDN202106220,2021-06-22,0,SDN,LAN,3,2,SAN02,snelb001,kersc001
2021,SEA202106220,2021-06-22,0,SEA,COL,2,1,SEA03,flexc001,freek001
2021,TBA202106220,2021-06-22,0,TBA,BOS,5,9,STP01,kitta001,rodre004
2021,TEX202106220,2021-06-22,0,TEX,OAK,6,13,ARL03,heart001,irvic001
2021,ANA202106230,2021-06-23,0,ANA,SFN,3,9,ANA01,ohtas001,gausk001
2021,ARI202106230,2021-06-23,0,ARI,MIL,2,3,PHO01,smitc006,woodb005
2021,BAL202106230,2021-06-23,0,BAL,HOU,0,13,BAL12,eshet001,urquj001
2021,DET202106230,2021-06-23,0,DET,SLN,6,2,DET05,mannm001,gantj002
2021,MIA202106230,2021-06-23,0,MIA,TOR,1,3,MIA02,roget003,ray-r002
2021,NYA202106230,2021-06-23,0,NYA,KCA,6,5,NYC21,kingm002,duffd001
2021,NYN202106230,2021-06-23,0,NYN,ATL,7,3,NYC20,megit002,wrigk001
2021,PHI202106230,2021-06-23,0,PHI,WAS,12,13,PHI13,velav001,fedde001
2021,PIT202106230,2021-06-23,0,PIT,CHA,3,4,PIT08,dejoc001,ceasd001
2021,SDN202106230,2021-06-23,0,SDN,LAN,5,3,SAN02,musgj001,bauet001
2021,SEA202106230,2021-06-23,0,SEA,COL,2,5,SEA03,shefj001,marqg001
2021,TBA202106230,2021-06-23,0,TBA,BOS,8,2,STP01,hillr001,richg002
2021,TEX202106230,2021-06-23,0,TEX,OAK,5,3,ARL03,foltm001,kaprj001
2021,CIN202106240,2021-06-24,0,CIN,ATL,5,3,CIN09,santt001,chavj001
2021,DET202106240,2021-06-24,0,DET,HOU,3,12,DET05,urenj001,garcl007
2021,LAN202106240,2021-06-24,0,LAN,CHN,0,4,LOS03,buehw001,daviz001
2021,MIA202106240,2021-06-24,0,MIA,WAS,3,7,MIA02,potec001,rossj002
2021,MIN202106240,2021-06-24,0,MIN,CLE,1,4,MIN04,berrj001,mejij002
2021,NYA202106240,2021-06-24,0,NYA,KCA,8,1,NYC21,tailj001,kellb003
2021,SLN202106240,2021-06-24,0,SLN,PIT,2,8,STL10,martc006,kuhlc001
2021,TBA202106240,2021-06-24,0,TBA,BOS,1,0,STP01,wachm001,piven001
2021,TEX202106240,2021-06-24,0,TEX,OAK,1,5,ARL03,allak001,bassc001
2021,TOR202106240,2021-06-24,0,TOR,BAL,9,0,BUF05,kay-a001,kremd001
2021,BOS202106250,2021-06-25,0,BOS,NYA,5,3,BOS07,perem004,germd001
2021,CHA202106250,2021-06-25,0,CHA,SEA,3,9,CHI12,rodoc001,kikuy001
2021,CIN202106250,2021-06-25,0,CIN,ATL,2,3,CIN09,gutiv001,smyld001
2021,LAN202106250,2021-06-25,0,LAN,CHN,6,2,LOS03,gonst001,arrij001
2021,MIA202106250,2021-06-25,0,MIA,WAS,11,2,MIA02,lopep002,lestj001
2021,MIL202106250,2021-06-25,0,MIL,COL,5,4,MIL06,burnc002,grayj003
2021,MIN202106250,2021-06-25,0,MIN,CLE,8,7,MIN04,could001,quanc001
2021,NYN202106251,2021-06-25,1,NYN,PHI,2,1,NYC20,walkt004,nolaa001
2021,NYN202106252,2021-06-25,2,NYN,PHI,1,2,NYC20,peted003,moorm003
2021,SDN202106250,2021-06-25,0,SDN,ARI,11,5,SAN02,paddc001,martc009
2021,SFN202106250,2021-06-25,0,SFN,OAK,2,0,SFO03,cuetj001,manas001
2021,SLN202106250,2021-06-25,0,SLN,PIT,4,5,STL10,kim-k001,croww001
2021,TBA202106250,2021-06-25,0,TBA,ANA,4,3,STP01,kitta001,canng001
2021,TEX202106250,2021-06-25,0,TEX,KCA,9,4,ARL03,dunnd001,minom001
2021,TOR202106250,2021-06-25,0,TOR,BAL,5,6,BUF05,manoa001,harvm001
2021,BOS202106260,2021-06-26,0,BOS,NYA,4,2,BOS07,eovan001,montj004
2021,CHA202106260,2021-06-26,0,CHA,SEA,2,3,CHI12,lynnl001,gilbl002
2021,CIN202106260,2021-06-26,0,CIN,ATL,4,1,CIN09,castl003,andei001
2021,DET202106261,2021-06-26,1,DET,HOU,3,1,DET05,mizec001,valdf001
2021,DET202106262,2021-06-26,2,DET,HOU,2,3,DET05,peraw001,mccul002
2021,LAN202106260,2021-06-26,0,LAN,CHN,3,2,LOS03,uriaj001,milla003
2021,MIA202106260,2021-06-26,0,MIA,WAS,3,2,MIA02,thomz001,corbp001
2021,MIL202106260,2021-06-26,0,MIL,COL,10,4,MIL06,housa001,senza001
2021,NYN202106260,2021-06-26,0,NYN,PHI,4,3,NYC20,degrj001,efliz001
2021,SDN202106260,2021-06-26,0,SDN,ARI,1,10,SAN02,lamed001,kellm002
2021,SFN202106260,2021-06-26,0,SFN,OAK,6,5,SFO03,wooda002,montf001
2021,SLN202106260,2021-06-26,0,SLN,PIT,3,1,STL10,waina001,brubj001
2021,TBA202106260,2021-06-26,0,TBA,ANA,13,3,STP01,mccls003,cobba001
2021,TEX202106260,2021-06-26,0,TEX,KCA,8,0,ARL03,gibsk002,zimmk001
2021,TOR202106260,2021-06-26,0,TOR,BAL,12,4,BUF05,ryu-h001,akink001
2021,BOS202106270,2021-06-27,0,BOS,NYA,9,2,BOS07,rodre004,coleg001
2021,CHA202106270,2021-06-27,0,CHA,SEA,7,5,CHI12,burrr002,duggr001
2021,CIN202106270,2021-06-27,0,CIN,ATL,0,4,CIN09,mahlt001,mullk001
2021,DET202106270,2021-06-27,0,DET,HOU,2,1,DET05,skubt001,odorj001
2021,LAN202106270,2021-06-27,0,LAN,CHN,7,1,LOS03,kersc001,alzoa001
2021,MIA202106270,2021-06-27,0,MIA,WAS,1,5,MIA02,alcas001,schem001
2021,MIL202106270,2021-06-27,0,MIL,COL,5,0,MIL06,lauee001,gonzc002
2021,MIN202106270,2021-06-27,0,MIN,CLE,8,2,MIN04,happj001,hents001
2021,NYN202106270,2021-06-27,0,NYN,PHI,2,4,NYC20,strom001,wheez001
2021,SDN202106270,2021-06-27,0,SDN,ARI,5,4,SAN02,darvy001,gallz001
2021,SFN202106270,2021-06-27,0,SFN,OAK,2,6,SFO03,longs002,irvic001
2021,SLN202106270,2021-06-27,0,SLN,PIT,2,7,STL10,oviej001,kranm001
2021,TBA202106270,2021-06-27,0,TBA,ANA,4,6,STP01,yarbr001,sandp002
2021,TEX202106270,2021-06-27,0,TEX,KCA,4,1,ARL03,lylej001,singb001
2021,TOR202106270,2021-06-27,0,TOR,BAL,5,2,BUF05,strir001,lopej004
2021,BOS202106280,2021-06-28,0,BOS,KCA,6,5,BOS07,richg002,duffd001
2021,CIN202106280,2021-06-28,0,CIN,PHI,12,4,CIN09,milew001,howas003
2021,CLE202106280,2021-06-28,0,CLE,DET,13,5,CLE08,morge001,mannm001
2021,COL202106280,2021-06-28,0,COL,PIT,2,0,DEN02,freek001,andet002
2021,HOU202106280,2021-06-28,0,HOU,BAL,7,9,HOU03,greiz001,eshet001
2021,LAN202106280,2021-06-28,0,LAN,SFN,3,2,LOS03,bauet001,desca001
2021,MIL202106280,2021-06-28,0,MIL,CHN,14,4,MIL06,peraf001,hendk001
2021,NYA202106280,2021-06-28,0,NYA,ANA,3,5,NYC21,kingm002,bundd001
2021,SLN202106280,2021-06-28,0,SLN,ARI,7,1,STL10,leblw001,farij001
2021,WAS202106280,2021-06-28,0,WAS,NYN,8,4,WAS11,espip001,eickj001
2021,ATL202106290,2021-06-29,0,ATL,NYN,3,4,ATL03,mortc002,megit002
2021,BOS202106290,2021-06-29,0,BOS,KCA,7,6,BOS07,piven001,kellb003
2021,CHA202106290,2021-06-29,0,CHA,MIN,7,6,CHI12,gioll001,maedk001
2021,CIN202106290,2021-06-29,0,CIN,SDN,4,5,CIN09,santt001,stamc001
2021,COL202106290,2021-06-29,0,COL,PIT,8,0,DEN02,marqg001,dejoc001
2021,HOU202106290,2021-06-29,0,HOU,BAL,3,13,HOU03,urquj001,lakit001
2021,LAN202106290,2021-06-29,0,LAN,SFN,3,1,LOS03,buehw001,gausk001
2021,MIL202106290,2021-06-29,0,MIL,CHN,2,1,MIL06,woodb005,daviz001
2021,NYA202106290,2021-06-29,0,NYA,ANA,11,5,NYC21,tailj001,heana001
2021,OAK202106290,2021-06-29,0,OAK,TEX,4,5,OAK01,kaprj001,foltm001
2021,PHI202106290,2021-06-29,0,PHI,MIA,4,3,PHI13,velav001,roget003
2021,SLN202106290,2021-06-29,0,SLN,ARI,3,2,STL10,martc006,smitc006
2021,TOR202106290,2021-06-29,0,TOR,SEA,9,3,BUF05,ray-r002,flexc001
2021,WAS202106290,2021-06-29,0,WAS,TBA,4,3,WAS11,rossj002,hillr001
2021,ATL202106300,2021-06-30,0,ATL,NYN,20,2,ATL03,friem001,peted003
2021,BOS202106300,2021-06-30,0,BOS,KCA,6,2,BOS07,perem004,minom001
2021,CHA202106300,2021-06-30,0,CHA,MIN,13,3,CHI12,ceasd001,oberb002
2021,CIN202106300,2021-06-30,0,CIN,SDN,5,7,CIN09,gutiv001,musgj001
2021,CLE202106301,2021-06-30,1,CLE,DET,4,9,CLE08,quanc001,urenj001
2021,CLE202106302,2021-06-30,2,CLE,DET,1,7,CLE08,allel002,peraw001
2021,COL202106300,2021-06-30,0,COL,PIT,6,2,DEN02,grayj003,kuhlc001
2021,HOU202106300,2021-06-30,0,HOU,BAL,2,5,HOU03,garcl007,harvm001
2021,MIL202106300,2021-06-30,0,MIL,CHN,15,7,MIL06,ashba003,arrij001
2021,NYA202106300,2021-06-30,0,NYA,ANA,8,11,NYC21,germd001,ohtas001
2021,OAK202106300,2021-06-30,0,OAK,TEX,3,1,OAK01,bassc001,allak001
2021,PHI202106300,2021-06-30,0,PHI,MIA,6,11,PHI13,nolaa001,hollj002
2021,SLN202106300,2021-06-30,0,SLN,ARI,7,4,STL10,kim-k001,smitr005
2021,TOR202106300,2021-06-30,0,TOR,SEA,7,9,BUF05,matzs001,shefj001
2021,WAS202106300,2021-06-30,0,WAS,TBA,15,6,WAS11,lestj001,rasmd002
2021,ARI202107010,2021-07-01,0,ARI,SFN,5,3,PHO01,kellm002,cuetj001
2021,ATL202107010,2021-07-01,0,ATL,NYN,4,3,ATL03,andei001,degrj001
2021,BOS202107010,2021-07-01,0,BOS,KCA,15,1,BOS07,eovan001,bubik001
2021,CHA202107010,2021-07-01,0,CHA,MIN,8,5,CHI12,rodoc001,berrj001
2021,CIN202107010,2021-07-01,0,CIN,SDN,5,4,CIN09,castl003,weatr001
2021,CLE202107010,2021-07-01,0,CLE,HOU,2,7,CLE08,mejij002,valdf001
2021,COL202107010,2021-07-01,0,COL,SLN,5,2,DEN02,senza001,waina001
2021,OAK202107010,2021-07-01,0,OAK,TEX,3,8,OAK01,manas001,dunnd001
2021,PIT202107010,2021-07-01,0,PIT,MIL,2,7,PIT08,croww001,burnc002
2021,TOR202107010,2021-07-01,0,TOR,SEA,2,7,BUF05,ryu-h001,kikuy001
2021,WAS202107010,2021-07-01,0,WAS,LAN,2,6,WAS11,corbp001,gonzv001
2021,ANA202107020,2021-07-02,0,ANA,BAL,8,7,ANA01,canng001,akink001
2021,ARI202107020,2021-07-02,0,ARI,SFN,4,11,PHO01,gallz001,wooda002
2021,ATL202107020,2021-07-02,0,ATL,MIA,1,0,ATL03,smyld001,lopep002
2021,CIN202107020,2021-07-02,0,CIN,CHN,2,1,CIN09,grays001,milla003
2021,CLE202107020,2021-07-02,0,CLE,HOU,3,6,CLE08,hents001,mccul002
2021,COL202107020,2021-07-02,0,COL,SLN,3,9,DEN02,gonzc002,oviej001
2021,DET202107020,2021-07-02,0,DET,CHA,2,8,DET05,mizec001,lynnl001
2021,KCA202107020,2021-07-02,0,KCA,MIN,7,4,KAN06,singb001,happj001
2021,OAK202107020,2021-07-02,0,OAK,BOS,2,3,OAK01,montf001,rodre004
2021,PHI202107020,2021-07-02,0,PHI,SDN,4,3,PHI13,wheez001,paddc001
2021,PIT202107020,2021-07-02,0,PIT,MIL,2,7,PIT08,brubj001,housa001
2021,SEA202107020,2021-07-02,0,SEA,TEX,5,4,SEA03,gilbl002,gibsk002
2021,TOR202107020,2021-07-02,0,TOR,TBA,11,1,BUF05,manoa001,patil001
2021,WAS202107020,2021-07-02,0,WAS,LAN,5,10,WAS11,schem001,uriaj001
2021,ANA202107030,2021-07-03,0,ANA,BAL,4,1,ANA01,cobba001,lopej004
2021,ARI202107030,2021-07-03,0,ARI,SFN,5,6,PHO01,farij001,longs002
2021,ATL202107030,2021-07-03,0,ATL,MIA,2,3,ATL03,mullk001,alcas001
2021,CIN202107030,2021-07-03,0,CIN,CHN,3,2,CIN09,mahlt001,alzoa001
2021,CLE202107030,2021-07-03,0,CLE,HOU,2,3,CLE08,morge001,odorj001
2021,COL202107030,2021-07-03,0,COL,SLN,3,2,DEN02,freek001,leblw001
2021,DET202107030,2021-07-03,0,DET,CHA,11,5,DET05,skubt001,keucd001
2021,KCA202107030,2021-07-03,0,KCA,MIN,6,3,KAN06,duffd001,jax-g001
2021,NYA202107030,2021-07-03,0,NYA,NYN,3,8,NYC21,montj004,walkt004
2021,OAK202107030,2021-07-03,0,OAK,BOS,7,6,OAK01,irvic001,richg002
2021,PHI202107030,2021-07-03,0,PHI,SDN,4,2,PHI13,efliz001,darvy001
2021,PIT202107030,2021-07-03,0,PIT,MIL,2,11,PIT08,poncc002,lauee001
2021,SEA202107030,2021-07-03,0,SEA,TEX,3,7,SEA03,gonzm005,lylej001
2021,TOR202107030,2021-07-03,0,TOR,TBA,6,3,BUF05,strir001,mccls003
2021,WAS202107030,2021-07-03,0,WAS,LAN,3,5,WAS11,espip001,kersc001
2021,ANA202107040,2021-07-04,0,ANA,BAL,6,5,ANA01,sandp002,eshet001
2021,ARI202107040,2021-07-04,0,ARI,SFN,2,5,PHO01,smitc006,desca001
2021,ATL202107040,2021-07-04,0,ATL,MIA,8,7,ATL03,mortc002,thomz001
2021,CIN202107040,2021-07-04,0,CIN,CHN,3,2,CIN09,milew001,hendk001
2021,CLE202107040,2021-07-04,0,CLE,HOU,3,4,CLE08,quanc001,greiz001
2021,COL202107040,2021-07-04,0,COL,SLN,3,2,DEN02,marqg001,martc006
2021,DET202107040,2021-07-04,0,DET,CHA,6,5,DET05,mannm001,gioll001
2021,KCA202107040,2021-07-04,0,KCA,MIN,2,6,KAN06,kellb003,maedk001
2021,NYA202107041,2021-07-04,1,NYA,NYN,5,10,NYC21,coleg001,strom001
2021,NYA202107042,2021-07-04,2,NYA,NYN,4,2,NYC21,cortn001,oswac001
2021,OAK202107040,2021-07-04,0,OAK,BOS,0,1,OAK01,kaprj001,piven001
2021,PHI202107040,2021-07-04,0,PHI,SDN,1,11,PHI13,velav001,snelb001
2021,PIT202107040,2021-07-04,0,PIT,MIL,2,0,PIT08,andet002,peraf001
2021,SEA202107040,2021-07-04,0,SEA,TEX,4,1,SEA03,flexc001,foltm001
2021,TOR202107040,2021-07-04,0,TOR,TBA,1,5,BUF05,ray-r002,yarbr001
2021,WAS202107040,2021-07-04,0,WAS,LAN,1,5,WAS11,rossj002,cleag001
2021,ANA202107050,2021-07-05,0,ANA,BOS,4,5,ANA01,suarj001,perem004
2021,CHN202107050,2021-07-05,0,CHN,PHI,3,13,CHI11,daviz001,moorm003
2021,KCA202107050,2021-07-05,0,KCA,CIN,2,6,KAN06,minom001,gutiv001
2021,MIA202107050,2021-07-05,0,MIA,LAN,5,4,MIA02,roget003,buehw001
2021,MIN202107050,2021-07-05,0,MIN,CHA,8,5,MIN04,oberb002,ceasd001
2021,NYN202107050,2021-07-05,0,NYN,MIL,4,2,NYC20,megit002,woodb005
2021,PIT202107050,2021-07-05,0,PIT,ATL,11,1,PIT08,dejoc001,friem001
2021,SDN202107050,2021-07-05,0,SDN,WAS,5,7,SAN02,musgj001,lestj001
2021,SFN202107050,2021-07-05,0,SFN,SLN,3,5,SFO03,gausk001,kim-k001
2021,TBA202107050,2021-07-05,0,TBA,CLE,9,8,STP01,hillr001,allel002
2021,TEX202107050,2021-07-05,0,TEX,DET,3,7,ARL03,allak001,peraw001
2021,ANA202107060,2021-07-06,0,ANA,BOS,5,3,ANA01,ohtas001,eovan001
2021,ARI202107060,2021-07-06,0,ARI,COL,4,3,PHO01,kellm002,grayj003
2021,BAL202107060,2021-07-06,0,BAL,TOR,7,5,BAL12,watks003,matzs001
2021,CHN202107060,2021-07-06,0,CHN,PHI,10,15,CHI11,arrij001,nolaa001
2021,HOU202107060,2021-07-06,0,HOU,OAK,9,6,HOU03,valdf001,bassc001
2021,KCA202107060,2021-07-06,0,KCA,CIN,7,6,KAN06,bubik001,castl003
2021,MIA202107060,2021-07-06,0,MIA,LAN,2,1,MIA02,lopep002,gonst001
2021,MIN202107060,2021-07-06,0,MIN,CHA,1,4,MIN04,berrj001,rodoc001
2021,PIT202107060,2021-07-06,0,PIT,ATL,2,1,PIT08,kuhlc001,andei001
2021,SDN202107060,2021-07-06,0,SDN,WAS,7,4,SAN02,weatr001,fedde001
2021,SEA202107060,2021-07-06,0,SEA,NYA,1,12,SEA03,shefj001,tailj001
2021,SFN202107060,2021-07-06,0,SFN,SLN,5,6,SFO03,cuetj001,waina001
2021,TEX202107060,2021-07-06,0,TEX,DET,10,5,ARL03,dunnd001,urenj001
2021,ANA202107070,2021-07-07,0,ANA,BOS,5,4,ANA01,heana001,rodre004
2021,ARI202107070,2021-07-07,0,ARI,COL,6,4,PHO01,casth002,senza001
2021,BAL202107070,2021-07-07,0,BAL,TOR,2,10,BAL12,harvm001,ryu-h001
2021,CHN202107070,2021-07-07,0,CHN,PHI,8,3,CHI11,milla003,wheez001
2021,HOU202107070,2021-07-07,0,HOU,OAK,4,3,HOU03,garcl007,manas001
2021,KCA202107070,2021-07-07,0,KCA,CIN,2,5,KAN06,singb001,grays001
2021,MIA202107070,2021-07-07,0,MIA,LAN,9,6,MIA02,detwr001,reedj005
2021,MIN202107070,2021-07-07,0,MIN,CHA,1,6,MIN04,pinem001,lynnl001
2021,NYN202107071,2021-07-07,1,NYN,MIL,4,3,NYC20,degrj001,burnc002
2021,NYN202107072,2021-07-07,2,NYN,MIL,0,5,NYC20,stocr001,andeb004
2021,PIT202107070,2021-07-07,0,PIT,ATL,3,14,PIT08,croww001,smyld001
2021,SDN202107070,2021-07-07,0,SDN,WAS,5,15,SAN02,paddc001,corbp001
2021,SEA202107070,2021-07-07,0,SEA,NYA,4,5,SEA03,kikuy001,nelsn001
2021,SFN202107070,2021-07-07,0,SFN,SLN,5,2,SFO03,wooda002,oviej001
2021,TBA202107071,2021-07-07,1,TBA,CLE,8,1,STP01,wachm001,mejij002
2021,TBA202107072,2021-07-07,2,TBA,CLE,4,0,STP01,mchuc001,hents001
2021,TEX202107070,2021-07-07,0,TEX,DET,3,5,ARL03,gibsk002,mizec001
2021,ARI202107080,2021-07-08,0,ARI,COL,3,9,PHO01,farij001,gonzc002
2021,CHN202107080,2021-07-08,0,CHN,PHI,0,8,CHI11,alzoa001,efliz001
2021,CLE202107080,2021-07-08,0,CLE,KCA,7,4,CLE08,plesz001,duffd001
2021,HOU202107080,2021-07-08,0,HOU,OAK,1,2,HOU03,mccul002,montf001
2021,MIA202107080,2021-07-08,0,MIA,LAN,1,6,MIA02,alcas001,uriaj001
2021,MIL202107080,2021-07-08,0,MIL,CIN,5,3,MIL06,housa001,mahlt001
2021,MIN202107080,2021-07-08,0,MIN,DET,5,3,MIN04,happj001,skubt001
2021,SDN202107080,2021-07-08,0,SDN,WAS,9,8,SAN02,darvy001,schem001
2021,SEA202107080,2021-07-08,0,SEA,NYA,4,0,SEA03,gilbl002,montj004
2021,BAL202107090,2021-07-09,0,BAL,CHA,1,12,BAL12,lopej004,keucd001
2021,BOS202107090,2021-07-09,0,BOS,PHI,11,5,BOS07,richg002,velav001
2021,CHN202107090,2021-07-09,0,CHN,SLN,10,5,CHI11,hendk001,leblw001
2021,CLE202107090,2021-07-09,0,CLE,KCA,2,1,CLE08,mcket001,kellb003
2021,HOU202107090,2021-07-09,0,HOU,NYA,0,4,HOU03,odorj001,cortn001
2021,LAN202107090,2021-07-09,0,LAN,ARI,2,5,LOS03,pricd001,widet001
2021,MIA202107090,2021-07-09,0,MIA,ATL,0,5,MIA02,bassa001,mortc002
2021,MIL202107090,2021-07-09,0,MIL,CIN,0,2,MIL06,lauee001,milew001
2021,MIN202107090,2021-07-09,0,MIN,DET,4,2,MIN04,maedk001,mannm001
2021,NYN202107090,2021-07-09,0,NYN,PIT,13,4,NYC20,walkt004,brubj001
2021,SDN202107090,2021-07-09,0,SDN,COL,4,2,SAN02,knehr001,freek001
2021,SEA202107090,2021-07-09,0,SEA,ANA,7,3,SEA03,gonzm005,cobba001
2021,SFN202107090,2021-07-09,0,SFN,WAS,5,3,SFO03,webbl001,espip001
2021,TBA202107090,2021-07-09,0,TBA,TOR,7,1,STP01,mccls003,manoa001
2021,TEX202107090,2021-07-09,0,TEX,OAK,3,2,ARL03,lylej001,irvic001
2021,BAL202107100,2021-07-10,0,BAL,CHA,3,8,BAL12,eshet001,gioll001
2021,BOS202107100,2021-07-10,0,BOS,PHI,2,11,BOS07,perem004,moorm003
2021,CHN202107100,2021-07-10,0,CHN,SLN,0,6,CHI11,daviz001,kim-k001
2021,CLE202107100,2021-07-10,0,CLE,KCA,14,6,CLE08,quanc001,minom001
2021,HOU202107100,2021-07-10,0,HOU,NYA,0,1,HOU03,greiz001,coleg001
2021,LAN202107100,2021-07-10,0,LAN,ARI,22,1,LOS03,buehw001,smitc006
2021,MIA202107100,2021-07-10,0,MIA,ATL,4,5,MIA02,roget003,friem001
2021,MIL202107100,2021-07-10,0,MIL,CIN,3,4,MIL06,peraf001,gutiv001
2021,MIN202107100,2021-07-10,0,MIN,DET,9,4,MIN04,oberb002,funkk001
2021,NYN202107101,2021-07-10,1,NYN,PIT,2,6,NYC20,strom001,andet002
2021,NYN202107102,2021-07-10,2,NYN,PIT,4,2,NYC20,megit002,kranm001
2021,SDN202107100,2021-07-10,0,SDN,COL,0,3,SAN02,musgj001,marqg001
2021,SEA202107100,2021-07-10,0,SEA,ANA,2,0,SEA03,flexc001,sandp002
2021,SFN202107100,2021-07-10,0,SFN,WAS,10,4,SFO03,desca001,lestj001
2021,TBA202107100,2021-07-10,0,TBA,TOR,5,2,STP01,yarbr001,strir001
2021,TEX202107100,2021-07-10,0,TEX,OAK,4,8,ARL03,foltm001,kaprj001
2021,BAL202107110,2021-07-11,0,BAL,CHA,5,7,BAL12,watks003,ceasd001
2021,BOS202107110,2021-07-11,0,BOS,PHI,4,5,BOS07,piven001,kintb001
2021,HOU202107110,2021-07-11,0,HOU,NYA,8,7,HOU03,valdf001,tailj001
2021,LAN202107110,2021-07-11,0,LAN,ARI,7,4,LOS03,gonst001,kellm002
2021,MIA202107110,2021-07-11,0,MIA,ATL,7,4,MIA02,lopep002,andei001
2021,MIL202107110,2021-07-11,0,MIL,CIN,1,3,MIL06,woodb005,castl003
2021,MIN202107110,2021-07-11,0,MIN,DET,12,9,MIN04,berrj001,peraw001
2021,NYN202107110,2021-07-11,0,NYN,PIT,5,6,NYC20,loupa001,dejoc001
2021,SDN202107110,2021-07-11,0,SDN,COL,1,3,SAN02,weatr001,grayj003
2021,SEA202107110,2021-07-11,0,SEA,ANA,1,7,SEA03,santh001,suarj001
2021,SFN202107110,2021-07-11,0,SFN,WAS,3,1,SFO03,gausk001,fedde001
2021,TBA202107110,2021-07-11,0,TBA,TOR,1,3,STP01,hillr001,ray-r002
2021,TEX202107110,2021-07-11,0,TEX,OAK,1,4,ARL03,allak001,bassc001
2021,ANA202107160,2021-07-16,0,ANA,SEA,5,6,ANA01,heana001,flexc001
2021,ARI202107160,2021-07-16,0,ARI,CHN,1,5,PHO01,bumgm001,hendk001
2021,ATL202107160,2021-07-16,0,ATL,TBA,6,7,ATL03,mortc002,wachm001
2021,CHA202107160,2021-07-16,0,CHA,HOU,1,7,CHI12,ceasd001,mccul002
2021,CIN202107160,2021-07-16,0,CIN,MIL,6,11,CIN09,mahlt001,housa001
2021,COL202107160,2021-07-16,0,COL,LAN,4,10,DEN02,gonzc002,uriaj001
2021,KCA202107160,2021-07-16,0,KCA,BAL,9,2,KAN06,duffd001,akink001
2021,NYA202107160,2021-07-16,0,NYA,BOS,0,4,NYC21,montj004,rodre004
2021,OAK202107160,2021-07-16,0,OAK,CLE,5,4,OAK01,manas001,morge001
2021,PHI202107161,2021-07-16,1,PHI,MIA,5,2,PHI13,moorm003,alcas001
2021,PHI202107162,2021-07-16,2,PHI,MIA,0,7,PHI13,efliz001,detwr001
2021,PIT202107160,2021-07-16,0,PIT,NYN,4,1,PIT08,kuhlc001,strom001
2021,SLN202107160,2021-07-16,0,SLN,SFN,2,7,STL10,waina001,webbl001
2021,TOR202107160,2021-07-16,0,TOR,TEX,10,2,BUF05,ray-r002,lylej001
2021,WAS202107160,2021-07-16,0,WAS,SDN,8,24,WAS11,fedde001,paddc001
2021,ANA202107170,2021-07-17,0,ANA,SEA,9,4,ANA01,cobba001,kikuy001
2021,ARI202107170,2021-07-17,0,ARI,CHN,2,4,PHO01,gallz001,alzoa001
2021,ATL202107170,2021-07-17,0,ATL,TBA,9,0,ATL03,friem001,flemj001
2021,CHA202107170,2021-07-17,0,CHA,HOU,10,1,CHI12,gioll001,odorj001
2021,CIN202107170,2021-07-17,0,CIN,MIL,4,7,CIN09,castl003,woodb005
2021,COL202107170,2021-07-17,0,COL,LAN,2,9,DEN02,freek001,buehw001
2021,DET202107171,2021-07-17,1,DET,MIN,1,0,DET05,urenj001,barnc002
2021,DET202107172,2021-07-17,2,DET,MIN,5,4,DET05,alext001,maedk001
2021,KCA202107170,2021-07-17,0,KCA,BAL,4,8,KAN06,singb001,lopej004
2021,NYA202107170,2021-07-17,0,NYA,BOS,3,1,NYC21,coleg001,eovan001
2021,OAK202107170,2021-07-17,0,OAK,CLE,2,3,OAK01,montf001,quanc001
2021,PHI202107170,2021-07-17,0,PHI,MIA,4,2,PHI13,velav001,thomz001
2021,PIT202107170,2021-07-17,0,PIT,NYN,9,7,PIT08,croww001,megit002
2021,SLN202107170,2021-07-17,0,SLN,SFN,3,1,STL10,kim-k001,desca001
2021,WAS202107170,2021-07-17,0,WAS,SDN,4,10,WAS11,corbp001,snelb001
2021,ANA202107180,2021-07-18,0,ANA,SEA,4,7,ANA01,sandp002,gilbl002
2021,ARI202107180,2021-07-18,0,ARI,CHN,6,4,PHO01,kellm002,daviz001
2021,ATL202107180,2021-07-18,0,ATL,TBA,5,7,ATL03,smyld001,hillr001
2021,CHA202107180,2021-07-18,0,CHA,HOU,4,0,CHI12,rodoc001,valdf001
2021,CIN202107180,2021-07-18,0,CIN,MIL,0,8,CIN09,grays001,burnc002
2021,COL202107180,2021-07-18,0,COL,LAN,6,5,DEN02,grayj003,pricd001
2021,DET202107180,2021-07-18,0,DET,MIN,7,0,DET05,peraw001,happj001
2021,KCA202107180,2021-07-18,0,KCA,BAL,0,5,KAN06,hernc006,harvm001
2021,NYA202107180,2021-07-18,0,NYA,BOS,9,1,NYC21,tailj001,perem004
2021,OAK202107180,2021-07-18,0,OAK,CLE,2,4,OAK01,bassc001,plesz001
2021,PHI202107180,2021-07-18,0,PHI,MIA,7,4,PHI13,wheez001,garrb001
2021,PIT202107180,2021-07-18,0,PIT,NYN,6,7,PIT08,brubj001,walkt004
2021,SLN202107180,2021-07-18,0,SLN,SFN,2,1,STL10,leblw001,cuetj001
2021,TOR202107181,2021-07-18,1,TOR,TEX,5,0,BUF05,ryu-h001,allak001
2021,TOR202107182,2021-07-18,2,TOR,TEX,10,0,BUF05,matzs001,foltm001
2021,WAS202107180,2021-07-18,0,WAS,SDN,8,7,WAS11,schem001,musgj001
2021,ARI202107190,2021-07-19,0,ARI,PIT,4,2,PHO01,smitc006,dejoc001
2021,CHA202107191,2021-07-19,1,CHA,MIN,2,3,CHI12,lynnl001,jax-g001
2021,CHA202107192,2021-07-19,2,CHA,MIN,5,3,CHI12,loper003,berrj001
2021,CIN202107190,2021-07-19,0,CIN,NYN,11,15,CIN09,gutiv001,eickj001
2021,DET202107190,2021-07-19,0,DET,TEX,14,0,DET05,mizec001,gibsk002
2021,HOU202107190,2021-07-19,0,HOU,CLE,4,3,HOU03,greiz001,mejij002
2021,LAN202107190,2021-07-19,0,LAN,SFN,2,7,LOS03,gonst001,gausk001
2021,OAK202107190,2021-07-19,0,OAK,ANA,4,1,OAK01,irvic001,ohtas001
2021,SLN202107190,2021-07-19,0,SLN,CHN,8,3,STL10,woodj003,milla003
2021,TBA202107190,2021-07-19,0,TBA,BAL,1,6,STP01,yarbr001,watks003
2021,TOR202107190,2021-07-19,0,TOR,BOS,4,13,BUF05,strir001,piven001
2021,WAS202107190,2021-07-19,0,WAS,MIA,18,1,WAS11,lestj001,detwr001
2021,ARI202107200,2021-07-20,0,ARI,PIT,11,6,PHO01,widet001,andet002
2021,ATL202107200,2021-07-20,0,ATL,SDN,2,1,ATL03,toust001,darvy001
2021,CHA202107200,2021-07-20,0,CHA,MIN,9,5,CHI12,keucd001,oberb002
2021,CIN202107200,2021-07-20,0,CIN,NYN,4,3,CIN09,milew001,stocr001
2021,COL202107200,2021-07-20,0,COL,SEA,4,6,DEN02,marqg001,gonzm005
2021,DET202107200,2021-07-20,0,DET,TEX,4,1,DET05,skubt001,dunnd001
2021,HOU202107200,2021-07-20,0,HOU,CLE,9,3,HOU03,garcl007,mcket001
2021,LAN202107200,2021-07-20,0,LAN,SFN,8,6,LOS03,nuned002,wooda002
2021,MIL202107200,2021-07-20,0,MIL,KCA,2,5,MIL06,andeb004,minom001
2021,NYA202107200,2021-07-20,0,NYA,PHI,6,4,NYC21,germd001,nolaa001
2021,OAK202107200,2021-07-20,0,OAK,ANA,6,0,OAK01,kaprj001,suarj001
2021,SLN202107200,2021-07-20,0,SLN,CHN,6,7,STL10,oviej001,willt002
2021,TBA202107200,2021-07-20,0,TBA,BAL,9,3,STP01,mccls003,meanj001
2021,WAS202107200,2021-07-20,0,WAS,MIA,6,3,WAS11,espip001,roget003
2021,ARI202107210,2021-07-21,0,ARI,PIT,6,4,PHO01,bumgm001,kranm001
2021,ATL202107211,2021-07-21,1,ATL,SDN,2,3,ATL03,mullk001,paddc001
2021,ATL202107212,2021-07-21,2,ATL,SDN,5,6,ATL03,wilsb003,knehr001
2021,CHA202107210,2021-07-21,0,CHA,MIN,2,7,CHI12,ceasd001,pinem001
2021,CIN202107210,2021-07-21,0,CIN,NYN,0,7,CIN09,hoffj003,strom001
2021,COL202107210,2021-07-21,0,COL,SEA,6,3,DEN02,gomba001,middk001
2021,DET202107210,2021-07-21,0,DET,TEX,4,2,DET05,mannm001,lylej001
2021,HOU202107210,2021-07-21,0,HOU,CLE,4,5,HOU03,mccul002,morge001
2021,LAN202107210,2021-07-21,0,LAN,SFN,2,4,LOS03,uriaj001,webbl001
2021,MIL202107210,2021-07-21,0,MIL,KCA,3,6,MIL06,lauee001,kellb003
2021,NYA202107210,2021-07-21,0,NYA,PHI,6,5,NYC21,wojca001,howas003
2021,SLN202107210,2021-07-21,0,SLN,CHN,3,2,STL10,waina001,hendk001
2021,TBA202107210,2021-07-21,0,TBA,BAL,5,4,STP01,wachm001,wella001
2021,TOR202107210,2021-07-21,0,TOR,BOS,4,7,BUF05,ray-r002,richg002
2021,WAS202107210,2021-07-21,0,WAS,MIA,1,3,WAS11,fedde001,neidn001
2021,BOS202107220,2021-07-22,0,BOS,NYA,5,4,BOS07,houct001,montj004
2021,CLE202107220,2021-07-22,0,CLE,TBA,4,5,CLE08,quanc001,patil001
2021,DET202107220,2021-07-22,0,DET,TEX,7,5,DET05,alext001,foltm001
2021,LAN202107220,2021-07-22,0,LAN,SFN,3,5,LOS03,buehw001,desca001
2021,MIA202107220,2021-07-22,0,MIA,SDN,2,3,MIA02,benda001,snelb001
2021,MIN202107220,2021-07-22,0,MIN,ANA,2,3,MIN04,maedk001,heana001
2021,PHI202107220,2021-07-22,0,PHI,ATL,2,7,PHI13,moorm003,mortc002
2021,SEA202107220,2021-07-22,0,SEA,OAK,1,4,SEA03,flexc001,manas001
2021,SLN202107220,2021-07-22,0,SLN,CHN,3,2,STL10,kim-k001,alzoa001
2021,BAL202107230,2021-07-23,0,BAL,WAS,6,1,BAL12,lopej004,corbp001
2021,BOS202107230,2021-07-23,0,BOS,NYA,6,2,BOS07,rodre004,coleg001
2021,CHN202107230,2021-07-23,0,CHN,ARI,8,3,CHI11,daviz001,gallz001
2021,CIN202107230,2021-07-23,0,CIN,SLN,6,5,CIN09,mahlt001,leblw001
2021,CLE202107230,2021-07-23,0,CLE,TBA,5,10,CLE08,plesz001,flemj001
2021,HOU202107230,2021-07-23,0,HOU,TEX,7,3,HOU03,odorj001,allak001
2021,KCA202107230,2021-07-23,0,KCA,DET,5,3,KAN06,bubik001,peraw001
2021,LAN202107230,2021-07-23,0,LAN,COL,6,9,LOS03,pricd001,gonzc002
2021,MIA202107230,2021-07-23,0,MIA,SDN,2,5,MIA02,thomz001,musgj001
2021,MIL202107230,2021-07-23,0,MIL,CHA,7,1,MIL06,peraf001,gioll001
2021,MIN202107230,2021-07-23,0,MIN,ANA,5,4,MIN04,happj001,cobba001
2021,NYN202107230,2021-07-23,0,NYN,TOR,3,0,NYC20,megit002,matzs001
2021,PHI202107230,2021-07-23,0,PHI,ATL,5,1,PHI13,wheez001,friem001
2021,SEA202107230,2021-07-23,0,SEA,OAK,4,3,SEA03,kikuy001,montf001
2021,SFN202107230,2021-07-23,0,SFN,PIT,4,6,SFO03,cuetj001,kuhlc001
2021,BAL202107240,2021-07-24,0,BAL,WAS,5,3,BAL12,harvm001,lestj001
2021,BOS202107240,2021-07-24,0,BOS,NYA,3,4,BOS07,eovan001,tailj001
2021,CHN202107240,2021-07-24,0,CHN,ARI,3,7,CHI11,milla003,kellm002
2021,CIN202107240,2021-07-24,0,CIN,SLN,5,3,CIN09,castl003,woodj003
2021,CLE202107240,2021-07-24,0,CLE,TBA,2,8,CLE08,mejij002,rasmd002
2021,HOU202107240,2021-07-24,0,HOU,TEX,4,1,HOU03,valdf001,gibsk002
2021,KCA202107240,2021-07-24,0,KCA,DET,9,8,KAN06,hernc006,mizec001
2021,LAN202107240,2021-07-24,0,LAN,COL,1,0,LOS03,gonst001,freek001
2021,MIA202107240,2021-07-24,0,MIA,SDN,3,2,MIA02,garrb001,weatr001
2021,MIL202107240,2021-07-24,0,MIL,CHA,6,1,MIL06,burnc002,rodoc001
2021,MIN202107240,2021-07-24,0,MIN,ANA,1,2,MIN04,berrj001,sandp002
2021,NYN202107240,2021-07-24,0,NYN,TOR,3,10,NYC20,walkt004,ryu-h001
2021,PHI202107240,2021-07-24,0,PHI,ATL,3,15,PHI13,velav001,smyld001
2021,SEA202107240,2021-07-24,0,SEA,OAK,5,4,SEA03,gilbl002,bassc001
2021,SFN202107240,2021-07-24,0,SFN,PIT,2,10,SFO03,gausk001,croww001
2021,BAL202107250,2021-07-25,0,BAL,WAS,5,4,BAL12,meanj001,espip001
2021,BOS202107250,2021-07-25,0,BOS,NYA,5,4,BOS07,perem004,germd001
2021,CHN202107250,2021-07-25,0,CHN,ARI,5,1,CHI11,willt002,smitc006
2021,CIN202107250,2021-07-25,0,CIN,SLN,6,10,CIN09,grays001,oviej001
2021,CLE202107250,2021-07-25,0,CLE,TBA,3,2,CLE08,mcket001,yarbr001
2021,HOU202107250,2021-07-25,0,HOU,TEX,3,1,HOU03,greiz001,heart001
2021,KCA202107250,2021-07-25,0,KCA,DET,6,1,KAN06,lyncd001,skubt001
2021,LAN202107250,2021-07-25,0,LAN,COL,3,2,LOS03,grayj004,grayj003
2021,MIA202107250,2021-07-25,0,MIA,SDN,9,3,MIA02,curtj003,darvy001
2021,MIL202107250,2021-07-25,0,MIL,CHA,1,3,MIL06,woodb005,lynnl001
2021,MIN202107250,2021-07-25,0,MIN,ANA,2,6,MIN04,oberb002,barrj003
2021,NYN202107250,2021-07-25,0,NYN,TOR,5,4,NYC20,hillr001,strir001
2021,PHI202107250,2021-07-25,0,PHI,ATL,2,1,PHI13,nolaa001,toust001
2021,SEA202107250,2021-07-25,0,SEA,OAK,4,3,SEA03,gonzm005,irvic001
2021,SFN202107250,2021-07-25,0,SFN,PIT,6,1,SFO03,wooda002,brubj001
2021,ANA202107260,2021-07-26,0,ANA,COL,6,2,ANA01,ohtas001,marqg001
2021,BOS202107260,2021-07-26,0,BOS,TOR,5,4,BOS07,piven001,hatct001
2021,CHN202107260,2021-07-26,0,CHN,CIN,6,5,CHI11,hendk001,milew001
2021,KCA202107260,2021-07-26,0,KCA,CHA,4,3,KAN06,minom001,keucd001
2021,MIN202107260,2021-07-26,0,MIN,DET,6,5,MIN04,pinem001,mannm001
2021,NYN202107261,2021-07-26,1,NYN,ATL,0,2,NYC20,strom001,mullk001
2021,NYN202107262,2021-07-26,2,NYN,ATL,1,0,NYC20,loupa001,wilsb003
2021,PHI202107260,2021-07-26,0,PHI,WAS,6,5,PHI13,howas003,rossj002
2021,SEA202107260,2021-07-26,0,SEA,HOU,11,8,SEA03,mccad002,garcl007
2021,ANA202107270,2021-07-27,0,ANA,COL,3,12,ANA01,suarj001,gomba001
2021,BAL202107270,2021-07-27,0,BAL,MIA,3,7,BAL12,watks003,alcas001
2021,CHN202107270,2021-07-27,0,CHN,CIN,4,7,CHI11,alzoa001,gutiv001
2021,CLE202107270,2021-07-27,0,CLE,SLN,2,4,CLE08,quanc001,waina001
2021,KCA202107270,2021-07-27,0,KCA,CHA,3,5,KAN06,kellb003,ceasd001
2021,MIN202107270,2021-07-27,0,MIN,DET,5,6,MIN04,maedk001,alext001
2021,NYN202107270,2021-07-27,0,NYN,ATL,5,12,NYC20,eickj001,mortc002
2021,PHI202107270,2021-07-27,0,PHI,WAS,4,6,PHI13,moorm003,fedde001
2021,PIT202107270,2021-07-27,0,PIT,MIL,0,9,PIT08,oviel001,andeb004
2021,SDN202107270,2021-07-27,0,SDN,OAK,7,4,SAN02,paddc001,kaprj001
2021,SEA202107270,2021-07-27,0,SEA,HOU,6,8,SEA03,flexc001,mccul002
2021,SFN202107270,2021-07-27,0,SFN,LAN,2,1,SFO03,webbl001,uriaj001
2021,TBA202107270,2021-07-27,0,TBA,NYA,3,4,STP01,mccls003,montj004
2021,TEX202107270,2021-07-27,0,TEX,ARI,5,4,ARL03,dunnd001,widet001
2021,ANA202107280,2021-07-28,0,ANA,COL,8,7,ANA01,heana001,gilbl001
2021,BAL202107280,2021-07-28,0,BAL,MIA,8,7,BAL12,lopej004,hollj002
2021,BOS202107281,2021-07-28,1,BOS,TOR,1,4,BOS07,richg002,ray-r002
2021,BOS202107282,2021-07-28,2,BOS,TOR,4,1,BOS07,houct001,matzs001
2021,CHN202107280,2021-07-28,0,CHN,CIN,2,8,CHI11,daviz001,mahlt001
2021,CLE202107280,2021-07-28,0,CLE,SLN,7,2,CLE08,plesz001,kim-k001
2021,KCA202107280,2021-07-28,0,KCA,CHA,3,2,KAN06,bubik001,gioll001
2021,MIN202107280,2021-07-28,0,MIN,DET,14,17,MIN04,happj001,peraw001
2021,NYN202107280,2021-07-28,0,NYN,ATL,2,1,NYC20,megit002,friem001
2021,PIT202107280,2021-07-28,0,PIT,MIL,3,7,PIT08,kranm001,housa001
2021,SDN202107280,2021-07-28,0,SDN,OAK,4,10,SAN02,snelb001,manas001
2021,SEA202107280,2021-07-28,0,SEA,HOU,4,11,SEA03,kikuy001,odorj001
2021,SFN202107280,2021-07-28,0,SFN,LAN,0,8,SFO03,desca001,buehw001
2021,TBA202107280,2021-07-28,0,TBA,NYA,1,3,STP01,wachm001,cortn001
2021,TEX202107280,2021-07-28,0,TEX,ARI,2,3,ARL03,lylej001,bumgm001
2021,ANA202107290,2021-07-29,0,ANA,OAK,0,4,ANA01,bundd001,montf001
2021,BOS202107290,2021-07-29,0,BOS,TOR,1,13,BOS07,rodre004,ryu-h001
2021,CHN202107290,2021-07-29,0,CHN,CIN,4,7,CHI11,milla003,castl003
2021,DET202107290,2021-07-29,0,DET,BAL,6,2,DET05,mizec001,wella001
2021,KCA202107290,2021-07-29,0,KCA,CHA,5,0,KAN06,hernc006,rodoc001
2021,NYN202107290,2021-07-29,0,NYN,ATL,3,6,NYC20,walkt004,smyld001
2021,PHI202107291,2021-07-29,1,PHI,WAS,1,3,PHI13,wheez001,schem001
2021,PHI202107292,2021-07-29,2,PHI,WAS,11,8,PHI13,sancc002,corbp001
2021,PIT202107290,2021-07-29,0,PIT,MIL,0,12,PIT08,kuhlc001,peraf001
2021,SDN202107290,2021-07-29,0,SDN,COL,3,0,SAN02,musgj001,freek001
2021,SFN202107290,2021-07-29,0,SFN,LAN,5,0,SFO03,cuetj001,pricd001
2021,TBA202107290,2021-07-29,0,TBA,NYA,14,0,STP01,patil001,coleg001
2021,ANA202107300,2021-07-30,0,ANA,OAK,0,2,ANA01,sandp002,bassc001
2021,ARI202107300,2021-07-30,0,ARI,LAN,6,5,PHO01,gallz001,gonst001
2021,ATL202107300,2021-07-30,0,ATL,MIL,5,9,ATL03,toust001,burnc002
2021,CHA202107300,2021-07-30,0,CHA,CLE,6,4,CHI12,lynnl001,mejij002
2021,DET202107300,2021-07-30,0,DET,BAL,3,4,DET05,skubt001,harvm001
2021,MIA202107300,2021-07-30,0,MIA,NYA,1,3,MIA02,thomz001,tailj001
2021,NYN202107300,2021-07-30,0,NYN,CIN,2,6,NYC20,carrc003,grays001
2021,PIT202107300,2021-07-30,0,PIT,PHI,7,0,PIT08,croww001,velav001
2021,SDN202107300,2021-07-30,0,SDN,COL,4,9,SAN02,weatr001,grayj003
2021,SFN202107300,2021-07-30,0,SFN,HOU,6,9,SFO03,gausk001,valdf001
2021,SLN202107300,2021-07-30,0,SLN,MIN,5,1,STL10,leblw001,jax-g001
2021,TBA202107300,2021-07-30,0,TBA,BOS,7,3,STP01,flemj001,perem004
2021,TEX202107300,2021-07-30,0,TEX,SEA,5,9,ARL03,allak001,gilbl002
2021,TOR202107300,2021-07-30,0,TOR,KCA,6,4,TOR02,strir001,lyncd001
2021,WAS202107300,2021-07-30,0,WAS,CHN,4,3,WAS11,espip001,arrij001
2021,ANA202107310,2021-07-31,0,ANA,OAK,1,0,ANA01,barrj003,irvic001
2021,ARI202107310,2021-07-31,0,ARI,LAN,3,8,PHO01,kellm002,whitm004
2021,ATL202107310,2021-07-31,0,ATL,MIL,8,1,ATL03,mullk001,woodb005
2021,CHA202107310,2021-07-31,0,CHA,CLE,11,12,CHI12,keucd001,mcket001
2021,DET202107310,2021-07-31,0,DET,BAL,2,5,DET05,mannm001,meanj001
2021,MIA202107310,2021-07-31,0,MIA,NYA,2,4,MIA02,roget003,germd001
2021,NYN202107310,2021-07-31,0,NYN,CIN,5,4,NYC20,hillr001,milew001
2021,PIT202107310,2021-07-31,0,PIT,PHI,3,2,PIT08,brubj001,nolaa001
2021,SDN202107310,2021-07-31,0,SDN,COL,3,5,SAN02,darvy001,marqg001
2021,SFN202107310,2021-07-31,0,SFN,HOU,8,6,SFO03,wooda002,greiz001
2021,SLN202107310,2021-07-31,0,SLN,MIN,1,8,STL10,woodj003,oberb002
2021,TBA202107310,2021-07-31,0,TBA,BOS,9,5,STP01,yarbr001,eovan001
2021,TEX202107310,2021-07-31,0,TEX,SEA,5,4,ARL03,heart001,andet002
2021,TOR202107310,2021-07-31,0,TOR,KCA,4,0,TOR02,manoa001,minom001
2021,WAS202107310,2021-07-31,0,WAS,CHN,3,6,WAS11,rossj002,hendk001
2021,ANA202108010,2021-08-01,0,ANA,OAK,3,8,ANA01,detmr001,jeffd001
2021,ARI202108010,2021-08-01,0,ARI,LAN,0,13,PHO01,smitc006,uriaj001
2021,ATL202108010,2021-08-01,0,ATL,MIL,1,2,ATL03,mortc002,andeb004
2021,CHA202108010,2021-08-01,0,CHA,CLE,2,1,CHI12,lambj003,quanc001
2021,DET202108010,2021-08-01,0,DET,BAL,6,2,DET05,alext001,watks003
2021,MIA202108010,2021-08-01,0,MIA,NYA,1,3,MIA02,alcas001,montj004
2021,NYN202108010,2021-08-01,0,NYN,CIN,1,7,NYC20,strom001,gutiv001
2021,PIT202108010,2021-08-01,0,PIT,PHI,4,15,PIT08,kellm003,gibsk002
2021,SDN202108010,2021-08-01,0,SDN,COL,8,1,SAN02,knehr001,gomba001
2021,SFN202108010,2021-08-01,0,SFN,HOU,5,3,SFO03,webbl001,garcl007
2021,SLN202108010,2021-08-01,0,SLN,MIN,7,3,STL10,waina001,pinem001
2021,TBA202108010,2021-08-01,0,TBA,BOS,3,2,STP01,mccls003,piven001
2021,TEX202108010,2021-08-01,0,TEX,SEA,4,3,ARL03,foltm001,gonzm005
2021,TOR202108010,2021-08-01,0,TOR,KCA,5,1,TOR02,berrj001,kellb003
2021,WAS202108010,2021-08-01,0,WAS,CHN,6,5,WAS11,fedde001,alzoa001
2021,ARI202108020,2021-08-02,0,ARI,SFN,8,11,PHO01,widet001,desca001
2021,MIA202108020,2021-08-02,0,MIA,NYN,6,3,MIA02,luzaj001,megit002
2021,MIL202108020,2021-08-02,0,MIL,PIT,6,2,MIL06,lauee001,wilsb003
2021,NYA202108020,2021-08-02,0,NYA,BAL,1,7,NYC21,heana001,lopej004
2021,TBA202108020,2021-08-02,0,TBA,SEA,2,8,STP01,wachm001,flexc001
2021,TEX202108020,2021-08-02,0,TEX,ANA,4,1,ARL03,dunnd001,rodrc002
2021,TOR202108020,2021-08-02,0,TOR,CLE,2,5,TOR02,ray-r002,morge001
2021,WAS202108020,2021-08-02,0,WAS,PHI,5,7,WAS11,grayj004,suarr001
2021,ARI202108030,2021-08-03,0,ARI,SFN,3,1,PHO01,bumgm001,cuetj001
2021,CHA202108030,2021-08-03,0,CHA,KCA,7,1,CHI12,ceasd001,bubik001
2021,CIN202108030,2021-08-03,0,CIN,MIN,5,7,CIN09,mahlt001,maedk001
2021,COL202108030,2021-08-03,0,COL,CHN,13,6,DEN02,freek001,daviz001
2021,DET202108030,2021-08-03,0,DET,BOS,4,2,DET05,peraw001,richg002
2021,LAN202108030,2021-08-03,0,LAN,HOU,0,3,LOS03,buehw001,mccul002
2021,MIA202108030,2021-08-03,0,MIA,NYN,5,4,MIA02,neidn001,walkt004
2021,MIL202108030,2021-08-03,0,MIL,PIT,5,8,MIL06,housa001,kranm001
2021,NYA202108030,2021-08-03,0,NYA,BAL,13,1,NYC21,gil-l001,wella001
2021,OAK202108030,2021-08-03,0,OAK,SDN,1,8,OAK01,manas001,snelb001
2021,SLN202108030,2021-08-03,0,SLN,ATL,1,6,STL10,lestj001,friem001
2021,TBA202108030,2021-08-03,0,TBA,SEA,2,4,STP01,patil001,kikuy001
2021,TEX202108030,2021-08-03,0,TEX,ANA,3,11,ARL03,lylej001,suarj001
2021,TOR202108030,2021-08-03,0,TOR,CLE,7,2,TOR02,ryu-h001,plesz001
2021,WAS202108030,2021-08-03,0,WAS,PHI,4,5,WAS11,corbp001,wheez001
2021,ARI202108040,2021-08-04,0,ARI,SFN,1,7,PHO01,gallz001,gausk001
2021,CHA202108040,2021-08-04,0,CHA,KCA,1,9,CHI12,gioll001,hernc006
2021,CIN202108040,2021-08-04,0,CIN,MIN,6,5,CIN09,castl003,barnc002
2021,COL202108040,2021-08-04,0,COL,CHN,2,3,DEN02,grayj003,milla003
2021,DET202108040,2021-08-04,0,DET,BOS,1,4,DET05,mizec001,rodre004
2021,LAN202108040,2021-08-04,0,LAN,HOU,7,5,LOS03,schem001,odorj001
2021,MIA202108040,2021-08-04,0,MIA,NYN,3,5,MIA02,thomz001,carrc003
2021,MIL202108040,2021-08-04,0,MIL,PIT,4,2,MIL06,peraf001,braus002
2021,NYA202108040,2021-08-04,0,NYA,BAL,10,3,NYC21,tailj001,harvm001
2021,OAK202108040,2021-08-04,0,OAK,SDN,5,4,OAK01,montf001,musgj001
2021,SLN202108040,2021-08-04,0,SLN,ATL,4,7,STL10,happj001,smyld001
2021,TBA202108040,2021-08-04,0,TBA,SEA,4,3,STP01,flemj001,gilbl002
2021,TEX202108040,2021-08-04,0,TEX,ANA,1,2,ARL03,allak001,ohtas001
2021,TOR202108040,2021-08-04,0,TOR,CLE,8,6,TOR02,matzs001,mejij002
2021,WAS202108040,2021-08-04,0,WAS,PHI,5,9,WAS11,espip001,andec001
2021,ARI202108050,2021-08-05,0,ARI,SFN,4,5,PHO01,kellm002,wooda002
2021,CHA202108050,2021-08-05,0,CHA,KCA,2,3,CHI12,keucd001,lyncd001
2021,CIN202108050,2021-08-05,0,CIN,PIT,7,4,CIN09,grays001,croww001
2021,COL202108050,2021-08-05,0,COL,CHN,6,5,DEN02,senza001,arrij001
2021,DET202108050,2021-08-05,0,DET,BOS,8,1,DET05,skubt001,perem004
2021,HOU202108050,2021-08-05,0,HOU,MIN,3,5,HOU03,valdf001,jax-g001
2021,MIA202108050,2021-08-05,0,MIA,NYN,4,2,MIA02,garrb001,hillr001
2021,NYA202108050,2021-08-05,0,NYA,SEA,5,3,NYC21,cortn001,andet002
2021,SLN202108050,2021-08-05,0,SLN,ATL,4,8,STL10,leblw001,toust001
2021,TEX202108050,2021-08-05,0,TEX,ANA,0,5,ARL03,howas003,bundd001
2021,TOR202108050,2021-08-05,0,TOR,CLE,3,0,TOR02,strir001,mcket001
2021,WAS202108050,2021-08-05,0,WAS,PHI,6,7,WAS11,rossj002,nolaa001
2021,ATL202108060,2021-08-06,0,ATL,WAS,8,4,ATL03,mullk001,fedde001
2021,BAL202108060,2021-08-06,0,BAL,TBA,6,10,BAL12,meanj001,yarbr001
2021,CHN202108060,2021-08-06,0,CHN,CHA,6,8,CHI11,hendk001,lynnl001
2021,CIN202108060,2021-08-06,0,CIN,PIT,10,0,CIN09,milew001,brubj001
2021,CLE202108060,2021-08-06,0,CLE,DET,6,1,CLE08,quanc001,mannm001
2021,COL202108060,2021-08-06,0,COL,MIA,14,2,DEN02,marqg001,alcas001
2021,HOU202108060,2021-08-06,0,HOU,MIN,4,5,HOU03,greiz001,oberb002
2021,LAN202108060,2021-08-06,0,LAN,ANA,3,4,LOS03,pricd001,sandp002
2021,MIL202108060,2021-08-06,0,MIL,SFN,2,1,MIL06,burnc002,webbl001
2021,NYA202108060,2021-08-06,0,NYA,SEA,3,2,NYC21,peraw002,gonzm005
2021,OAK202108060,2021-08-06,0,OAK,TEX,4,1,OAK01,bassc001,foltm001
2021,PHI202108060,2021-08-06,0,PHI,NYN,4,2,PHI13,gibsk002,strom001
2021,SDN202108060,2021-08-06,0,SDN,ARI,5,8,SAN02,weatr001,smitc006
2021,SLN202108060,2021-08-06,0,SLN,KCA,4,2,STL10,waina001,minom001
2021,TOR202108060,2021-08-06,0,TOR,BOS,12,4,TOR02,manoa001,eovan001
2021,ATL202108070,2021-08-07,0,ATL,WAS,2,3,ATL03,mortc002,grayj004
2021,BAL202108070,2021-08-07,0,BAL,TBA,3,12,BAL12,watks003,mccls003
2021,CHN202108070,2021-08-07,0,CHN,CHA,0,4,CHI11,alzoa001,rodoc001
2021,CIN202108070,2021-08-07,0,CIN,PIT,11,3,CIN09,gutiv001,kellm003
2021,CLE202108070,2021-08-07,0,CLE,DET,1,2,CLE08,morge001,alext001
2021,COL202108070,2021-08-07,0,COL,MIA,7,4,DEN02,gomba001,luzaj001
2021,HOU202108070,2021-08-07,0,HOU,MIN,4,0,HOU03,garcl007,pinem001
2021,LAN202108070,2021-08-07,0,LAN,ANA,5,3,LOS03,uriaj001,barrj003
2021,MIL202108070,2021-08-07,0,MIL,SFN,6,9,MIL06,woodb005,sanca006
2021,NYA202108070,2021-08-07,0,NYA,SEA,5,4,NYC21,heana001,flexc001
2021,OAK202108070,2021-08-07,0,OAK,TEX,12,3,OAK01,irvic001,anded003
2021,PHI202108070,2021-08-07,0,PHI,NYN,5,3,PHI13,suarr001,megit002
2021,SDN202108070,2021-08-07,0,SDN,ARI,6,2,SAN02,darvy001,widet001
2021,SLN202108070,2021-08-07,0,SLN,KCA,5,2,STL10,kim-k001,kellb003
2021,TOR202108071,2021-08-07,1,TOR,BOS,1,0,TOR02,ray-r002,piven001
2021,TOR202108072,2021-08-07,2,TOR,BOS,1,2,TOR02,berrj001,houct001
2021,ATL202108080,2021-08-08,0,ATL,WAS,5,4,ATL03,friem001,corbp001
2021,BAL202108080,2021-08-08,0,BAL,TBA,6,9,BAL12,lopej004,wachm001
2021,CHN202108080,2021-08-08,0,CHN,CHA,3,9,CHI11,daviz001,ceasd001
2021,CIN202108080,2021-08-08,0,CIN,PIT,3,2,CIN09,mahlt001,wilsb003
2021,CLE202108080,2021-08-08,0,CLE,DET,7,5,CLE08,plesz001,peraw001
2021,COL202108080,2021-08-08,0,COL,MIA,13,8,DEN02,freek001,hessd001
2021,HOU202108080,2021-08-08,0,HOU,MIN,5,7,HOU03,mccul002,maedk001
2021,LAN202108080,2021-08-08,0,LAN,ANA,8,2,LOS03,buehw001,detmr001
2021,MIL202108080,2021-08-08,0,MIL,SFN,4,5,MIL06,andeb004,cuetj001
2021,NYA202108080,2021-08-08,0,NYA,SEA,0,2,NYC21,gil-l001,kikuy001
2021,OAK202108080,2021-08-08,0,OAK,TEX,6,3,OAK01,kaprj001,lylej001
2021,PHI202108080,2021-08-08,0,PHI,NYN,3,0,PHI13,wheez001,walkt004
2021,SDN202108080,2021-08-08,0,SDN,ARI,2,0,SAN02,snelb001,bumgm001
2021,SLN202108080,2021-08-08,0,SLN,KCA,5,6,STL10,lestj001,bubik001
2021,TOR202108080,2021-08-08,0,TOR,BOS,9,8,TOR02,ryu-h001,richg002
2021,CLE202108090,2021-08-09,0,CLE,CIN,9,3,CLE08,hents001,castl003
2021,KCA202108090,2021-08-09,0,KCA,NYA,6,8,KAN06,hernc006,tailj001
2021,MIN202108090,2021-08-09,0,MIN,CHA,1,11,MIN04,burrb002,gioll001
2021,SDN202108090,2021-08-09,0,SDN,MIA,8,3,SAN02,musgj001,thomz001
2021,ANA202108101,2021-08-10,1,ANA,TOR,6,3,ANA01,rodrc002,matzs001
2021,ANA202108102,2021-08-10,2,ANA,TOR,0,4,ANA01,suarj001,strir001
2021,ATL202108100,2021-08-10,0,ATL,CIN,3,2,ATL03,smyld001,grays001
2021,BAL202108100,2021-08-10,0,BAL,DET,4,9,BAL12,akink001,mizec001
2021,BOS202108100,2021-08-10,0,BOS,TBA,4,8,BOS07,rodre004,patil001
2021,CHN202108101,2021-08-10,1,CHN,MIL,2,4,CHI11,steej002,peraf001
2021,CHN202108102,2021-08-10,2,CHN,MIL,3,6,CHI11,milla003,ashba003
2021,CLE202108100,2021-08-10,0,CLE,OAK,3,4,CLE08,mcket001,manas001
2021,HOU202108100,2021-08-10,0,HOU,COL,5,0,HOU03,odorj001,grayj003
2021,KCA202108100,2021-08-10,0,KCA,NYA,8,4,KAN06,lyncd001,cortn001
2021,MIN202108100,2021-08-10,0,MIN,CHA,4,3,MIN04,jax-g001,keucd001
2021,NYN202108100,2021-08-10,0,NYN,WAS,8,7,NYC20,carrc003,espip001
2021,PHI202108100,2021-08-10,0,PHI,LAN,0,5,PHI13,nolaa001,schem001
2021,PIT202108100,2021-08-10,0,PIT,SLN,1,4,PIT08,braus002,happj001
2021,SDN202108100,2021-08-10,0,SDN,MIA,6,5,SAN02,stamc001,garrb001
2021,SEA202108100,2021-08-10,0,SEA,TEX,4,5,SEA03,gilbl002,allak001
2021,SFN202108100,2021-08-10,0,SFN,ARI,8,7,SFO03,wooda002,gallz001
2021,ANA202108110,2021-08-11,0,ANA,TOR,2,10,ANA01,bundd001,manoa001
2021,ATL202108110,2021-08-11,0,ATL,CIN,8,6,ATL03,toust001,milew001
2021,BAL202108110,2021-08-11,0,BAL,DET,2,5,BAL12,harvm001,skubt001
2021,BOS202108110,2021-08-11,0,BOS,TBA,20,8,BOS07,eovan001,flemj001
2021,CHN202108110,2021-08-11,0,CHN,MIL,0,10,CHI11,arrij001,burnc002
2021,CLE202108110,2021-08-11,0,CLE,OAK,3,6,CLE08,quanc001,montf001
2021,HOU202108110,2021-08-11,0,HOU,COL,5,1,HOU03,valdf001,senza001
2021,KCA202108110,2021-08-11,0,KCA,NYA,2,5,KAN06,singb001,luetl001
2021,MIN202108110,2021-08-11,0,MIN,CHA,1,0,MIN04,oberb002,loper003
2021,PHI202108110,2021-08-11,0,PHI,LAN,2,8,PHI13,brogc001,pricd001
2021,PIT202108110,2021-08-11,0,PIT,SLN,0,4,PIT08,croww001,waina001
2021,SDN202108110,2021-08-11,0,SDN,MIA,0,7,SAN02,weatr001,alcas001
2021,SEA202108110,2021-08-11,0,SEA,TEX,2,1,SEA03,andet002,howas003
2021,SFN202108110,2021-08-11,0,SFN,ARI,7,2,SFO03,gausk001,kellm002
2021,ANA202108120,2021-08-12,0,ANA,TOR,6,3,ANA01,ohtas001,berrj001
2021,ARI202108120,2021-08-12,0,ARI,SDN,12,3,PHO01,peacm001,darvy001
2021,ATL202108120,2021-08-12,0,ATL,CIN,3,12,ATL03,mullk001,gutiv001
2021,BAL202108120,2021-08-12,0,BAL,DET,4,6,BAL12,meanj001,mannm001
2021,BOS202108120,2021-08-12,0,BOS,TBA,1,8,BOS07,houct001,rasmd002
2021,CHA202108120,2021-08-12,0,CHA,NYA,9,8,DYE01,lynnl001,heana001
2021,CHN202108120,2021-08-12,0,CHN,MIL,4,17,CHI11,hendk001,woodb005
2021,CLE202108120,2021-08-12,0,CLE,OAK,0,17,CLE08,morge001,bassc001
2021,NYN202108121,2021-08-12,1,NYN,WAS,4,1,NYC20,strom001,nolis001
2021,NYN202108122,2021-08-12,2,NYN,WAS,5,4,NYC20,willt002,fedde001
2021,PHI202108120,2021-08-12,0,PHI,LAN,2,1,PHI13,suarr001,whitm004
2021,PIT202108120,2021-08-12,0,PIT,SLN,6,7,PIT08,brubj001,leblw001
2021,SEA202108120,2021-08-12,0,SEA,TEX,3,1,SEA03,gonzm005,foltm001
2021,SFN202108120,2021-08-12,0,SFN,COL,7,0,SFO03,webbl001,marqg001
2021,ANA202108130,2021-08-13,0,ANA,HOU,1,4,ANA01,sandp002,greiz001
2021,ARI202108130,2021-08-13,0,ARI,SDN,3,2,PHO01,bumgm001,snelb001
2021,BOS202108130,2021-08-13,0,BOS,BAL,8,1,BOS07,piven001,watks003
2021,DET202108130,2021-08-13,0,DET,CLE,4,7,DET05,alext001,plesz001
2021,KCA202108130,2021-08-13,0,KCA,SLN,0,6,KAN06,minom001,flahj002
2021,MIA202108130,2021-08-13,0,MIA,CHN,14,10,MIA02,luzaj001,alzoa001
2021,MIN202108130,2021-08-13,0,MIN,TBA,4,10,MIN04,pinem001,mccls003
2021,NYN202108130,2021-08-13,0,NYN,LAN,5,6,NYC20,megit002,uriaj001
2021,PHI202108130,2021-08-13,0,PHI,CIN,1,6,PHI13,wheez001,mahlt001
2021,SEA202108130,2021-08-13,0,SEA,TOR,3,2,SEA03,flexc001,ray-r002
2021,SFN202108130,2021-08-13,0,SFN,COL,5,4,SFO03,desca001,gomba001
2021,TEX202108130,2021-08-13,0,TEX,OAK,8,6,ARL03,dunnd001,irvic001
2021,WAS202108130,2021-08-13,0,WAS,ATL,2,4,WAS11,grayj004,mortc002
2021,ANA202108140,2021-08-14,0,ANA,HOU,2,8,ANA01,barrj003,garcl007
2021,ARI202108140,2021-08-14,0,ARI,SDN,7,0,PHO01,gilbt001,musgj001
2021,BOS202108140,2021-08-14,0,BOS,BAL,16,2,BOS07,salec001,lopej004
2021,CHA202108140,2021-08-14,0,CHA,NYA,5,7,CHI12,ceasd001,tailj001
2021,DET202108140,2021-08-14,0,DET,CLE,6,4,DET05,peraw001,hents001
2021,KCA202108140,2021-08-14,0,KCA,SLN,4,9,KAN06,kellb003,lestj001
2021,MIA202108140,2021-08-14,0,MIA,CHN,5,4,MIA02,thomz001,daviz001
2021,MIN202108140,2021-08-14,0,MIN,TBA,12,0,MIN04,maedk001,wachm001
2021,NYN202108140,2021-08-14,0,NYN,LAN,1,2,NYC20,walkt004,buehw001
2021,PHI202108140,2021-08-14,0,PHI,CIN,6,1,PHI13,moorm003,castl003
2021,PIT202108141,2021-08-14,1,PIT,MIL,14,4,PIT08,wilsb003,andeb004
2021,PIT202108142,2021-08-14,2,PIT,MIL,0,6,PIT08,kellm003,ashba003
2021,SEA202108140,2021-08-14,0,SEA,TOR,9,3,SEA03,kikuy001,ryu-h001
2021,SFN202108140,2021-08-14,0,SFN,COL,1,4,SFO03,longs002,freek001
2021,TEX202108140,2021-08-14,0,TEX,OAK,3,8,ARL03,lylej001,kaprj001
2021,WAS202108140,2021-08-14,0,WAS,ATL,2,12,WAS11,corbp001,friem001
2021,ANA202108150,2021-08-15,0,ANA,HOU,3,1,ANA01,detmr001,mccul002
2021,ARI202108150,2021-08-15,0,ARI,SDN,2,8,PHO01,gallz001,stamc001
2021,BOS202108150,2021-08-15,0,BOS,BAL,6,2,BOS07,rodre004,akink001
2021,CHA202108150,2021-08-15,0,CHA,NYA,3,5,CHI12,gioll001,cortn001
2021,DET202108150,2021-08-15,0,DET,CLE,0,11,DET05,hutcd001,mcket001
2021,KCA202108150,2021-08-15,0,KCA,SLN,2,7,KAN06,bubik001,happj001
2021,MIA202108150,2021-08-15,0,MIA,CHN,4,1,MIA02,herne002,milla003
2021,MIN202108150,2021-08-15,0,MIN,TBA,5,4,MIN04,barnc002,patil001
2021,NYN202108150,2021-08-15,0,NYN,LAN,4,14,NYC20,carrc003,schem001
2021,PHI202108150,2021-08-15,0,PHI,CIN,4,7,PHI13,nolaa001,grays001
2021,PIT202108150,2021-08-15,0,PIT,MIL,1,2,PIT08,peted001,lauee001
2021,SEA202108150,2021-08-15,0,SEA,TOR,3,8,SEA03,gilbl002,matzs001
2021,SFN202108150,2021-08-15,0,SFN,COL,5,2,SFO03,wooda002,grayj003
2021,TEX202108150,2021-08-15,0,TEX,OAK,7,4,ARL03,allak001,manas001
2021,WAS202108150,2021-08-15,0,WAS,ATL,5,6,WAS11,espip001,smyld001
2021,CHA202108160,2021-08-16,0,CHA,OAK,5,2,CHI12,keucd001,montf001
2021,CIN202108160,2021-08-16,0,CIN,CHN,14,5,CIN09,milew001,steej002
2021,COL202108160,2021-08-16,0,COL,SDN,6,5,DEN02,senza001,weatr001
2021,KCA202108160,2021-08-16,0,KCA,HOU,7,6,KAN06,hernc006,odorj001
2021,LAN202108160,2021-08-16,0,LAN,PIT,2,1,LOS03,bruij001,braus002
2021,MIA202108160,2021-08-16,0,MIA,ATL,2,12,MIA02,garrb001,toust001
2021,MIN202108160,2021-08-16,0,MIN,CLE,5,4,MIN04,jax-g001,quanc001
2021,NYA202108160,2021-08-16,0,NYA,ANA,2,1,NYC21,coleg001,suarj001
2021,SFN202108160,2021-08-16,0,SFN,NYN,7,5,SFO03,gausk001,hillr001
2021,TBA202108160,2021-08-16,0,TBA,BAL,9,2,STP01,mchuc001,harvm001
2021,ARI202108170,2021-08-17,0,ARI,PHI,3,2,PHO01,widet001,gibsk002
2021,CHA202108170,2021-08-17,0,CHA,OAK,9,0,CHI12,loper003,bassc001
2021,CIN202108170,2021-08-17,0,CIN,CHN,1,2,CIN09,gutiv001,hendk001
2021,COL202108170,2021-08-17,0,COL,SDN,7,3,DEN02,marqg001,stram001
2021,DET202108170,2021-08-17,0,DET,ANA,2,8,DET05,mizec001,bundd001
2021,KCA202108170,2021-08-17,0,KCA,HOU,3,1,KAN06,lyncd001,valdf001
2021,LAN202108170,2021-08-17,0,LAN,PIT,4,3,LOS03,pricd001,croww001
2021,MIA202108170,2021-08-17,0,MIA,ATL,0,2,MIA02,alcas001,ynoah001
2021,MIN202108170,2021-08-17,0,MIN,CLE,1,3,MIN04,oberb002,morge001
2021,NYA202108171,2021-08-17,1,NYA,BOS,5,3,NYC21,montj004,houct001
2021,NYA202108172,2021-08-17,2,NYA,BOS,2,0,NYC21,gil-l001,eovan001
2021,SFN202108170,2021-08-17,0,SFN,NYN,3,2,SFO03,webbl001,strom001
2021,SLN202108170,2021-08-17,0,SLN,MIL,0,2,STL10,waina001,burnc002
2021,TBA202108170,2021-08-17,0,TBA,BAL,10,0,STP01,rasmd002,meanj001
2021,TEX202108170,2021-08-17,0,TEX,SEA,1,3,ARL03,heart001,andet002
2021,WAS202108170,2021-08-17,0,WAS,TOR,12,6,WAS11,fedde001,manoa001
2021,ARI202108180,2021-08-18,0,ARI,PHI,4,2,PHO01,casth002,suarr001
2021,CHA202108180,2021-08-18,0,CHA,OAK,3,2,CHI12,lynnl001,blacp001
2021,CIN202108180,2021-08-18,0,CIN,CHN,1,7,CIN09,mahlt001,sampa001
2021,COL202108180,2021-08-18,0,COL,SDN,7,5,DEN02,gonzc002,arrij001
2021,DET202108180,2021-08-18,0,DET,ANA,1,3,DET05,skubt001,ohtas001
2021,KCA202108180,2021-08-18,0,KCA,HOU,3,2,KAN06,singb001,greiz001
2021,LAN202108180,2021-08-18,0,LAN,PIT,9,0,LOS03,bruij001,brubj001
2021,MIA202108180,2021-08-18,0,MIA,ATL,9,11,MIA02,luzaj001,mortc002
2021,MIN202108180,2021-08-18,0,MIN,CLE,8,7,MIN04,thorl002,plesz001
2021,NYA202108180,2021-08-18,0,NYA,BOS,5,2,NYC21,heana001,piven001
2021,SFN202108180,2021-08-18,0,SFN,NYN,2,6,SFO03,desca001,megit002
2021,SLN202108180,2021-08-18,0,SLN,MIL,4,6,STL10,flahj002,peraf001
2021,TBA202108180,2021-08-18,0,TBA,BAL,8,4,STP01,headl001,watks003
2021,TEX202108180,2021-08-18,0,TEX,SEA,1,3,ARL03,foltm001,gonzm005
2021,WAS202108180,2021-08-18,0,WAS,TOR,8,5,WAS11,grayj004,berrj001
2021,ARI202108190,2021-08-19,0,ARI,PHI,6,2,PHO01,bumgm001,wheez001
2021,CHA202108190,2021-08-19,0,CHA,OAK,4,5,CHI12,ceasd001,irvic001
2021,CIN202108190,2021-08-19,0,CIN,MIA,6,1,CIN09,castl003,neidn001
2021,DET202108190,2021-08-19,0,DET,ANA,10,13,DET05,mannm001,quinj001
2021,KCA202108190,2021-08-19,0,KCA,HOU,3,6,KAN06,minom001,garcl007
2021,LAN202108190,2021-08-19,0,LAN,NYN,4,1,LOS03,knebc001,walkt004
2021,NYA202108190,2021-08-19,0,NYA,MIN,7,5,NYC21,tailj001,gantj002
2021,SLN202108190,2021-08-19,0,SLN,MIL,8,4,STL10,lestj001,woodb005
2021,TBA202108190,2021-08-19,0,TBA,BAL,7,2,STP01,mccls003,lopej004
2021,TEX202108190,2021-08-19,0,TEX,SEA,8,9,ARL03,howas003,flexc001
2021,BAL202108200,2021-08-20,0,BAL,ATL,0,3,BAL12,akink001,friem001
2021,BOS202108200,2021-08-20,0,BOS,TEX,6,0,BOS07,salec001,dunnd001
2021,CHN202108200,2021-08-20,0,CHN,KCA,2,6,CHI11,daviz001,kellb003
2021,CIN202108200,2021-08-20,0,CIN,MIA,5,3,CIN09,grays001,herne002
2021,CLE202108200,2021-08-20,0,CLE,ANA,9,1,CLE08,hents001,barrj003
2021,COL202108200,2021-08-20,0,COL,ARI,9,4,DEN02,gomba001,gilbt001
2021,HOU202108200,2021-08-20,0,HOU,SEA,12,3,HOU03,mccul002,kikuy001
2021,LAN202108200,2021-08-20,0,LAN,NYN,3,2,LOS03,buehw001,carrc003
2021,MIL202108200,2021-08-20,0,MIL,WAS,1,4,MIL06,andeb004,corbp001
2021,NYA202108200,2021-08-20,0,NYA,MIN,10,2,NYC21,cortn001,barnc002
2021,OAK202108200,2021-08-20,0,OAK,SFN,4,1,OAK01,kaprj001,wooda002
2021,SDN202108200,2021-08-20,0,SDN,PHI,3,4,SAN02,snelb001,moorm003
2021,SLN202108200,2021-08-20,0,SLN,PIT,0,4,STL10,mikom001,kellm003
2021,TBA202108200,2021-08-20,0,TBA,CHA,5,7,STP01,wachm001,gioll001
2021,TOR202108200,2021-08-20,0,TOR,DET,1,4,TOR02,ray-r002,alext001
2021,BAL202108210,2021-08-21,0,BAL,ATL,4,5,BAL12,harvm001,smyld001
2021,BOS202108210,2021-08-21,0,BOS,TEX,1,10,BOS07,rodre004,lylej001
2021,CHN202108210,2021-08-21,0,CHN,KCA,2,4,CHI11,thomk002,bubik001
2021,CIN202108210,2021-08-21,0,CIN,MIA,7,4,CIN09,milew001,thomz001
2021,CLE202108210,2021-08-21,0,CLE,ANA,5,1,CLE08,mcket001,detmr001
2021,COL202108210,2021-08-21,0,COL,ARI,5,2,DEN02,freek001,gallz001
2021,HOU202108210,2021-08-21,0,HOU,SEA,15,1,HOU03,odorj001,gilbl002
2021,LAN202108210,2021-08-21,0,LAN,NYN,4,3,LOS03,schem001,hillr001
2021,MIL202108210,2021-08-21,0,MIL,WAS,9,6,MIL06,lauee001,espip001
2021,NYA202108210,2021-08-21,0,NYA,MIN,7,1,NYC21,coleg001,maedk001
2021,OAK202108210,2021-08-21,0,OAK,SFN,5,6,OAK01,manas001,gausk001
2021,SDN202108210,2021-08-21,0,SDN,PHI,4,3,SAN02,musgj001,nolaa001
2021,SLN202108210,2021-08-21,0,SLN,PIT,4,5,STL10,happj001,peted001
2021,TBA202108210,2021-08-21,0,TBA,CHA,8,4,STP01,patil001,keucd001
2021,TOR202108210,2021-08-21,0,TOR,DET,3,0,TOR02,ryu-h001,peraw001
2021,BAL202108220,2021-08-22,0,BAL,ATL,1,3,BAL12,meanj001,toust001
2021,CHN202108220,2021-08-22,0,CHN,KCA,1,9,CHI11,milla003,hernc006
2021,CIN202108220,2021-08-22,0,CIN,MIA,3,1,CIN09,gutiv001,alcas001
2021,CLE202108220,2021-08-22,0,CLE,ANA,3,0,WIL02,quanc001,suarj001
2021,COL202108220,2021-08-22,0,COL,ARI,4,8,DEN02,grayj003,widet001
2021,HOU202108220,2021-08-22,0,HOU,SEA,3,6,HOU03,valdf001,andet002
2021,LAN202108220,2021-08-22,0,LAN,NYN,2,7,LOS03,pricd001,strom001
2021,MIL202108220,2021-08-22,0,MIL,WAS,7,3,MIL06,housa001,nolis001
2021,OAK202108220,2021-08-22,0,OAK,SFN,1,2,OAK01,montf001,webbl001
2021,SDN202108220,2021-08-22,0,SDN,PHI,4,7,SAN02,stamc001,gibsk002
2021,SLN202108220,2021-08-22,0,SLN,PIT,3,0,STL10,waina001,braus002
2021,TBA202108220,2021-08-22,0,TBA,CHA,9,0,STP01,archc001,loper003
2021,TOR202108220,2021-08-22,0,TOR,DET,3,5,TOR02,matzs001,hutcd001
2021,ATL202108230,2021-08-23,0,ATL,NYA,1,5,ATL03,ynoah001,montj004
2021,BOS202108230,2021-08-23,0,BOS,TEX,8,4,BOS07,eovan001,allak001
2021,CHN202108230,2021-08-23,0,CHN,COL,6,4,CHI11,hendk001,senza001
2021,HOU202108230,2021-08-23,0,HOU,KCA,1,7,HOU03,greiz001,lyncd001
2021,OAK202108230,2021-08-23,0,OAK,SEA,3,5,OAK01,blacp001,gonzm005
2021,PIT202108230,2021-08-23,0,PIT,ARI,6,5,PIT08,croww001,mejih001
2021,TOR202108230,2021-08-23,0,TOR,CHA,2,1,TOR02,manoa001,lynnl001
2021,ATL202108240,2021-08-24,0,ATL,NYA,4,5,ATL03,mortc002,heana001
2021,BAL202108240,2021-08-24,0,BAL,ANA,8,14,BAL12,watks003,bundd001
2021,BOS202108240,2021-08-24,0,BOS,MIN,11,9,BOS07,houct001,jax-g001
2021,CLE202108240,2021-08-24,0,CLE,TEX,3,7,CLE08,morge001,heart001
2021,HOU202108240,2021-08-24,0,HOU,KCA,4,0,HOU03,garcl007,singb001
2021,MIA202108240,2021-08-24,0,MIA,WAS,1,5,MIA02,luzaj001,fedde001
2021,MIL202108240,2021-08-24,0,MIL,CIN,7,4,MIL06,burnc002,mahlt001
2021,NYN202108240,2021-08-24,0,NYN,SFN,0,8,NYC20,megit002,longs002
2021,OAK202108240,2021-08-24,0,OAK,SEA,1,5,OAK01,irvic001,flexc001
2021,PHI202108240,2021-08-24,0,PHI,TBA,1,3,PHI13,suarr001,rasmd002
2021,PIT202108240,2021-08-24,0,PIT,ARI,4,2,PIT08,brubj001,bumgm001
2021,SDN202108240,2021-08-24,0,SDN,LAN,2,5,SAN02,johnp001,uriaj001
2021,SLN202108240,2021-08-24,0,SLN,DET,3,4,STL10,flahj002,mizec001
2021,TOR202108240,2021-08-24,0,TOR,CHA,2,5,TOR02,berrj001,ceasd001
2021,BAL202108250,2021-08-25,0,BAL,ANA,10,6,BAL12,ellic001,ohtas001
2021,BOS202108250,2021-08-25,0,BOS,MIN,6,9,BOS07,piven001,oberb002
2021,CHN202108251,2021-08-25,1,CHN,COL,5,2,CHI11,daviz001,gomba001
2021,CHN202108252,2021-08-25,2,CHN,COL,10,13,CHI11,steej002,marqg001
2021,CLE202108250,2021-08-25,0,CLE,TEX,7,2,CLE08,plesz001,latzj001
2021,HOU202108250,2021-08-25,0,HOU,KCA,6,5,HOU03,mccul002,minom001
2021,MIA202108250,2021-08-25,0,MIA,WAS,4,3,MIA02,cabre003,grayj004
2021,MIL202108250,2021-08-25,0,MIL,CIN,4,1,MIL06,woodb005,castl003
2021,NYN202108250,2021-08-25,0,NYN,SFN,2,3,NYC20,walkt004,cuetj001
2021,PHI202108250,2021-08-25,0,PHI,TBA,4,7,PHI13,wheez001,yarbr001
2021,PIT202108250,2021-08-25,0,PIT,ARI,2,5,PIT08,wilsb003,gilbt001
2021,SDN202108250,2021-08-25,0,SDN,LAN,3,5,SAN02,snelb001,buehw001
2021,SLN202108250,2021-08-25,0,SLN,DET,3,2,STL10,lestj001,skubt001
2021,TOR202108250,2021-08-25,0,TOR,CHA,3,1,TOR02,ray-r002,gioll001
2021,BAL202108260,2021-08-26,0,BAL,ANA,13,1,BAL12,akink001,barrj003
2021,BOS202108260,2021-08-26,0,BOS,MIN,12,2,BOS07,salec001,gantj002
2021,CLE202108260,2021-08-26,0,CLE,TEX,10,6,CLE08,hents001,lylej001
2021,MIA202108260,2021-08-26,0,MIA,WAS,7,5,MIA02,herne002,corbp001
2021,MIL202108260,2021-08-26,0,MIL,CIN,1,5,MIL06,andeb004,grays001
2021,NYN202108260,2021-08-26,0,NYN,SFN,2,3,NYC20,carrc003,wooda002
2021,OAK202108260,2021-08-26,0,OAK,NYA,6,7,OAK01,kaprj001,tailj001
2021,PHI202108260,2021-08-26,0,PHI,ARI,7,8,PHI13,moorm003,gallz001
2021,PIT202108260,2021-08-26,0,PIT,SLN,11,7,PIT08,kellm003,mikom001
2021,SDN202108260,2021-08-26,0,SDN,LAN,0,4,SAN02,darvy001,schem001
2021,SEA202108260,2021-08-26,0,SEA,KCA,4,6,SEA03,kikuy001,kellb003
2021,TOR202108260,2021-08-26,0,TOR,CHA,7,10,TOR02,ryu-h001,rodoc001
2021,ANA202108270,2021-08-27,0,ANA,SDN,0,5,ANA01,crisc002,musgj001
2021,ATL202108270,2021-08-27,0,ATL,SFN,6,5,ATL03,friem001,gausk001
2021,BAL202108270,2021-08-27,0,BAL,TBA,3,6,BAL12,harvm001,mccls003
2021,CHA202108270,2021-08-27,0,CHA,CHN,17,13,CHI12,keucd001,thomk002
2021,CLE202108270,2021-08-27,0,CLE,BOS,3,4,CLE08,allel002,rodre004
2021,DET202108270,2021-08-27,0,DET,TOR,2,1,DET05,mannm001,matzs001
2021,LAN202108270,2021-08-27,0,LAN,COL,2,4,LOS03,gratb002,freek001
2021,MIA202108270,2021-08-27,0,MIA,CIN,0,6,MIA02,thomz001,milew001
2021,MIN202108270,2021-08-27,0,MIN,MIL,2,0,MIN04,albea001,lauee001
2021,NYN202108270,2021-08-27,0,NYN,WAS,1,2,NYC20,hillr001,espip001
2021,OAK202108270,2021-08-27,0,OAK,NYA,2,8,OAK01,manas001,coleg001
2021,PHI202108270,2021-08-27,0,PHI,ARI,7,6,PHI13,nolaa001,widet001
2021,PIT202108270,2021-08-27,0,PIT,SLN,3,4,PIT08,peted001,happj001
2021,SEA202108270,2021-08-27,0,SEA,KCA,7,8,SEA03,gilbl002,bubik001
2021,TEX202108270,2021-08-27,0,TEX,HOU,4,5,ARL03,ottog001,odorj001
2021,ANA202108280,2021-08-28,0,ANA,SDN,10,2,ANA01,suarj001,weatr001
2021,ATL202108280,2021-08-28,0,ATL,SFN,0,5,ATL03,ynoah001,webbl001
2021,BAL202108280,2021-08-28,0,BAL,TBA,3,4,BAL12,meanj001,wachm001
2021,CHA202108280,2021-08-28,0,CHA,CHN,0,7,CHI12,lynnl001,milla003
2021,CLE202108280,2021-08-28,0,CLE,BOS,3,5,CLE08,quanc001,eovan001
2021,DET202108280,2021-08-28,0,DET,TOR,2,3,DET05,urenj001,manoa001
2021,LAN202108280,2021-08-28,0,LAN,COL,5,2,LOS03,knebc001,grayj003
2021,MIA202108280,2021-08-28,0,MIA,CIN,6,1,MIA02,alcas001,gutiv001
2021,MIN202108280,2021-08-28,0,MIN,MIL,6,4,MIN04,barnc002,housa001
2021,NYN202108280,2021-08-28,0,NYN,WAS,5,3,NYC20,strom001,nolis001
2021,OAK202108280,2021-08-28,0,OAK,NYA,3,2,OAK01,montf001,cortn001
2021,PHI202108280,2021-08-28,0,PHI,ARI,7,0,PHI13,gibsk002,mejih001
2021,PIT202108280,2021-08-28,0,PIT,SLN,0,13,PIT08,braus002,waina001
2021,SEA202108280,2021-08-28,0,SEA,KCA,2,4,SEA03,andet002,lyncd001
2021,TEX202108280,2021-08-28,0,TEX,HOU,2,5,ARL03,allak001,valdf001
2021,ATL202108290,2021-08-29,0,ATL,SFN,9,0,ATL03,andei001,desca001
2021,BAL202108290,2021-08-29,0,BAL,TBA,8,12,BAL12,watks003,archc001
2021,CHA202108290,2021-08-29,0,CHA,CHN,13,1,CHI12,ceasd001,hendk001
2021,CLE202108290,2021-08-29,0,CLE,BOS,7,5,CLE08,morge001,houct001
2021,DET202108290,2021-08-29,0,DET,TOR,1,2,DET05,boydm001,berrj001
2021,LAN202108290,2021-08-29,0,LAN,COL,0,5,LOS03,whitm004,senza001
2021,MIA202108290,2021-08-29,0,MIA,CIN,2,1,MIA02,luzaj001,mahlt001
2021,MIN202108290,2021-08-29,0,MIN,MIL,2,6,MIN04,jax-g001,ashba003
2021,NYN202108290,2021-08-29,0,NYN,WAS,9,4,NYC20,megit002,fedde001
2021,OAK202108290,2021-08-29,0,OAK,NYA,3,1,OAK01,blacp001,montj004
2021,PHI202108290,2021-08-29,0,PHI,ARI,7,4,PHI13,suarr001,bumgm001
2021,PIT202108290,2021-08-29,0,PIT,SLN,4,3,PIT08,croww001,kim-k001
2021,SEA202108290,2021-08-29,0,SEA,KCA,4,3,SEA03,gonzm005,singb001
2021,TEX202108290,2021-08-29,0,TEX,HOU,13,2,ARL03,heart001,greiz001
2021,ANA202108300,2021-08-30,0,ANA,NYA,8,7,ANA01,mayem001,klubc001
2021,ARI202108300,2021-08-30,0,ARI,SDN,5,7,PHO01,gilbt001,paddc001
2021,CIN202108300,2021-08-30,0,CIN,SLN,1,3,CIN09,castl003,lestj001
2021,DET202108300,2021-08-30,0,DET,MIN,2,3,DET05,mizec001,oberb002
2021,LAN202108300,2021-08-30,0,LAN,ATL,5,3,LOS03,uriaj001,smyld001
2021,SEA202108300,2021-08-30,0,SEA,HOU,3,4,SEA03,flexc001,garcl007
2021,SFN202108300,2021-08-30,0,SFN,MIL,1,3,SFO03,alvaj003,burnc002
2021,TBA202108300,2021-08-30,0,TBA,BOS,6,1,STP01,patil001,piven001
2021,TEX202108300,2021-08-30,0,TEX,COL,4,3,ARL03,alexa001,marqg001
2021,TOR202108300,2021-08-30,0,TOR,BAL,7,3,TOR02,ray-r002,ellic001
2021,WAS202108300,2021-08-30,0,WAS,PHI,4,7,WAS11,grayj004,wheez001
2021,ANA202108310,2021-08-31,0,ANA,NYA,6,4,ANA01,barrj003,tailj001
2021,ARI202108310,2021-08-31,0,ARI,SDN,0,3,PHO01,gallz001,snelb001
2021,CHA202108310,2021-08-31,0,CHA,PIT,4,2,CHI12,gioll001,wilsb003
2021,DET202108310,2021-08-31,0,DET,OAK,3,9,DET05,skubt001,irvic001
2021,KCA202108310,2021-08-31,0,KCA,CLE,2,7,KAN06,junij001,plesz001
2021,LAN202108310,2021-08-31,0,LAN,ATL,3,2,LOS03,buehw001,mortc002
2021,MIN202108310,2021-08-31,0,MIN,CHN,1,3,MIN04,gantj002,daviz001
2021,NYN202108310,2021-08-31,0,NYN,MIA,3,1,NYC20,willt002,cabre003
2021,SEA202108310,2021-08-31,0,SEA,HOU,4,0,SEA03,kikuy001,mccul002
2021,SFN202108310,2021-08-31,0,SFN,MIL,2,6,SFO03,cuetj001,woodb005
2021,TBA202108310,2021-08-31,0,TBA,BOS,8,5,STP01,yarbr001,peacb001
2021,TEX202108310,2021-08-31,0,TEX,COL,4,3,ARL03,lylej001,gomba001
2021,TOR202108310,2021-08-31,0,TOR,BAL,2,4,TOR02,ryu-h001,akink001
2021,WAS202108310,2021-08-31,0,WAS,PHI,6,12,WAS11,corbp001,moorm003
2021,ANA202109010,2021-09-01,0,ANA,NYA,1,4,ANA01,naugp001,coleg001
2021,ARI202109010,2021-09-01,0,ARI,SDN,8,3,PHO01,weavl001,darvy001
2021,CHA202109010,2021-09-01,0,CHA,PIT,6,3,CHI12,rodoc001,kranm001
2021,CIN202109011,2021-09-01,1,CIN,SLN,4,5,CIN09,milew001,mikom001
2021,CIN202109012,2021-09-01,2,CIN,SLN,12,2,CIN09,grays001,happj001
2021,DET202109010,2021-09-01,0,DET,OAK,8,6,DET05,peraw001,kaprj001
2021,KCA202109010,2021-09-01,0,KCA,CLE,3,5,KAN06,kowaj001,allel002
2021,LAN202109010,2021-09-01,0,LAN,ATL,4,3,LOS03,schem001,friem001
2021,MIN202109010,2021-09-01,0,MIN,CHN,0,3,MIN04,ryanj002,steej002
2021,SEA202109010,2021-09-01,0,SEA,HOU,1,0,SEA03,gilbl002,odorj001
2021,SFN202109010,2021-09-01,0,SFN,MIL,2,5,SFO03,gausk001,andeb004
2021,TBA202109010,2021-09-01,0,TBA,BOS,2,3,STP01,rasmd002,salec001
2021,TEX202109010,2021-09-01,0,TEX,COL,5,9,ARL03,arihk001,freek001
2021,TOR202109010,2021-09-01,0,TOR,BAL,5,4,TOR02,matzs001,harvm001
2021,CHN202109020,2021-09-02,0,CHN,PIT,6,5,CHI11,thomk002,kellm003
2021,COL202109020,2021-09-02,0,COL,ATL,5,6,DEN02,gonzc002,toust001
2021,DET202109020,2021-09-02,0,DET,OAK,6,8,DET05,mannm001,montf001
2021,KCA202109020,2021-09-02,0,KCA,CLE,2,4,KAN06,minom001,mcket001
2021,NYN202109020,2021-09-02,0,NYN,MIA,4,3,NYC20,carrc003,alcas001
2021,SFN202109020,2021-09-02,0,SFN,MIL,5,1,SFO03,webbl001,lauee001
2021,TBA202109020,2021-09-02,0,TBA,BOS,0,4,STP01,mccls003,rodre004
2021,WAS202109020,2021-09-02,0,WAS,PHI,6,7,WAS11,espip001,nolaa001
2021,ANA202109030,2021-09-03,0,ANA,TEX,3,2,ANA01,ohtas001,ottog001
2021,ARI202109030,2021-09-03,0,ARI,SEA,5,6,PHO01,bumgm001,andet002
2021,BOS202109030,2021-09-03,0,BOS,CLE,8,5,BOS07,eovan001,quanc001
2021,CHN202109030,2021-09-03,0,CHN,PIT,6,5,CHI11,milla003,braus002
2021,CIN202109030,2021-09-03,0,CIN,DET,5,15,CIN09,gutiv001,alext001
2021,COL202109030,2021-09-03,0,COL,ATL,4,3,DEN02,senza001,ynoah001
2021,KCA202109030,2021-09-03,0,KCA,CHA,7,2,KAN06,hernc006,keucd001
2021,MIA202109030,2021-09-03,0,MIA,PHI,10,3,MIA02,luzaj001,gibsk002
2021,MIL202109030,2021-09-03,0,MIL,SLN,4,15,MIL06,peraf001,waina001
2021,NYA202109030,2021-09-03,0,NYA,BAL,4,3,NYC21,cortn001,meanj001
2021,SDN202109030,2021-09-03,0,SDN,HOU,3,6,SAN02,arrij001,urquj001
2021,SFN202109030,2021-09-03,0,SFN,LAN,3,2,SFO03,desca001,knebc001
2021,TBA202109030,2021-09-03,0,TBA,MIN,5,3,STP01,wachm001,dobnr001
2021,TOR202109030,2021-09-03,0,TOR,OAK,11,10,TOR02,manoa001,manas001
2021,WAS202109030,2021-09-03,0,WAS,NYN,2,6,WAS11,nolis001,hillr001
2021,ANA202109040,2021-09-04,0,ANA,TEX,4,1,ANA01,suarj001,allak001
2021,ARI202109040,2021-09-04,0,ARI,SEA,5,8,PHO01,casth002,gonzm005
2021,BOS202109040,2021-09-04,0,BOS,CLE,4,3,BOS07,houct001,morge001
2021,CHN202109040,2021-09-04,0,CHN,PIT,7,6,CHI11,hendk001,brubj001
2021,CIN202109040,2021-09-04,0,CIN,DET,7,4,CIN09,mahlt001,boydm001
2021,COL202109040,2021-09-04,0,COL,ATL,7,6,DEN02,marqg001,andei001
2021,KCA202109040,2021-09-04,0,KCA,CHA,7,10,KAN06,lyncd001,loper003
2021,MIA202109040,2021-09-04,0,MIA,PHI,3,2,MIA02,roget003,suarr001
2021,MIL202109040,2021-09-04,0,MIL,SLN,4,0,MIL06,housa001,kim-k001
2021,NYA202109040,2021-09-04,0,NYA,BAL,3,4,NYC21,montj004,ellic001
2021,SDN202109040,2021-09-04,0,SDN,HOU,10,2,SAN02,musgj001,valdf001
2021,SFN202109040,2021-09-04,0,SFN,LAN,1,6,SFO03,jackj001,uriaj001
2021,TBA202109040,2021-09-04,0,TBA,MIN,11,4,STP01,archc001,albea001
2021,TOR202109040,2021-09-04,0,TOR,OAK,10,8,TOR02,berrj001,blacp001
2021,WAS202109041,2021-09-04,1,WAS,NYN,9,11,WAS11,fedde001,strom001
2021,WAS202109042,2021-09-04,2,WAS,NYN,4,3,WAS11,rogej003,megit002
2021,ANA202109050,2021-09-05,0,ANA,TEX,3,7,ANA01,junkj001,heart001
2021,ARI202109050,2021-09-05,0,ARI,SEA,4,10,PHO01,gilbt001,flexc001
2021,BOS202109050,2021-09-05,0,BOS,CLE,5,11,BOS07,crawk001,plesz001
2021,CHN202109050,2021-09-05,0,CHN,PIT,11,8,CHI11,daviz001,croww001
2021,CIN202109050,2021-09-05,0,CIN,DET,1,4,CIN09,castl003,mizec001
2021,COL202109050,2021-09-05,0,COL,ATL,2,9,DEN02,feltr001,mortc002
2021,KCA202109050,2021-09-05,0,KCA,CHA,6,0,KAN06,singb001,ceasd001
2021,MIA202109050,2021-09-05,0,MIA,PHI,3,4,MIA02,herne002,coons001
2021,MIL202109050,2021-09-05,0,MIL,SLN,6,5,MIL06,burnc002,lestj001
2021,NYA202109050,2021-09-05,0,NYA,BAL,7,8,NYC21,klubc001,akink001
2021,SDN202109050,2021-09-05,0,SDN,HOU,4,3,SAN02,paddc001,garcl007
2021,SFN202109050,2021-09-05,0,SFN,LAN,6,4,SFO03,leond003,buehw001
2021,TBA202109050,2021-09-05,0,TBA,MIN,5,6,STP01,patil001,jax-g001
2021,TOR202109050,2021-09-05,0,TOR,OAK,8,0,TOR02,ray-r002,irvic001
2021,WAS202109050,2021-09-05,0,WAS,NYN,6,13,WAS11,grayj004,walkt004
2021,ANA202109060,2021-09-06,0,ANA,TEX,0,4,ANA01,barrj003,alexa001
2021,BAL202109060,2021-09-06,0,BAL,KCA,2,3,BAL12,lowtz001,bubik001
2021,BOS202109060,2021-09-06,0,BOS,TBA,10,11,BOS07,salec001,yarbr001
2021,CHN202109060,2021-09-06,0,CHN,CIN,4,3,CHI11,steej002,grays001
2021,CLE202109060,2021-09-06,0,CLE,MIN,2,5,CLE08,allel002,oberb002
2021,COL202109060,2021-09-06,0,COL,SFN,5,10,DEN02,freek001,gausk001
2021,HOU202109060,2021-09-06,0,HOU,SEA,11,2,HOU03,mccul002,kikuy001
2021,MIL202109060,2021-09-06,0,MIL,PHI,0,12,MIL06,woodb005,wheez001
2021,NYA202109060,2021-09-06,0,NYA,TOR,0,8,NYC21,tailj001,ryu-h001
2021,PIT202109060,2021-09-06,0,PIT,DET,6,3,PIT08,wilsb003,skubt001
2021,SLN202109060,2021-09-06,0,SLN,LAN,1,5,STL10,mikom001,schem001
2021,WAS202109060,2021-09-06,0,WAS,NYN,4,3,WAS11,corbp001,willt002
2021,ARI202109070,2021-09-07,0,ARI,TEX,1,3,PHO01,gallz001,howas003
2021,ATL202109070,2021-09-07,0,ATL,WAS,8,5,ATL03,friem001,espip001
2021,BAL202109070,2021-09-07,0,BAL,KCA,7,3,BAL12,wella001,kowaj001
2021,BOS202109070,2021-09-07,0,BOS,TBA,7,12,BOS07,rodre004,rasmd002
2021,CHN202109070,2021-09-07,0,CHN,CIN,3,4,CHI11,sampa001,milew001
2021,CLE202109070,2021-09-07,0,CLE,MIN,0,3,CLE08,civaa001,gantj002
2021,COL202109070,2021-09-07,0,COL,SFN,3,12,DEN02,gonzc002,webbl001
2021,HOU202109070,2021-09-07,0,HOU,SEA,5,4,HOU03,odorj001,gilbl002
2021,MIA202109070,2021-09-07,0,MIA,NYN,4,9,MIA02,cabre003,carrc003
2021,MIL202109070,2021-09-07,0,MIL,PHI,10,0,MIL06,lauee001,nolaa001
2021,NYA202109070,2021-09-07,0,NYA,TOR,1,5,NYC21,coleg001,matzs001
2021,OAK202109070,2021-09-07,0,OAK,CHA,3,6,OAK01,kaprj001,lambj003
2021,PIT202109070,2021-09-07,0,PIT,DET,3,2,PIT08,peted001,peraw001
2021,SDN202109070,2021-09-07,0,SDN,ANA,0,4,SAN02,snelb001,naugp001
2021,SLN202109070,2021-09-07,0,SLN,LAN,2,7,STL10,happj001,knebc001
2021,ARI202109080,2021-09-08,0,ARI,TEX,5,8,PHO01,weavl001,arihk001
2021,ATL202109080,2021-09-08,0,ATL,WAS,2,4,ATL03,toust001,nolis001
2021,BAL202109080,2021-09-08,0,BAL,KCA,9,8,BAL12,harvm001,minom001
2021,BOS202109080,2021-09-08,0,BOS,TBA,2,1,BOS07,eovan001,mccls003
2021,CHN202109080,2021-09-08,0,CHN,CIN,4,1,CHI11,milla003,gutiv001
2021,CLE202109080,2021-09-08,0,CLE,MIN,0,3,CLE08,mcket001,ryanj002
2021,COL202109080,2021-09-08,0,COL,SFN,4,7,DEN02,grayj003,desca001
2021,HOU202109080,2021-09-08,0,HOU,SEA,5,8,HOU03,urquj001,andet002
2021,MIA202109080,2021-09-08,0,MIA,NYN,2,1,MIA02,alcas001,hillr001
2021,MIL202109080,2021-09-08,0,MIL,PHI,4,3,MIL06,peraf001,gibsk002
2021,NYA202109080,2021-09-08,0,NYA,TOR,3,6,NYC21,gil-l001,manoa001
2021,OAK202109080,2021-09-08,0,OAK,CHA,5,1,OAK01,montf001,keucd001
2021,PIT202109080,2021-09-08,0,PIT,DET,1,5,PIT08,kellm003,mannm001
2021,SDN202109080,2021-09-08,0,SDN,ANA,8,5,SAN02,darvy001,mayem001
2021,SLN202109080,2021-09-08,0,SLN,LAN,5,4,STL10,waina001,whitm004
2021,ATL202109090,2021-09-09,0,ATL,WAS,7,6,ATL03,ynoah001,fedde001
2021,BAL202109090,2021-09-09,0,BAL,KCA,0,6,BAL12,meanj001,hernc006
2021,CLE202109090,2021-09-09,0,CLE,MIN,4,1,CLE08,quanc001,albea001
2021,MIA202109090,2021-09-09,0,MIA,NYN,3,2,MIA02,luzaj001,strom001
2021,NYA202109090,2021-09-09,0,NYA,TOR,4,6,NYC21,cortn001,berrj001
2021,OAK202109090,2021-09-09,0,OAK,CHA,3,1,OAK01,manas001,loper003
2021,PHI202109090,2021-09-09,0,PHI,COL,3,4,PHI13,suarr001,senza001
2021,SLN202109090,2021-09-09,0,SLN,LAN,2,1,STL10,woodj003,gonst001
2021,ATL202109100,2021-09-10,0,ATL,MIA,6,2,ATL03,andei001,roget003
2021,BAL202109100,2021-09-10,0,BAL,TOR,6,3,BAL12,ellic001,ray-r002
2021,CHA202109100,2021-09-10,0,CHA,BOS,4,3,CHI12,rodoc001,houct001
2021,CHN202109100,2021-09-10,0,CHN,SFN,1,6,CHI11,hendk001,leond003
2021,CLE202109100,2021-09-10,0,CLE,MIL,3,10,CLE08,morge001,housa001
2021,DET202109100,2021-09-10,0,DET,TBA,10,4,DET05,alext001,wachm001
2021,HOU202109100,2021-09-10,0,HOU,ANA,10,5,HOU03,valdf001,ohtas001
2021,LAN202109100,2021-09-10,0,LAN,SDN,3,0,LOS03,uriaj001,musgj001
2021,MIN202109100,2021-09-10,0,MIN,KCA,4,6,MIN04,jax-g001,lyncd001
2021,NYN202109100,2021-09-10,0,NYN,NYA,10,3,NYC20,megit002,montj004
2021,OAK202109100,2021-09-10,0,OAK,TEX,10,5,OAK01,blacp001,ottog001
2021,PHI202109100,2021-09-10,0,PHI,COL,2,11,PHI13,coons001,marqg001
2021,PIT202109100,2021-09-10,0,PIT,WAS,4,3,PIT08,braus002,rogej003
2021,SEA202109100,2021-09-10,0,SEA,ARI,5,4,SEA03,gonzm005,bumgm001
2021,SLN202109100,2021-09-10,0,SLN,CIN,2,4,STL10,lestj001,mahlt001
2021,ATL202109110,2021-09-11,0,ATL,MIA,4,6,ATL03,mortc002,herne002
2021,BAL202109111,2021-09-11,1,BAL,TOR,10,11,BAL12,kremd001,ryu-h001
2021,BAL202109112,2021-09-11,2,BAL,TOR,2,11,BAL12,akink001,hatct001
2021,CHA202109110,2021-09-11,0,CHA,BOS,8,9,CHI12,ceasd001,seabc001
2021,CHN202109110,2021-09-11,0,CHN,SFN,4,15,CHI11,daviz001,gausk001
2021,CLE202109110,2021-09-11,0,CLE,MIL,0,3,CLE08,plesz001,burnc002
2021,DET202109110,2021-09-11,0,DET,TBA,2,7,DET05,mizec001,archc001
2021,HOU202109110,2021-09-11,0,HOU,ANA,2,4,HOU03,garcl007,suarj001
2021,LAN202109110,2021-09-11,0,LAN,SDN,5,4,LOS03,buehw001,paddc001
2021,MIN202109110,2021-09-11,0,MIN,KCA,9,2,MIN04,pinem001,singb001
2021,NYN202109110,2021-09-11,0,NYN,NYA,7,8,NYC20,walkt004,klubc001
2021,OAK202109110,2021-09-11,0,OAK,TEX,6,8,OAK01,irvic001,benjw001
2021,PHI202109110,2021-09-11,0,PHI,COL,6,1,PHI13,wheez001,freek001
2021,PIT202109110,2021-09-11,0,PIT,WAS,10,7,PIT08,croww001,grayj004
2021,SEA202109110,2021-09-11,0,SEA,ARI,3,7,SEA03,flexc001,casth002
2021,SLN202109110,2021-09-11,0,SLN,CIN,6,4,STL10,mikom001,castl003
2021,ATL202109120,2021-09-12,0,ATL,MIA,5,3,ATL03,friem001,cabre003
2021,BAL202109120,2021-09-12,0,BAL,TOR,7,22,BAL12,lowtz001,matzs001
2021,CHA202109120,2021-09-12,0,CHA,BOS,2,1,CHI12,lynnl001,piven001
2021,CHN202109120,2021-09-12,0,CHN,SFN,5,6,CHI11,steej002,webbl001
2021,CLE202109120,2021-09-12,0,CLE,MIL,1,11,CLE08,civaa001,lauee001
2021,DET202109120,2021-09-12,0,DET,TBA,8,7,DET05,skubt001,patil001
2021,HOU202109120,2021-09-12,0,HOU,ANA,3,1,HOU03,mccul002,barrj003
2021,LAN202109120,2021-09-12,0,LAN,SDN,8,0,LOS03,schem001,snelb001
2021,MIN202109120,2021-09-12,0,MIN,KCA,3,5,MIN04,oberb002,bubik001
2021,NYN202109120,2021-09-12,0,NYN,NYA,7,6,NYC20,carrc003,schmc002
2021,OAK202109120,2021-09-12,0,OAK,TEX,3,4,OAK01,kaprj001,heart001
2021,PHI202109120,2021-09-12,0,PHI,COL,4,5,PHI13,nolaa001,feltr001
2021,PIT202109120,2021-09-12,0,PIT,WAS,2,6,PIT08,wilsb003,corbp001
2021,SEA202109120,2021-09-12,0,SEA,ARI,4,5,SEA03,kikuy001,gilbt001
2021,SLN202109120,2021-09-12,0,SLN,CIN,2,0,STL10,happj001,grays001
2021,LAN202109130,2021-09-13,0,LAN,ARI,5,1,LOS03,kersc001,gallz001
2021,NYA202109130,2021-09-13,0,NYA,MIN,6,5,NYC21,gil-l001,gantj002
2021,NYN202109130,2021-09-13,0,NYN,SLN,0,7,NYC20,hillr001,waina001
2021,SEA202109130,2021-09-13,0,SEA,BOS,5,4,SEA03,gilbl002,rodre004
2021,SFN202109130,2021-09-13,0,SFN,SDN,9,1,SFO03,leond003,darvy001
2021,TEX202109130,2021-09-13,0,TEX,HOU,1,15,ARL03,howas003,odorj001
2021,TOR202109130,2021-09-13,0,TOR,TBA,8,1,TOR02,manoa001,mchuc001
2021,WAS202109130,2021-09-13,0,WAS,MIA,0,3,WAS11,espip001,alcas001
2021,ATL202109140,2021-09-14,0,ATL,COL,4,5,ATL03,toust001,grayj003
2021,BAL202109140,2021-09-14,0,BAL,NYA,2,7,BAL12,wella001,coleg001
2021,CHA202109140,2021-09-14,0,CHA,ANA,9,3,CHI12,gioll001,naugp001
2021,DET202109140,2021-09-14,0,DET,MIL,1,0,DET05,peraw001,peraf001
2021,KCA202109140,2021-09-14,0,KCA,OAK,10,7,KAN06,kowaj001,montf001
2021,LAN202109140,2021-09-14,0,LAN,ARI,8,4,LOS03,gonst001,weavl001
2021,MIN202109141,2021-09-14,1,MIN,CLE,1,3,MIN04,ryanj002,mcket001
2021,MIN202109142,2021-09-14,2,MIN,CLE,6,3,MIN04,barnc002,allel002
2021,NYN202109140,2021-09-14,0,NYN,SLN,6,7,NYC20,strom001,woodj003
2021,PHI202109140,2021-09-14,0,PHI,CHN,3,6,PHI13,gibsk002,sampa001
2021,PIT202109140,2021-09-14,0,PIT,CIN,6,5,PIT08,peted001,milew001
2021,SEA202109140,2021-09-14,0,SEA,BOS,4,8,SEA03,andet002,eovan001
2021,SFN202109140,2021-09-14,0,SFN,SDN,6,1,SFO03,desca001,arrij001
2021,TEX202109140,2021-09-14,0,TEX,HOU,8,1,ARL03,lylej001,greiz001
2021,TOR202109140,2021-09-14,0,TOR,TBA,0,2,TOR02,berrj001,rasmd002
2021,WAS202109140,2021-09-14,0,WAS,MIA,8,2,WAS11,fedde001,luzaj001
2021,ATL202109150,2021-09-15,0,ATL,COL,2,3,ATL03,ynoah001,senza001
2021,BAL202109150,2021-09-15,0,BAL,NYA,3,4,BAL12,meanj001,cortn001
2021,CHA202109150,2021-09-15,0,CHA,ANA,2,3,CHI12,keucd001,junkj001
2021,DET202109150,2021-09-15,0,DET,MIL,4,1,DET05,mannm001,woodb005
2021,KCA202109150,2021-09-15,0,KCA,OAK,10,12,KAN06,hernc006,manas001
2021,LAN202109150,2021-09-15,0,LAN,ARI,5,3,LOS03,uriaj001,kellm002
2021,MIN202109150,2021-09-15,0,MIN,CLE,3,12,MIN04,jax-g001,quanc001
2021,NYN202109150,2021-09-15,0,NYN,SLN,4,11,NYC20,megit002,lestj001
2021,PHI202109150,2021-09-15,0,PHI,CHN,6,5,PHI13,suarr001,milla003
2021,PIT202109150,2021-09-15,0,PIT,CIN,5,4,PIT08,kellm003,gutiv001
2021,SEA202109150,2021-09-15,0,SEA,BOS,4,9,SEA03,gonzm005,houct001
2021,SFN202109150,2021-09-15,0,SFN,SDN,6,9,SFO03,leond003,musgj001
2021,TEX202109150,2021-09-15,0,TEX,HOU,2,7,ARL03,arihk001,urquj001
2021,TOR202109150,2021-09-15,0,TOR,TBA,6,3,TOR02,ray-r002,wachm001
2021,WAS202109150,2021-09-15,0,WAS,MIA,6,8,WAS11,rogej003,roget003
2021,BAL202109160,2021-09-16,0,BAL,NYA,3,2,BAL12,ellic001,montj004
2021,CHA202109160,2021-09-16,0,CHA,ANA,3,9,CHI12,loper003,cobba001
2021,KCA202109160,2021-09-16,0,KCA,OAK,2,7,KAN06,lyncd001,blacp001
2021,PHI202109160,2021-09-16,0,PHI,CHN,17,8,PHI13,bedrc001,hendk001
2021,PIT202109160,2021-09-16,0,PIT,CIN,0,1,PIT08,overc001,mahlt001
2021,SFN202109160,2021-09-16,0,SFN,SDN,4,7,SFO03,gausk001,johnp001
2021,TBA202109160,2021-09-16,0,TBA,DET,5,2,STP01,headl001,alext001
2021,TEX202109160,2021-09-16,0,TEX,HOU,1,12,ARL03,ottog001,garcl007
2021,ANA202109170,2021-09-17,0,ANA,OAK,4,5,ANA01,diazj007,irvic001
2021,BOS202109170,2021-09-17,0,BOS,BAL,7,1,BOS07,salec001,akink001
2021,CIN202109170,2021-09-17,0,CIN,LAN,3,1,CIN09,castl003,buehw001
2021,HOU202109170,2021-09-17,0,HOU,ARI,4,3,HOU03,bielb001,bumgm001
2021,KCA202109170,2021-09-17,0,KCA,SEA,2,6,KAN06,heasj001,flexc001
2021,MIA202109170,2021-09-17,0,MIA,PIT,1,2,MIA02,herne002,croww001
2021,MIL202109170,2021-09-17,0,MIL,CHN,8,5,MIL06,housa001,daviz001
2021,NYA202109170,2021-09-17,0,NYA,CLE,8,0,NYC21,klubc001,plesz001
2021,NYN202109170,2021-09-17,0,NYN,PHI,3,4,NYC20,walkt004,wheez001
2021,SFN202109170,2021-09-17,0,SFN,ATL,6,5,SFO03,webbl001,andei001
2021,SLN202109170,2021-09-17,0,SLN,SDN,8,2,STL10,mikom001,velav001
2021,TBA202109170,2021-09-17,0,TBA,DET,7,4,STP01,patil001,mizec001
2021,TEX202109170,2021-09-17,0,TEX,CHA,0,8,ARL03,heart001,ceasd001
2021,TOR202109170,2021-09-17,0,TOR,MIN,3,7,TOR02,ryu-h001,pinem001
2021,WAS202109170,2021-09-17,0,WAS,COL,8,9,WAS11,grayj004,marqg001
2021,ANA202109180,2021-09-18,0,ANA,OAK,1,3,ANA01,suarj001,kaprj001
2021,BOS202109180,2021-09-18,0,BOS,BAL,9,3,BOS07,piven001,lowtz001
2021,CIN202109180,2021-09-18,0,CIN,LAN,1,5,CIN09,grays001,schem001
2021,HOU202109180,2021-09-18,0,HOU,ARI,4,6,HOU03,mccul002,casth002
2021,KCA202109180,2021-09-18,0,KCA,SEA,8,1,KAN06,bubik001,kikuy001
2021,MIA202109180,2021-09-18,0,MIA,PIT,3,6,MIA02,cabre003,wilsb003
2021,MIL202109180,2021-09-18,0,MIL,CHN,6,4,MIL06,burnc002,steej002
2021,NYA202109180,2021-09-18,0,NYA,CLE,3,11,NYC21,gil-l001,civaa001
2021,NYN202109180,2021-09-18,0,NYN,PHI,3,5,NYC20,carrc003,nolaa001
2021,SFN202109180,2021-09-18,0,SFN,ATL,2,0,SFO03,wooda002,mortc002
2021,SLN202109180,2021-09-18,0,SLN,SDN,3,2,STL10,waina001,darvy001
2021,TBA202109180,2021-09-18,0,TBA,DET,3,4,STP01,yarbr001,skubt001
2021,TEX202109180,2021-09-18,0,TEX,CHA,2,1,ARL03,howas003,lynnl001
2021,TOR202109180,2021-09-18,0,TOR,MIN,6,2,TOR02,matzs001,oberb002
2021,WAS202109180,2021-09-18,0,WAS,COL,0,6,WAS11,corbp001,freek001
2021,ANA202109190,2021-09-19,0,ANA,OAK,2,3,ANA01,ohtas001,montf001
2021,BOS202109190,2021-09-19,0,BOS,BAL,8,6,BOS07,eovan001,wella001
2021,CIN202109190,2021-09-19,0,CIN,LAN,5,8,CIN09,milew001,kersc001
2021,HOU202109190,2021-09-19,0,HOU,ARI,7,6,HOU03,greiz001,gallz001
2021,KCA202109190,2021-09-19,0,KCA,SEA,1,7,KAN06,kowaj001,gilbl002
2021,MIA202109190,2021-09-19,0,MIA,PIT,6,5,MIA02,alcas001,kranm001
2021,MIL202109190,2021-09-19,0,MIL,CHN,4,6,MIL06,lauee001,thomk002
2021,NYA202109190,2021-09-19,0,NYA,CLE,1,11,NYC21,coleg001,morge001
2021,NYN202109190,2021-09-19,0,NYN,PHI,3,2,NYC20,hillr001,gibsk002
2021,SFN202109190,2021-09-19,0,SFN,ATL,0,3,SFO03,desca001,friem001
2021,SLN202109190,2021-09-19,0,SLN,SDN,8,7,STL10,happj001,arrij001
2021,TBA202109190,2021-09-19,0,TBA,DET,0,2,STP01,mccls003,peraw001
2021,TEX202109190,2021-09-19,0,TEX,CHA,2,7,ARL03,lylej001,gioll001
2021,TOR202109190,2021-09-19,0,TOR,MIN,5,3,TOR02,berrj001,farrl001
2021,WAS202109190,2021-09-19,0,WAS,COL,3,0,WAS11,espip001,grayj003
2021,ANA202109200,2021-09-20,0,ANA,HOU,0,10,ANA01,barrj003,valdf001
2021,ARI202109200,2021-09-20,0,ARI,ATL,4,11,PHO01,mejih001,ynoah001
2021,CIN202109200,2021-09-20,0,CIN,PIT,9,5,CIN09,gutiv001,peted001
2021,CLE202109201,2021-09-20,1,CLE,KCA,2,7,CLE08,mcket001,singb001
2021,CLE202109202,2021-09-20,2,CLE,KCA,2,4,CLE08,wittn001,payaj001
2021,DET202109200,2021-09-20,0,DET,CHA,4,3,DET05,mannm001,rodoc001
2021,MIA202109200,2021-09-20,0,MIA,WAS,8,7,MIA02,luzaj001,fedde001
2021,MIL202109200,2021-09-20,0,MIL,SLN,2,5,MIL06,peraf001,lestj001
2021,NYA202109200,2021-09-20,0,NYA,TEX,4,3,NYC21,cortn001,alexa001
2021,OAK202109200,2021-09-20,0,OAK,SEA,2,4,OAK01,manas001,andet002
2021,PHI202109200,2021-09-20,0,PHI,BAL,0,2,PHI13,suarr001,meanj001
2021,TBA202109200,2021-09-20,0,TBA,TOR,6,4,STP01,baz-s001,ray-r002
2021,ANA202109210,2021-09-21,0,ANA,HOU,5,10,ANA01,naugp001,urquj001
2021,ARI202109210,2021-09-21,0,ARI,ATL,1,6,PHO01,weavl001,chavj001
2021,BOS202109210,2021-09-21,0,BOS,NYN,6,3,BOS07,rodre004,strom001
2021,CHN202109210,2021-09-21,0,CHN,MIN,5,9,CHI11,milla003,jax-g001
2021,CIN202109210,2021-09-21,0,CIN,PIT,2,6,CIN09,mahlt001,kellm003
2021,CLE202109210,2021-09-21,0,CLE,KCA,4,1,CLE08,quanc001,lyncd001
2021,COL202109210,2021-09-21,0,COL,LAN,4,5,DEN02,senza001,uriaj001
2021,DET202109210,2021-09-21,0,DET,CHA,5,3,DET05,alext001,keucd001
2021,MIA202109210,2021-09-21,0,MIA,WAS,1,7,MIA02,roget003,rogej003
2021,MIL202109210,2021-09-21,0,MIL,SLN,1,2,MIL06,woodb005,woodj003
2021,NYA202109210,2021-09-21,0,NYA,TEX,7,1,NYC21,montj004,dunnd001
2021,OAK202109210,2021-09-21,0,OAK,SEA,2,5,OAK01,blacp001,gonzm005
2021,PHI202109210,2021-09-21,0,PHI,BAL,3,2,PHI13,media001,greec004
2021,SDN202109210,2021-09-21,0,SDN,SFN,5,6,SAN02,musgj001,gausk001
2021,TBA202109210,2021-09-21,0,TBA,TOR,2,4,STP01,rasmd002,manoa001
2021,ANA202109220,2021-09-22,0,ANA,HOU,5,9,ANA01,junkj001,garcl007
2021,ARI202109220,2021-09-22,0,ARI,ATL,2,9,PHO01,kellm002,andei001
2021,BOS202109220,2021-09-22,0,BOS,NYN,12,5,BOS07,salec001,walkt004
2021,CHN202109220,2021-09-22,0,CHN,MIN,4,5,CHI11,hendk001,ryanj002
2021,COL202109220,2021-09-22,0,COL,LAN,10,5,DEN02,marqg001,buehw001
2021,MIA202109220,2021-09-22,0,MIA,WAS,5,7,MIA02,herne002,grayj004
2021,MIL202109220,2021-09-22,0,MIL,SLN,2,10,MIL06,andeb004,mikom001
2021,NYA202109220,2021-09-22,0,NYA,TEX,7,3,NYC21,klubc001,heart001
2021,OAK202109220,2021-09-22,0,OAK,SEA,1,4,OAK01,irvic001,flexc001
2021,PHI202109220,2021-09-22,0,PHI,BAL,4,3,PHI13,wheez001,akink001
2021,SDN202109220,2021-09-22,0,SDN,SFN,6,8,SAN02,velav001,kazms001
2021,TBA202109220,2021-09-22,0,TBA,TOR,7,1,STP01,patil001,merrj001
2021,ANA202109230,2021-09-23,0,ANA,HOU,3,2,ANA01,cobba001,mccul002
2021,ARI202109230,2021-09-23,0,ARI,ATL,6,4,PHO01,bumgm001,mortc002
2021,BAL202109230,2021-09-23,0,BAL,TEX,3,0,BAL12,lowtz001,ottog001
2021,CIN202109230,2021-09-23,0,CIN,WAS,2,3,CIN09,castl003,corbp001
2021,CLE202109231,2021-09-23,1,CLE,CHA,2,7,CLE08,civaa001,loper003
2021,CLE202109232,2021-09-23,2,CLE,CHA,5,3,CLE08,plesz001,kopem001
2021,COL202109230,2021-09-23,0,COL,LAN,5,7,DEN02,freek001,schem001
2021,MIL202109230,2021-09-23,0,MIL,SLN,5,8,MIL06,housa001,waina001
2021,MIN202109230,2021-09-23,0,MIN,TOR,7,2,MIN04,pinem001,matzs001
2021,OAK202109230,2021-09-23,0,OAK,SEA,5,6,OAK01,bassc001,kikuy001
2021,PHI202109230,2021-09-23,0,PHI,PIT,12,6,PHI13,nolaa001,overc001
2021,SDN202109230,2021-09-23,0,SDN,SFN,7,6,SAN02,darvy001,webbl001
2021,ANA202109240,2021-09-24,0,ANA,SEA,5,6,ANA01,suarj001,gilbl002
2021,ARI202109240,2021-09-24,0,ARI,LAN,2,4,PHO01,casth002,gonst001
2021,BAL202109240,2021-09-24,0,BAL,TEX,5,8,BAL12,wella001,howas003
2021,BOS202109240,2021-09-24,0,BOS,NYA,3,8,BOS07,eovan001,coleg001
2021,CHN202109241,2021-09-24,1,CHN,SLN,5,8,CHI11,steej002,happj001
2021,CHN202109242,2021-09-24,2,CHN,SLN,4,12,CHI11,daviz001,flahj002
2021,CIN202109240,2021-09-24,0,CIN,WAS,8,7,CIN09,grays001,espip001
2021,CLE202109240,2021-09-24,0,CLE,CHA,0,1,CLE08,biebs001,ceasd001
2021,COL202109240,2021-09-24,0,COL,SFN,2,7,DEN02,lambp001,wooda002
2021,DET202109240,2021-09-24,0,DET,KCA,1,3,DET05,mizec001,hernc006
2021,MIL202109240,2021-09-24,0,MIL,NYN,5,1,MIL06,lauee001,megit002
2021,MIN202109240,2021-09-24,0,MIN,TOR,3,1,MIN04,oberb002,berrj001
2021,OAK202109240,2021-09-24,0,OAK,HOU,14,2,OAK01,montf001,bielb001
2021,PHI202109240,2021-09-24,0,PHI,PIT,8,6,PHI13,gibsk002,howas002
2021,SDN202109240,2021-09-24,0,SDN,ATL,0,4,SAN02,knehr001,friem001
2021,TBA202109240,2021-09-24,0,TBA,MIA,8,0,STP01,robed002,cabre003
2021,ANA202109250,2021-09-25,0,ANA,SEA,14,1,ANA01,barrj003,andet002
2021,ARI202109250,2021-09-25,0,ARI,LAN,7,2,PHO01,gallz001,kersc001
2021,BAL202109250,2021-09-25,0,BAL,TEX,3,2,BAL12,ellic001,lylej001
2021,BOS202109250,2021-09-25,0,BOS,NYA,3,5,BOS07,piven001,cortn001
2021,CHN202109250,2021-09-25,0,CHN,SLN,5,8,CHI11,sampa001,lestj001
2021,CIN202109250,2021-09-25,0,CIN,WAS,7,6,CIN09,gutiv001,fedde001
2021,CLE202109250,2021-09-25,0,CLE,CHA,6,0,CLE08,morge001,lynnl001
2021,COL202109250,2021-09-25,0,COL,SFN,2,7,DEN02,grayj003,desca001
2021,DET202109250,2021-09-25,0,DET,KCA,5,1,DET05,skubt001,heasj001
2021,MIL202109250,2021-09-25,0,MIL,NYN,2,1,MIL06,burnc002,hillr001
2021,MIN202109250,2021-09-25,0,MIN,TOR,1,6,MIN04,gantj002,ray-r002
2021,OAK202109250,2021-09-25,0,OAK,HOU,2,1,OAK01,manas001,valdf001
2021,PHI202109250,2021-09-25,0,PHI,PIT,3,0,PHI13,suarr001,croww001
2021,SDN202109250,2021-09-25,0,SDN,ATL,8,10,SAN02,velav001,ynoah001
2021,TBA202109250,2021-09-25,0,TBA,MIA,7,3,STP01,mccls003,alcas001
2021,ANA202109260,2021-09-26,0,ANA,SEA,1,5,ANA01,ohtas001,gonzm005
2021,ARI202109260,2021-09-26,0,ARI,LAN,0,3,PHO01,mejih001,uriaj001
2021,BAL202109260,2021-09-26,0,BAL,TEX,4,7,BAL12,meanj001,dunnd001
2021,BOS202109260,2021-09-26,0,BOS,NYA,3,6,BOS07,rodre004,montj004
2021,CHN202109260,2021-09-26,0,CHN,SLN,2,4,CHI11,thomk002,woodj003
2021,CIN202109260,2021-09-26,0,CIN,WAS,9,2,CIN09,mahlt001,rogej003
2021,CLE202109260,2021-09-26,0,CLE,CHA,2,5,CLE08,mcket001,gioll001
2021,COL202109260,2021-09-26,0,COL,SFN,2,6,DEN02,senza001,gausk001
2021,DET202109260,2021-09-26,0,DET,KCA,1,2,DET05,peraw001,bubik001
2021,MIL202109260,2021-09-26,0,MIL,NYN,8,4,MIL06,peraf001,carrc003
2021,MIN202109260,2021-09-26,0,MIN,TOR,2,5,MIN04,jax-g001,manoa001
2021,OAK202109260,2021-09-26,0,OAK,HOU,4,3,OAK01,blacp001,odorj001
2021,PHI202109260,2021-09-26,0,PHI,PIT,0,6,PHI13,crouh001,kranm001
2021,SDN202109260,2021-09-26,0,SDN,ATL,3,4,SAN02,musgj001,chavj001
2021,TBA202109260,2021-09-26,0,TBA,MIA,3,2,STP01,baz-s001,luzaj001
2021,CIN202109270,2021-09-27,0,CIN,PIT,13,1,CIN09,sanmr001,overc001
2021,CLE202109270,2021-09-27,0,CLE,KCA,8,3,CLE08,quanc001,kowaj001
2021,COL202109270,2021-09-27,0,COL,WAS,4,5,DEN02,marqg001,grayj004
2021,DET202109270,2021-09-27,0,DET,CHA,7,8,DET05,mannm001,keucd001
2021,SEA202109270,2021-09-27,0,SEA,OAK,13,4,SEA03,flexc001,irvic001
2021,ATL202109280,2021-09-28,0,ATL,PHI,2,1,ATL03,mortc002,wheez001
2021,BAL202109280,2021-09-28,0,BAL,BOS,4,2,BAL12,zimmb002,salec001
2021,CHA202109280,2021-09-28,0,CHA,CIN,7,1,CHI12,loper003,obrir001
2021,COL202109280,2021-09-28,0,COL,WAS,3,1,DEN02,freek001,corbp001
2021,HOU202109280,2021-09-28,0,HOU,TBA,4,3,HOU03,urquj001,wachm001
2021,KCA202109280,2021-09-28,0,KCA,CLE,6,4,KAN06,singb001,civaa001
2021,LAN202109280,2021-09-28,0,LAN,SDN,2,1,LOS03,buehw001,darvy001
2021,MIN202109280,2021-09-28,0,MIN,DET,3,2,MIN04,barnc002,alext001
2021,NYN202109281,2021-09-28,1,NYN,MIA,5,2,NYC20,strom001,thomz001
2021,NYN202109282,2021-09-28,2,NYN,MIA,2,1,NYC20,syndn001,roget003
2021,PIT202109280,2021-09-28,0,PIT,CHN,8,6,PIT08,kellm003,milla003
2021,SEA202109280,2021-09-28,0,SEA,OAK,4,2,SEA03,andet002,bassc001
2021,SFN202109280,2021-09-28,0,SFN,ARI,6,4,SFO03,webbl001,weavl001
2021,SLN202109280,2021-09-28,0,SLN,MIL,6,2,STL10,waina001,woodb005
2021,TEX202109280,2021-09-28,0,TEX,ANA,5,2,ARL03,alexa001,naugp001
2021,TOR202109280,2021-09-28,0,TOR,NYA,2,7,TOR02,ryu-h001,tailj001
2021,ATL202109290,2021-09-29,0,ATL,PHI,7,2,ATL03,friem001,nolaa001
2021,BAL202109290,2021-09-29,0,BAL,BOS,0,6,BAL12,lowtz001,eovan001
2021,CHA202109290,2021-09-29,0,CHA,CIN,6,1,CHI12,rodoc001,grays001
2021,COL202109290,2021-09-29,0,COL,WAS,10,5,DEN02,lambp001,espip001
2021,HOU202109290,2021-09-29,0,HOU,TBA,0,7,HOU03,garcl007,rasmd002
2021,KCA202109290,2021-09-29,0,KCA,CLE,10,5,KAN06,lyncd001,plesz001
2021,LAN202109290,2021-09-29,0,LAN,SDN,11,9,LOS03,schem001,weatr001
2021,MIN202109290,2021-09-29,0,MIN,DET,5,2,MIN04,pinem001,mizec001
2021,NYN202109290,2021-09-29,0,NYN,MIA,2,3,NYC20,walkt004,herne002
2021,PIT202109290,2021-09-29,0,PIT,CHN,2,3,PIT08,contr001,hendk001
2021,SEA202109290,2021-09-29,0,SEA,OAK,4,2,SEA03,gilbl002,montf001
2021,SFN202109290,2021-09-29,0,SFN,ARI,1,0,SFO03,wooda002,kellm002
2021,SLN202109290,2021-09-29,0,SLN,MIL,0,4,STL10,mikom001,housa001
2021,TEX202109290,2021-09-29,0,TEX,ANA,2,7,ARL03,heart001,junkj001
2021,TOR202109290,2021-09-29,0,TOR,NYA,6,5,TOR02,berrj001,coleg001
2021,ATL202109300,2021-09-30,0,ATL,PHI,5,3,ATL03,andei001,gibsk002
2021,BAL202109300,2021-09-30,0,BAL,BOS,6,2,BAL12,wella001,piven001
2021,HOU202109300,2021-09-30,0,HOU,TBA,3,2,HOU03,mccul002,mchuc001
2021,KCA202109300,2021-09-30,0,KCA,CLE,1,6,KAN06,zerpa001,biebs001
2021,LAN202109300,2021-09-30,0,LAN,SDN,8,3,LOS03,gonst001,velav001
2021,MIN202109300,2021-09-30,0,MIN,DET,7,10,MIN04,ryanj002,skubt001
2021,NYN202109300,2021-09-30,0,NYN,MIA,12,3,NYC20,hillr001,cabre003
2021,PIT202109300,2021-09-30,0,PIT,CHN,0,9,PIT08,yajum001,steej002
2021,SFN202109300,2021-09-30,0,SFN,ARI,5,4,SFO03,kazms001,bumgm001
2021,SLN202109300,2021-09-30,0,SLN,MIL,4,3,STL10,happj001,andeb004
2021,TEX202109300,2021-09-30,0,TEX,ANA,7,6,ARL03,ottog001,cobba001
2021,TOR202109300,2021-09-30,0,TOR,NYA,2,6,TOR02,ray-r002,klubc001
2021,ARI202110010,2021-10-01,0,ARI,COL,7,9,PHO01,casth002,grayj003
2021,ATL202110010,2021-10-01,0,ATL,NYN,3,4,ATL03,ynoah001,megit002
2021,CHA202110010,2021-10-01,0,CHA,DET,8,1,CHI12,lynnl001,peraw001
2021,HOU202110010,2021-10-01,0,HOU,OAK,6,8,HOU03,valdf001,manas001
2021,KCA202110010,2021-10-01,0,KCA,MIN,11,6,KAN06,heasj001,gantj002
2021,LAN202110010,2021-10-01,0,LAN,MIL,8,6,LOS03,kersc001,lauee001
2021,MIA202110010,2021-10-01,0,MIA,PHI,0,5,MIA02,alcas001,suarr001
2021,NYA202110010,2021-10-01,0,NYA,TBA,3,4,NYC21,cortn001,mccls003
2021,PIT202110010,2021-10-01,0,PIT,CIN,9,2,PIT08,croww001,castl003
2021,SEA202110010,2021-10-01,0,SEA,ANA,1,2,SEA03,gonzm005,suarj001
2021,SFN202110010,2021-10-01,0,SFN,SDN,3,0,SFO03,desca001,avilp001
2021,SLN202110010,2021-10-01,0,SLN,CHN,4,3,STL10,hudsd002,abboc001
2021,TEX202110010,2021-10-01,0,TEX,CLE,6,9,ARL03,howas003,morge001
2021,TOR202110010,2021-10-01,0,TOR,BAL,6,4,TOR02,matzs001,eshet001
2021,WAS202110010,2021-10-01,0,WAS,BOS,2,4,WAS11,rogej003,rodre004
2021,ARI202110020,2021-10-02,0,ARI,COL,11,2,PHO01,gallz001,senza001
2021,ATL202110020,2021-10-02,0,ATL,NYN,6,5,ATL03,chavj001,carrc003
2021,CHA202110020,2021-10-02,0,CHA,DET,5,4,CHI12,gioll001,mannm001
2021,HOU202110020,2021-10-02,0,HOU,OAK,10,4,HOU03,odorj001,blacp001
2021,KCA202110020,2021-10-02,0,KCA,MIN,0,4,KAN06,bubik001,jax-g001
2021,LAN202110020,2021-10-02,0,LAN,MIL,8,3,LOS03,uriaj001,burnc002
2021,MIA202110020,2021-10-02,0,MIA,PHI,3,1,MIA02,luzaj001,crouh001
2021,NYA202110020,2021-10-02,0,NYA,TBA,2,12,NYC21,montj004,baz-s001
2021,PIT202110020,2021-10-02,0,PIT,CIN,8,6,PIT08,kranm001,mahlt001
2021,SEA202110020,2021-10-02,0,SEA,ANA,6,4,SEA03,flexc001,diazj007
2021,SFN202110020,2021-10-02,0,SFN,SDN,2,3,SFO03,gausk001,musgj001
2021,SLN202110020,2021-10-02,0,SLN,CHN,5,6,STL10,lestj001,sampa001
2021,TEX202110020,2021-10-02,0,TEX,CLE,7,2,ARL03,lylej001,mcket001
2021,TOR202110020,2021-10-02,0,TOR,BAL,10,1,TOR02,manoa001,meanj001
2021,WAS202110020,2021-10-02,0,WAS,BOS,3,5,WAS11,grayj004,houct001
2021,ARI202110030,2021-10-03,0,ARI,COL,5,4,PHO01,mejih001,gouda001
2021,ATL202110030,2021-10-03,0,ATL,NYN,5,0,ATL03,mortc002,syndn001
2021,CHA202110030,2021-10-03,0,CHA,DET,2,5,CHI12,ceasd001,alext001
2021,HOU202110030,2021-10-03,0,HOU,OAK,7,6,HOU03,urquj001,irvic001
2021,KCA202110030,2021-10-03,0,KCA,MIN,3,7,KAN06,kowaj001,barnc002
2021,LAN202110030,2021-10-03,0,LAN,MIL,10,3,LOS03,buehw001,andeb004
2021,MIA202110030,2021-10-03,0,MIA,PHI,5,4,MIA02,lopep002,faltb001
2021,NYA202110030,2021-10-03,0,NYA,TBA,1,0,NYC21,tailj001,wachm001
2021,PIT202110030,2021-10-03,0,PIT,CIN,3,6,PIT08,kellm003,sanmr001
2021,SEA202110030,2021-10-03,0,SEA,ANA,3,7,SEA03,andet002,detmr001
2021,SFN202110030,2021-10-03,0,SFN,SDN,11,4,SFO03,webbl001,knehr001
2021,SLN202110030,2021-10-03,0,SLN,CHN,2,3,STL10,woodj003,milla003
2021,TEX202110030,2021-10-03,0,TEX,CLE,0,6,ARL03,dunnd001,civaa001
2021,TOR202110030,2021-10-03,0,TOR,BAL,12,4,TOR02,ryu-h001,zimmb002
2021,WAS202110030,2021-10-03,0,WAS,BOS,5,7,WAS11,adonj001,salec001
2022,ANA202204070,2022-04-07,0,ANA,HOU,1,3,ANA01,ohtas001,valdf001
2022,ARI202204070,2022-04-07,0,ARI,SDN,4,2,PHO01,bumgm001,darvy001
2022,ATL202204070,2022-04-07,0,ATL,CIN,3,6,ATL03,friem001,mahlt001
2022,CHN202204070,2022-04-07,0,CHN,MIL,5,4,CHI11,hendk001,burnc002
2022,KCA202204070,2022-04-07,0,KCA,CLE,3,1,KAN06,greiz001,biebs001
2022,SLN202204070,2022-04-07,0,SLN,PIT,9,0,STL10,waina001,brubj001
2022,WAS202204070,2022-04-07,0,WAS,NYN,1,5,WAS11,corbp001,megit002
2022,ANA202204080,2022-04-08,0,ANA,HOU,6,13,ANA01,detmr001,odorj001
2022,ARI202204080,2022-04-08,0,ARI,SDN,0,3,PHO01,kellm002,manas001
2022,ATL202204080,2022-04-08,0,ATL,CIN,7,6,ATL03,mortc002,sanmr001
2022,COL202204080,2022-04-08,0,COL,LAN,3,5,DEN02,freek001,buehw001
2022,DET202204080,2022-04-08,0,DET,CHA,5,4,DET05,rodre004,gioll001
2022,MIN202204080,2022-04-08,0,MIN,SEA,1,2,MIN04,ryanj002,ray-r002
2022,NYA202204080,2022-04-08,0,NYA,BOS,6,5,NYC21,coleg001,eovan001
2022,PHI202204080,2022-04-08,0,PHI,OAK,9,5,PHI13,nolaa001,montf001
2022,SFN202204080,2022-04-08,0,SFN,MIA,6,5,SFO03,webbl001,alcas001
2022,TBA202204080,2022-04-08,0,TBA,BAL,2,1,STP01,mccls003,meanj001
2022,TOR202204080,2022-04-08,0,TOR,TEX,10,8,TOR02,berrj001,grayj003
2022,WAS202204080,2022-04-08,0,WAS,NYN,3,7,WAS11,grayj004,schem001
2022,ANA202204090,2022-04-09,0,ANA,HOU,2,0,ANA01,syndn001,verlj001
2022,ARI202204090,2022-04-09,0,ARI,SDN,2,5,PHO01,daviz001,musgj001
2022,ATL202204090,2022-04-09,0,ATL,CIN,2,1,ATL03,wrigk001,gutiv001
2022,CHN202204090,2022-04-09,0,CHN,MIL,9,0,CHI11,steej002,woodb005
2022,COL202204090,2022-04-09,0,COL,LAN,3,2,DEN02,marqg001,gonst001
2022,DET202204090,2022-04-09,0,DET,CHA,2,5,DET05,mizec001,ceasd001
2022,KCA202204090,2022-04-09,0,KCA,CLE,1,0,KAN06,kellb003,plesz001
2022,MIN202204090,2022-04-09,0,MIN,SEA,3,4,MIN04,grays001,gilbl002
2022,NYA202204090,2022-04-09,0,NYA,BOS,4,2,NYC21,sevel001,piven001
2022,PHI202204090,2022-04-09,0,PHI,OAK,4,2,PHI13,gibsk002,irvic001
2022,SFN202204090,2022-04-09,0,SFN,MIA,1,2,SFO03,rodoc001,lopep002
2022,SLN202204090,2022-04-09,0,SLN,PIT,6,2,STL10,mikom001,kellm003
2022,TBA202204090,2022-04-09,0,TBA,BAL,5,3,STP01,rasmd002,lylej001
2022,TOR202204090,2022-04-09,0,TOR,TEX,4,3,TOR02,gausk001,dunnd001
2022,WAS202204090,2022-04-09,0,WAS,NYN,0,5,WAS11,adonj001,bassc001
2022,ANA202204100,2022-04-10,0,ANA,HOU,1,4,ANA01,suarj001,urquj001
2022,ARI202204100,2022-04-10,0,ARI,SDN,5,10,PHO01,smitc006,snelb001
2022,ATL202204100,2022-04-10,0,ATL,CIN,3,6,ATL03,andei001,greeh001
2022,CHN202204100,2022-04-10,0,CHN,MIL,4,5,CHI11,strom001,peraf001
2022,COL202204100,2022-04-10,0,COL,LAN,9,4,DEN02,senza001,uriaj001
2022,DET202204100,2022-04-10,0,DET,CHA,1,10,DET05,skubt001,kopem001
2022,KCA202204100,2022-04-10,0,KCA,CLE,3,17,KAN06,bubik001,quanc001
2022,MIN202204100,2022-04-10,0,MIN,SEA,10,4,MIN04,oberb002,gonzm005
2022,NYA202204100,2022-04-10,0,NYA,BOS,3,4,NYC21,montj004,houct001
2022,PHI202204100,2022-04-10,0,PHI,OAK,1,4,PHI13,efliz001,jeffd001
2022,SFN202204100,2022-04-10,0,SFN,MIA,3,2,SFO03,desca001,roget003
2022,SLN202204100,2022-04-10,0,SLN,PIT,4,9,STL10,matzs001,wilsb003
2022,TBA202204100,2022-04-10,0,TBA,BAL,8,0,STP01,klubc001,wellt003
2022,TOR202204100,2022-04-10,0,TOR,TEX,6,12,TOR02,ryu-h001,howas003
2022,WAS202204100,2022-04-10,0,WAS,NYN,4,2,WAS11,fedde001,carrc003
2022,ANA202204110,2022-04-11,0,ANA,MIA,6,2,ANA01,lorem002,herne002
2022,ATL202204110,2022-04-11,0,ATL,WAS,2,11,ATL03,ynoah001,rogej003
2022,BAL202204110,2022-04-11,0,BAL,MIL,2,0,BAL12,zimmb002,housa001
2022,DET202204110,2022-04-11,0,DET,BOS,3,1,DET05,mannm001,wachm001
2022,KCA202204110,2022-04-11,0,KCA,CLE,7,10,KAN06,hernc006,civaa001
2022,MIN202204110,2022-04-11,0,MIN,SEA,4,0,MIN04,bundd001,flexc001
2022,NYA202204110,2022-04-11,0,NYA,TOR,0,3,NYC21,tailj001,manoa001
2022,PHI202204110,2022-04-11,0,PHI,NYN,5,4,PHI13,suarr001,walkt004
2022,SFN202204110,2022-04-11,0,SFN,SDN,2,4,SFO03,wooda002,martn002
2022,TBA202204110,2022-04-11,0,TBA,OAK,2,13,STP01,patil001,blacp001
2022,TEX202204110,2022-04-11,0,TEX,COL,4,6,ARL03,heart001,gomba001
2022,ANA202204120,2022-04-12,0,ANA,MIA,4,3,ANA01,sandp002,luzaj001
2022,ARI202204120,2022-04-12,0,ARI,HOU,1,2,PHO01,bumgm001,garcl007
2022,ATL202204120,2022-04-12,0,ATL,WAS,16,4,ATL03,eldeb001,corbp001
2022,BAL202204120,2022-04-12,0,BAL,MIL,4,5,BAL12,watks003,lauee001
2022,CHA202204120,2022-04-12,0,CHA,SEA,3,2,CHI12,velav001,brasm001
2022,CIN202204120,2022-04-12,0,CIN,CLE,5,10,CIN09,mahlt001,biebs001
2022,DET202204120,2022-04-12,0,DET,BOS,3,5,DET05,alext001,hillr001
2022,MIN202204120,2022-04-12,0,MIN,LAN,2,7,MIN04,archc001,heana001
2022,NYA202204120,2022-04-12,0,NYA,TOR,4,0,NYC21,cortn001,kikuy001
2022,PHI202204120,2022-04-12,0,PHI,NYN,0,2,PHI13,wheez001,megit002
2022,PIT202204120,2022-04-12,0,PIT,CHN,1,2,PIT08,quinj001,smyld001
2022,SFN202204120,2022-04-12,0,SFN,SDN,13,2,SFO03,cobba001,darvy001
2022,SLN202204120,2022-04-12,0,SLN,KCA,6,5,STL10,hudsd002,lyncd001
2022,TBA202204120,2022-04-12,0,TBA,OAK,9,8,STP01,romet001,ollea001
2022,TEX202204120,2022-04-12,0,TEX,COL,1,4,ARL03,perem004,kuhlc001
2022,ARI202204130,2022-04-13,0,ARI,HOU,3,2,PHO01,kellm002,valdf001
2022,ATL202204130,2022-04-13,0,ATL,WAS,1,3,ATL03,friem001,grayj004
2022,BAL202204130,2022-04-13,0,BAL,MIL,2,4,BAL12,meanj001,burnc002
2022,CHA202204130,2022-04-13,0,CHA,SEA,6,4,CHI12,keucd001,ray-r002
2022,CIN202204130,2022-04-13,0,CIN,CLE,3,7,CIN09,lodon001,mcket001
2022,DET202204130,2022-04-13,0,DET,BOS,7,9,DET05,rodre004,eovan001
2022,MIN202204130,2022-04-13,0,MIN,LAN,0,7,MIN04,paddc001,kersc001
2022,NYA202204130,2022-04-13,0,NYA,TOR,4,6,NYC21,coleg001,berrj001
2022,PHI202204130,2022-04-13,0,PHI,NYN,6,9,PHI13,nolaa001,schem001
2022,PIT202204130,2022-04-13,0,PIT,CHN,6,2,PIT08,thomz001,hendk001
2022,SFN202204130,2022-04-13,0,SFN,SDN,2,1,SFO03,webbl001,manas001
2022,TBA202204130,2022-04-13,0,TBA,OAK,2,4,STP01,mccls003,montf001
2022,CHA202204140,2022-04-14,0,CHA,SEA,1,5,CHI12,lambj003,gilbl002
2022,COL202204140,2022-04-14,0,COL,CHN,2,5,DEN02,freek001,steej002
2022,KCA202204140,2022-04-14,0,KCA,DET,2,4,KAN06,greiz001,mizec001
2022,LAN202204140,2022-04-14,0,LAN,CIN,9,3,LOS03,buehw001,cessl001
2022,MIA202204140,2022-04-14,0,MIA,PHI,4,3,MIA02,alcas001,gibsk002
2022,MIL202204140,2022-04-14,0,MIL,SLN,5,1,MIL06,woodb005,waina001
2022,NYA202204140,2022-04-14,0,NYA,TOR,3,0,NYC21,sevel001,gausk001
2022,PIT202204140,2022-04-14,0,PIT,WAS,9,4,PIT08,brubj001,adonj001
2022,SDN202204140,2022-04-14,0,SDN,ATL,12,1,SAN02,musgj001,mortc002
2022,TBA202204140,2022-04-14,0,TBA,OAK,3,6,STP01,flemj001,irvic001
2022,TEX202204140,2022-04-14,0,TEX,ANA,10,5,ARL03,dunnd001,ohtas001
2022,BAL202204150,2022-04-15,0,BAL,NYA,2,1,BAL12,lylej001,montj004
2022,BOS202204150,2022-04-15,0,BOS,MIN,4,8,BOS07,piven001,ryanj002
2022,CHA202204150,2022-04-15,0,CHA,TBA,3,2,CHI12,ceasd001,rasmd002
2022,CLE202204150,2022-04-15,0,CLE,SFN,1,4,CLE08,plesz001,rodoc001
2022,COL202204150,2022-04-15,0,COL,CHN,6,5,DEN02,marqg001,strom001
2022,KCA202204150,2022-04-15,0,KCA,DET,1,2,KAN06,kellb003,skubt001
2022,LAN202204150,2022-04-15,0,LAN,CIN,3,1,LOS03,gonst001,gutiv001
2022,MIA202204150,2022-04-15,0,MIA,PHI,7,1,MIA02,lopep002,efliz001
2022,MIL202204150,2022-04-15,0,MIL,SLN,1,10,MIL06,peraf001,mikom001
2022,NYN202204150,2022-04-15,0,NYN,ARI,10,3,NYC20,bassc001,daviz001
2022,PIT202204150,2022-04-15,0,PIT,WAS,2,7,PIT08,kellm003,fedde001
2022,SDN202204150,2022-04-15,0,SDN,ATL,2,5,SAN02,gorem001,wrigk001
2022,SEA202204150,2022-04-15,0,SEA,HOU,11,1,SEA03,gonzm005,odorj001
2022,TEX202204150,2022-04-15,0,TEX,ANA,6,9,ARL03,bushm001,detmr001
2022,TOR202204150,2022-04-15,0,TOR,OAK,4,1,TOR02,strir001,jeffd001
2022,BAL202204160,2022-04-16,0,BAL,NYA,2,5,BAL12,wellt003,tailj001
2022,BOS202204160,2022-04-16,0,BOS,MIN,4,0,BOS07,houct001,grays001
2022,CHA202204160,2022-04-16,0,CHA,TBA,3,2,CHI12,kopem001,klubc001
2022,CLE202204160,2022-04-16,0,CLE,SFN,2,4,CLE08,quanc001,desca001
2022,COL202204160,2022-04-16,0,COL,CHN,9,6,DEN02,senza001,leitm002
2022,KCA202204160,2022-04-16,0,KCA,DET,3,1,KAN06,bubik001,mannm001
2022,LAN202204160,2022-04-16,0,LAN,CIN,5,2,LOS03,uriaj001,greeh001
2022,MIA202204160,2022-04-16,0,MIA,PHI,3,10,MIA02,roget003,suarr001
2022,MIL202204160,2022-04-16,0,MIL,SLN,1,2,MIL06,housa001,matzs001
2022,NYN202204160,2022-04-16,0,NYN,ARI,2,3,NYC20,carrc003,gallz001
2022,PIT202204160,2022-04-16,0,PIT,WAS,6,4,PIT08,wilsb003,rogej003
2022,SDN202204160,2022-04-16,0,SDN,ATL,2,5,SAN02,martn002,andei001
2022,SEA202204160,2022-04-16,0,SEA,HOU,0,4,SEA03,flexc001,verlj001
2022,TEX202204160,2022-04-16,0,TEX,ANA,2,7,ARL03,heart001,syndn001
2022,TOR202204160,2022-04-16,0,TOR,OAK,5,7,TOR02,ryu-h001,blacp001
2022,BAL202204170,2022-04-17,0,BAL,NYA,5,0,BAL12,zimmb002,cortn001
2022,BOS202204170,2022-04-17,0,BOS,MIN,8,1,BOS07,wachm001,oberb002
2022,CHA202204170,2022-04-17,0,CHA,TBA,3,9,CHI12,velav001,feyej001
2022,CLE202204170,2022-04-17,0,CLE,SFN,1,8,CLE08,civaa001,wooda002
2022,COL202204170,2022-04-17,0,COL,CHN,4,6,DEN02,gomba001,smyld001
2022,LAN202204170,2022-04-17,0,LAN,CIN,9,1,LOS03,heana001,mahlt001
2022,MIA202204170,2022-04-17,0,MIA,PHI,11,3,MIA02,herne002,wheez001
2022,MIL202204170,2022-04-17,0,MIL,SLN,6,5,MIL06,ashba003,hudsd002
2022,NYN202204170,2022-04-17,0,NYN,ARI,5,0,NYC20,peted003,casth002
2022,PIT202204170,2022-04-17,0,PIT,WAS,5,3,PIT08,quinj001,corbp001
2022,SDN202204170,2022-04-17,0,SDN,ATL,2,1,SAN02,darvy001,eldeb001
2022,SEA202204170,2022-04-17,0,SEA,HOU,7,2,SEA03,brasm001,urquj001
2022,TEX202204170,2022-04-17,0,TEX,ANA,3,8,ARL03,perem004,suarj001
2022,TOR202204170,2022-04-17,0,TOR,OAK,4,3,TOR02,manoa001,ollea001
2022,BOS202204180,2022-04-18,0,BOS,MIN,3,8,BOS07,hillr001,bundd001
2022,CHN202204180,2022-04-18,0,CHN,TBA,4,2,CHI11,hendk001,mccls003
2022,COL202204180,2022-04-18,0,COL,PHI,4,1,DEN02,kuhlc001,nolaa001
2022,HOU202204180,2022-04-18,0,HOU,ANA,8,3,HOU03,garcl007,lorem002
2022,LAN202204180,2022-04-18,0,LAN,ATL,7,4,LOS03,kersc001,ynoah001
2022,MIL202204180,2022-04-18,0,MIL,PIT,6,1,MIL06,lauee001,thomz001
2022,OAK202204180,2022-04-18,0,OAK,BAL,5,1,OAK01,montf001,watks003
2022,SDN202204180,2022-04-18,0,SDN,CIN,4,1,SAN02,manas001,lodon001
2022,BOS202204190,2022-04-19,0,BOS,TOR,2,1,BOS07,eovan001,kikuy001
2022,CHN202204190,2022-04-19,0,CHN,TBA,5,6,CHI11,steej002,wislm001
2022,COL202204190,2022-04-19,0,COL,PHI,6,5,DEN02,freek001,gibsk002
2022,DET202204190,2022-04-19,0,DET,NYA,2,4,DET05,alext001,coleg001
2022,HOU202204190,2022-04-19,0,HOU,ANA,2,7,HOU03,valdf001,sandp002
2022,KCA202204190,2022-04-19,0,KCA,MIN,4,3,KAN06,hernc006,archc001
2022,LAN202204190,2022-04-19,0,LAN,ATL,1,3,LOS03,buehw001,friem001
2022,MIA202204190,2022-04-19,0,MIA,SLN,1,5,MIA02,luzaj001,waina001
2022,MIL202204190,2022-04-19,0,MIL,PIT,5,2,MIL06,burnc002,brubj001
2022,NYN202204191,2022-04-19,1,NYN,SFN,5,4,NYC20,megit002,cobba001
2022,NYN202204192,2022-04-19,2,NYN,SFN,3,1,NYC20,schem001,webbl001
2022,OAK202204190,2022-04-19,0,OAK,BAL,2,1,OAK01,irvic001,ellic001
2022,SDN202204190,2022-04-19,0,SDN,CIN,6,2,SAN02,musgj001,sanmr001
2022,SEA202204190,2022-04-19,0,SEA,TEX,6,2,SEA03,ray-r002,grayj003
2022,WAS202204191,2022-04-19,1,WAS,ARI,6,1,WAS11,grayj004,bumgm001
2022,WAS202204192,2022-04-19,2,WAS,ARI,1,0,WAS11,adonj001,gilbt001
2022,BOS202204200,2022-04-20,0,BOS,TOR,1,6,BOS07,piven001,berrj001
2022,CHN202204200,2022-04-20,0,CHN,TBA,2,8,CHI11,strom001,rasmd002
2022,CLE202204201,2022-04-20,1,CLE,CHA,11,1,CLE08,biebs001,keucd001
2022,CLE202204202,2022-04-20,2,CLE,CHA,2,1,CLE08,mcket001,lambj003
2022,COL202204200,2022-04-20,0,COL,PHI,6,9,DEN02,marqg001,efliz001
2022,DET202204200,2022-04-20,0,DET,NYA,3,5,DET05,rodre004,sevel001
2022,HOU202204200,2022-04-20,0,HOU,ANA,0,6,HOU03,odorj001,ohtas001
2022,KCA202204200,2022-04-20,0,KCA,MIN,2,0,KAN06,lyncd001,paddc001
2022,LAN202204200,2022-04-20,0,LAN,ATL,5,1,LOS03,gonst001,mortc002
2022,MIA202204200,2022-04-20,0,MIA,SLN,0,2,MIA02,alcas001,mikom001
2022,MIL202204200,2022-04-20,0,MIL,PIT,4,2,MIL06,woodb005,kellm003
2022,NYN202204200,2022-04-20,0,NYN,SFN,2,5,NYC20,bassc001,rodoc001
2022,OAK202204200,2022-04-20,0,OAK,BAL,0,1,OAK01,jeffd001,lylej001
2022,SDN202204200,2022-04-20,0,SDN,CIN,6,0,SAN02,gorem001,gutiv001
2022,SEA202204200,2022-04-20,0,SEA,TEX,4,2,SEA03,gilbl002,dunnd001
2022,WAS202204200,2022-04-20,0,WAS,ARI,2,11,WAS11,fedde001,kellm002
2022,BOS202204210,2022-04-21,0,BOS,TOR,2,3,BOS07,houct001,gausk001
2022,CHN202204210,2022-04-21,0,CHN,PIT,3,4,CHI11,leitm002,wilsb003
2022,CLE202204210,2022-04-21,0,CLE,CHA,6,3,CLE08,plesz001,ceasd001
2022,DET202204210,2022-04-21,0,DET,NYA,3,0,DET05,pinem001,montj004
2022,KCA202204210,2022-04-21,0,KCA,MIN,0,1,KAN06,greiz001,ryanj002
2022,MIA202204210,2022-04-21,0,MIA,SLN,5,0,MIA02,lopep002,hickj002
2022,NYN202204210,2022-04-21,0,NYN,SFN,6,2,NYC20,carrc003,desca001
2022,OAK202204210,2022-04-21,0,OAK,BAL,6,4,OAK01,blacp001,wellt003
2022,SEA202204210,2022-04-21,0,SEA,TEX,6,8,SEA03,gonzm005,heart001
2022,WAS202204210,2022-04-21,0,WAS,ARI,3,4,WAS11,rogej003,daviz001
2022,ANA202204220,2022-04-22,0,ANA,BAL,3,5,ANA01,detmr001,zimmb002
2022,ARI202204220,2022-04-22,0,ARI,NYN,5,6,PHO01,gallz001,peted003
2022,ATL202204220,2022-04-22,0,ATL,MIA,3,0,ATL03,wrigk001,roget003
2022,CHN202204220,2022-04-22,0,CHN,PIT,2,4,CHI11,smyld001,quinj001
2022,CIN202204220,2022-04-22,0,CIN,SLN,2,4,CIN09,greeh001,matzs001
2022,HOU202204220,2022-04-22,0,HOU,TOR,3,4,HOU03,verlj001,strir001
2022,MIN202204220,2022-04-22,0,MIN,CHA,2,1,MIN04,oberb002,kopem001
2022,NYA202204220,2022-04-22,0,NYA,CLE,4,1,NYC21,tailj001,morge001
2022,OAK202204220,2022-04-22,0,OAK,TEX,1,8,OAK01,ollea001,ottog001
2022,PHI202204220,2022-04-22,0,PHI,MIL,4,2,PHI13,suarr001,peraf001
2022,SDN202204220,2022-04-22,0,SDN,LAN,1,6,SAN02,martn002,uriaj001
2022,SEA202204220,2022-04-22,0,SEA,KCA,4,1,SEA03,flexc001,kellb003
2022,TBA202204220,2022-04-22,0,TBA,BOS,3,4,STP01,klubc001,wachm001
2022,WAS202204220,2022-04-22,0,WAS,SFN,1,7,WAS11,corbp001,longs002
2022,ANA202204230,2022-04-23,0,ANA,BAL,4,5,ANA01,syndn001,watks003
2022,ARI202204230,2022-04-23,0,ARI,NYN,5,2,PHO01,casth002,willt002
2022,ATL202204230,2022-04-23,0,ATL,MIA,7,9,ATL03,andei001,herne002
2022,CHN202204230,2022-04-23,0,CHN,PIT,21,0,CHI11,hendk001,thomz001
2022,CIN202204230,2022-04-23,0,CIN,SLN,0,5,CIN09,mahlt001,hudsd002
2022,DET202204231,2022-04-23,1,DET,COL,13,0,DET05,skubt001,senza001
2022,DET202204232,2022-04-23,2,DET,COL,2,3,DET05,brieb001,gomba001
2022,HOU202204230,2022-04-23,0,HOU,TOR,2,3,HOU03,urquj001,manoa001
2022,MIN202204230,2022-04-23,0,MIN,CHA,9,2,MIN04,bundd001,velav001
2022,NYA202204230,2022-04-23,0,NYA,CLE,5,4,NYC21,cortn001,quanc001
2022,OAK202204230,2022-04-23,0,OAK,TEX,0,2,OAK01,montf001,perem004
2022,PHI202204230,2022-04-23,0,PHI,MIL,3,5,PHI13,wheez001,housa001
2022,SDN202204230,2022-04-23,0,SDN,LAN,3,2,SAN02,darvy001,andet002
2022,SEA202204230,2022-04-23,0,SEA,KCA,13,7,SEA03,brasm001,bubik001
2022,TBA202204230,2022-04-23,0,TBA,BOS,3,2,STP01,feyej001,whitg002
2022,WAS202204230,2022-04-23,0,WAS,SFN,2,5,WAS11,sanca006,wooda002
2022,ANA202204240,2022-04-24,0,ANA,BAL,7,6,ANA01,suarj001,ellic001
2022,ARI202204240,2022-04-24,0,ARI,NYN,2,6,PHO01,bumgm001,megit002
2022,ATL202204240,2022-04-24,0,ATL,MIA,4,5,ATL03,eldeb001,luzaj001
2022,CHN202204240,2022-04-24,0,CHN,PIT,3,4,CHI11,steej002,brubj001
2022,CIN202204240,2022-04-24,0,CIN,SLN,4,1,CIN09,lodon001,waina001
2022,DET202204240,2022-04-24,0,DET,COL,2,6,DET05,alext001,kuhlc001
2022,HOU202204240,2022-04-24,0,HOU,TOR,8,7,HOU03,garcl007,kikuy001
2022,MIN202204240,2022-04-24,0,MIN,CHA,6,4,MIN04,archc001,gioll001
2022,NYA202204240,2022-04-24,0,NYA,CLE,10,2,NYC21,coleg001,civaa001
2022,OAK202204240,2022-04-24,0,OAK,TEX,2,0,OAK01,irvic001,richg002
2022,PHI202204240,2022-04-24,0,PHI,MIL,0,1,PHI13,nolaa001,lauee001
2022,SDN202204240,2022-04-24,0,SDN,LAN,2,10,SAN02,manas001,kersc001
2022,SEA202204240,2022-04-24,0,SEA,KCA,5,4,SEA03,ray-r002,hernc006
2022,TBA202204240,2022-04-24,0,TBA,BOS,5,2,STP01,mccls003,hillr001
2022,WAS202204240,2022-04-24,0,WAS,SFN,3,12,WAS11,adonj001,webbl001
2022,ANA202204250,2022-04-25,0,ANA,CLE,3,0,ANA01,lorem002,biebs001
2022,ARI202204250,2022-04-25,0,ARI,LAN,0,4,PHO01,kellm002,buehw001
2022,MIL202204250,2022-04-25,0,MIL,SFN,2,4,MIL06,burnc002,longs002
2022,PHI202204250,2022-04-25,0,PHI,COL,8,2,PHI13,gibsk002,freek001
2022,SLN202204250,2022-04-25,0,SLN,NYN,2,5,STL10,mikom001,schem001
2022,TEX202204250,2022-04-25,0,TEX,HOU,6,2,ARL03,dunnd001,valdf001
2022,TOR202204250,2022-04-25,0,TOR,BOS,6,2,TOR02,berrj001,eovan001
2022,ANA202204260,2022-04-26,0,ANA,CLE,4,1,ANA01,sandp002,mcket001
2022,ARI202204260,2022-04-26,0,ARI,LAN,5,3,PHO01,daviz001,gonst001
2022,ATL202204260,2022-04-26,0,ATL,CHN,3,1,ATL03,friem001,strom001
2022,CHA202204260,2022-04-26,0,CHA,KCA,0,6,CHI12,keucd001,lyncd001
2022,CIN202204260,2022-04-26,0,CIN,SDN,6,9,CIN09,sanmr001,musgj001
2022,MIN202204260,2022-04-26,0,MIN,DET,5,4,MIN04,paddc001,rodre004
2022,NYA202204260,2022-04-26,0,NYA,BAL,12,8,NYC21,sevel001,lylej001
2022,PHI202204260,2022-04-26,0,PHI,COL,10,3,PHI13,efliz001,marqg001
2022,PIT202204260,2022-04-26,0,PIT,MIL,8,12,PIT08,kellm003,woodb005
2022,SFN202204260,2022-04-26,0,SFN,OAK,8,2,SFO03,rodoc001,jeffd001
2022,SLN202204260,2022-04-26,0,SLN,NYN,0,3,STL10,hickj002,bassc001
2022,TBA202204260,2022-04-26,0,TBA,SEA,4,8,STP01,wislm001,gilbl002
2022,TEX202204260,2022-04-26,0,TEX,HOU,1,5,ARL03,heart001,odorj001
2022,TOR202204260,2022-04-26,0,TOR,BOS,6,5,TOR02,gausk001,piven001
2022,WAS202204260,2022-04-26,0,WAS,MIA,2,5,WAS11,grayj004,alcas001
2022,ANA202204270,2022-04-27,0,ANA,CLE,9,5,ANA01,ohtas001,plesz001
2022,ARI202204270,2022-04-27,0,ARI,LAN,3,1,PHO01,gallz001,uriaj001
2022,ATL202204270,2022-04-27,0,ATL,CHN,3,6,ATL03,mortc002,leitm002
2022,CHA202204270,2022-04-27,0,CHA,KCA,7,3,CHI12,ceasd001,greiz001
2022,CIN202204270,2022-04-27,0,CIN,SDN,5,8,CIN09,gutiv001,gorem001
2022,MIN202204270,2022-04-27,0,MIN,DET,5,0,MIN04,ryanj002,pinem001
2022,NYA202204270,2022-04-27,0,NYA,BAL,5,2,NYC21,montj004,wellt003
2022,PHI202204270,2022-04-27,0,PHI,COL,7,3,PHI13,suarr001,feltr001
2022,PIT202204270,2022-04-27,0,PIT,MIL,1,3,PIT08,peted001,ashba003
2022,SFN202204270,2022-04-27,0,SFN,OAK,0,1,SFO03,longs002,blacp001
2022,SLN202204270,2022-04-27,0,SLN,NYN,10,5,STL10,matzs001,carrc003
2022,TBA202204270,2022-04-27,0,TBA,SEA,3,2,STP01,rasmd002,gonzm005
2022,TEX202204270,2022-04-27,0,TEX,HOU,3,4,ARL03,ottog001,javic001
2022,TOR202204270,2022-04-27,0,TOR,BOS,1,7,TOR02,strir001,wachm001
2022,WAS202204270,2022-04-27,0,WAS,MIA,1,2,WAS11,fedde001,lopep002
2022,ANA202204280,2022-04-28,0,ANA,CLE,4,1,ANA01,detmr001,quanc001
2022,ATL202204280,2022-04-28,0,ATL,CHN,5,1,ATL03,wrigk001,smyld001
2022,CHA202204280,2022-04-28,0,CHA,KCA,2,5,CHI12,kopem001,kellb003
2022,CIN202204280,2022-04-28,0,CIN,SDN,5,7,CIN09,mahlt001,martn002
2022,MIN202204280,2022-04-28,0,MIN,DET,7,1,MIN04,oberb002,skubt001
2022,NYA202204280,2022-04-28,0,NYA,BAL,10,5,NYC21,tailj001,zimmb002
2022,PHI202204280,2022-04-28,0,PHI,COL,7,1,PHI13,wheez001,gomba001
2022,PIT202204280,2022-04-28,0,PIT,MIL,2,3,PIT08,quinj001,peraf001
2022,SLN202204280,2022-04-28,0,SLN,ARI,8,3,STL10,hudsd002,casth002
2022,TBA202204280,2022-04-28,0,TBA,SEA,2,1,STP01,sprij001,flexc001
2022,TEX202204280,2022-04-28,0,TEX,HOU,2,3,ARL03,perem004,verlj001
2022,TOR202204280,2022-04-28,0,TOR,BOS,1,0,TOR02,manoa001,whitg002
2022,WAS202204280,2022-04-28,0,WAS,MIA,2,3,WAS11,corbp001,roget003
2022,BAL202204290,2022-04-29,0,BAL,BOS,1,3,BAL12,bradk001,hillr001
2022,CHA202204290,2022-04-29,0,CHA,ANA,1,5,CHI12,gioll001,hergj001
2022,COL202204290,2022-04-29,0,COL,CIN,10,4,DEN02,senza001,greeh001
2022,KCA202204290,2022-04-29,0,KCA,NYA,2,12,KAN06,bubik001,cortn001
2022,LAN202204290,2022-04-29,0,LAN,DET,5,1,LOS03,andet002,alext001
2022,MIA202204290,2022-04-29,0,MIA,SEA,8,6,MIA02,herne002,brasm001
2022,MIL202204290,2022-04-29,0,MIL,CHN,11,1,MIL06,housa001,hendk001
2022,NYN202204290,2022-04-29,0,NYN,PHI,3,0,NYC20,megit002,nolaa001
2022,OAK202204290,2022-04-29,0,OAK,CLE,8,9,OAK01,montf001,civaa001
2022,PIT202204290,2022-04-29,0,PIT,SDN,3,7,PIT08,thomz001,darvy001
2022,SFN202204290,2022-04-29,0,SFN,WAS,4,14,SFO03,wooda002,sanca006
2022,SLN202204290,2022-04-29,0,SLN,ARI,2,6,STL10,waina001,bumgm001
2022,TBA202204290,2022-04-29,0,TBA,MIN,6,1,STP01,klubc001,bundd001
2022,TEX202204290,2022-04-29,0,TEX,ATL,3,6,ARL03,richg002,andei001
2022,TOR202204290,2022-04-29,0,TOR,HOU,7,11,TOR02,kikuy001,urquj001
2022,BAL202204300,2022-04-30,0,BAL,BOS,2,1,BAL12,watks003,eovan001
2022,CHA202204300,2022-04-30,0,CHA,ANA,4,0,CHI12,velav001,suarj001
2022,COL202204300,2022-04-30,0,COL,CIN,4,3,DEN02,kuhlc001,overc001
2022,KCA202204300,2022-04-30,0,KCA,NYA,0,3,KAN06,hernc006,coleg001
2022,LAN202204300,2022-04-30,0,LAN,DET,1,5,LOS03,kersc001,brieb001
2022,MIA202204300,2022-04-30,0,MIA,SEA,3,1,MIA02,luzaj001,ray-r002
2022,MIL202204300,2022-04-30,0,MIL,CHN,9,1,MIL06,lauee001,steej002
2022,NYN202204300,2022-04-30,0,NYN,PHI,1,4,NYC20,walkt004,gibsk002
2022,OAK202204300,2022-04-30,0,OAK,CLE,1,3,OAK01,irvic001,biebs001
2022,PIT202204300,2022-04-30,0,PIT,SDN,7,6,PIT08,brubj001,manas001
2022,SFN202204300,2022-04-30,0,SFN,WAS,9,3,SFO03,webbl001,adonj001
2022,SLN202204300,2022-04-30,0,SLN,ARI,0,2,STL10,mikom001,kellm002
2022,TBA202204300,2022-04-30,0,TBA,MIN,1,9,STP01,mccls003,archc001
2022,TEX202204300,2022-04-30,0,TEX,ATL,3,1,ARL03,dunnd001,eldeb001
2022,TOR202204300,2022-04-30,0,TOR,HOU,2,1,TOR02,berrj001,garcl007
2022,BAL202205010,2022-05-01,0,BAL,BOS,9,5,BAL12,lylej001,piven001
2022,CHA202205010,2022-05-01,0,CHA,ANA,5,6,CHI12,keucd001,lorem002
2022,COL202205010,2022-05-01,0,COL,CIN,10,1,DEN02,freek001,sanmr001
2022,KCA202205010,2022-05-01,0,KCA,NYA,4,6,KAN06,lyncd001,sevel001
2022,LAN202205010,2022-05-01,0,LAN,DET,6,3,LOS03,buehw001,rodre004
2022,MIA202205010,2022-05-01,0,MIA,SEA,3,7,MIA02,alcas001,gilbl002
2022,MIL202205010,2022-05-01,0,MIL,CHN,0,2,MIL06,burnc002,strom001
2022,NYN202205010,2022-05-01,0,NYN,PHI,10,6,NYC20,schem001,efliz001
2022,OAK202205010,2022-05-01,0,OAK,CLE,3,7,OAK01,kaprj001,mcket001
2022,PIT202205010,2022-05-01,0,PIT,SDN,2,5,PIT08,kellm003,musgj001
2022,SFN202205010,2022-05-01,0,SFN,WAS,5,11,SFO03,cobba001,grayj004
2022,SLN202205010,2022-05-01,0,SLN,ARI,7,5,STL10,hickj002,daviz001
2022,TBA202205010,2022-05-01,0,TBA,MIN,3,9,STP01,flemj001,windj002
2022,TEX202205010,2022-05-01,0,TEX,ATL,7,3,ARL03,heart001,mullk001
2022,TOR202205010,2022-05-01,0,TOR,HOU,3,2,TOR02,gausk001,valdf001
2022,BAL202205020,2022-05-02,0,BAL,MIN,1,2,BAL12,wellt003,paddc001
2022,CHA202205020,2022-05-02,0,CHA,ANA,3,0,CHI12,ceasd001,sandp002
2022,HOU202205020,2022-05-02,0,HOU,SEA,3,0,HOU03,odorj001,gonzm005
2022,MIA202205020,2022-05-02,0,MIA,ARI,4,5,MIA02,lopep002,gallz001
2022,NYN202205020,2022-05-02,0,NYN,ATL,2,5,NYC20,bassc001,friem001
2022,OAK202205020,2022-05-02,0,OAK,TBA,1,6,OAK01,jeffd001,rasmd002
2022,SLN202205020,2022-05-02,0,SLN,KCA,1,0,STL10,matzs001,greiz001
2022,TOR202205020,2022-05-02,0,TOR,NYA,2,3,TOR02,strir001,montj004
2022,BAL202205030,2022-05-03,0,BAL,MIN,2,7,BAL12,zimmb002,ryanj002
2022,BOS202205030,2022-05-03,0,BOS,ANA,4,0,BOS07,wachm001,syndn001
2022,CHN202205030,2022-05-03,0,CHN,CHA,1,3,CHI11,effrs001,kopem001
2022,COL202205030,2022-05-03,0,COL,WAS,2,10,DEN02,marqg001,fedde001
2022,HOU202205030,2022-05-03,0,HOU,SEA,4,0,HOU03,javic001,flexc001
2022,KCA202205030,2022-05-03,0,KCA,SLN,7,1,KAN06,kellb003,hudsd002
2022,LAN202205030,2022-05-03,0,LAN,SFN,3,1,LOS03,uriaj001,rodoc001
2022,MIA202205030,2022-05-03,0,MIA,ARI,4,5,MIA02,roget003,casth002
2022,MIL202205030,2022-05-03,0,MIL,CIN,6,3,MIL06,woodb005,mahlt001
2022,NYN202205031,2022-05-03,1,NYN,ATL,5,4,NYC20,peted003,mortc002
2022,NYN202205032,2022-05-03,2,NYN,ATL,3,0,NYC20,carrc003,wrigk001
2022,OAK202205030,2022-05-03,0,OAK,TBA,7,10,OAK01,blacp001,yarbr001
2022,PHI202205030,2022-05-03,0,PHI,TEX,4,6,PHI13,suarr001,grayj003
2022,TOR202205030,2022-05-03,0,TOR,NYA,1,9,TOR02,manoa001,tailj001
2022,BAL202205040,2022-05-04,0,BAL,MIN,9,4,BAL12,bradk001,bundd001
2022,BOS202205040,2022-05-04,0,BOS,ANA,5,10,BOS07,whitg002,detmr001
2022,CHN202205040,2022-05-04,0,CHN,CHA,3,4,CHI11,hendk001,gioll001
2022,CLE202205041,2022-05-04,1,CLE,SDN,4,5,CLE08,plesz001,clevm001
2022,CLE202205042,2022-05-04,2,CLE,SDN,6,5,CLE08,quanc001,gorem001
2022,COL202205040,2022-05-04,0,COL,WAS,5,2,DEN02,gomba001,corbp001
2022,DET202205041,2022-05-04,1,DET,PIT,3,2,DET05,pinem001,peted001
2022,DET202205042,2022-05-04,2,DET,PIT,2,7,DET05,faeda001,quinj001
2022,HOU202205040,2022-05-04,0,HOU,SEA,7,2,HOU03,verlj001,brasm001
2022,KCA202205040,2022-05-04,0,KCA,SLN,0,10,KAN06,bubik001,waina001
2022,LAN202205040,2022-05-04,0,LAN,SFN,9,1,LOS03,gonst001,wooda002
2022,MIA202205040,2022-05-04,0,MIA,ARI,7,8,MIA02,herne002,bumgm001
2022,MIL202205040,2022-05-04,0,MIL,CIN,18,4,MIL06,peraf001,gutiv001
2022,NYN202205040,2022-05-04,0,NYN,ATL,2,9,NYC20,megit002,andei001
2022,OAK202205040,2022-05-04,0,OAK,TBA,0,3,OAK01,montf001,klubc001
2022,PHI202205040,2022-05-04,0,PHI,TEX,1,2,PHI13,wheez001,perem004
2022,TOR202205040,2022-05-04,0,TOR,NYA,2,1,TOR02,kikuy001,cortn001
2022,BAL202205050,2022-05-05,0,BAL,MIN,5,3,BAL12,watks003,archc001
2022,BOS202205050,2022-05-05,0,BOS,ANA,0,8,BOS07,hillr001,ohtas001
2022,CLE202205050,2022-05-05,0,CLE,TOR,6,5,CLE08,civaa001,berrj001
2022,COL202205050,2022-05-05,0,COL,WAS,9,7,DEN02,senza001,sanca006
2022,HOU202205050,2022-05-05,0,HOU,DET,3,2,HOU03,urquj001,skubt001
2022,MIL202205050,2022-05-05,0,MIL,CIN,10,5,MIL06,housa001,greeh001
2022,PHI202205050,2022-05-05,0,PHI,NYN,7,8,PHI13,nolaa001,walkt004
2022,SDN202205050,2022-05-05,0,SDN,MIA,2,1,SAN02,martn002,luzaj001
2022,SEA202205050,2022-05-05,0,SEA,TBA,3,4,SEA03,ray-r002,mccls003
2022,SFN202205050,2022-05-05,0,SFN,SLN,1,7,SFO03,llovm001,mikom001
2022,ANA202205060,2022-05-06,0,ANA,WAS,3,0,ANA01,diazj007,adonj001
2022,ARI202205060,2022-05-06,0,ARI,COL,4,1,PHO01,kellm002,kuhlc001
2022,ATL202205060,2022-05-06,0,ATL,MIL,3,6,ATL03,chavj001,lauee001
2022,BOS202205060,2022-05-06,0,BOS,CHA,2,4,BOS07,eovan001,velav001
2022,HOU202205060,2022-05-06,0,HOU,DET,3,2,HOU03,garcl007,brieb001
2022,MIN202205060,2022-05-06,0,MIN,OAK,2,1,MIN04,windj002,loguz001
2022,SDN202205060,2022-05-06,0,SDN,MIA,3,2,SAN02,darvy001,alcas001
2022,SEA202205060,2022-05-06,0,SEA,TBA,7,8,SEA03,gilbl002,wislm001
2022,SFN202205060,2022-05-06,0,SFN,SLN,2,3,SFO03,cobba001,hickj002
2022,ANA202205070,2022-05-07,0,ANA,WAS,3,7,ANA01,lorem002,grayj004
2022,ARI202205070,2022-05-07,0,ARI,COL,1,4,PHO01,daviz001,freek001
2022,ATL202205070,2022-05-07,0,ATL,MIL,3,2,ATL03,friem001,burnc002
2022,BOS202205070,2022-05-07,0,BOS,CHA,1,3,BOS07,piven001,ceasd001
2022,CHN202205071,2022-05-07,1,CHN,LAN,0,7,CHI11,smyld001,kersc001
2022,CHN202205072,2022-05-07,2,CHN,LAN,2,6,CHI11,norrd002,andet002
2022,CIN202205071,2022-05-07,1,CIN,PIT,9,2,CIN09,overc001,brubj001
2022,CIN202205072,2022-05-07,2,CIN,PIT,5,8,CIN09,mored002,kellm003
2022,CLE202205071,2022-05-07,1,CLE,TOR,3,8,CLE08,biebs001,gausk001
2022,CLE202205072,2022-05-07,2,CLE,TOR,8,2,CLE08,mcket001,strir001
2022,HOU202205070,2022-05-07,0,HOU,DET,3,2,HOU03,valdf001,rodre004
2022,MIN202205070,2022-05-07,0,MIN,OAK,1,0,MIN04,grays001,kaprj001
2022,SDN202205070,2022-05-07,0,SDN,MIA,0,8,SAN02,manas001,lopep002
2022,SEA202205070,2022-05-07,0,SEA,TBA,2,8,SEA03,gonzm005,rasmd002
2022,SFN202205070,2022-05-07,0,SFN,SLN,13,7,SFO03,webbl001,matzs001
2022,ANA202205080,2022-05-08,0,ANA,WAS,5,4,ANA01,sandp002,fedde001
2022,ARI202205080,2022-05-08,0,ARI,COL,4,0,PHO01,gallz001,marqg001
2022,ATL202205080,2022-05-08,0,ATL,MIL,9,2,ATL03,mortc002,ashba003
2022,BAL202205081,2022-05-08,1,BAL,KCA,4,6,BAL12,lylej001,greiz001
2022,BAL202205082,2022-05-08,2,BAL,KCA,4,2,BAL12,zimmb002,lyncd001
2022,BOS202205080,2022-05-08,0,BOS,CHA,2,3,BOS07,houct001,keucd001
2022,CHN202205080,2022-05-08,0,CHN,LAN,1,7,CHI11,steej002,buehw001
2022,CIN202205080,2022-05-08,0,CIN,PIT,7,3,CIN09,mahlt001,thomz001
2022,CLE202205080,2022-05-08,0,CLE,TOR,4,3,CLE08,pilkk001,manoa001
2022,HOU202205080,2022-05-08,0,HOU,DET,5,0,HOU03,odorj001,peraw001
2022,MIN202205080,2022-05-08,0,MIN,OAK,4,3,MIN04,paddc001,jeffd001
2022,NYA202205081,2022-05-08,1,NYA,TEX,2,1,NYC21,coleg001,dunnd001
2022,NYA202205082,2022-05-08,2,NYA,TEX,2,4,NYC21,montj004,ottog001
2022,PHI202205081,2022-05-08,1,PHI,NYN,3,2,PHI13,gibsk002,schem001
2022,PHI202205082,2022-05-08,2,PHI,NYN,1,6,PHI13,sancc002,bassc001
2022,SDN202205080,2022-05-08,0,SDN,MIA,3,2,SAN02,musgj001,roget003
2022,SEA202205080,2022-05-08,0,SEA,TBA,2,1,SEA03,kirbg001,yarbr001
2022,SFN202205080,2022-05-08,0,SFN,SLN,4,3,SFO03,junij001,hudsd002
2022,ANA202205090,2022-05-09,0,ANA,TBA,11,3,ANA01,syndn001,sprij001
2022,ARI202205090,2022-05-09,0,ARI,MIA,4,3,PHO01,casth002,herne002
2022,BAL202205090,2022-05-09,0,BAL,KCA,6,1,BAL12,wellt003,hernc006
2022,CHA202205090,2022-05-09,0,CHA,CLE,9,12,CHI12,kopem001,plesz001
2022,CIN202205090,2022-05-09,0,CIN,MIL,10,5,CIN09,castl003,woodb005
2022,DET202205090,2022-05-09,0,DET,OAK,0,2,DET05,pinem001,blacp001
2022,NYA202205090,2022-05-09,0,NYA,TEX,1,0,NYC21,cortn001,grayj003
2022,PIT202205090,2022-05-09,0,PIT,LAN,5,1,PIT08,quinj001,uriaj001
2022,SDN202205090,2022-05-09,0,SDN,CHN,0,6,SAN02,gorem001,hendk001
2022,SEA202205090,2022-05-09,0,SEA,PHI,0,9,SEA03,flexc001,suarr001
2022,SFN202205090,2022-05-09,0,SFN,COL,8,5,SFO03,rodoc001,gomba001
2022,ANA202205100,2022-05-10,0,ANA,TBA,12,0,ANA01,detmr001,klubc001
2022,ARI202205100,2022-05-10,0,ARI,MIA,9,3,PHO01,bumgm001,luzaj001
2022,ATL202205100,2022-05-10,0,ATL,BOS,4,9,ATL03,wrigk001,whitg002
2022,CHA202205100,2022-05-10,0,CHA,CLE,4,1,CHI12,gioll001,quanc001
2022,CIN202205100,2022-05-10,0,CIN,MIL,4,5,CIN09,greeh001,peraf001
2022,DET202205101,2022-05-10,1,DET,OAK,6,0,DET05,skubt001,montf001
2022,DET202205102,2022-05-10,2,DET,OAK,1,4,DET05,faeda001,marta006
2022,MIN202205100,2022-05-10,0,MIN,HOU,0,5,MIN04,ryanj002,verlj001
2022,NYA202205100,2022-05-10,0,NYA,TOR,6,5,NYC21,sevel001,kikuy001
2022,PIT202205100,2022-05-10,0,PIT,LAN,1,11,PIT08,wilsb003,gonst001
2022,SDN202205100,2022-05-10,0,SDN,CHN,5,4,SAN02,clevm001,milew001
2022,SEA202205100,2022-05-10,0,SEA,PHI,5,4,SEA03,ray-r002,nolaa001
2022,SFN202205100,2022-05-10,0,SFN,COL,9,2,SFO03,wooda002,senza001
2022,SLN202205100,2022-05-10,0,SLN,BAL,3,5,STL10,naugp001,bradk001
2022,TEX202205100,2022-05-10,0,TEX,KCA,6,4,ARL03,perem004,kellb003
2022,WAS202205100,2022-05-10,0,WAS,NYN,2,4,WAS11,corbp001,carrc003
2022,ANA202205110,2022-05-11,0,ANA,TBA,2,4,ANA01,ohtas001,mccls003
2022,ARI202205110,2022-05-11,0,ARI,MIA,3,11,PHO01,kellm002,alcas001
2022,ATL202205110,2022-05-11,0,ATL,BOS,5,3,ATL03,andei001,eovan001
2022,CIN202205110,2022-05-11,0,CIN,MIL,14,11,CIN09,gutiv001,housa001
2022,DET202205110,2022-05-11,0,DET,OAK,0,9,DET05,wentj001,loguz001
2022,MIN202205110,2022-05-11,0,MIN,HOU,3,11,MIN04,archc001,urquj001
2022,NYA202205110,2022-05-11,0,NYA,TOR,5,3,NYC21,tailj001,berrj001
2022,PIT202205110,2022-05-11,0,PIT,LAN,5,3,PIT08,peted001,pepir001
2022,SDN202205110,2022-05-11,0,SDN,CHN,5,7,SAN02,martn002,thomk002
2022,SEA202205110,2022-05-11,0,SEA,PHI,2,4,SEA03,gilbl002,faltb001
2022,SFN202205110,2022-05-11,0,SFN,COL,7,1,SFO03,cobba001,kuhlc001
2022,SLN202205110,2022-05-11,0,SLN,BAL,10,1,STL10,mikom001,watks003
2022,TEX202205110,2022-05-11,0,TEX,KCA,2,8,ARL03,bushm001,speig001
2022,WAS202205110,2022-05-11,0,WAS,NYN,8,3,WAS11,sanca006,megit002
2022,CHA202205120,2022-05-12,0,CHA,NYA,7,15,CHI12,ceasd001,gil-l001
2022,DET202205120,2022-05-12,0,DET,OAK,3,5,DET05,brieb001,kaprj001
2022,LAN202205120,2022-05-12,0,LAN,PHI,7,9,LOS03,andet002,wheez001
2022,MIN202205120,2022-05-12,0,MIN,HOU,0,5,MIN04,windj002,garcl007
2022,PIT202205120,2022-05-12,0,PIT,CIN,0,4,PIT08,brubj001,overc001
2022,SLN202205120,2022-05-12,0,SLN,BAL,2,3,STL10,matzs001,bakeb001
2022,TEX202205120,2022-05-12,0,TEX,KCA,3,1,ARL03,heart001,heasj001
2022,WAS202205120,2022-05-12,0,WAS,NYN,1,4,WAS11,adonj001,walkt004
2022,ARI202205130,2022-05-13,0,ARI,CHN,4,3,PHO01,daviz001,smyld001
2022,ATL202205130,2022-05-13,0,ATL,SDN,6,11,ATL03,friem001,darvy001
2022,CHA202205130,2022-05-13,0,CHA,NYA,4,10,CHI12,velav001,coleg001
2022,COL202205130,2022-05-13,0,COL,KCA,10,14,DEN02,freek001,greiz001
2022,DET202205130,2022-05-13,0,DET,BAL,4,2,DET05,rodre004,lylej001
2022,LAN202205130,2022-05-13,0,LAN,PHI,10,12,LOS03,buehw001,gibsk002
2022,MIA202205130,2022-05-13,0,MIA,MIL,1,2,MIA02,lopep002,burnc002
2022,MIN202205130,2022-05-13,0,MIN,CLE,12,8,MIN04,grays001,civaa001
2022,NYN202205130,2022-05-13,0,NYN,SEA,1,2,NYC20,schem001,gonzm005
2022,OAK202205130,2022-05-13,0,OAK,ANA,0,2,OAK01,jeffd001,silsc001
2022,PIT202205130,2022-05-13,0,PIT,CIN,2,8,PIT08,kellm003,mahlt001
2022,SLN202205130,2022-05-13,0,SLN,SFN,2,8,STL10,hickj002,webbl001
2022,TBA202205130,2022-05-13,0,TBA,TOR,5,2,STP01,rasmd002,gausk001
2022,TEX202205130,2022-05-13,0,TEX,BOS,1,7,ARL03,dunnd001,piven001
2022,WAS202205130,2022-05-13,0,WAS,HOU,1,6,WAS11,grayj004,valdf001
2022,ARI202205140,2022-05-14,0,ARI,CHN,2,4,PHO01,gallz001,hendk001
2022,ATL202205140,2022-05-14,0,ATL,SDN,6,5,ATL03,mortc002,manas001
2022,CHA202205140,2022-05-14,0,CHA,NYA,3,2,CHI12,keucd001,montj004
2022,COL202205140,2022-05-14,0,COL,KCA,10,4,DEN02,marqg001,hernc006
2022,DET202205140,2022-05-14,0,DET,BAL,3,0,DET05,pinem001,zimmb002
2022,LAN202205140,2022-05-14,0,LAN,PHI,3,8,LOS03,uriaj001,suarr001
2022,MIA202205140,2022-05-14,0,MIA,MIL,9,3,MIA02,roget003,lauee001
2022,MIN202205140,2022-05-14,0,MIN,CLE,2,3,MIN04,smeld001,biebs001
2022,NYN202205140,2022-05-14,0,NYN,SEA,5,4,NYC20,bassc001,kirbg001
2022,OAK202205141,2022-05-14,1,OAK,ANA,4,3,OAK01,blacp001,diazj007
2022,OAK202205142,2022-05-14,2,OAK,ANA,1,9,OAK01,ollea001,lorem002
2022,PIT202205140,2022-05-14,0,PIT,CIN,3,1,PIT08,thomz001,castl003
2022,SLN202205140,2022-05-14,0,SLN,SFN,4,0,STL10,hudsd002,junij001
2022,TBA202205140,2022-05-14,0,TBA,TOR,1,5,STP01,yarbr001,ryu-h001
2022,TEX202205140,2022-05-14,0,TEX,BOS,3,11,ARL03,ottog001,hillr001
2022,WAS202205140,2022-05-14,0,WAS,HOU,13,6,WAS11,fedde001,javic001
2022,ARI202205150,2022-05-15,0,ARI,CHN,2,3,PHO01,casth002,steej002
2022,ATL202205150,2022-05-15,0,ATL,SDN,3,7,ATL03,wrigk001,musgj001
2022,CHA202205150,2022-05-15,0,CHA,NYA,1,5,CHI12,kopem001,cortn001
2022,COL202205150,2022-05-15,0,COL,KCA,7,8,DEN02,gomba001,lyncd001
2022,DET202205150,2022-05-15,0,DET,BAL,5,1,DET05,skubt001,wellt003
2022,LAN202205150,2022-05-15,0,LAN,PHI,5,4,LOS03,grovm001,nolaa001
2022,MIA202205150,2022-05-15,0,MIA,MIL,3,7,MIA02,herne002,woodb005
2022,MIN202205150,2022-05-15,0,MIN,CLE,3,1,MIN04,ryanj002,mcket001
2022,NYN202205150,2022-05-15,0,NYN,SEA,7,8,NYC20,carrc003,ray-r002
2022,OAK202205150,2022-05-15,0,OAK,ANA,1,4,OAK01,montf001,sandp002
2022,PIT202205150,2022-05-15,0,PIT,CIN,1,0,PIT08,quinj001,greeh001
2022,SLN202205150,2022-05-15,0,SLN,SFN,15,6,STL10,waina001,rodoc001
2022,TBA202205150,2022-05-15,0,TBA,TOR,3,0,STP01,sprij001,manoa001
2022,TEX202205150,2022-05-15,0,TEX,BOS,7,1,ARL03,perem004,davia003
2022,WAS202205150,2022-05-15,0,WAS,HOU,0,8,WAS11,corbp001,verlj001
2022,BAL202205160,2022-05-16,0,BAL,NYA,2,6,BAL12,bradk001,sevel001
2022,BOS202205160,2022-05-16,0,BOS,HOU,6,3,BOS07,whitg002,odorj001
2022,CHN202205160,2022-05-16,0,CHN,PIT,9,0,CHI11,milew001,peted001
2022,COL202205160,2022-05-16,0,COL,SFN,6,7,DEN02,senza001,wooda002
2022,KCA202205160,2022-05-16,0,KCA,CHA,3,5,KAN06,kellb003,cuetj001
2022,LAN202205160,2022-05-16,0,LAN,ARI,5,4,LOS03,gonst001,bumgm001
2022,MIA202205160,2022-05-16,0,MIA,WAS,8,2,MIA02,alcas001,sanca006
2022,MIL202205160,2022-05-16,0,MIL,ATL,1,0,MIL06,peraf001,andei001
2022,OAK202205160,2022-05-16,0,OAK,MIN,1,3,OAK01,loguz001,archc001
2022,TBA202205160,2022-05-16,0,TBA,DET,2,3,STP01,klubc001,faeda001
2022,TEX202205160,2022-05-16,0,TEX,ANA,7,4,ARL03,grayj003,syndn001
2022,TOR202205160,2022-05-16,0,TOR,SEA,6,2,TOR02,kikuy001,flexc001
2022,BAL202205170,2022-05-17,0,BAL,NYA,4,5,BAL12,watks003,tailj001
2022,BOS202205170,2022-05-17,0,BOS,HOU,4,13,BOS07,eovan001,urquj001
2022,CHN202205170,2022-05-17,0,CHN,PIT,7,0,CHI11,thomk002,brubj001
2022,CLE202205170,2022-05-17,0,CLE,CIN,4,5,CLE08,plesz001,overc001
2022,COL202205170,2022-05-17,0,COL,SFN,7,10,DEN02,kuhlc001,cobba001
2022,KCA202205171,2022-05-17,1,KCA,CHA,0,3,KAN06,heasj001,ceasd001
2022,KCA202205172,2022-05-17,2,KCA,CHA,2,1,KAN06,singb001,martd006
2022,LAN202205171,2022-05-17,1,LAN,ARI,7,6,LOS03,pepir001,gilbt001
2022,LAN202205172,2022-05-17,2,LAN,ARI,12,3,LOS03,andet002,kellm002
2022,MIA202205170,2022-05-17,0,MIA,WAS,5,1,MIA02,potec001,adonj001
2022,MIL202205170,2022-05-17,0,MIL,ATL,0,3,MIL06,housa001,davit005
2022,NYN202205171,2022-05-17,1,NYN,SLN,3,1,NYC20,willt002,mikom001
2022,NYN202205172,2022-05-17,2,NYN,SLN,3,4,NYC20,walkt004,matzs001
2022,OAK202205170,2022-05-17,0,OAK,MIN,5,2,OAK01,kaprj001,bundd001
2022,PHI202205170,2022-05-17,0,PHI,SDN,0,3,PHI13,efliz001,clevm001
2022,TBA202205170,2022-05-17,0,TBA,DET,8,1,STP01,mccls003,brieb001
2022,TEX202205170,2022-05-17,0,TEX,ANA,10,5,ARL03,heart001,detmr001
2022,TOR202205170,2022-05-17,0,TOR,SEA,3,0,TOR02,berrj001,gilbl002
2022,BAL202205180,2022-05-18,0,BAL,NYA,2,3,BAL12,lylej001,coleg001
2022,BOS202205180,2022-05-18,0,BOS,HOU,5,1,BOS07,piven001,garcl007
2022,CHN202205180,2022-05-18,0,CHN,PIT,2,3,CHI11,smyld001,croww001
2022,COL202205180,2022-05-18,0,COL,SFN,5,3,DEN02,freek001,webbl001
2022,KCA202205180,2022-05-18,0,KCA,CHA,6,2,KAN06,greiz001,gioll001
2022,LAN202205180,2022-05-18,0,LAN,ARI,5,3,LOS03,buehw001,daviz001
2022,MIA202205180,2022-05-18,0,MIA,WAS,4,5,MIA02,lopep002,grayj004
2022,MIL202205180,2022-05-18,0,MIL,ATL,7,6,MIL06,burnc002,friem001
2022,NYN202205180,2022-05-18,0,NYN,SLN,11,4,NYC20,schem001,hickj002
2022,OAK202205180,2022-05-18,0,OAK,MIN,4,14,OAK01,jeffd001,grays001
2022,PHI202205180,2022-05-18,0,PHI,SDN,3,0,PHI13,wheez001,snelb001
2022,TBA202205180,2022-05-18,0,TBA,DET,6,1,STP01,rasmd002,rodre004
2022,TEX202205180,2022-05-18,0,TEX,ANA,6,5,ARL03,dunnd001,ohtas001
2022,TOR202205180,2022-05-18,0,TOR,SEA,1,5,TOR02,gausk001,gonzm005
2022,BAL202205190,2022-05-19,0,BAL,NYA,9,6,BAL12,zimmb002,montj004
2022,BOS202205190,2022-05-19,0,BOS,SEA,12,6,BOS07,hillr001,kirbg001
2022,CHN202205190,2022-05-19,0,CHN,ARI,1,3,CHI11,strom001,gallz001
2022,CLE202205190,2022-05-19,0,CLE,CIN,2,4,CLE08,quanc001,mahlt001
2022,HOU202205190,2022-05-19,0,HOU,TEX,5,1,HOU03,valdf001,ottog001
2022,KCA202205190,2022-05-19,0,KCA,CHA,4,7,KAN06,hernc006,velav001
2022,NYN202205190,2022-05-19,0,NYN,SLN,7,6,NYC20,bassc001,hudsd002
2022,PHI202205190,2022-05-19,0,PHI,SDN,0,2,PHI13,gibsk002,darvy001
2022,ANA202205200,2022-05-20,0,ANA,OAK,2,4,ANA01,silsc001,blacp001
2022,BAL202205200,2022-05-20,0,BAL,TBA,8,6,BAL12,wellt003,beekj001
2022,BOS202205200,2022-05-20,0,BOS,SEA,7,3,BOS07,wachm001,ray-r002
2022,CHN202205200,2022-05-20,0,CHN,ARI,6,10,CHI11,hendk001,casth002
2022,CLE202205200,2022-05-20,0,CLE,DET,6,1,CLE08,civaa001,skubt001
2022,HOU202205200,2022-05-20,0,HOU,TEX,0,3,HOU03,javic001,perem004
2022,KCA202205200,2022-05-20,0,KCA,MIN,4,6,KAN06,lyncd001,smeld001
2022,MIA202205200,2022-05-20,0,MIA,ATL,3,5,MIA02,roget003,mortc002
2022,MIL202205200,2022-05-20,0,MIL,WAS,7,0,MIL06,lauee001,fedde001
2022,PHI202205200,2022-05-20,0,PHI,LAN,1,4,PHI13,suarr001,uriaj001
2022,PIT202205200,2022-05-20,0,PIT,SLN,3,5,PIT08,thomz001,waina001
2022,SFN202205200,2022-05-20,0,SFN,SDN,7,8,SFO03,junij001,manas001
2022,TOR202205200,2022-05-20,0,TOR,CIN,2,1,TOR02,ryu-h001,castl003
2022,ANA202205210,2022-05-21,0,ANA,OAK,5,3,ANA01,lorem002,montf001
2022,BAL202205210,2022-05-21,0,BAL,TBA,1,6,BAL12,bradk001,sprij001
2022,BOS202205210,2022-05-21,0,BOS,SEA,6,5,BOS07,whitg002,flexc001
2022,CHN202205210,2022-05-21,0,CHN,ARI,6,7,CHI11,steej002,bumgm001
2022,COL202205211,2022-05-21,1,COL,NYN,1,5,DEN02,marqg001,carrc003
2022,COL202205212,2022-05-21,2,COL,NYN,11,3,DEN02,blact002,willt002
2022,HOU202205210,2022-05-21,0,HOU,TEX,2,1,HOU03,verlj001,grayj003
2022,KCA202205210,2022-05-21,0,KCA,MIN,2,9,KAN06,kellb003,ryanj002
2022,MIA202205210,2022-05-21,0,MIA,ATL,3,4,MIA02,herne002,wrigk001
2022,MIL202205210,2022-05-21,0,MIL,WAS,5,1,MIL06,woodb005,corbp001
2022,NYA202205210,2022-05-21,0,NYA,CHA,7,5,NYC21,cortn001,keucd001
2022,PHI202205210,2022-05-21,0,PHI,LAN,4,7,PHI13,nolaa001,whitm004
2022,PIT202205210,2022-05-21,0,PIT,SLN,4,5,PIT08,quinj001,libem001
2022,SFN202205210,2022-05-21,0,SFN,SDN,1,2,SFO03,rodoc001,musgj001
2022,TOR202205210,2022-05-21,0,TOR,CIN,3,1,TOR02,manoa001,greeh001
2022,ANA202205220,2022-05-22,0,ANA,OAK,4,1,ANA01,sandp002,irvic001
2022,BAL202205220,2022-05-22,0,BAL,TBA,7,6,BAL12,watks003,klubc001
2022,BOS202205220,2022-05-22,0,BOS,SEA,8,4,BOS07,eovan001,gilbl002
2022,CHN202205220,2022-05-22,0,CHN,ARI,5,4,CHI11,milew001,kellm002
2022,CLE202205220,2022-05-22,0,CLE,DET,2,4,CLE08,biebs001,faeda001
2022,COL202205220,2022-05-22,0,COL,NYN,0,2,DEN02,gomba001,walkt004
2022,HOU202205220,2022-05-22,0,HOU,TEX,5,2,HOU03,urquj001,heart001
2022,KCA202205220,2022-05-22,0,KCA,MIN,6,7,KAN06,singb001,oberb002
2022,MIA202205220,2022-05-22,0,MIA,ATL,4,3,MIA02,alcas001,andei001
2022,MIL202205220,2022-05-22,0,MIL,WAS,2,8,MIL06,peraf001,sanca006
2022,NYA202205221,2022-05-22,1,NYA,CHA,1,3,NYC21,tailj001,cuetj001
2022,NYA202205222,2022-05-22,2,NYA,CHA,0,5,NYC21,sevel001,kopem001
2022,PHI202205220,2022-05-22,0,PHI,LAN,4,3,PHI13,efliz001,gonst001
2022,PIT202205220,2022-05-22,0,PIT,SLN,4,18,PIT08,wilsb003,matzs001
2022,SFN202205220,2022-05-22,0,SFN,SDN,1,10,SFO03,wooda002,gorem001
2022,TOR202205220,2022-05-22,0,TOR,CIN,2,3,TOR02,kikuy001,ashcg001
2022,ARI202205230,2022-05-23,0,ARI,KCA,9,5,PHO01,daviz001,greiz001
2022,ATL202205230,2022-05-23,0,ATL,PHI,3,7,ATL03,davit005,wheez001
2022,CIN202205230,2022-05-23,0,CIN,CHN,4,7,CIN09,gutiv001,smyld001
2022,HOU202205230,2022-05-23,0,HOU,CLE,1,6,HOU03,garcl007,mcket001
2022,MIN202205230,2022-05-23,0,MIN,DET,5,4,MIN04,archc001,rodre005
2022,NYA202205230,2022-05-23,0,NYA,BAL,4,6,NYC21,coleg001,lylej001
2022,PIT202205230,2022-05-23,0,PIT,COL,2,1,PIT08,brubj001,kuhlc001
2022,SDN202205230,2022-05-23,0,SDN,MIL,3,2,SAN02,martn002,housa001
2022,SEA202205230,2022-05-23,0,SEA,OAK,7,6,SEA03,gonzm005,loguz001
2022,SFN202205230,2022-05-23,0,SFN,NYN,3,13,SFO03,cobba001,peted003
2022,SLN202205230,2022-05-23,0,SLN,TOR,7,3,STL10,mikom001,berrj001
2022,WAS202205230,2022-05-23,0,WAS,LAN,1,10,WAS11,adonj001,andet002
2022,ANA202205240,2022-05-24,0,ANA,TEX,5,3,ANA01,syndn001,dunnd001
2022,ARI202205240,2022-05-24,0,ARI,KCA,8,6,PHO01,gallz001,heasj001
2022,ATL202205240,2022-05-24,0,ATL,PHI,6,5,ATL03,friem001,gibsk002
2022,CHA202205240,2022-05-24,0,CHA,BOS,3,16,CHI12,ceasd001,piven001
2022,CIN202205240,2022-05-24,0,CIN,CHN,4,11,CIN09,mahlt001,strom001
2022,HOU202205240,2022-05-24,0,HOU,CLE,7,3,HOU03,valdf001,plesz001
2022,MIN202205240,2022-05-24,0,MIN,DET,2,0,MIN04,grays001,brieb001
2022,NYA202205240,2022-05-24,0,NYA,BAL,7,6,NYC21,montj004,zimmb002
2022,PIT202205240,2022-05-24,0,PIT,COL,1,2,PIT08,contr001,freek001
2022,SDN202205240,2022-05-24,0,SDN,MIL,1,4,SAN02,snelb001,burnc002
2022,SEA202205240,2022-05-24,0,SEA,OAK,5,7,SEA03,kirbg001,kaprj001
2022,SFN202205240,2022-05-24,0,SFN,NYN,13,12,SFO03,webbl001,bassc001
2022,SLN202205240,2022-05-24,0,SLN,TOR,1,8,STL10,hickj002,gausk001
2022,TBA202205240,2022-05-24,0,TBA,MIA,4,0,STP01,mccls003,lopep002
2022,WAS202205240,2022-05-24,0,WAS,LAN,4,9,WAS11,grayj004,buehw001
2022,ANA202205250,2022-05-25,0,ANA,TEX,2,7,ANA01,detmr001,ottog001
2022,ATL202205250,2022-05-25,0,ATL,PHI,8,4,ATL03,mortc002,suarr001
2022,CHA202205250,2022-05-25,0,CHA,BOS,3,1,CHI12,gioll001,hillr001
2022,CIN202205250,2022-05-25,0,CIN,CHN,4,3,CIN09,castl003,hendk001
2022,HOU202205250,2022-05-25,0,HOU,CLE,2,1,HOU03,javic001,quanc001
2022,MIN202205250,2022-05-25,0,MIN,DET,2,4,MIN04,bundd001,garcr007
2022,NYA202205250,2022-05-25,0,NYA,BAL,2,0,NYC21,searj001,wellt003
2022,PIT202205250,2022-05-25,0,PIT,COL,10,5,PIT08,thomz001,feltr001
2022,SDN202205250,2022-05-25,0,SDN,MIL,1,2,SAN02,darvy001,ashba003
2022,SEA202205250,2022-05-25,0,SEA,OAK,2,4,SEA03,ray-r002,blacp001
2022,SFN202205250,2022-05-25,0,SFN,NYN,9,3,SFO03,junij001,szapt001
2022,TBA202205250,2022-05-25,0,TBA,MIA,5,4,STP01,rasmd002,potec001
2022,WAS202205250,2022-05-25,0,WAS,LAN,1,0,WAS11,fedde001,uriaj001
2022,ANA202205260,2022-05-26,0,ANA,TOR,3,6,ANA01,ohtas001,ryu-h001
2022,ARI202205260,2022-05-26,0,ARI,LAN,1,14,PHO01,casth002,whitm004
2022,ATL202205260,2022-05-26,0,ATL,PHI,1,4,ATL03,wrigk001,nolaa001
2022,CHA202205260,2022-05-26,0,CHA,BOS,7,16,CHI12,keucd001,wachm001
2022,CIN202205260,2022-05-26,0,CIN,CHN,20,5,CIN09,greeh001,steej002
2022,DET202205260,2022-05-26,0,DET,CLE,4,3,DET05,skubt001,pilkk001
2022,MIN202205260,2022-05-26,0,MIN,KCA,2,3,MIN04,smeld001,lyncd001
2022,OAK202205260,2022-05-26,0,OAK,TEX,1,4,OAK01,montf001,perem004
2022,SLN202205260,2022-05-26,0,SLN,MIL,3,4,STL10,waina001,lauee001
2022,TBA202205260,2022-05-26,0,TBA,NYA,2,7,STP01,yarbr001,cortn001
2022,WAS202205260,2022-05-26,0,WAS,COL,7,3,WAS11,corbp001,marqg001
2022,ANA202205270,2022-05-27,0,ANA,TOR,3,4,ANA01,silsc001,manoa001
2022,ARI202205270,2022-05-27,0,ARI,LAN,4,6,PHO01,bumgm001,pepir001
2022,ATL202205270,2022-05-27,0,ATL,MIA,6,4,ATL03,andei001,roget003
2022,BOS202205270,2022-05-27,0,BOS,BAL,8,12,BOS07,whitg002,bradk001
2022,CIN202205270,2022-05-27,0,CIN,SFN,5,1,CIN09,ashcg001,rodoc001
2022,MIN202205270,2022-05-27,0,MIN,KCA,10,7,MIN04,oberb002,kellb003
2022,NYN202205270,2022-05-27,0,NYN,PHI,8,6,NYC20,carrc003,faltb001
2022,OAK202205270,2022-05-27,0,OAK,TEX,5,8,OAK01,irvic001,grayj003
2022,SDN202205270,2022-05-27,0,SDN,PIT,4,3,SAN02,manas001,quinj001
2022,SEA202205270,2022-05-27,0,SEA,HOU,6,1,SEA03,flexc001,verlj001
2022,SLN202205270,2022-05-27,0,SLN,MIL,4,2,STL10,hudsd002,woodb005
2022,TBA202205270,2022-05-27,0,TBA,NYA,0,2,STP01,sprij001,tailj001
2022,ANA202205280,2022-05-28,0,ANA,TOR,5,6,ANA01,lorem002,kikuy001
2022,ARI202205280,2022-05-28,0,ARI,LAN,2,3,PHO01,kellm002,gonst001
2022,ATL202205280,2022-05-28,0,ATL,MIA,1,4,ATL03,davit005,alcas001
2022,BOS202205281,2022-05-28,1,BOS,BAL,5,3,BOS07,eovan001,lylej001
2022,BOS202205282,2022-05-28,2,BOS,BAL,2,4,BOS07,wincj001,reyed002
2022,CHA202205280,2022-05-28,0,CHA,CHN,1,5,CHI12,cuetj001,thomk002
2022,CIN202205280,2022-05-28,0,CIN,SFN,3,2,CIN09,gutiv001,wooda002
2022,DET202205280,2022-05-28,0,DET,CLE,1,8,DET05,faeda001,biebs001
2022,MIN202205280,2022-05-28,0,MIN,KCA,3,7,MIN04,archc001,singb001
2022,NYN202205280,2022-05-28,0,NYN,PHI,8,2,NYC20,walkt004,efliz001
2022,OAK202205280,2022-05-28,0,OAK,TEX,4,11,OAK01,loguz001,heart001
2022,SDN202205280,2022-05-28,0,SDN,PIT,2,4,SAN02,musgj001,brubj001
2022,SEA202205280,2022-05-28,0,SEA,HOU,6,0,SEA03,gilbl002,urquj001
2022,SLN202205280,2022-05-28,0,SLN,MIL,8,3,STL10,libem001,housa001
2022,TBA202205280,2022-05-28,0,TBA,NYA,3,1,STP01,klubc001,coleg001
2022,WAS202205281,2022-05-28,1,WAS,COL,13,7,WAS11,sanca006,gomba001
2022,WAS202205282,2022-05-28,2,WAS,COL,2,3,WAS11,adonj001,kuhlc001
2022,ANA202205290,2022-05-29,0,ANA,TOR,10,11,ANA01,sandp002,berrj001
2022,ARI202205290,2022-05-29,0,ARI,LAN,1,3,PHO01,daviz001,andet002
2022,ATL202205290,2022-05-29,0,ATL,MIA,6,3,ATL03,friem001,herne002
2022,BOS202205290,2022-05-29,0,BOS,BAL,12,2,BOS07,piven001,zimmb002
2022,CHA202205290,2022-05-29,0,CHA,CHN,5,4,CHI12,ceasd001,strom001
2022,CIN202205290,2022-05-29,0,CIN,SFN,4,6,CIN09,mahlt001,cobba001
2022,DET202205290,2022-05-29,0,DET,CLE,2,1,DET05,rodre005,mcket001
2022,MIN202205290,2022-05-29,0,MIN,KCA,7,3,MIN04,grays001,greiz001
2022,NYN202205290,2022-05-29,0,NYN,PHI,5,4,NYC20,bassc001,wheez001
2022,OAK202205290,2022-05-29,0,OAK,TEX,6,5,OAK01,kaprj001,dunnd001
2022,SDN202205290,2022-05-29,0,SDN,PIT,4,2,SAN02,gorem001,contr001
2022,SEA202205290,2022-05-29,0,SEA,HOU,1,2,SEA03,gonzm005,garcl007
2022,SLN202205290,2022-05-29,0,SLN,MIL,0,8,STL10,mikom001,burnc002
2022,TBA202205290,2022-05-29,0,TBA,NYA,4,2,STP01,mccls003,sevel001
2022,WAS202205290,2022-05-29,0,WAS,COL,6,5,WAS11,grayj004,freek001
2022,ARI202205300,2022-05-30,0,ARI,ATL,6,2,PHO01,gallz001,stris002
2022,BOS202205300,2022-05-30,0,BOS,BAL,0,10,BOS07,hillr001,wellt003
2022,CHN202205301,2022-05-30,1,CHN,MIL,6,7,CHI11,swarm001,smale001
2022,CHN202205302,2022-05-30,2,CHN,MIL,1,3,CHI11,smyld001,ashba003
2022,CLE202205300,2022-05-30,0,CLE,KCA,7,3,CLE08,plesz001,heasj001
2022,COL202205300,2022-05-30,0,COL,MIA,7,1,DEN02,feltr001,lopep002
2022,DET202205300,2022-05-30,0,DET,MIN,7,5,DET05,brieb001,bundd001
2022,LAN202205300,2022-05-30,0,LAN,PIT,5,6,LOS03,buehw001,thomz001
2022,NYN202205300,2022-05-30,0,NYN,WAS,13,5,NYC20,peted003,fedde001
2022,OAK202205300,2022-05-30,0,OAK,HOU,1,5,OAK01,blacp001,valdf001
2022,PHI202205300,2022-05-30,0,PHI,SFN,4,5,PHI13,gibsk002,webbl001
2022,SLN202205300,2022-05-30,0,SLN,SDN,6,3,STL10,naugp001,martn002
2022,TEX202205300,2022-05-30,0,TEX,TBA,9,5,ARL03,ottog001,rasmd002
2022,ARI202205310,2022-05-31,0,ARI,ATL,8,7,PHO01,casth002,mortc002
2022,BAL202205310,2022-05-31,0,BAL,SEA,0,10,BAL12,bakeb001,kirbg001
2022,BOS202205310,2022-05-31,0,BOS,CIN,1,2,BOS07,wachm001,castl003
2022,CHN202205310,2022-05-31,0,CHN,MIL,8,7,CHI11,steej002,lauee001
2022,CLE202205310,2022-05-31,0,CLE,KCA,8,3,CLE08,quanc001,lyncd001
2022,DET202205311,2022-05-31,1,DET,MIN,2,8,DET05,garcr007,smeld001
2022,DET202205312,2022-05-31,2,DET,MIN,4,0,DET05,wentj001,sandc001
2022,LAN202205310,2022-05-31,0,LAN,PIT,3,5,LOS03,uriaj001,kellm003
2022,NYA202205310,2022-05-31,0,NYA,ANA,9,1,NYC21,montj004,syndn001
2022,NYN202205310,2022-05-31,0,NYN,WAS,10,0,NYC20,willt002,corbp001
2022,OAK202205310,2022-05-31,0,OAK,HOU,1,3,OAK01,montf001,javic001
2022,PHI202205310,2022-05-31,0,PHI,SFN,4,7,PHI13,suarr001,junij001
2022,SLN202205310,2022-05-31,0,SLN,SDN,3,2,STL10,waina001,snelb001
2022,TEX202205310,2022-05-31,0,TEX,TBA,3,0,ARL03,perem004,yarbr001
2022,TOR202205310,2022-05-31,0,TOR,CHA,6,5,TOR02,gausk001,gioll001
2022,ARI202206010,2022-06-01,0,ARI,ATL,0,6,PHO01,bumgm001,wrigk001
2022,BAL202206010,2022-06-01,0,BAL,SEA,9,2,BAL12,bradk001,ray-r002
2022,BOS202206010,2022-06-01,0,BOS,CIN,7,1,BOS07,whitg002,greeh001
2022,CHN202206010,2022-06-01,0,CHN,MIL,4,3,CHI11,hendk001,alexj001
2022,CLE202206010,2022-06-01,0,CLE,KCA,4,0,CLE08,pilkk001,kellb003
2022,COL202206011,2022-06-01,1,COL,MIA,1,14,DEN02,senza001,cabre003
2022,COL202206012,2022-06-01,2,COL,MIA,13,12,DEN02,marqg001,roget003
2022,DET202206010,2022-06-01,0,DET,MIN,5,0,DET05,skubt001,oberb002
2022,LAN202206010,2022-06-01,0,LAN,PIT,4,8,LOS03,whitm004,quinj001
2022,NYN202206010,2022-06-01,0,NYN,WAS,5,0,NYC20,carrc003,lee-e001
2022,OAK202206010,2022-06-01,0,OAK,HOU,4,5,OAK01,irvic001,verlj001
2022,PHI202206010,2022-06-01,0,PHI,SFN,6,5,PHI13,nolaa001,rodoc001
2022,SLN202206010,2022-06-01,0,SLN,SDN,5,2,STL10,hudsd002,darvy001
2022,TEX202206010,2022-06-01,0,TEX,TBA,3,4,ARL03,grayj003,sprij001
2022,TOR202206010,2022-06-01,0,TOR,CHA,7,3,TOR02,ryu-h001,kopem001
2022,BAL202206020,2022-06-02,0,BAL,SEA,6,7,BAL12,lylej001,flexc001
2022,CHN202206020,2022-06-02,0,CHN,SLN,7,5,CHI11,thomk002,libem001
2022,CIN202206020,2022-06-02,0,CIN,WAS,8,1,CIN09,ashcg001,adonj001
2022,COL202206020,2022-06-02,0,COL,ATL,6,13,DEN02,gomba001,andei001
2022,DET202206020,2022-06-02,0,DET,MIN,3,2,DET05,faeda001,archc001
2022,LAN202206020,2022-06-02,0,LAN,NYN,2,0,LOS03,gonst001,walkt004
2022,MIA202206020,2022-06-02,0,MIA,SFN,3,0,MIA02,alcas001,wooda002
2022,MIL202206020,2022-06-02,0,MIL,SDN,5,4,MIL06,housa001,manas001
2022,NYA202206021,2022-06-02,1,NYA,ANA,6,1,NYC21,cortn001,ohtas001
2022,NYA202206022,2022-06-02,2,NYA,ANA,2,1,NYC21,tailj001,detmr001
2022,TEX202206020,2022-06-02,0,TEX,TBA,1,3,ARL03,heart001,klubc001
2022,TOR202206020,2022-06-02,0,TOR,CHA,8,3,TOR02,manoa001,cuetj001
2022,BAL202206030,2022-06-03,0,BAL,CLE,3,6,BAL12,zimmb002,biebs001
2022,CHN202206030,2022-06-03,0,CHN,SLN,5,14,CHI11,strom001,mikom001
2022,CIN202206030,2022-06-03,0,CIN,WAS,5,8,CIN09,minom001,grayj004
2022,COL202206030,2022-06-03,0,COL,ATL,1,3,DEN02,kuhlc001,friem001
2022,KCA202206030,2022-06-03,0,KCA,HOU,3,10,KAN06,singb001,urquj001
2022,LAN202206030,2022-06-03,0,LAN,NYN,6,1,LOS03,andet002,bassc001
2022,MIA202206030,2022-06-03,0,MIA,SFN,6,15,MIA02,bleir001,brebj001
2022,MIL202206030,2022-06-03,0,MIL,SDN,0,7,MIL06,burnc002,musgj001
2022,NYA202206030,2022-06-03,0,NYA,DET,13,0,NYC21,coleg001,rodre005
2022,OAK202206030,2022-06-03,0,OAK,BOS,2,7,OAK01,kaprj001,eovan001
2022,PHI202206030,2022-06-03,0,PHI,ANA,10,0,PHI13,efliz001,silsc001
2022,PIT202206030,2022-06-03,0,PIT,ARI,6,8,PIT08,brubj001,kellm002
2022,TBA202206030,2022-06-03,0,TBA,CHA,6,3,STP01,mccls003,martd006
2022,TEX202206030,2022-06-03,0,TEX,SEA,3,4,ARL03,dunnd001,gilbl002
2022,TOR202206030,2022-06-03,0,TOR,MIN,3,9,TOR02,kikuy001,gonzc002
2022,BAL202206040,2022-06-04,0,BAL,CLE,5,4,BAL12,wellt003,mcket001
2022,CHN202206041,2022-06-04,1,CHN,SLN,6,1,CHI11,swarm001,oviej001
2022,CHN202206042,2022-06-04,2,CHN,SLN,4,7,CHI11,kilic001,palla001
2022,CIN202206040,2022-06-04,0,CIN,WAS,8,10,CIN09,mahlt001,fedde001
2022,COL202206040,2022-06-04,0,COL,ATL,2,6,DEN02,freek001,stris002
2022,KCA202206040,2022-06-04,0,KCA,HOU,6,0,KAN06,bubik001,garcl007
2022,LAN202206040,2022-06-04,0,LAN,NYN,4,9,LOS03,buehw001,peted003
2022,MIA202206040,2022-06-04,0,MIA,SFN,5,4,MIA02,lopep002,webbl001
2022,MIL202206040,2022-06-04,0,MIL,SDN,0,4,MIL06,ashba003,gorem001
2022,NYA202206040,2022-06-04,0,NYA,DET,3,0,NYC21,sevel001,brieb001
2022,OAK202206040,2022-06-04,0,OAK,BOS,0,8,OAK01,blacp001,piven001
2022,PHI202206040,2022-06-04,0,PHI,ANA,7,2,PHI13,wheez001,lorem002
2022,PIT202206040,2022-06-04,0,PIT,ARI,2,1,PIT08,contr001,daviz001
2022,TBA202206040,2022-06-04,0,TBA,CHA,2,3,STP01,rasmd002,ceasd001
2022,TEX202206040,2022-06-04,0,TEX,SEA,3,2,ARL03,ottog001,gonzm005
2022,TOR202206040,2022-06-04,0,TOR,MIN,12,3,TOR02,berrj001,bundd001
2022,BAL202206050,2022-06-05,0,BAL,CLE,2,3,BAL12,kremd001,plesz001
2022,CHN202206050,2022-06-05,0,CHN,SLN,3,5,CHI11,steej002,waina001
2022,CIN202206050,2022-06-05,0,CIN,WAS,4,5,CIN09,castl003,corbp001
2022,COL202206050,2022-06-05,0,COL,ATL,7,8,DEN02,feltr001,mortc002
2022,KCA202206050,2022-06-05,0,KCA,HOU,4,7,KAN06,heasj001,valdf001
2022,LAN202206050,2022-06-05,0,LAN,NYN,4,5,LOS03,uriaj001,willt002
2022,MIA202206050,2022-06-05,0,MIA,SFN,1,5,MIA02,garrb001,junij001
2022,MIL202206050,2022-06-05,0,MIL,SDN,4,6,MIL06,lauee001,clevm001
2022,NYA202206050,2022-06-05,0,NYA,DET,5,4,NYC21,montj004,garcr007
2022,OAK202206050,2022-06-05,0,OAK,BOS,2,5,OAK01,montf001,hillr001
2022,PHI202206050,2022-06-05,0,PHI,ANA,9,7,PHI13,gibsk002,sandp002
2022,PIT202206050,2022-06-05,0,PIT,ARI,3,0,PIT08,thomz001,gallz001
2022,TBA202206050,2022-06-05,0,TBA,CHA,5,6,STP01,yarbr001,gioll001
2022,TEX202206050,2022-06-05,0,TEX,SEA,5,6,ARL03,perem004,kirbg001
2022,TOR202206050,2022-06-05,0,TOR,MIN,6,8,TOR02,gausk001,smeld001
2022,ANA202206060,2022-06-06,0,ANA,BOS,0,1,ANA01,syndn001,wachm001
2022,CIN202206060,2022-06-06,0,CIN,ARI,7,0,CIN09,greeh001,bumgm001
2022,HOU202206060,2022-06-06,0,HOU,SEA,4,7,HOU03,javic001,ray-r002
2022,KCA202206060,2022-06-06,0,KCA,TOR,0,8,KAN06,lyncd001,strir001
2022,SDN202206060,2022-06-06,0,SDN,NYN,5,11,SAN02,snelb001,carrc003
2022,ANA202206070,2022-06-07,0,ANA,BOS,5,6,ANA01,suarj001,whitg002
2022,ATL202206070,2022-06-07,0,ATL,OAK,3,2,ATL03,wrigk001,irvic001
2022,BAL202206070,2022-06-07,0,BAL,CHN,9,3,BAL12,bradk001,thomk002
2022,CHA202206070,2022-06-07,0,CHA,LAN,4,0,CHI12,kopem001,whitm004
2022,CIN202206070,2022-06-07,0,CIN,ARI,14,8,CIN09,ashcg001,gilbt001
2022,CLE202206071,2022-06-07,1,CLE,TEX,6,3,CLE08,quanc001,grayj003
2022,CLE202206072,2022-06-07,2,CLE,TEX,3,6,CLE08,mccak003,heart001
2022,HOU202206070,2022-06-07,0,HOU,SEA,4,1,HOU03,verlj001,flexc001
2022,KCA202206070,2022-06-07,0,KCA,TOR,0,7,KAN06,kellb003,manoa001
2022,MIA202206070,2022-06-07,0,MIA,WAS,12,2,MIA02,cabre003,adonj001
2022,MIL202206070,2022-06-07,0,MIL,PHI,2,3,MIL06,alexj001,suarr001
2022,MIN202206070,2022-06-07,0,MIN,NYA,4,10,MIN04,sandc001,tailj001
2022,PIT202206070,2022-06-07,0,PIT,DET,3,5,PIT08,quinj001,skubt001
2022,SDN202206070,2022-06-07,0,SDN,NYN,7,0,SAN02,darvy001,walkt004
2022,SFN202206070,2022-06-07,0,SFN,COL,3,5,SFO03,rodoc001,marqg001
2022,TBA202206070,2022-06-07,0,TBA,SLN,4,2,STP01,sprij001,hudsd002
2022,ANA202206080,2022-06-08,0,ANA,BOS,0,1,ANA01,detmr001,eovan001
2022,ATL202206080,2022-06-08,0,ATL,OAK,13,2,ATL03,andei001,koenj001
2022,CHA202206080,2022-06-08,0,CHA,LAN,1,4,CHI12,cuetj001,gonst001
2022,CIN202206080,2022-06-08,0,CIN,ARI,0,7,CIN09,minom001,kellm002
2022,CLE202206080,2022-06-08,0,CLE,TEX,4,0,CLE08,biebs001,dunnd001
2022,HOU202206080,2022-06-08,0,HOU,SEA,3,6,HOU03,urquj001,gilbl002
2022,KCA202206080,2022-06-08,0,KCA,TOR,8,4,KAN06,singb001,kikuy001
2022,MIA202206080,2022-06-08,0,MIA,WAS,2,1,MIA02,alcas001,grayj004
2022,MIL202206080,2022-06-08,0,MIL,PHI,0,10,MIL06,housa001,nolaa001
2022,MIN202206080,2022-06-08,0,MIN,NYA,8,1,MIN04,archc001,cortn001
2022,PIT202206080,2022-06-08,0,PIT,DET,1,3,PIT08,kellm003,faeda001
2022,SDN202206080,2022-06-08,0,SDN,NYN,13,2,SAN02,manas001,bassc001
2022,SFN202206080,2022-06-08,0,SFN,COL,2,1,SFO03,wooda002,senza001
2022,TBA202206080,2022-06-08,0,TBA,SLN,11,3,STP01,klubc001,naugp001
2022,ANA202206090,2022-06-09,0,ANA,BOS,5,2,ANA01,ohtas001,piven001
2022,ATL202206090,2022-06-09,0,ATL,PIT,3,1,ATL03,friem001,brubj001
2022,CHA202206090,2022-06-09,0,CHA,LAN,9,11,CHI12,ceasd001,andet002
2022,CIN202206090,2022-06-09,0,CIN,ARI,4,5,CIN09,mahlt001,daviz001
2022,CLE202206090,2022-06-09,0,CLE,OAK,8,4,CLE08,pilkk001,kaprj001
2022,KCA202206090,2022-06-09,0,KCA,BAL,7,5,KAN06,bubik001,lylej001
2022,MIA202206090,2022-06-09,0,MIA,WAS,7,4,MIA02,roget003,stras001
2022,MIL202206090,2022-06-09,0,MIL,PHI,3,8,MIL06,burnc002,efliz001
2022,MIN202206090,2022-06-09,0,MIN,NYA,7,10,MIN04,bundd001,coleg001
2022,SFN202206090,2022-06-09,0,SFN,COL,2,4,SFO03,webbl001,gomba001
2022,TBA202206090,2022-06-09,0,TBA,SLN,2,1,STP01,mccls003,mikom001
2022,ANA202206100,2022-06-10,0,ANA,NYN,3,7,ANA01,diazj007,megit002
2022,ATL202206100,2022-06-10,0,ATL,PIT,4,2,ATL03,stris002,contr001
2022,CHA202206100,2022-06-10,0,CHA,TEX,8,3,CHI12,loper003,bushm001
2022,CLE202206100,2022-06-10,0,CLE,OAK,3,2,CLE08,mcket001,blacp001
2022,DET202206100,2022-06-10,0,DET,TOR,1,10,DET05,rodre005,berrj001
2022,HOU202206100,2022-06-10,0,HOU,MIA,4,7,HOU03,garcl007,lopep002
2022,KCA202206100,2022-06-10,0,KCA,BAL,8,1,KAN06,heasj001,zimmb002
2022,MIN202206100,2022-06-10,0,MIN,TBA,9,4,MIN04,smeld001,rasmd002
2022,NYA202206100,2022-06-10,0,NYA,CHN,2,1,NYC21,sevel001,milew001
2022,PHI202206100,2022-06-10,0,PHI,ARI,7,5,PHI13,gibsk002,gallz001
2022,SDN202206100,2022-06-10,0,SDN,COL,9,0,SAN02,musgj001,kuhlc001
2022,SEA202206100,2022-06-10,0,SEA,BOS,3,4,SEA03,gonzm005,hillr001
2022,SFN202206100,2022-06-10,0,SFN,LAN,7,2,SFO03,junij001,buehw001
2022,SLN202206100,2022-06-10,0,SLN,CIN,2,0,STL10,palla001,castl003
2022,WAS202206100,2022-06-10,0,WAS,MIL,11,5,WAS11,fedde001,ashba003
2022,ANA202206110,2022-06-11,0,ANA,NYN,11,6,ANA01,lorem002,carrc003
2022,ATL202206110,2022-06-11,0,ATL,PIT,10,4,ATL03,mortc002,thomz001
2022,CHA202206110,2022-06-11,0,CHA,TEX,9,11,CHI12,gioll001,perem004
2022,CLE202206110,2022-06-11,0,CLE,OAK,5,10,CLE08,plesz001,montf001
2022,DET202206110,2022-06-11,0,DET,TOR,3,1,DET05,brieb001,gausk001
2022,HOU202206110,2022-06-11,0,HOU,MIA,1,5,HOU03,valdf001,garrb001
2022,KCA202206110,2022-06-11,0,KCA,BAL,4,6,KAN06,lyncd001,wellt003
2022,MIN202206110,2022-06-11,0,MIN,TBA,6,5,MIN04,gonzc002,baz-s001
2022,NYA202206110,2022-06-11,0,NYA,CHN,8,0,NYC21,montj004,swarm001
2022,PHI202206110,2022-06-11,0,PHI,ARI,4,0,PHI13,wheez001,bumgm001
2022,SDN202206111,2022-06-11,1,SDN,COL,2,1,SAN02,martn002,feltr001
2022,SDN202206112,2022-06-11,2,SDN,COL,2,6,SAN02,gorem001,freek001
2022,SEA202206110,2022-06-11,0,SEA,BOS,7,6,SEA03,kirbg001,wachm001
2022,SFN202206110,2022-06-11,0,SFN,LAN,3,2,SFO03,longs002,kersc001
2022,SLN202206110,2022-06-11,0,SLN,CIN,5,4,STL10,waina001,greeh001
2022,WAS202206110,2022-06-11,0,WAS,MIL,8,6,WAS11,corbp001,lauee001
2022,ANA202206120,2022-06-12,0,ANA,NYN,1,4,ANA01,sandp002,walkt004
2022,ATL202206120,2022-06-12,0,ATL,PIT,5,3,ATL03,wrigk001,quinj001
2022,CHA202206120,2022-06-12,0,CHA,TEX,6,8,CHI12,kopem001,grayj003
2022,CLE202206120,2022-06-12,0,CLE,OAK,6,3,CLE08,quanc001,irvic001
2022,DET202206120,2022-06-12,0,DET,TOR,0,6,DET05,skubt001,strir001
2022,HOU202206120,2022-06-12,0,HOU,MIA,9,4,HOU03,verlj001,cabre003
2022,KCA202206120,2022-06-12,0,KCA,BAL,7,10,KAN06,kellb003,kremd001
2022,MIN202206120,2022-06-12,0,MIN,TBA,0,6,MIN04,sandc001,sprij001
2022,NYA202206120,2022-06-12,0,NYA,CHN,18,4,NYC21,tailj001,thomk002
2022,PHI202206120,2022-06-12,0,PHI,ARI,1,13,PHI13,suarr001,nelsk001
2022,SDN202206120,2022-06-12,0,SDN,COL,2,4,SAN02,snelb001,marqg001
2022,SEA202206120,2022-06-12,0,SEA,BOS,0,2,SEA03,ray-r002,crawk001
2022,SFN202206120,2022-06-12,0,SFN,LAN,2,0,SFO03,rodoc001,uriaj001
2022,SLN202206120,2022-06-12,0,SLN,CIN,6,7,STL10,hudsd002,ashcg001
2022,WAS202206120,2022-06-12,0,WAS,MIL,1,4,WAS11,espip001,alexj001
2022,ARI202206130,2022-06-13,0,ARI,CIN,4,5,PHO01,kellm002,minom001
2022,CHN202206130,2022-06-13,0,CHN,SDN,1,4,CHI11,steej002,darvy001
2022,DET202206130,2022-06-13,0,DET,CHA,5,9,DET05,garcr007,lynnl001
2022,PHI202206130,2022-06-13,0,PHI,MIA,3,2,PHI13,nolaa001,alcas001
2022,SEA202206130,2022-06-13,0,SEA,MIN,2,3,SEA03,flexc001,archc001
2022,SFN202206130,2022-06-13,0,SFN,KCA,6,2,SFO03,wooda002,singb001
2022,SLN202206130,2022-06-13,0,SLN,PIT,7,5,STL10,thomz002,kellm003
2022,TEX202206130,2022-06-13,0,TEX,HOU,5,3,ARL03,heart001,javic001
2022,TOR202206130,2022-06-13,0,TOR,BAL,11,1,TOR02,manoa001,bradk001
2022,WAS202206130,2022-06-13,0,WAS,ATL,5,9,WAS11,ramie004,andei001
2022,ARI202206140,2022-06-14,0,ARI,CIN,3,5,PHO01,daviz001,mahlt001
2022,BOS202206140,2022-06-14,0,BOS,OAK,6,1,BOS07,piven001,koenj001
2022,CHN202206140,2022-06-14,0,CHN,SDN,5,12,CHI11,hendk001,manas001
2022,COL202206140,2022-06-14,0,COL,CLE,3,4,DEN02,senza001,biebs001
2022,DET202206140,2022-06-14,0,DET,CHA,1,5,DET05,hutcd001,ceasd001
2022,LAN202206140,2022-06-14,0,LAN,ANA,2,0,LOS03,gonst001,syndn001
2022,NYA202206140,2022-06-14,0,NYA,TBA,2,0,NYC21,coleg001,klubc001
2022,NYN202206140,2022-06-14,0,NYN,MIL,4,0,NYC20,bassc001,housa001
2022,PHI202206140,2022-06-14,0,PHI,MIA,9,11,PHI13,efliz001,roget003
2022,SEA202206140,2022-06-14,0,SEA,MIN,5,0,SEA03,gilbl002,ryanj002
2022,SFN202206140,2022-06-14,0,SFN,KCA,4,2,SFO03,webbl001,bubik001
2022,SLN202206141,2022-06-14,1,SLN,PIT,3,1,STL10,libem001,brubj001
2022,SLN202206142,2022-06-14,2,SLN,PIT,9,1,STL10,mikom001,wilsb003
2022,TEX202206140,2022-06-14,0,TEX,HOU,3,4,ARL03,dunnd001,urquj001
2022,TOR202206140,2022-06-14,0,TOR,BAL,5,6,TOR02,kikuy001,lylej001
2022,WAS202206140,2022-06-14,0,WAS,ATL,4,10,WAS11,tetrj001,friem001
2022,ARI202206150,2022-06-15,0,ARI,CIN,7,4,PHO01,gallz001,castl003
2022,BOS202206150,2022-06-15,0,BOS,OAK,10,1,BOS07,wincj001,kaprj001
2022,CHN202206150,2022-06-15,0,CHN,SDN,5,19,CHI11,kilic001,weatr001
2022,COL202206150,2022-06-15,0,COL,CLE,5,7,DEN02,gomba001,pilkk001
2022,DET202206150,2022-06-15,0,DET,CHA,0,13,DET05,faeda001,velav001
2022,LAN202206150,2022-06-15,0,LAN,ANA,4,1,LOS03,andet002,detmr001
2022,NYA202206150,2022-06-15,0,NYA,TBA,4,3,NYC21,cortn001,mccls003
2022,NYN202206150,2022-06-15,0,NYN,MIL,2,10,NYC20,peted003,burnc002
2022,PHI202206150,2022-06-15,0,PHI,MIA,3,1,PHI13,gibsk002,castd003
2022,SEA202206150,2022-06-15,0,SEA,MIN,0,5,SEA03,gonzm005,grays001
2022,SFN202206150,2022-06-15,0,SFN,KCA,2,3,SFO03,longs002,heasj001
2022,SLN202206150,2022-06-15,0,SLN,PIT,4,6,STL10,flahj002,contr001
2022,TEX202206150,2022-06-15,0,TEX,HOU,2,9,ARL03,millt003,garcl007
2022,TOR202206150,2022-06-15,0,TOR,BAL,7,6,TOR02,berrj001,zimmb002
2022,WAS202206150,2022-06-15,0,WAS,ATL,2,8,WAS11,fedde001,stris002
2022,BOS202206160,2022-06-16,0,BOS,OAK,3,4,BOS07,hillr001,blacp001
2022,CHN202206160,2022-06-16,0,CHN,SDN,4,6,CHI11,swarm001,musgj001
2022,COL202206160,2022-06-16,0,COL,CLE,2,4,DEN02,kuhlc001,mcket001
2022,DET202206160,2022-06-16,0,DET,TEX,1,3,DET05,brieb001,perem004
2022,NYA202206160,2022-06-16,0,NYA,TBA,2,1,NYC21,schmc002,beekj001
2022,NYN202206160,2022-06-16,0,NYN,MIL,5,4,NYC20,megit002,ashba003
2022,SEA202206160,2022-06-16,0,SEA,ANA,1,4,SEA03,kirbg001,ohtas001
2022,TOR202206160,2022-06-16,0,TOR,BAL,2,10,TOR02,gausk001,wellt003
2022,WAS202206160,2022-06-16,0,WAS,PHI,1,10,WAS11,corbp001,wheez001
2022,ARI202206170,2022-06-17,0,ARI,MIN,7,2,PHO01,bumgm001,smeld001
2022,BAL202206170,2022-06-17,0,BAL,TBA,1,0,BAL12,kremd001,baz-s001
2022,BOS202206170,2022-06-17,0,BOS,SLN,6,5,BOS07,wachm001,waina001
2022,CHN202206170,2022-06-17,0,CHN,ATL,1,0,CHI11,thomk002,mortc002
2022,CIN202206170,2022-06-17,0,CIN,MIL,4,5,CIN09,greeh001,lauee001
2022,COL202206170,2022-06-17,0,COL,SDN,10,4,DEN02,freek001,gorem001
2022,DET202206170,2022-06-17,0,DET,TEX,0,7,DET05,skubt001,grayj003
2022,HOU202206170,2022-06-17,0,HOU,CHA,13,3,HOU03,valdf001,gioll001
2022,LAN202206170,2022-06-17,0,LAN,CLE,1,2,LOS03,kersc001,plesz001
2022,NYN202206170,2022-06-17,0,NYN,MIA,10,4,NYC20,carrc003,lopep002
2022,OAK202206170,2022-06-17,0,OAK,KCA,1,5,OAK01,montf001,lyncd001
2022,PIT202206170,2022-06-17,0,PIT,SFN,0,2,PIT08,thomz001,rodoc001
2022,SEA202206170,2022-06-17,0,SEA,ANA,8,1,SEA03,ray-r002,lorem002
2022,TOR202206170,2022-06-17,0,TOR,NYA,3,12,TOR02,strir001,montj004
2022,WAS202206171,2022-06-17,1,WAS,PHI,3,5,WAS11,adonj001,suarr001
2022,WAS202206172,2022-06-17,2,WAS,PHI,7,8,WAS11,espip001,faltb001
2022,ARI202206180,2022-06-18,0,ARI,MIN,1,11,PHO01,weavl001,bundd001
2022,BAL202206180,2022-06-18,0,BAL,TBA,6,7,BAL12,bradk001,sprij001
2022,BOS202206180,2022-06-18,0,BOS,SLN,2,11,BOS07,crawk001,hudsd002
2022,CHN202206180,2022-06-18,0,CHN,ATL,6,3,CHI11,steej002,wrigk001
2022,CIN202206180,2022-06-18,0,CIN,MIL,3,7,CIN09,ashcg001,alexj001
2022,COL202206180,2022-06-18,0,COL,SDN,5,4,DEN02,marqg001,martn002
2022,DET202206180,2022-06-18,0,DET,TEX,14,7,DET05,garcr007,heart001
2022,HOU202206180,2022-06-18,0,HOU,CHA,0,7,HOU03,verlj001,cuetj001
2022,LAN202206180,2022-06-18,0,LAN,CLE,7,1,LOS03,uriaj001,quanc001
2022,NYN202206180,2022-06-18,0,NYN,MIA,3,2,NYC20,walkt004,garrb001
2022,OAK202206180,2022-06-18,0,OAK,KCA,0,2,OAK01,irvic001,kellb003
2022,PIT202206180,2022-06-18,0,PIT,SFN,5,7,PIT08,quinj001,wooda002
2022,SEA202206181,2022-06-18,1,SEA,ANA,2,4,SEA03,flexc001,sandp002
2022,SEA202206182,2022-06-18,2,SEA,ANA,0,3,SEA03,murfp001,suarj001
2022,TOR202206180,2022-06-18,0,TOR,NYA,0,4,TOR02,manoa001,tailj001
2022,WAS202206180,2022-06-18,0,WAS,PHI,1,2,WAS11,grayj004,nolaa001
2022,ARI202206190,2022-06-19,0,ARI,MIN,7,1,PHO01,kellm002,archc001
2022,BAL202206190,2022-06-19,0,BAL,TBA,2,1,BAL12,votha001,klubc001
2022,BOS202206190,2022-06-19,0,BOS,SLN,6,4,BOS07,piven001,palla001
2022,CHN202206190,2022-06-19,0,CHN,ATL,0,6,CHI11,hendk001,andei001
2022,CIN202206190,2022-06-19,0,CIN,MIL,3,6,CIN09,minom001,housa001
2022,COL202206190,2022-06-19,0,COL,SDN,8,3,DEN02,senza001,snelb001
2022,DET202206190,2022-06-19,0,DET,TEX,7,3,DET05,hutcd001,dunnd001
2022,HOU202206190,2022-06-19,0,HOU,CHA,4,3,HOU03,javic001,kopem001
2022,LAN202206190,2022-06-19,0,LAN,CLE,3,5,LOS03,heana001,biebs001
2022,NYN202206190,2022-06-19,0,NYN,MIA,2,6,NYC20,bassc001,alcas001
2022,OAK202206190,2022-06-19,0,OAK,KCA,4,0,OAK01,koenj001,singb001
2022,PIT202206190,2022-06-19,0,PIT,SFN,4,3,PIT08,kellm003,cobba001
2022,SEA202206190,2022-06-19,0,SEA,ANA,0,4,SEA03,gilbl002,rosek001
2022,TOR202206190,2022-06-19,0,TOR,NYA,10,9,TOR02,kikuy001,sevel001
2022,WAS202206190,2022-06-19,0,WAS,PHI,9,3,WAS11,tetrj001,efliz001
2022,ANA202206200,2022-06-20,0,ANA,KCA,2,6,ANA01,syndn001,bubik001
2022,ATL202206200,2022-06-20,0,ATL,SFN,2,1,ATL03,friem001,webbl001
2022,BOS202206200,2022-06-20,0,BOS,DET,5,2,BOS07,wincj001,faeda001
2022,CHA202206200,2022-06-20,0,CHA,TOR,8,7,CHI12,lynnl001,berrj001
2022,MIL202206200,2022-06-20,0,MIL,SLN,2,0,MIL06,burnc002,mikom001
2022,NYN202206200,2022-06-20,0,NYN,MIA,6,0,NYC20,peted003,roget003
2022,PIT202206200,2022-06-20,0,PIT,CHN,12,1,PIT08,brubj001,kilic001
2022,SDN202206200,2022-06-20,0,SDN,ARI,4,1,SAN02,darvy001,daviz001
2022,TBA202206200,2022-06-20,0,TBA,NYA,2,4,STP01,mccls003,coleg001
2022,ANA202206210,2022-06-21,0,ANA,KCA,11,12,ANA01,detmr001,heasj001
2022,ATL202206210,2022-06-21,0,ATL,SFN,10,12,ATL03,stris002,desca001
2022,BAL202206210,2022-06-21,0,BAL,WAS,0,3,BAL12,lylej001,fedde001
2022,BOS202206210,2022-06-21,0,BOS,DET,5,4,BOS07,hillr001,brieb001
2022,CHA202206210,2022-06-21,0,CHA,TOR,7,6,CHI12,ceasd001,gausk001
2022,CIN202206210,2022-06-21,0,CIN,LAN,2,8,CIN09,mahlt001,gonst001
2022,HOU202206210,2022-06-21,0,HOU,NYN,8,2,HOU03,urquj001,willt002
2022,MIA202206210,2022-06-21,0,MIA,COL,9,8,MIA02,castd003,feltr001
2022,MIL202206210,2022-06-21,0,MIL,SLN,2,6,MIL06,gonzc002,flahj002
2022,MIN202206210,2022-06-21,0,MIN,CLE,5,6,MIN04,ryanj002,civaa001
2022,OAK202206210,2022-06-21,0,OAK,SEA,2,8,OAK01,kaprj001,gonzm005
2022,PIT202206210,2022-06-21,0,PIT,CHN,7,1,PIT08,contr001,swarm001
2022,SDN202206210,2022-06-21,0,SDN,ARI,3,2,SAN02,manas001,gallz001
2022,TBA202206210,2022-06-21,0,TBA,NYA,5,4,STP01,beekj001,cortn001
2022,TEX202206210,2022-06-21,0,TEX,PHI,7,0,ARL03,perem004,gibsk002
2022,ANA202206220,2022-06-22,0,ANA,KCA,5,0,ANA01,ohtas001,lyncd001
2022,ATL202206220,2022-06-22,0,ATL,SFN,4,3,ATL03,mortc002,rodoc001
2022,BAL202206220,2022-06-22,0,BAL,WAS,7,0,BAL12,wellt003,corbp001
2022,BOS202206220,2022-06-22,0,BOS,DET,6,2,BOS07,wachm001,skubt001
2022,CHA202206220,2022-06-22,0,CHA,TOR,5,9,CHI12,gioll001,strir001
2022,CIN202206220,2022-06-22,0,CIN,LAN,4,8,CIN09,castl003,andet002
2022,HOU202206220,2022-06-22,0,HOU,NYN,5,3,HOU03,garcl007,carrc003
2022,MIA202206220,2022-06-22,0,MIA,COL,7,4,MIA02,lopep002,kuhlc001
2022,MIL202206220,2022-06-22,0,MIL,SLN,4,5,MIL06,lauee001,waina001
2022,MIN202206220,2022-06-22,0,MIN,CLE,10,11,MIN04,grays001,mcket001
2022,OAK202206220,2022-06-22,0,OAK,SEA,0,9,OAK01,blacp001,kirbg001
2022,PIT202206220,2022-06-22,0,PIT,CHN,5,14,PIT08,eickj001,thomk002
2022,SDN202206220,2022-06-22,0,SDN,ARI,10,4,SAN02,clevm001,bumgm001
2022,TBA202206220,2022-06-22,0,TBA,NYA,4,5,STP01,baz-s001,montj004
2022,TEX202206220,2022-06-22,0,TEX,PHI,4,2,ARL03,grayj003,wheez001
2022,ATL202206230,2022-06-23,0,ATL,SFN,7,6,ATL03,wrigk001,wooda002
2022,CHA202206230,2022-06-23,0,CHA,BAL,0,4,CHI12,cuetj001,kremd001
2022,CIN202206230,2022-06-23,0,CIN,LAN,5,10,CIN09,greeh001,kersc001
2022,MIA202206230,2022-06-23,0,MIA,COL,3,2,MIA02,garrb001,freek001
2022,MIL202206230,2022-06-23,0,MIL,SLN,6,4,MIL06,alexj001,hudsd002
2022,MIN202206230,2022-06-23,0,MIN,CLE,1,0,MIN04,smeld001,plesz001
2022,NYA202206230,2022-06-23,0,NYA,HOU,7,6,NYC21,tailj001,valdf001
2022,OAK202206230,2022-06-23,0,OAK,SEA,1,2,OAK01,montf001,ray-r002
2022,PIT202206230,2022-06-23,0,PIT,CHN,8,7,PIT08,quinj001,steej002
2022,SDN202206230,2022-06-23,0,SDN,PHI,2,6,SAN02,musgj001,suarr001
2022,ANA202206240,2022-06-24,0,ANA,SEA,3,4,ANA01,lorem002,flexc001
2022,ARI202206240,2022-06-24,0,ARI,DET,1,5,PHO01,kellm002,garcr007
2022,ATL202206240,2022-06-24,0,ATL,LAN,1,4,ATL03,andei001,uriaj001
2022,CHA202206240,2022-06-24,0,CHA,BAL,1,4,CHI12,kopem001,votha001
2022,CLE202206240,2022-06-24,0,CLE,BOS,3,6,CLE08,quanc001,piven001
2022,KCA202206240,2022-06-24,0,KCA,OAK,3,1,KAN06,greiz001,irvic001
2022,MIA202206240,2022-06-24,0,MIA,NYN,3,5,MIA02,alcas001,walkt004
2022,MIL202206240,2022-06-24,0,MIL,TOR,4,9,MIL06,housa001,manoa001
2022,MIN202206240,2022-06-24,0,MIN,COL,0,1,MIN04,bundd001,marqg001
2022,NYA202206240,2022-06-24,0,NYA,HOU,1,3,NYC21,sevel001,verlj001
2022,SDN202206240,2022-06-24,0,SDN,PHI,1,0,SAN02,gorem001,nolaa001
2022,SFN202206240,2022-06-24,0,SFN,CIN,2,4,SFO03,cobba001,ashcg001
2022,SLN202206240,2022-06-24,0,SLN,CHN,0,3,STL10,palla001,hendk001
2022,TBA202206240,2022-06-24,0,TBA,PIT,4,3,STP01,sprij001,kellm003
2022,TEX202206240,2022-06-24,0,TEX,WAS,1,2,ARL03,dunnd001,espip001
2022,ANA202206250,2022-06-25,0,ANA,SEA,3,5,ANA01,sandp002,gilbl002
2022,ARI202206250,2022-06-25,0,ARI,DET,3,6,PHO01,daviz001,faeda001
2022,ATL202206250,2022-06-25,0,ATL,LAN,5,3,ATL03,friem001,whitm004
2022,CHA202206250,2022-06-25,0,CHA,BAL,2,6,CHI12,lynnl001,watks003
2022,CLE202206250,2022-06-25,0,CLE,BOS,2,4,CLE08,biebs001,wincj001
2022,KCA202206250,2022-06-25,0,KCA,OAK,7,9,KAN06,kellb003,koenj001
2022,MIA202206250,2022-06-25,0,MIA,NYN,3,5,MIA02,roget003,bassc001
2022,MIL202206250,2022-06-25,0,MIL,TOR,5,4,MIL06,burnc002,kikuy001
2022,MIN202206250,2022-06-25,0,MIN,COL,6,0,MIN04,archc001,senza001
2022,NYA202206250,2022-06-25,0,NYA,HOU,0,3,NYC21,coleg001,javic001
2022,SDN202206250,2022-06-25,0,SDN,PHI,2,4,SAN02,snelb001,efliz001
2022,SFN202206250,2022-06-25,0,SFN,CIN,9,2,SFO03,webbl001,minom001
2022,SLN202206250,2022-06-25,0,SLN,CHN,5,3,STL10,mikom001,sampa001
2022,TBA202206250,2022-06-25,0,TBA,PIT,6,5,STP01,klubc001,brubj001
2022,TEX202206250,2022-06-25,0,TEX,WAS,3,2,ARL03,martb002,grayj004
2022,ANA202206260,2022-06-26,0,ANA,SEA,2,1,ANA01,wanta001,gonzm005
2022,ARI202206260,2022-06-26,0,ARI,DET,11,7,PHO01,keucd001,brieb001
2022,ATL202206260,2022-06-26,0,ATL,LAN,3,5,ATL03,stris002,gonst001
2022,CHA202206260,2022-06-26,0,CHA,BAL,4,3,CHI12,ceasd001,lylej001
2022,CLE202206260,2022-06-26,0,CLE,BOS,3,8,CLE08,civaa001,hillr001
2022,KCA202206260,2022-06-26,0,KCA,OAK,3,5,KAN06,singb001,kaprj001
2022,MIA202206260,2022-06-26,0,MIA,NYN,3,2,MIA02,castd003,peted003
2022,MIL202206260,2022-06-26,0,MIL,TOR,10,3,MIL06,gonzc002,berrj001
2022,MIN202206260,2022-06-26,0,MIN,COL,6,3,MIN04,ryanj002,feltr001
2022,NYA202206260,2022-06-26,0,NYA,HOU,6,3,NYC21,cortn001,urquj001
2022,SDN202206260,2022-06-26,0,SDN,PHI,5,8,SAN02,darvy001,gibsk002
2022,SFN202206260,2022-06-26,0,SFN,CIN,3,10,SFO03,desca001,mahlt001
2022,SLN202206260,2022-06-26,0,SLN,CHN,5,6,STL10,flahj002,milla003
2022,TBA202206260,2022-06-26,0,TBA,PIT,4,2,STP01,mccls003,contr001
2022,TEX202206260,2022-06-26,0,TEX,WAS,4,6,ARL03,ottog001,tetrj001
2022,ANA202206270,2022-06-27,0,ANA,CHA,4,3,ANA01,syndn001,gioll001
2022,CLE202206270,2022-06-27,0,CLE,MIN,1,11,CLE08,mcket001,grays001
2022,COL202206270,2022-06-27,0,COL,LAN,4,0,DEN02,kuhlc001,andet002
2022,KCA202206270,2022-06-27,0,KCA,TEX,4,10,KAN06,bubik001,perem004
2022,NYA202206270,2022-06-27,0,NYA,OAK,9,5,NYC21,montj004,blacp001
2022,SEA202206270,2022-06-27,0,SEA,BAL,2,9,SEA03,kirbg001,wellt003
2022,SLN202206270,2022-06-27,0,SLN,MIA,9,0,STL10,waina001,lopep002
2022,TOR202206270,2022-06-27,0,TOR,BOS,7,2,TOR02,gausk001,seabc001
2022,WAS202206270,2022-06-27,0,WAS,PIT,3,2,WAS11,fedde001,yajum001
2022,ANA202206280,2022-06-28,0,ANA,CHA,4,11,ANA01,silsc001,cuetj001
2022,ARI202206280,2022-06-28,0,ARI,SDN,7,6,PHO01,gallz001,manas001
2022,CHN202206280,2022-06-28,0,CHN,CIN,3,5,CHI11,thomk002,castl003
2022,CLE202206281,2022-06-28,1,CLE,MIN,3,2,CLE08,plesz001,smeld001
2022,CLE202206282,2022-06-28,2,CLE,MIN,0,6,CLE08,pilkk001,windj002
2022,COL202206280,2022-06-28,0,COL,LAN,7,4,DEN02,freek001,kersc001
2022,KCA202206280,2022-06-28,0,KCA,TEX,3,8,KAN06,heasj001,grayj003
2022,NYA202206280,2022-06-28,0,NYA,OAK,2,1,NYC21,searj001,montf001
2022,NYN202206280,2022-06-28,0,NYN,HOU,1,9,NYC20,carrc003,valdf001
2022,PHI202206280,2022-06-28,0,PHI,ATL,3,5,PHI13,wheez001,mortc002
2022,SEA202206280,2022-06-28,0,SEA,BAL,2,0,SEA03,ray-r002,kremd001
2022,SFN202206280,2022-06-28,0,SFN,DET,4,3,SFO03,rodoc001,skubt001
2022,SLN202206280,2022-06-28,0,SLN,MIA,5,3,STL10,hudsd002,garrb001
2022,TBA202206280,2022-06-28,0,TBA,MIL,3,5,STP01,baz-s001,woodb005
2022,TOR202206280,2022-06-28,0,TOR,BOS,6,5,TOR02,strir001,wachm001
2022,WAS202206280,2022-06-28,0,WAS,PIT,3,1,WAS11,corbp001,quinj001
2022,ANA202206290,2022-06-29,0,ANA,CHA,4,1,ANA01,ohtas001,kopem001
2022,ARI202206290,2022-06-29,0,ARI,SDN,0,4,PHO01,bumgm001,clevm001
2022,CHN202206290,2022-06-29,0,CHN,CIN,8,3,CHI11,steej002,greeh001
2022,CLE202206290,2022-06-29,0,CLE,MIN,7,6,CLE08,quanc001,bundd001
2022,COL202206290,2022-06-29,0,COL,LAN,4,8,DEN02,marqg001,uriaj001
2022,KCA202206290,2022-06-29,0,KCA,TEX,2,1,KAN06,greiz001,dunnd001
2022,NYA202206290,2022-06-29,0,NYA,OAK,5,3,NYC21,tailj001,irvic001
2022,NYN202206290,2022-06-29,0,NYN,HOU,0,2,NYC20,walkt004,verlj001
2022,PHI202206290,2022-06-29,0,PHI,ATL,1,4,PHI13,suarr001,wrigk001
2022,SEA202206290,2022-06-29,0,SEA,BAL,9,3,SEA03,flexc001,votha001
2022,SFN202206290,2022-06-29,0,SFN,DET,2,3,SFO03,wooda002,garcr007
2022,SLN202206290,2022-06-29,0,SLN,MIA,3,4,STL10,palla001,alcas001
2022,TBA202206290,2022-06-29,0,TBA,MIL,3,5,STP01,beekj001,lauee001
2022,TOR202206290,2022-06-29,0,TOR,BOS,5,6,TOR02,manoa001,piven001
2022,WAS202206290,2022-06-29,0,WAS,PIT,7,8,WAS11,espip001,kellm003
2022,CHN202206300,2022-06-30,0,CHN,CIN,15,7,CHI11,hendk001,ashcg001
2022,CLE202206300,2022-06-30,0,CLE,MIN,5,3,CLE08,biebs001,archc001
2022,HOU202206300,2022-06-30,0,HOU,NYA,2,1,HOU03,garcl007,sevel001
2022,LAN202206300,2022-06-30,0,LAN,SDN,3,1,LOS03,whitm004,musgj001
2022,PHI202206300,2022-06-30,0,PHI,ATL,14,4,PHI13,nolaa001,andei001
2022,PIT202206300,2022-06-30,0,PIT,MIL,8,7,PIT08,brubj001,housa001
2022,SEA202206300,2022-06-30,0,SEA,OAK,8,6,SEA03,gilbl002,marta006
2022,TOR202206300,2022-06-30,0,TOR,TBA,4,1,TOR02,kikuy001,wislm001
2022,CHN202207010,2022-07-01,0,CHN,BOS,6,5,CHI11,sampa001,hillr001
2022,CIN202207010,2022-07-01,0,CIN,ATL,1,9,CIN09,minom001,friem001
2022,COL202207010,2022-07-01,0,COL,ARI,3,9,DEN02,senza001,kellm002
2022,DET202207010,2022-07-01,0,DET,KCA,1,3,DET05,pinem001,kellb003
2022,HOU202207010,2022-07-01,0,HOU,ANA,8,1,HOU03,javic001,lorem002
2022,LAN202207010,2022-07-01,0,LAN,SDN,5,1,LOS03,gonst001,snelb001
2022,MIN202207010,2022-07-01,0,MIN,BAL,3,2,MIN04,ryanj002,watks003
2022,NYN202207010,2022-07-01,0,NYN,TEX,4,3,NYC20,peted003,ottog001
2022,PHI202207010,2022-07-01,0,PHI,SLN,5,3,PHI13,faltb001,mikom001
2022,PIT202207010,2022-07-01,0,PIT,MIL,2,19,PIT08,contr001,burnc002
2022,SEA202207010,2022-07-01,0,SEA,OAK,1,3,SEA03,gonzm005,kaprj001
2022,SFN202207010,2022-07-01,0,SFN,CHA,0,1,SFO03,cobba001,lynnl001
2022,TOR202207010,2022-07-01,0,TOR,TBA,9,2,TOR02,berrj001,klubc001
2022,WAS202207010,2022-07-01,0,WAS,MIA,3,6,WAS11,grayj004,roget003
2022,CHN202207020,2022-07-02,0,CHN,BOS,3,1,CHI11,milla003,wincj001
2022,CIN202207020,2022-07-02,0,CIN,ATL,1,4,CIN09,mahlt001,stris002
2022,CLE202207021,2022-07-02,1,CLE,NYA,4,13,CLE08,mccak003,coleg001
2022,CLE202207022,2022-07-02,2,CLE,NYA,1,6,CLE08,civaa001,cortn001
2022,COL202207020,2022-07-02,0,COL,ARI,11,7,DEN02,gomba001,keucd001
2022,DET202207020,2022-07-02,0,DET,KCA,4,3,DET05,brieb001,bubik001
2022,HOU202207020,2022-07-02,0,HOU,ANA,9,1,HOU03,urquj001,sandp002
2022,LAN202207020,2022-07-02,0,LAN,SDN,7,2,LOS03,andet002,darvy001
2022,MIN202207020,2022-07-02,0,MIN,BAL,4,3,MIN04,grays001,lylej001
2022,NYN202207020,2022-07-02,0,NYN,TEX,3,7,NYC20,willt002,perem004
2022,PHI202207020,2022-07-02,0,PHI,SLN,6,7,PHI13,gibsk002,libem001
2022,PIT202207020,2022-07-02,0,PIT,MIL,7,4,PIT08,wilsb003,ashba003
2022,SEA202207020,2022-07-02,0,SEA,OAK,2,1,SEA03,kirbg001,blacp001
2022,SFN202207020,2022-07-02,0,SFN,CHA,3,5,SFO03,webbl001,ceasd001
2022,TOR202207021,2022-07-02,1,TOR,TBA,2,6,TOR02,gausk001,mccls003
2022,TOR202207022,2022-07-02,2,TOR,TBA,5,11,TOR02,hatct001,rasmd002
2022,WAS202207020,2022-07-02,0,WAS,MIA,3,5,WAS11,tetrj001,castd003
2022,CHN202207030,2022-07-03,0,CHN,BOS,2,4,CHI11,thomk002,seabc001
2022,CIN202207030,2022-07-03,0,CIN,ATL,4,3,CIN09,castl003,mortc002
2022,CLE202207030,2022-07-03,0,CLE,NYA,2,0,CLE08,mcket001,montj004
2022,COL202207030,2022-07-03,0,COL,ARI,6,5,DEN02,kuhlc001,gallz001
2022,DET202207030,2022-07-03,0,DET,KCA,4,7,DET05,skubt001,singb001
2022,HOU202207030,2022-07-03,0,HOU,ANA,4,2,HOU03,valdf001,suarj001
2022,LAN202207030,2022-07-03,0,LAN,SDN,2,4,LOS03,kersc001,gorem001
2022,MIN202207030,2022-07-03,0,MIN,BAL,1,3,MIN04,smeld001,wellt003
2022,NYN202207030,2022-07-03,0,NYN,TEX,4,1,NYC20,carrc003,grayj003
2022,PHI202207030,2022-07-03,0,PHI,SLN,4,0,PHI13,wheez001,waina001
2022,PIT202207030,2022-07-03,0,PIT,MIL,0,2,PIT08,thomz001,woodb005
2022,SEA202207030,2022-07-03,0,SEA,OAK,2,1,SEA03,ray-r002,montf001
2022,SFN202207030,2022-07-03,0,SFN,CHA,4,13,SFO03,brebj001,gioll001
2022,TOR202207030,2022-07-03,0,TOR,TBA,3,7,TOR02,strir001,baz-s001
2022,WAS202207030,2022-07-03,0,WAS,MIA,4,7,WAS11,fedde001,lopep002
2022,ARI202207040,2022-07-04,0,ARI,SFN,8,3,PHO01,bumgm001,rodoc001
2022,ATL202207040,2022-07-04,0,ATL,SLN,6,3,ATL03,wrigk001,hudsd002
2022,BAL202207040,2022-07-04,0,BAL,TEX,7,6,BAL12,kremd001,dunnd001
2022,BOS202207040,2022-07-04,0,BOS,TBA,4,0,BOS07,davia003,beekj001
2022,CHA202207040,2022-07-04,0,CHA,MIN,3,6,CHI12,cuetj001,bundd001
2022,CIN202207040,2022-07-04,0,CIN,NYN,4,7,CIN09,greeh001,walkt004
2022,DET202207041,2022-07-04,1,DET,CLE,4,1,DET05,hillg002,plesz001
2022,DET202207042,2022-07-04,2,DET,CLE,5,3,DET05,faeda001,pilkk001
2022,HOU202207040,2022-07-04,0,HOU,KCA,7,6,HOU03,odorj001,heasj001
2022,LAN202207040,2022-07-04,0,LAN,COL,5,3,LOS03,uriaj001,freek001
2022,MIL202207040,2022-07-04,0,MIL,CHN,5,2,MIL06,lauee001,steej002
2022,OAK202207040,2022-07-04,0,OAK,TOR,5,1,OAK01,irvic001,manoa001
2022,SDN202207040,2022-07-04,0,SDN,SEA,2,8,SAN02,manas001,flexc001
2022,WAS202207040,2022-07-04,0,WAS,MIA,2,3,WAS11,corbp001,garrb001
2022,ARI202207050,2022-07-05,0,ARI,SFN,6,2,PHO01,gilbt001,wooda002
2022,ATL202207050,2022-07-05,0,ATL,SLN,7,1,ATL03,andei001,palla001
2022,BAL202207050,2022-07-05,0,BAL,TEX,10,9,BAL12,votha001,howas003
2022,BOS202207050,2022-07-05,0,BOS,TBA,4,8,BOS07,piven001,sprij001
2022,CHA202207050,2022-07-05,0,CHA,MIN,2,8,CHI12,kopem001,windj002
2022,CIN202207050,2022-07-05,0,CIN,NYN,1,0,CIN09,lodon001,schem001
2022,DET202207050,2022-07-05,0,DET,CLE,11,4,DET05,hutcd001,quanc001
2022,HOU202207050,2022-07-05,0,HOU,KCA,9,7,HOU03,garcl007,greiz001
2022,LAN202207050,2022-07-05,0,LAN,COL,5,2,LOS03,pepir001,marqg001
2022,MIA202207050,2022-07-05,0,MIA,ANA,2,1,MIA02,alcas001,syndn001
2022,MIL202207050,2022-07-05,0,MIL,CHN,3,8,MIL06,alexj001,hendk001
2022,OAK202207050,2022-07-05,0,OAK,TOR,5,3,OAK01,marta006,kikuy001
2022,PHI202207050,2022-07-05,0,PHI,WAS,11,0,PHI13,sancc002,espip001
2022,PIT202207050,2022-07-05,0,PIT,NYA,5,2,PIT08,quinj001,tailj001
2022,SDN202207050,2022-07-05,0,SDN,SEA,2,6,SAN02,clevm001,gilbl002
2022,ARI202207060,2022-07-06,0,ARI,SFN,5,7,PHO01,kellm002,cobba001
2022,ATL202207060,2022-07-06,0,ATL,SLN,3,0,ATL03,friem001,mikom001
2022,BAL202207060,2022-07-06,0,BAL,TEX,2,1,BAL12,watks003,ottog001
2022,BOS202207060,2022-07-06,0,BOS,TBA,1,7,BOS07,bellb002,klubc001
2022,CHA202207060,2022-07-06,0,CHA,MIN,9,8,CHI12,lynnl001,ryanj002
2022,CIN202207060,2022-07-06,0,CIN,NYN,3,8,CIN09,ashcg001,peted003
2022,DET202207060,2022-07-06,0,DET,CLE,8,2,DET05,pinem001,biebs001
2022,HOU202207060,2022-07-06,0,HOU,KCA,4,7,HOU03,javic001,kellb003
2022,LAN202207060,2022-07-06,0,LAN,COL,2,1,LOS03,whitm004,urenj001
2022,MIA202207060,2022-07-06,0,MIA,ANA,2,5,MIA02,roget003,ohtas001
2022,MIL202207060,2022-07-06,0,MIL,CHN,1,2,MIL06,burnc002,sampa001
2022,OAK202207060,2022-07-06,0,OAK,TOR,1,2,OAK01,kaprj001,berrj001
2022,PHI202207060,2022-07-06,0,PHI,WAS,2,3,PHI13,nolaa001,grayj004
2022,PIT202207060,2022-07-06,0,PIT,NYA,0,16,PIT08,kellm003,sevel001
2022,ARI202207070,2022-07-07,0,ARI,COL,3,4,PHO01,keucd001,gomba001
2022,ATL202207070,2022-07-07,0,ATL,SLN,2,3,ATL03,stris002,libem001
2022,BAL202207070,2022-07-07,0,BAL,ANA,4,1,BAL12,lylej001,silsc001
2022,BOS202207070,2022-07-07,0,BOS,NYA,5,6,BOS07,wincj001,coleg001
2022,CHA202207070,2022-07-07,0,CHA,DET,1,2,CHI12,ceasd001,brieb001
2022,CIN202207071,2022-07-07,1,CIN,PIT,2,4,CIN09,minom001,contr001
2022,CIN202207072,2022-07-07,2,CIN,PIT,5,1,CIN09,hoffj003,wilsb003
2022,HOU202207070,2022-07-07,0,HOU,KCA,5,2,HOU03,verlj001,bubik001
2022,LAN202207070,2022-07-07,0,LAN,CHN,5,3,LOS03,gonst001,leitm002
2022,NYN202207070,2022-07-07,0,NYN,MIA,10,0,NYC20,willt002,castd003
2022,PHI202207070,2022-07-07,0,PHI,WAS,5,3,PHI13,faltb001,adonj001
2022,SDN202207070,2022-07-07,0,SDN,SFN,2,1,SAN02,musgj001,webbl001
2022,SEA202207070,2022-07-07,0,SEA,TOR,8,3,SEA03,gonzm005,banda001
2022,ARI202207080,2022-07-08,0,ARI,COL,5,6,PHO01,gallz001,kuhlc001
2022,ATL202207080,2022-07-08,0,ATL,WAS,12,2,ATL03,mortc002,fedde001
2022,BAL202207080,2022-07-08,0,BAL,ANA,5,4,BAL12,wellt003,detmr001
2022,BOS202207080,2022-07-08,0,BOS,NYA,5,12,BOS07,seabc001,cortn001
2022,CHA202207080,2022-07-08,0,CHA,DET,5,7,CHI12,gioll001,skubt001
2022,CIN202207080,2022-07-08,0,CIN,TBA,2,1,CIN09,castl003,mccls003
2022,KCA202207080,2022-07-08,0,KCA,CLE,4,3,KAN06,singb001,civaa001
2022,LAN202207080,2022-07-08,0,LAN,CHN,4,3,LOS03,andet002,thomk002
2022,MIL202207080,2022-07-08,0,MIL,PIT,4,3,MIL06,ashba003,brubj001
2022,NYN202207080,2022-07-08,0,NYN,MIA,2,5,NYC20,bassc001,lopep002
2022,OAK202207080,2022-07-08,0,OAK,HOU,3,8,OAK01,blacp001,urquj001
2022,SDN202207080,2022-07-08,0,SDN,SFN,6,3,SAN02,snelb001,longs002
2022,SEA202207080,2022-07-08,0,SEA,TOR,5,2,SEA03,kirbg001,strir001
2022,SLN202207080,2022-07-08,0,SLN,PHI,0,2,STL10,waina001,wheez001
2022,TEX202207080,2022-07-08,0,TEX,MIN,6,5,ARL03,grayj003,grays001
2022,ARI202207090,2022-07-09,0,ARI,COL,9,2,PHO01,bumgm001,freek001
2022,ATL202207090,2022-07-09,0,ATL,WAS,4,3,ATL03,wrigk001,corbp001
2022,BAL202207090,2022-07-09,0,BAL,ANA,1,0,BAL12,kremd001,sandp002
2022,BOS202207090,2022-07-09,0,BOS,NYA,6,5,BOS07,crawk001,montj004
2022,CHA202207090,2022-07-09,0,CHA,DET,8,0,CHI12,cuetj001,hillg002
2022,CIN202207090,2022-07-09,0,CIN,TBA,5,4,CIN09,greeh001,rasmd002
2022,KCA202207090,2022-07-09,0,KCA,CLE,1,13,KAN06,heasj001,mcket001
2022,LAN202207090,2022-07-09,0,LAN,CHN,4,2,LOS03,kersc001,strom001
2022,MIL202207090,2022-07-09,0,MIL,PIT,3,4,MIL06,woodb005,thomz001
2022,NYN202207090,2022-07-09,0,NYN,MIA,5,4,NYC20,carrc003,garrb001
2022,OAK202207090,2022-07-09,0,OAK,HOU,3,2,OAK01,loguz001,valdf001
2022,SDN202207090,2022-07-09,0,SDN,SFN,1,3,SAN02,darvy001,rodoc001
2022,SEA202207090,2022-07-09,0,SEA,TOR,2,1,SEA03,ray-r002,manoa001
2022,SLN202207090,2022-07-09,0,SLN,PHI,0,1,STL10,hudsd002,gibsk002
2022,TEX202207090,2022-07-09,0,TEX,MIN,9,7,ARL03,perem004,smeld001
2022,ARI202207100,2022-07-10,0,ARI,COL,2,3,PHO01,gilbt001,marqg001
2022,ATL202207100,2022-07-10,0,ATL,WAS,4,3,ATL03,andei001,espip001
2022,BAL202207100,2022-07-10,0,BAL,ANA,9,5,BAL12,votha001,suarj001
2022,BOS202207100,2022-07-10,0,BOS,NYA,11,6,BOS07,piven001,tailj001
2022,CHA202207100,2022-07-10,0,CHA,DET,4,2,CHI12,kopem001,hutcd001
2022,CIN202207100,2022-07-10,0,CIN,TBA,10,5,CIN09,lodon001,baz-s001
2022,KCA202207100,2022-07-10,0,KCA,CLE,5,1,KAN06,greiz001,plesz001
2022,LAN202207100,2022-07-10,0,LAN,CHN,11,9,LOS03,uriaj001,smyld001
2022,MIL202207100,2022-07-10,0,MIL,PIT,6,8,MIL06,lauee001,quinj001
2022,NYN202207100,2022-07-10,0,NYN,MIA,0,2,NYC20,walkt004,alcas001
2022,OAK202207100,2022-07-10,0,OAK,HOU,1,6,OAK01,irvic001,odorj001
2022,SDN202207100,2022-07-10,0,SDN,SFN,0,12,SAN02,gorem001,wooda002
2022,SEA202207100,2022-07-10,0,SEA,TOR,6,5,SEA03,gilbl002,castm003
2022,SLN202207100,2022-07-10,0,SLN,PHI,4,3,STL10,palla001,nelsn001
2022,TEX202207100,2022-07-10,0,TEX,MIN,5,6,ARL03,dunnd001,bundd001
2022,ATL202207110,2022-07-11,0,ATL,NYN,1,4,ATL03,friem001,schem001
2022,CLE202207110,2022-07-11,0,CLE,CHA,8,4,CLE08,quanc001,lynnl001
2022,COL202207110,2022-07-11,0,COL,SDN,5,6,DEN02,urenj001,manas001
2022,KCA202207111,2022-07-11,1,KCA,DET,3,1,KAN06,kellb003,pinem001
2022,KCA202207112,2022-07-11,2,KCA,DET,7,3,KAN06,lyncd001,faeda001
2022,MIA202207110,2022-07-11,0,MIA,PIT,1,5,MIA02,roget003,kellm003
2022,SFN202207110,2022-07-11,0,SFN,ARI,3,4,SFO03,cobba001,kellm002
2022,SLN202207110,2022-07-11,0,SLN,PHI,6,1,STL10,mikom001,nolaa001
2022,TBA202207110,2022-07-11,0,TBA,BOS,10,5,STP01,wislm001,bellb002
2022,TEX202207110,2022-07-11,0,TEX,OAK,10,8,ARL03,howas003,marta006
2022,ANA202207120,2022-07-12,0,ANA,HOU,5,6,ANA01,syndn001,garcl007
2022,ATL202207120,2022-07-12,0,ATL,NYN,4,1,ATL03,stris002,peted003
2022,CHN202207120,2022-07-12,0,CHN,BAL,2,4,CHI11,sampa001,lylej001
2022,CLE202207121,2022-07-12,1,CLE,CHA,4,1,CLE08,biebs001,martd006
2022,CLE202207122,2022-07-12,2,CLE,CHA,0,7,CLE08,pilkk001,ceasd001
2022,COL202207120,2022-07-12,0,COL,SDN,5,3,DEN02,gomba001,clevm001
2022,KCA202207120,2022-07-12,0,KCA,DET,5,7,KAN06,bubik001,brieb001
2022,MIA202207120,2022-07-12,0,MIA,PIT,2,3,MIA02,castd003,strac001
2022,MIN202207120,2022-07-12,0,MIN,MIL,3,6,MIN04,windj002,alexj001
2022,NYA202207120,2022-07-12,0,NYA,CIN,3,4,NYC21,coleg001,ashcg001
2022,SFN202207120,2022-07-12,0,SFN,ARI,13,0,SFO03,webbl001,keucd001
2022,SLN202207120,2022-07-12,0,SLN,LAN,7,6,STL10,hickj002,whitm004
2022,TBA202207120,2022-07-12,0,TBA,BOS,3,2,STP01,klubc001,salec001
2022,TEX202207120,2022-07-12,0,TEX,OAK,7,14,ARL03,ottog001,kaprj001
2022,TOR202207120,2022-07-12,0,TOR,PHI,4,3,TOR02,berrj001,bella001
2022,ANA202207130,2022-07-13,0,ANA,HOU,7,1,ANA01,ohtas001,javic001
2022,ATL202207130,2022-07-13,0,ATL,NYN,3,7,ATL03,mortc002,bassc001
2022,CHN202207130,2022-07-13,0,CHN,BAL,1,7,CHI11,steej002,watks003
2022,CLE202207130,2022-07-13,0,CLE,CHA,1,2,CLE08,civaa001,gioll001
2022,COL202207130,2022-07-13,0,COL,SDN,10,6,DEN02,kuhlc001,musgj001
2022,KCA202207130,2022-07-13,0,KCA,DET,5,2,KAN06,singb001,skubt001
2022,MIA202207130,2022-07-13,0,MIA,PIT,5,4,MIA02,lopep002,brubj001
2022,MIN202207130,2022-07-13,0,MIN,MIL,4,1,MIN04,ryanj002,ashba003
2022,NYA202207130,2022-07-13,0,NYA,CIN,7,6,NYC21,sevel001,minom001
2022,SFN202207130,2022-07-13,0,SFN,ARI,4,3,SFO03,brebj001,gallz001
2022,SLN202207130,2022-07-13,0,SLN,LAN,6,7,STL10,waina001,gonst001
2022,TBA202207130,2022-07-13,0,TBA,BOS,4,1,STP01,mccls003,wincj001
2022,TEX202207130,2022-07-13,0,TEX,OAK,5,2,ARL03,grayj003,blacp001
2022,TOR202207130,2022-07-13,0,TOR,PHI,8,2,TOR02,strir001,wheez001
2022,WAS202207131,2022-07-13,1,WAS,SEA,4,6,WAS11,grayj004,flexc001
2022,WAS202207132,2022-07-13,2,WAS,SEA,1,2,WAS11,fedde001,swane001
2022,ANA202207140,2022-07-14,0,ANA,HOU,2,3,ANA01,detmr001,valdf001
2022,CHN202207140,2022-07-14,0,CHN,NYN,0,8,CHI11,thomk002,carrc003
2022,CLE202207140,2022-07-14,0,CLE,DET,4,0,CLE08,mcket001,rodre005
2022,COL202207140,2022-07-14,0,COL,SDN,8,5,DEN02,freek001,snelb001
2022,MIA202207140,2022-07-14,0,MIA,PIT,3,2,MIA02,garrb001,thomz001
2022,MIN202207140,2022-07-14,0,MIN,CHA,2,12,MIN04,grays001,cuetj001
2022,NYA202207140,2022-07-14,0,NYA,CIN,6,7,NYC21,cortn001,castl003
2022,SFN202207140,2022-07-14,0,SFN,MIL,2,3,SFO03,rodoc001,burnc002
2022,SLN202207140,2022-07-14,0,SLN,LAN,0,4,STL10,hudsd002,andet002
2022,TBA202207140,2022-07-14,0,TBA,BOS,5,4,STP01,rasmd002,crawk001
2022,TEX202207140,2022-07-14,0,TEX,SEA,5,6,ARL03,perem004,gonzm005
2022,TOR202207140,2022-07-14,0,TOR,KCA,1,3,TOR02,gausk001,zerpa001
2022,WAS202207140,2022-07-14,0,WAS,ATL,4,5,WAS11,sanca004,wrigk001
2022,ANA202207150,2022-07-15,0,ANA,LAN,1,9,ANA01,sandp002,kersc001
2022,CLE202207150,2022-07-15,0,CLE,DET,6,5,CLE08,plesz001,hutcd001
2022,COL202207150,2022-07-15,0,COL,PIT,13,2,DEN02,marqg001,quinj001
2022,HOU202207150,2022-07-15,0,HOU,OAK,1,5,HOU03,urquj001,irvic001
2022,MIA202207150,2022-07-15,0,MIA,PHI,1,2,MIA02,alcas001,gibsk002
2022,MIN202207150,2022-07-15,0,MIN,CHA,2,6,MIN04,smeld001,kopem001
2022,NYA202207150,2022-07-15,0,NYA,BOS,4,5,NYC21,montj004,eovan001
2022,SDN202207150,2022-07-15,0,SDN,ARI,5,3,SAN02,darvy001,bumgm001
2022,SFN202207150,2022-07-15,0,SFN,MIL,8,5,SFO03,wooda002,woodb005
2022,SLN202207150,2022-07-15,0,SLN,CIN,7,3,STL10,palla001,greeh001
2022,TBA202207150,2022-07-15,0,TBA,BAL,5,4,STP01,patil001,wellt003
2022,TEX202207150,2022-07-15,0,TEX,SEA,3,8,ARL03,bushm001,ray-r002
2022,TOR202207150,2022-07-15,0,TOR,KCA,8,1,TOR02,manoa001,greiz001
2022,WAS202207150,2022-07-15,0,WAS,ATL,4,8,WAS11,corbp001,andei001
2022,ANA202207160,2022-07-16,0,ANA,LAN,1,7,ANA01,suarj001,uriaj001
2022,CHN202207161,2022-07-16,1,CHN,NYN,1,2,CHI11,strom001,walkt004
2022,CHN202207162,2022-07-16,2,CHN,NYN,3,4,CHI11,smyld001,schem001
2022,CLE202207160,2022-07-16,0,CLE,DET,10,0,CLE08,quanc001,pinem001
2022,COL202207160,2022-07-16,0,COL,PIT,2,0,DEN02,urenj001,kellm003
2022,HOU202207160,2022-07-16,0,HOU,OAK,5,0,HOU03,verlj001,koenj001
2022,MIA202207160,2022-07-16,0,MIA,PHI,0,10,MIA02,meyem001,suarr001
2022,MIN202207160,2022-07-16,0,MIN,CHA,6,3,MIN04,bundd001,lynnl001
2022,NYA202207160,2022-07-16,0,NYA,BOS,14,1,NYC21,tailj001,piven001
2022,SDN202207160,2022-07-16,0,SDN,ARI,4,3,SAN02,manas001,gilbt001
2022,SFN202207160,2022-07-16,0,SFN,MIL,2,1,SFO03,cobba001,lauee001
2022,SLN202207160,2022-07-16,0,SLN,CIN,11,3,STL10,mikom001,lodon001
2022,TBA202207160,2022-07-16,0,TBA,BAL,4,6,STP01,yarbr001,kremd001
2022,TEX202207160,2022-07-16,0,TEX,SEA,2,3,ARL03,howas003,gilbl002
2022,TOR202207160,2022-07-16,0,TOR,KCA,6,5,TOR02,castm003,lyncd001
2022,WAS202207160,2022-07-16,0,WAS,ATL,3,6,WAS11,espip001,friem001
2022,CHN202207170,2022-07-17,0,CHN,NYN,3,2,CHI11,sampa001,peted003
2022,COL202207170,2022-07-17,0,COL,PIT,3,8,DEN02,gomba001,wilsb003
2022,HOU202207170,2022-07-17,0,HOU,OAK,3,4,HOU03,odorj001,ollea001
2022,MIA202207170,2022-07-17,0,MIA,PHI,0,4,MIA02,roget003,nolaa001
2022,MIN202207170,2022-07-17,0,MIN,CHA,0,11,MIN04,archc001,ceasd001
2022,NYA202207170,2022-07-17,0,NYA,BOS,13,2,NYC21,coleg001,salec001
2022,SDN202207170,2022-07-17,0,SDN,ARI,1,3,SAN02,clevm001,kellm002
2022,SFN202207170,2022-07-17,0,SFN,MIL,9,5,SFO03,webbl001,ashba003
2022,TBA202207170,2022-07-17,0,TBA,BAL,7,5,STP01,klubc001,lylej001
2022,TEX202207170,2022-07-17,0,TEX,SEA,2,6,ARL03,ottog001,flexc001
2022,TOR202207170,2022-07-17,0,TOR,KCA,4,2,TOR02,berrj001,bubik001
2022,WAS202207170,2022-07-17,0,WAS,ATL,7,3,WAS11,ramie004,stris002
2022,HOU202207211,2022-07-21,1,HOU,NYA,3,2,HOU03,javic001,montj004
2022,HOU202207212,2022-07-21,2,HOU,NYA,7,5,HOU03,garcl007,germd001
2022,LAN202207210,2022-07-21,0,LAN,SFN,9,6,LOS03,whitm004,rodoc001
2022,MIA202207210,2022-07-21,0,MIA,TEX,0,8,MIA02,lopep002,grayj003
2022,OAK202207211,2022-07-21,1,OAK,DET,2,7,OAK01,loguz001,skubt001
2022,OAK202207212,2022-07-21,2,OAK,DET,5,0,OAK01,montf001,hillg002
2022,ARI202207220,2022-07-22,0,ARI,WAS,10,1,PHO01,gallz001,corbp001
2022,ATL202207220,2022-07-22,0,ATL,ANA,8,1,ATL03,mortc002,ohtas001
2022,BAL202207220,2022-07-22,0,BAL,NYA,6,7,BAL12,wellt003,tailj001
2022,BOS202207220,2022-07-22,0,BOS,TOR,5,28,BOS07,eovan001,gausk001
2022,CHA202207220,2022-07-22,0,CHA,CLE,2,8,CHI12,gioll001,quanc001
2022,CIN202207220,2022-07-22,0,CIN,SLN,9,5,CIN09,ashcg001,waina001
2022,KCA202207220,2022-07-22,0,KCA,TBA,3,7,KAN06,kellb003,rasmd002
2022,LAN202207220,2022-07-22,0,LAN,SFN,5,1,LOS03,andet002,webbl001
2022,MIL202207220,2022-07-22,0,MIL,COL,6,5,MIL06,burnc002,senza001
2022,NYN202207220,2022-07-22,0,NYN,SDN,1,4,NYC20,schem001,darvy001
2022,OAK202207220,2022-07-22,0,OAK,TEX,5,4,OAK01,irvic001,howas003
2022,PHI202207220,2022-07-22,0,PHI,CHN,2,15,PHI13,gibsk002,steej002
2022,PIT202207220,2022-07-22,0,PIT,MIA,1,8,PIT08,thomz001,garrb001
2022,SEA202207220,2022-07-22,0,SEA,HOU,2,5,SEA03,gonzm005,urquj001
2022,ARI202207230,2022-07-23,0,ARI,WAS,7,2,PHO01,bumgm001,sanca004
2022,ATL202207230,2022-07-23,0,ATL,ANA,7,2,ATL03,wrigk001,sandp002
2022,BAL202207230,2022-07-23,0,BAL,NYA,6,3,BAL12,lylej001,coleg001
2022,BOS202207230,2022-07-23,0,BOS,TOR,1,4,BOS07,crawk001,manoa001
2022,CHA202207231,2022-07-23,1,CHA,CLE,4,7,CHI12,cuetj001,mcket001
2022,CHA202207232,2022-07-23,2,CHA,CLE,5,4,CHI12,lynnl001,pilkk001
2022,CIN202207230,2022-07-23,0,CIN,SLN,3,6,CIN09,minom001,matzs001
2022,DET202207230,2022-07-23,0,DET,MIN,4,8,DET05,pinem001,ryanj002
2022,KCA202207230,2022-07-23,0,KCA,TBA,6,3,KAN06,singb001,patil001
2022,LAN202207230,2022-07-23,0,LAN,SFN,4,2,LOS03,uriaj001,wooda002
2022,MIL202207230,2022-07-23,0,MIL,COL,9,4,MIL06,woodb005,urenj001
2022,NYN202207230,2022-07-23,0,NYN,SDN,1,2,NYC20,bassc001,snelb001
2022,OAK202207230,2022-07-23,0,OAK,TEX,3,1,OAK01,kaprj001,bushm001
2022,PHI202207230,2022-07-23,0,PHI,CHN,2,6,PHI13,wheez001,strom001
2022,PIT202207230,2022-07-23,0,PIT,MIA,1,0,PIT08,quinj001,meyem001
2022,SEA202207230,2022-07-23,0,SEA,HOU,1,3,SEA03,gilbl002,verlj001
2022,ARI202207240,2022-07-24,0,ARI,WAS,3,4,PHO01,martc009,fedde001
2022,ATL202207240,2022-07-24,0,ATL,ANA,1,9,ATL03,andei001,detmr001
2022,BAL202207240,2022-07-24,0,BAL,NYA,0,6,BAL12,kremd001,cortn001
2022,BOS202207240,2022-07-24,0,BOS,TOR,4,8,BOS07,bellb002,strir001
2022,CHA202207240,2022-07-24,0,CHA,CLE,6,3,CHI12,ceasd001,biebs001
2022,CIN202207240,2022-07-24,0,CIN,SLN,6,3,CIN09,mahlt001,mikom001
2022,DET202207240,2022-07-24,0,DET,MIN,1,9,DET05,garcr007,grays001
2022,KCA202207240,2022-07-24,0,KCA,TBA,4,2,KAN06,bubik001,sprij001
2022,LAN202207240,2022-07-24,0,LAN,SFN,7,4,LOS03,kersc001,cobba001
2022,MIL202207240,2022-07-24,0,MIL,COL,10,9,MIL06,lauee001,kuhlc001
2022,NYN202207240,2022-07-24,0,NYN,SDN,8,5,NYC20,carrc003,musgj001
2022,OAK202207240,2022-07-24,0,OAK,TEX,8,11,OAK01,blacp001,perem004
2022,PHI202207240,2022-07-24,0,PHI,CHN,3,4,PHI13,faltb001,smyld001
2022,PIT202207240,2022-07-24,0,PIT,MIA,5,6,PIT08,kellm003,alcas001
2022,SEA202207240,2022-07-24,0,SEA,HOU,5,8,SEA03,ray-r002,valdf001
2022,ARI202207250,2022-07-25,0,ARI,SFN,7,0,PHO01,kellm002,junij001
2022,BAL202207250,2022-07-25,0,BAL,TBA,5,1,BAL12,votha001,klubc001
2022,BOS202207250,2022-07-25,0,BOS,CLE,3,1,BOS07,piven001,plesz001
2022,CHN202207250,2022-07-25,0,CHN,PIT,3,2,CHI11,sampa001,brubj001
2022,CIN202207250,2022-07-25,0,CIN,MIA,11,2,CIN09,lodon001,roget003
2022,DET202207250,2022-07-25,0,DET,SDN,12,4,DET05,hutcd001,manas001
2022,KCA202207250,2022-07-25,0,KCA,ANA,7,0,KAN06,greiz001,syndn001
2022,LAN202207250,2022-07-25,0,LAN,WAS,1,4,LOS03,gonst001,espip001
2022,MIL202207250,2022-07-25,0,MIL,COL,0,2,MIL06,ashba003,freek001
2022,OAK202207250,2022-07-25,0,OAK,HOU,7,5,OAK01,ollea001,odorj001
2022,PHI202207250,2022-07-25,0,PHI,ATL,6,4,PHI13,suarr001,friem001
2022,SEA202207250,2022-07-25,0,SEA,TEX,4,3,SEA03,flexc001,ottog001
2022,ARI202207260,2022-07-26,0,ARI,SFN,7,3,PHO01,gilbt001,rodoc001
2022,BAL202207260,2022-07-26,0,BAL,TBA,5,3,BAL12,watks003,mccls003
2022,BOS202207260,2022-07-26,0,BOS,CLE,3,8,BOS07,wincj001,shawb001
2022,CHN202207260,2022-07-26,0,CHN,PIT,4,2,CHI11,thomk002,wilsb003
2022,CIN202207260,2022-07-26,0,CIN,MIA,1,2,CIN09,greeh001,lopep002
2022,COL202207260,2022-07-26,0,COL,CHA,1,2,DEN02,marqg001,kopem001
2022,DET202207260,2022-07-26,0,DET,SDN,4,6,DET05,hillg002,clevm001
2022,KCA202207260,2022-07-26,0,KCA,ANA,0,6,KAN06,zerpa001,suarj001
2022,LAN202207260,2022-07-26,0,LAN,WAS,3,8,LOS03,whitm004,grayj004
2022,MIL202207260,2022-07-26,0,MIL,MIN,7,6,MIL06,smale001,bundd001
2022,NYN202207260,2022-07-26,0,NYN,NYA,6,3,NYC20,walkt004,montj004
2022,OAK202207260,2022-07-26,0,OAK,HOU,5,3,OAK01,montf001,garcl007
2022,PHI202207260,2022-07-26,0,PHI,ATL,3,6,PHI13,nolaa001,stris002
2022,SEA202207260,2022-07-26,0,SEA,TEX,5,4,SEA03,kirbg001,dunnd001
2022,TOR202207260,2022-07-26,0,TOR,SLN,10,3,TOR02,berrj001,palla001
2022,ARI202207270,2022-07-27,0,ARI,SFN,5,3,PHO01,gallz001,webbl001
2022,BAL202207270,2022-07-27,0,BAL,TBA,4,6,BAL12,wellt003,rasmd002
2022,BOS202207270,2022-07-27,0,BOS,CLE,6,7,BOS07,eovan001,quanc001
2022,CIN202207270,2022-07-27,0,CIN,MIA,5,3,CIN09,castl003,garrb001
2022,COL202207270,2022-07-27,0,COL,CHA,6,5,DEN02,senza001,gioll001
2022,DET202207270,2022-07-27,0,DET,SDN,4,3,DET05,skubt001,darvy001
2022,KCA202207270,2022-07-27,0,KCA,ANA,0,4,KAN06,kellb003,junkj001
2022,LAN202207270,2022-07-27,0,LAN,WAS,7,1,LOS03,heana001,corbp001
2022,MIL202207270,2022-07-27,0,MIL,MIN,10,4,MIL06,burnc002,archc001
2022,NYN202207270,2022-07-27,0,NYN,NYA,3,2,NYC20,schem001,germd001
2022,OAK202207270,2022-07-27,0,OAK,HOU,4,2,OAK01,irvic001,javic001
2022,PHI202207270,2022-07-27,0,PHI,ATL,7,2,PHI13,gibsk002,mortc002
2022,SEA202207270,2022-07-27,0,SEA,TEX,4,2,SEA03,gonzm005,grayj003
2022,TOR202207270,2022-07-27,0,TOR,SLN,1,6,TOR02,gausk001,waina001
2022,ANA202207280,2022-07-28,0,ANA,TEX,0,2,ANA01,ohtas001,howas003
2022,BAL202207280,2022-07-28,0,BAL,TBA,3,0,BAL12,lylej001,yarbr001
2022,BOS202207280,2022-07-28,0,BOS,CLE,4,2,BOS07,crawk001,mcket001
2022,CIN202207280,2022-07-28,0,CIN,MIA,6,7,CIN09,ashcg001,castd003
2022,COL202207280,2022-07-28,0,COL,LAN,0,13,DEN02,urenj001,andet002
2022,HOU202207280,2022-07-28,0,HOU,SEA,4,2,HOU03,urquj001,gilbl002
2022,NYA202207280,2022-07-28,0,NYA,KCA,1,0,NYC21,tailj001,singb001
2022,PIT202207280,2022-07-28,0,PIT,PHI,7,8,PIT08,thomz001,wheez001
2022,SFN202207280,2022-07-28,0,SFN,CHN,4,2,SFO03,wooda002,steej002
2022,TOR202207280,2022-07-28,0,TOR,DET,5,3,TOR02,kikuy001,alext001
2022,ANA202207290,2022-07-29,0,ANA,TEX,2,7,ANA01,sandp002,perem004
2022,ATL202207290,2022-07-29,0,ATL,ARI,5,2,ATL03,wrigk001,bumgm001
2022,BOS202207290,2022-07-29,0,BOS,MIL,1,4,BOS07,davia003,woodb005
2022,CHA202207290,2022-07-29,0,CHA,OAK,3,7,CHI12,lynnl001,kaprj001
2022,CIN202207290,2022-07-29,0,CIN,BAL,2,6,CIN09,minom001,bradk001
2022,COL202207290,2022-07-29,0,COL,LAN,4,5,DEN02,kuhlc001,uriaj001
2022,HOU202207290,2022-07-29,0,HOU,SEA,11,1,HOU03,verlj001,ray-r002
2022,MIA202207290,2022-07-29,0,MIA,NYN,4,6,MIA02,alcas001,bassc001
2022,NYA202207290,2022-07-29,0,NYA,KCA,11,5,NYC21,coleg001,bubik001
2022,PIT202207290,2022-07-29,0,PIT,PHI,2,4,PIT08,quinj001,faltb001
2022,SDN202207290,2022-07-29,0,SDN,MIN,10,1,SAN02,snelb001,ryanj002
2022,SFN202207290,2022-07-29,0,SFN,CHN,2,4,SFO03,cobba001,strom001
2022,TBA202207290,2022-07-29,0,TBA,CLE,1,4,STP01,sprij001,biebs001
2022,TOR202207290,2022-07-29,0,TOR,DET,2,4,TOR02,manoa001,garcb001
2022,WAS202207290,2022-07-29,0,WAS,SLN,2,6,WAS11,sanca004,mikom001
2022,ANA202207300,2022-07-30,0,ANA,TEX,9,7,ANA01,silsc001,ottog001
2022,ATL202207300,2022-07-30,0,ATL,ARI,6,2,ATL03,andei001,martc009
2022,BOS202207300,2022-07-30,0,BOS,MIL,4,9,BOS07,piven001,lauee001
2022,CHA202207300,2022-07-30,0,CHA,OAK,3,2,CHI12,cuetj001,blacp001
2022,CIN202207300,2022-07-30,0,CIN,BAL,8,2,CIN09,mahlt001,kremd001
2022,COL202207300,2022-07-30,0,COL,LAN,5,3,DEN02,freek001,kersc001
2022,HOU202207300,2022-07-30,0,HOU,SEA,4,5,HOU03,valdf001,flexc001
2022,MIA202207300,2022-07-30,0,MIA,NYN,0,4,MIA02,neidn001,carrc003
2022,NYA202207300,2022-07-30,0,NYA,KCA,8,2,NYC21,cortn001,heasj001
2022,PIT202207300,2022-07-30,0,PIT,PHI,1,2,PIT08,kellm003,suarr001
2022,SDN202207300,2022-07-30,0,SDN,MIN,4,7,SAN02,musgj001,grays001
2022,SFN202207300,2022-07-30,0,SFN,CHN,5,4,SFO03,junij001,smyld001
2022,TBA202207300,2022-07-30,0,TBA,CLE,6,4,STP01,klubc001,plesz001
2022,TOR202207300,2022-07-30,0,TOR,DET,5,3,TOR02,strir001,hutcd001
2022,WAS202207300,2022-07-30,0,WAS,SLN,7,6,WAS11,espip001,hudsd002
2022,ANA202207310,2022-07-31,0,ANA,TEX,2,5,ANA01,detmr001,dunnd001
2022,ATL202207310,2022-07-31,0,ATL,ARI,1,0,ATL03,friem001,kellm002
2022,BOS202207310,2022-07-31,0,BOS,MIL,7,2,BOS07,wincj001,ashba003
2022,CHA202207310,2022-07-31,0,CHA,OAK,4,1,CHI12,ceasd001,ollea001
2022,CIN202207310,2022-07-31,0,CIN,BAL,3,2,CIN09,lodon001,votha001
2022,COL202207310,2022-07-31,0,COL,LAN,3,7,DEN02,marqg001,gonst001
2022,HOU202207310,2022-07-31,0,HOU,SEA,3,2,HOU03,odorj001,kirbg001
2022,MIA202207310,2022-07-31,0,MIA,NYN,3,9,MIA02,lopep002,walkt004
2022,NYA202207310,2022-07-31,0,NYA,KCA,6,8,NYC21,montj004,greiz001
2022,PIT202207310,2022-07-31,0,PIT,PHI,2,8,PIT08,brubj001,nolaa001
2022,SDN202207310,2022-07-31,0,SDN,MIN,3,2,SAN02,manas001,bundd001
2022,SFN202207310,2022-07-31,0,SFN,CHN,4,0,SFO03,rodoc001,sampa001
2022,TBA202207310,2022-07-31,0,TBA,CLE,3,5,STP01,mccls003,shawb001
2022,TOR202207310,2022-07-31,0,TOR,DET,4,1,TOR02,berrj001,hillg002
2022,WAS202207310,2022-07-31,0,WAS,SLN,0,5,WAS11,grayj004,palla001
2022,CHA202208010,2022-08-01,0,CHA,KCA,1,2,CHI12,kopem001,lyncd001
2022,CLE202208010,2022-08-01,0,CLE,ARI,6,5,CLE08,quanc001,daviz001
2022,HOU202208010,2022-08-01,0,HOU,BOS,2,3,HOU03,garcl007,eovan001
2022,MIA202208010,2022-08-01,0,MIA,CIN,1,3,MIA02,luzaj001,greeh001
2022,MIN202208010,2022-08-01,0,MIN,DET,5,3,MIN04,sanca006,skubt001
2022,NYA202208010,2022-08-01,0,NYA,SEA,7,2,NYC21,germd001,gonzm005
2022,SDN202208010,2022-08-01,0,SDN,COL,4,1,SAN02,clevm001,senza001
2022,SFN202208010,2022-08-01,0,SFN,LAN,2,8,SFO03,webbl001,heana001
2022,TEX202208010,2022-08-01,0,TEX,BAL,2,7,ARL03,grayj003,watks003
2022,WAS202208010,2022-08-01,0,WAS,NYN,3,7,WAS11,corbp001,schem001
2022,ANA202208020,2022-08-02,0,ANA,OAK,3,1,ANA01,suarj001,irvic001
2022,ATL202208020,2022-08-02,0,ATL,PHI,13,1,ATL03,stris002,nelsn001
2022,CHA202208020,2022-08-02,0,CHA,KCA,9,2,CHI12,gioll001,kellb003
2022,CLE202208020,2022-08-02,0,CLE,ARI,3,6,CLE08,mcket001,gallz001
2022,HOU202208020,2022-08-02,0,HOU,BOS,1,2,HOU03,javic001,crawk001
2022,MIA202208020,2022-08-02,0,MIA,CIN,1,2,MIA02,garrb001,ashcg001
2022,MIN202208020,2022-08-02,0,MIN,DET,3,5,MIN04,archc001,mannm001
2022,NYA202208020,2022-08-02,0,NYA,SEA,6,8,NYC21,tailj001,gilbl002
2022,PIT202208020,2022-08-02,0,PIT,MIL,5,3,PIT08,wilsb003,burnc002
2022,SDN202208021,2022-08-02,1,SDN,COL,13,5,SAN02,darvy001,feltr001
2022,SDN202208022,2022-08-02,2,SDN,COL,3,2,SAN02,knehr001,urenj001
2022,SFN202208020,2022-08-02,0,SFN,LAN,5,9,SFO03,wooda002,andet002
2022,SLN202208020,2022-08-02,0,SLN,CHN,6,0,STL10,waina001,thomk002
2022,TBA202208020,2022-08-02,0,TBA,TOR,1,3,STP01,rasmd002,gausk001
2022,TEX202208020,2022-08-02,0,TEX,BAL,2,8,ARL03,howas003,lylej001
2022,WAS202208020,2022-08-02,0,WAS,NYN,5,1,WAS11,abboc001,degrj001
2022,ANA202208030,2022-08-03,0,ANA,OAK,1,3,ANA01,ohtas001,kaprj001
2022,ATL202208030,2022-08-03,0,ATL,PHI,1,3,ATL03,mortc002,wheez001
2022,CHA202208030,2022-08-03,0,CHA,KCA,4,1,CHI12,lynnl001,singb001
2022,CLE202208030,2022-08-03,0,CLE,ARI,7,4,CLE08,biebs001,henrt001
2022,HOU202208030,2022-08-03,0,HOU,BOS,6,1,HOU03,urquj001,hillr001
2022,MIA202208030,2022-08-03,0,MIA,CIN,3,0,MIA02,alcas001,minom001
2022,MIN202208030,2022-08-03,0,MIN,DET,4,1,MIN04,ryanj002,alext001
2022,NYA202208030,2022-08-03,0,NYA,SEA,3,7,NYC21,coleg001,castl003
2022,PIT202208030,2022-08-03,0,PIT,MIL,8,7,PIT08,beedt001,peraf001
2022,SDN202208030,2022-08-03,0,SDN,COL,9,1,SAN02,snelb001,kuhlc001
2022,SFN202208030,2022-08-03,0,SFN,LAN,0,3,SFO03,cobba001,uriaj001
2022,TBA202208030,2022-08-03,0,TBA,TOR,3,2,STP01,beekj001,kikuy001
2022,TEX202208030,2022-08-03,0,TEX,BAL,3,6,ARL03,perem004,bradk001
2022,WAS202208030,2022-08-03,0,WAS,NYN,5,9,WAS11,sanca004,bassc001
2022,ANA202208040,2022-08-04,0,ANA,OAK,7,8,ANA01,junkj001,blacp001
2022,CLE202208040,2022-08-04,0,CLE,HOU,0,6,CLE08,plesz001,verlj001
2022,DET202208040,2022-08-04,0,DET,TBA,2,6,DET05,hutcd001,sprij001
2022,KCA202208040,2022-08-04,0,KCA,BOS,7,3,KAN06,bubik001,piven001
2022,MIN202208040,2022-08-04,0,MIN,TOR,3,9,MIN04,grays001,manoa001
2022,NYN202208040,2022-08-04,0,NYN,ATL,6,4,NYC20,carrc003,wrigk001
2022,PHI202208040,2022-08-04,0,PHI,WAS,5,4,PHI13,syndn001,espip001
2022,PIT202208040,2022-08-04,0,PIT,MIL,5,4,PIT08,thomz001,woodb005
2022,SDN202208040,2022-08-04,0,SDN,COL,3,7,SAN02,musgj001,freek001
2022,SFN202208040,2022-08-04,0,SFN,LAN,3,5,SFO03,junij001,kersc001
2022,SLN202208041,2022-08-04,1,SLN,CHN,4,3,STL10,mikom001,strom001
2022,SLN202208042,2022-08-04,2,SLN,CHN,7,2,STL10,quinj001,newcs001
2022,TEX202208040,2022-08-04,0,TEX,CHA,3,2,ARL03,ragac001,cuetj001
2022,ARI202208050,2022-08-05,0,ARI,COL,6,5,PHO01,bumgm001,marqg001
2022,BAL202208050,2022-08-05,0,BAL,PIT,1,0,BAL12,kremd001,kellm003
2022,CHN202208050,2022-08-05,0,CHN,MIA,2,1,CHI11,steej002,cabre003
2022,CLE202208050,2022-08-05,0,CLE,HOU,3,9,CLE08,gaddh001,valdf001
2022,DET202208050,2022-08-05,0,DET,TBA,3,5,DET05,garcb001,klubc001
2022,KCA202208050,2022-08-05,0,KCA,BOS,4,7,KAN06,greiz001,wincj001
2022,LAN202208050,2022-08-05,0,LAN,SDN,8,1,LOS03,gonst001,manas001
2022,MIL202208050,2022-08-05,0,MIL,CIN,5,1,MIL06,lauee001,duggr001
2022,MIN202208050,2022-08-05,0,MIN,TOR,6,5,MIN04,mahlt001,berrj001
2022,NYN202208050,2022-08-05,0,NYN,ATL,6,9,NYC20,walkt004,andei001
2022,PHI202208050,2022-08-05,0,PHI,WAS,7,2,PHI13,gibsk002,grayj004
2022,SEA202208050,2022-08-05,0,SEA,ANA,3,4,SEA03,ray-r002,sandp002
2022,SLN202208050,2022-08-05,0,SLN,NYA,4,3,STL10,hudsd002,cortn001
2022,TEX202208050,2022-08-05,0,TEX,CHA,1,2,ARL03,ottog001,ceasd001
2022,ARI202208060,2022-08-06,0,ARI,COL,2,3,PHO01,kellm002,senza001
2022,BAL202208060,2022-08-06,0,BAL,PIT,6,3,BAL12,votha001,brubj001
2022,CHN202208060,2022-08-06,0,CHN,MIA,4,0,CHI11,smyld001,lopep002
2022,CLE202208060,2022-08-06,0,CLE,HOU,4,1,CLE08,quanc001,garcl007
2022,DET202208060,2022-08-06,0,DET,TBA,9,1,DET05,hillg002,mccls003
2022,KCA202208060,2022-08-06,0,KCA,BOS,5,4,KAN06,lyncd001,eovan001
2022,LAN202208060,2022-08-06,0,LAN,SDN,8,3,LOS03,heana001,clevm001
2022,MIL202208060,2022-08-06,0,MIL,CIN,5,7,MIL06,ashba003,lodon001
2022,MIN202208060,2022-08-06,0,MIN,TOR,7,3,MIN04,bundd001,whitm004
2022,NYN202208061,2022-08-06,1,NYN,ATL,8,5,NYC20,peted003,odorj001
2022,NYN202208062,2022-08-06,2,NYN,ATL,6,2,NYC20,schem001,friem001
2022,OAK202208060,2022-08-06,0,OAK,SFN,3,7,OAK01,ollea001,rodoc001
2022,PHI202208060,2022-08-06,0,PHI,WAS,11,5,PHI13,suarr001,corbp001
2022,SEA202208061,2022-08-06,1,SEA,ANA,2,1,SEA03,kirbg001,barrj003
2022,SEA202208062,2022-08-06,2,SEA,ANA,1,7,SEA03,flexc001,detmr001
2022,SLN202208060,2022-08-06,0,SLN,NYA,1,0,STL10,montj004,germd001
2022,TEX202208060,2022-08-06,0,TEX,CHA,8,0,ARL03,dunnd001,kopem001
2022,ARI202208070,2022-08-07,0,ARI,COL,6,4,PHO01,daviz001,urenj001
2022,BAL202208070,2022-08-07,0,BAL,PIT,1,8,BAL12,watks003,wilsb003
2022,CHN202208070,2022-08-07,0,CHN,MIA,0,3,CHI11,sampa001,luzaj001
2022,CLE202208070,2022-08-07,0,CLE,HOU,1,0,CLE08,mcket001,javic001
2022,DET202208070,2022-08-07,0,DET,TBA,0,7,DET05,mannm001,rasmd002
2022,KCA202208070,2022-08-07,0,KCA,BOS,13,5,KAN06,kellb003,crawk001
2022,LAN202208070,2022-08-07,0,LAN,SDN,4,0,LOS03,andet002,darvy001
2022,MIL202208070,2022-08-07,0,MIL,CIN,2,4,MIL06,burnc002,ashcg001
2022,MIN202208070,2022-08-07,0,MIN,TOR,2,3,MIN04,archc001,gausk001
2022,NYN202208070,2022-08-07,0,NYN,ATL,5,2,NYC20,degrj001,stris002
2022,OAK202208070,2022-08-07,0,OAK,SFN,4,6,OAK01,marta006,webbl001
2022,PHI202208070,2022-08-07,0,PHI,WAS,13,1,PHI13,nolaa001,abboc001
2022,SEA202208070,2022-08-07,0,SEA,ANA,6,3,SEA03,gonzm005,davit005
2022,SLN202208070,2022-08-07,0,SLN,NYA,12,9,STL10,waina001,montf001
2022,TEX202208070,2022-08-07,0,TEX,CHA,2,8,ARL03,howas003,gioll001
2022,ARI202208080,2022-08-08,0,ARI,PIT,3,0,PHO01,gallz001,beedt001
2022,BAL202208080,2022-08-08,0,BAL,TOR,7,4,BAL12,lylej001,kikuy001
2022,CHN202208080,2022-08-08,0,CHN,WAS,6,3,CHI11,thomk002,sanca004
2022,NYN202208080,2022-08-08,0,NYN,CIN,5,1,NYC20,bassc001,dunnj002
2022,OAK202208080,2022-08-08,0,OAK,ANA,0,1,OAK01,irvic001,suarj001
2022,SDN202208080,2022-08-08,0,SDN,SFN,0,1,SAN02,snelb001,wooda002
2022,SEA202208080,2022-08-08,0,SEA,NYA,4,9,SEA03,gilbl002,tailj001
2022,ARI202208090,2022-08-09,0,ARI,PIT,6,4,PHO01,henrt001,thomz001
2022,BAL202208090,2022-08-09,0,BAL,TOR,6,5,BAL12,bradk001,manoa001
2022,BOS202208090,2022-08-09,0,BOS,ATL,7,9,BOS07,hillr001,mortc002
2022,CHN202208090,2022-08-09,0,CHN,WAS,5,6,CHI11,strom001,espip001
2022,COL202208090,2022-08-09,0,COL,SLN,16,5,DEN02,feltr001,mikom001
2022,DET202208090,2022-08-09,0,DET,CLE,2,5,DET05,alext001,biebs001
2022,HOU202208090,2022-08-09,0,HOU,TEX,7,5,HOU03,urquj001,perem004
2022,KCA202208091,2022-08-09,1,KCA,CHA,4,2,KAN06,singb001,lynnl001
2022,KCA202208092,2022-08-09,2,KCA,CHA,2,3,KAN06,heasj001,martd006
2022,LAN202208090,2022-08-09,0,LAN,MIN,10,3,LOS03,uriaj001,ryanj002
2022,MIL202208090,2022-08-09,0,MIL,TBA,5,3,MIL06,peraf001,yacaj001
2022,NYN202208090,2022-08-09,0,NYN,CIN,6,2,NYC20,carrc003,minom001
2022,OAK202208090,2022-08-09,0,OAK,ANA,1,5,OAK01,kaprj001,ohtas001
2022,PHI202208090,2022-08-09,0,PHI,MIA,4,1,PHI13,wheez001,garrb001
2022,SDN202208090,2022-08-09,0,SDN,SFN,7,4,SAN02,musgj001,cobba001
2022,SEA202208090,2022-08-09,0,SEA,NYA,1,0,SEA03,castl003,coleg001
2022,ARI202208100,2022-08-10,0,ARI,PIT,4,6,PHO01,bumgm001,kellm003
2022,BOS202208100,2022-08-10,0,BOS,ATL,4,8,BOS07,piven001,wrigk001
2022,CHN202208100,2022-08-10,0,CHN,WAS,4,2,CHI11,steej002,grayj004
2022,COL202208100,2022-08-10,0,COL,SLN,5,9,DEN02,freek001,quinj001
2022,DET202208100,2022-08-10,0,DET,CLE,2,3,DET05,hutcd001,civaa001
2022,HOU202208100,2022-08-10,0,HOU,TEX,4,8,HOU03,verlj001,ottog001
2022,KCA202208100,2022-08-10,0,KCA,CHA,8,3,KAN06,bubik001,cuetj001
2022,LAN202208100,2022-08-10,0,LAN,MIN,8,5,LOS03,pepir001,grays001
2022,MIL202208100,2022-08-10,0,MIL,TBA,4,3,MIL06,woodb005,sprij001
2022,NYN202208100,2022-08-10,0,NYN,CIN,10,2,NYC20,walkt004,zeuct001
2022,OAK202208100,2022-08-10,0,OAK,ANA,4,5,OAK01,searj001,toust001
2022,PHI202208100,2022-08-10,0,PHI,MIA,4,3,PHI13,syndn001,alcas001
2022,SDN202208100,2022-08-10,0,SDN,SFN,13,7,SAN02,manas001,junij001
2022,SEA202208100,2022-08-10,0,SEA,NYA,4,3,SEA03,ray-r002,cortn001
2022,ARI202208110,2022-08-11,0,ARI,PIT,9,3,PHO01,kellm002,brubj001
2022,BOS202208110,2022-08-11,0,BOS,BAL,4,3,BOS07,wincj001,kremd001
2022,CIN202208110,2022-08-11,0,CIN,CHN,2,4,DYE01,lodon001,smyld001
2022,COL202208110,2022-08-11,0,COL,SLN,8,6,DEN02,marqg001,hudsd002
2022,DET202208110,2022-08-11,0,DET,CLE,3,4,DET05,hillg002,plesz001
2022,HOU202208110,2022-08-11,0,HOU,TEX,7,3,HOU03,valdf001,ragac001
2022,KCA202208110,2022-08-11,0,KCA,CHA,5,3,KAN06,greiz001,ceasd001
2022,PHI202208110,2022-08-11,0,PHI,MIA,0,3,PHI13,gibsk002,cabre003
2022,ANA202208120,2022-08-12,0,ANA,MIN,0,4,ANA01,sandp002,mahlt001
2022,BOS202208120,2022-08-12,0,BOS,NYA,3,2,BOS07,eovan001,germd001
2022,CHA202208120,2022-08-12,0,CHA,DET,2,0,CHI12,kopem001,norrd002
2022,COL202208120,2022-08-12,0,COL,ARI,5,3,DEN02,senza001,daviz001
2022,HOU202208120,2022-08-12,0,HOU,OAK,7,5,HOU03,garcl007,ollea001
2022,KCA202208120,2022-08-12,0,KCA,LAN,3,8,KAN06,lyncd001,gonst001
2022,MIA202208120,2022-08-12,0,MIA,ATL,3,4,MIA02,lopep002,odorj001
2022,NYN202208120,2022-08-12,0,NYN,PHI,1,2,NYC20,schem001,suarr001
2022,SFN202208120,2022-08-12,0,SFN,PIT,5,3,SFO03,rodoc001,wilsb003
2022,SLN202208120,2022-08-12,0,SLN,MIL,3,1,STL10,montj004,lauee001
2022,TBA202208120,2022-08-12,0,TBA,BAL,3,10,STP01,klubc001,votha001
2022,TEX202208120,2022-08-12,0,TEX,SEA,2,6,ARL03,sborj002,kirbg001
2022,TOR202208120,2022-08-12,0,TOR,CLE,0,8,TOR02,berrj001,quanc001
2022,WAS202208120,2022-08-12,0,WAS,SDN,5,10,WAS11,abboc001,clevm001
2022,ANA202208130,2022-08-13,0,ANA,MIN,5,3,ANA01,detmr001,bundd001
2022,BOS202208130,2022-08-13,0,BOS,NYA,2,3,BOS07,crawk001,montf001
2022,CHA202208130,2022-08-13,0,CHA,DET,6,4,CHI12,gioll001,mannm001
2022,CIN202208130,2022-08-13,0,CIN,CHN,2,7,CIN09,ashcg001,sampa001
2022,COL202208130,2022-08-13,0,COL,ARI,0,6,DEN02,urenj001,gallz001
2022,HOU202208130,2022-08-13,0,HOU,OAK,8,0,HOU03,mccul002,loguz001
2022,KCA202208130,2022-08-13,0,KCA,LAN,3,13,KAN06,kellb003,heana001
2022,MIA202208131,2022-08-13,1,MIA,ATL,2,5,MIA02,luzaj001,mullk001
2022,MIA202208132,2022-08-13,2,MIA,ATL,2,6,MIA02,nanct001,andei001
2022,NYN202208130,2022-08-13,0,NYN,PHI,1,0,NYC20,degrj001,nolaa001
2022,SFN202208130,2022-08-13,0,SFN,PIT,2,0,SFO03,webbl001,beedt001
2022,SLN202208130,2022-08-13,0,SLN,MIL,2,3,STL10,waina001,burnc002
2022,TBA202208130,2022-08-13,0,TBA,BAL,8,2,STP01,mccls003,halld004
2022,TEX202208130,2022-08-13,0,TEX,SEA,7,4,ARL03,dunnd001,gonzm005
2022,TOR202208130,2022-08-13,0,TOR,CLE,2,1,TOR02,whitm004,mcket001
2022,WAS202208130,2022-08-13,0,WAS,SDN,4,3,WAS11,sanca004,darvy001
2022,ANA202208140,2022-08-14,0,ANA,MIN,4,2,ANA01,davit005,archc001
2022,BOS202208140,2022-08-14,0,BOS,NYA,3,0,BOS07,wachm001,tailj001
2022,CHA202208140,2022-08-14,0,CHA,DET,5,3,CHI12,lynnl001,alext001
2022,CIN202208140,2022-08-14,0,CIN,CHN,8,5,CIN09,dunnj002,thomk002
2022,COL202208140,2022-08-14,0,COL,ARI,4,7,DEN02,feltr001,henrt001
2022,HOU202208140,2022-08-14,0,HOU,OAK,6,3,HOU03,javic001,irvic001
2022,KCA202208140,2022-08-14,0,KCA,LAN,4,0,KAN06,singb001,andet002
2022,MIA202208140,2022-08-14,0,MIA,ATL,1,3,MIA02,garrb001,eldeb001
2022,NYN202208140,2022-08-14,0,NYN,PHI,6,0,NYC20,bassc001,wheez001
2022,SFN202208140,2022-08-14,0,SFN,PIT,8,7,SFO03,wooda002,thomz001
2022,SLN202208140,2022-08-14,0,SLN,MIL,6,3,STL10,mikom001,ashba003
2022,TBA202208140,2022-08-14,0,TBA,BAL,4,1,STP01,rasmd002,lylej001
2022,TEX202208140,2022-08-14,0,TEX,SEA,5,3,ARL03,perem004,gilbl002
2022,TOR202208140,2022-08-14,0,TOR,CLE,2,7,TOR02,gausk001,biebs001
2022,WAS202208140,2022-08-14,0,WAS,SDN,0,6,WAS11,espip001,snelb001
2022,ANA202208150,2022-08-15,0,ANA,SEA,2,6,ANA01,ohtas001,castl003
2022,ATL202208150,2022-08-15,0,ATL,NYN,13,1,ATL03,stris002,carrc003
2022,CHA202208150,2022-08-15,0,CHA,HOU,4,2,CHI12,cuetj001,urquj001
2022,CIN202208150,2022-08-15,0,CIN,PHI,3,4,CIN09,minom001,syndn001
2022,CLE202208151,2022-08-15,1,CLE,DET,4,1,CLE08,civaa001,hutcd001
2022,CLE202208152,2022-08-15,2,CLE,DET,5,7,CLE08,currx001,garcb001
2022,MIA202208150,2022-08-15,0,MIA,SDN,3,0,MIA02,alcas001,musgj001
2022,MIL202208150,2022-08-15,0,MIL,LAN,0,4,MIL06,peraf001,uriaj001
2022,MIN202208150,2022-08-15,0,MIN,KCA,4,2,MIN04,ryanj002,bubik001
2022,NYA202208150,2022-08-15,0,NYA,TBA,0,4,NYC21,coleg001,beekj001
2022,SFN202208150,2022-08-15,0,SFN,ARI,6,1,SFO03,cobba001,bumgm001
2022,TEX202208150,2022-08-15,0,TEX,OAK,2,1,ARL03,ottog001,kaprj001
2022,TOR202208150,2022-08-15,0,TOR,BAL,3,7,TOR02,kikuy001,bradk001
2022,WAS202208150,2022-08-15,0,WAS,CHN,5,4,WAS11,grayj004,strom001
2022,ANA202208160,2022-08-16,0,ANA,SEA,2,8,ANA01,suarj001,ray-r002
2022,ATL202208160,2022-08-16,0,ATL,NYN,5,0,ATL03,mortc002,walkt004
2022,CHA202208160,2022-08-16,0,CHA,HOU,4,3,CHI12,ceasd001,verlj001
2022,CIN202208160,2022-08-16,0,CIN,PHI,4,11,CIN09,zeuct001,gibsk002
2022,CLE202208160,2022-08-16,0,CLE,DET,3,4,CLE08,plesz001,hillg002
2022,MIA202208160,2022-08-16,0,MIA,SDN,4,3,MIA02,cabre003,manas001
2022,MIL202208160,2022-08-16,0,MIL,LAN,5,4,MIL06,woodb005,pepir001
2022,MIN202208160,2022-08-16,0,MIN,KCA,9,0,MIN04,grays001,greiz001
2022,NYA202208160,2022-08-16,0,NYA,TBA,1,3,NYC21,cortn001,sprij001
2022,PIT202208160,2022-08-16,0,PIT,BOS,3,5,PIT08,kellm003,piven001
2022,SFN202208160,2022-08-16,0,SFN,ARI,2,1,SFO03,junij001,kellm002
2022,SLN202208160,2022-08-16,0,SLN,COL,5,4,STL10,quinj001,freek001
2022,TEX202208160,2022-08-16,0,TEX,OAK,1,5,ARL03,arihk001,searj001
2022,TOR202208160,2022-08-16,0,TOR,BAL,2,4,TOR02,manoa001,kremd001
2022,WAS202208160,2022-08-16,0,WAS,CHN,5,7,WAS11,corbp001,steej002
2022,ANA202208170,2022-08-17,0,ANA,SEA,7,11,ANA01,toust001,kirbg001
2022,ATL202208170,2022-08-17,0,ATL,NYN,7,9,ATL03,odorj001,schem001
2022,CHA202208170,2022-08-17,0,CHA,HOU,2,3,CHI12,kopem001,valdf001
2022,CIN202208170,2022-08-17,0,CIN,PHI,1,0,CIN09,lodon001,suarr001
2022,CLE202208170,2022-08-17,0,CLE,DET,8,4,CLE08,quanc001,norrd002
2022,MIA202208170,2022-08-17,0,MIA,SDN,3,10,MIA02,lopep002,clevm001
2022,MIL202208170,2022-08-17,0,MIL,LAN,1,2,MIL06,lauee001,gonst001
2022,MIN202208170,2022-08-17,0,MIN,KCA,4,0,MIN04,mahlt001,lyncd001
2022,NYA202208170,2022-08-17,0,NYA,TBA,8,7,NYC21,germd001,klubc001
2022,PIT202208170,2022-08-17,0,PIT,BOS,3,8,PIT08,contr001,hillr001
2022,SFN202208170,2022-08-17,0,SFN,ARI,2,3,SFO03,rodoc001,daviz001
2022,SLN202208170,2022-08-17,0,SLN,COL,5,1,STL10,montj004,marqg001
2022,TEX202208170,2022-08-17,0,TEX,OAK,2,7,ARL03,ragac001,ollea001
2022,TOR202208170,2022-08-17,0,TOR,BAL,6,1,TOR02,strir001,votha001
2022,WAS202208170,2022-08-17,0,WAS,CHN,2,3,WAS11,abboc001,smyld001
2022,ATL202208180,2022-08-18,0,ATL,NYN,3,2,ATL03,friem001,degrj001
2022,BAL202208180,2022-08-18,0,BAL,CHN,2,3,BAL12,watks003,sampa001
2022,CHA202208180,2022-08-18,0,CHA,HOU,5,21,CHI12,gioll001,garcl007
2022,MIL202208180,2022-08-18,0,MIL,LAN,5,3,MIL06,burnc002,heana001
2022,NYA202208180,2022-08-18,0,NYA,TOR,2,9,NYC21,montf001,berrj001
2022,PIT202208180,2022-08-18,0,PIT,BOS,8,2,PIT08,brubj001,wincj001
2022,SDN202208180,2022-08-18,0,SDN,WAS,1,3,SAN02,darvy001,sanca004
2022,SFN202208180,2022-08-18,0,SFN,ARI,0,5,SFO03,webbl001,gallz001
2022,SLN202208180,2022-08-18,0,SLN,COL,13,0,STL10,waina001,senza001
2022,TBA202208180,2022-08-18,0,TBA,KCA,7,1,STP01,patil001,castm003
2022,TEX202208180,2022-08-18,0,TEX,OAK,10,3,ARL03,dunnd001,loguz001
2022,ARI202208190,2022-08-19,0,ARI,SLN,1,5,PHO01,henrt001,mikom001
2022,ATL202208190,2022-08-19,0,ATL,HOU,6,2,ATL03,wrigk001,mccul002
2022,BAL202208190,2022-08-19,0,BAL,BOS,15,10,BAL12,lylej001,crawk001
2022,CHN202208190,2022-08-19,0,CHN,MIL,8,7,CHI11,thomk002,ashba003
2022,CLE202208190,2022-08-19,0,CLE,CHA,5,2,CLE08,mcket001,lynnl001
2022,COL202208190,2022-08-19,0,COL,SFN,7,4,DEN02,urenj001,wooda002
2022,DET202208190,2022-08-19,0,DET,ANA,0,1,DET05,mannm001,sandp002
2022,LAN202208190,2022-08-19,0,LAN,MIA,2,1,LOS03,andet002,luzaj001
2022,MIN202208190,2022-08-19,0,MIN,TEX,2,1,MIN04,bundd001,perem004
2022,NYA202208190,2022-08-19,0,NYA,TOR,0,4,NYC21,tailj001,gausk001
2022,OAK202208190,2022-08-19,0,OAK,SEA,2,10,OAK01,irvic001,gonzm005
2022,PHI202208190,2022-08-19,0,PHI,NYN,2,7,PHI13,nolaa001,bassc001
2022,PIT202208190,2022-08-19,0,PIT,CIN,5,4,PIT08,wilsb003,ashcg001
2022,SDN202208190,2022-08-19,0,SDN,WAS,3,6,SAN02,snelb001,espip001
2022,TBA202208190,2022-08-19,0,TBA,KCA,2,3,STP01,mccls003,singb001
2022,ARI202208200,2022-08-20,0,ARI,SLN,7,16,PHO01,bumgm001,hudsd002
2022,ATL202208200,2022-08-20,0,ATL,HOU,5,4,ATL03,stris002,javic001
2022,BAL202208200,2022-08-20,0,BAL,BOS,3,4,BAL12,bradk001,wachm001
2022,CHN202208200,2022-08-20,0,CHN,MIL,6,5,CHI11,strom001,peraf001
2022,CLE202208200,2022-08-20,0,CLE,CHA,0,2,CLE08,biebs001,cuetj001
2022,COL202208200,2022-08-20,0,COL,SFN,4,3,DEN02,feltr001,cobba001
2022,DET202208200,2022-08-20,0,DET,ANA,4,3,DET05,alext001,detmr001
2022,LAN202208200,2022-08-20,0,LAN,MIA,7,0,LOS03,may-d003,hoeib001
2022,MIN202208200,2022-08-20,0,MIN,TEX,3,4,MIN04,archc001,ottog001
2022,NYA202208200,2022-08-20,0,NYA,TOR,2,5,NYC21,coleg001,whitm004
2022,OAK202208200,2022-08-20,0,OAK,SEA,4,3,OAK01,kaprj001,gilbl002
2022,PHI202208201,2022-08-20,1,PHI,NYN,2,8,PHI13,wheez001,willt002
2022,PHI202208202,2022-08-20,2,PHI,NYN,4,1,PHI13,faltb001,peted003
2022,PIT202208200,2022-08-20,0,PIT,CIN,1,10,PIT08,beedt001,dunnj002
2022,SDN202208200,2022-08-20,0,SDN,WAS,2,1,SAN02,musgj001,grayj004
2022,TBA202208200,2022-08-20,0,TBA,KCA,5,2,STP01,rasmd002,bubik001
2022,ARI202208210,2022-08-21,0,ARI,SLN,4,6,PHO01,kellm002,quinj001
2022,ATL202208210,2022-08-21,0,ATL,HOU,4,5,ATL03,mortc002,urquj001
2022,BAL202208210,2022-08-21,0,BAL,BOS,5,3,WIL02,kremd001,piven001
2022,CHN202208210,2022-08-21,0,CHN,MIL,2,5,CHI11,steej002,woodb005
2022,COL202208210,2022-08-21,0,COL,SFN,8,9,DEN02,freek001,junij001
2022,DET202208210,2022-08-21,0,DET,ANA,4,0,DET05,rodre004,ohtas001
2022,LAN202208210,2022-08-21,0,LAN,MIA,10,3,LOS03,pepir001,alcas001
2022,MIN202208210,2022-08-21,0,MIN,TEX,0,7,MIN04,ryanj002,arihk001
2022,NYA202208210,2022-08-21,0,NYA,TOR,4,2,NYC21,cortn001,manoa001
2022,OAK202208210,2022-08-21,0,OAK,SEA,5,3,OAK01,searj001,castl003
2022,PHI202208210,2022-08-21,0,PHI,NYN,9,10,PHI13,gibsk002,buttj001
2022,PIT202208210,2022-08-21,0,PIT,CIN,5,9,PIT08,thomz001,minom001
2022,SDN202208210,2022-08-21,0,SDN,WAS,2,1,SAN02,manas001,corbp001
2022,TBA202208210,2022-08-21,0,TBA,KCA,3,2,STP01,yarbr001,greiz001
2022,CHN202208220,2022-08-22,0,CHN,SLN,0,1,CHI11,smyld001,montj004
2022,KCA202208220,2022-08-22,0,KCA,CHA,6,4,KAN06,lyncd001,kopem001
2022,LAN202208220,2022-08-22,0,LAN,MIL,0,4,LOS03,uriaj001,lauee001
2022,MIN202208220,2022-08-22,0,MIN,TEX,1,2,MIN04,grays001,ragac001
2022,NYA202208220,2022-08-22,0,NYA,NYN,4,2,NYC21,germd001,schem001
2022,OAK202208220,2022-08-22,0,OAK,MIA,0,3,OAK01,ollea001,cabre003
2022,PHI202208220,2022-08-22,0,PHI,CIN,4,1,PHI13,syndn001,cessl001
2022,PIT202208220,2022-08-22,0,PIT,ATL,1,2,PIT08,contr001,odorj001
2022,TBA202208220,2022-08-22,0,TBA,ANA,2,1,STP01,sprij001,davit005
2022,BAL202208230,2022-08-23,0,BAL,CHA,5,3,BAL12,votha001,ceasd001
2022,BOS202208230,2022-08-23,0,BOS,TOR,3,9,BOS07,wincj001,strir001
2022,CHN202208231,2022-08-23,1,CHN,SLN,2,0,CHI11,assaj001,waina001
2022,CHN202208232,2022-08-23,2,CHN,SLN,3,13,CHI11,sampa001,woodj003
2022,COL202208230,2022-08-23,0,COL,TEX,7,6,DEN02,marqg001,dunnd001
2022,DET202208230,2022-08-23,0,DET,SFN,1,3,DET05,hutcd001,rodoc001
2022,HOU202208230,2022-08-23,0,HOU,MIN,4,2,HOU03,verlj001,sanca006
2022,KCA202208230,2022-08-23,0,KCA,ARI,3,7,KAN06,heasj001,daviz001
2022,LAN202208230,2022-08-23,0,LAN,MIL,10,1,LOS03,gonst001,burnc002
2022,NYA202208230,2022-08-23,0,NYA,NYN,4,2,NYC21,montf001,walkt004
2022,OAK202208230,2022-08-23,0,OAK,MIA,3,5,OAK01,loguz001,lopep002
2022,PHI202208230,2022-08-23,0,PHI,CIN,7,6,PHI13,suarr001,lodon001
2022,PIT202208230,2022-08-23,0,PIT,ATL,1,6,PIT08,brubj001,friem001
2022,SDN202208230,2022-08-23,0,SDN,CLE,1,3,SAN02,clevm001,civaa001
2022,SEA202208230,2022-08-23,0,SEA,WAS,4,2,SEA03,ray-r002,fedde001
2022,TBA202208230,2022-08-23,0,TBA,ANA,11,1,STP01,klubc001,suarj001
2022,BAL202208240,2022-08-24,0,BAL,CHA,3,5,BAL12,watks003,gioll001
2022,BOS202208240,2022-08-24,0,BOS,TOR,2,3,BOS07,bellb002,berrj001
2022,CHN202208240,2022-08-24,0,CHN,SLN,7,1,CHI11,farrl001,mikom001
2022,COL202208240,2022-08-24,0,COL,TEX,4,16,DEN02,urenj001,perem004
2022,DET202208240,2022-08-24,0,DET,SFN,6,1,DET05,mannm001,webbl001
2022,HOU202208240,2022-08-24,0,HOU,MIN,5,3,HOU03,valdf001,bundd001
2022,KCA202208240,2022-08-24,0,KCA,ARI,5,3,KAN06,singb001,gallz001
2022,LAN202208240,2022-08-24,0,LAN,MIL,12,6,LOS03,heana001,housa001
2022,OAK202208240,2022-08-24,0,OAK,MIA,3,2,OAK01,irvic001,luzaj001
2022,PHI202208240,2022-08-24,0,PHI,CIN,7,5,PHI13,sancc002,zeuct001
2022,PIT202208240,2022-08-24,0,PIT,ATL,2,14,PIT08,kellm003,wrigk001
2022,SDN202208240,2022-08-24,0,SDN,CLE,0,7,SAN02,snelb001,quanc001
2022,SEA202208240,2022-08-24,0,SEA,WAS,1,3,SEA03,kirbg001,sanca004
2022,TBA202208240,2022-08-24,0,TBA,ANA,4,3,STP01,mccls003,mayem001
2022,BAL202208250,2022-08-25,0,BAL,CHA,4,3,BAL12,lylej001,lynnl001
2022,BOS202208250,2022-08-25,0,BOS,TOR,5,6,BOS07,crawk001,gausk001
2022,CHN202208250,2022-08-25,0,CHN,SLN,3,8,CHI11,strom001,hudsd002
2022,HOU202208250,2022-08-25,0,HOU,MIN,6,3,HOU03,garcl007,archc001
2022,NYN202208250,2022-08-25,0,NYN,COL,3,1,NYC20,degrj001,feltr001
2022,OAK202208250,2022-08-25,0,OAK,NYA,4,13,OAK01,kaprj001,tailj001
2022,PHI202208250,2022-08-25,0,PHI,CIN,4,0,PHI13,nolaa001,dunnj002
2022,SEA202208250,2022-08-25,0,SEA,CLE,3,1,SEA03,gonzm005,mcket001
2022,TBA202208250,2022-08-25,0,TBA,ANA,8,3,STP01,rasmd002,sandp002
2022,BOS202208260,2022-08-26,0,BOS,TBA,9,8,BOS07,wachm001,charj001
2022,CHA202208260,2022-08-26,0,CHA,ARI,2,7,CHI12,cuetj001,henrt001
2022,HOU202208260,2022-08-26,0,HOU,BAL,0,2,HOU03,mccul002,bradk001
2022,KCA202208260,2022-08-26,0,KCA,SDN,5,13,KAN06,bubik001,musgj001
2022,MIA202208260,2022-08-26,0,MIA,LAN,6,10,MIA02,nanct001,andet002
2022,MIL202208260,2022-08-26,0,MIL,CHN,3,4,MIL06,peraf001,steej002
2022,MIN202208260,2022-08-26,0,MIN,SFN,9,0,MIN04,ryanj002,wooda002
2022,NYN202208260,2022-08-26,0,NYN,COL,7,6,NYC20,bassc001,kuhlc001
2022,OAK202208260,2022-08-26,0,OAK,NYA,2,3,OAK01,searj001,coleg001
2022,PHI202208260,2022-08-26,0,PHI,PIT,7,4,PHI13,faltb001,wilsb003
2022,SEA202208260,2022-08-26,0,SEA,CLE,3,2,SEA03,gilbl002,biebs001
2022,SLN202208260,2022-08-26,0,SLN,ATL,4,11,STL10,quinj001,stris002
2022,TEX202208260,2022-08-26,0,TEX,DET,7,6,ARL03,ottog001,alext001
2022,TOR202208260,2022-08-26,0,TOR,ANA,0,12,TOR02,whitm004,detmr001
2022,WAS202208260,2022-08-26,0,WAS,CIN,3,7,WAS11,cavac001,minom001
2022,BOS202208270,2022-08-27,0,BOS,TBA,5,1,BOS07,hillr001,sprij001
2022,CHA202208270,2022-08-27,0,CHA,ARI,5,10,CHI12,martd006,kellm002
2022,HOU202208270,2022-08-27,0,HOU,BAL,1,3,HOU03,urquj001,kremd001
2022,KCA202208270,2022-08-27,0,KCA,SDN,3,4,KAN06,lyncd001,darvy001
2022,MIA202208270,2022-08-27,0,MIA,LAN,2,1,MIA02,alcas001,may-d003
2022,MIL202208270,2022-08-27,0,MIL,CHN,7,0,MIL06,woodb005,smyld001
2022,MIN202208270,2022-08-27,0,MIN,SFN,3,2,MIN04,grays001,cobba001
2022,NYN202208270,2022-08-27,0,NYN,COL,3,0,NYC20,peted003,freek001
2022,OAK202208270,2022-08-27,0,OAK,NYA,3,2,OAK01,ollea001,germd001
2022,PHI202208270,2022-08-27,0,PHI,PIT,6,0,PHI13,gibsk002,beedt001
2022,SEA202208270,2022-08-27,0,SEA,CLE,3,4,SEA03,castl003,plesz001
2022,SLN202208270,2022-08-27,0,SLN,ATL,6,5,STL10,montj004,mortc002
2022,TEX202208270,2022-08-27,0,TEX,DET,2,11,ARL03,keucd001,rodre004
2022,TOR202208270,2022-08-27,0,TOR,ANA,0,2,TOR02,manoa001,ohtas001
2022,WAS202208270,2022-08-27,0,WAS,CIN,2,6,WAS11,espip001,cessl001
2022,BOS202208280,2022-08-28,0,BOS,TBA,4,12,BOS07,piven001,klubc001
2022,CHA202208280,2022-08-28,0,CHA,ARI,2,3,CHI12,ceasd001,daviz001
2022,HOU202208280,2022-08-28,0,HOU,BAL,3,1,HOU03,verlj001,votha001
2022,KCA202208280,2022-08-28,0,KCA,SDN,15,7,KAN06,heasj001,manas001
2022,MIA202208280,2022-08-28,0,MIA,LAN,1,8,MIA02,cabre003,uriaj001
2022,MIL202208280,2022-08-28,0,MIL,CHN,9,7,MIL06,lauee001,sampa001
2022,MIN202208280,2022-08-28,0,MIN,SFN,8,3,MIN04,sanca006,junij001
2022,NYN202208280,2022-08-28,0,NYN,COL,0,1,NYC20,schem001,marqg001
2022,OAK202208280,2022-08-28,0,OAK,NYA,4,1,OAK01,marta006,schmc002
2022,PHI202208280,2022-08-28,0,PHI,PIT,0,5,PHI13,syndn001,contr001
2022,SEA202208280,2022-08-28,0,SEA,CLE,4,0,SEA03,ray-r002,civaa001
2022,SLN202208280,2022-08-28,0,SLN,ATL,6,3,STL10,waina001,odorj001
2022,TEX202208280,2022-08-28,0,TEX,DET,8,9,ARL03,arihk001,hutcd001
2022,TOR202208280,2022-08-28,0,TOR,ANA,3,8,TOR02,strir001,davit005
2022,WAS202208280,2022-08-28,0,WAS,CIN,3,2,WAS11,corbp001,lodon001
2022,ANA202208290,2022-08-29,0,ANA,NYA,4,3,ANA01,suarj001,montf001
2022,ARI202208290,2022-08-29,0,ARI,PHI,13,7,PHO01,bumgm001,suarr001
2022,CIN202208290,2022-08-29,0,CIN,SLN,4,13,CIN09,andec001,mikom001
2022,MIA202208290,2022-08-29,0,MIA,LAN,2,3,MIA02,lopep002,grovm001
2022,MIL202208290,2022-08-29,0,MIL,PIT,7,5,MIL06,burnc002,wilsb003
2022,MIN202208290,2022-08-29,0,MIN,BOS,4,2,MIN04,bundd001,bellb002
2022,SFN202208290,2022-08-29,0,SFN,SDN,5,6,SFO03,rodoc001,clevm001
2022,TOR202208290,2022-08-29,0,TOR,CHN,5,4,TOR02,berrj001,assaj001
2022,ANA202208300,2022-08-30,0,ANA,NYA,4,7,ANA01,mayem001,tailj001
2022,ARI202208300,2022-08-30,0,ARI,PHI,12,3,PHO01,gallz001,nolaa001
2022,ATL202208300,2022-08-30,0,ATL,COL,2,3,ATL03,friem001,urenj001
2022,CHA202208300,2022-08-30,0,CHA,KCA,7,9,CHI12,gioll001,singb001
2022,CIN202208300,2022-08-30,0,CIN,SLN,5,1,CIN09,dunnj002,hudsd002
2022,CLE202208300,2022-08-30,0,CLE,BAL,5,1,CLE08,quanc001,watks003
2022,DET202208300,2022-08-30,0,DET,SEA,3,9,DET05,mannm001,kirbg001
2022,MIA202208300,2022-08-30,0,MIA,TBA,2,7,MIA02,luzaj001,mccls003
2022,MIL202208300,2022-08-30,0,MIL,PIT,2,4,MIL06,alexj001,kellm003
2022,MIN202208300,2022-08-30,0,MIN,BOS,10,5,MIN04,archc001,crawk001
2022,NYN202208300,2022-08-30,0,NYN,LAN,3,4,NYC20,walkt004,heana001
2022,SFN202208300,2022-08-30,0,SFN,SDN,3,4,SFO03,webbl001,snelb001
2022,TEX202208300,2022-08-30,0,TEX,HOU,2,4,ARL03,dunnd001,valdf001
2022,TOR202208300,2022-08-30,0,TOR,CHN,5,3,TOR02,gausk001,strom001
2022,WAS202208300,2022-08-30,0,WAS,OAK,6,10,WAS11,fedde001,irvic001
2022,ANA202208310,2022-08-31,0,ANA,NYA,3,2,ANA01,sandp002,coleg001
2022,ARI202208310,2022-08-31,0,ARI,PHI,2,18,PHO01,henrt001,faltb001
2022,ATL202208310,2022-08-31,0,ATL,COL,3,2,ATL03,wrigk001,feltr001
2022,CHA202208310,2022-08-31,0,CHA,KCA,4,2,CHI12,lynnl001,bubik001
2022,CIN202208310,2022-08-31,0,CIN,SLN,3,5,CIN09,minom001,quinj001
2022,CLE202208310,2022-08-31,0,CLE,BAL,0,4,CLE08,mcket001,lylej001
2022,DET202208310,2022-08-31,0,DET,SEA,3,5,DET05,alext001,gonzm005
2022,MIA202208310,2022-08-31,0,MIA,TBA,1,2,MIA02,roget003,rasmd002
2022,MIL202208310,2022-08-31,0,MIL,PIT,6,1,MIL06,peraf001,thomz001
2022,MIN202208310,2022-08-31,0,MIN,BOS,5,6,MIN04,ryanj002,wachm001
2022,NYN202208310,2022-08-31,0,NYN,LAN,2,1,NYC20,degrj001,andet002
2022,SFN202208310,2022-08-31,0,SFN,SDN,4,5,SFO03,wooda002,musgj001
2022,TEX202208310,2022-08-31,0,TEX,HOU,3,5,ARL03,perem004,javic001
2022,TOR202208310,2022-08-31,0,TOR,CHN,5,7,TOR02,whitm004,farrl001
2022,WAS202208310,2022-08-31,0,WAS,OAK,5,1,WAS11,sanca004,kaprj001
2022,ARI202209010,2022-09-01,0,ARI,MIL,5,0,PHO01,kellm002,woodb005
2022,ATL202209010,2022-09-01,0,ATL,COL,3,0,ATL03,stris002,kuhlc001
2022,BOS202209010,2022-09-01,0,BOS,TEX,9,8,BOS07,hillr001,ottog001
2022,CHA202209010,2022-09-01,0,CHA,KCA,7,1,CHI12,cuetj001,mengd001
2022,CLE202209010,2022-09-01,0,CLE,BAL,0,3,CLE08,biebs001,bradk001
2022,DET202209010,2022-09-01,0,DET,SEA,0,7,DET05,rodre004,gilbl002
2022,NYN202209010,2022-09-01,0,NYN,LAN,5,3,NYC20,bassc001,kersc001
2022,WAS202209010,2022-09-01,0,WAS,OAK,7,5,WAS11,espip001,waldk003
2022,ANA202209020,2022-09-02,0,ANA,HOU,2,4,ANA01,detmr001,mccul002
2022,ARI202209020,2022-09-02,0,ARI,MIL,2,1,PHO01,daviz001,lauee001
2022,ATL202209020,2022-09-02,0,ATL,MIA,8,1,ATL03,mortc002,alcas001
2022,BAL202209020,2022-09-02,0,BAL,OAK,5,2,BAL12,kremd001,searj001
2022,BOS202209020,2022-09-02,0,BOS,TEX,9,1,BOS07,piven001,keucd001
2022,CHA202209020,2022-09-02,0,CHA,MIN,4,3,CHI12,kellj001,grays001
2022,CIN202209020,2022-09-02,0,CIN,COL,3,2,CIN09,cessl001,freek001
2022,CLE202209020,2022-09-02,0,CLE,SEA,1,6,CLE08,morrc001,castl003
2022,DET202209020,2022-09-02,0,DET,KCA,5,4,DET05,hutcd001,lyncd001
2022,LAN202209020,2022-09-02,0,LAN,SDN,1,7,LOS03,may-d003,darvy001
2022,NYN202209020,2022-09-02,0,NYN,WAS,7,3,NYC20,peted003,grayj004
2022,PIT202209020,2022-09-02,0,PIT,TOR,0,4,PIT08,oviej001,manoa001
2022,SFN202209020,2022-09-02,0,SFN,PHI,13,1,SFO03,cobba001,gibsk002
2022,SLN202209020,2022-09-02,0,SLN,CHN,8,0,STL10,montj004,sampa001
2022,TBA202209020,2022-09-02,0,TBA,NYA,9,0,STP01,sprij001,germd001
2022,ANA202209030,2022-09-03,0,ANA,HOU,2,1,ANA01,ohtas001,garcl007
2022,ARI202209030,2022-09-03,0,ARI,MIL,6,8,PHO01,bumgm001,burnc002
2022,ATL202209030,2022-09-03,0,ATL,MIA,2,1,ATL03,eldeb001,cabre003
2022,BAL202209030,2022-09-03,0,BAL,OAK,8,1,BAL12,votha001,ollea001
2022,BOS202209030,2022-09-03,0,BOS,TEX,5,3,BOS07,bellb002,santd003
2022,CHA202209030,2022-09-03,0,CHA,MIN,13,0,CHI12,ceasd001,mahlt001
2022,CLE202209030,2022-09-03,0,CLE,SEA,0,4,CLE08,currx001,ray-r002
2022,DET202209030,2022-09-03,0,DET,KCA,2,12,DET05,pinem001,heasj001
2022,LAN202209030,2022-09-03,0,LAN,SDN,12,1,LOS03,uriaj001,manas001
2022,NYN202209030,2022-09-03,0,NYN,WAS,1,7,NYC20,schem001,corbp001
2022,PIT202209030,2022-09-03,0,PIT,TOR,1,4,PIT08,contr001,richt001
2022,SFN202209030,2022-09-03,0,SFN,PHI,5,4,SFO03,junij001,syndn001
2022,SLN202209030,2022-09-03,0,SLN,CHN,8,4,STL10,waina001,smyld001
2022,TBA202209030,2022-09-03,0,TBA,NYA,2,1,STP01,klubc001,schmc002
2022,ANA202209040,2022-09-04,0,ANA,HOU,1,9,ANA01,davit005,urquj001
2022,ARI202209040,2022-09-04,0,ARI,MIL,5,1,PHO01,gallz001,alexj001
2022,ATL202209040,2022-09-04,0,ATL,MIA,7,1,ATL03,friem001,lopep002
2022,BAL202209040,2022-09-04,0,BAL,OAK,0,5,BAL12,watks003,marta006
2022,BOS202209040,2022-09-04,0,BOS,TEX,5,2,BOS07,wincj001,dunnd001
2022,CHA202209040,2022-09-04,0,CHA,MIN,1,5,CHI12,gioll001,bundd001
2022,CIN202209041,2022-09-04,1,CIN,COL,4,8,CIN09,lodon001,marqg001
2022,CIN202209042,2022-09-04,2,CIN,COL,10,0,CIN09,andec001,urenj001
2022,CLE202209040,2022-09-04,0,CLE,SEA,3,6,CLE08,quanc001,kirbg001
2022,DET202209040,2022-09-04,0,DET,KCA,2,3,DET05,mannm001,castm003
2022,LAN202209040,2022-09-04,0,LAN,SDN,9,4,LOS03,fergc001,clevm001
2022,NYN202209040,2022-09-04,0,NYN,WAS,1,7,NYC20,carrc003,fedde001
2022,PIT202209040,2022-09-04,0,PIT,TOR,3,4,PIT08,brubj001,strir001
2022,SFN202209040,2022-09-04,0,SFN,PHI,5,3,SFO03,rodoc001,suarr001
2022,SLN202209040,2022-09-04,0,SLN,CHN,2,0,STL10,mikom001,strom001
2022,TBA202209040,2022-09-04,0,TBA,NYA,1,2,STP01,armss001,montf001
2022,ANA202209050,2022-09-05,0,ANA,DET,10,0,ANA01,suarj001,alext001
2022,BAL202209051,2022-09-05,1,BAL,TOR,3,7,BAL12,baumm001,gausk001
2022,BAL202209052,2022-09-05,2,BAL,TOR,4,8,BAL12,akink001,berrj001
2022,COL202209050,2022-09-05,0,COL,MIL,4,6,DEN02,feltr001,housa001
2022,HOU202209050,2022-09-05,0,HOU,TEX,1,0,HOU03,browh001,perem004
2022,KCA202209050,2022-09-05,0,KCA,CLE,5,6,KAN06,singb001,mcket001
2022,LAN202209050,2022-09-05,0,LAN,SFN,4,7,LOS03,heana001,webbl001
2022,NYA202209050,2022-09-05,0,NYA,MIN,5,2,NYC21,tailj001,archc001
2022,SDN202209050,2022-09-05,0,SDN,ARI,0,5,SAN02,snelb001,nelsr003
2022,SEA202209050,2022-09-05,0,SEA,CHA,2,3,SEA03,gonzm005,lynnl001
2022,SLN202209050,2022-09-05,0,SLN,WAS,0,6,STL10,flahj002,sanca004
2022,TBA202209050,2022-09-05,0,TBA,BOS,4,3,STP01,patil001,wachm001
2022,ANA202209060,2022-09-06,0,ANA,DET,5,4,ANA01,mayem001,rodre004
2022,BAL202209060,2022-09-06,0,BAL,TOR,9,6,BAL12,bradk001,whitm004
2022,CHN202209060,2022-09-06,0,CHN,CIN,9,3,CHI11,milew001,dunnj002
2022,COL202209060,2022-09-06,0,COL,MIL,10,7,DEN02,kuhlc001,woodb005
2022,HOU202209060,2022-09-06,0,HOU,TEX,3,4,HOU03,valdf001,ottog001
2022,KCA202209060,2022-09-06,0,KCA,CLE,1,4,KAN06,bubik001,biebs001
2022,LAN202209060,2022-09-06,0,LAN,SFN,6,3,LOS03,andet002,brebj001
2022,OAK202209060,2022-09-06,0,OAK,ATL,9,10,OAK01,irvic001,wrigk001
2022,PHI202209060,2022-09-06,0,PHI,MIA,3,2,PHI13,nolaa001,luzaj001
2022,PIT202209060,2022-09-06,0,PIT,NYN,8,2,PIT08,kellm003,walkt004
2022,SDN202209060,2022-09-06,0,SDN,ARI,6,5,SAN02,musgj001,kellm002
2022,SEA202209060,2022-09-06,0,SEA,CHA,3,0,SEA03,gilbl002,cuetj001
2022,SLN202209060,2022-09-06,0,SLN,WAS,4,1,STL10,quinj001,espip001
2022,TBA202209060,2022-09-06,0,TBA,BOS,8,4,STP01,charj001,hillr001
2022,ANA202209070,2022-09-07,0,ANA,DET,4,5,ANA01,sandp002,hutcd001
2022,BAL202209070,2022-09-07,0,BAL,TOR,1,4,BAL12,wellt003,manoa001
2022,CHN202209070,2022-09-07,0,CHN,CIN,1,7,CHI11,assaj001,minom001
2022,COL202209070,2022-09-07,0,COL,MIL,8,4,DEN02,freek001,lauee001
2022,HOU202209070,2022-09-07,0,HOU,TEX,4,3,HOU03,javic001,ragac001
2022,KCA202209070,2022-09-07,0,KCA,CLE,2,1,KAN06,greiz001,morrc001
2022,LAN202209070,2022-09-07,0,LAN,SFN,7,3,LOS03,kersc001,cobba001
2022,NYA202209071,2022-09-07,1,NYA,MIN,5,4,NYC21,germd001,varll001
2022,NYA202209072,2022-09-07,2,NYA,MIN,7,1,NYC21,coleg001,ryanj002
2022,OAK202209070,2022-09-07,0,OAK,ATL,3,7,OAK01,waldk003,stris002
2022,PHI202209070,2022-09-07,0,PHI,MIA,4,3,PHI13,faltb001,roget003
2022,PIT202209071,2022-09-07,1,PIT,NYN,1,5,PIT08,unded001,bassc001
2022,PIT202209072,2022-09-07,2,PIT,NYN,0,10,PIT08,oviej001,degrj001
2022,SDN202209070,2022-09-07,0,SDN,ARI,6,3,SAN02,darvy001,henrt001
2022,SEA202209070,2022-09-07,0,SEA,CHA,6,9,SEA03,castl003,kopem001
2022,SLN202209070,2022-09-07,0,SLN,WAS,6,5,STL10,montj004,abboc001
2022,TBA202209070,2022-09-07,0,TBA,BOS,1,0,STP01,sprij001,piven001
2022,CHN202209080,2022-09-08,0,CHN,CIN,3,4,CHI11,sampa001,cessl001
2022,MIL202209081,2022-09-08,1,MIL,SFN,2,1,MIL06,burnc002,alexs001
2022,MIL202209082,2022-09-08,2,MIL,SFN,4,2,MIL06,peraf001,youna002
2022,NYA202209080,2022-09-08,0,NYA,MIN,3,4,NYC21,cortn001,grays001
2022,OAK202209080,2022-09-08,0,OAK,CHA,2,14,OAK01,searj001,ceasd001
2022,PHI202209080,2022-09-08,0,PHI,MIA,5,6,PHI13,gibsk002,alcas001
2022,SLN202209080,2022-09-08,0,SLN,WAS,6,11,STL10,waina001,grayj004
2022,BAL202209090,2022-09-09,0,BAL,BOS,3,2,BAL12,votha001,bellb002
2022,CHN202209090,2022-09-09,0,CHN,SFN,4,2,CHI11,smyld001,rodoc001
2022,COL202209090,2022-09-09,0,COL,ARI,13,10,DEN02,marqg001,daviz001
2022,HOU202209090,2022-09-09,0,HOU,ANA,4,3,HOU03,mccul002,lorem002
2022,KCA202209090,2022-09-09,0,KCA,DET,2,10,KAN06,lyncd001,wentj001
2022,MIA202209090,2022-09-09,0,MIA,NYN,6,3,MIA02,cabre003,peted003
2022,MIL202209090,2022-09-09,0,MIL,CIN,2,8,MIL06,alexj001,lodon001
2022,MIN202209090,2022-09-09,0,MIN,CLE,6,7,MIN04,bundd001,quanc001
2022,NYA202209090,2022-09-09,0,NYA,TBA,2,4,NYC21,montf001,rasmd002
2022,OAK202209090,2022-09-09,0,OAK,CHA,3,5,OAK01,pruia001,gioll001
2022,PHI202209090,2022-09-09,0,PHI,WAS,5,3,PHI13,syndn001,corbp001
2022,PIT202209090,2022-09-09,0,PIT,SLN,8,2,PIT08,contr001,mikom001
2022,SDN202209090,2022-09-09,0,SDN,LAN,5,4,SAN02,clevm001,may-d003
2022,SEA202209090,2022-09-09,0,SEA,ATL,4,6,SEA03,ray-r002,mortc002
2022,TEX202209090,2022-09-09,0,TEX,TOR,3,4,ARL03,dunnd001,strir001
2022,BAL202209100,2022-09-10,0,BAL,BOS,4,17,BAL12,lylej001,wachm001
2022,CHN202209100,2022-09-10,0,CHN,SFN,2,5,CHI11,strom001,webbl001
2022,COL202209100,2022-09-10,0,COL,ARI,4,1,DEN02,urenj001,bumgm001
2022,HOU202209100,2022-09-10,0,HOU,ANA,1,6,HOU03,urquj001,ohtas001
2022,KCA202209100,2022-09-10,0,KCA,DET,4,8,KAN06,heasj001,mannm001
2022,MIA202209100,2022-09-10,0,MIA,NYN,3,11,MIA02,lopep002,carrc003
2022,MIL202209100,2022-09-10,0,MIL,CIN,5,1,MIL06,housa001,andec001
2022,MIN202209100,2022-09-10,0,MIN,CLE,4,6,MIN04,archc001,mcket001
2022,NYA202209100,2022-09-10,0,NYA,TBA,10,3,NYC21,tailj001,klubc001
2022,OAK202209100,2022-09-10,0,OAK,CHA,2,10,OAK01,marta006,lynnl001
2022,PHI202209100,2022-09-10,0,PHI,WAS,8,5,PHI13,suarr001,fedde001
2022,PIT202209100,2022-09-10,0,PIT,SLN,5,7,PIT08,brubj001,flahj002
2022,SDN202209100,2022-09-10,0,SDN,LAN,4,8,SAN02,snelb001,uriaj001
2022,SEA202209100,2022-09-10,0,SEA,ATL,3,1,SEA03,kirbg001,friem001
2022,TEX202209100,2022-09-10,0,TEX,TOR,7,11,ARL03,arihk001,gausk001
2022,BAL202209110,2022-09-11,0,BAL,BOS,0,1,BAL12,bradk001,hillr001
2022,CHN202209110,2022-09-11,0,CHN,SFN,2,4,CHI11,milew001,brebj001
2022,COL202209110,2022-09-11,0,COL,ARI,6,12,DEN02,feltr001,gallz001
2022,HOU202209110,2022-09-11,0,HOU,ANA,12,4,HOU03,garcl007,davit005
2022,KCA202209110,2022-09-11,0,KCA,DET,4,0,KAN06,singb001,alext001
2022,MIA202209110,2022-09-11,0,MIA,NYN,3,9,MIA02,luzaj001,walkt004
2022,MIL202209110,2022-09-11,0,MIL,CIN,7,6,MIL06,woodb005,dunnj002
2022,MIN202209110,2022-09-11,0,MIN,CLE,1,4,MIN04,windj002,biebs001
2022,NYA202209110,2022-09-11,0,NYA,TBA,10,4,NYC21,germd001,patil001
2022,OAK202209110,2022-09-11,0,OAK,CHA,10,3,OAK01,irvic001,cuetj001
2022,PHI202209110,2022-09-11,0,PHI,WAS,7,5,PHI13,nolaa001,sanca004
2022,PIT202209110,2022-09-11,0,PIT,SLN,3,4,PIT08,kellm003,quinj001
2022,SDN202209110,2022-09-11,0,SDN,LAN,2,11,SAN02,musgj001,heana001
2022,SEA202209110,2022-09-11,0,SEA,ATL,8,7,SEA03,gonzm005,odorj001
2022,TEX202209110,2022-09-11,0,TEX,TOR,4,1,ARL03,perem004,richt001
2022,ARI202209120,2022-09-12,0,ARI,LAN,0,6,PHO01,nelsr003,andet002
2022,CIN202209120,2022-09-12,0,CIN,PIT,3,6,CIN09,minom001,wilsb003
2022,CLE202209120,2022-09-12,0,CLE,ANA,5,4,CLE08,pilkk001,detmr001
2022,DET202209120,2022-09-12,0,DET,HOU,0,7,DET05,rodre004,valdf001
2022,MIA202209121,2022-09-12,1,MIA,TEX,2,3,MIA02,roget003,ottog001
2022,MIA202209122,2022-09-12,2,MIA,TEX,10,6,MIA02,garrb001,grayj003
2022,NYN202209120,2022-09-12,0,NYN,CHN,2,5,NYC20,bassc001,assaj001
2022,SFN202209120,2022-09-12,0,SFN,ATL,3,2,SFO03,cobba001,stris002
2022,TOR202209120,2022-09-12,0,TOR,TBA,3,2,TOR02,berrj001,crisc002
2022,ARI202209130,2022-09-13,0,ARI,LAN,0,4,PHO01,kellm002,kersc001
2022,BOS202209130,2022-09-13,0,BOS,NYA,6,7,BOS07,piven001,coleg001
2022,CHA202209130,2022-09-13,0,CHA,COL,4,2,CHI12,kopem001,kuhlc001
2022,CIN202209131,2022-09-13,1,CIN,PIT,1,6,CIN09,cessl001,oviej001
2022,CIN202209132,2022-09-13,2,CIN,PIT,0,1,CIN09,cruzf002,ortil003
2022,CLE202209130,2022-09-13,0,CLE,ANA,3,1,CLE08,morrc001,suarj001
2022,DET202209130,2022-09-13,0,DET,HOU,3,6,DET05,hutcd001,browh001
2022,MIA202209130,2022-09-13,0,MIA,PHI,1,2,MIA02,alcas001,faltb001
2022,MIN202209130,2022-09-13,0,MIN,KCA,6,3,MIN04,ryanj002,bubik001
2022,NYN202209130,2022-09-13,0,NYN,CHN,1,4,NYC20,degrj001,sampa001
2022,SEA202209130,2022-09-13,0,SEA,SDN,0,2,SEA03,gilbl002,darvy001
2022,SFN202209130,2022-09-13,0,SFN,ATL,1,5,SFO03,junij001,wrigk001
2022,SLN202209130,2022-09-13,0,SLN,MIL,4,8,STL10,montj004,bushm001
2022,TEX202209130,2022-09-13,0,TEX,OAK,8,7,ARL03,ragac001,waldk003
2022,TOR202209131,2022-09-13,1,TOR,TBA,2,4,TOR02,merrj001,sprij001
2022,TOR202209132,2022-09-13,2,TOR,TBA,7,2,TOR02,manoa001,chiry001
2022,WAS202209130,2022-09-13,0,WAS,BAL,3,4,WAS11,abboc001,kremd001
2022,ARI202209140,2022-09-14,0,ARI,LAN,5,3,PHO01,daviz001,grovm001
2022,BOS202209140,2022-09-14,0,BOS,NYA,3,5,BOS07,bellb002,cortn001
2022,CHA202209140,2022-09-14,0,CHA,COL,0,3,CHI12,ceasd001,freek001
2022,CIN202209140,2022-09-14,0,CIN,PIT,4,10,CIN09,lodon001,contr001
2022,CLE202209140,2022-09-14,0,CLE,ANA,5,3,CLE08,quanc001,sandp002
2022,DET202209140,2022-09-14,0,DET,HOU,1,2,DET05,wentj001,javic001
2022,MIA202209140,2022-09-14,0,MIA,PHI,1,6,MIA02,cabre003,gibsk002
2022,MIN202209140,2022-09-14,0,MIN,KCA,4,0,MIN04,grays001,greiz001
2022,NYN202209140,2022-09-14,0,NYN,CHN,3,6,NYC20,peted003,smyld001
2022,SEA202209140,2022-09-14,0,SEA,SDN,6,1,SEA03,castl003,clevm001
2022,SFN202209140,2022-09-14,0,SFN,ATL,4,1,SFO03,rodoc001,mortc002
2022,SLN202209140,2022-09-14,0,SLN,MIL,4,1,STL10,waina001,burnc002
2022,TEX202209140,2022-09-14,0,TEX,OAK,7,8,ARL03,dunnd001,searj001
2022,TOR202209140,2022-09-14,0,TOR,TBA,5,1,TOR02,strir001,rasmd002
2022,WAS202209140,2022-09-14,0,WAS,BAL,2,6,WAS11,corbp001,wellt003
2022,ARI202209150,2022-09-15,0,ARI,SDN,4,0,PHO01,jamed003,manas001
2022,CLE202209150,2022-09-15,0,CLE,CHA,2,8,CLE08,gaddh001,lynnl001
2022,HOU202209150,2022-09-15,0,HOU,OAK,5,2,HOU03,mccul002,kaprj001
2022,MIA202209150,2022-09-15,0,MIA,PHI,5,3,MIA02,lopep002,syndn001
2022,MIN202209150,2022-09-15,0,MIN,KCA,3,2,MIN04,bundd001,lyncd001
2022,NYN202209150,2022-09-15,0,NYN,PIT,7,1,NYC20,carrc003,brubj001
2022,SLN202209150,2022-09-15,0,SLN,CIN,2,3,STL10,mikom001,andec001
2022,TOR202209150,2022-09-15,0,TOR,TBA,0,11,TOR02,gausk001,mccls003
2022,ANA202209160,2022-09-16,0,ANA,SEA,8,7,ANA01,lorem002,ray-r002
2022,ARI202209160,2022-09-16,0,ARI,SDN,3,12,PHO01,bumgm001,snelb001
2022,ATL202209160,2022-09-16,0,ATL,PHI,7,2,ATL03,friem001,suarr001
2022,BOS202209160,2022-09-16,0,BOS,KCA,2,1,BOS07,wachm001,heasj001
2022,CHN202209160,2022-09-16,0,CHN,COL,2,1,CHI11,strom001,marqg001
2022,CLE202209160,2022-09-16,0,CLE,MIN,4,3,CLE08,mcket001,oberb002
2022,DET202209160,2022-09-16,0,DET,CHA,3,2,DET05,mannm001,gioll001
2022,HOU202209160,2022-09-16,0,HOU,OAK,5,0,HOU03,verlj001,marta006
2022,MIL202209160,2022-09-16,0,MIL,NYA,7,6,MIL06,housa001,montf001
2022,NYN202209160,2022-09-16,0,NYN,PIT,4,3,NYC20,walkt004,kellm003
2022,SFN202209160,2022-09-16,0,SFN,LAN,0,5,SFO03,webbl001,may-d003
2022,SLN202209160,2022-09-16,0,SLN,CIN,6,5,STL10,flahj002,cruzf002
2022,TBA202209160,2022-09-16,0,TBA,TEX,3,4,STP01,klubc001,perem004
2022,TOR202209160,2022-09-16,0,TOR,BAL,6,3,TOR02,richt001,lylej001
2022,WAS202209160,2022-09-16,0,WAS,MIA,5,4,WAS11,grayj004,luzaj001
2022,ANA202209170,2022-09-17,0,ANA,SEA,2,1,ANA01,ohtas001,kirbg001
2022,ARI202209170,2022-09-17,0,ARI,SDN,0,2,PHO01,gallz001,musgj001
2022,ATL202209170,2022-09-17,0,ATL,PHI,4,3,ATL03,odorj001,nolaa001
2022,BOS202209170,2022-09-17,0,BOS,KCA,0,9,BOS07,hillr001,singb001
2022,CHN202209170,2022-09-17,0,CHN,COL,1,3,CHI11,wesnh001,urenj001
2022,CLE202209171,2022-09-17,1,CLE,MIN,5,1,CLE08,biebs001,varll001
2022,CLE202209172,2022-09-17,2,CLE,MIN,7,6,CLE08,pilkk001,windj002
2022,DET202209170,2022-09-17,0,DET,CHA,3,4,DET05,rodre004,martd006
2022,HOU202209170,2022-09-17,0,HOU,OAK,5,8,HOU03,urquj001,irvic001
2022,MIL202209170,2022-09-17,0,MIL,NYA,4,1,MIL06,woodb005,tailj001
2022,NYN202209170,2022-09-17,0,NYN,PIT,5,1,NYC20,bassc001,wilsb003
2022,SFN202209170,2022-09-17,0,SFN,LAN,2,7,SFO03,brebj001,uriaj001
2022,SLN202209171,2022-09-17,1,SLN,CIN,5,1,STL10,hudsd002,minom001
2022,SLN202209172,2022-09-17,2,SLN,CIN,1,0,STL10,quinj001,greeh001
2022,TBA202209170,2022-09-17,0,TBA,TEX,5,1,STP01,armss001,grayj003
2022,TOR202209170,2022-09-17,0,TOR,BAL,6,3,TOR02,berrj001,bradk001
2022,WAS202209170,2022-09-17,0,WAS,MIA,5,3,WAS11,fedde001,roget003
2022,ANA202209180,2022-09-18,0,ANA,SEA,5,1,ANA01,detmr001,gonzm005
2022,ARI202209180,2022-09-18,0,ARI,SDN,1,6,PHO01,nelsr003,darvy001
2022,ATL202209180,2022-09-18,0,ATL,PHI,5,2,ATL03,stris002,faltb001
2022,BOS202209180,2022-09-18,0,BOS,KCA,13,3,BOS07,piven001,bubik001
2022,CHN202209180,2022-09-18,0,CHN,COL,3,4,CHI11,assaj001,feltr001
2022,CLE202209180,2022-09-18,0,CLE,MIN,0,3,CLE08,morrc001,ryanj002
2022,DET202209180,2022-09-18,0,DET,CHA,5,11,DET05,hutcd001,velav001
2022,HOU202209180,2022-09-18,0,HOU,OAK,11,2,HOU03,valdf001,waldk003
2022,MIL202209180,2022-09-18,0,MIL,NYA,8,12,MIL06,alexj001,coleg001
2022,NYN202209180,2022-09-18,0,NYN,PIT,7,3,NYC20,degrj001,oviej001
2022,SFN202209180,2022-09-18,0,SFN,LAN,3,4,SFO03,cobba001,heana001
2022,SLN202209180,2022-09-18,0,SLN,CIN,0,3,STL10,montj004,cessl001
2022,TBA202209180,2022-09-18,0,TBA,TEX,5,3,STP01,sprij001,ottog001
2022,TOR202209180,2022-09-18,0,TOR,BAL,4,5,TOR02,manoa001,kremd001
2022,WAS202209180,2022-09-18,0,WAS,MIA,1,3,WAS11,sanca004,alcas001
2022,ANA202209190,2022-09-19,0,ANA,SEA,1,9,ANA01,suarj001,gilbl002
2022,ATL202209190,2022-09-19,0,ATL,WAS,5,2,ATL03,wrigk001,abboc001
2022,BAL202209190,2022-09-19,0,BAL,DET,0,11,BAL12,wellt003,alext001
2022,CLE202209190,2022-09-19,0,CLE,MIN,11,4,CLE08,quanc001,grays001
2022,COL202209190,2022-09-19,0,COL,SFN,7,10,DEN02,kuhlc001,junij001
2022,LAN202209190,2022-09-19,0,LAN,ARI,5,2,LOS03,kersc001,kellm002
2022,MIA202209190,2022-09-19,0,MIA,CHN,10,3,MIA02,cabre003,milew001
2022,MIL202209190,2022-09-19,0,MIL,NYN,2,7,MIL06,burnc002,schem001
2022,TBA202209190,2022-09-19,0,TBA,HOU,0,4,STP01,rasmd002,garcl007
2022,ATL202209200,2022-09-20,0,ATL,WAS,3,2,ATL03,mortc002,corbp001
2022,BAL202209200,2022-09-20,0,BAL,DET,2,3,BAL12,votha001,wentj001
2022,CHA202209200,2022-09-20,0,CHA,CLE,7,10,CHI12,ceasd001,civaa001
2022,CIN202209200,2022-09-20,0,CIN,BOS,3,5,CIN09,lodon001,bellb002
2022,COL202209200,2022-09-20,0,COL,SFN,3,6,DEN02,freek001,brebj001
2022,KCA202209200,2022-09-20,0,KCA,MIN,5,4,KAN06,greiz001,bundd001
2022,LAN202209201,2022-09-20,1,LAN,ARI,6,5,LOS03,grovm001,daviz001
2022,LAN202209202,2022-09-20,2,LAN,ARI,2,5,LOS03,andet002,jamed003
2022,MIA202209200,2022-09-20,0,MIA,CHN,1,2,MIA02,lopep002,sampa001
2022,MIL202209200,2022-09-20,0,MIL,NYN,5,7,MIL06,ashba003,carrc003
2022,NYA202209200,2022-09-20,0,NYA,PIT,9,8,NYC21,cortn001,ortil003
2022,OAK202209200,2022-09-20,0,OAK,SEA,4,1,OAK01,searj001,castl003
2022,PHI202209200,2022-09-20,0,PHI,TOR,11,18,PHI13,gibsk002,strir001
2022,SDN202209200,2022-09-20,0,SDN,SLN,5,0,SAN02,clevm001,waina001
2022,TBA202209200,2022-09-20,0,TBA,HOU,0,5,STP01,mccls003,javic001
2022,TEX202209200,2022-09-20,0,TEX,ANA,2,5,ARL03,ragac001,sandp002
2022,ATL202209210,2022-09-21,0,ATL,WAS,2,3,ATL03,eldeb001,espip001
2022,BAL202209210,2022-09-21,0,BAL,DET,8,1,BAL12,lylej001,mannm001
2022,CHA202209210,2022-09-21,0,CHA,CLE,2,8,CHI12,lynnl001,mcket001
2022,CIN202209210,2022-09-21,0,CIN,BOS,5,1,CIN09,andec001,seabc001
2022,COL202209210,2022-09-21,0,COL,SFN,1,6,DEN02,marqg001,webbl001
2022,KCA202209210,2022-09-21,0,KCA,MIN,5,2,KAN06,lyncd001,oberb002
2022,LAN202209210,2022-09-21,0,LAN,ARI,1,6,LOS03,may-d003,bumgm001
2022,MIA202209210,2022-09-21,0,MIA,CHN,3,4,MIA02,luzaj001,strom001
2022,MIL202209210,2022-09-21,0,MIL,NYN,6,0,MIL06,housa001,walkt004
2022,NYA202209210,2022-09-21,0,NYA,PIT,14,2,NYC21,sevel001,contr001
2022,OAK202209210,2022-09-21,0,OAK,SEA,2,1,OAK01,kaprj001,ray-r002
2022,PHI202209210,2022-09-21,0,PHI,TOR,4,3,PHI13,wheez001,gausk001
2022,SDN202209210,2022-09-21,0,SDN,SLN,1,0,SAN02,snelb001,mikom001
2022,TBA202209210,2022-09-21,0,TBA,HOU,2,5,STP01,klubc001,mccul002
2022,TEX202209210,2022-09-21,0,TEX,ANA,7,2,ARL03,dunnd001,davit005
2022,BAL202209220,2022-09-22,0,BAL,HOU,2,0,BAL12,bradk001,verlj001
2022,CHA202209220,2022-09-22,0,CHA,CLE,2,4,CHI12,cuetj001,biebs001
2022,CIN202209220,2022-09-22,0,CIN,MIL,1,5,CIN09,greeh001,woodb005
2022,COL202209220,2022-09-22,0,COL,SFN,0,3,DEN02,urenj001,brebj001
2022,KCA202209220,2022-09-22,0,KCA,MIN,4,1,KAN06,heasj001,windj002
2022,LAN202209220,2022-09-22,0,LAN,ARI,3,2,LOS03,uriaj001,gallz001
2022,NYA202209220,2022-09-22,0,NYA,BOS,5,4,NYC21,tailj001,wachm001
2022,OAK202209220,2022-09-22,0,OAK,SEA,5,9,OAK01,marta006,kirbg001
2022,PHI202209220,2022-09-22,0,PHI,ATL,1,0,PHI13,suarr001,friem001
2022,PIT202209220,2022-09-22,0,PIT,CHN,2,3,PIT08,kellm003,wesnh001
2022,SDN202209220,2022-09-22,0,SDN,SLN,4,5,SAN02,musgj001,flahj002
2022,TBA202209220,2022-09-22,0,TBA,TOR,10,5,STP01,charj001,berrj001
2022,TEX202209220,2022-09-22,0,TEX,ANA,5,3,ARL03,perem004,lorem002
2022,ARI202209230,2022-09-23,0,ARI,SFN,5,6,PHO01,henrt001,rodoc001
2022,BAL202209230,2022-09-23,0,BAL,HOU,6,0,BAL12,kremd001,urquj001
2022,CHA202209230,2022-09-23,0,CHA,DET,3,5,CHI12,gioll001,rodre004
2022,CIN202209230,2022-09-23,0,CIN,MIL,3,5,CIN09,cessl001,lauee001
2022,COL202209230,2022-09-23,0,COL,SDN,4,3,DEN02,feltr001,manas001
2022,KCA202209230,2022-09-23,0,KCA,SEA,5,1,KAN06,singb001,gonzm005
2022,LAN202209230,2022-09-23,0,LAN,SLN,0,11,LOS03,heana001,quinj001
2022,MIA202209230,2022-09-23,0,MIA,WAS,5,2,MIA02,garrb001,grayj004
2022,MIN202209230,2022-09-23,0,MIN,ANA,2,4,MIN04,varll001,ohtas001
2022,NYA202209230,2022-09-23,0,NYA,BOS,5,4,NYC21,coleg001,hillr001
2022,OAK202209230,2022-09-23,0,OAK,NYN,2,9,OAK01,irvic001,bassc001
2022,PHI202209230,2022-09-23,0,PHI,ATL,9,1,PHI13,nolaa001,odorj001
2022,PIT202209230,2022-09-23,0,PIT,CHN,5,6,PIT08,wilsb003,assaj001
2022,TBA202209230,2022-09-23,0,TBA,TOR,10,6,STP01,sprij001,whitm004
2022,TEX202209230,2022-09-23,0,TEX,CLE,3,6,ARL03,grayj003,morrc001
2022,ARI202209240,2022-09-24,0,ARI,SFN,5,2,PHO01,kellm002,cobba001
2022,BAL202209240,2022-09-24,0,BAL,HOU,10,11,BAL12,baumm001,valdf001
2022,CHA202209240,2022-09-24,0,CHA,DET,2,7,CHI12,martd006,hutcd001
2022,CIN202209240,2022-09-24,0,CIN,MIL,2,10,CIN09,ashcg001,burnc002
2022,COL202209240,2022-09-24,0,COL,SDN,3,9,DEN02,kuhlc001,darvy001
2022,KCA202209240,2022-09-24,0,KCA,SEA,5,6,KAN06,bubik001,gilbl002
2022,LAN202209240,2022-09-24,0,LAN,SLN,6,2,LOS03,kersc001,montj004
2022,MIA202209240,2022-09-24,0,MIA,WAS,4,1,MIA02,alcas001,fedde001
2022,MIN202209240,2022-09-24,0,MIN,ANA,8,4,MIN04,ryanj002,detmr001
2022,NYA202209240,2022-09-24,0,NYA,BOS,7,5,NYC21,germd001,piven001
2022,OAK202209240,2022-09-24,0,OAK,NYN,10,4,OAK01,waldk003,degrj001
2022,PHI202209240,2022-09-24,0,PHI,ATL,3,6,PHI13,faltb001,wrigk001
2022,PIT202209240,2022-09-24,0,PIT,CHN,6,0,PIT08,oviej001,milew001
2022,TBA202209240,2022-09-24,0,TBA,TOR,1,3,STP01,rasmd002,manoa001
2022,TEX202209240,2022-09-24,0,TEX,CLE,2,4,ARL03,ottog001,quanc001
2022,ARI202209250,2022-09-25,0,ARI,SFN,2,3,PHO01,jamed003,alexs001
2022,BAL202209250,2022-09-25,0,BAL,HOU,3,6,BAL12,votha001,javic001
2022,CHA202209250,2022-09-25,0,CHA,DET,1,4,CHI12,ceasd001,alext001
2022,CIN202209250,2022-09-25,0,CIN,MIL,2,1,CIN09,lodon001,peraf001
2022,COL202209250,2022-09-25,0,COL,SDN,6,13,DEN02,freek001,clevm001
2022,KCA202209250,2022-09-25,0,KCA,SEA,13,12,KAN06,castm003,castl003
2022,LAN202209250,2022-09-25,0,LAN,SLN,4,1,LOS03,grovm001,waina001
2022,MIA202209250,2022-09-25,0,MIA,WAS,1,6,MIA02,cabre003,sanca004
2022,MIN202209250,2022-09-25,0,MIN,ANA,3,10,MIN04,bundd001,suarj001
2022,NYA202209250,2022-09-25,0,NYA,BOS,2,0,NYC21,cortn001,bellb002
2022,OAK202209250,2022-09-25,0,OAK,NYN,4,13,OAK01,searj001,schem001
2022,PHI202209250,2022-09-25,0,PHI,ATL,7,8,PHI13,gibsk002,mortc002
2022,PIT202209250,2022-09-25,0,PIT,CHN,3,8,PIT08,ortil003,sampa001
2022,TBA202209250,2022-09-25,0,TBA,TOR,1,7,STP01,mccls003,strir001
2022,TEX202209250,2022-09-25,0,TEX,CLE,4,10,ARL03,ragac001,civaa001
2022,BOS202209260,2022-09-26,0,BOS,BAL,8,14,BOS07,seabc001,lylej001
2022,PIT202209260,2022-09-26,0,PIT,CIN,8,3,PIT08,contr001,andec001
2022,TOR202209260,2022-09-26,0,TOR,NYA,3,2,TOR02,gausk001,sevel001
2022,WAS202209260,2022-09-26,0,WAS,ATL,0,8,WAS11,abboc001,eldeb001
2022,ANA202209270,2022-09-27,0,ANA,OAK,4,3,ANA01,sandp002,kaprj001
2022,BOS202209270,2022-09-27,0,BOS,BAL,13,9,BOS07,wachm001,bradk001
2022,CHN202209270,2022-09-27,0,CHN,PHI,2,1,CHI11,strom001,wheez001
2022,CLE202209270,2022-09-27,0,CLE,TBA,5,6,CLE08,biebs001,klubc001
2022,DET202209270,2022-09-27,0,DET,KCA,4,3,DET05,wentj001,greiz001
2022,HOU202209270,2022-09-27,0,HOU,ARI,10,2,HOU03,garcl007,daviz001
2022,MIL202209270,2022-09-27,0,MIL,SLN,2,6,MIL06,housa001,mikom001
2022,MIN202209270,2022-09-27,0,MIN,CHA,4,0,MIN04,oberb002,lynnl001
2022,NYN202209270,2022-09-27,0,NYN,MIA,4,6,NYC20,carrc003,lopep002
2022,PIT202209270,2022-09-27,0,PIT,CIN,4,1,PIT08,kellm003,greeh001
2022,SDN202209270,2022-09-27,0,SDN,LAN,4,3,SAN02,snelb001,andet002
2022,SEA202209270,2022-09-27,0,SEA,TEX,0,5,SEA03,ray-r002,tinoj001
2022,SFN202209270,2022-09-27,0,SFN,COL,5,2,SFO03,webbl001,marqg001
2022,TOR202209270,2022-09-27,0,TOR,NYA,2,5,TOR02,berrj001,tailj001
2022,WAS202209270,2022-09-27,0,WAS,ATL,2,8,WAS11,espip001,mullk001
2022,ANA202209280,2022-09-28,0,ANA,OAK,4,1,ANA01,lorem002,marta006
2022,BOS202209280,2022-09-28,0,BOS,BAL,3,1,BOS07,hillr001,kremd001
2022,CHN202209280,2022-09-28,0,CHN,PHI,4,2,CHI11,wesnh001,nolaa001
2022,CLE202209280,2022-09-28,0,CLE,TBA,2,1,CLE08,mcket001,glast001
2022,DET202209280,2022-09-28,0,DET,KCA,2,1,DET05,mannm001,lyncd001
2022,HOU202209280,2022-09-28,0,HOU,ARI,2,5,HOU03,verlj001,gallz001
2022,MIL202209280,2022-09-28,0,MIL,SLN,5,1,MIL06,woodb005,quinj001
2022,MIN202209280,2022-09-28,0,MIN,CHA,8,4,MIN04,windj002,cuetj001
2022,NYN202209280,2022-09-28,0,NYN,MIA,5,4,NYC20,walkt004,luzaj001
2022,PIT202209280,2022-09-28,0,PIT,CIN,4,3,PIT08,wilsb003,cessl001
2022,SDN202209280,2022-09-28,0,SDN,LAN,0,1,SAN02,musgj001,uriaj001
2022,SEA202209280,2022-09-28,0,SEA,TEX,3,1,SEA03,kirbg001,perem004
2022,SFN202209280,2022-09-28,0,SFN,COL,6,3,SFO03,brebj001,urenj001
2022,TOR202209280,2022-09-28,0,TOR,NYA,3,8,TOR02,whitm004,coleg001
2022,WAS202209280,2022-09-28,0,WAS,ATL,3,2,WAS11,grayj004,odorj001
2022,ANA202209290,2022-09-29,0,ANA,OAK,4,2,ANA01,ohtas001,irvic001
2022,BOS202209290,2022-09-29,0,BOS,BAL,5,3,BOS07,eovan001,baumm001
2022,CHN202209290,2022-09-29,0,CHN,PHI,2,0,CHI11,assaj001,suarr001
2022,CLE202209290,2022-09-29,0,CLE,TBA,2,1,CLE08,quanc001,sprij001
2022,DET202209290,2022-09-29,0,DET,KCA,10,3,DET05,rodre004,heasj001
2022,MIL202209290,2022-09-29,0,MIL,MIA,2,4,MIL06,lauee001,garrb001
2022,MIN202209290,2022-09-29,0,MIN,CHA,3,4,MIN04,varll001,gioll001
2022,SDN202209290,2022-09-29,0,SDN,LAN,2,5,SAN02,wilss002,gratb002
2022,SEA202209290,2022-09-29,0,SEA,TEX,10,9,SEA03,gonzm005,grayj003
2022,SFN202209290,2022-09-29,0,SFN,COL,6,4,SFO03,rodoc001,feltr001
2022,ANA202209300,2022-09-30,0,ANA,TEX,4,1,ANA01,detmr001,ottog001
2022,ATL202209300,2022-09-30,0,ATL,NYN,5,2,ATL03,friem001,degrj001
2022,CHN202209300,2022-09-30,0,CHN,CIN,6,1,CHI11,sampa001,ashcg001
2022,CLE202209300,2022-09-30,0,CLE,KCA,6,3,CLE08,civaa001,singb001
2022,DET202209300,2022-09-30,0,DET,MIN,0,7,DET05,alext001,ryanj002
2022,HOU202209300,2022-09-30,0,HOU,TBA,3,7,HOU03,valdf001,rasmd002
2022,LAN202209300,2022-09-30,0,LAN,COL,10,1,LOS03,kersc001,kuhlc001
2022,MIL202209300,2022-09-30,0,MIL,MIA,1,0,MIL06,burnc002,alcas001
2022,NYA202209300,2022-09-30,0,NYA,BAL,1,2,NYC21,germd001,lylej001
2022,SDN202209300,2022-09-30,0,SDN,CHA,1,3,SAN02,darvy001,martd006
2022,SEA202209300,2022-09-30,0,SEA,OAK,2,1,SEA03,gilbl002,waldk003
2022,SFN202209300,2022-09-30,0,SFN,ARI,10,4,SFO03,cobba001,kellm002
2022,SLN202209300,2022-09-30,0,SLN,PIT,2,1,STL10,flahj002,oviej001
2022,TOR202209300,2022-09-30,0,TOR,BOS,9,0,TOR02,manoa001,piven001
2022,WAS202209300,2022-09-30,0,WAS,PHI,1,5,WAS11,fedde001,faltb001
2022,ANA202210010,2022-10-01,0,ANA,TEX,3,2,ANA01,suarj001,ragac001
2022,ATL202210010,2022-10-01,0,ATL,NYN,4,2,ATL03,wrigk001,schem001
2022,CHN202210010,2022-10-01,0,CHN,CIN,2,1,CHI11,smyld001,lodon001
2022,CLE202210010,2022-10-01,0,CLE,KCA,1,7,CLE08,plesz001,bubik001
2022,DET202210010,2022-10-01,0,DET,MIN,3,2,DET05,hutcd001,bundd001
2022,HOU202210010,2022-10-01,0,HOU,TBA,2,1,HOU03,javic001,mccls003
2022,LAN202210010,2022-10-01,0,LAN,COL,6,4,LOS03,grovm001,freek001
2022,MIL202210010,2022-10-01,0,MIL,MIA,3,4,MIL06,ashba003,cabre003
2022,NYA202210010,2022-10-01,0,NYA,BAL,8,0,NYC21,cortn001,votha001
2022,SDN202210010,2022-10-01,0,SDN,CHA,5,2,SAN02,clevm001,ceasd001
2022,SEA202210010,2022-10-01,0,SEA,OAK,5,1,SEA03,castl003,ollea001
2022,SFN202210010,2022-10-01,0,SFN,ARI,4,8,SFO03,alexs001,jamed003
2022,SLN202210010,2022-10-01,0,SLN,PIT,13,3,STL10,montj004,ortil003
2022,TOR202210010,2022-10-01,0,TOR,BOS,10,0,TOR02,strir001,bellb002
2022,WAS202210011,2022-10-01,1,WAS,PHI,13,4,WAS11,sanca004,gibsk002
2022,WAS202210012,2022-10-01,2,WAS,PHI,2,8,WAS11,romet001,syndn001
2022,ANA202210020,2022-10-02,0,ANA,TEX,8,3,ANA01,davit005,millt003
2022,ATL202210020,2022-10-02,0,ATL,NYN,5,3,ATL03,mortc002,bassc001
2022,CHN202210020,2022-10-02,0,CHN,CIN,8,1,CHI11,strom001,andec001
2022,CLE202210020,2022-10-02,0,CLE,KCA,7,5,CLE08,biebs001,castm003
2022,DET202210020,2022-10-02,0,DET,MIN,5,2,DET05,wentj001,woods002
2022,HOU202210020,2022-10-02,0,HOU,TBA,3,1,HOU03,garcl007,klubc001
2022,LAN202210020,2022-10-02,0,LAN,COL,1,4,LOS03,andet002,marqg001
2022,MIL202210020,2022-10-02,0,MIL,MIA,3,4,MIL06,peraf001,lopep002
2022,NYA202210020,2022-10-02,0,NYA,BAL,1,3,NYC21,gonzc002,bradk001
2022,SDN202210020,2022-10-02,0,SDN,CHA,1,2,SAN02,snelb001,lynnl001
2022,SEA202210020,2022-10-02,0,SEA,OAK,3,10,SEA03,ray-r002,kaprj001
2022,SFN202210020,2022-10-02,0,SFN,ARI,4,3,SFO03,alexs001,daviz001
2022,SLN202210020,2022-10-02,0,SLN,PIT,5,7,STL10,waina001,contr001
2022,TOR202210020,2022-10-02,0,TOR,BOS,6,3,TOR02,gausk001,wachm001
2022,WAS202210020,2022-10-02,0,WAS,PHI,1,8,WAS11,corbp001,wheez001
2022,BAL202210030,2022-10-03,0,BAL,TOR,1,5,BAL12,kremd001,berrj001
2022,BOS202210030,2022-10-03,0,BOS,TBA,4,3,BOS07,hillr001,glast001
2022,CHA202210030,2022-10-03,0,CHA,MIN,3,2,CHI12,cuetj001,oberb002
2022,CIN202210030,2022-10-03,0,CIN,CHN,3,1,CIN09,greeh001,wesnh001
2022,CLE202210030,2022-10-03,0,CLE,KCA,2,5,CLE08,mcket001,greiz001
2022,HOU202210030,2022-10-03,0,HOU,PHI,0,3,HOU03,mccul002,nolaa001
2022,LAN202210030,2022-10-03,0,LAN,COL,1,2,LOS03,gonst001,urenj001
2022,MIA202210030,2022-10-03,0,MIA,ATL,4,0,MIA02,luzaj001,eldeb001
2022,MIL202210030,2022-10-03,0,MIL,ARI,6,5,MIL06,woodb005,henrt001
2022,OAK202210030,2022-10-03,0,OAK,ANA,5,4,OAK01,marta006,sandp002
2022,PIT202210030,2022-10-03,0,PIT,SLN,3,2,PIT08,kellm003,quinj001
2022,SDN202210030,2022-10-03,0,SDN,SFN,7,4,SAN02,musgj001,brebj001
2022,SEA202210030,2022-10-03,0,SEA,DET,3,4,SEA03,kirbg001,garcb001
2022,TEX202210030,2022-10-03,0,TEX,NYA,1,3,ARL03,perem004,sevel001
2022,BOS202210040,2022-10-04,0,BOS,TBA,6,0,BOS07,eovan001,sprij001
2022,CHA202210040,2022-10-04,0,CHA,MIN,8,3,CHI12,gioll001,windj002
2022,CIN202210040,2022-10-04,0,CIN,CHN,3,2,CIN09,cessl001,assaj001
2022,CLE202210040,2022-10-04,0,CLE,KCA,5,3,CLE08,quanc001,lyncd001
2022,HOU202210040,2022-10-04,0,HOU,PHI,10,0,HOU03,verlj001,suarr001
2022,LAN202210040,2022-10-04,0,LAN,COL,2,5,LOS03,uriaj001,feltr001
2022,MIA202210040,2022-10-04,0,MIA,ATL,1,2,MIA02,garrb001,odorj001
2022,MIL202210040,2022-10-04,0,MIL,ARI,3,0,MIL06,lauee001,gallz001
2022,NYN202210041,2022-10-04,1,NYN,WAS,4,2,NYC20,carrc003,abboc001
2022,NYN202210042,2022-10-04,2,NYN,WAS,8,0,NYC20,walkt004,espip001
2022,OAK202210040,2022-10-04,0,OAK,ANA,2,1,OAK01,irvic001,lorem002
2022,PIT202210040,2022-10-04,0,PIT,SLN,7,8,PIT08,brubj001,hudsd002
2022,SDN202210040,2022-10-04,0,SDN,SFN,6,2,SAN02,manas001,cobba001
2022,SEA202210041,2022-10-04,1,SEA,DET,7,6,SEA03,flexc001,rodre004
2022,SEA202210042,2022-10-04,2,SEA,DET,9,6,SEA03,shefj001,vestw001
2022,TEX202210041,2022-10-04,1,TEX,NYA,4,5,ARL03,grayj003,tailj001
2022,TEX202210042,2022-10-04,2,TEX,NYA,3,2,ARL03,tinoj001,coleg001
2022,BAL202210051,2022-10-05,1,BAL,TOR,5,4,BAL12,baumm001,richt001
2022,BAL202210052,2022-10-05,2,BAL,TOR,1,5,BAL12,watks003,pheld001
2022,BOS202210050,2022-10-05,0,BOS,TBA,6,3,BOS07,piven001,flemj001
2022,CHA202210050,2022-10-05,0,CHA,MIN,1,10,CHI12,martd006,varll001
2022,CIN202210050,2022-10-05,0,CIN,CHN,2,15,CIN09,ashcg001,sampa001
2022,CLE202210050,2022-10-05,0,CLE,KCA,9,2,CLE08,civaa001,heasj001
2022,HOU202210050,2022-10-05,0,HOU,PHI,3,2,HOU03,valdf001,faltb001
2022,LAN202210050,2022-10-05,0,LAN,COL,6,1,LOS03,kersc001,gomba001
2022,MIA202210050,2022-10-05,0,MIA,ATL,12,9,MIA02,herne002,stepj002
2022,MIL202210050,2022-10-05,0,MIL,ARI,2,4,MIL06,burnc002,kellm002
2022,NYN202210050,2022-10-05,0,NYN,WAS,9,2,NYC20,givem001,fedde001
2022,OAK202210050,2022-10-05,0,OAK,ANA,3,2,OAK01,waldk003,ohtas001
2022,PIT202210050,2022-10-05,0,PIT,SLN,5,3,PIT08,oviej001,libem001
2022,SDN202210050,2022-10-05,0,SDN,SFN,1,8,SAN02,stamc001,brebj001
2022,SEA202210050,2022-10-05,0,SEA,DET,5,4,SEA03,gonzm005,alext001
2022,TEX202210050,2022-10-05,0,TEX,NYA,4,2,ARL03,ottog001,germd001
2023,BOS202303300,2023-03-30,0,BOS,BAL,9,10,BOS07,klubc001,gibsk002
2023,CHN202303300,2023-03-30,0,CHN,MIL,4,0,CHI11,strom001,burnc002
2023,CIN202303300,2023-03-30,0,CIN,PIT,4,5,CIN09,greeh001,kellm003
2023,HOU202303300,2023-03-30,0,HOU,CHA,2,3,HOU03,valdf001,ceasd001
2023,KCA202303300,2023-03-30,0,KCA,MIN,0,2,KAN06,greiz001,lopep002
2023,LAN202303300,2023-03-30,0,LAN,ARI,8,2,LOS03,uriaj001,gallz001
2023,MIA202303300,2023-03-30,0,MIA,NYN,3,5,MIA02,alcas001,schem001
2023,NYA202303300,2023-03-30,0,NYA,SFN,5,0,NYC21,coleg001,webbl001
2023,OAK202303300,2023-03-30,0,OAK,ANA,2,1,OAK01,mullk001,ohtas001
2023,SDN202303300,2023-03-30,0,SDN,COL,2,7,SAN02,snelb001,marqg001
2023,SEA202303300,2023-03-30,0,SEA,CLE,3,0,SEA03,castl003,biebs001
2023,SLN202303300,2023-03-30,0,SLN,TOR,9,10,STL10,mikom001,manoa001
2023,TBA202303300,2023-03-30,0,TBA,DET,4,0,STP01,mccls003,rodre004
2023,TEX202303300,2023-03-30,0,TEX,PHI,11,7,ARL03,degrj001,nolaa001
2023,WAS202303300,2023-03-30,0,WAS,ATL,2,7,WAS11,corbp001,friem001
2023,HOU202303310,2023-03-31,0,HOU,CHA,6,3,HOU03,javic001,lynnl001
2023,LAN202303310,2023-03-31,0,LAN,ARI,1,2,LOS03,may-d003,kellm002
2023,MIA202303310,2023-03-31,0,MIA,NYN,2,1,MIA02,luzaj001,peted003
2023,SDN202303310,2023-03-31,0,SDN,COL,1,4,SAN02,martn002,freek001
2023,SEA202303310,2023-03-31,0,SEA,CLE,4,9,SEA03,ray-r002,gaddh001
2023,BOS202304010,2023-04-01,0,BOS,BAL,9,8,BOS07,salec001,kremd001
2023,CHN202304010,2023-04-01,0,CHN,MIL,1,3,CHI11,steej002,woodb005
2023,CIN202304010,2023-04-01,0,CIN,PIT,6,2,CIN09,lodon001,hillr001
2023,HOU202304010,2023-04-01,0,HOU,CHA,6,4,HOU03,urquj001,gioll001
2023,KCA202304010,2023-04-01,0,KCA,MIN,0,2,KAN06,lylej001,grays001
2023,LAN202304010,2023-04-01,0,LAN,ARI,10,1,LOS03,kersc001,bumgm001
2023,MIA202304010,2023-04-01,0,MIA,NYN,2,6,MIA02,cabre003,megit002
2023,NYA202304010,2023-04-01,0,NYA,SFN,5,7,NYC21,schmc002,cobba001
2023,OAK202304010,2023-04-01,0,OAK,ANA,1,13,OAK01,fujis001,sandp002
2023,SDN202304010,2023-04-01,0,SDN,COL,8,4,SAN02,wachm001,urenj001
2023,SEA202304010,2023-04-01,0,SEA,CLE,0,2,SEA03,gilbl002,civaa001
2023,SLN202304010,2023-04-01,0,SLN,TOR,4,1,STL10,flahj002,gausk001
2023,TBA202304010,2023-04-01,0,TBA,DET,12,2,STP01,efliz001,turns003
2023,TEX202304010,2023-04-01,0,TEX,PHI,16,3,ARL03,eovan001,wheez001
2023,WAS202304010,2023-04-01,0,WAS,ATL,1,7,WAS11,grayj004,stris002
2023,BOS202304020,2023-04-02,0,BOS,BAL,9,5,BOS07,houct001,irvic001
2023,CHN202304020,2023-04-02,0,CHN,MIL,5,9,CHI11,tailj001,lauee001
2023,CIN202304020,2023-04-02,0,CIN,PIT,3,1,CIN09,ashcg001,velav001
2023,HOU202304020,2023-04-02,0,HOU,CHA,3,6,HOU03,garcl007,clevm001
2023,KCA202304020,2023-04-02,0,KCA,MIN,4,7,KAN06,kellb003,ryanj002
2023,LAN202304020,2023-04-02,0,LAN,ARI,1,2,LOS03,syndn001,daviz001
2023,MIA202304020,2023-04-02,0,MIA,NYN,1,5,MIA02,roget003,sengk001
2023,NYA202304020,2023-04-02,0,NYA,SFN,6,0,NYC21,britj003,strir001
2023,OAK202304020,2023-04-02,0,OAK,ANA,0,6,OAK01,waldk003,andet002
2023,SDN202304020,2023-04-02,0,SDN,COL,3,1,SAN02,lugos001,gomba001
2023,SEA202304020,2023-04-02,0,SEA,CLE,5,6,SEA03,gonzm005,quanc001
2023,SLN202304020,2023-04-02,0,SLN,TOR,9,4,STL10,montj004,bassc001
2023,TBA202304020,2023-04-02,0,TBA,DET,5,1,STP01,sprij001,wentj001
2023,TEX202304020,2023-04-02,0,TEX,PHI,2,1,ARL03,perem004,faltb001
2023,WAS202304020,2023-04-02,0,WAS,ATL,4,1,WAS11,gorem001,shusj001
2023,BOS202304030,2023-04-03,0,BOS,PIT,6,7,BOS07,crawk001,oviej001
2023,CHA202304030,2023-04-03,0,CHA,SFN,3,12,CHI12,kopem001,desca001
2023,CIN202304030,2023-04-03,0,CIN,CHN,7,6,CIN09,overc001,smyld001
2023,HOU202304030,2023-04-03,0,HOU,DET,6,7,HOU03,browh001,boydm001
2023,KCA202304030,2023-04-03,0,KCA,TOR,9,5,KAN06,singb001,berrj001
2023,LAN202304030,2023-04-03,0,LAN,COL,13,4,LOS03,grovm001,feltr001
2023,MIA202304030,2023-04-03,0,MIA,MIN,1,11,MIA02,cuetj001,mahlt001
2023,MIL202304030,2023-04-03,0,MIL,NYN,10,0,MIL06,peraf001,carrc003
2023,NYA202304030,2023-04-03,0,NYA,PHI,8,1,NYC21,cortn001,walkt004
2023,OAK202304030,2023-04-03,0,OAK,CLE,11,12,OAK01,kaprj001,plesz001
2023,SDN202304030,2023-04-03,0,SDN,ARI,5,4,SAN02,weatr001,nelsr003
2023,SEA202304030,2023-04-03,0,SEA,ANA,3,7,SEA03,kirbg001,detmr001
2023,SLN202304030,2023-04-03,0,SLN,ATL,4,8,STL10,woodj003,mortc002
2023,TEX202304030,2023-04-03,0,TEX,BAL,0,2,ARL03,grayj003,bradk001
2023,WAS202304030,2023-04-03,0,WAS,TBA,2,6,WAS11,willt002,rasmd002
2023,BOS202304040,2023-04-04,0,BOS,PIT,1,4,BOS07,piven001,contr001
2023,CIN202304040,2023-04-04,0,CIN,CHN,5,12,CIN09,cessl001,wesnh001
2023,HOU202304040,2023-04-04,0,HOU,DET,3,6,HOU03,valdf001,mannm001
2023,KCA202304040,2023-04-04,0,KCA,TOR,1,4,KAN06,bubik001,kikuy001
2023,LAN202304040,2023-04-04,0,LAN,COL,5,2,LOS03,uriaj001,marqg001
2023,MIA202304040,2023-04-04,0,MIA,MIN,1,0,MIA02,alcas001,maedk001
2023,MIL202304040,2023-04-04,0,MIL,NYN,9,0,MIL06,milew001,schem001
2023,NYA202304040,2023-04-04,0,NYA,PHI,1,4,NYC21,germd001,stram001
2023,OAK202304040,2023-04-04,0,OAK,CLE,4,3,OAK01,searj001,biebs001
2023,SDN202304040,2023-04-04,0,SDN,ARI,6,8,SAN02,darvy001,gallz001
2023,SEA202304040,2023-04-04,0,SEA,ANA,11,2,SEA03,castl003,suarj001
2023,SLN202304040,2023-04-04,0,SLN,ATL,1,4,STL10,matzs001,doddd001
2023,TEX202304040,2023-04-04,0,TEX,BAL,2,7,ARL03,heana001,gibsk002
2023,WAS202304040,2023-04-04,0,WAS,TBA,6,10,WAS11,kuhlc001,flemj001
2023,BOS202304050,2023-04-05,0,BOS,PIT,1,4,BOS07,klubc001,kellm003
2023,CHA202304050,2023-04-05,0,CHA,SFN,7,3,CHI12,ceasd001,webbl001
2023,HOU202304050,2023-04-05,0,HOU,DET,8,2,HOU03,javic001,rodre004
2023,KCA202304050,2023-04-05,0,KCA,TOR,0,3,KAN06,greiz001,manoa001
2023,MIA202304050,2023-04-05,0,MIA,MIN,5,2,MIA02,luzaj001,lopep002
2023,MIL202304050,2023-04-05,0,MIL,NYN,7,6,MIL06,burnc002,peted003
2023,NYA202304050,2023-04-05,0,NYA,PHI,4,2,NYC21,coleg001,nolaa001
2023,OAK202304050,2023-04-05,0,OAK,CLE,4,6,OAK01,mullk001,gaddh001
2023,SEA202304050,2023-04-05,0,SEA,ANA,3,4,SEA03,flexc001,ohtas001
2023,SLN202304050,2023-04-05,0,SLN,ATL,2,5,STL10,mikom001,eldeb001
2023,TEX202304050,2023-04-05,0,TEX,BAL,5,2,ARL03,degrj001,rodrg003
2023,WAS202304050,2023-04-05,0,WAS,TBA,2,7,WAS11,corbp001,mccls003
2023,ARI202304060,2023-04-06,0,ARI,LAN,2,5,PHO01,kellm002,may-d003
2023,ATL202304060,2023-04-06,0,ATL,SDN,7,6,ATL03,stris002,snelb001
2023,CHA202304060,2023-04-06,0,CHA,SFN,6,16,CHI12,lynnl001,wooda002
2023,COL202304060,2023-04-06,0,COL,WAS,1,0,DEN02,freek001,grayj004
2023,DET202304060,2023-04-06,0,DET,BOS,3,6,DET05,turns003,salec001
2023,KCA202304060,2023-04-06,0,KCA,TOR,3,6,KAN06,lylej001,gausk001
2023,ANA202304070,2023-04-07,0,ANA,TOR,3,4,ANA01,sandp002,bassc001
2023,ARI202304070,2023-04-07,0,ARI,LAN,6,3,PHO01,bumgm001,kersc001
2023,ATL202304070,2023-04-07,0,ATL,SDN,4,5,ATL03,shusj001,martn002
2023,BAL202304070,2023-04-07,0,BAL,NYA,7,6,BAL12,kremd001,schmc002
2023,CHN202304070,2023-04-07,0,CHN,TEX,2,0,CHI11,strom001,eovan001
2023,CLE202304070,2023-04-07,0,CLE,SEA,3,5,CLE08,civaa001,gilbl002
2023,COL202304070,2023-04-07,0,COL,WAS,5,10,DEN02,urenj001,gorem001
2023,MIL202304070,2023-04-07,0,MIL,SLN,4,0,MIL06,woodb005,flahj002
2023,MIN202304070,2023-04-07,0,MIN,HOU,3,2,MIN04,grays001,urquj001
2023,NYN202304070,2023-04-07,0,NYN,MIA,9,3,NYC20,megit002,cabre003
2023,PHI202304070,2023-04-07,0,PHI,CIN,5,2,PHI13,wheez001,greeh001
2023,PIT202304070,2023-04-07,0,PIT,CHA,13,9,PIT08,hillr001,gioll001
2023,SFN202304070,2023-04-07,0,SFN,KCA,1,3,SFO03,cobba001,kellb003
2023,TBA202304070,2023-04-07,0,TBA,OAK,9,5,STP01,efliz001,waldk003
2023,ANA202304080,2023-04-08,0,ANA,TOR,9,5,ANA01,andet002,berrj001
2023,ARI202304080,2023-04-08,0,ARI,LAN,12,8,PHO01,daviz001,syndn001
2023,ATL202304080,2023-04-08,0,ATL,SDN,1,4,ATL03,mortc002,wachm001
2023,BAL202304080,2023-04-08,0,BAL,NYA,1,4,BAL12,irvic001,britj003
2023,CHN202304080,2023-04-08,0,CHN,TEX,10,3,CHI11,steej002,perem004
2023,CLE202304080,2023-04-08,0,CLE,SEA,2,3,CLE08,quanc001,gonzm005
2023,COL202304080,2023-04-08,0,COL,WAS,6,7,DEN02,gomba001,willt002
2023,DET202304080,2023-04-08,0,DET,BOS,5,14,DET05,wentj001,houct001
2023,MIL202304080,2023-04-08,0,MIL,SLN,0,6,MIL06,lauee001,montj004
2023,MIN202304080,2023-04-08,0,MIN,HOU,9,6,MIN04,ryanj002,garcl007
2023,NYN202304080,2023-04-08,0,NYN,MIA,5,2,NYC20,sengk001,roget003
2023,PHI202304080,2023-04-08,0,PHI,CIN,3,2,PHI13,faltb001,lodon001
2023,PIT202304080,2023-04-08,0,PIT,CHA,5,11,PIT08,velav001,clevm001
2023,SFN202304080,2023-04-08,0,SFN,KCA,5,6,SFO03,manas001,singb001
2023,TBA202304080,2023-04-08,0,TBA,OAK,11,0,STP01,sprij001,fujis001
2023,ANA202304090,2023-04-09,0,ANA,TOR,11,12,ANA01,detmr001,kikuy001
2023,ARI202304090,2023-04-09,0,ARI,LAN,11,6,PHO01,nelsr003,grovm001
2023,ATL202304090,2023-04-09,0,ATL,SDN,2,10,ATL03,doddd001,lugos001
2023,BAL202304090,2023-04-09,0,BAL,NYA,3,5,BAL12,wellt003,cortn001
2023,CHN202304090,2023-04-09,0,CHN,TEX,2,8,CHI11,tailj001,grayj003
2023,CLE202304090,2023-04-09,0,CLE,SEA,7,6,CLE08,plesz001,kirbg001
2023,COL202304090,2023-04-09,0,COL,WAS,7,6,DEN02,feltr001,kuhlc001
2023,DET202304090,2023-04-09,0,DET,BOS,1,4,DET05,boydm001,crawk001
2023,MIL202304090,2023-04-09,0,MIL,SLN,6,1,MIL06,peraf001,woodj003
2023,MIN202304090,2023-04-09,0,MIN,HOU,1,5,MIN04,mahlt001,browh001
2023,NYN202304090,2023-04-09,0,NYN,MIA,2,7,NYC20,carrc003,garrb001
2023,PHI202304090,2023-04-09,0,PHI,CIN,4,6,PHI13,walkt004,overc001
2023,PIT202304090,2023-04-09,0,PIT,CHA,1,0,PIT08,oviej001,kopem001
2023,SFN202304090,2023-04-09,0,SFN,KCA,3,1,SFO03,desca001,bubik001
2023,TBA202304090,2023-04-09,0,TBA,OAK,11,0,STP01,rasmd002,kaprj001
2023,ANA202304100,2023-04-10,0,ANA,WAS,4,6,ANA01,suarj001,corbp001
2023,ARI202304100,2023-04-10,0,ARI,MIL,3,0,PHO01,gallz001,milew001
2023,ATL202304100,2023-04-10,0,ATL,CIN,5,4,ATL03,eldeb001,ashcg001
2023,BAL202304100,2023-04-10,0,BAL,OAK,5,1,BAL12,gibsk002,searj001
2023,CHN202304100,2023-04-10,0,CHN,SEA,3,2,CHI11,smyld001,castl003
2023,CLE202304100,2023-04-10,0,CLE,NYA,3,2,CLE08,biebs001,germd001
2023,COL202304100,2023-04-10,0,COL,SLN,7,4,DEN02,marqg001,matzs001
2023,MIN202304100,2023-04-10,0,MIN,CHA,3,4,MIN04,maedk001,ceasd001
2023,NYN202304100,2023-04-10,0,NYN,SDN,5,0,NYC20,schem001,darvy001
2023,PHI202304100,2023-04-10,0,PHI,MIA,15,3,PHI13,stram001,alcas001
2023,PIT202304100,2023-04-10,0,PIT,HOU,2,8,PIT08,contr001,valdf001
2023,SFN202304100,2023-04-10,0,SFN,LAN,1,9,SFO03,webbl001,uriaj001
2023,TBA202304100,2023-04-10,0,TBA,BOS,1,0,STP01,beekj001,piven001
2023,TEX202304100,2023-04-10,0,TEX,KCA,11,2,ARL03,heana001,greiz001
2023,ANA202304110,2023-04-11,0,ANA,WAS,2,0,ANA01,ohtas001,grayj004
2023,ARI202304110,2023-04-11,0,ARI,MIL,1,7,PHO01,kellm002,burnc002
2023,ATL202304110,2023-04-11,0,ATL,CIN,7,6,ATL03,wrigk001,cessl001
2023,BAL202304110,2023-04-11,0,BAL,OAK,12,8,BAL12,rodrg003,mullk001
2023,CHN202304110,2023-04-11,0,CHN,SEA,14,9,CHI11,wesnh001,flexc001
2023,CLE202304110,2023-04-11,0,CLE,NYA,2,11,CLE08,gaddh001,coleg001
2023,COL202304110,2023-04-11,0,COL,SLN,6,9,DEN02,freek001,mikom001
2023,MIN202304110,2023-04-11,0,MIN,CHA,4,3,MIN04,lopep002,lynnl001
2023,NYN202304110,2023-04-11,0,NYN,SDN,2,4,NYC20,peted003,weatr001
2023,PHI202304110,2023-04-11,0,PHI,MIA,4,8,PHI13,nolaa001,luzaj001
2023,PIT202304110,2023-04-11,0,PIT,HOU,7,4,PIT08,kellm003,javic001
2023,SFN202304110,2023-04-11,0,SFN,LAN,5,0,SFO03,wooda002,may-d003
2023,TBA202304110,2023-04-11,0,TBA,BOS,7,2,STP01,mccls003,whitg002
2023,TEX202304110,2023-04-11,0,TEX,KCA,8,5,ARL03,degrj001,lylej001
2023,TOR202304110,2023-04-11,0,TOR,DET,9,3,TOR02,manoa001,mannm001
2023,ANA202304120,2023-04-12,0,ANA,WAS,3,2,ANA01,canng001,gorem001
2023,ARI202304120,2023-04-12,0,ARI,MIL,7,3,PHO01,jamed003,junkj001
2023,ATL202304120,2023-04-12,0,ATL,CIN,5,4,ATL03,stris002,greeh001
2023,BAL202304120,2023-04-12,0,BAL,OAK,4,8,BAL12,kremd001,waldk003
2023,CHN202304120,2023-04-12,0,CHN,SEA,2,5,CHI11,strom001,gilbl002
2023,CLE202304120,2023-04-12,0,CLE,NYA,3,4,CLE08,battp001,schmc002
2023,COL202304120,2023-04-12,0,COL,SLN,4,7,DEN02,urenj001,flahj002
2023,MIN202304120,2023-04-12,0,MIN,CHA,3,1,MIN04,grays001,gioll001
2023,NYN202304120,2023-04-12,0,NYN,SDN,5,2,NYC20,megit002,snelb001
2023,PHI202304120,2023-04-12,0,PHI,MIA,2,3,PHI13,wheez001,cabre003
2023,PIT202304120,2023-04-12,0,PIT,HOU,0,7,PIT08,hillr001,urquj001
2023,SFN202304120,2023-04-12,0,SFN,LAN,5,10,SFO03,cobba001,kersc001
2023,TBA202304120,2023-04-12,0,TBA,BOS,9,7,STP01,bradt002,salec001
2023,TEX202304120,2023-04-12,0,TEX,KCA,1,10,ARL03,eovan001,kellb003
2023,TOR202304120,2023-04-12,0,TOR,DET,4,3,TOR02,gausk001,rodre004
2023,BAL202304130,2023-04-13,0,BAL,OAK,8,7,BAL12,irvic001,ollea001
2023,CIN202304130,2023-04-13,0,CIN,PHI,6,2,CIN09,lodon001,faltb001
2023,NYA202304130,2023-04-13,0,NYA,MIN,2,11,NYC21,britj003,ryanj002
2023,SDN202304130,2023-04-13,0,SDN,MIL,3,4,SAN02,martn002,rea-c001
2023,SLN202304130,2023-04-13,0,SLN,PIT,0,5,STL10,montj004,velav001
2023,TBA202304130,2023-04-13,0,TBA,BOS,9,3,STP01,sprij001,klubc001
2023,TOR202304130,2023-04-13,0,TOR,DET,1,3,TOR02,bassc001,turns003
2023,BOS202304140,2023-04-14,0,BOS,ANA,5,3,BOS07,houct001,sandp002
2023,CHA202304140,2023-04-14,0,CHA,BAL,3,6,CHI12,clevm001,wellt003
2023,CIN202304140,2023-04-14,0,CIN,PHI,3,8,CIN09,overc001,walkt004
2023,DET202304140,2023-04-14,0,DET,SFN,7,5,DET05,wentj001,manas001
2023,HOU202304140,2023-04-14,0,HOU,TEX,2,6,HOU03,garcl007,perem004
2023,KCA202304140,2023-04-14,0,KCA,ATL,3,10,KAN06,singb001,mortc002
2023,LAN202304140,2023-04-14,0,LAN,CHN,2,8,LOS03,syndn001,steej002
2023,MIA202304140,2023-04-14,0,MIA,ARI,5,1,MIA02,roget003,bumgm001
2023,NYA202304140,2023-04-14,0,NYA,MIN,3,4,NYC21,cortn001,varll001
2023,OAK202304140,2023-04-14,0,OAK,NYN,6,17,OAK01,kaprj001,sengk001
2023,SDN202304140,2023-04-14,0,SDN,MIL,2,11,SAN02,wachm001,lauee001
2023,SEA202304140,2023-04-14,0,SEA,COL,5,3,SEA03,milot001,gomba001
2023,SLN202304140,2023-04-14,0,SLN,PIT,3,0,STL10,woodj003,oviej001
2023,TOR202304140,2023-04-14,0,TOR,TBA,6,3,TOR02,berrj001,rasmd002
2023,WAS202304140,2023-04-14,0,WAS,CLE,3,4,WAS11,willt002,quanc001
2023,BOS202304150,2023-04-15,0,BOS,ANA,9,7,BOS07,piven001,andet002
2023,CHA202304150,2023-04-15,0,CHA,BAL,7,6,CHI12,kopem001,gibsk002
2023,CIN202304150,2023-04-15,0,CIN,PHI,13,0,CIN09,ashcg001,stram001
2023,DET202304150,2023-04-15,0,DET,SFN,7,6,DET05,lorem002,desca001
2023,HOU202304150,2023-04-15,0,HOU,TEX,8,2,HOU03,browh001,grayj003
2023,KCA202304150,2023-04-15,0,KCA,ATL,3,9,KAN06,bubik001,eldeb001
2023,LAN202304150,2023-04-15,0,LAN,CHN,2,1,LOS03,grovm001,tailj001
2023,MIA202304150,2023-04-15,0,MIA,ARI,3,2,MIA02,garrb001,nelsr003
2023,NYA202304150,2023-04-15,0,NYA,MIN,6,1,NYC21,germd001,mahlt001
2023,OAK202304150,2023-04-15,0,OAK,NYN,2,3,OAK01,fujis001,carrc003
2023,SDN202304150,2023-04-15,0,SDN,MIL,10,3,SAN02,lugos001,peraf001
2023,SEA202304150,2023-04-15,0,SEA,COL,9,2,SEA03,kirbg001,feltr001
2023,SLN202304150,2023-04-15,0,SLN,PIT,3,6,STL10,matzs001,contr001
2023,TOR202304150,2023-04-15,0,TOR,TBA,5,2,TOR02,kikuy001,faucc001
2023,WAS202304150,2023-04-15,0,WAS,CLE,4,6,WAS11,kuhlc001,plesz001
2023,BOS202304160,2023-04-16,0,BOS,ANA,2,1,BOS07,whitg002,detmr001
2023,CHA202304160,2023-04-16,0,CHA,BAL,4,8,CHI12,ceasd001,rodrg003
2023,CIN202304160,2023-04-16,0,CIN,PHI,3,14,CIN09,cessl001,nolaa001
2023,HOU202304160,2023-04-16,0,HOU,TEX,1,9,HOU03,valdf001,heana001
2023,KCA202304160,2023-04-16,0,KCA,ATL,4,5,KAN06,greiz001,wrigk001
2023,LAN202304160,2023-04-16,0,LAN,CHN,2,3,LOS03,uriaj001,smyld001
2023,MIA202304160,2023-04-16,0,MIA,ARI,0,5,MIA02,alcas001,gallz001
2023,NYA202304160,2023-04-16,0,NYA,MIN,2,0,NYC21,coleg001,lopep002
2023,OAK202304160,2023-04-16,0,OAK,NYN,3,4,OAK01,searj001,buttj001
2023,SDN202304160,2023-04-16,0,SDN,MIL,0,1,SAN02,darvy001,milew001
2023,SEA202304160,2023-04-16,0,SEA,COL,1,0,SEA03,castl003,davin001
2023,SLN202304160,2023-04-16,0,SLN,PIT,5,4,STL10,mikom001,kellm003
2023,TOR202304160,2023-04-16,0,TOR,TBA,1,8,TOR02,manoa001,mccls003
2023,WAS202304160,2023-04-16,0,WAS,CLE,7,6,WAS11,corbp001,biebs001
2023,BOS202304170,2023-04-17,0,BOS,ANA,4,5,BOS07,bellb002,ohtas001
2023,CIN202304170,2023-04-17,0,CIN,TBA,8,1,CIN09,greeh001,beekj001
2023,COL202304170,2023-04-17,0,COL,PIT,3,14,DEN02,freek001,hillr001
2023,HOU202304170,2023-04-17,0,HOU,TOR,9,2,HOU03,javic001,gausk001
2023,KCA202304170,2023-04-17,0,KCA,TEX,0,4,KAN06,lylej001,degrj001
2023,LAN202304170,2023-04-17,0,LAN,NYN,6,8,LOS03,may-d003,peted003
2023,MIA202304170,2023-04-17,0,MIA,SFN,4,3,MIA02,luzaj001,webbl001
2023,OAK202304170,2023-04-17,0,OAK,CHN,1,10,OAK01,mullk001,wesnh001
2023,SDN202304170,2023-04-17,0,SDN,ATL,0,2,SAN02,weatr001,friem001
2023,SEA202304170,2023-04-17,0,SEA,MIL,3,7,SEA03,flexc001,burnc002
2023,SLN202304170,2023-04-17,0,SLN,ARI,3,6,STL10,flahj002,kellm002
2023,BOS202304180,2023-04-18,0,BOS,MIN,5,4,BOS07,salec001,grays001
2023,CHA202304181,2023-04-18,1,CHA,PHI,4,7,CHI12,lynnl001,wheez001
2023,CHA202304182,2023-04-18,2,CHA,PHI,3,0,CHI12,gioll001,faltb001
2023,CIN202304180,2023-04-18,0,CIN,TBA,0,10,CIN09,lodon001,bradt002
2023,COL202304180,2023-04-18,0,COL,PIT,3,5,DEN02,urenj001,velav001
2023,DET202304181,2023-04-18,1,DET,CLE,4,3,DET05,boydm001,gaddh001
2023,DET202304182,2023-04-18,2,DET,CLE,1,0,DET05,rodre004,battp001
2023,HOU202304180,2023-04-18,0,HOU,TOR,2,4,HOU03,urquj001,bassc001
2023,KCA202304180,2023-04-18,0,KCA,TEX,2,12,KAN06,kellb003,eovan001
2023,LAN202304180,2023-04-18,0,LAN,NYN,5,0,LOS03,kersc001,megit002
2023,MIA202304180,2023-04-18,0,MIA,SFN,4,2,MIA02,cabre003,wooda002
2023,NYA202304180,2023-04-18,0,NYA,ANA,2,5,NYC21,schmc002,suarj001
2023,OAK202304180,2023-04-18,0,OAK,CHN,0,4,OAK01,waldk003,strom001
2023,SDN202304180,2023-04-18,0,SDN,ATL,1,8,SAN02,snelb001,stris002
2023,SEA202304180,2023-04-18,0,SEA,MIL,5,6,SEA03,gilbl002,rea-c001
2023,SLN202304180,2023-04-18,0,SLN,ARI,7,8,STL10,montj004,jamed003
2023,WAS202304180,2023-04-18,0,WAS,BAL,0,1,WAS11,grayj004,kremd001
2023,BOS202304190,2023-04-19,0,BOS,MIN,4,10,BOS07,klubc001,ryanj002
2023,CHA202304190,2023-04-19,0,CHA,PHI,2,5,CHI12,clevm001,walkt004
2023,CIN202304190,2023-04-19,0,CIN,TBA,0,8,CIN09,stoul001,rasmd002
2023,COL202304190,2023-04-19,0,COL,PIT,3,14,DEN02,gomba001,oviej001
2023,DET202304190,2023-04-19,0,DET,CLE,2,3,DET05,turns003,quanc001
2023,HOU202304190,2023-04-19,0,HOU,TOR,8,1,HOU03,garcl007,berrj001
2023,KCA202304190,2023-04-19,0,KCA,TEX,3,12,KAN06,singb001,perem004
2023,LAN202304190,2023-04-19,0,LAN,NYN,3,5,LOS03,syndn001,schem001
2023,MIA202304190,2023-04-19,0,MIA,SFN,2,5,MIA02,roget003,cobba001
2023,NYA202304190,2023-04-19,0,NYA,ANA,3,2,NYC21,britj003,canng001
2023,OAK202304190,2023-04-19,0,OAK,CHN,2,12,OAK01,millm004,steej002
2023,SDN202304190,2023-04-19,0,SDN,ATL,1,0,SAN02,martn002,mortc002
2023,SEA202304190,2023-04-19,0,SEA,MIL,3,5,SEA03,gonzm005,lauee001
2023,SLN202304190,2023-04-19,0,SLN,ARI,14,5,STL10,woodj003,bumgm001
2023,WAS202304190,2023-04-19,0,WAS,BAL,0,4,WAS11,gorem001,bradk001
2023,ARI202304200,2023-04-20,0,ARI,SDN,5,7,PHO01,nelsr003,wachm001
2023,BOS202304200,2023-04-20,0,BOS,MIN,11,5,BOS07,houct001,maedk001
2023,CHN202304200,2023-04-20,0,CHN,LAN,2,6,CHI11,assaj001,grovm001
2023,NYA202304200,2023-04-20,0,NYA,ANA,9,3,NYC21,cortn001,sandp002
2023,PHI202304200,2023-04-20,0,PHI,COL,0,5,PHI13,stram001,feltr001
2023,PIT202304200,2023-04-20,0,PIT,CIN,4,3,PIT08,contr001,weavl001
2023,SFN202304200,2023-04-20,0,SFN,NYN,4,9,SFO03,manas001,sengk001
2023,ANA202304210,2023-04-21,0,ANA,KCA,2,0,ANA01,ohtas001,clart003
2023,ARI202304210,2023-04-21,0,ARI,SDN,9,0,PHO01,gallz001,lugos001
2023,ATL202304210,2023-04-21,0,ATL,HOU,4,6,ATL03,eldeb001,browh001
2023,BAL202304210,2023-04-21,0,BAL,DET,2,1,BAL12,wellt003,lorem002
2023,CHN202304210,2023-04-21,0,CHN,LAN,13,0,CHI11,smyld001,uriaj001
2023,MIL202304210,2023-04-21,0,MIL,BOS,3,5,MIL06,peraf001,piven001
2023,MIN202304210,2023-04-21,0,MIN,WAS,2,3,MIN04,mahlt001,willt002
2023,NYA202304210,2023-04-21,0,NYA,TOR,1,6,NYC21,germd001,kikuy001
2023,PHI202304210,2023-04-21,0,PHI,COL,4,3,PHI13,nolaa001,davin001
2023,PIT202304210,2023-04-21,0,PIT,CIN,4,2,PIT08,kellm003,ashcg001
2023,SEA202304210,2023-04-21,0,SEA,SLN,5,2,SEA03,kirbg001,matzs001
2023,SFN202304210,2023-04-21,0,SFN,NYN,0,7,SFO03,desca001,luccj001
2023,TBA202304210,2023-04-21,0,TBA,CHA,8,7,STP01,faucc001,kopem001
2023,TEX202304210,2023-04-21,0,TEX,OAK,4,5,ARL03,grayj003,searj001
2023,ANA202304220,2023-04-22,0,ANA,KCA,8,11,ANA01,andet002,greiz001
2023,ARI202304220,2023-04-22,0,ARI,SDN,3,5,PHO01,kellm002,musgj001
2023,ATL202304220,2023-04-22,0,ATL,HOU,3,6,ATL03,wrigk001,valdf001
2023,BAL202304220,2023-04-22,0,BAL,DET,5,1,BAL12,gibsk002,wentj001
2023,CHN202304220,2023-04-22,0,CHN,LAN,4,9,CHI11,wesnh001,may-d003
2023,CLE202304221,2023-04-22,1,CLE,MIA,1,6,CLE08,biebs001,smeld001
2023,CLE202304222,2023-04-22,2,CLE,MIA,2,3,CLE08,plesz001,garrb001
2023,MIL202304220,2023-04-22,0,MIL,BOS,5,4,MIL06,milew001,whitg002
2023,MIN202304220,2023-04-22,0,MIN,WAS,4,10,MIN04,lopep002,kuhlc001
2023,NYA202304220,2023-04-22,0,NYA,TOR,3,2,NYC21,coleg001,manoa001
2023,PHI202304220,2023-04-22,0,PHI,COL,4,3,PHI13,sancc002,freek001
2023,PIT202304220,2023-04-22,0,PIT,CIN,2,1,PIT08,hillr001,cessl001
2023,SEA202304220,2023-04-22,0,SEA,SLN,5,4,SEA03,castl003,mikom001
2023,SFN202304220,2023-04-22,0,SFN,NYN,7,4,SFO03,webbl001,peted003
2023,TBA202304220,2023-04-22,0,TBA,CHA,4,3,STP01,mccls003,ceasd001
2023,TEX202304220,2023-04-22,0,TEX,OAK,18,3,ARL03,heana001,fujis001
2023,ANA202304230,2023-04-23,0,ANA,KCA,4,3,ANA01,detmr001,lylej001
2023,ARI202304230,2023-04-23,0,ARI,SDN,5,7,PHO01,jamed003,darvy001
2023,ATL202304230,2023-04-23,0,ATL,HOU,2,5,ATL03,friem001,javic001
2023,BAL202304230,2023-04-23,0,BAL,DET,2,1,BAL12,rodrg003,rodre004
2023,CHN202304230,2023-04-23,0,CHN,LAN,3,7,CHI11,strom001,kersc001
2023,CLE202304230,2023-04-23,0,CLE,MIA,7,4,CLE08,allel003,luzaj001
2023,MIL202304230,2023-04-23,0,MIL,BOS,5,12,MIL06,burnc002,bellb002
2023,MIN202304230,2023-04-23,0,MIN,WAS,3,1,MIN04,oberb002,corbp001
2023,NYA202304230,2023-04-23,0,NYA,TOR,1,5,NYC21,schmc002,gausk001
2023,PHI202304230,2023-04-23,0,PHI,COL,9,3,PHI13,wheez001,urenj001
2023,PIT202304230,2023-04-23,0,PIT,CIN,2,0,PIT08,velav001,greeh001
2023,SEA202304230,2023-04-23,0,SEA,SLN,3,7,SEA03,flexc001,flahj002
2023,SFN202304230,2023-04-23,0,SFN,NYN,5,4,SFO03,strir001,megit002
2023,TBA202304230,2023-04-23,0,TBA,CHA,4,1,STP01,efliz001,gioll001
2023,TEX202304230,2023-04-23,0,TEX,OAK,5,2,ARL03,degrj001,mullk001
2023,ANA202304240,2023-04-24,0,ANA,OAK,10,11,ANA01,suarj001,waldk003
2023,ARI202304240,2023-04-24,0,ARI,KCA,5,4,PHO01,henrt001,kellb003
2023,ATL202304240,2023-04-24,0,ATL,MIA,11,0,ATL03,stris002,cabre003
2023,BAL202304240,2023-04-24,0,BAL,BOS,5,4,BAL12,kremd001,salec001
2023,CIN202304240,2023-04-24,0,CIN,TEX,7,6,CIN09,lodon001,eovan001
2023,CLE202304240,2023-04-24,0,CLE,COL,0,6,CLE08,quanc001,gomba001
2023,MIL202304240,2023-04-24,0,MIL,DET,2,4,MIL06,rea-c001,boydm001
2023,MIN202304240,2023-04-24,0,MIN,NYA,6,1,MIN04,grays001,britj003
2023,SFN202304240,2023-04-24,0,SFN,SLN,4,0,SFO03,cobba001,montj004
2023,TBA202304240,2023-04-24,0,TBA,HOU,8,3,STP01,bradt002,urquj001
2023,TOR202304240,2023-04-24,0,TOR,CHA,5,2,TOR02,bassc001,lynnl001
2023,ANA202304250,2023-04-25,0,ANA,OAK,5,3,ANA01,canng001,millm004
2023,ARI202304250,2023-04-25,0,ARI,KCA,4,5,PHO01,nelsr003,singb001
2023,ATL202304250,2023-04-25,0,ATL,MIA,7,4,ATL03,mortc002,hoeib001
2023,BAL202304250,2023-04-25,0,BAL,BOS,6,8,BAL12,bradk001,klubc001
2023,CHN202304250,2023-04-25,0,CHN,SDN,6,0,CHI11,steej002,snelb001
2023,CIN202304250,2023-04-25,0,CIN,TEX,7,6,CIN09,weavl001,perem004
2023,CLE202304250,2023-04-25,0,CLE,COL,1,5,CLE08,battp001,feltr001
2023,MIL202304250,2023-04-25,0,MIL,DET,3,4,MIL06,lauee001,turns003
2023,MIN202304250,2023-04-25,0,MIN,NYA,6,2,MIN04,ryanj002,cortn001
2023,NYN202304250,2023-04-25,0,NYN,WAS,0,5,NYC20,buttj001,grayj004
2023,PHI202304250,2023-04-25,0,PHI,SEA,3,5,PHI13,faltb001,gonzm005
2023,PIT202304250,2023-04-25,0,PIT,LAN,7,8,PIT08,oviej001,syndn001
2023,SFN202304250,2023-04-25,0,SFN,SLN,5,4,SFO03,brebj001,woodj003
2023,TBA202304250,2023-04-25,0,TBA,HOU,0,5,STP01,rasmd002,garcl007
2023,TOR202304250,2023-04-25,0,TOR,CHA,7,0,TOR02,berrj001,clevm001
2023,ANA202304260,2023-04-26,0,ANA,OAK,11,3,ANA01,sandp002,medil002
2023,ARI202304260,2023-04-26,0,ARI,KCA,2,0,PHO01,gallz001,yarbr001
2023,ATL202304260,2023-04-26,0,ATL,MIA,6,4,ATL03,eldeb001,alcas001
2023,BAL202304260,2023-04-26,0,BAL,BOS,6,2,BAL12,wellt003,houct001
2023,CHN202304260,2023-04-26,0,CHN,SDN,3,5,CHI11,smyld001,wachm001
2023,CIN202304260,2023-04-26,0,CIN,TEX,5,3,CIN09,ashcg001,grayj003
2023,CLE202304260,2023-04-26,0,CLE,COL,4,1,CLE08,bibet001,marqg001
2023,MIL202304260,2023-04-26,0,MIL,DET,6,2,MIL06,peraf001,lorem002
2023,MIN202304260,2023-04-26,0,MIN,NYA,6,12,MIN04,maedk001,germd001
2023,NYN202304260,2023-04-26,0,NYN,WAS,1,4,NYC20,sengk001,gorem001
2023,PHI202304260,2023-04-26,0,PHI,SEA,6,5,PHI13,walkt004,gilbl002
2023,PIT202304260,2023-04-26,0,PIT,LAN,8,1,PIT08,contr001,gonst001
2023,SFN202304260,2023-04-26,0,SFN,SLN,7,3,SFO03,desca001,matzs001
2023,TBA202304260,2023-04-26,0,TBA,HOU,0,1,STP01,faucc001,browh001
2023,TOR202304260,2023-04-26,0,TOR,CHA,8,0,TOR02,kikuy001,kopem001
2023,ANA202304270,2023-04-27,0,ANA,OAK,8,7,ANA01,ohtas001,searj001
2023,ATL202304270,2023-04-27,0,ATL,MIA,4,5,ATL03,wrigk001,garrb001
2023,CHA202304270,2023-04-27,0,CHA,TBA,5,14,CHI12,ceasd001,mccls003
2023,CHN202304270,2023-04-27,0,CHN,SDN,5,2,CHI11,wesnh001,lugos001
2023,DET202304270,2023-04-27,0,DET,BAL,4,7,DET05,wentj001,gibsk002
2023,MIN202304270,2023-04-27,0,MIN,KCA,7,1,MIN04,mahlt001,greiz001
2023,NYN202304270,2023-04-27,0,NYN,WAS,9,8,NYC20,luccj001,willt002
2023,PHI202304270,2023-04-27,0,PHI,SEA,1,0,PHI13,stram001,kirbg001
2023,PIT202304270,2023-04-27,0,PIT,LAN,6,2,PIT08,kellm003,uriaj001
2023,SFN202304270,2023-04-27,0,SFN,SLN,0,6,SFO03,webbl001,mikom001
2023,TEX202304270,2023-04-27,0,TEX,NYA,2,4,ARL03,heana001,coleg001
2023,BOS202304280,2023-04-28,0,BOS,CLE,2,5,BOS07,piven001,biebs001
2023,CHA202304280,2023-04-28,0,CHA,TBA,2,3,CHI12,gioll001,efliz001
2023,COL202304280,2023-04-28,0,COL,ARI,1,9,DEN02,freek001,kellm002
2023,HOU202304280,2023-04-28,0,HOU,PHI,1,3,HOU03,valdf001,nolaa001
2023,LAN202304280,2023-04-28,0,LAN,SLN,7,3,LOS03,may-d003,flahj002
2023,MIA202304280,2023-04-28,0,MIA,CHN,3,2,MIA02,luzaj001,strom001
2023,MIL202304280,2023-04-28,0,MIL,ANA,2,1,MIL06,milew001,andet002
2023,MIN202304280,2023-04-28,0,MIN,KCA,8,6,MIN04,lopep002,lylej001
2023,NYN202304280,2023-04-28,0,NYN,ATL,0,4,NYC20,peted003,friem001
2023,OAK202304280,2023-04-28,0,OAK,CIN,7,11,OAK01,rucid001,cessl001
2023,TEX202304280,2023-04-28,0,TEX,NYA,5,2,ARL03,degrj001,schmc002
2023,TOR202304280,2023-04-28,0,TOR,SEA,3,2,TOR02,manoa001,castl003
2023,BOS202304290,2023-04-29,0,BOS,CLE,8,7,BOS07,bellb002,plesz001
2023,CHA202304290,2023-04-29,0,CHA,TBA,3,12,CHI12,lynnl001,faucc001
2023,COL202304290,2023-04-29,0,COL,ARI,4,11,DEN02,davin001,henrt001
2023,DET202304291,2023-04-29,1,DET,BAL,7,4,DET05,rodre004,kremd001
2023,DET202304292,2023-04-29,2,DET,BAL,4,6,DET05,boydm001,rodrg003
2023,HOU202304290,2023-04-29,0,HOU,PHI,1,6,HOU03,javic001,wheez001
2023,LAN202304290,2023-04-29,0,LAN,SLN,1,0,LOS03,kersc001,montj004
2023,MIA202304290,2023-04-29,0,MIA,CHN,7,6,MIA02,cabre003,kilic001
2023,MIL202304290,2023-04-29,0,MIL,ANA,7,5,MIL06,burnc002,detmr001
2023,MIN202304290,2023-04-29,0,MIN,KCA,2,3,MIN04,oberb002,kellb003
2023,OAK202304290,2023-04-29,0,OAK,CIN,2,3,OAK01,mullk001,greeh001
2023,SDN202304290,2023-04-29,0,SDN,SFN,16,11,MEX02,musgj001,manas001
2023,TEX202304290,2023-04-29,0,TEX,NYA,2,0,ARL03,eovan001,britj003
2023,TOR202304290,2023-04-29,0,TOR,SEA,1,0,TOR02,gausk001,mcgee001
2023,WAS202304291,2023-04-29,1,WAS,PIT,3,6,WAS11,corbp001,hillr001
2023,WAS202304292,2023-04-29,2,WAS,PIT,1,16,WAS11,kuhlc001,velav001
2023,BOS202304300,2023-04-30,0,BOS,CLE,7,1,BOS07,salec001,allel003
2023,CHA202304300,2023-04-30,0,CHA,TBA,12,9,CHI12,clevm001,rasmd002
2023,COL202304300,2023-04-30,0,COL,ARI,12,4,DEN02,gomba001,nelsr003
2023,DET202304300,2023-04-30,0,DET,BAL,3,5,DET05,turns003,bradk001
2023,HOU202304300,2023-04-30,0,HOU,PHI,4,3,HOU03,urquj001,faltb001
2023,LAN202304300,2023-04-30,0,LAN,SLN,6,3,LOS03,syndn001,woodj003
2023,MIA202304300,2023-04-30,0,MIA,CHN,4,3,MIA02,hoeib001,steej002
2023,MIL202304300,2023-04-30,0,MIL,ANA,0,3,MIL06,rea-c001,suarj001
2023,MIN202304300,2023-04-30,0,MIN,KCA,8,4,MIN04,grays001,singb001
2023,OAK202304300,2023-04-30,0,OAK,CIN,5,4,OAK01,waldk003,lodon001
2023,SDN202304300,2023-04-30,0,SDN,SFN,6,4,MEX02,darvy001,cobba001
2023,TEX202304300,2023-04-30,0,TEX,NYA,15,2,ARL03,perem004,cortn001
2023,TOR202304300,2023-04-30,0,TOR,SEA,8,10,TOR02,bassc001,gonzm005
2023,WAS202304300,2023-04-30,0,WAS,PIT,7,2,WAS11,grayj004,oviej001
2023,BOS202305010,2023-05-01,0,BOS,TOR,6,5,BOS07,klubc001,berrj001
2023,HOU202305010,2023-05-01,0,HOU,SFN,7,3,HOU03,garcl007,strir001
2023,LAN202305010,2023-05-01,0,LAN,PHI,13,4,LOS03,gonst001,walkt004
2023,NYA202305010,2023-05-01,0,NYA,CLE,2,3,NYC21,germd001,quanc001
2023,NYN202305011,2023-05-01,1,NYN,ATL,8,9,NYC20,reyed002,stris002
2023,NYN202305012,2023-05-01,2,NYN,ATL,5,3,NYC20,megit002,mortc002
2023,SDN202305010,2023-05-01,0,SDN,CIN,8,3,SAN02,snelb001,weavl001
2023,WAS202305010,2023-05-01,0,WAS,CHN,1,5,WAS11,gorem001,smyld001
2023,BOS202305020,2023-05-02,0,BOS,TOR,7,6,BOS07,houct001,kikuy001
2023,CHA202305020,2023-05-02,0,CHA,MIN,3,2,CHI12,kopem001,ryanj002
2023,COL202305020,2023-05-02,0,COL,MIL,3,2,DEN02,feltr001,peraf001
2023,HOU202305020,2023-05-02,0,HOU,SFN,0,2,HOU03,browh001,desca001
2023,KCA202305020,2023-05-02,0,KCA,BAL,7,11,KAN06,yarbr001,wellt003
2023,LAN202305020,2023-05-02,0,LAN,PHI,13,1,LOS03,uriaj001,stram001
2023,MIA202305020,2023-05-02,0,MIA,ATL,0,6,MIA02,alcas001,eldeb001
2023,NYA202305020,2023-05-02,0,NYA,CLE,4,2,NYC21,coleg001,bibet001
2023,OAK202305020,2023-05-02,0,OAK,SEA,1,2,OAK01,millm004,millb004
2023,SDN202305020,2023-05-02,0,SDN,CIN,1,2,SAN02,wachm001,ashcg001
2023,SLN202305020,2023-05-02,0,SLN,ANA,1,5,STL10,matzs001,sandp002
2023,TBA202305020,2023-05-02,0,TBA,PIT,4,1,STP01,guerj004,contr001
2023,TEX202305020,2023-05-02,0,TEX,ARI,6,4,ARL03,grayj003,gallz001
2023,WAS202305020,2023-05-02,0,WAS,CHN,4,1,WAS11,willt002,wesnh001
2023,BOS202305030,2023-05-03,0,BOS,TOR,8,3,BOS07,piven001,manoa001
2023,CHA202305030,2023-05-03,0,CHA,MIN,6,4,CHI12,ceasd001,varll001
2023,COL202305030,2023-05-03,0,COL,MIL,7,1,DEN02,freek001,lauee001
2023,DET202305031,2023-05-03,1,DET,NYN,6,5,DET05,wentj001,luccj001
2023,DET202305032,2023-05-03,2,DET,NYN,8,1,DET05,lorem002,schem001
2023,HOU202305030,2023-05-03,0,HOU,SFN,2,4,HOU03,valdf001,webbl001
2023,KCA202305030,2023-05-03,0,KCA,BAL,6,0,KAN06,greiz001,gibsk002
2023,LAN202305030,2023-05-03,0,LAN,PHI,10,6,LOS03,stong001,nolaa001
2023,MIA202305030,2023-05-03,0,MIA,ATL,6,14,MIA02,garrb001,wrigk001
2023,NYA202305030,2023-05-03,0,NYA,CLE,4,3,NYC21,schmc002,biebs001
2023,OAK202305030,2023-05-03,0,OAK,SEA,2,7,OAK01,searj001,gilbl002
2023,SDN202305030,2023-05-03,0,SDN,CIN,7,1,SAN02,lugos001,cessl001
2023,SLN202305030,2023-05-03,0,SLN,ANA,4,6,STL10,mikom001,ohtas001
2023,TBA202305030,2023-05-03,0,TBA,PIT,8,1,STP01,mccls003,kellm003
2023,TEX202305030,2023-05-03,0,TEX,ARI,7,12,ARL03,heana001,pfaab001
2023,WAS202305030,2023-05-03,0,WAS,CHN,2,1,WAS11,irvij001,strom001
2023,BOS202305040,2023-05-04,0,BOS,TOR,11,5,BOS07,bellb002,gausk001
2023,CHA202305040,2023-05-04,0,CHA,MIN,3,7,CHI12,gioll001,lopep002
2023,COL202305040,2023-05-04,0,COL,MIL,9,6,DEN02,seabc001,milew001
2023,DET202305040,2023-05-04,0,DET,NYN,2,0,DET05,rodre004,verlj001
2023,KCA202305040,2023-05-04,0,KCA,BAL,10,13,KAN06,lylej001,rodrg003
2023,MIA202305040,2023-05-04,0,MIA,ATL,3,6,MIA02,luzaj001,doddd001
2023,OAK202305040,2023-05-04,0,OAK,SEA,3,5,OAK01,rucid001,kirbg001
2023,SLN202305040,2023-05-04,0,SLN,ANA,7,11,STL10,flahj002,canng001
2023,TBA202305040,2023-05-04,0,TBA,PIT,3,2,STP01,efliz001,velav001
2023,WAS202305040,2023-05-04,0,WAS,CHN,4,3,WAS11,corbp001,tailj001
2023,ANA202305050,2023-05-05,0,ANA,TEX,5,4,ANA01,andet002,dunnd001
2023,ARI202305050,2023-05-05,0,ARI,WAS,3,1,PHO01,kellm002,grayj004
2023,ATL202305050,2023-05-05,0,ATL,BAL,4,9,ATL03,friem001,kremd001
2023,CHN202305050,2023-05-05,0,CHN,MIA,4,1,CHI11,steej002,cabre003
2023,CIN202305050,2023-05-05,0,CIN,CHA,4,5,CIN09,greeh001,lynnl001
2023,CLE202305050,2023-05-05,0,CLE,MIN,0,2,CLE08,battp001,oberb002
2023,KCA202305050,2023-05-05,0,KCA,OAK,8,12,KAN06,kellb003,mullk001
2023,NYN202305050,2023-05-05,0,NYN,COL,1,0,NYC20,sengk001,senza001
2023,PHI202305050,2023-05-05,0,PHI,BOS,3,5,PHI13,wheez001,salec001
2023,PIT202305050,2023-05-05,0,PIT,TOR,0,4,PIT08,hillr001,bassc001
2023,SDN202305050,2023-05-05,0,SDN,LAN,5,2,SAN02,darvy001,kersc001
2023,SEA202305050,2023-05-05,0,SEA,HOU,4,6,SEA03,castl003,javic001
2023,SFN202305050,2023-05-05,0,SFN,MIL,6,4,SFO03,manas001,burnc002
2023,SLN202305050,2023-05-05,0,SLN,DET,4,5,STL10,montj004,boydm001
2023,TBA202305050,2023-05-05,0,TBA,NYA,5,4,STP01,chiry001,britj003
2023,ANA202305060,2023-05-06,0,ANA,TEX,1,10,ANA01,detmr001,eovan001
2023,ARI202305060,2023-05-06,0,ARI,WAS,8,7,PHO01,henrt001,gorem001
2023,ATL202305060,2023-05-06,0,ATL,BAL,5,4,ATL03,stris002,bradk001
2023,CHN202305060,2023-05-06,0,CHN,MIA,4,2,CHI11,smyld001,barnm001
2023,CIN202305060,2023-05-06,0,CIN,CHA,5,3,CIN09,lodon001,clevm001
2023,CLE202305060,2023-05-06,0,CLE,MIN,4,3,CLE08,allel003,grays001
2023,KCA202305060,2023-05-06,0,KCA,OAK,4,5,KAN06,singb001,waldk003
2023,NYN202305060,2023-05-06,0,NYN,COL,2,5,NYC20,megit002,gomba001
2023,PHI202305060,2023-05-06,0,PHI,BOS,4,7,PHI13,faltb001,klubc001
2023,PIT202305060,2023-05-06,0,PIT,TOR,2,8,PIT08,oviej001,berrj001
2023,SDN202305060,2023-05-06,0,SDN,LAN,1,2,SAN02,snelb001,may-d003
2023,SEA202305060,2023-05-06,0,SEA,HOU,7,5,SEA03,gonzm005,franj006
2023,SFN202305060,2023-05-06,0,SFN,MIL,4,1,SFO03,cobba001,rea-c001
2023,SLN202305060,2023-05-06,0,SLN,DET,5,6,STL10,waina001,turns003
2023,TBA202305060,2023-05-06,0,TBA,NYA,2,3,STP01,rasmd002,germd001
2023,ANA202305070,2023-05-07,0,ANA,TEX,8,16,ANA01,suarj001,perem004
2023,ARI202305070,2023-05-07,0,ARI,WAS,8,9,PHO01,nelsr003,willt002
2023,ATL202305070,2023-05-07,0,ATL,BAL,3,2,ATL03,eldeb001,wellt003
2023,CHN202305070,2023-05-07,0,CHN,MIA,4,5,CHI11,wesnh001,alcas001
2023,CIN202305070,2023-05-07,0,CIN,CHA,4,17,CIN09,ashcg001,kopem001
2023,CLE202305070,2023-05-07,0,CLE,MIN,2,0,CLE08,quanc001,ryanj002
2023,KCA202305070,2023-05-07,0,KCA,OAK,5,1,KAN06,yarbr001,millm004
2023,NYN202305070,2023-05-07,0,NYN,COL,6,13,NYC20,luccj001,feltr001
2023,PHI202305070,2023-05-07,0,PHI,BOS,6,1,PHI13,walkt004,houct001
2023,PIT202305070,2023-05-07,0,PIT,TOR,1,10,PIT08,contr001,kikuy001
2023,SDN202305070,2023-05-07,0,SDN,LAN,2,5,SAN02,musgj001,uriaj001
2023,SEA202305070,2023-05-07,0,SEA,HOU,3,1,SEA03,millb004,bielb001
2023,SFN202305070,2023-05-07,0,SFN,MIL,3,7,SFO03,strir001,housa001
2023,SLN202305070,2023-05-07,0,SLN,DET,12,6,STL10,matzs001,faeda001
2023,TBA202305070,2023-05-07,0,TBA,NYA,8,7,STP01,guerj004,coleg001
2023,ANA202305080,2023-05-08,0,ANA,HOU,6,4,ANA01,sandp002,browh001
2023,ARI202305080,2023-05-08,0,ARI,MIA,5,2,PHO01,gallz001,garrb001
2023,BAL202305080,2023-05-08,0,BAL,TBA,0,3,BAL12,gibsk002,mccls003
2023,CHN202305080,2023-05-08,0,CHN,SLN,1,3,CHI11,strom001,mikom001
2023,CLE202305080,2023-05-08,0,CLE,DET,2,6,CLE08,bibet001,wentj001
2023,KCA202305080,2023-05-08,0,KCA,CHA,12,5,KAN06,greiz001,ceasd001
2023,MIL202305080,2023-05-08,0,MIL,LAN,9,3,MIL06,peraf001,gonst001
2023,NYA202305080,2023-05-08,0,NYA,OAK,7,2,NYC21,cortn001,searj001
2023,PIT202305080,2023-05-08,0,PIT,COL,2,0,PIT08,kellm003,freek001
2023,SEA202305080,2023-05-08,0,SEA,TEX,1,2,SEA03,gilbl002,grayj003
2023,SFN202305080,2023-05-08,0,SFN,WAS,1,5,SFO03,desca001,irvij001
2023,ANA202305090,2023-05-09,0,ANA,HOU,1,3,ANA01,ohtas001,valdf001
2023,ARI202305090,2023-05-09,0,ARI,MIA,2,6,PHO01,pfaab001,luzaj001
2023,ATL202305090,2023-05-09,0,ATL,BOS,9,3,ATL03,mortc002,piven001
2023,BAL202305090,2023-05-09,0,BAL,TBA,4,2,BAL12,rodrg003,efliz001
2023,CHN202305090,2023-05-09,0,CHN,SLN,4,6,CHI11,tailj001,flahj002
2023,CIN202305090,2023-05-09,0,CIN,NYN,7,6,CIN09,weavl001,peted003
2023,CLE202305090,2023-05-09,0,CLE,DET,2,0,CLE08,biebs001,lorem002
2023,KCA202305090,2023-05-09,0,KCA,CHA,2,4,KAN06,lylej001,gioll001
2023,MIL202305090,2023-05-09,0,MIL,LAN,2,6,MIL06,lauee001,syndn001
2023,MIN202305090,2023-05-09,0,MIN,SDN,1,6,MIN04,varll001,wachm001
2023,NYA202305090,2023-05-09,0,NYA,OAK,10,5,NYC21,schmc002,rucid001
2023,PHI202305090,2023-05-09,0,PHI,TOR,8,4,PHI13,nolaa001,manoa001
2023,PIT202305090,2023-05-09,0,PIT,COL,1,10,PIT08,ortil003,seabc001
2023,SEA202305090,2023-05-09,0,SEA,TEX,5,0,SEA03,kirbg001,heana001
2023,SFN202305090,2023-05-09,0,SFN,WAS,4,1,SFO03,webbl001,corbp001
2023,ANA202305100,2023-05-10,0,ANA,HOU,4,5,ANA01,canng001,javic001
2023,ARI202305100,2023-05-10,0,ARI,MIA,4,5,PHO01,kellm002,cabre003
2023,ATL202305100,2023-05-10,0,ATL,BOS,2,5,ATL03,lee-d005,bellb002
2023,BAL202305100,2023-05-10,0,BAL,TBA,2,1,BAL12,kremd001,beekj001
2023,CHN202305100,2023-05-10,0,CHN,SLN,10,4,CHI11,steej002,montj004
2023,CIN202305100,2023-05-10,0,CIN,NYN,1,2,CIN09,greeh001,verlj001
2023,CLE202305100,2023-05-10,0,CLE,DET,0,5,CLE08,battp001,rodre004
2023,KCA202305100,2023-05-10,0,KCA,CHA,9,1,KAN06,kellb003,lynnl001
2023,MIL202305100,2023-05-10,0,MIL,LAN,1,8,MIL06,milew001,kersc001
2023,MIN202305100,2023-05-10,0,MIN,SDN,4,3,MIN04,lopep002,lugos001
2023,NYA202305100,2023-05-10,0,NYA,OAK,11,3,NYC21,britj003,mullk001
2023,PHI202305100,2023-05-10,0,PHI,TOR,2,1,PHI13,wheez001,gausk001
2023,PIT202305100,2023-05-10,0,PIT,COL,3,4,PIT08,hillr001,senza001
2023,SEA202305100,2023-05-10,0,SEA,TEX,3,4,SEA03,castl003,dunnd001
2023,SFN202305100,2023-05-10,0,SFN,WAS,6,11,SFO03,manas001,grayj004
2023,ARI202305110,2023-05-11,0,ARI,SFN,2,6,PHO01,henrt001,cobba001
2023,CIN202305110,2023-05-11,0,CIN,NYN,5,0,CIN09,law-d001,sengk001
2023,KCA202305110,2023-05-11,0,KCA,CHA,4,3,KAN06,singb001,clevm001
2023,MIN202305110,2023-05-11,0,MIN,SDN,5,3,MIN04,oberb002,darvy001
2023,NYA202305110,2023-05-11,0,NYA,TBA,2,8,NYC21,germd001,rasmd002
2023,OAK202305110,2023-05-11,0,OAK,TEX,0,4,OAK01,medil002,eovan001
2023,ARI202305120,2023-05-12,0,ARI,SFN,7,5,PHO01,nelsr003,brebj001
2023,BAL202305120,2023-05-12,0,BAL,PIT,6,3,BAL12,bradk001,oviej001
2023,BOS202305120,2023-05-12,0,BOS,SLN,6,8,BOS07,paxtj001,waina001
2023,CHA202305120,2023-05-12,0,CHA,HOU,1,5,CHI12,kopem001,franj006
2023,CLE202305120,2023-05-12,0,CLE,ANA,4,5,CLE08,allel003,andet002
2023,COL202305120,2023-05-12,0,COL,PHI,3,6,DEN02,gomba001,walkt004
2023,DET202305120,2023-05-12,0,DET,SEA,2,9,DET05,boydm001,gonzm005
2023,LAN202305120,2023-05-12,0,LAN,SDN,4,2,LOS03,may-d003,snelb001
2023,MIA202305120,2023-05-12,0,MIA,CIN,4,7,MIA02,peree004,ashcg001
2023,MIL202305120,2023-05-12,0,MIL,KCA,5,1,MIL06,burnc002,taylj001
2023,MIN202305120,2023-05-12,0,MIN,CHN,2,6,MIN04,grays001,smyld001
2023,NYA202305120,2023-05-12,0,NYA,TBA,6,5,NYC21,coleg001,kellt002
2023,OAK202305120,2023-05-12,0,OAK,TEX,9,7,OAK01,waldk003,perem004
2023,TOR202305120,2023-05-12,0,TOR,ATL,3,0,TOR02,bassc001,stris002
2023,WAS202305120,2023-05-12,0,WAS,NYN,2,3,WAS11,gorem001,megit002
2023,ARI202305130,2023-05-13,0,ARI,SFN,7,2,PHO01,gallz001,desca001
2023,BAL202305130,2023-05-13,0,BAL,PIT,2,0,BAL12,wellt003,contr001
2023,BOS202305130,2023-05-13,0,BOS,SLN,3,4,BOS07,salec001,matzs001
2023,CHA202305130,2023-05-13,0,CHA,HOU,3,1,CHI12,ceasd001,bielb001
2023,CLE202305130,2023-05-13,0,CLE,ANA,8,6,CLE08,quanc001,detmr001
2023,COL202305130,2023-05-13,0,COL,PHI,4,7,DEN02,feltr001,suarr001
2023,DET202305130,2023-05-13,0,DET,SEA,0,5,DET05,faeda001,millb004
2023,LAN202305130,2023-05-13,0,LAN,SDN,4,2,LOS03,uriaj001,musgj001
2023,MIA202305130,2023-05-13,0,MIA,CIN,5,6,MIA02,alcas001,law-d001
2023,MIL202305130,2023-05-13,0,MIL,KCA,4,3,MIL06,housa001,greiz001
2023,MIN202305130,2023-05-13,0,MIN,CHN,11,1,MIN04,ryanj002,wesnh001
2023,NYA202305130,2023-05-13,0,NYA,TBA,9,8,NYC21,cortn001,mccls003
2023,OAK202305130,2023-05-13,0,OAK,TEX,0,5,OAK01,kaprj001,grayj003
2023,TOR202305130,2023-05-13,0,TOR,ATL,5,2,TOR02,berrj001,eldeb001
2023,WAS202305130,2023-05-13,0,WAS,NYN,3,2,WAS11,willt002,luccj001
2023,ARI202305140,2023-05-14,0,ARI,SFN,2,1,PHO01,pfaab001,webbl001
2023,BAL202305140,2023-05-14,0,BAL,PIT,0,4,BAL12,gibsk002,kellm003
2023,BOS202305140,2023-05-14,0,BOS,SLN,1,9,BOS07,klubc001,mikom001
2023,CHA202305140,2023-05-14,0,CHA,HOU,3,4,CHI12,gioll001,browh001
2023,CLE202305140,2023-05-14,0,CLE,ANA,4,3,CLE08,bibet001,sandp002
2023,COL202305140,2023-05-14,0,COL,PHI,4,0,DEN02,freek001,nolaa001
2023,DET202305140,2023-05-14,0,DET,SEA,5,3,DET05,wentj001,gilbl002
2023,LAN202305140,2023-05-14,0,LAN,SDN,4,0,LOS03,gonst001,weatr001
2023,MIA202305140,2023-05-14,0,MIA,CIN,3,1,MIA02,garrb001,weavl001
2023,MIL202305140,2023-05-14,0,MIL,KCA,9,6,MIL06,rea-c001,lylej001
2023,MIN202305140,2023-05-14,0,MIN,CHN,16,3,MIN04,varll001,strom001
2023,NYA202305140,2023-05-14,0,NYA,TBA,7,8,NYC21,schmc002,efliz001
2023,OAK202305140,2023-05-14,0,OAK,TEX,3,11,OAK01,searj001,heana001
2023,TOR202305140,2023-05-14,0,TOR,ATL,6,5,TOR02,kikuy001,mchuc001
2023,WAS202305140,2023-05-14,0,WAS,NYN,2,8,WAS11,irvij001,schem001
2023,BAL202305150,2023-05-15,0,BAL,ANA,5,9,BAL12,rodrg003,ohtas001
2023,BOS202305150,2023-05-15,0,BOS,SEA,1,10,BOS07,houct001,kirbg001
2023,COL202305150,2023-05-15,0,COL,CIN,9,8,DEN02,seabc001,greeh001
2023,HOU202305150,2023-05-15,0,HOU,CHN,6,4,HOU03,valdf001,tailj001
2023,LAN202305150,2023-05-15,0,LAN,MIN,9,8,LOS03,syndn001,lopep002
2023,OAK202305150,2023-05-15,0,OAK,ARI,2,5,OAK01,rucid001,kellm002
2023,SDN202305150,2023-05-15,0,SDN,KCA,4,0,SAN02,wachm001,kellb003
2023,SFN202305150,2023-05-15,0,SFN,PHI,6,3,SFO03,wooda002,brogc001
2023,SLN202305150,2023-05-15,0,SLN,MIL,18,1,STL10,flahj002,peraf001
2023,TEX202305150,2023-05-15,0,TEX,ATL,0,12,ARL03,bradc003,mortc002
2023,TOR202305150,2023-05-15,0,TOR,NYA,4,7,TOR02,manoa001,cordj001
2023,WAS202305150,2023-05-15,0,WAS,NYN,10,3,WAS11,corbp001,peted003
2023,BAL202305160,2023-05-16,0,BAL,ANA,7,3,BAL12,kremd001,silsc001
2023,BOS202305160,2023-05-16,0,BOS,SEA,9,4,BOS07,piven001,castl003
2023,CHA202305160,2023-05-16,0,CHA,CLE,8,3,CHI12,lynnl001,biebs001
2023,COL202305160,2023-05-16,0,COL,CIN,1,3,DEN02,andec001,willb003
2023,DET202305160,2023-05-16,0,DET,PIT,4,0,DET05,lorem002,ortil003
2023,HOU202305160,2023-05-16,0,HOU,CHN,7,3,HOU03,javic001,steej002
2023,LAN202305160,2023-05-16,0,LAN,MIN,1,5,LOS03,kersc001,oberb002
2023,MIA202305160,2023-05-16,0,MIA,WAS,5,4,MIA02,luzaj001,grayj004
2023,NYN202305160,2023-05-16,0,NYN,TBA,5,8,NYC20,verlj001,beekj001
2023,OAK202305160,2023-05-16,0,OAK,ARI,9,8,OAK01,mullk001,henrt001
2023,SDN202305160,2023-05-16,0,SDN,KCA,4,5,SAN02,lugos001,singb001
2023,SFN202305160,2023-05-16,0,SFN,PHI,4,3,SFO03,cobba001,wheez001
2023,SLN202305160,2023-05-16,0,SLN,MIL,2,3,STL10,montj004,milew001
2023,TEX202305160,2023-05-16,0,TEX,ATL,7,4,ARL03,dunnd001,shusj001
2023,TOR202305160,2023-05-16,0,TOR,NYA,3,6,TOR02,gausk001,germd001
2023,BAL202305170,2023-05-17,0,BAL,ANA,3,1,BAL12,bradk001,canng001
2023,BOS202305170,2023-05-17,0,BOS,SEA,12,3,BOS07,bellb002,gonzm005
2023,CHA202305170,2023-05-17,0,CHA,CLE,7,2,CHI12,clevm001,battp001
2023,COL202305170,2023-05-17,0,COL,CIN,11,6,DEN02,gomba001,ashcg001
2023,DET202305170,2023-05-17,0,DET,PIT,0,8,DET05,rodre004,hillr001
2023,HOU202305170,2023-05-17,0,HOU,CHN,7,6,HOU03,franj006,smyld001
2023,LAN202305170,2023-05-17,0,LAN,MIN,7,3,LOS03,may-d003,grays001
2023,MIA202305170,2023-05-17,0,MIA,WAS,4,3,MIA02,cabre003,gorem001
2023,NYN202305170,2023-05-17,0,NYN,TBA,8,7,NYC20,sengk001,flemj001
2023,OAK202305170,2023-05-17,0,OAK,ARI,3,5,OAK01,medil002,nelsr003
2023,SDN202305170,2023-05-17,0,SDN,KCA,3,4,SAN02,darvy001,hernc006
2023,SFN202305170,2023-05-17,0,SFN,PHI,7,4,SFO03,strir001,walkt004
2023,SLN202305170,2023-05-17,0,SLN,MIL,3,0,STL10,libem001,burnc002
2023,TEX202305170,2023-05-17,0,TEX,ATL,5,6,ARL03,eovan001,stris002
2023,TOR202305170,2023-05-17,0,TOR,NYA,3,0,TOR02,bassc001,coleg001
2023,BAL202305180,2023-05-18,0,BAL,ANA,5,6,BAL12,wellt003,andet002
2023,CHA202305180,2023-05-18,0,CHA,CLE,1,3,CHI12,ceasd001,allel003
2023,MIA202305180,2023-05-18,0,MIA,WAS,5,3,MIA02,peree004,willt002
2023,NYN202305180,2023-05-18,0,NYN,TBA,3,2,NYC20,megit002,bradt002
2023,SLN202305180,2023-05-18,0,SLN,LAN,16,8,STL10,waina001,uriaj001
2023,TOR202305180,2023-05-18,0,TOR,NYA,2,4,TOR02,berrj001,cortn001
2023,ANA202305190,2023-05-19,0,ANA,MIN,5,4,ANA01,detmr001,ryanj002
2023,ATL202305190,2023-05-19,0,ATL,SEA,6,2,ATL03,eldeb001,millb004
2023,CHA202305190,2023-05-19,0,CHA,KCA,2,0,CHI12,kopem001,greiz001
2023,CIN202305190,2023-05-19,0,CIN,NYA,2,6,CIN09,liveb001,schmc002
2023,HOU202305190,2023-05-19,0,HOU,OAK,5,1,HOU03,bielb001,waldk003
2023,NYN202305190,2023-05-19,0,NYN,CLE,10,9,NYC20,carrc003,quanc001
2023,PHI202305190,2023-05-19,0,PHI,CHN,1,10,PHI13,suarr001,strom001
2023,PIT202305190,2023-05-19,0,PIT,ARI,13,3,PIT08,oviej001,gallz001
2023,SDN202305190,2023-05-19,0,SDN,BOS,1,6,SAN02,snelb001,paxtj001
2023,SFN202305190,2023-05-19,0,SFN,MIA,4,3,SFO03,desca001,alcas001
2023,SLN202305190,2023-05-19,0,SLN,LAN,0,5,STL10,matzs001,gonst001
2023,TBA202305190,2023-05-19,0,TBA,MIL,1,0,STP01,mccls003,housa001
2023,TEX202305190,2023-05-19,0,TEX,COL,7,2,ARL03,perem004,kaufk001
2023,TOR202305190,2023-05-19,0,TOR,BAL,2,6,TOR02,kikuy001,gibsk002
2023,WAS202305190,2023-05-19,0,WAS,DET,6,8,WAS11,irvij001,boydm001
2023,ANA202305200,2023-05-20,0,ANA,MIN,2,6,ANA01,sandp002,varll001
2023,ATL202305200,2023-05-20,0,ATL,SEA,3,7,ATL03,chavj001,gilbl002
2023,CHA202305200,2023-05-20,0,CHA,KCA,5,1,CHI12,gioll001,lylej001
2023,CIN202305200,2023-05-20,0,CIN,NYA,4,7,CIN09,weavl001,britj003
2023,HOU202305200,2023-05-20,0,HOU,OAK,3,2,HOU03,browh001,searj001
2023,PHI202305200,2023-05-20,0,PHI,CHN,12,3,PHI13,nolaa001,tailj001
2023,PIT202305200,2023-05-20,0,PIT,ARI,3,4,PIT08,kellm003,pfaab001
2023,SDN202305200,2023-05-20,0,SDN,BOS,2,4,SAN02,musgj001,salec001
2023,SFN202305200,2023-05-20,0,SFN,MIA,0,1,SFO03,webbl001,garrb001
2023,SLN202305200,2023-05-20,0,SLN,LAN,6,5,STL10,mikom001,syndn001
2023,TBA202305200,2023-05-20,0,TBA,MIL,8,4,STP01,efliz001,lauee001
2023,TEX202305200,2023-05-20,0,TEX,COL,11,5,ARL03,grayj003,freek001
2023,TOR202305200,2023-05-20,0,TOR,BAL,5,6,TOR02,manoa001,rodrg003
2023,WAS202305200,2023-05-20,0,WAS,DET,5,2,WAS11,corbp001,faeda001
2023,ANA202305210,2023-05-21,0,ANA,MIN,4,2,ANA01,ohtas001,lopep002
2023,ATL202305210,2023-05-21,0,ATL,SEA,3,2,ATL03,shusj001,kirbg001
2023,CHA202305210,2023-05-21,0,CHA,KCA,5,2,CHI12,lynnl001,hernc006
2023,CIN202305210,2023-05-21,0,CIN,NYA,1,4,CIN09,greeh001,sevel001
2023,HOU202305210,2023-05-21,0,HOU,OAK,2,0,HOU03,valdf001,kaprj001
2023,NYN202305211,2023-05-21,1,NYN,CLE,5,4,NYC20,schem001,bibet001
2023,NYN202305212,2023-05-21,2,NYN,CLE,2,1,NYC20,verlj001,biebs001
2023,PHI202305210,2023-05-21,0,PHI,CHN,2,1,PHI13,walkt004,steej002
2023,PIT202305210,2023-05-21,0,PIT,ARI,3,8,PIT08,contr001,kellm002
2023,SDN202305210,2023-05-21,0,SDN,BOS,7,0,SAN02,wachm001,klubc001
2023,SFN202305210,2023-05-21,0,SFN,MIA,7,5,SFO03,wooda002,luzaj001
2023,SLN202305210,2023-05-21,0,SLN,LAN,10,5,STL10,flahj002,kersc001
2023,TBA202305210,2023-05-21,0,TBA,MIL,4,6,STP01,beekj001,peraf001
2023,TEX202305210,2023-05-21,0,TEX,COL,13,3,ARL03,heana001,seabc001
2023,TOR202305210,2023-05-21,0,TOR,BAL,3,8,TOR02,gausk001,kremd001
2023,WAS202305210,2023-05-21,0,WAS,DET,6,4,WAS11,grayj004,wentj001
2023,ANA202305220,2023-05-22,0,ANA,BOS,2,1,ANA01,barrj003,houct001
2023,ATL202305220,2023-05-22,0,ATL,LAN,6,8,ATL03,mortc002,stong001
2023,CIN202305220,2023-05-22,0,CIN,SLN,6,5,CIN09,willb003,montj004
2023,CLE202305220,2023-05-22,0,CLE,CHA,3,0,CLE08,gaddh001,lambj003
2023,COL202305220,2023-05-22,0,COL,MIA,5,3,DEN02,andec001,cabre003
2023,KCA202305220,2023-05-22,0,KCA,DET,5,8,KAN06,singb001,lorem002
2023,MIL202305220,2023-05-22,0,MIL,HOU,2,12,MIL06,burnc002,javic001
2023,MIN202305220,2023-05-22,0,MIN,SFN,1,4,MIN04,oberb002,brebj001
2023,PHI202305220,2023-05-22,0,PHI,ARI,3,6,PHI13,wheez001,henrt001
2023,PIT202305220,2023-05-22,0,PIT,TEX,6,4,PIT08,ortil003,dunnd001
2023,SEA202305220,2023-05-22,0,SEA,OAK,11,2,SEA03,castl003,mullk001
2023,TBA202305220,2023-05-22,0,TBA,TOR,6,4,STP01,kellt002,bassc001
2023,ANA202305230,2023-05-23,0,ANA,BOS,4,0,ANA01,canng001,bellb002
2023,ATL202305230,2023-05-23,0,ATL,LAN,1,8,ATL03,stris002,millb005
2023,CHN202305230,2023-05-23,0,CHN,NYN,7,2,CHI11,smyld001,megit002
2023,CIN202305230,2023-05-23,0,CIN,SLN,5,8,CIN09,ashcg001,waina001
2023,CLE202305230,2023-05-23,0,CLE,CHA,2,4,CLE08,allel003,ceasd001
2023,COL202305230,2023-05-23,0,COL,MIA,5,4,DEN02,gomba001,peree004
2023,KCA202305230,2023-05-23,0,KCA,DET,4,1,KAN06,mayem001,rodre004
2023,MIL202305230,2023-05-23,0,MIL,HOU,6,0,MIL06,rea-c001,franj006
2023,MIN202305230,2023-05-23,0,MIN,SFN,3,4,MIN04,grays001,cobba001
2023,NYA202305230,2023-05-23,0,NYA,BAL,6,5,NYC21,coleg001,bradk001
2023,PHI202305230,2023-05-23,0,PHI,ARI,3,4,PHI13,stram001,nelsr003
2023,PIT202305230,2023-05-23,0,PIT,TEX,1,6,PIT08,hillr001,eovan001
2023,SEA202305230,2023-05-23,0,SEA,OAK,3,2,SEA03,gonzm005,medil002
2023,TBA202305230,2023-05-23,0,TBA,TOR,1,20,STP01,bradt002,berrj001
2023,WAS202305230,2023-05-23,0,WAS,SDN,4,7,WAS11,gorem001,darvy001
2023,ANA202305240,2023-05-24,0,ANA,BOS,7,3,ANA01,andet002,paxtj001
2023,ATL202305240,2023-05-24,0,ATL,LAN,4,3,ATL03,eldeb001,gonst001
2023,CHN202305240,2023-05-24,0,CHN,NYN,4,2,CHI11,strom001,sengk001
2023,CIN202305240,2023-05-24,0,CIN,SLN,10,3,CIN09,liveb001,matzs001
2023,CLE202305240,2023-05-24,0,CLE,CHA,0,6,CLE08,quanc001,kopem001
2023,COL202305240,2023-05-24,0,COL,MIA,2,10,DEN02,kaufk001,alcas001
2023,KCA202305240,2023-05-24,0,KCA,DET,4,6,KAN06,greiz001,boydm001
2023,MIL202305240,2023-05-24,0,MIL,HOU,4,0,MIL06,housa001,bielb001
2023,MIN202305240,2023-05-24,0,MIN,SFN,7,1,MIN04,ryanj002,desca001
2023,NYA202305240,2023-05-24,0,NYA,BAL,6,9,NYC21,cortn001,wellt003
2023,PHI202305240,2023-05-24,0,PHI,ARI,6,5,PHI13,suarr001,gallz001
2023,PIT202305240,2023-05-24,0,PIT,TEX,2,3,PIT08,oviej001,perem004
2023,SEA202305240,2023-05-24,0,SEA,OAK,6,1,SEA03,millb004,pruia001
2023,TBA202305240,2023-05-24,0,TBA,TOR,7,3,STP01,mccls003,kikuy001
2023,WAS202305240,2023-05-24,0,WAS,SDN,5,3,WAS11,willt002,weatr001
2023,ATL202305250,2023-05-25,0,ATL,PHI,8,5,ATL03,doddd001,nolaa001
2023,CHN202305250,2023-05-25,0,CHN,NYN,1,10,CHI11,hendk001,carrc003
2023,CIN202305250,2023-05-25,0,CIN,SLN,1,2,CIN09,weavl001,mikom001
2023,COL202305250,2023-05-25,0,COL,MIA,7,6,DEN02,freek001,garrb001
2023,DET202305250,2023-05-25,0,DET,CHA,7,2,DET05,faeda001,gioll001
2023,MIL202305250,2023-05-25,0,MIL,SFN,0,5,MIL06,tehej001,alexs001
2023,NYA202305250,2023-05-25,0,NYA,BAL,1,3,NYC21,schmc002,gibsk002
2023,SEA202305250,2023-05-25,0,SEA,OAK,3,2,SEA03,gilbl002,searj001
2023,TBA202305250,2023-05-25,0,TBA,TOR,6,3,STP01,efliz001,manoa001
2023,WAS202305250,2023-05-25,0,WAS,SDN,6,8,WAS11,irvij001,snelb001
2023,ANA202305260,2023-05-26,0,ANA,MIA,2,6,ANA01,detmr001,luzaj001
2023,ARI202305260,2023-05-26,0,ARI,BOS,2,7,PHO01,pfaab001,salec001
2023,ATL202305260,2023-05-26,0,ATL,PHI,4,6,ATL03,shusj001,walkt004
2023,BAL202305260,2023-05-26,0,BAL,TEX,2,12,BAL12,rodrg003,grayj003
2023,CHN202305260,2023-05-26,0,CHN,CIN,0,9,CHI11,steej002,greeh001
2023,CLE202305260,2023-05-26,0,CLE,SLN,4,3,CLE08,biebs001,libem001
2023,COL202305260,2023-05-26,0,COL,NYN,2,5,DEN02,seabc001,schem001
2023,DET202305260,2023-05-26,0,DET,CHA,3,12,DET05,wentj001,lynnl001
2023,KCA202305260,2023-05-26,0,KCA,WAS,10,12,KAN06,lylej001,corbp001
2023,MIL202305260,2023-05-26,0,MIL,SFN,1,15,MIL06,peraf001,wooda002
2023,MIN202305260,2023-05-26,0,MIN,TOR,1,3,MIN04,varll001,gausk001
2023,NYA202305260,2023-05-26,0,NYA,SDN,1,5,NYC21,vasqr001,musgj001
2023,OAK202305260,2023-05-26,0,OAK,HOU,2,5,OAK01,kaprj001,browh001
2023,SEA202305260,2023-05-26,0,SEA,PIT,6,11,SEA03,kirbg001,kellm003
2023,TBA202305260,2023-05-26,0,TBA,LAN,9,3,STP01,beekj001,syndn001
2023,ANA202305270,2023-05-27,0,ANA,MIA,5,8,ANA01,ohtas001,cabre003
2023,ARI202305270,2023-05-27,0,ARI,BOS,1,2,PHO01,daviz001,whitg002
2023,ATL202305270,2023-05-27,0,ATL,PHI,1,2,ATL03,mortc002,wheez001
2023,BAL202305270,2023-05-27,0,BAL,TEX,3,5,BAL12,kremd001,heana001
2023,CHN202305270,2023-05-27,0,CHN,CIN,5,8,CHI11,tailj001,willb003
2023,CLE202305270,2023-05-27,0,CLE,SLN,1,2,CLE08,bibet001,flahj002
2023,COL202305270,2023-05-27,0,COL,NYN,10,7,DEN02,andec001,verlj001
2023,DET202305270,2023-05-27,0,DET,CHA,7,3,DET05,lorem002,schoj002
2023,KCA202305270,2023-05-27,0,KCA,WAS,2,4,KAN06,singb001,grayj004
2023,MIL202305270,2023-05-27,0,MIL,SFN,1,3,MIL06,burnc002,webbl001
2023,MIN202305270,2023-05-27,0,MIN,TOR,9,7,MIN04,lopep002,bassc001
2023,NYA202305270,2023-05-27,0,NYA,SDN,3,2,NYC21,sevel001,wachm001
2023,OAK202305270,2023-05-27,0,OAK,HOU,3,6,OAK01,pruia001,valdf001
2023,SEA202305270,2023-05-27,0,SEA,PIT,5,0,SEA03,castl003,velav001
2023,TBA202305270,2023-05-27,0,TBA,LAN,5,6,STP01,glast001,kersc001
2023,ANA202305280,2023-05-28,0,ANA,MIA,0,2,ANA01,sandp002,peree004
2023,ARI202305280,2023-05-28,0,ARI,BOS,4,2,PHO01,kellm002,houct001
2023,ATL202305280,2023-05-28,0,ATL,PHI,11,4,ATL03,stris002,coved001
2023,BAL202305280,2023-05-28,0,BAL,TEX,3,2,BAL12,bradk001,bradc003
2023,CHN202305280,2023-05-28,0,CHN,CIN,5,8,CHI11,smyld001,ashcg001
2023,CLE202305280,2023-05-28,0,CLE,SLN,4,3,CLE08,gaddh001,montj004
2023,COL202305280,2023-05-28,0,COL,NYN,11,10,DEN02,gomba001,megit002
2023,DET202305280,2023-05-28,0,DET,CHA,6,5,DET05,rodre004,ceasd001
2023,KCA202305280,2023-05-28,0,KCA,WAS,3,2,KAN06,lyncd001,gorem001
2023,MIL202305280,2023-05-28,0,MIL,SFN,7,5,MIL06,rea-c001,cobba001
2023,MIN202305280,2023-05-28,0,MIN,TOR,0,3,MIN04,oberb002,berrj001
2023,NYA202305280,2023-05-28,0,NYA,SDN,10,7,NYC21,coleg001,darvy001
2023,OAK202305280,2023-05-28,0,OAK,HOU,1,10,OAK01,waldk003,javic001
2023,SEA202305280,2023-05-28,0,SEA,PIT,6,3,SEA03,gonzm005,ortil003
2023,TBA202305280,2023-05-28,0,TBA,LAN,11,10,STP01,flemj001,stong001
2023,ARI202305290,2023-05-29,0,ARI,COL,7,5,PHO01,nelsr003,kaufk001
2023,BAL202305290,2023-05-29,0,BAL,CLE,0,5,BAL12,wellt003,allel003
2023,CHA202305290,2023-05-29,0,CHA,ANA,4,6,CHI12,kopem001,canng001
2023,CHN202305290,2023-05-29,0,CHN,TBA,1,0,CHI11,strom001,bradt002
2023,DET202305290,2023-05-29,0,DET,TEX,0,5,DET05,boydm001,eovan001
2023,HOU202305290,2023-05-29,0,HOU,MIN,5,7,HOU03,franj006,grays001
2023,LAN202305290,2023-05-29,0,LAN,WAS,6,1,LOS03,millb005,willt002
2023,OAK202305290,2023-05-29,0,OAK,ATL,7,2,OAK01,blacp001,sorom001
2023,SEA202305290,2023-05-29,0,SEA,NYA,4,10,SEA03,millb004,germd001
2023,SFN202305290,2023-05-29,0,SFN,PIT,14,4,SFO03,desca001,hillr001
2023,SLN202305290,2023-05-29,0,SLN,KCA,0,7,STL10,waina001,stauj001
2023,ARI202305300,2023-05-30,0,ARI,COL,5,1,PHO01,gallz001,freek001
2023,BAL202305300,2023-05-30,0,BAL,CLE,8,5,BAL12,gibsk002,quanc001
2023,BOS202305300,2023-05-30,0,BOS,CIN,8,9,BOS07,bellb002,liveb001
2023,CHA202305300,2023-05-30,0,CHA,ANA,7,3,CHI12,gioll001,andet002
2023,CHN202305300,2023-05-30,0,CHN,TBA,2,1,CHI11,hendk001,mccls003
2023,DET202305300,2023-05-30,0,DET,TEX,6,10,DET05,faeda001,perem004
2023,HOU202305300,2023-05-30,0,HOU,MIN,5,1,HOU03,bielb001,ryanj002
2023,LAN202305300,2023-05-30,0,LAN,WAS,9,3,LOS03,gonst001,irvij001
2023,MIA202305300,2023-05-30,0,MIA,SDN,4,9,MIA02,alcas001,weatr001
2023,NYN202305300,2023-05-30,0,NYN,PHI,2,0,NYC20,sengk001,suarr001
2023,OAK202305300,2023-05-30,0,OAK,ATL,2,1,OAK01,searj001,eldeb001
2023,SEA202305300,2023-05-30,0,SEA,NYA,2,10,SEA03,gilbl002,cortn001
2023,SFN202305300,2023-05-30,0,SFN,PIT,1,2,SFO03,brebj001,oviej001
2023,SLN202305300,2023-05-30,0,SLN,KCA,2,1,STL10,mikom001,greiz001
2023,TOR202305300,2023-05-30,0,TOR,MIL,7,2,TOR02,kikuy001,housa001
2023,ARI202305310,2023-05-31,0,ARI,COL,6,0,PHO01,henrt001,lamed001
2023,BAL202305310,2023-05-31,0,BAL,CLE,8,12,BAL12,akink001,biebs001
2023,BOS202305310,2023-05-31,0,BOS,CIN,4,5,BOS07,paxtj001,weavl001
2023,CHA202305310,2023-05-31,0,CHA,ANA,5,12,CHI12,lynnl001,barrj003
2023,CHN202305310,2023-05-31,0,CHN,TBA,3,4,CHI11,steej002,efliz001
2023,DET202305310,2023-05-31,0,DET,TEX,3,2,DET05,wentj001,dunnd001
2023,HOU202305310,2023-05-31,0,HOU,MIN,2,8,HOU03,browh001,varll001
2023,LAN202305310,2023-05-31,0,LAN,WAS,6,10,LOS03,syndn001,corbp001
2023,MIA202305310,2023-05-31,0,MIA,SDN,2,1,MIA02,garrb001,snelb001
2023,NYN202305310,2023-05-31,0,NYN,PHI,4,1,NYC20,carrc003,nolaa001
2023,OAK202305310,2023-05-31,0,OAK,ATL,2,4,OAK01,kaprj001,shusj001
2023,SEA202305310,2023-05-31,0,SEA,NYA,1,0,SEA03,kirbg001,schmc002
2023,SFN202305310,2023-05-31,0,SFN,PIT,4,9,SFO03,wooda002,kellm003
2023,TOR202305310,2023-05-31,0,TOR,MIL,2,4,TOR02,manoa001,tehej001
2023,ARI202306010,2023-06-01,0,ARI,COL,5,4,PHO01,daviz001,seabc001
2023,BOS202306010,2023-06-01,0,BOS,CIN,8,2,BOS07,salec001,greeh001
2023,HOU202306010,2023-06-01,0,HOU,ANA,5,2,HOU03,blanr001,detmr001
2023,MIA202306010,2023-06-01,0,MIA,SDN,1,10,MIA02,luzaj001,musgj001
2023,MIN202306010,2023-06-01,0,MIN,CLE,7,6,MIN04,lopep002,bibet001
2023,NYN202306010,2023-06-01,0,NYN,PHI,4,2,NYC20,schem001,walkt004
2023,TOR202306010,2023-06-01,0,TOR,MIL,3,1,TOR02,gausk001,peraf001
2023,ARI202306020,2023-06-02,0,ARI,ATL,3,2,PHO01,kellm002,mortc002
2023,CHA202306020,2023-06-02,0,CHA,DET,3,0,CHI12,clevm001,olsor001
2023,CIN202306020,2023-06-02,0,CIN,MIL,4,5,CIN09,willb003,burnc002
2023,HOU202306020,2023-06-02,0,HOU,ANA,6,2,HOU03,valdf001,ohtas001
2023,KCA202306020,2023-06-02,0,KCA,COL,2,7,KAN06,lylej001,andec001
2023,LAN202306020,2023-06-02,0,LAN,NYA,8,4,LOS03,kersc001,sevel001
2023,MIA202306020,2023-06-02,0,MIA,OAK,4,0,MIA02,cabre003,fujis001
2023,MIN202306020,2023-06-02,0,MIN,CLE,1,0,MIN04,oberb002,civaa001
2023,NYN202306020,2023-06-02,0,NYN,TOR,0,3,NYC20,verlj001,bassc001
2023,PIT202306020,2023-06-02,0,PIT,SLN,7,5,PIT08,contr001,flahj002
2023,SDN202306020,2023-06-02,0,SDN,CHN,1,2,SAN02,wachm001,tailj001
2023,SFN202306020,2023-06-02,0,SFN,BAL,2,3,SFO03,webbl001,kremd001
2023,TEX202306020,2023-06-02,0,TEX,SEA,2,0,ARL03,grayj003,castl003
2023,WAS202306020,2023-06-02,0,WAS,PHI,8,7,WAS11,grayj004,wheez001
2023,ARI202306030,2023-06-03,0,ARI,ATL,2,5,PHO01,nelsr003,stris002
2023,BOS202306031,2023-06-03,1,BOS,TBA,8,5,BOS07,whitg002,kellt002
2023,BOS202306032,2023-06-03,2,BOS,TBA,2,4,BOS07,crawk001,glast001
2023,CHA202306030,2023-06-03,0,CHA,DET,2,1,CHI12,ceasd001,lorem002
2023,CIN202306030,2023-06-03,0,CIN,MIL,8,10,CIN09,ashcg001,rea-c001
2023,HOU202306030,2023-06-03,0,HOU,ANA,9,6,HOU03,javic001,sandp002
2023,KCA202306030,2023-06-03,0,KCA,COL,4,6,KAN06,lyncd001,gomba001
2023,LAN202306030,2023-06-03,0,LAN,NYA,3,6,LOS03,grovm001,coleg001
2023,MIA202306030,2023-06-03,0,MIA,OAK,12,1,MIA02,peree004,medil002
2023,MIN202306030,2023-06-03,0,MIN,CLE,2,4,MIN04,grays001,allel003
2023,NYN202306030,2023-06-03,0,NYN,TOR,1,2,NYC20,megit002,berrj001
2023,PIT202306030,2023-06-03,0,PIT,SLN,4,3,PIT08,ortil003,montj004
2023,SDN202306030,2023-06-03,0,SDN,CHN,6,0,SAN02,darvy001,smyld001
2023,SFN202306030,2023-06-03,0,SFN,BAL,4,0,SFO03,cobba001,bradk001
2023,TEX202306030,2023-06-03,0,TEX,SEA,16,6,ARL03,heana001,woo-b001
2023,WAS202306030,2023-06-03,0,WAS,PHI,2,4,WAS11,gorem001,stram001
2023,ARI202306040,2023-06-04,0,ARI,ATL,5,8,PHO01,gallz001,sorom001
2023,BOS202306040,2023-06-04,0,BOS,TBA,2,6,BOS07,houct001,bradt002
2023,CHA202306040,2023-06-04,0,CHA,DET,6,2,CHI12,kopem001,boydm001
2023,CIN202306040,2023-06-04,0,CIN,MIL,1,5,CIN09,liveb001,housa001
2023,HOU202306040,2023-06-04,0,HOU,ANA,1,2,HOU03,franj006,canng001
2023,KCA202306040,2023-06-04,0,KCA,COL,2,0,KAN06,singb001,freek001
2023,LAN202306040,2023-06-04,0,LAN,NYA,1,4,LOS03,millb005,germd001
2023,MIA202306040,2023-06-04,0,MIA,OAK,7,5,MIA02,alcas001,blacp001
2023,MIN202306040,2023-06-04,0,MIN,CLE,1,2,MIN04,ryanj002,mcket001
2023,NYN202306040,2023-06-04,0,NYN,TOR,4,6,NYC20,sengk001,kikuy001
2023,PIT202306040,2023-06-04,0,PIT,SLN,2,1,PIT08,hillr001,mikom001
2023,SDN202306040,2023-06-04,0,SDN,CHN,1,7,SAN02,weatr001,strom001
2023,SFN202306040,2023-06-04,0,SFN,BAL,3,8,SFO03,desca001,wellt003
2023,TEX202306040,2023-06-04,0,TEX,SEA,12,3,ARL03,eovan001,millb004
2023,WAS202306040,2023-06-04,0,WAS,PHI,3,11,WAS11,willt002,suarr001
2023,BOS202306050,2023-06-05,0,BOS,TBA,1,4,BOS07,bellb002,mccls003
2023,CIN202306050,2023-06-05,0,CIN,MIL,2,0,CIN09,abboa001,tehej001
2023,MIA202306050,2023-06-05,0,MIA,KCA,9,6,MIA02,garrb001,hernc006
2023,PHI202306050,2023-06-05,0,PHI,DET,8,3,PHI13,nolaa001,wentj001
2023,PIT202306050,2023-06-05,0,PIT,OAK,5,4,PIT08,oviej001,searj001
2023,SDN202306050,2023-06-05,0,SDN,CHN,5,0,SAN02,snelb001,hendk001
2023,TEX202306050,2023-06-05,0,TEX,SLN,4,3,ARL03,perem004,waina001
2023,TOR202306050,2023-06-05,0,TOR,HOU,4,11,TOR02,manoa001,bielb001
2023,ANA202306060,2023-06-06,0,ANA,CHN,7,4,ANA01,andet002,wesnh001
2023,ATL202306060,2023-06-06,0,ATL,NYN,6,4,ATL03,eldeb001,carrc003
2023,CIN202306060,2023-06-06,0,CIN,LAN,9,8,CIN09,weavl001,gonst001
2023,CLE202306060,2023-06-06,0,CLE,BOS,4,5,CLE08,biebs001,paxtj001
2023,COL202306060,2023-06-06,0,COL,SFN,4,10,DEN02,lamed001,brebj001
2023,MIA202306060,2023-06-06,0,MIA,KCA,6,1,MIA02,luzaj001,greiz001
2023,MIL202306060,2023-06-06,0,MIL,BAL,4,3,MIL06,peraf001,gibsk002
2023,NYA202306060,2023-06-06,0,NYA,CHA,2,3,NYC21,schmc002,gioll001
2023,PHI202306060,2023-06-06,0,PHI,DET,1,0,PHI13,walkt004,alext001
2023,PIT202306060,2023-06-06,0,PIT,OAK,2,11,PIT08,kellm003,kaprj001
2023,SDN202306060,2023-06-06,0,SDN,SEA,1,4,SAN02,musgj001,gilbl002
2023,TBA202306060,2023-06-06,0,TBA,MIN,7,0,STP01,efliz001,varll001
2023,TEX202306060,2023-06-06,0,TEX,SLN,6,4,ARL03,dunnd001,libem001
2023,TOR202306060,2023-06-06,0,TOR,HOU,5,1,TOR02,gausk001,browh001
2023,WAS202306060,2023-06-06,0,WAS,ARI,5,10,WAS11,irvij001,henrt001
2023,ANA202306070,2023-06-07,0,ANA,CHN,6,2,ANA01,barrj003,tailj001
2023,ATL202306070,2023-06-07,0,ATL,NYN,7,5,ATL03,mortc002,schem001
2023,CIN202306070,2023-06-07,0,CIN,LAN,8,6,CIN09,willb003,syndn001
2023,CLE202306070,2023-06-07,0,CLE,BOS,5,2,CLE08,bibet001,crawk001
2023,COL202306070,2023-06-07,0,COL,SFN,4,5,DEN02,seabc001,webbl001
2023,MIA202306070,2023-06-07,0,MIA,KCA,6,1,MIA02,cabre003,lylej001
2023,MIL202306070,2023-06-07,0,MIL,BAL,10,2,MIL06,burnc002,kremd001
2023,PIT202306070,2023-06-07,0,PIT,OAK,5,9,PIT08,contr001,harrh002
2023,SDN202306070,2023-06-07,0,SDN,SEA,10,3,SAN02,wachm001,kirbg001
2023,TBA202306070,2023-06-07,0,TBA,MIN,2,1,STP01,armss001,lopep002
2023,TEX202306070,2023-06-07,0,TEX,SLN,0,1,ARL03,grayj003,flahj002
2023,TOR202306070,2023-06-07,0,TOR,HOU,3,2,TOR02,bassc001,blanr001
2023,WAS202306070,2023-06-07,0,WAS,ARI,2,6,WAS11,corbp001,daviz001
2023,ANA202306080,2023-06-08,0,ANA,CHN,3,1,ANA01,detmr001,smyld001
2023,ATL202306080,2023-06-08,0,ATL,NYN,13,10,ATL03,stris002,verlj001
2023,CIN202306080,2023-06-08,0,CIN,LAN,0,6,CIN09,ashcg001,kersc001
2023,CLE202306080,2023-06-08,0,CLE,BOS,10,3,CLE08,civaa001,dermm001
2023,COL202306080,2023-06-08,0,COL,SFN,4,6,DEN02,andec001,cobba001
2023,MIL202306080,2023-06-08,0,MIL,BAL,3,6,MIL06,rea-c001,bradk001
2023,NYA202306081,2023-06-08,1,NYA,CHA,5,6,NYC21,sevel001,lynnl001
2023,NYA202306082,2023-06-08,2,NYA,CHA,3,0,NYC21,vasqr001,clevm001
2023,PHI202306080,2023-06-08,0,PHI,DET,3,2,PHI13,wheez001,holtt002
2023,TBA202306080,2023-06-08,0,TBA,MIN,4,2,STP01,chiry001,oberb002
2023,TOR202306080,2023-06-08,0,TOR,HOU,3,2,TOR02,berrj001,valdf001
2023,ANA202306090,2023-06-09,0,ANA,SEA,5,4,ANA01,ohtas001,castl003
2023,ATL202306090,2023-06-09,0,ATL,WAS,3,2,ATL03,smita001,grayj004
2023,BAL202306090,2023-06-09,0,BAL,KCA,3,2,BAL12,wellt003,lyncd001
2023,CHA202306090,2023-06-09,0,CHA,MIA,2,1,CHI12,ceasd001,peree004
2023,CLE202306090,2023-06-09,0,CLE,HOU,10,9,CLE08,allel003,javic001
2023,COL202306090,2023-06-09,0,COL,SDN,6,9,DEN02,gomba001,darvy001
2023,DET202306090,2023-06-09,0,DET,ARI,6,11,DET05,lorem002,kellm002
2023,MIL202306090,2023-06-09,0,MIL,OAK,2,5,MIL06,housa001,molls001
2023,NYA202306090,2023-06-09,0,NYA,BOS,2,3,NYC21,coleg001,whitg002
2023,PHI202306090,2023-06-09,0,PHI,LAN,5,4,PHI13,suarr001,gonzv001
2023,PIT202306090,2023-06-09,0,PIT,NYN,14,7,PIT08,hillr001,megit002
2023,SFN202306090,2023-06-09,0,SFN,CHN,2,3,SFO03,desca001,strom001
2023,SLN202306090,2023-06-09,0,SLN,CIN,7,4,STL10,montj004,liveb001
2023,TBA202306090,2023-06-09,0,TBA,TEX,8,3,STP01,glast001,heana001
2023,TOR202306090,2023-06-09,0,TOR,MIN,2,3,TOR02,kikuy001,grays001
2023,ANA202306100,2023-06-10,0,ANA,SEA,2,6,ANA01,sandp002,woo-b001
2023,ATL202306100,2023-06-10,0,ATL,WAS,6,4,ATL03,shusj001,gorem001
2023,BAL202306100,2023-06-10,0,BAL,KCA,6,1,BAL12,irvic001,singb001
2023,CHA202306100,2023-06-10,0,CHA,MIA,1,5,CHI12,kopem001,alcas001
2023,CLE202306100,2023-06-10,0,CLE,HOU,4,6,CLE08,mcket001,franj006
2023,COL202306100,2023-06-10,0,COL,SDN,2,3,DEN02,freek001,weatr001
2023,DET202306100,2023-06-10,0,DET,ARI,0,5,DET05,boydm001,nelsr003
2023,MIL202306100,2023-06-10,0,MIL,OAK,1,2,MIL06,tehej001,blacp001
2023,NYA202306100,2023-06-10,0,NYA,BOS,3,1,NYC21,germd001,houct001
2023,PHI202306100,2023-06-10,0,PHI,LAN,0,9,PHI13,nolaa001,millb005
2023,PIT202306100,2023-06-10,0,PIT,NYN,1,5,PIT08,oviej001,sengk001
2023,SFN202306100,2023-06-10,0,SFN,CHN,0,4,SFO03,brebj001,hendk001
2023,SLN202306100,2023-06-10,0,SLN,CIN,4,8,STL10,mikom001,abboa001
2023,TBA202306100,2023-06-10,0,TBA,TEX,4,8,STP01,bradt002,eovan001
2023,TOR202306100,2023-06-10,0,TOR,MIN,4,9,TOR02,richt001,ryanj002
2023,ANA202306110,2023-06-11,0,ANA,SEA,9,4,ANA01,canng001,gilbl002
2023,ATL202306110,2023-06-11,0,ATL,WAS,2,6,ATL03,eldeb001,willt002
2023,BAL202306110,2023-06-11,0,BAL,KCA,11,3,BAL12,gibsk002,hernc006
2023,CHA202306110,2023-06-11,0,CHA,MIA,5,6,CHI12,gioll001,garrb001
2023,CLE202306110,2023-06-11,0,CLE,HOU,5,0,CLE08,biebs001,bielb001
2023,COL202306110,2023-06-11,0,COL,SDN,5,4,DEN02,lamed001,snelb001
2023,DET202306110,2023-06-11,0,DET,ARI,5,7,DET05,vestw001,gallz001
2023,MIL202306110,2023-06-11,0,MIL,OAK,6,8,MIL06,peraf001,searj001
2023,NYA202306110,2023-06-11,0,NYA,BOS,2,3,NYC21,schmc002,bellb002
2023,PHI202306110,2023-06-11,0,PHI,LAN,7,3,PHI13,walkt004,fergc001
2023,PIT202306110,2023-06-11,0,PIT,NYN,2,1,PIT08,kellm003,carrc003
2023,SFN202306110,2023-06-11,0,SFN,CHN,13,3,SFO03,brebj001,wesnh001
2023,SLN202306110,2023-06-11,0,SLN,CIN,3,4,STL10,waina001,greeh001
2023,TBA202306110,2023-06-11,0,TBA,TEX,7,3,STP01,mccls003,perem004
2023,TOR202306110,2023-06-11,0,TOR,MIN,7,6,TOR02,gausk001,varll001
2023,ARI202306120,2023-06-12,0,ARI,PHI,9,8,PHO01,henrt001,stram001
2023,BOS202306120,2023-06-12,0,BOS,COL,3,4,BOS07,paxtj001,seabc001
2023,DET202306120,2023-06-12,0,DET,ATL,6,5,DET05,englm001,mortc002
2023,KCA202306120,2023-06-12,0,KCA,CIN,4,5,KAN06,greiz001,weavl001
2023,OAK202306120,2023-06-12,0,OAK,TBA,4,3,OAK01,kaprj001,efliz001
2023,SEA202306120,2023-06-12,0,SEA,MIA,8,1,SEA03,millb004,luzaj001
2023,SLN202306120,2023-06-12,0,SLN,SFN,3,4,STL10,libem001,webbl001
2023,TEX202306120,2023-06-12,0,TEX,ANA,6,9,ARL03,dunnd001,andet002
2023,ARI202306130,2023-06-13,0,ARI,PHI,3,15,PHO01,daviz001,wheez001
2023,BAL202306130,2023-06-13,0,BAL,TOR,11,6,BAL12,kremd001,bassc001
2023,BOS202306130,2023-06-13,0,BOS,COL,6,7,BOS07,crawk001,andec001
2023,CHN202306130,2023-06-13,0,CHN,PIT,11,3,CHI11,tailj001,ortil003
2023,HOU202306130,2023-06-13,0,HOU,WAS,6,1,HOU03,browh001,corbp001
2023,KCA202306130,2023-06-13,0,KCA,CIN,4,5,KAN06,lylej001,willb003
2023,LAN202306130,2023-06-13,0,LAN,CHA,5,1,LOS03,gonst001,lynnl001
2023,MIN202306130,2023-06-13,0,MIN,MIL,7,5,MIN04,lopep002,burnc002
2023,NYN202306130,2023-06-13,0,NYN,NYA,6,7,NYC20,schem001,sevel001
2023,OAK202306130,2023-06-13,0,OAK,TBA,2,1,OAK01,fujis001,beekj001
2023,SDN202306130,2023-06-13,0,SDN,CLE,6,3,SAN02,musgj001,bibet001
2023,SEA202306130,2023-06-13,0,SEA,MIA,9,3,SEA03,kirbg001,cabre003
2023,SLN202306130,2023-06-13,0,SLN,SFN,3,11,STL10,flahj002,cobba001
2023,TEX202306130,2023-06-13,0,TEX,ANA,3,7,ARL03,bradc003,barrj003
2023,ARI202306140,2023-06-14,0,ARI,PHI,3,4,PHO01,kellm002,suarr001
2023,BAL202306140,2023-06-14,0,BAL,TOR,1,3,BAL12,bradk001,berrj001
2023,BOS202306140,2023-06-14,0,BOS,COL,6,3,BOS07,whitg002,gomba001
2023,CHN202306140,2023-06-14,0,CHN,PIT,10,6,CHI11,smyld001,bidoo001
2023,DET202306141,2023-06-14,1,DET,ATL,7,10,DET05,olsor001,stris002
2023,DET202306142,2023-06-14,2,DET,ATL,5,6,DET05,lorem002,doddd001
2023,HOU202306140,2023-06-14,0,HOU,WAS,5,4,HOU03,valdf001,grayj004
2023,KCA202306140,2023-06-14,0,KCA,CIN,4,7,KAN06,lyncd001,liveb001
2023,LAN202306140,2023-06-14,0,LAN,CHA,4,8,LOS03,kersc001,clevm001
2023,MIN202306140,2023-06-14,0,MIN,MIL,4,2,MIN04,oberb002,rea-c001
2023,NYN202306140,2023-06-14,0,NYN,NYA,4,3,NYC20,verlj001,coleg001
2023,OAK202306140,2023-06-14,0,OAK,TBA,3,6,OAK01,medil002,glast001
2023,SDN202306140,2023-06-14,0,SDN,CLE,5,0,SAN02,wachm001,civaa001
2023,SEA202306140,2023-06-14,0,SEA,MIA,1,4,SEA03,castl003,peree004
2023,SLN202306140,2023-06-14,0,SLN,SFN,5,8,STL10,montj004,desca001
2023,TEX202306140,2023-06-14,0,TEX,ANA,6,3,ARL03,heana001,detmr001
2023,ARI202306150,2023-06-15,0,ARI,PHI,4,5,PHO01,nelsr003,nolaa001
2023,ATL202306150,2023-06-15,0,ATL,COL,8,3,ATL03,smita001,freek001
2023,BAL202306150,2023-06-15,0,BAL,TOR,4,2,BAL12,wellt003,kikuy001
2023,CHN202306150,2023-06-15,0,CHN,PIT,7,2,CHI11,strom001,oviej001
2023,HOU202306150,2023-06-15,0,HOU,WAS,1,4,HOU03,javic001,gorem001
2023,LAN202306150,2023-06-15,0,LAN,CHA,5,4,LOS03,grovm001,ceasd001
2023,MIN202306150,2023-06-15,0,MIN,DET,4,8,MIN04,grays001,boydm001
2023,OAK202306150,2023-06-15,0,OAK,TBA,3,4,OAK01,blacp001,bradt002
2023,SDN202306150,2023-06-15,0,SDN,CLE,6,8,SAN02,weatr001,allel003
2023,TEX202306150,2023-06-15,0,TEX,ANA,3,5,ARL03,eovan001,ohtas001
2023,ARI202306160,2023-06-16,0,ARI,CLE,5,1,PHO01,gallz001,toust001
2023,ATL202306160,2023-06-16,0,ATL,COL,8,1,ATL03,shusj001,lamed001
2023,BOS202306160,2023-06-16,0,BOS,NYA,15,5,BOS07,houct001,germd001
2023,CHN202306160,2023-06-16,0,CHN,BAL,10,3,CHI11,hendk001,irvic001
2023,HOU202306160,2023-06-16,0,HOU,CIN,1,2,HOU03,franj006,abboa001
2023,KCA202306160,2023-06-16,0,KCA,ANA,0,3,KAN06,singb001,sandp002
2023,LAN202306160,2023-06-16,0,LAN,SFN,5,7,LOS03,sheee001,brebj001
2023,MIL202306160,2023-06-16,0,MIL,PIT,5,4,MIL06,tehej001,hillr001
2023,MIN202306160,2023-06-16,0,MIN,DET,1,7,MIN04,ryanj002,vestw001
2023,NYN202306160,2023-06-16,0,NYN,SLN,6,1,NYC20,megit002,mikom001
2023,OAK202306160,2023-06-16,0,OAK,PHI,1,6,OAK01,searj001,walkt004
2023,SDN202306160,2023-06-16,0,SDN,TBA,2,6,SAN02,darvy001,mccls003
2023,SEA202306160,2023-06-16,0,SEA,CHA,3,2,SEA03,woo-b001,kopem001
2023,TEX202306160,2023-06-16,0,TEX,TOR,1,2,ARL03,perem004,gausk001
2023,WAS202306160,2023-06-16,0,WAS,MIA,5,6,WAS11,willt002,alcas001
2023,ARI202306170,2023-06-17,0,ARI,CLE,6,3,PHO01,henrt001,biebs001
2023,ATL202306170,2023-06-17,0,ATL,COL,10,2,ATL03,eldeb001,seabc001
2023,CHN202306170,2023-06-17,0,CHN,BAL,3,2,CHI11,steej002,gibsk002
2023,HOU202306170,2023-06-17,0,HOU,CIN,3,10,HOU03,bielb001,greeh001
2023,KCA202306170,2023-06-17,0,KCA,ANA,10,9,KAN06,mayem001,canng001
2023,LAN202306170,2023-06-17,0,LAN,SFN,0,15,LOS03,millb005,wooda002
2023,MIL202306170,2023-06-17,0,MIL,PIT,5,0,MIL06,milew001,kellm003
2023,MIN202306170,2023-06-17,0,MIN,DET,2,0,MIN04,delej003,wentj001
2023,NYN202306170,2023-06-17,0,NYN,SLN,3,5,NYC20,sengk001,waina001
2023,OAK202306170,2023-06-17,0,OAK,PHI,2,3,OAK01,kaprj001,sancc002
2023,SDN202306170,2023-06-17,0,SDN,TBA,2,0,SAN02,snelb001,efliz001
2023,SEA202306170,2023-06-17,0,SEA,CHA,3,4,SEA03,gilbl002,gioll001
2023,TEX202306170,2023-06-17,0,TEX,TOR,4,2,ARL03,dunnd001,richt001
2023,WAS202306170,2023-06-17,0,WAS,MIA,2,5,WAS11,irvij001,garrb001
2023,ARI202306180,2023-06-18,0,ARI,CLE,3,12,PHO01,daviz001,bibet001
2023,ATL202306180,2023-06-18,0,ATL,COL,14,6,ATL03,mortc002,andec001
2023,BOS202306181,2023-06-18,1,BOS,NYA,6,2,BOS07,ort-k001,schmc002
2023,BOS202306182,2023-06-18,2,BOS,NYA,4,1,BOS07,bellb002,sevel001
2023,CHN202306180,2023-06-18,0,CHN,BAL,3,6,CHI11,tailj001,kremd001
2023,HOU202306180,2023-06-18,0,HOU,CIN,7,9,HOU03,blanr001,weavl001
2023,KCA202306180,2023-06-18,0,KCA,ANA,2,5,KAN06,greiz001,andet002
2023,LAN202306180,2023-06-18,0,LAN,SFN,3,7,LOS03,gonst001,webbl001
2023,MIL202306180,2023-06-18,0,MIL,PIT,5,2,MIL06,peraf001,ortil003
2023,MIN202306180,2023-06-18,0,MIN,DET,4,6,MIN04,varll001,vestw001
2023,NYN202306180,2023-06-18,0,NYN,SLN,7,8,NYC20,carrc003,libem001
2023,OAK202306180,2023-06-18,0,OAK,PHI,2,3,OAK01,harrh002,wheez001
2023,SDN202306180,2023-06-18,0,SDN,TBA,5,4,SAN02,musgj001,chiry001
2023,SEA202306180,2023-06-18,0,SEA,CHA,5,1,SEA03,millb004,lynnl001
2023,TEX202306180,2023-06-18,0,TEX,TOR,11,7,ARL03,grayj003,bassc001
2023,WAS202306180,2023-06-18,0,WAS,MIA,2,4,WAS11,corbp001,luzaj001
2023,CHA202306190,2023-06-19,0,CHA,TEX,2,5,CHI12,bankt001,heana001
2023,CIN202306190,2023-06-19,0,CIN,COL,5,4,CIN09,willb003,gomba001
2023,DET202306190,2023-06-19,0,DET,KCA,6,4,DET05,olsor001,lylej001
2023,HOU202306190,2023-06-19,0,HOU,NYN,1,11,HOU03,browh001,schem001
2023,MIA202306190,2023-06-19,0,MIA,TOR,11,0,MIA02,hoeib001,berrj001
2023,MIL202306190,2023-06-19,0,MIL,ARI,1,9,MIL06,burnc002,kellm002
2023,MIN202306190,2023-06-19,0,MIN,BOS,3,9,MIN04,lopep002,paxtj001
2023,PIT202306190,2023-06-19,0,PIT,CHN,0,8,PIT08,bidoo001,smyld001
2023,SFN202306190,2023-06-19,0,SFN,SDN,7,4,SFO03,walkr001,wachm001
2023,WAS202306190,2023-06-19,0,WAS,SLN,6,8,WAS11,grayj004,flahj002
2023,ANA202306200,2023-06-20,0,ANA,LAN,0,2,ANA01,detmr001,kersc001
2023,CHA202306200,2023-06-20,0,CHA,TEX,7,6,CHI12,ceasd001,eovan001
2023,CIN202306200,2023-06-20,0,CIN,COL,8,6,CIN09,liveb001,davin001
2023,CLE202306200,2023-06-20,0,CLE,OAK,3,2,CLE08,civaa001,waldk003
2023,DET202306200,2023-06-20,0,DET,KCA,0,1,DET05,lorem002,lyncd001
2023,HOU202306200,2023-06-20,0,HOU,NYN,4,2,HOU03,valdf001,verlj001
2023,MIA202306200,2023-06-20,0,MIA,TOR,0,2,MIA02,peree004,kikuy001
2023,MIL202306200,2023-06-20,0,MIL,ARI,7,5,MIL06,rea-c001,nelsr003
2023,MIN202306200,2023-06-20,0,MIN,BOS,4,10,MIN04,oberb002,crawk001
2023,NYA202306200,2023-06-20,0,NYA,SEA,3,1,NYC21,coleg001,kirbg001
2023,PHI202306200,2023-06-20,0,PHI,ATL,2,4,PHI13,suarr001,stris002
2023,PIT202306200,2023-06-20,0,PIT,CHN,0,4,PIT08,oviej001,strom001
2023,SFN202306200,2023-06-20,0,SFN,SDN,4,3,SFO03,desca001,lugos001
2023,TBA202306200,2023-06-20,0,TBA,BAL,6,8,STP01,glast001,bradk001
2023,WAS202306200,2023-06-20,0,WAS,SLN,3,9,WAS11,gorem001,montj004
2023,ANA202306210,2023-06-21,0,ANA,LAN,0,2,ANA01,ohtas001,gratb002
2023,CHA202306210,2023-06-21,0,CHA,TEX,3,6,CHI12,kopem001,perem004
2023,CIN202306210,2023-06-21,0,CIN,COL,5,3,CIN09,abboa001,birdj001
2023,CLE202306210,2023-06-21,0,CLE,OAK,7,6,CLE08,willg004,blacp001
2023,DET202306210,2023-06-21,0,DET,KCA,9,4,DET05,boydm001,singb001
2023,HOU202306210,2023-06-21,0,HOU,NYN,10,8,HOU03,javic001,megit002
2023,MIA202306210,2023-06-21,0,MIA,TOR,3,6,MIA02,alcas001,gausk001
2023,MIL202306210,2023-06-21,0,MIL,ARI,1,5,MIL06,tehej001,gallz001
2023,MIN202306210,2023-06-21,0,MIN,BOS,5,4,MIN04,grays001,whitg002
2023,NYA202306210,2023-06-21,0,NYA,SEA,4,2,NYC21,britj003,castl003
2023,PIT202306210,2023-06-21,0,PIT,CHN,3,8,PIT08,hillr001,hendk001
2023,SFN202306210,2023-06-21,0,SFN,SDN,4,2,SFO03,walkr001,darvy001
2023,TBA202306210,2023-06-21,0,TBA,BAL,7,2,STP01,bradt002,wellt003
2023,WAS202306210,2023-06-21,0,WAS,SLN,3,0,WAS11,willt002,mikom001
2023,CLE202306220,2023-06-22,0,CLE,OAK,6,1,CLE08,allel003,searj001
2023,MIA202306220,2023-06-22,0,MIA,PIT,6,4,MIA02,garrb001,kellm003
2023,MIN202306220,2023-06-22,0,MIN,BOS,6,0,MIN04,ryanj002,garzj001
2023,NYA202306220,2023-06-22,0,NYA,SEA,2,10,NYC21,germd001,woo-b001
2023,PHI202306220,2023-06-22,0,PHI,ATL,1,5,PHI13,nolaa001,eldeb001
2023,SFN202306220,2023-06-22,0,SFN,SDN,0,10,SFO03,wooda002,snelb001
2023,TBA202306220,2023-06-22,0,TBA,KCA,5,6,STP01,mccls003,cuasj001
2023,WAS202306220,2023-06-22,0,WAS,ARI,3,5,WAS11,irvij001,henrt001
2023,BAL202306230,2023-06-23,0,BAL,SEA,1,13,BAL12,gibsk002,gilbl002
2023,CHA202306230,2023-06-23,0,CHA,BOS,1,3,CHI12,gioll001,bellb002
2023,CIN202306230,2023-06-23,0,CIN,ATL,11,10,CIN09,weavl001,smita001
2023,CLE202306230,2023-06-23,0,CLE,MIL,1,7,CLE08,biebs001,milew001
2023,COL202306230,2023-06-23,0,COL,ANA,7,4,DEN02,freek001,sandp002
2023,DET202306230,2023-06-23,0,DET,MIN,1,4,DET05,wentj001,maedk001
2023,LAN202306230,2023-06-23,0,LAN,HOU,3,2,LOS03,sheee001,franj006
2023,MIA202306230,2023-06-23,0,MIA,PIT,1,3,MIA02,luzaj001,ortil003
2023,NYA202306230,2023-06-23,0,NYA,TEX,2,4,NYC21,schmc002,dunnd001
2023,PHI202306230,2023-06-23,0,PHI,NYN,5,1,PHI13,walkt004,sengk001
2023,SDN202306230,2023-06-23,0,SDN,WAS,13,3,SAN02,musgj001,corbp001
2023,SFN202306230,2023-06-23,0,SFN,ARI,8,5,SFO03,webbl001,daviz001
2023,TBA202306230,2023-06-23,0,TBA,KCA,11,3,STP01,efliz001,greiz001
2023,TOR202306230,2023-06-23,0,TOR,OAK,4,5,TOR02,bassc001,kaprj001
2023,BAL202306240,2023-06-24,0,BAL,SEA,6,4,BAL12,kremd001,millb004
2023,CHA202306240,2023-06-24,0,CHA,BOS,5,4,CHI12,lynnl001,paxtj001
2023,CIN202306240,2023-06-24,0,CIN,ATL,6,7,CIN09,ashcg001,shusj001
2023,CLE202306240,2023-06-24,0,CLE,MIL,4,2,CLE08,bibet001,peraf001
2023,COL202306240,2023-06-24,0,COL,ANA,1,25,DEN02,andec001,canng001
2023,DET202306240,2023-06-24,0,DET,MIN,3,2,DET05,olsor001,lopep002
2023,LAN202306240,2023-06-24,0,LAN,HOU,8,7,LOS03,millb005,blanr001
2023,MIA202306240,2023-06-24,0,MIA,PIT,4,3,MIA02,hoeib001,bidoo001
2023,NYA202306240,2023-06-24,0,NYA,TEX,1,0,NYC21,sevel001,grayj003
2023,PHI202306240,2023-06-24,0,PHI,NYN,2,4,PHI13,sancc002,schem001
2023,SDN202306240,2023-06-24,0,SDN,WAS,0,2,SAN02,waldm003,grayj004
2023,SFN202306240,2023-06-24,0,SFN,ARI,7,6,SFO03,walkr001,kellm002
2023,SLN202306240,2023-06-24,0,SLN,CHN,1,9,LON01,waina001,steej002
2023,TBA202306240,2023-06-24,0,TBA,KCA,4,9,STP01,chiry001,lylej001
2023,TOR202306240,2023-06-24,0,TOR,OAK,7,3,TOR02,berrj001,fujis001
2023,BAL202306250,2023-06-25,0,BAL,SEA,3,2,BAL12,bradk001,kirbg001
2023,CHA202306250,2023-06-25,0,CHA,BOS,4,1,CHI12,bankt001,crawk001
2023,CIN202306250,2023-06-25,0,CIN,ATL,6,7,CIN09,stoul001,mortc002
2023,CLE202306250,2023-06-25,0,CLE,MIL,4,5,CLE08,civaa001,burnc002
2023,COL202306250,2023-06-25,0,COL,ANA,4,3,DEN02,gomba001,andet002
2023,DET202306250,2023-06-25,0,DET,MIN,3,6,DET05,lorem002,oberb002
2023,LAN202306250,2023-06-25,0,LAN,HOU,5,6,LOS03,gonst001,browh001
2023,MIA202306250,2023-06-25,0,MIA,PIT,2,0,MIA02,peree004,oviej001
2023,NYA202306250,2023-06-25,0,NYA,TEX,5,3,NYC21,coleg001,eovan001
2023,PHI202306250,2023-06-25,0,PHI,NYN,7,6,PHI13,wheez001,carrc003
2023,SDN202306250,2023-06-25,0,SDN,WAS,3,8,SAN02,lugos001,gorem001
2023,SFN202306250,2023-06-25,0,SFN,ARI,2,5,SFO03,desca001,nelsr003
2023,SLN202306250,2023-06-25,0,SLN,CHN,7,5,LON01,libem001,strom001
2023,TBA202306250,2023-06-25,0,TBA,KCA,3,1,STP01,glast001,lyncd001
2023,TOR202306250,2023-06-25,0,TOR,OAK,12,1,TOR02,kikuy001,medil002
2023,ANA202306260,2023-06-26,0,ANA,CHA,2,1,ANA01,detmr001,ceasd001
2023,ATL202306260,2023-06-26,0,ATL,MIN,4,1,ATL03,stris002,grays001
2023,BAL202306260,2023-06-26,0,BAL,CIN,10,3,BAL12,irvic001,willb003
2023,NYN202306260,2023-06-26,0,NYN,MIL,1,2,NYC20,verlj001,rea-c001
2023,SEA202306260,2023-06-26,0,SEA,WAS,8,4,SEA03,castl003,willt002
2023,TEX202306260,2023-06-26,0,TEX,DET,2,7,ARL03,heana001,boydm001
2023,ANA202306270,2023-06-27,0,ANA,CHA,4,2,ANA01,ohtas001,kopem001
2023,ARI202306270,2023-06-27,0,ARI,TBA,8,4,PHO01,gallz001,bradt002
2023,ATL202306270,2023-06-27,0,ATL,MIN,6,2,ATL03,eldeb001,ryanj002
2023,BAL202306270,2023-06-27,0,BAL,CIN,1,3,BAL12,wellt003,abboa001
2023,BOS202306270,2023-06-27,0,BOS,MIA,1,10,BOS07,whitg002,alcas001
2023,CHN202306270,2023-06-27,0,CHN,PHI,1,5,CHI11,tailj001,suarr001
2023,COL202306270,2023-06-27,0,COL,LAN,0,5,DEN02,seabc001,kersc001
2023,KCA202306270,2023-06-27,0,KCA,CLE,1,2,KAN06,singb001,willg004
2023,NYN202306270,2023-06-27,0,NYN,MIL,7,2,NYC20,peted003,tehej001
2023,OAK202306270,2023-06-27,0,OAK,NYA,2,1,OAK01,blacp001,britj003
2023,PIT202306270,2023-06-27,0,PIT,SDN,9,4,PIT08,hillr001,knehr001
2023,SEA202306270,2023-06-27,0,SEA,WAS,4,7,SEA03,woo-b001,irvij001
2023,SLN202306270,2023-06-27,0,SLN,HOU,4,2,STL10,montj004,valdf001
2023,TEX202306270,2023-06-27,0,TEX,DET,8,3,ARL03,perem004,mannm001
2023,TOR202306270,2023-06-27,0,TOR,SFN,0,3,TOR02,gausk001,walkr001
2023,ANA202306280,2023-06-28,0,ANA,CHA,5,11,ANA01,barrj003,gioll001
2023,ARI202306280,2023-06-28,0,ARI,TBA,2,3,PHO01,daviz001,efliz001
2023,ATL202306280,2023-06-28,0,ATL,MIN,3,0,ATL03,allak001,maedk001
2023,BAL202306280,2023-06-28,0,BAL,CIN,7,11,BAL12,gibsk002,weavl001
2023,BOS202306280,2023-06-28,0,BOS,MIA,2,6,BOS07,ort-k001,garrb001
2023,CHN202306280,2023-06-28,0,CHN,PHI,5,8,CHI11,smyld001,nolaa001
2023,COL202306280,2023-06-28,0,COL,LAN,9,8,DEN02,freek001,grovm001
2023,KCA202306280,2023-06-28,0,KCA,CLE,1,14,KAN06,cox-a001,allel003
2023,NYN202306280,2023-06-28,0,NYN,MIL,2,5,NYC20,sengk001,milew001
2023,OAK202306280,2023-06-28,0,OAK,NYA,0,11,OAK01,searj001,germd001
2023,PIT202306280,2023-06-28,0,PIT,SDN,7,1,PIT08,kellm003,snelb001
2023,SEA202306280,2023-06-28,0,SEA,WAS,1,4,SEA03,gilbl002,corbp001
2023,SLN202306280,2023-06-28,0,SLN,HOU,7,10,STL10,mikom001,javic001
2023,TEX202306280,2023-06-28,0,TEX,DET,10,2,ARL03,dunnd001,wentj001
2023,TOR202306280,2023-06-28,0,TOR,SFN,6,1,TOR02,richt001,webbl001
2023,ANA202306290,2023-06-29,0,ANA,CHA,7,9,ANA01,sandp002,lynnl001
2023,ARI202306290,2023-06-29,0,ARI,TBA,1,6,PHO01,pfaab001,littz001
2023,BOS202306290,2023-06-29,0,BOS,MIA,0,2,BOS07,bellb002,luzaj001
2023,CHN202306290,2023-06-29,0,CHN,PHI,1,3,CHI11,hendk001,walkt004
2023,COL202306290,2023-06-29,0,COL,LAN,3,14,DEN02,andec001,sheee001
2023,KCA202306290,2023-06-29,0,KCA,CLE,4,3,KAN06,greiz001,biebs001
2023,NYN202306290,2023-06-29,0,NYN,MIL,2,3,NYC20,schem001,housa001
2023,OAK202306290,2023-06-29,0,OAK,NYA,4,10,OAK01,harrh002,schmc002
2023,PIT202306290,2023-06-29,0,PIT,SDN,5,4,PIT08,ortil003,musgj001
2023,SLN202306290,2023-06-29,0,SLN,HOU,0,14,STL10,waina001,franj006
2023,TEX202306290,2023-06-29,0,TEX,DET,5,8,ARL03,bradc003,olsor001
2023,TOR202306290,2023-06-29,0,TOR,SFN,2,1,TOR02,bassc001,winnk001
2023,ANA202306300,2023-06-30,0,ANA,ARI,2,6,ANA01,canng001,henrt001
2023,ATL202306300,2023-06-30,0,ATL,MIA,16,4,ATL03,sorom001,hoeib001
2023,BAL202306300,2023-06-30,0,BAL,MIN,1,8,BAL12,kremd001,lopep002
2023,CHN202306300,2023-06-30,0,CHN,CLE,10,1,CHI11,steej002,quanc001
2023,CIN202306300,2023-06-30,0,CIN,SDN,7,5,CIN09,ashcg001,lugos001
2023,COL202306300,2023-06-30,0,COL,DET,8,5,DEN02,gomba001,lorem002
2023,KCA202306300,2023-06-30,0,KCA,LAN,3,9,KAN06,marsa001,millb005
2023,NYN202306300,2023-06-30,0,NYN,SFN,4,5,NYC20,carrc003,cobba001
2023,OAK202306300,2023-06-30,0,OAK,CHA,7,4,OAK01,medil002,bankt001
2023,PHI202306300,2023-06-30,0,PHI,WAS,1,2,PHI13,sancc002,grayj004
2023,PIT202306300,2023-06-30,0,PIT,MIL,8,7,PIT08,bidoo001,peraf001
2023,SEA202306300,2023-06-30,0,SEA,TBA,4,15,SEA03,millb004,mccls003
2023,TEX202306300,2023-06-30,0,TEX,HOU,3,5,ARL03,grayj003,blanr001
2023,TOR202306300,2023-06-30,0,TOR,BOS,0,5,TOR02,berrj001,paxtj001
2023,ANA202307010,2023-07-01,0,ANA,ARI,1,3,ANA01,andet002,nelsr003
2023,ATL202307010,2023-07-01,0,ATL,MIA,7,0,ATL03,mortc002,peree004
2023,BAL202307010,2023-07-01,0,BAL,MIN,0,1,BAL12,bradk001,oberb002
2023,CHN202307010,2023-07-01,0,CHN,CLE,0,6,CHI11,strom001,bibet001
2023,CIN202307010,2023-07-01,0,CIN,SDN,5,12,CIN09,willb003,wachm001
2023,COL202307010,2023-07-01,0,COL,DET,2,4,DEN02,lambp001,whitb002
2023,KCA202307010,2023-07-01,0,KCA,LAN,6,4,KAN06,lyncd001,uriaj001
2023,NYN202307010,2023-07-01,0,NYN,SFN,4,1,NYC20,verlj001,desca001
2023,OAK202307010,2023-07-01,0,OAK,CHA,7,6,OAK01,mullk001,ceasd001
2023,PHI202307010,2023-07-01,0,PHI,WAS,19,4,PHI13,wheez001,gorem001
2023,PIT202307010,2023-07-01,0,PIT,MIL,8,11,PIT08,oviej001,burnc002
2023,SEA202307010,2023-07-01,0,SEA,TBA,8,3,SEA03,kirbg001,glast001
2023,SLN202307011,2023-07-01,1,SLN,NYA,11,4,STL10,flahj002,sevel001
2023,SLN202307012,2023-07-01,2,SLN,NYA,2,6,STL10,libem001,hamii001
2023,TEX202307010,2023-07-01,0,TEX,HOU,5,2,ARL03,eovan001,browh001
2023,TOR202307010,2023-07-01,0,TOR,BOS,6,7,TOR02,kikuy001,crawk001
2023,ANA202307020,2023-07-02,0,ANA,ARI,5,2,ANA01,detmr001,gallz001
2023,ATL202307020,2023-07-02,0,ATL,MIA,6,3,ATL03,stris002,alcas001
2023,BAL202307020,2023-07-02,0,BAL,MIN,2,1,BAL12,irvic001,grays001
2023,CHN202307020,2023-07-02,0,CHN,CLE,6,8,CHI11,tailj001,civaa001
2023,CIN202307020,2023-07-02,0,CIN,SDN,4,3,CIN09,abboa001,morea001
2023,COL202307020,2023-07-02,0,COL,DET,9,14,DEN02,seabc001,mannm001
2023,KCA202307020,2023-07-02,0,KCA,LAN,9,1,KAN06,singb001,gonst001
2023,NYN202307020,2023-07-02,0,NYN,SFN,8,4,NYC20,peted003,strir001
2023,OAK202307020,2023-07-02,0,OAK,CHA,7,8,OAK01,blacp001,toust001
2023,PHI202307020,2023-07-02,0,PHI,WAS,4,5,PHI13,suarr001,willt002
2023,PIT202307020,2023-07-02,0,PIT,MIL,3,6,PIT08,hillr001,rea-c001
2023,SEA202307020,2023-07-02,0,SEA,TBA,7,6,SEA03,castl003,bradt002
2023,SLN202307020,2023-07-02,0,SLN,NYA,5,1,STL10,montj004,coleg001
2023,TEX202307020,2023-07-02,0,TEX,HOU,3,5,ARL03,heana001,dubis001
2023,TOR202307020,2023-07-02,0,TOR,BOS,4,5,TOR02,gausk001,whitg002
2023,CLE202307030,2023-07-03,0,CLE,ATL,2,4,CLE08,willg004,eldeb001
2023,LAN202307030,2023-07-03,0,LAN,PIT,5,2,LOS03,grovm001,kellm003
2023,MIA202307030,2023-07-03,0,MIA,SLN,5,4,MIA02,garrb001,mikom001
2023,MIL202307030,2023-07-03,0,MIL,CHN,8,6,MIL06,tehej001,smyld001
2023,MIN202307030,2023-07-03,0,MIN,KCA,8,4,MIN04,ryanj002,cox-a001
2023,NYA202307030,2023-07-03,0,NYA,BAL,6,3,NYC21,germd001,wellt003
2023,SDN202307030,2023-07-03,0,SDN,ANA,10,3,SAN02,snelb001,barrj003
2023,SFN202307030,2023-07-03,0,SFN,SEA,5,6,SFO03,webbl001,woo-b001
2023,TEX202307030,2023-07-03,0,TEX,HOU,11,12,ARL03,perem004,javic001
2023,WAS202307030,2023-07-03,0,WAS,CIN,2,3,WAS11,irvij001,weavl001
2023,ARI202307040,2023-07-04,0,ARI,NYN,5,8,PHO01,daviz001,schem001
2023,BOS202307040,2023-07-04,0,BOS,TEX,2,6,BOS07,bernb001,dunnd001
2023,CHA202307040,2023-07-04,0,CHA,TOR,3,4,CHI12,gioll001,bassc001
2023,CLE202307040,2023-07-04,0,CLE,ATL,6,5,CLE08,biebs001,allak001
2023,DET202307040,2023-07-04,0,DET,OAK,0,1,DET05,skubt001,searj001
2023,HOU202307040,2023-07-04,0,HOU,COL,4,1,HOU03,bielb001,freek001
2023,LAN202307040,2023-07-04,0,LAN,PIT,7,9,LOS03,sheee001,ortil003
2023,MIA202307040,2023-07-04,0,MIA,SLN,15,2,MIA02,luzaj001,waina001
2023,MIL202307040,2023-07-04,0,MIL,CHN,6,7,MIL06,milew001,hendk001
2023,MIN202307040,2023-07-04,0,MIN,KCA,9,3,MIN04,maedk001,greiz001
2023,NYA202307040,2023-07-04,0,NYA,BAL,8,4,NYC21,schmc002,gibsk002
2023,SDN202307040,2023-07-04,0,SDN,ANA,8,5,SAN02,musgj001,ohtas001
2023,SFN202307040,2023-07-04,0,SFN,SEA,0,6,SFO03,winnk001,gilbl002
2023,TBA202307040,2023-07-04,0,TBA,PHI,1,3,STP01,efliz001,nolaa001
2023,WAS202307040,2023-07-04,0,WAS,CIN,4,8,WAS11,corbp001,kennb001
2023,ARI202307050,2023-07-05,0,ARI,NYN,1,2,PHO01,henrt001,sengk001
2023,BOS202307050,2023-07-05,0,BOS,TEX,4,2,BOS07,bellb002,grayj003
2023,CLE202307050,2023-07-05,0,CLE,ATL,1,8,CLE08,quanc001,sorom001
2023,DET202307050,2023-07-05,0,DET,OAK,3,12,DET05,rodre004,pruia001
2023,HOU202307050,2023-07-05,0,HOU,COL,6,4,HOU03,franj006,andec001
2023,LAN202307050,2023-07-05,0,LAN,PIT,6,4,LOS03,millb005,bidoo001
2023,MIA202307050,2023-07-05,0,MIA,SLN,10,9,MIA02,hoeib001,libem001
2023,MIL202307050,2023-07-05,0,MIL,CHN,3,4,MIL06,housa001,steej002
2023,MIN202307050,2023-07-05,0,MIN,KCA,5,0,MIN04,lopep002,marsa001
2023,NYA202307050,2023-07-05,0,NYA,BAL,3,6,NYC21,vasqr001,kremd001
2023,SDN202307050,2023-07-05,0,SDN,ANA,5,3,SAN02,lugos001,sandp002
2023,SFN202307050,2023-07-05,0,SFN,SEA,2,0,SFO03,cobba001,milot001
2023,TBA202307050,2023-07-05,0,TBA,PHI,4,8,STP01,littz001,walkt004
2023,WAS202307050,2023-07-05,0,WAS,CIN,2,9,WAS11,grayj004,ashcg001
2023,ARI202307060,2023-07-06,0,ARI,NYN,0,9,PHO01,nelsr003,carrc003
2023,BOS202307060,2023-07-06,0,BOS,TEX,10,6,BOS07,crawk001,eovan001
2023,CHA202307061,2023-07-06,1,CHA,TOR,2,6,CHI12,lynnl001,berrj001
2023,CHA202307062,2023-07-06,2,CHA,TOR,4,5,CHI12,schoj002,kikuy001
2023,CLE202307060,2023-07-06,0,CLE,KCA,6,1,CLE08,bibet001,lylej001
2023,DET202307060,2023-07-06,0,DET,OAK,9,0,DET05,lorem002,harrh002
2023,HOU202307060,2023-07-06,0,HOU,SEA,1,5,HOU03,blanr001,kirbg001
2023,LAN202307060,2023-07-06,0,LAN,PIT,5,2,LOS03,uriaj001,oviej001
2023,MIA202307060,2023-07-06,0,MIA,SLN,0,3,MIA02,peree004,flahj002
2023,MIL202307060,2023-07-06,0,MIL,CHN,6,5,MIL06,peraf001,strom001
2023,NYA202307060,2023-07-06,0,NYA,BAL,1,14,NYC21,sevel001,bradk001
2023,TBA202307060,2023-07-06,0,TBA,PHI,1,3,STP01,armss001,sancc002
2023,WAS202307060,2023-07-06,0,WAS,CIN,4,5,WAS11,gorem001,willb003
2023,ARI202307070,2023-07-07,0,ARI,PIT,7,3,PHO01,gallz001,hillr001
2023,BOS202307070,2023-07-07,0,BOS,OAK,7,3,BOS07,bernb001,longs002
2023,CHA202307070,2023-07-07,0,CHA,SLN,8,7,CHI12,ceasd001,montj004
2023,CLE202307070,2023-07-07,0,CLE,KCA,3,0,CLE08,civaa001,lyncd001
2023,DET202307070,2023-07-07,0,DET,TOR,2,12,DET05,faeda001,manoa001
2023,HOU202307070,2023-07-07,0,HOU,SEA,1,10,HOU03,browh001,castl003
2023,LAN202307070,2023-07-07,0,LAN,ANA,11,4,LOS03,gonst001,canng001
2023,MIA202307070,2023-07-07,0,MIA,PHI,3,4,MIA02,alcas001,wheez001
2023,MIL202307070,2023-07-07,0,MIL,CIN,7,3,MIL06,burnc002,abboa001
2023,MIN202307070,2023-07-07,0,MIN,BAL,1,3,MIN04,oberb002,irvic001
2023,NYA202307070,2023-07-07,0,NYA,CHN,0,3,NYC21,rodoc001,tailj001
2023,SDN202307070,2023-07-07,0,SDN,NYN,5,7,SAN02,darvy001,verlj001
2023,SFN202307070,2023-07-07,0,SFN,COL,2,5,SFO03,strir001,gomba001
2023,TBA202307070,2023-07-07,0,TBA,ATL,1,2,STP01,glast001,mortc002
2023,WAS202307070,2023-07-07,0,WAS,TEX,2,7,WAS11,willt002,bradc003
2023,ARI202307080,2023-07-08,0,ARI,PIT,3,2,PHO01,nelsk001,kellm003
2023,BOS202307080,2023-07-08,0,BOS,OAK,10,3,BOS07,paxtj001,pruia001
2023,CHA202307080,2023-07-08,0,CHA,SLN,0,3,CHI12,toust001,mikom001
2023,CLE202307080,2023-07-08,0,CLE,KCA,10,6,CLE08,willg004,singb001
2023,DET202307080,2023-07-08,0,DET,TOR,2,0,DET05,mannm001,gausk001
2023,HOU202307080,2023-07-08,0,HOU,SEA,3,2,HOU03,valdf001,woo-b001
2023,LAN202307080,2023-07-08,0,LAN,ANA,10,5,LOS03,vesia001,detmr001
2023,MIA202307080,2023-07-08,0,MIA,PHI,5,3,MIA02,garrb001,suarr001
2023,MIL202307080,2023-07-08,0,MIL,CIN,5,8,MIL06,rea-c001,weavl001
2023,MIN202307080,2023-07-08,0,MIN,BAL,2,6,MIN04,grays001,wellt003
2023,NYA202307080,2023-07-08,0,NYA,CHN,6,3,NYC21,coleg001,smyld001
2023,SDN202307080,2023-07-08,0,SDN,NYN,3,1,SAN02,snelb001,peted003
2023,SFN202307080,2023-07-08,0,SFN,COL,5,3,SFO03,walkr001,seabc001
2023,TBA202307080,2023-07-08,0,TBA,ATL,1,6,STP01,bradt002,stris002
2023,WAS202307080,2023-07-08,0,WAS,TEX,8,3,WAS11,irvij001,heana001
2023,ARI202307090,2023-07-09,0,ARI,PIT,2,4,PHO01,daviz001,mlodc001
2023,BOS202307090,2023-07-09,0,BOS,OAK,4,3,BOS07,scott004,searj001
2023,CHA202307090,2023-07-09,0,CHA,SLN,3,4,CHI12,gioll001,matzs001
2023,CLE202307090,2023-07-09,0,CLE,KCA,1,4,CLE08,biebs001,yarbr001
2023,DET202307090,2023-07-09,0,DET,TOR,3,4,DET05,skubt001,bassc001
2023,HOU202307090,2023-07-09,0,HOU,SEA,1,3,HOU03,bielb001,gilbl002
2023,MIA202307090,2023-07-09,0,MIA,PHI,7,3,MIA02,luzaj001,nolaa001
2023,MIL202307090,2023-07-09,0,MIL,CIN,1,0,MIL06,milew001,liveb001
2023,MIN202307090,2023-07-09,0,MIN,BAL,2,15,MIN04,ryanj002,gibsk002
2023,NYA202307090,2023-07-09,0,NYA,CHN,4,7,NYC21,germd001,hendk001
2023,SDN202307090,2023-07-09,0,SDN,NYN,6,2,SAN02,musgj001,schem001
2023,SFN202307090,2023-07-09,0,SFN,COL,1,0,SFO03,webbl001,freek001
2023,TBA202307090,2023-07-09,0,TBA,ATL,10,4,STP01,efliz001,eldeb001
2023,WAS202307090,2023-07-09,0,WAS,TEX,7,2,WAS11,corbp001,dunnd001
2023,ANA202307140,2023-07-14,0,ANA,HOU,5,7,ANA01,ohtas001,franj006
2023,ATL202307140,2023-07-14,0,ATL,CHA,9,0,ATL03,mortc002,kopem001
2023,BAL202307140,2023-07-14,0,BAL,MIA,5,2,BAL12,kremd001,alcas001
2023,CHN202307140,2023-07-14,0,CHN,BOS,3,8,CHI11,hendk001,bellb002
2023,CIN202307140,2023-07-14,0,CIN,MIL,0,1,CIN09,ashcg001,burnc002
2023,COL202307140,2023-07-14,0,COL,NYA,7,2,DEN02,gomba001,rodoc001
2023,NYN202307140,2023-07-14,0,NYN,LAN,0,6,NYC20,verlj001,uriaj001
2023,OAK202307140,2023-07-14,0,OAK,MIN,4,5,OAK01,waldk003,maedk001
2023,PHI202307140,2023-07-14,0,PHI,SDN,3,8,PHI13,sancc002,darvy001
2023,PIT202307140,2023-07-14,0,PIT,SFN,4,6,PIT08,hillr001,strir001
2023,SEA202307140,2023-07-14,0,SEA,DET,4,5,SEA03,castl003,rodre004
2023,SLN202307140,2023-07-14,0,SLN,WAS,5,7,STL10,mikom001,willt002
2023,TEX202307140,2023-07-14,0,TEX,CLE,12,4,ARL03,grayj003,civaa001
2023,TOR202307140,2023-07-14,0,TOR,ARI,7,2,TOR02,berrj001,nelsr003
2023,ANA202307150,2023-07-15,0,ANA,HOU,13,12,ANA01,detmr001,valdf001
2023,ATL202307150,2023-07-15,0,ATL,CHA,5,6,ATL03,stris002,lynnl001
2023,BAL202307150,2023-07-15,0,BAL,MIA,6,5,BAL12,gibsk002,garrb001
2023,CHN202307150,2023-07-15,0,CHN,BOS,10,4,CHI11,strom001,paxtj001
2023,CIN202307150,2023-07-15,0,CIN,MIL,0,3,CIN09,abboa001,peraf001
2023,COL202307150,2023-07-15,0,COL,NYA,3,6,DEN02,seabc001,schmc002
2023,KCA202307151,2023-07-15,1,KCA,TBA,1,6,KAN06,marsa001,glast001
2023,KCA202307152,2023-07-15,2,KCA,TBA,2,4,KAN06,ragac001,armss001
2023,NYN202307150,2023-07-15,0,NYN,LAN,1,5,NYC20,sengk001,gonst001
2023,OAK202307150,2023-07-15,0,OAK,MIN,7,10,OAK01,pruia001,lopep002
2023,PHI202307151,2023-07-15,1,PHI,SDN,6,4,PHI13,suarr001,snelb001
2023,PHI202307152,2023-07-15,2,PHI,SDN,9,4,PHI13,walkt004,weatr001
2023,PIT202307150,2023-07-15,0,PIT,SFN,1,3,PIT08,oviej001,cobba001
2023,SEA202307150,2023-07-15,0,SEA,DET,0,6,SEA03,kirbg001,lorem002
2023,SLN202307150,2023-07-15,0,SLN,WAS,9,6,STL10,matzs001,irvij001
2023,TEX202307150,2023-07-15,0,TEX,CLE,2,0,ARL03,heana001,willg004
2023,TOR202307150,2023-07-15,0,TOR,ARI,5,2,TOR02,bassc001,gallz001
2023,ANA202307160,2023-07-16,0,ANA,HOU,8,9,ANA01,andet002,javic001
2023,ATL202307160,2023-07-16,0,ATL,CHA,1,8,ATL03,allak001,ceasd001
2023,BAL202307160,2023-07-16,0,BAL,MIA,5,4,BAL12,bradk001,okers001
2023,CHN202307160,2023-07-16,0,CHN,BOS,5,11,CHI11,steej002,crawk001
2023,CIN202307160,2023-07-16,0,CIN,MIL,3,4,CIN09,liveb001,housa001
2023,COL202307160,2023-07-16,0,COL,NYA,8,7,DEN02,andec001,coleg001
2023,KCA202307160,2023-07-16,0,KCA,TBA,8,4,KAN06,singb001,efliz001
2023,NYN202307160,2023-07-16,0,NYN,LAN,2,1,NYC20,schem001,millb005
2023,OAK202307160,2023-07-16,0,OAK,MIN,4,5,OAK01,searj001,ryanj002
2023,PHI202307160,2023-07-16,0,PHI,SDN,7,6,PHI13,wheez001,lugos001
2023,PIT202307160,2023-07-16,0,PIT,SFN,4,8,PIT08,bidoo001,wooda002
2023,SEA202307160,2023-07-16,0,SEA,DET,2,0,SEA03,millb004,olsor001
2023,SLN202307160,2023-07-16,0,SLN,WAS,8,4,STL10,flahj002,grayj004
2023,TEX202307160,2023-07-16,0,TEX,CLE,6,5,ARL03,perem004,bibet001
2023,TOR202307160,2023-07-16,0,TOR,ARI,7,5,TOR02,kikuy001,henrt001
2023,ANA202307170,2023-07-17,0,ANA,NYA,4,3,ANA01,canng001,sevel001
2023,BAL202307170,2023-07-17,0,BAL,LAN,4,6,BAL12,rodrg003,sheee001
2023,CHN202307170,2023-07-17,0,CHN,WAS,5,7,CHI11,smyld001,gorem001
2023,CIN202307170,2023-07-17,0,CIN,SFN,2,4,CIN09,willb003,webbl001
2023,KCA202307170,2023-07-17,0,KCA,DET,2,3,KAN06,lylej001,mannm001
2023,OAK202307170,2023-07-17,0,OAK,BOS,0,7,OAK01,blacp001,bernb001
2023,PIT202307170,2023-07-17,0,PIT,CLE,0,11,PIT08,prieq001,currx001
2023,SEA202307170,2023-07-17,0,SEA,MIN,7,6,SEA03,gilbl002,grays001
2023,SLN202307170,2023-07-17,0,SLN,MIA,6,4,STL10,mikom001,luzaj001
2023,TEX202307170,2023-07-17,0,TEX,TBA,3,2,ARL03,dunnd001,mccls003
2023,ANA202307180,2023-07-18,0,ANA,NYA,5,1,ANA01,sandp002,germd001
2023,ATL202307180,2023-07-18,0,ATL,ARI,13,16,ATL03,eldeb001,daviz001
2023,BAL202307180,2023-07-18,0,BAL,LAN,3,10,BAL12,wellt003,grovm001
2023,CHN202307180,2023-07-18,0,CHN,WAS,17,3,CHI11,tailj001,corbp001
2023,CIN202307180,2023-07-18,0,CIN,SFN,10,11,CIN09,weavl001,desca001
2023,COL202307180,2023-07-18,0,COL,HOU,4,3,DEN02,birdj001,browh001
2023,KCA202307180,2023-07-18,0,KCA,DET,11,10,KAN06,lyncd001,skubt001
2023,NYN202307180,2023-07-18,0,NYN,CHA,11,10,NYC20,carrc003,gioll001
2023,OAK202307180,2023-07-18,0,OAK,BOS,3,0,OAK01,medil002,jacqj001
2023,PHI202307180,2023-07-18,0,PHI,MIL,4,3,PHI13,nolaa001,tehej001
2023,PIT202307180,2023-07-18,0,PIT,CLE,1,10,PIT08,kellm003,allel003
2023,SEA202307180,2023-07-18,0,SEA,MIN,3,10,SEA03,woo-b001,oberb002
2023,SLN202307180,2023-07-18,0,SLN,MIA,5,2,STL10,montj004,cabre003
2023,TEX202307180,2023-07-18,0,TEX,TBA,5,3,ARL03,eovan001,bradt002
2023,TOR202307180,2023-07-18,0,TOR,SDN,1,9,TOR02,manoa001,musgj001
2023,ANA202307190,2023-07-19,0,ANA,NYA,7,3,ANA01,silsc001,rodoc001
2023,ATL202307190,2023-07-19,0,ATL,ARI,3,5,ATL03,mortc002,nelsr003
2023,BAL202307190,2023-07-19,0,BAL,LAN,8,5,BAL12,kremd001,uriaj001
2023,CHN202307190,2023-07-19,0,CHN,WAS,8,3,CHI11,hendk001,willt002
2023,CIN202307190,2023-07-19,0,CIN,SFN,3,2,CIN09,ashcg001,strir001
2023,COL202307190,2023-07-19,0,COL,HOU,1,4,DEN02,gomba001,bielb001
2023,KCA202307190,2023-07-19,0,KCA,DET,2,3,KAN06,yarbr001,rodre004
2023,NYN202307190,2023-07-19,0,NYN,CHA,5,1,NYC20,verlj001,toust001
2023,OAK202307190,2023-07-19,0,OAK,BOS,6,5,OAK01,waldk003,bellb002
2023,PHI202307190,2023-07-19,0,PHI,MIL,3,5,PHI13,sancc002,rea-c001
2023,PIT202307190,2023-07-19,0,PIT,CLE,7,5,PIT08,hillr001,civaa001
2023,SEA202307190,2023-07-19,0,SEA,MIN,3,6,SEA03,castl003,maedk001
2023,SLN202307190,2023-07-19,0,SLN,MIA,6,4,STL10,hudsd002,alcas001
2023,TEX202307190,2023-07-19,0,TEX,TBA,5,1,ARL03,grayj003,littz001
2023,TOR202307190,2023-07-19,0,TOR,SDN,0,2,TOR02,berrj001,darvy001
2023,ATL202307200,2023-07-20,0,ATL,ARI,7,5,ATL03,stris002,gallz001
2023,CHN202307200,2023-07-20,0,CHN,SLN,2,7,CHI11,strom001,matzs001
2023,CIN202307200,2023-07-20,0,CIN,SFN,5,1,CIN09,abboa001,cobba001
2023,KCA202307200,2023-07-20,0,KCA,DET,0,3,KAN06,greiz001,lorem002
2023,NYN202307200,2023-07-20,0,NYN,CHA,2,6,NYC20,quinj001,kopem001
2023,OAK202307200,2023-07-20,0,OAK,HOU,1,3,OAK01,harrh002,franj006
2023,PHI202307200,2023-07-20,0,PHI,MIL,0,4,PHI13,walkt004,burnc002
2023,SEA202307200,2023-07-20,0,SEA,MIN,5,0,SEA03,kirbg001,lopep002
2023,TBA202307200,2023-07-20,0,TBA,BAL,3,4,STP01,glast001,gibsk002
2023,TOR202307200,2023-07-20,0,TOR,SDN,4,0,TOR02,bassc001,snelb001
2023,ANA202307210,2023-07-21,0,ANA,PIT,8,5,ANA01,ohtas001,oviej001
2023,BOS202307210,2023-07-21,0,BOS,NYN,4,5,BOS07,crawk001,sengk001
2023,CHN202307210,2023-07-21,0,CHN,SLN,4,3,CHI11,steej002,flahj002
2023,CIN202307210,2023-07-21,0,CIN,ARI,9,6,CIN09,liveb001,henrt001
2023,CLE202307210,2023-07-21,0,CLE,PHI,6,5,CLE08,willg004,suarr001
2023,DET202307210,2023-07-21,0,DET,SDN,4,5,DET05,olsor001,lugos001
2023,MIA202307210,2023-07-21,0,MIA,COL,1,6,MIA02,garrb001,lambp001
2023,MIL202307210,2023-07-21,0,MIL,ATL,4,6,MIL06,peraf001,sorom001
2023,MIN202307210,2023-07-21,0,MIN,CHA,9,4,MIN04,ryanj002,lynnl001
2023,NYA202307210,2023-07-21,0,NYA,KCA,5,4,NYC21,schmc002,marsa001
2023,OAK202307210,2023-07-21,0,OAK,HOU,4,6,OAK01,searj001,valdf001
2023,SEA202307210,2023-07-21,0,SEA,TOR,3,2,SEA03,millb004,kikuy001
2023,TBA202307210,2023-07-21,0,TBA,BAL,3,0,STP01,efliz001,bradk001
2023,TEX202307210,2023-07-21,0,TEX,LAN,5,11,ARL03,heana001,gonst001
2023,WAS202307210,2023-07-21,0,WAS,SFN,5,3,WAS11,irvij001,wooda002
2023,ANA202307220,2023-07-22,0,ANA,PIT,0,3,ANA01,detmr001,borur001
2023,BOS202307220,2023-07-22,0,BOS,NYN,8,6,BOS07,paxtj001,schem001
2023,CHN202307220,2023-07-22,0,CHN,SLN,8,6,CHI11,fulmm001,mikom001
2023,CIN202307220,2023-07-22,0,CIN,ARI,4,2,CIN09,willb003,pfaab001
2023,CLE202307220,2023-07-22,0,CLE,PHI,1,0,CLE08,bibet001,wheez001
2023,DET202307220,2023-07-22,0,DET,SDN,3,14,DET05,mannm001,wolfj001
2023,MIA202307220,2023-07-22,0,MIA,COL,3,4,MIA02,cuetj001,andec001
2023,MIL202307220,2023-07-22,0,MIL,ATL,4,3,MIL06,housa001,winaa001
2023,MIN202307220,2023-07-22,0,MIN,CHA,3,2,MIN04,grays001,ceasd001
2023,NYA202307220,2023-07-22,0,NYA,KCA,5,2,NYC21,coleg001,singb001
2023,OAK202307220,2023-07-22,0,OAK,HOU,4,1,OAK01,blacp001,javic001
2023,SEA202307220,2023-07-22,0,SEA,TOR,9,8,SEA03,gilbl002,gausk001
2023,TBA202307220,2023-07-22,0,TBA,BAL,5,6,STP01,mccls003,rodrg003
2023,TEX202307220,2023-07-22,0,TEX,LAN,3,16,ARL03,dunnd001,millb005
2023,WAS202307220,2023-07-22,0,WAS,SFN,10,1,WAS11,grayj004,webbl001
2023,ANA202307230,2023-07-23,0,ANA,PIT,7,5,ANA01,andet002,kellm003
2023,BOS202307230,2023-07-23,0,BOS,NYN,6,1,BOS07,bernb001,carrc003
2023,CHN202307230,2023-07-23,0,CHN,SLN,7,2,CHI11,tailj001,montj004
2023,CIN202307230,2023-07-23,0,CIN,ARI,7,3,CIN09,weavl001,ruizj001
2023,CLE202307230,2023-07-23,0,CLE,PHI,5,8,CLE08,currx001,nolaa001
2023,DET202307230,2023-07-23,0,DET,SDN,3,1,DET05,faeda001,musgj001
2023,MIA202307230,2023-07-23,0,MIA,COL,3,2,MIA02,luzaj001,blact002
2023,MIL202307230,2023-07-23,0,MIL,ATL,2,4,MIL06,tehej001,eldeb001
2023,MIN202307230,2023-07-23,0,MIN,CHA,5,4,MIN04,oberb002,gioll001
2023,NYA202307230,2023-07-23,0,NYA,KCA,8,5,NYC21,sevel001,lylej001
2023,OAK202307230,2023-07-23,0,OAK,HOU,2,3,OAK01,medil002,browh001
2023,SEA202307230,2023-07-23,0,SEA,TOR,3,4,SEA03,woo-b001,manoa001
2023,TBA202307230,2023-07-23,0,TBA,BAL,3,5,STP01,bradt002,wellt003
2023,TEX202307230,2023-07-23,0,TEX,LAN,8,4,ARL03,perem004,sheee001
2023,WAS202307230,2023-07-23,0,WAS,SFN,6,1,WAS11,gorem001,alexs001
2023,ARI202307240,2023-07-24,0,ARI,SLN,6,10,PHO01,nelsr003,waina001
2023,CLE202307240,2023-07-24,0,CLE,KCA,3,5,CLE08,allel003,yarbr001
2023,DET202307240,2023-07-24,0,DET,SFN,5,1,DET05,skubt001,strir001
2023,HOU202307240,2023-07-24,0,HOU,TEX,10,9,HOU03,bielb001,grayj003
2023,LAN202307240,2023-07-24,0,LAN,TOR,3,6,LOS03,grovm001,berrj001
2023,MIL202307240,2023-07-24,0,MIL,CIN,3,2,MIL06,rea-c001,ashcg001
2023,MIN202307240,2023-07-24,0,MIN,SEA,4,3,MIN04,maedk001,castl003
2023,PHI202307240,2023-07-24,0,PHI,BAL,2,3,PHI13,sancc002,kremd001
2023,SDN202307240,2023-07-24,0,SDN,PIT,4,8,SAN02,darvy001,prieq001
2023,WAS202307240,2023-07-24,0,WAS,COL,6,10,WAS11,corbp001,birdj001
2023,ARI202307250,2023-07-25,0,ARI,SLN,3,1,PHO01,kellm002,matzs001
2023,BOS202307250,2023-07-25,0,BOS,ATL,7,1,BOS07,schrj001,mortc002
2023,CHA202307250,2023-07-25,0,CHA,CHN,3,7,CHI12,kopem001,hendk001
2023,CLE202307250,2023-07-25,0,CLE,KCA,5,1,CLE08,civaa001,greiz001
2023,DET202307250,2023-07-25,0,DET,ANA,6,7,DET05,rodre004,canng001
2023,HOU202307250,2023-07-25,0,HOU,TEX,4,3,HOU03,franj006,rodry002
2023,LAN202307250,2023-07-25,0,LAN,TOR,8,7,LOS03,uriaj001,bassc001
2023,MIL202307250,2023-07-25,0,MIL,CIN,3,4,MIL06,burnc002,abboa001
2023,MIN202307250,2023-07-25,0,MIN,SEA,7,9,MIN04,lopep002,kirbg001
2023,NYA202307250,2023-07-25,0,NYA,NYN,3,9,NYC21,germd001,verlj001
2023,PHI202307250,2023-07-25,0,PHI,BAL,4,3,PHI13,walkt004,gibsk002
2023,SDN202307250,2023-07-25,0,SDN,PIT,5,1,SAN02,snelb001,hillr001
2023,SFN202307250,2023-07-25,0,SFN,OAK,2,1,SFO03,cobba001,scott004
2023,TBA202307250,2023-07-25,0,TBA,MIA,4,1,STP01,glast001,cabre003
2023,WAS202307250,2023-07-25,0,WAS,COL,6,5,WAS11,willt002,gomba001
2023,ARI202307260,2023-07-26,0,ARI,SLN,7,11,PHO01,gallz001,flahj002
2023,BOS202307260,2023-07-26,0,BOS,ATL,5,3,BOS07,bellb002,stris002
2023,CHA202307260,2023-07-26,0,CHA,CHN,7,10,CHI12,lynnl001,strom001
2023,CLE202307260,2023-07-26,0,CLE,KCA,8,3,CLE08,willg004,marsa001
2023,HOU202307260,2023-07-26,0,HOU,TEX,5,13,HOU03,valdf001,heana001
2023,LAN202307260,2023-07-26,0,LAN,TOR,1,8,LOS03,gonst001,kikuy001
2023,MIL202307260,2023-07-26,0,MIL,CIN,3,0,MIL06,peraf001,liveb001
2023,MIN202307260,2023-07-26,0,MIN,SEA,7,8,MIN04,ryanj002,millb004
2023,NYA202307260,2023-07-26,0,NYA,NYN,3,1,NYC21,rodoc001,quinj001
2023,PHI202307260,2023-07-26,0,PHI,BAL,6,4,PHI13,suarr001,bradk001
2023,SDN202307260,2023-07-26,0,SDN,PIT,2,3,SAN02,lugos001,oviej001
2023,SFN202307260,2023-07-26,0,SFN,OAK,8,3,SFO03,walkr001,tarnf001
2023,TBA202307260,2023-07-26,0,TBA,MIA,1,7,STP01,efliz001,alcas001
2023,WAS202307260,2023-07-26,0,WAS,COL,5,4,WAS11,irvij001,lambp001
2023,CHA202307270,2023-07-27,0,CHA,CLE,3,6,CHI12,ceasd001,bibet001
2023,DET202307271,2023-07-27,1,DET,ANA,0,6,DET05,lorem002,ohtas001
2023,DET202307272,2023-07-27,2,DET,ANA,4,11,DET05,mannm001,sandp002
2023,NYN202307270,2023-07-27,0,NYN,WAS,2,1,NYC20,sengk001,grayj004
2023,SLN202307270,2023-07-27,0,SLN,CHN,3,10,STL10,mikom001,steej002
2023,ARI202307280,2023-07-28,0,ARI,SEA,2,5,PHO01,henrt001,gilbl002
2023,ATL202307280,2023-07-28,0,ATL,MIL,10,7,ATL03,chiry001,housa001
2023,BAL202307280,2023-07-28,0,BAL,NYA,1,0,BAL12,rodrg003,coleg001
2023,CHA202307280,2023-07-28,0,CHA,CLE,3,0,CHI12,toust001,currx001
2023,COL202307280,2023-07-28,0,COL,OAK,5,8,DEN02,freek001,searj001
2023,HOU202307280,2023-07-28,0,HOU,TBA,3,4,HOU03,javic001,mccls003
2023,KCA202307280,2023-07-28,0,KCA,MIN,8,5,KAN06,singb001,grays001
2023,LAN202307280,2023-07-28,0,LAN,CIN,5,6,LOS03,millb005,willb003
2023,MIA202307280,2023-07-28,0,MIA,DET,6,5,MIA02,garrb001,olsor001
2023,NYN202307280,2023-07-28,0,NYN,WAS,5,1,NYC20,schem001,gorem001
2023,PIT202307280,2023-07-28,0,PIT,PHI,1,2,PIT08,kellm003,wheez001
2023,SDN202307280,2023-07-28,0,SDN,TEX,7,1,SAN02,musgj001,dunnd001
2023,SFN202307280,2023-07-28,0,SFN,BOS,2,3,SFO03,webbl001,crawk001
2023,SLN202307280,2023-07-28,0,SLN,CHN,2,3,STL10,montj004,wesnh001
2023,TOR202307280,2023-07-28,0,TOR,ANA,4,1,TOR02,gausk001,gioll001
2023,ARI202307290,2023-07-29,0,ARI,SEA,4,3,PHO01,pfaab001,woo-b001
2023,ATL202307290,2023-07-29,0,ATL,MIL,11,5,ATL03,eldeb001,tehej001
2023,BAL202307290,2023-07-29,0,BAL,NYA,3,8,BAL12,wellt003,schmc002
2023,CHA202307290,2023-07-29,0,CHA,CLE,7,2,CHI12,clevm001,allel003
2023,COL202307290,2023-07-29,0,COL,OAK,3,11,DEN02,flexc001,blacp001
2023,HOU202307290,2023-07-29,0,HOU,TBA,17,4,HOU03,browh001,bradt002
2023,KCA202307290,2023-07-29,0,KCA,MIN,10,7,KAN06,lylej001,oberb002
2023,LAN202307290,2023-07-29,0,LAN,CIN,3,2,LOS03,sheee001,weavl001
2023,MIA202307290,2023-07-29,0,MIA,DET,0,5,MIA02,cuetj001,brieb001
2023,NYN202307290,2023-07-29,0,NYN,WAS,6,11,NYC20,carrc003,corbp001
2023,PIT202307290,2023-07-29,0,PIT,PHI,7,6,PIT08,prieq001,nolaa001
2023,SDN202307290,2023-07-29,0,SDN,TEX,4,0,SAN02,darvy001,perem004
2023,SFN202307290,2023-07-29,0,SFN,BOS,3,2,SFO03,walkr001,paxtj001
2023,SLN202307290,2023-07-29,0,SLN,CHN,1,5,STL10,waina001,tailj001
2023,TOR202307290,2023-07-29,0,TOR,ANA,6,1,TOR02,manoa001,detmr001
2023,ARI202307300,2023-07-30,0,ARI,SEA,0,4,PHO01,kellm002,castl003
2023,ATL202307300,2023-07-30,0,ATL,MIL,8,6,ATL03,smita001,rea-c001
2023,BAL202307300,2023-07-30,0,BAL,NYA,9,3,BAL12,kremd001,sevel001
2023,CHA202307300,2023-07-30,0,CHA,CLE,0,5,CHI12,kopem001,civaa001
2023,COL202307300,2023-07-30,0,COL,OAK,2,0,DEN02,blact002,medil002
2023,HOU202307300,2023-07-30,0,HOU,TBA,2,8,HOU03,bielb001,littz001
2023,KCA202307300,2023-07-30,0,KCA,MIN,2,1,KAN06,yarbr001,maedk001
2023,LAN202307300,2023-07-30,0,LAN,CIN,0,9,LOS03,grovm001,ashcg001
2023,MIA202307300,2023-07-30,0,MIA,DET,8,6,MIA02,luzaj001,skubt001
2023,NYN202307300,2023-07-30,0,NYN,WAS,5,2,NYC20,verlj001,willt002
2023,PIT202307300,2023-07-30,0,PIT,PHI,6,4,PIT08,hillr001,sancc002
2023,SDN202307300,2023-07-30,0,SDN,TEX,5,3,SAN02,snelb001,bradc003
2023,SFN202307300,2023-07-30,0,SFN,BOS,4,3,SFO03,alexs001,bernb001
2023,SLN202307300,2023-07-30,0,SLN,CHN,3,0,STL10,matzs001,hendk001
2023,TOR202307300,2023-07-30,0,TOR,ANA,2,3,TOR02,berrj001,andet002
2023,ATL202307310,2023-07-31,0,ATL,ANA,1,4,ATL03,mortc002,silsc001
2023,CHN202307310,2023-07-31,0,CHN,CIN,5,6,CHI11,strom001,abboa001
2023,COL202307310,2023-07-31,0,COL,SDN,4,3,DEN02,gomba001,lugos001
2023,HOU202307310,2023-07-31,0,HOU,CLE,7,3,HOU03,franj006,syndn001
2023,MIA202307310,2023-07-31,0,MIA,PHI,2,4,MIA02,cabre003,walkt004
2023,NYA202307310,2023-07-31,0,NYA,TBA,1,5,NYC21,britj003,glast001
2023,SEA202307310,2023-07-31,0,SEA,BOS,6,2,SEA03,kirbg001,piven001
2023,SFN202307310,2023-07-31,0,SFN,ARI,3,4,SFO03,junij001,nelsr003
2023,TOR202307310,2023-07-31,0,TOR,BAL,2,4,TOR02,bassc001,gibsk002
2023,WAS202307310,2023-07-31,0,WAS,MIL,5,3,WAS11,irvij001,burnc002
2023,ATL202308010,2023-08-01,0,ATL,ANA,5,1,ATL03,stris002,sandp002
2023,CHN202308010,2023-08-01,0,CHN,CIN,20,9,CHI11,steej002,liveb001
2023,COL202308010,2023-08-01,0,COL,SDN,5,8,DEN02,lambp001,avilp001
2023,HOU202308010,2023-08-01,0,HOU,CLE,2,0,HOU03,valdf001,willg004
2023,KCA202308010,2023-08-01,0,KCA,NYN,7,6,KAN06,greiz001,quinj001
2023,LAN202308010,2023-08-01,0,LAN,OAK,7,3,LOS03,lynnl001,waldk003
2023,MIA202308010,2023-08-01,0,MIA,PHI,1,3,MIA02,alcas001,suarr001
2023,NYA202308010,2023-08-01,0,NYA,TBA,2,5,NYC21,rodoc001,efliz001
2023,PIT202308010,2023-08-01,0,PIT,DET,4,1,PIT08,oviej001,mannm001
2023,SEA202308010,2023-08-01,0,SEA,BOS,4,6,SEA03,millb004,bellb002
2023,SFN202308010,2023-08-01,0,SFN,ARI,4,3,SFO03,cobba001,gallz001
2023,SLN202308010,2023-08-01,0,SLN,MIN,2,3,STL10,mikom001,lopep002
2023,TEX202308010,2023-08-01,0,TEX,CHA,2,0,ARL03,heana001,schoj002
2023,TOR202308010,2023-08-01,0,TOR,BAL,3,13,TOR02,ryu-h001,bradk001
2023,WAS202308010,2023-08-01,0,WAS,MIL,4,6,WAS11,grayj004,peraf001
2023,ATL202308020,2023-08-02,0,ATL,ANA,12,5,ATL03,chiry001,gioll001
2023,CHN202308020,2023-08-02,0,CHN,CIN,16,6,CHI11,smyld001,willb003
2023,COL202308020,2023-08-02,0,COL,SDN,1,11,DEN02,freek001,martn002
2023,HOU202308020,2023-08-02,0,HOU,CLE,3,2,HOU03,blanr001,bibet001
2023,KCA202308020,2023-08-02,0,KCA,NYN,4,0,KAN06,ragac001,sengk001
2023,LAN202308020,2023-08-02,0,LAN,OAK,10,1,LOS03,gonst001,harrh002
2023,MIA202308020,2023-08-02,0,MIA,PHI,9,8,MIA02,garrb001,wheez001
2023,NYA202308020,2023-08-02,0,NYA,TBA,7,2,NYC21,coleg001,mccls003
2023,PIT202308020,2023-08-02,0,PIT,DET,3,6,PIT08,bidoo001,rodre004
2023,SEA202308020,2023-08-02,0,SEA,BOS,6,3,SEA03,gilbl002,crawk001
2023,SFN202308020,2023-08-02,0,SFN,ARI,4,2,SFO03,webbl001,ceccs001
2023,SLN202308020,2023-08-02,0,SLN,MIN,7,3,STL10,hudsd002,ryanj002
2023,TEX202308020,2023-08-02,0,TEX,CHA,11,1,ARL03,dunnd001,ceasd001
2023,TOR202308020,2023-08-02,0,TOR,BAL,4,1,TOR02,kikuy001,rodrg003
2023,WAS202308020,2023-08-02,0,WAS,MIL,3,2,WAS11,gorem001,milew001
2023,ANA202308030,2023-08-03,0,ANA,SEA,3,5,ANA01,ohtas001,woo-b001
2023,CHN202308030,2023-08-03,0,CHN,CIN,5,3,CHI11,tailj001,weavl001
2023,KCA202308030,2023-08-03,0,KCA,NYN,9,2,KAN06,singb001,carrc003
2023,LAN202308030,2023-08-03,0,LAN,OAK,8,2,LOS03,uriaj001,searj001
2023,MIA202308030,2023-08-03,0,MIA,PHI,2,4,MIA02,cuetj001,lorem002
2023,MIL202308030,2023-08-03,0,MIL,PIT,14,1,MIL06,housa001,kellm003
2023,NYA202308030,2023-08-03,0,NYA,HOU,4,3,NYC21,schmc002,javic001
2023,SFN202308030,2023-08-03,0,SFN,ARI,1,0,SFO03,alexs001,pfaab001
2023,SLN202308030,2023-08-03,0,SLN,MIN,3,5,STL10,libem001,grays001
2023,TEX202308030,2023-08-03,0,TEX,CHA,5,3,ARL03,schem001,toust001
2023,TOR202308030,2023-08-03,0,TOR,BAL,1,6,TOR02,gausk001,flahj002
2023,ANA202308040,2023-08-04,0,ANA,SEA,7,9,ANA01,detmr001,castl003
2023,BAL202308040,2023-08-04,0,BAL,NYN,10,3,BAL12,kremd001,peted003
2023,BOS202308040,2023-08-04,0,BOS,TOR,3,7,BOS07,paxtj001,manoa001
2023,CHN202308040,2023-08-04,0,CHN,ATL,0,8,CHI11,hendk001,friem001
2023,CIN202308040,2023-08-04,0,CIN,WAS,3,6,CIN09,ashcg001,corbp001
2023,CLE202308040,2023-08-04,0,CLE,CHA,4,2,CLE08,allel003,clevm001
2023,DET202308040,2023-08-04,0,DET,TBA,0,8,DET05,olsor001,littz001
2023,MIL202308040,2023-08-04,0,MIL,PIT,4,8,MIL06,rea-c001,prieq001
2023,MIN202308040,2023-08-04,0,MIN,ARI,3,2,MIN04,oberb002,kellm002
2023,NYA202308040,2023-08-04,0,NYA,HOU,3,7,NYC21,sevel001,browh001
2023,PHI202308040,2023-08-04,0,PHI,KCA,5,7,PHI13,nolaa001,lylej001
2023,SDN202308040,2023-08-04,0,SDN,LAN,5,10,SAN02,darvy001,millb005
2023,SLN202308040,2023-08-04,0,SLN,COL,4,9,STL10,waina001,flexc001
2023,TEX202308040,2023-08-04,0,TEX,MIA,6,2,ARL03,montj004,luzaj001
2023,ANA202308050,2023-08-05,0,ANA,SEA,2,3,ANA01,andet002,kirbg001
2023,BAL202308050,2023-08-05,0,BAL,NYN,7,3,BAL12,gibsk002,megit002
2023,BOS202308050,2023-08-05,0,BOS,TOR,4,5,BOS07,schrj001,berrj001
2023,CHN202308050,2023-08-05,0,CHN,ATL,8,6,CHI11,assaj001,eldeb001
2023,CIN202308050,2023-08-05,0,CIN,WAS,3,7,CIN09,abboa001,adonj001
2023,CLE202308050,2023-08-05,0,CLE,CHA,4,7,CLE08,syndn001,kopem001
2023,DET202308050,2023-08-05,0,DET,TBA,4,2,DET05,skubt001,civaa001
2023,MIL202308050,2023-08-05,0,MIL,PIT,3,2,MIL06,burnc002,faltb001
2023,MIN202308050,2023-08-05,0,MIN,ARI,12,1,MIN04,maedk001,nelsr003
2023,NYA202308050,2023-08-05,0,NYA,HOU,3,1,NYC21,cortn001,verlj001
2023,OAK202308050,2023-08-05,0,OAK,SFN,2,1,OAK01,blacp001,strir001
2023,PHI202308050,2023-08-05,0,PHI,KCA,9,6,PHI13,sancc002,marsa001
2023,SDN202308050,2023-08-05,0,SDN,LAN,8,3,SAN02,snelb001,grovm001
2023,SLN202308050,2023-08-05,0,SLN,COL,6,2,STL10,matzs001,blact002
2023,TEX202308050,2023-08-05,0,TEX,MIA,9,8,ARL03,grayj003,sorig001
2023,ANA202308060,2023-08-06,0,ANA,SEA,2,3,ANA01,silsc001,millb004
2023,BAL202308060,2023-08-06,0,BAL,NYN,2,0,BAL12,bradk001,quinj001
2023,BOS202308060,2023-08-06,0,BOS,TOR,1,13,BOS07,bernb001,bassc001
2023,CHN202308060,2023-08-06,0,CHN,ATL,6,4,CHI11,steej002,mortc002
2023,CIN202308060,2023-08-06,0,CIN,WAS,3,6,CIN09,richl001,irvij001
2023,CLE202308060,2023-08-06,0,CLE,CHA,3,5,CLE08,currx001,schoj002
2023,DET202308060,2023-08-06,0,DET,TBA,6,10,DET05,mannm001,ramie004
2023,MIL202308060,2023-08-06,0,MIL,PIT,1,4,MIL06,woodb005,oviej001
2023,MIN202308060,2023-08-06,0,MIN,ARI,5,3,MIN04,keucd001,gallz001
2023,NYA202308060,2023-08-06,0,NYA,HOU,7,9,NYC21,rodoc001,urquj001
2023,OAK202308060,2023-08-06,0,OAK,SFN,8,6,OAK01,medil002,cobba001
2023,PHI202308060,2023-08-06,0,PHI,KCA,8,4,PHI13,walkt004,greiz001
2023,SDN202308060,2023-08-06,0,SDN,LAN,2,8,SAN02,hillr001,lynnl001
2023,SLN202308060,2023-08-06,0,SLN,COL,0,1,STL10,thomz002,gomba001
2023,TEX202308060,2023-08-06,0,TEX,MIA,6,0,ARL03,heana001,alcas001
2023,ANA202308070,2023-08-07,0,ANA,SFN,3,8,ANA01,sandp002,webbl001
2023,BOS202308070,2023-08-07,0,BOS,KCA,6,2,BOS07,bellb002,ragac001
2023,CHA202308070,2023-08-07,0,CHA,NYA,5,1,CHI12,ceasd001,coleg001
2023,CIN202308070,2023-08-07,0,CIN,MIA,5,2,CIN09,willb003,peree004
2023,CLE202308070,2023-08-07,0,CLE,TOR,1,3,CLE08,willg004,ryu-h001
2023,DET202308070,2023-08-07,0,DET,MIN,3,9,DET05,wentj001,lopep002
2023,MIL202308070,2023-08-07,0,MIL,COL,12,1,MIL06,peraf001,lambp001
2023,NYN202308070,2023-08-07,0,NYN,CHN,11,2,NYC20,sengk001,smyld001
2023,OAK202308070,2023-08-07,0,OAK,TEX,3,5,OAK01,waldk003,dunnd001
2023,PIT202308070,2023-08-07,0,PIT,ATL,7,6,PIT08,bidoo001,stris002
2023,SDN202308070,2023-08-07,0,SDN,LAN,7,13,SAN02,lugos001,gonst001
2023,ANA202308080,2023-08-08,0,ANA,SFN,7,5,ANA01,gioll001,alexs001
2023,ARI202308080,2023-08-08,0,ARI,LAN,4,5,PHO01,pfaab001,uriaj001
2023,BAL202308080,2023-08-08,0,BAL,HOU,6,7,BAL12,rodrg003,valdf001
2023,BOS202308080,2023-08-08,0,BOS,KCA,3,9,BOS07,crawk001,singb001
2023,CHA202308080,2023-08-08,0,CHA,NYA,1,7,CHI12,toust001,schmc002
2023,CIN202308080,2023-08-08,0,CIN,MIA,2,3,CIN09,weavl001,garrb001
2023,CLE202308080,2023-08-08,0,CLE,TOR,1,0,CLE08,bibet001,kikuy001
2023,DET202308080,2023-08-08,0,DET,MIN,6,0,DET05,rodre004,grays001
2023,MIL202308080,2023-08-08,0,MIL,COL,3,7,MIL06,milew001,freek001
2023,NYN202308080,2023-08-08,0,NYN,CHN,2,3,NYC20,carrc003,tailj001
2023,OAK202308080,2023-08-08,0,OAK,TEX,1,6,OAK01,searj001,schem001
2023,PHI202308081,2023-08-08,1,PHI,WAS,8,4,PHI13,wheez001,willt002
2023,PHI202308082,2023-08-08,2,PHI,WAS,4,5,PHI13,suarr001,grayj004
2023,PIT202308080,2023-08-08,0,PIT,ATL,6,8,PIT08,kellm003,chiry001
2023,SEA202308080,2023-08-08,0,SEA,SDN,2,0,SEA03,gilbl002,martn002
2023,TBA202308080,2023-08-08,0,TBA,SLN,4,2,STP01,efliz001,mikom001
2023,ANA202308090,2023-08-09,0,ANA,SFN,4,1,ANA01,ohtas001,walkr001
2023,ARI202308090,2023-08-09,0,ARI,LAN,0,2,PHO01,kellm002,millb005
2023,BAL202308090,2023-08-09,0,BAL,HOU,2,8,BAL12,flahj002,javic001
2023,BOS202308090,2023-08-09,0,BOS,KCA,4,3,BOS07,piven001,lylej001
2023,CHA202308090,2023-08-09,0,CHA,NYA,9,2,CHI12,clevm001,hamii001
2023,CIN202308090,2023-08-09,0,CIN,MIA,4,5,CIN09,ashcg001,cuetj001
2023,CLE202308090,2023-08-09,0,CLE,TOR,0,1,CLE08,allel003,gausk001
2023,DET202308090,2023-08-09,0,DET,MIN,9,5,DET05,faeda001,oberb002
2023,MIL202308090,2023-08-09,0,MIL,COL,7,6,MIL06,housa001,flexc001
2023,NYN202308090,2023-08-09,0,NYN,CHN,4,3,NYC20,peted003,hendk001
2023,OAK202308090,2023-08-09,0,OAK,TEX,2,0,OAK01,pruia001,montj004
2023,PHI202308090,2023-08-09,0,PHI,WAS,7,0,PHI13,lorem002,gorem001
2023,PIT202308090,2023-08-09,0,PIT,ATL,5,6,PIT08,prieq001,friem001
2023,SEA202308090,2023-08-09,0,SEA,SDN,6,1,SEA03,hance001,darvy001
2023,TBA202308090,2023-08-09,0,TBA,SLN,4,6,STP01,beekj001,hudsd002
2023,BAL202308100,2023-08-10,0,BAL,HOU,5,4,BAL12,kremd001,browh001
2023,BOS202308100,2023-08-10,0,BOS,KCA,2,0,BOS07,paxtj001,cox-a001
2023,CLE202308100,2023-08-10,0,CLE,TOR,4,3,CLE08,syndn001,manoa001
2023,DET202308100,2023-08-10,0,DET,MIN,3,0,DET05,olsor001,maedk001
2023,LAN202308100,2023-08-10,0,LAN,COL,2,1,LOS03,kersc001,blact002
2023,PHI202308100,2023-08-10,0,PHI,WAS,6,2,PHI13,nolaa001,corbp001
2023,PIT202308100,2023-08-10,0,PIT,ATL,7,5,PIT08,faltb001,eldeb001
2023,TBA202308100,2023-08-10,0,TBA,SLN,2,5,STP01,littz001,libem001
2023,ARI202308110,2023-08-11,0,ARI,SDN,5,10,PHO01,nelsr003,snelb001
2023,BOS202308110,2023-08-11,0,BOS,DET,5,2,BOS07,salec001,skubt001
2023,CHA202308110,2023-08-11,0,CHA,MIL,6,7,CHI12,kopem001,burnc002
2023,HOU202308110,2023-08-11,0,HOU,ANA,11,3,HOU03,verlj001,detmr001
2023,KCA202308110,2023-08-11,0,KCA,SLN,12,8,KAN06,coled003,waina001
2023,LAN202308110,2023-08-11,0,LAN,COL,6,1,LOS03,lynnl001,gomba001
2023,MIA202308110,2023-08-11,0,MIA,NYA,4,9,MIA02,luzaj001,hamii001
2023,NYN202308110,2023-08-11,0,NYN,ATL,0,7,NYC20,megit002,mortc002
2023,PHI202308110,2023-08-11,0,PHI,MIN,13,2,PHI13,sancc002,keucd001
2023,PIT202308110,2023-08-11,0,PIT,CIN,2,9,PIT08,oviej001,abboa001
2023,SEA202308110,2023-08-11,0,SEA,BAL,9,2,SEA03,castl003,gibsk002
2023,SFN202308110,2023-08-11,0,SFN,TEX,1,2,SFO03,alexs001,grayj003
2023,TBA202308110,2023-08-11,0,TBA,CLE,9,8,STP01,civaa001,currx001
2023,TOR202308110,2023-08-11,0,TOR,CHN,2,6,TOR02,berrj001,assaj001
2023,WAS202308110,2023-08-11,0,WAS,OAK,8,2,WAS11,adonj001,blacp001
2023,ARI202308120,2023-08-12,0,ARI,SDN,3,0,PHO01,gallz001,hillr001
2023,BOS202308120,2023-08-12,0,BOS,DET,2,6,BOS07,bellb002,mannm001
2023,CHA202308120,2023-08-12,0,CHA,MIL,2,3,CHI12,schoj002,woodb005
2023,HOU202308120,2023-08-12,0,HOU,ANA,11,3,HOU03,franj006,andet002
2023,KCA202308120,2023-08-12,0,KCA,SLN,4,5,KAN06,ragac001,matzs001
2023,LAN202308120,2023-08-12,0,LAN,COL,4,1,LOS03,gonst001,lambp001
2023,MIA202308120,2023-08-12,0,MIA,NYA,3,1,MIA02,alcas001,kingm002
2023,NYN202308121,2023-08-12,1,NYN,ATL,3,21,NYC20,reyed002,winaa001
2023,NYN202308122,2023-08-12,2,NYN,ATL,0,6,NYC20,quinj001,stris002
2023,PHI202308120,2023-08-12,0,PHI,MIN,1,8,PHI13,walkt004,lopep002
2023,SEA202308120,2023-08-12,0,SEA,BAL,0,1,SEA03,kirbg001,irvic001
2023,SFN202308120,2023-08-12,0,SFN,TEX,3,9,SFO03,cobba001,heana001
2023,TBA202308120,2023-08-12,0,TBA,CLE,6,5,STP01,armss001,willg004
2023,TOR202308120,2023-08-12,0,TOR,CHN,4,5,TOR02,bassc001,steej002
2023,WAS202308120,2023-08-12,0,WAS,OAK,3,2,WAS11,irvij001,medil002
2023,ARI202308130,2023-08-13,0,ARI,SDN,5,4,PHO01,pfaab001,lugos001
2023,BOS202308130,2023-08-13,0,BOS,DET,6,3,BOS07,crawk001,rodre004
2023,CHA202308130,2023-08-13,0,CHA,MIL,3,7,CHI12,ceasd001,peraf001
2023,HOU202308130,2023-08-13,0,HOU,ANA,1,2,HOU03,urquj001,silsc001
2023,LAN202308130,2023-08-13,0,LAN,COL,8,3,LOS03,uriaj001,freek001
2023,MIA202308130,2023-08-13,0,MIA,NYA,8,7,MIA02,peree004,coleg001
2023,NYN202308130,2023-08-13,0,NYN,ATL,7,6,NYC20,sengk001,chiry001
2023,PHI202308130,2023-08-13,0,PHI,MIN,0,3,PHI13,suarr001,grays001
2023,PIT202308131,2023-08-13,1,PIT,CIN,4,2,PIT08,kellm003,willb003
2023,PIT202308132,2023-08-13,2,PIT,CIN,5,6,PIT08,jacka003,weavl001
2023,SEA202308130,2023-08-13,0,SEA,BAL,3,5,SEA03,millb004,bradk001
2023,SFN202308130,2023-08-13,0,SFN,TEX,3,2,SFO03,webbl001,dunnd001
2023,TBA202308130,2023-08-13,0,TBA,CLE,2,9,STP01,efliz001,bibet001
2023,TOR202308130,2023-08-13,0,TOR,CHN,11,4,TOR02,ryu-h001,tailj001
2023,WAS202308130,2023-08-13,0,WAS,OAK,8,7,WAS11,willt002,waldk003
2023,ATL202308140,2023-08-14,0,ATL,NYA,11,3,ATL03,friem001,schmc002
2023,COL202308140,2023-08-14,0,COL,ARI,6,4,DEN02,flexc001,kellm002
2023,KCA202308140,2023-08-14,0,KCA,SEA,7,6,KAN06,singb001,gilbl002
2023,MIA202308140,2023-08-14,0,MIA,HOU,5,1,MIA02,garrb001,valdf001
2023,NYN202308140,2023-08-14,0,NYN,PIT,7,2,NYC20,carrc003,prieq001
2023,SDN202308140,2023-08-14,0,SDN,BAL,1,4,SAN02,darvy001,rodrg003
2023,SFN202308140,2023-08-14,0,SFN,TBA,2,10,SFO03,walkr001,glast001
2023,SLN202308140,2023-08-14,0,SLN,OAK,7,5,STL10,mikom001,searj001
2023,TEX202308140,2023-08-14,0,TEX,ANA,12,0,ARL03,schem001,sandp002
2023,ATL202308150,2023-08-15,0,ATL,NYA,5,0,ATL03,eldeb001,sevel001
2023,CHN202308150,2023-08-15,0,CHN,CHA,3,5,CHI11,hendk001,toust001
2023,CIN202308150,2023-08-15,0,CIN,CLE,0,3,CIN09,ashcg001,allel003
2023,COL202308150,2023-08-15,0,COL,ARI,5,8,DEN02,blact002,mantj002
2023,KCA202308150,2023-08-15,0,KCA,SEA,8,10,KAN06,lylej001,hance001
2023,LAN202308150,2023-08-15,0,LAN,MIL,6,2,LOS03,millb005,housa001
2023,MIA202308150,2023-08-15,0,MIA,HOU,5,6,MIA02,cuetj001,javic001
2023,MIN202308150,2023-08-15,0,MIN,DET,5,3,MIN04,oberb002,faeda001
2023,NYN202308150,2023-08-15,0,NYN,PIT,4,7,NYC20,peted003,faltb001
2023,SDN202308150,2023-08-15,0,SDN,BAL,10,3,SAN02,wachm001,flahj002
2023,SFN202308150,2023-08-15,0,SFN,TBA,7,0,SFO03,junij001,littz001
2023,SLN202308150,2023-08-15,0,SLN,OAK,6,2,STL10,hudsd002,watks003
2023,TEX202308150,2023-08-15,0,TEX,ANA,7,3,ARL03,montj004,gioll001
2023,TOR202308150,2023-08-15,0,TOR,PHI,2,1,TOR02,kikuy001,wheez001
2023,WAS202308150,2023-08-15,0,WAS,BOS,4,5,WAS11,grayj004,piven001
2023,ATL202308160,2023-08-16,0,ATL,NYA,2,0,ATL03,mortc002,vasqr001
2023,CHN202308160,2023-08-16,0,CHN,CHA,4,3,CHI11,assaj001,clevm001
2023,CIN202308160,2023-08-16,0,CIN,CLE,7,2,CIN09,abboa001,syndn001
2023,COL202308160,2023-08-16,0,COL,ARI,7,9,DEN02,gomba001,ceccs001
2023,KCA202308160,2023-08-16,0,KCA,SEA,5,6,KAN06,mcarj001,castl003
2023,LAN202308160,2023-08-16,0,LAN,MIL,7,1,LOS03,kersc001,milew001
2023,MIA202308160,2023-08-16,0,MIA,HOU,5,12,MIA02,luzaj001,verlj001
2023,MIN202308160,2023-08-16,0,MIN,DET,7,8,MIN04,maedk001,olsor001
2023,NYN202308160,2023-08-16,0,NYN,PIT,8,3,NYC20,megit002,oviej001
2023,SDN202308160,2023-08-16,0,SDN,BAL,5,2,SAN02,snelb001,kremd001
2023,SFN202308160,2023-08-16,0,SFN,TBA,1,6,SFO03,walkr001,civaa001
2023,SLN202308160,2023-08-16,0,SLN,OAK,0,8,STL10,libem001,blacp001
2023,TEX202308160,2023-08-16,0,TEX,ANA,0,2,ARL03,grayj003,detmr001
2023,TOR202308160,2023-08-16,0,TOR,PHI,4,9,TOR02,gausk001,nolaa001
2023,WAS202308160,2023-08-16,0,WAS,BOS,6,2,WAS11,gorem001,paxtj001
2023,KCA202308170,2023-08-17,0,KCA,SEA,4,6,KAN06,zerpa001,kirbg001
2023,LAN202308170,2023-08-17,0,LAN,MIL,1,0,LOS03,lynnl001,burnc002
2023,SDN202308170,2023-08-17,0,SDN,ARI,1,3,SAN02,hillr001,gallz001
2023,SLN202308170,2023-08-17,0,SLN,NYN,2,4,STL10,waina001,quinj001
2023,WAS202308170,2023-08-17,0,WAS,BOS,10,7,WAS11,corbp001,salec001
2023,ANA202308180,2023-08-18,0,ANA,TBA,6,9,ANA01,andet002,ramie004
2023,ATL202308180,2023-08-18,0,ATL,SFN,4,0,ATL03,stris002,cobba001
2023,CHN202308180,2023-08-18,0,CHN,KCA,3,4,CHI11,tailj001,ragac001
2023,CIN202308180,2023-08-18,0,CIN,TOR,1,0,CIN09,kennb001,berrj001
2023,CLE202308181,2023-08-18,1,CLE,DET,2,4,CLE08,willg004,skubt001
2023,CLE202308182,2023-08-18,2,CLE,DET,4,1,CLE08,currx001,wentj001
2023,COL202308180,2023-08-18,0,COL,CHA,14,1,DEN02,lambp001,kopem001
2023,HOU202308180,2023-08-18,0,HOU,SEA,0,2,HOU03,franj006,millb004
2023,LAN202308180,2023-08-18,0,LAN,MIA,3,11,LOS03,gonst001,alcas001
2023,MIN202308180,2023-08-18,0,MIN,PIT,5,1,MIN04,lopep002,jacka003
2023,NYA202308180,2023-08-18,0,NYA,BOS,3,8,NYC21,britj003,bellb002
2023,OAK202308180,2023-08-18,0,OAK,BAL,4,9,OAK01,peref002,gibsk002
2023,SDN202308180,2023-08-18,0,SDN,ARI,4,0,SAN02,lugos001,pfaab001
2023,SLN202308180,2023-08-18,0,SLN,NYN,1,7,STL10,thomz002,luccj001
2023,TEX202308180,2023-08-18,0,TEX,MIL,8,9,ARL03,heana001,woodb005
2023,WAS202308180,2023-08-18,0,WAS,PHI,8,7,WAS11,adonj001,lorem002
2023,ANA202308191,2023-08-19,1,ANA,TBA,7,6,ANA01,silsc001,glast001
2023,ANA202308192,2023-08-19,2,ANA,TBA,4,18,ANA01,sandp002,efliz001
2023,ATL202308190,2023-08-19,0,ATL,SFN,6,5,ATL03,chiry001,webbl001
2023,CHN202308190,2023-08-19,0,CHN,KCA,6,4,CHI11,steej002,singb001
2023,CIN202308190,2023-08-19,0,CIN,TOR,3,4,CIN09,willb003,bassc001
2023,CLE202308190,2023-08-19,0,CLE,DET,3,4,CLE08,bibet001,mannm001
2023,COL202308190,2023-08-19,0,COL,CHA,11,5,DEN02,freek001,schoj002
2023,HOU202308190,2023-08-19,0,HOU,SEA,3,10,HOU03,valdf001,gilbl002
2023,LAN202308191,2023-08-19,1,LAN,MIA,3,1,LOS03,fergc001,peree004
2023,LAN202308192,2023-08-19,2,LAN,MIA,3,1,LOS03,uriaj001,garrb001
2023,MIN202308190,2023-08-19,0,MIN,PIT,4,7,MIN04,grays001,kellm003
2023,NYA202308190,2023-08-19,0,NYA,BOS,1,8,NYC21,coleg001,crawk001
2023,OAK202308190,2023-08-19,0,OAK,BAL,2,7,OAK01,waldk003,irvic001
2023,SDN202308191,2023-08-19,1,SDN,ARI,4,6,SAN02,waldm003,kellm002
2023,SDN202308192,2023-08-19,2,SDN,ARI,1,8,SAN02,darvy001,mcgos001
2023,SLN202308190,2023-08-19,0,SLN,NYN,2,13,STL10,mikom001,sengk001
2023,TEX202308190,2023-08-19,0,TEX,MIL,1,6,ARL03,dunnd001,peraf001
2023,WAS202308190,2023-08-19,0,WAS,PHI,3,12,WAS11,irvij001,sancc002
2023,ATL202308200,2023-08-20,0,ATL,SFN,3,4,ATL03,friem001,junij001
2023,CHN202308200,2023-08-20,0,CHN,KCA,4,3,CHI11,hendk001,lylej001
2023,CIN202308200,2023-08-20,0,CIN,TOR,3,10,CIN09,greeh001,ryu-h001
2023,CLE202308200,2023-08-20,0,CLE,DET,1,4,CLE08,allel003,rodre004
2023,COL202308200,2023-08-20,0,COL,CHA,5,10,DEN02,flexc001,ceasd001
2023,HOU202308200,2023-08-20,0,HOU,SEA,6,7,HOU03,browh001,hance001
2023,MIN202308200,2023-08-20,0,MIN,PIT,2,0,MIN04,keucd001,borur001
2023,NYA202308200,2023-08-20,0,NYA,BOS,5,6,NYC21,schmc002,wincj001
2023,OAK202308200,2023-08-20,0,OAK,BAL,1,12,OAK01,searj001,bradk001
2023,SLN202308200,2023-08-20,0,SLN,NYN,7,3,STL10,hudsd002,carrc003
2023,TEX202308200,2023-08-20,0,TEX,MIL,2,6,ARL03,schem001,housa001
2023,WAS202308200,2023-08-20,0,WAS,PHI,4,3,WIL02,willt002,wheez001
2023,ARI202308210,2023-08-21,0,ARI,TEX,4,3,PHO01,mantj002,montj004
2023,ATL202308210,2023-08-21,0,ATL,NYN,4,10,ATL03,winaa001,peted003
2023,CHA202308210,2023-08-21,0,CHA,SEA,2,14,CHI12,toust001,castl003
2023,DET202308210,2023-08-21,0,DET,CHN,6,7,DET05,faeda001,assaj001
2023,HOU202308210,2023-08-21,0,HOU,BOS,9,4,HOU03,javic001,paxtj001
2023,OAK202308210,2023-08-21,0,OAK,KCA,6,4,OAK01,blacp001,davit005
2023,PHI202308210,2023-08-21,0,PHI,SFN,10,4,PHI13,nolaa001,alexs001
2023,PIT202308210,2023-08-21,0,PIT,SLN,11,1,PIT08,hatct001,rom-d001
2023,SDN202308210,2023-08-21,0,SDN,MIA,6,2,SAN02,wachm001,weatr001
2023,ANA202308220,2023-08-22,0,ANA,CIN,3,4,ANA01,gioll001,ashcg001
2023,ARI202308220,2023-08-22,0,ARI,TEX,6,3,PHO01,gallz001,grayj003
2023,ATL202308220,2023-08-22,0,ATL,NYN,3,2,ATL03,eldeb001,megit002
2023,BAL202308220,2023-08-22,0,BAL,TOR,3,6,BAL12,rodrg003,kikuy001
2023,CHA202308220,2023-08-22,0,CHA,SEA,3,6,CHI12,clevm001,woo-b001
2023,CLE202308220,2023-08-22,0,CLE,LAN,8,3,CLE08,syndn001,millb005
2023,DET202308220,2023-08-22,0,DET,CHN,8,6,DET05,olsor001,smyld001
2023,HOU202308220,2023-08-22,0,HOU,BOS,7,3,HOU03,verlj001,houct001
2023,MIL202308220,2023-08-22,0,MIL,MIN,7,3,MIL06,milew001,oberb002
2023,NYA202308220,2023-08-22,0,NYA,WAS,1,2,NYC21,rodoc001,grayj004
2023,OAK202308220,2023-08-22,0,OAK,KCA,5,4,OAK01,jimed002,zerpa001
2023,PHI202308220,2023-08-22,0,PHI,SFN,4,3,PHI13,walkt004,harrk001
2023,PIT202308220,2023-08-22,0,PIT,SLN,6,3,PIT08,oviej001,waina001
2023,SDN202308220,2023-08-22,0,SDN,MIA,0,3,SAN02,snelb001,luzaj001
2023,TBA202308220,2023-08-22,0,TBA,COL,12,4,STP01,littz001,blact002
2023,ANA202308231,2023-08-23,1,ANA,CIN,4,9,ANA01,ohtas001,abboa001
2023,ANA202308232,2023-08-23,2,ANA,CIN,3,7,ANA01,detmr001,richl001
2023,ATL202308230,2023-08-23,0,ATL,NYN,7,0,ATL03,mortc002,quinj001
2023,BAL202308230,2023-08-23,0,BAL,TOR,7,0,BAL12,kremd001,gausk001
2023,CHA202308230,2023-08-23,0,CHA,SEA,5,4,CHI12,kopem001,kirbg001
2023,CLE202308230,2023-08-23,0,CLE,LAN,1,6,CLE08,currx001,kersc001
2023,DET202308230,2023-08-23,0,DET,CHN,4,6,DET05,skubt001,tailj001
2023,HOU202308230,2023-08-23,0,HOU,BOS,5,7,HOU03,urquj001,salec001
2023,MIL202308230,2023-08-23,0,MIL,MIN,8,7,MIL06,burnc002,maedk001
2023,NYA202308230,2023-08-23,0,NYA,WAS,9,1,NYC21,sevel001,gorem001
2023,OAK202308230,2023-08-23,0,OAK,KCA,0,4,OAK01,marta006,ragac001
2023,PHI202308230,2023-08-23,0,PHI,SFN,6,8,PHI13,lorem002,cobba001
2023,PIT202308230,2023-08-23,0,PIT,SLN,4,6,PIT08,ortil003,thomz002
2023,SDN202308230,2023-08-23,0,SDN,MIA,4,0,SAN02,lugos001,alcas001
2023,TBA202308230,2023-08-23,0,TBA,COL,6,5,STP01,civaa001,gomba001
2023,ARI202308240,2023-08-24,0,ARI,CIN,3,2,PHO01,kellm002,willb003
2023,BAL202308240,2023-08-24,0,BAL,TOR,5,3,BAL12,gibsk002,berrj001
2023,CHA202308240,2023-08-24,0,CHA,OAK,5,8,CHI12,schoj002,waldk003
2023,CLE202308240,2023-08-24,0,CLE,LAN,3,9,CLE08,willg004,fergc001
2023,HOU202308240,2023-08-24,0,HOU,BOS,1,17,HOU03,franj006,bellb002
2023,MIN202308240,2023-08-24,0,MIN,TEX,7,5,MIN04,lopep002,heana001
2023,NYA202308240,2023-08-24,0,NYA,WAS,5,6,NYC21,kingm002,corbp001
2023,PIT202308240,2023-08-24,0,PIT,CHN,4,5,PIT08,zastr001,steej002
2023,TBA202308240,2023-08-24,0,TBA,COL,5,3,STP01,armss001,lambp001
2023,ARI202308250,2023-08-25,0,ARI,CIN,10,8,PHO01,pfaab001,greeh001
2023,BAL202308250,2023-08-25,0,BAL,COL,5,4,BAL12,irvic001,freek001
2023,BOS202308250,2023-08-25,0,BOS,LAN,4,7,BOS07,crawk001,lynnl001
2023,CHA202308250,2023-08-25,0,CHA,OAK,4,12,CHI12,ceasd001,nealz001
2023,DET202308250,2023-08-25,0,DET,HOU,4,1,DET05,mannm001,valdf001
2023,MIA202308250,2023-08-25,0,MIA,WAS,4,7,MIA02,garrb001,adonj001
2023,MIL202308250,2023-08-25,0,MIL,SDN,7,3,MIL06,woodb005,darvy001
2023,MIN202308250,2023-08-25,0,MIN,TEX,12,2,MIN04,grays001,dunnd001
2023,NYN202308250,2023-08-25,0,NYN,ANA,1,3,NYC20,sengk001,sandp002
2023,PHI202308250,2023-08-25,0,PHI,SLN,7,2,PHI13,sancc002,mikom001
2023,PIT202308250,2023-08-25,0,PIT,CHN,2,1,PIT08,kellm003,hendk001
2023,SEA202308250,2023-08-25,0,SEA,KCA,7,5,SEA03,millb004,singb001
2023,SFN202308250,2023-08-25,0,SFN,ATL,1,5,SFO03,webbl001,stris002
2023,TBA202308250,2023-08-25,0,TBA,NYA,2,6,STP01,efliz001,coleg001
2023,TOR202308250,2023-08-25,0,TOR,CLE,2,5,TOR02,bassc001,bibet001
2023,ARI202308260,2023-08-26,0,ARI,CIN,7,8,PHO01,daviz001,cruzf002
2023,BAL202308260,2023-08-26,0,BAL,COL,5,4,BAL12,bradk001,flexc001
2023,BOS202308260,2023-08-26,0,BOS,LAN,8,5,BOS07,paxtj001,uriaj001
2023,CHA202308260,2023-08-26,0,CHA,OAK,6,2,CHI12,toust001,searj001
2023,DET202308260,2023-08-26,0,DET,HOU,2,9,DET05,rodre004,browh001
2023,MIA202308260,2023-08-26,0,MIA,WAS,2,3,MIA02,peree004,irvij001
2023,MIL202308260,2023-08-26,0,MIL,SDN,5,4,MIL06,peraf001,avilp001
2023,MIN202308260,2023-08-26,0,MIN,TEX,2,6,MIN04,ryanj002,schem001
2023,NYN202308260,2023-08-26,0,NYN,ANA,3,5,NYC20,carrc003,silsc001
2023,PHI202308260,2023-08-26,0,PHI,SLN,12,1,PHI13,wheez001,hudsd002
2023,PIT202308260,2023-08-26,0,PIT,CHN,6,10,PIT08,selbc001,wickj001
2023,SEA202308260,2023-08-26,0,SEA,KCA,15,2,SEA03,gilbl002,lylej001
2023,SFN202308260,2023-08-26,0,SFN,ATL,3,7,SFO03,walkr001,friem001
2023,TBA202308260,2023-08-26,0,TBA,NYA,3,0,STP01,glast001,schmc002
2023,TOR202308260,2023-08-26,0,TOR,CLE,8,3,TOR02,ryu-h001,allel003
2023,ARI202308270,2023-08-27,0,ARI,CIN,5,2,PHO01,ceccs001,ashcg001
2023,BAL202308270,2023-08-27,0,BAL,COL,3,4,BAL12,flahj002,blact002
2023,BOS202308270,2023-08-27,0,BOS,LAN,4,7,BOS07,houct001,fergc001
2023,CHA202308270,2023-08-27,0,CHA,OAK,6,1,CHI12,clevm001,blacp001
2023,DET202308270,2023-08-27,0,DET,HOU,4,17,DET05,faeda001,verlj001
2023,MIA202308270,2023-08-27,0,MIA,WAS,2,1,MIA02,charj001,willt002
2023,MIL202308270,2023-08-27,0,MIL,SDN,10,6,MIL06,housa001,wachm001
2023,MIN202308270,2023-08-27,0,MIN,TEX,7,6,MIN04,oberb002,montj004
2023,NYN202308270,2023-08-27,0,NYN,ANA,3,2,NYC20,peted003,canng001
2023,PHI202308270,2023-08-27,0,PHI,SLN,3,0,PHI13,nolaa001,rom-d001
2023,PIT202308270,2023-08-27,0,PIT,CHN,1,10,PIT08,faltb001,assaj001
2023,SEA202308270,2023-08-27,0,SEA,KCA,3,2,SEA03,castl003,marsa001
2023,SFN202308270,2023-08-27,0,SFN,ATL,8,5,SFO03,beckt002,shusj001
2023,TBA202308270,2023-08-27,0,TBA,NYA,7,4,STP01,littz001,rodoc001
2023,TOR202308270,2023-08-27,0,TOR,CLE,7,10,TOR02,kikuy001,syndn001
2023,BAL202308280,2023-08-28,0,BAL,CHA,9,0,BAL12,rodrg003,kopem001
2023,BOS202308280,2023-08-28,0,BOS,HOU,5,13,BOS07,salec001,javic001
2023,CHN202308280,2023-08-28,0,CHN,MIL,2,6,CHI11,tailj001,milew001
2023,COL202308280,2023-08-28,0,COL,ATL,4,14,DEN02,gomba001,eldeb001
2023,DET202308280,2023-08-28,0,DET,NYA,1,4,DET05,olsor001,sevel001
2023,KCA202308280,2023-08-28,0,KCA,PIT,0,5,KAN06,greiz001,oviej001
2023,LAN202308280,2023-08-28,0,LAN,ARI,7,4,LOS03,millb005,gallz001
2023,MIN202308280,2023-08-28,0,MIN,CLE,10,6,MIN04,maedk001,currx001
2023,NYN202308280,2023-08-28,0,NYN,TEX,3,4,NYC20,megit002,grayj003
2023,PHI202308280,2023-08-28,0,PHI,ANA,6,4,PHI13,walkt004,gioll001
2023,SEA202308280,2023-08-28,0,SEA,OAK,7,0,SEA03,woo-b001,mullk001
2023,SFN202308280,2023-08-28,0,SFN,CIN,4,1,SFO03,harrk001,abboa001
2023,SLN202308280,2023-08-28,0,SLN,SDN,1,4,STL10,waina001,snelb001
2023,TOR202308280,2023-08-28,0,TOR,WAS,6,3,TOR02,gausk001,grayj004
2023,BAL202308290,2023-08-29,0,BAL,CHA,9,3,BAL12,kremd001,schoj002
2023,BOS202308290,2023-08-29,0,BOS,HOU,2,6,BOS07,bellb002,franj006
2023,CHN202308290,2023-08-29,0,CHN,MIL,1,0,CHI11,steej002,burnc002
2023,COL202308290,2023-08-29,0,COL,ATL,1,3,DEN02,lambp001,mortc002
2023,DET202308290,2023-08-29,0,DET,NYA,2,4,DET05,skubt001,kingm002
2023,KCA202308290,2023-08-29,0,KCA,PIT,3,6,KAN06,ragac001,selbc001
2023,LAN202308290,2023-08-29,0,LAN,ARI,9,1,LOS03,kersc001,kellm002
2023,MIA202308290,2023-08-29,0,MIA,TBA,2,11,MIA02,alcas001,civaa001
2023,MIN202308290,2023-08-29,0,MIN,CLE,2,4,MIN04,lopep002,willg004
2023,NYN202308290,2023-08-29,0,NYN,TEX,1,2,NYC20,quinj001,heana001
2023,PHI202308290,2023-08-29,0,PHI,ANA,12,7,PHI13,lorem002,andet002
2023,SEA202308290,2023-08-29,0,SEA,OAK,1,3,SEA03,weavl001,waldk003
2023,SFN202308290,2023-08-29,0,SFN,CIN,6,1,SFO03,cobba001,willb003
2023,SLN202308290,2023-08-29,0,SLN,SDN,6,5,STL10,thomz002,lugos001
2023,TOR202308290,2023-08-29,0,TOR,WAS,4,5,TOR02,berrj001,gorem001
2023,BAL202308300,2023-08-30,0,BAL,CHA,5,10,BAL12,gibsk002,ceasd001
2023,BOS202308300,2023-08-30,0,BOS,HOU,4,7,BOS07,crawk001,valdf001
2023,CHN202308300,2023-08-30,0,CHN,MIL,3,2,CHI11,hendk001,woodb005
2023,COL202308300,2023-08-30,0,COL,ATL,3,7,DEN02,freek001,vined001
2023,DET202308300,2023-08-30,0,DET,NYA,2,6,DET05,whitb002,coleg001
2023,KCA202308300,2023-08-30,0,KCA,PIT,1,4,KAN06,zerpa001,jacka003
2023,LAN202308300,2023-08-30,0,LAN,ARI,7,0,LOS03,pepir001,pfaab001
2023,MIA202308300,2023-08-30,0,MIA,TBA,0,3,MIA02,luzaj001,efliz001
2023,MIN202308300,2023-08-30,0,MIN,CLE,2,5,MIN04,grays001,bibet001
2023,NYN202308300,2023-08-30,0,NYN,TEX,6,5,NYC20,reyed002,dunnd001
2023,PHI202308300,2023-08-30,0,PHI,ANA,8,10,PHI13,sancc002,detmr001
2023,SEA202308300,2023-08-30,0,SEA,OAK,5,4,SEA03,millb004,nealz001
2023,SFN202308300,2023-08-30,0,SFN,CIN,1,4,SFO03,webbl001,greeh001
2023,SLN202308300,2023-08-30,0,SLN,SDN,5,4,STL10,mikom001,hillr001
2023,TOR202308300,2023-08-30,0,TOR,WAS,7,0,TOR02,bassc001,corbp001
2023,DET202308310,2023-08-31,0,DET,NYA,4,3,DET05,mannm001,schmc002
2023,LAN202308310,2023-08-31,0,LAN,ATL,7,8,LOS03,lynnl001,stris002
2023,SDN202308310,2023-08-31,0,SDN,SFN,2,7,SAN02,avilp001,junij001
2023,WAS202308310,2023-08-31,0,WAS,MIA,1,6,WAS11,adonj001,garrb001
2023,ARI202309010,2023-09-01,0,ARI,BAL,4,2,PHO01,daviz001,irvic001
2023,CHA202309010,2023-09-01,0,CHA,DET,2,4,CHI12,toust001,rodre004
2023,CIN202309011,2023-09-01,1,CIN,CHN,2,6,CIN09,ashcg001,wickj001
2023,CIN202309012,2023-09-01,2,CIN,CHN,3,2,CIN09,richl001,cuasj001
2023,CLE202309010,2023-09-01,0,CLE,TBA,3,2,CLE08,quanc001,glast001
2023,COL202309010,2023-09-01,0,COL,TOR,9,13,DEN02,flexc001,ryu-h001
2023,HOU202309010,2023-09-01,0,HOU,NYA,2,6,HOU03,verlj001,rodoc001
2023,KCA202309010,2023-09-01,0,KCA,BOS,13,2,KAN06,lylej001,paxtj001
2023,LAN202309010,2023-09-01,0,LAN,ATL,3,6,LOS03,uriaj001,friem001
2023,MIL202309010,2023-09-01,0,MIL,PHI,7,5,MIL06,peraf001,wheez001
2023,NYN202309010,2023-09-01,0,NYN,SEA,2,1,NYC20,sengk001,gilbl002
2023,OAK202309010,2023-09-01,0,OAK,ANA,9,2,OAK01,searj001,sandp002
2023,SDN202309010,2023-09-01,0,SDN,SFN,7,3,SAN02,wachm001,beckt002
2023,SLN202309010,2023-09-01,0,SLN,PIT,2,4,STL10,hudsd002,kellm003
2023,TEX202309010,2023-09-01,0,TEX,MIN,1,5,ARL03,schem001,ryanj002
2023,WAS202309010,2023-09-01,0,WAS,MIA,5,8,WAS11,irvij001,peree004
2023,ARI202309020,2023-09-02,0,ARI,BAL,3,7,PHO01,ceccs001,bradk001
2023,CHA202309020,2023-09-02,0,CHA,DET,0,10,CHI12,clevm001,olsor001
2023,CIN202309020,2023-09-02,0,CIN,CHN,2,1,CIN09,abboa001,assaj001
2023,CLE202309020,2023-09-02,0,CLE,TBA,7,6,CLE08,allel003,littz001
2023,COL202309020,2023-09-02,0,COL,TOR,8,7,DEN02,blact002,kikuy001
2023,HOU202309020,2023-09-02,0,HOU,NYA,4,5,HOU03,browh001,sevel001
2023,KCA202309020,2023-09-02,0,KCA,BOS,5,9,KAN06,marsa001,houct001
2023,LAN202309020,2023-09-02,0,LAN,ATL,2,4,LOS03,sheee001,eldeb001
2023,MIL202309020,2023-09-02,0,MIL,PHI,7,5,MIL06,rea-c001,nolaa001
2023,NYN202309020,2023-09-02,0,NYN,SEA,7,8,NYC20,peted003,castl003
2023,OAK202309020,2023-09-02,0,OAK,ANA,2,1,OAK01,blacp001,canng001
2023,SDN202309020,2023-09-02,0,SDN,SFN,6,1,SAN02,snelb001,harrk001
2023,SLN202309020,2023-09-02,0,SLN,PIT,6,7,STL10,rom-d001,hatct001
2023,TEX202309020,2023-09-02,0,TEX,MIN,7,9,ARL03,montj004,keucd001
2023,WAS202309020,2023-09-02,0,WAS,MIA,5,11,WAS11,willt002,cuetj001
2023,ARI202309030,2023-09-03,0,ARI,BAL,5,8,PHO01,gallz001,flahj002
2023,CHA202309030,2023-09-03,0,CHA,DET,2,3,CHI12,kopem001,skubt001
2023,CIN202309030,2023-09-03,0,CIN,CHN,7,15,CIN09,spiec001,tailj001
2023,CLE202309030,2023-09-03,0,CLE,TBA,2,6,CLE08,currx001,bradt002
2023,COL202309030,2023-09-03,0,COL,TOR,5,7,DEN02,andec001,gausk001
2023,HOU202309030,2023-09-03,0,HOU,NYA,1,6,HOU03,javic001,kingm002
2023,KCA202309030,2023-09-03,0,KCA,BOS,3,7,KAN06,clart003,salec001
2023,LAN202309030,2023-09-03,0,LAN,ATL,3,1,LOS03,millb005,mortc002
2023,MIL202309030,2023-09-03,0,MIL,PHI,2,4,MIL06,milew001,suarr001
2023,NYN202309030,2023-09-03,0,NYN,SEA,6,3,NYC20,megit002,kirbg001
2023,OAK202309030,2023-09-03,0,OAK,ANA,10,6,OAK01,mullk001,andet002
2023,SDN202309030,2023-09-03,0,SDN,SFN,4,0,SAN02,lugos001,cobba001
2023,SLN202309030,2023-09-03,0,SLN,PIT,6,4,STL10,thomz002,oviej001
2023,TEX202309030,2023-09-03,0,TEX,MIN,6,5,ARL03,grayj003,maedk001
2023,WAS202309030,2023-09-03,0,WAS,MIA,4,6,WAS11,grayj004,alcas001
2023,ANA202309040,2023-09-04,0,ANA,BAL,3,6,ANA01,rosek001,rodrg003
2023,ARI202309040,2023-09-04,0,ARI,COL,4,2,PHO01,kellm002,lambp001
2023,CHN202309040,2023-09-04,0,CHN,SFN,5,0,CHI11,steej002,webbl001
2023,CIN202309040,2023-09-04,0,CIN,SEA,6,3,CIN09,antot001,woo-b001
2023,CLE202309040,2023-09-04,0,CLE,MIN,6,20,CLE08,gioll001,lopep002
2023,KCA202309040,2023-09-04,0,KCA,CHA,12,1,KAN06,ragac001,schoj002
2023,OAK202309040,2023-09-04,0,OAK,TOR,5,6,OAK01,medil002,berrj001
2023,PIT202309040,2023-09-04,0,PIT,MIL,4,2,PIT08,ortil003,burnc002
2023,SDN202309040,2023-09-04,0,SDN,PHI,7,9,SAN02,hillr001,walkt004
2023,TBA202309040,2023-09-04,0,TBA,BOS,3,7,STP01,civaa001,bellb002
2023,TEX202309040,2023-09-04,0,TEX,HOU,6,13,ARL03,heana001,franj006
2023,ANA202309050,2023-09-05,0,ANA,BAL,4,5,ANA01,detmr001,kremd001
2023,ARI202309050,2023-09-05,0,ARI,COL,2,3,PHO01,pfaab001,freek001
2023,ATL202309050,2023-09-05,0,ATL,SLN,6,10,ATL03,sorom001,mikom001
2023,CHN202309050,2023-09-05,0,CHN,SFN,11,8,CHI11,hendk001,walkr001
2023,CIN202309050,2023-09-05,0,CIN,SEA,7,6,CIN09,philc001,millb004
2023,CLE202309050,2023-09-05,0,CLE,MIN,3,8,CLE08,bibet001,grays001
2023,KCA202309050,2023-09-05,0,KCA,CHA,7,6,KAN06,singb001,ceasd001
2023,MIA202309050,2023-09-05,0,MIA,LAN,6,3,MIA02,luzaj001,kersc001
2023,NYA202309050,2023-09-05,0,NYA,DET,5,1,NYC21,coleg001,faeda001
2023,OAK202309050,2023-09-05,0,OAK,TOR,1,7,OAK01,waldk003,bassc001
2023,PIT202309050,2023-09-05,0,PIT,MIL,3,7,PIT08,jacka003,woodb005
2023,SDN202309050,2023-09-05,0,SDN,PHI,8,0,SAN02,avilp001,lorem002
2023,TBA202309050,2023-09-05,0,TBA,BOS,8,6,STP01,efliz001,crawk001
2023,TEX202309050,2023-09-05,0,TEX,HOU,1,14,ARL03,eovan001,valdf001
2023,WAS202309050,2023-09-05,0,WAS,NYN,5,11,WAS11,corbp001,quinj001
2023,ANA202309060,2023-09-06,0,ANA,BAL,3,10,ANA01,sandp002,gibsk002
2023,ARI202309060,2023-09-06,0,ARI,COL,12,5,PHO01,daviz001,flexc001
2023,ATL202309060,2023-09-06,0,ATL,SLN,6,11,ATL03,stris002,hudsd002
2023,CHN202309060,2023-09-06,0,CHN,SFN,8,2,CHI11,wickj001,wooda002
2023,CIN202309060,2023-09-06,0,CIN,SEA,4,8,CIN09,richl001,gilbl002
2023,CLE202309060,2023-09-06,0,CLE,MIN,2,1,CLE08,willg004,ryanj002
2023,KCA202309060,2023-09-06,0,KCA,CHA,4,6,KAN06,lylej001,toust001
2023,MIA202309060,2023-09-06,0,MIA,LAN,11,4,MIA02,charj001,lynnl001
2023,NYA202309060,2023-09-06,0,NYA,DET,4,3,NYC21,schmc002,mannm001
2023,OAK202309060,2023-09-06,0,OAK,TOR,5,2,OAK01,searj001,ryu-h001
2023,PIT202309060,2023-09-06,0,PIT,MIL,5,4,PIT08,selbc001,peraf001
2023,SDN202309060,2023-09-06,0,SDN,PHI,1,5,SAN02,wachm001,wheez001
2023,TBA202309060,2023-09-06,0,TBA,BOS,3,1,STP01,glast001,piven001
2023,TEX202309060,2023-09-06,0,TEX,HOU,3,12,ARL03,schem001,verlj001
2023,WAS202309060,2023-09-06,0,WAS,NYN,3,2,WAS11,adonj001,buttj001
2023,ANA202309070,2023-09-07,0,ANA,CLE,3,2,ANA01,diazj007,quanc001
2023,ATL202309070,2023-09-07,0,ATL,SLN,8,5,ATL03,friem001,waina001
2023,CHN202309070,2023-09-07,0,CHN,ARI,2,6,CHI11,assaj001,nelsr003
2023,MIA202309070,2023-09-07,0,MIA,LAN,0,10,MIA02,garrb001,pepir001
2023,NYA202309070,2023-09-07,0,NYA,DET,3,10,NYC21,rodoc001,rodre004
2023,TBA202309070,2023-09-07,0,TBA,SEA,0,1,STP01,littz001,castl003
2023,ANA202309080,2023-09-08,0,ANA,CLE,3,6,ANA01,canng001,allel003
2023,ATL202309080,2023-09-08,0,ATL,PIT,8,2,ATL03,eldeb001,kellm003
2023,BOS202309080,2023-09-08,0,BOS,BAL,2,11,BOS07,houct001,bradk001
2023,CHN202309080,2023-09-08,0,CHN,ARI,0,1,CHI11,tailj001,gallz001
2023,CIN202309080,2023-09-08,0,CIN,SLN,4,9,CIN09,abboa001,rom-d001
2023,DET202309080,2023-09-08,0,DET,CHA,0,6,DET05,olsor001,clevm001
2023,HOU202309080,2023-09-08,0,HOU,SDN,2,11,HOU03,browh001,snelb001
2023,MIN202309080,2023-09-08,0,MIN,NYN,5,2,MIN04,keucd001,sengk001
2023,NYA202309080,2023-09-08,0,NYA,MIL,2,8,NYC21,sevel001,rea-c001
2023,PHI202309080,2023-09-08,0,PHI,MIA,2,3,PHI13,sancc002,peree004
2023,SFN202309080,2023-09-08,0,SFN,COL,9,8,SFO03,harrk001,blact002
2023,TBA202309080,2023-09-08,0,TBA,SEA,7,4,STP01,bradt002,kirbg001
2023,TEX202309080,2023-09-08,0,TEX,OAK,3,6,ARL03,montj004,blacp001
2023,TOR202309080,2023-09-08,0,TOR,KCA,5,4,TOR02,kikuy001,snidc001
2023,WAS202309080,2023-09-08,0,WAS,LAN,5,8,WAS11,gorem001,sheee001
2023,ANA202309090,2023-09-09,0,ANA,CLE,6,2,ANA01,andet002,gioll001
2023,ATL202309090,2023-09-09,0,ATL,PIT,4,8,ATL03,doddd001,oviej001
2023,BOS202309090,2023-09-09,0,BOS,BAL,12,13,BOS07,salec001,flahj002
2023,CHN202309090,2023-09-09,0,CHN,ARI,2,3,CHI11,steej002,kellm002
2023,CIN202309090,2023-09-09,0,CIN,SLN,3,4,CIN09,spiec001,thomz002
2023,DET202309090,2023-09-09,0,DET,CHA,3,1,DET05,skubt001,urenj001
2023,HOU202309090,2023-09-09,0,HOU,SDN,7,5,HOU03,javic001,lugos001
2023,MIN202309090,2023-09-09,0,MIN,NYN,8,4,MIN04,maedk001,peted003
2023,NYA202309090,2023-09-09,0,NYA,MIL,2,9,NYC21,kingm002,milew001
2023,PHI202309090,2023-09-09,0,PHI,MIA,8,4,PHI13,nolaa001,cuetj001
2023,SFN202309090,2023-09-09,0,SFN,COL,9,1,SFO03,webbl001,andec001
2023,TBA202309090,2023-09-09,0,TBA,SEA,7,5,STP01,civaa001,thort002
2023,TEX202309090,2023-09-09,0,TEX,OAK,3,2,ARL03,eovan001,newcs001
2023,TOR202309090,2023-09-09,0,TOR,KCA,5,1,TOR02,gausk001,mcarj001
2023,WAS202309090,2023-09-09,0,WAS,LAN,7,6,WAS11,irvij001,millb005
2023,ANA202309100,2023-09-10,0,ANA,CLE,2,1,ANA01,rosek001,bibet001
2023,ATL202309100,2023-09-10,0,ATL,PIT,5,2,ATL03,winaa001,ortil003
2023,BOS202309100,2023-09-10,0,BOS,BAL,7,3,BOS07,bellb002,rodrg003
2023,CHN202309100,2023-09-10,0,CHN,ARI,5,2,CHI11,hendk001,mantj002
2023,CIN202309100,2023-09-10,0,CIN,SLN,7,1,CIN09,greeh001,mikom001
2023,DET202309100,2023-09-10,0,DET,CHA,3,2,DET05,gipss001,schoj002
2023,HOU202309100,2023-09-10,0,HOU,SDN,12,2,HOU03,franj006,waldm003
2023,MIN202309100,2023-09-10,0,MIN,NYN,0,2,MIN04,lopep002,megit002
2023,NYA202309100,2023-09-10,0,NYA,MIL,4,3,NYC21,coleg001,burnc002
2023,PHI202309100,2023-09-10,0,PHI,MIA,4,5,PHI13,suarr001,okers001
2023,SFN202309100,2023-09-10,0,SFN,COL,6,3,SFO03,winnk001,lambp001
2023,TBA202309100,2023-09-10,0,TBA,SEA,6,3,STP01,efliz001,millb004
2023,TEX202309100,2023-09-10,0,TEX,OAK,9,4,ARL03,grayj003,medil002
2023,TOR202309100,2023-09-10,0,TOR,KCA,5,2,TOR02,berrj001,ragac001
2023,WAS202309100,2023-09-10,0,WAS,LAN,3,7,WAS11,willt002,yarbr001
2023,BAL202309110,2023-09-11,0,BAL,SLN,11,5,BAL12,kremd001,hudsd002
2023,COL202309110,2023-09-11,0,COL,CHN,4,5,DEN02,freek001,wickj001
2023,HOU202309110,2023-09-11,0,HOU,OAK,0,4,HOU03,valdf001,millm004
2023,LAN202309110,2023-09-11,0,LAN,SDN,8,11,LOS03,stong001,avilp001
2023,MIL202309110,2023-09-11,0,MIL,MIA,12,0,MIL06,woodb005,luzaj001
2023,MIN202309110,2023-09-11,0,MIN,TBA,4,7,MIN04,grays001,glast001
2023,NYN202309110,2023-09-11,0,NYN,ARI,3,4,NYC20,quinj001,daviz001
2023,PHI202309111,2023-09-11,1,PHI,ATL,8,10,PHI13,walkt004,mortc002
2023,PHI202309112,2023-09-11,2,PHI,ATL,7,5,PHI13,lorem002,wrigk001
2023,PIT202309110,2023-09-11,0,PIT,WAS,2,6,PIT08,jacka003,corbp001
2023,SEA202309110,2023-09-11,0,SEA,ANA,5,8,SEA03,gilbl002,detmr001
2023,SFN202309110,2023-09-11,0,SFN,CLE,5,4,SFO03,cobba001,willg004
2023,TOR202309110,2023-09-11,0,TOR,TEX,4,10,TOR02,bassc001,dunnd001
2023,BAL202309120,2023-09-12,0,BAL,SLN,2,5,BAL12,meanj001,waina001
2023,BOS202309121,2023-09-12,1,BOS,NYA,2,3,BOS07,piven001,vasqr001
2023,BOS202309122,2023-09-12,2,BOS,NYA,1,4,BOS07,crawk001,rodoc001
2023,CHA202309121,2023-09-12,1,CHA,KCA,6,2,CHI12,ceasd001,singb001
2023,CHA202309122,2023-09-12,2,CHA,KCA,10,11,CHI12,toust001,lylej001
2023,COL202309120,2023-09-12,0,COL,CHN,6,4,DEN02,flexc001,assaj001
2023,DET202309120,2023-09-12,0,DET,CIN,5,6,DET05,wentj001,willb003
2023,HOU202309120,2023-09-12,0,HOU,OAK,2,6,HOU03,verlj001,searj001
2023,LAN202309120,2023-09-12,0,LAN,SDN,11,2,LOS03,lynnl001,wachm001
2023,MIL202309120,2023-09-12,0,MIL,MIA,3,1,MIL06,peraf001,charj001
2023,MIN202309120,2023-09-12,0,MIN,TBA,3,2,MIN04,ryanj002,littz001
2023,NYN202309120,2023-09-12,0,NYN,ARI,7,4,NYC20,buttj001,nelsr003
2023,PHI202309120,2023-09-12,0,PHI,ATL,6,7,PHI13,wheez001,friem001
2023,PIT202309120,2023-09-12,0,PIT,WAS,5,1,PIT08,faltb001,adonj001
2023,SEA202309120,2023-09-12,0,SEA,ANA,8,0,SEA03,woo-b001,sandp002
2023,SFN202309120,2023-09-12,0,SFN,CLE,1,3,SFO03,manas001,quanc001
2023,TOR202309120,2023-09-12,0,TOR,TEX,3,6,TOR02,ryu-h001,schem001
2023,BAL202309130,2023-09-13,0,BAL,SLN,0,1,BAL12,gibsk002,rom-d001
2023,CHA202309130,2023-09-13,0,CHA,KCA,1,7,CHI12,clevm001,cruzs001
2023,COL202309130,2023-09-13,0,COL,CHN,7,3,DEN02,blact002,tailj001
2023,DET202309130,2023-09-13,0,DET,CIN,3,4,DET05,rodre004,philc001
2023,HOU202309130,2023-09-13,0,HOU,OAK,6,2,HOU03,browh001,blacp001
2023,LAN202309130,2023-09-13,0,LAN,SDN,1,6,LOS03,pepir001,snelb001
2023,MIL202309130,2023-09-13,0,MIL,MIA,0,2,MIL06,megit001,garrb001
2023,MIN202309130,2023-09-13,0,MIN,TBA,4,5,MIN04,keucd001,bradt002
2023,NYN202309130,2023-09-13,0,NYN,ARI,7,1,NYC20,luccj001,gallz001
2023,PHI202309130,2023-09-13,0,PHI,ATL,1,4,PHI13,sancc002,stris002
2023,PIT202309130,2023-09-13,0,PIT,WAS,7,6,PIT08,selbc001,rutlj002
2023,SEA202309130,2023-09-13,0,SEA,ANA,3,2,SEA03,castl003,wanta001
2023,SFN202309130,2023-09-13,0,SFN,CLE,6,5,SFO03,harrk001,allel003
2023,TOR202309130,2023-09-13,0,TOR,TEX,0,10,TOR02,kikuy001,montj004
2023,BAL202309140,2023-09-14,0,BAL,TBA,3,4,BAL12,bradk001,civaa001
2023,BOS202309141,2023-09-14,1,BOS,NYA,5,0,BOS07,houct001,kingm002
2023,BOS202309142,2023-09-14,2,BOS,NYA,5,8,BOS07,roben002,schmc002
2023,CHA202309140,2023-09-14,0,CHA,MIN,2,10,CHI12,urenj001,maedk001
2023,DET202309140,2023-09-14,0,DET,CIN,8,2,DET05,olsor001,law-d001
2023,MIL202309140,2023-09-14,0,MIL,MIA,4,2,MIL06,housa001,peree004
2023,NYN202309140,2023-09-14,0,NYN,ARI,11,1,NYC20,sengk001,kellm002
2023,PIT202309140,2023-09-14,0,PIT,WAS,2,0,PIT08,kellm003,grayj004
2023,TOR202309140,2023-09-14,0,TOR,TEX,2,9,TOR02,gausk001,eovan001
2023,ANA202309150,2023-09-15,0,ANA,DET,2,11,ANA01,canng001,skubt001
2023,ARI202309150,2023-09-15,0,ARI,CHN,6,4,PHO01,pfaab001,steej002
2023,BAL202309150,2023-09-15,0,BAL,TBA,1,7,BAL12,flahj002,efliz001
2023,CHA202309150,2023-09-15,0,CHA,MIN,2,10,CHI12,schoj002,oberb002
2023,CLE202309150,2023-09-15,0,CLE,TEX,12,3,CLE08,gioll001,grayj003
2023,COL202309150,2023-09-15,0,COL,SFN,3,2,DEN02,andec001,webbl001
2023,KCA202309150,2023-09-15,0,KCA,HOU,4,2,KAN06,greiz001,javic001
2023,MIA202309150,2023-09-15,0,MIA,ATL,9,6,MIA02,cuetj001,eldeb001
2023,MIL202309150,2023-09-15,0,MIL,WAS,5,3,MIL06,milew001,irvij001
2023,NYN202309150,2023-09-15,0,NYN,CIN,3,5,NYC20,peted003,greeh001
2023,OAK202309150,2023-09-15,0,OAK,SDN,3,8,OAK01,newcs001,lugos001
2023,PIT202309150,2023-09-15,0,PIT,NYA,5,7,PIT08,oviej001,coleg001
2023,SEA202309150,2023-09-15,0,SEA,LAN,3,6,SEA03,kirbg001,millb005
2023,SLN202309150,2023-09-15,0,SLN,PHI,4,5,STL10,thomz002,nolaa001
2023,TOR202309150,2023-09-15,0,TOR,BOS,3,0,TOR02,berrj001,bellb002
2023,ANA202309160,2023-09-16,0,ANA,DET,4,5,ANA01,andet002,gipss001
2023,ARI202309160,2023-09-16,0,ARI,CHN,7,6,PHO01,daviz001,hendk001
2023,BAL202309160,2023-09-16,0,BAL,TBA,8,0,BAL12,rodrg003,glast001
2023,CHA202309160,2023-09-16,0,CHA,MIN,7,6,CHI12,toust001,lopep002
2023,CLE202309160,2023-09-16,0,CLE,TEX,2,1,CLE08,bibet001,dunnd001
2023,COL202309161,2023-09-16,1,COL,SFN,9,5,DEN02,suteb001,winnk001
2023,COL202309162,2023-09-16,2,COL,SFN,5,2,DEN02,freek001,alexs001
2023,KCA202309160,2023-09-16,0,KCA,HOU,10,8,KAN06,ragac001,franj006
2023,MIA202309160,2023-09-16,0,MIA,ATL,11,5,MIA02,hoeib001,shusj001
2023,MIL202309160,2023-09-16,0,MIL,WAS,9,5,MIL06,burnc002,willt002
2023,NYN202309160,2023-09-16,0,NYN,CIN,2,3,NYC20,megit002,abboa001
2023,OAK202309160,2023-09-16,0,OAK,SDN,2,5,OAK01,millm004,waldm003
2023,PIT202309160,2023-09-16,0,PIT,NYA,3,6,PIT08,ortil003,weavl001
2023,SEA202309160,2023-09-16,0,SEA,LAN,2,6,SEA03,millb004,kersc001
2023,SLN202309160,2023-09-16,0,SLN,PHI,1,6,STL10,mikom001,suarr001
2023,TOR202309160,2023-09-16,0,TOR,BOS,4,3,TOR02,bassc001,salec001
2023,ANA202309170,2023-09-17,0,ANA,DET,3,5,ANA01,hergj001,diazm004
2023,ARI202309170,2023-09-17,0,ARI,CHN,6,2,PHO01,nelsr003,wickj001
2023,BAL202309170,2023-09-17,0,BAL,TBA,5,4,BAL12,kremd001,littz001
2023,CHA202309170,2023-09-17,0,CHA,MIN,0,4,CHI12,ceasd001,grays001
2023,CLE202309170,2023-09-17,0,CLE,TEX,9,2,CLE08,willg004,bradc003
2023,COL202309170,2023-09-17,0,COL,SFN,10,11,DEN02,flexc001,manas001
2023,KCA202309170,2023-09-17,0,KCA,HOU,1,7,KAN06,lylej001,valdf001
2023,MIA202309170,2023-09-17,0,MIA,ATL,16,2,MIA02,luzaj001,mortc002
2023,MIL202309170,2023-09-17,0,MIL,WAS,1,2,MIL06,woodb005,corbp001
2023,NYN202309170,2023-09-17,0,NYN,CIN,8,4,NYC20,quinj001,willb003
2023,OAK202309170,2023-09-17,0,OAK,SDN,1,10,OAK01,boylj001,martn002
2023,PIT202309170,2023-09-17,0,PIT,NYA,3,2,PIT08,selbc001,rodoc001
2023,SEA202309170,2023-09-17,0,SEA,LAN,1,6,SEA03,gilbl002,mills001
2023,SLN202309170,2023-09-17,0,SLN,PHI,6,5,STL10,hudsd002,walkt004
2023,TOR202309170,2023-09-17,0,TOR,BOS,3,2,TOR02,ryu-h001,piven001
2023,ATL202309180,2023-09-18,0,ATL,PHI,1,7,ATL03,wrigk001,wheez001
2023,CIN202309180,2023-09-18,0,CIN,MIN,7,3,CIN09,philc001,ryanj002
2023,HOU202309180,2023-09-18,0,HOU,BAL,7,8,HOU03,verlj001,meanj001
2023,KCA202309180,2023-09-18,0,KCA,CLE,6,4,KAN06,singb001,quanc001
2023,LAN202309180,2023-09-18,0,LAN,DET,8,3,LOS03,lynnl001,rodre004
2023,MIA202309180,2023-09-18,0,MIA,NYN,1,2,MIA02,cabre003,buttj001
2023,OAK202309180,2023-09-18,0,OAK,SEA,0,5,OAK01,searj001,woo-b001
2023,SDN202309180,2023-09-18,0,SDN,COL,11,9,SAN02,wachm001,blact002
2023,SLN202309180,2023-09-18,0,SLN,MIL,1,0,STL10,waina001,peraf001
2023,TEX202309180,2023-09-18,0,TEX,BOS,2,4,ARL03,montj004,crawk001
2023,WAS202309180,2023-09-18,0,WAS,CHA,1,6,WAS11,adonj001,clevm001
2023,ARI202309190,2023-09-19,0,ARI,SFN,8,4,PHO01,gallz001,cobba001
2023,ATL202309190,2023-09-19,0,ATL,PHI,9,3,ATL03,stris002,sancc002
2023,CHN202309190,2023-09-19,0,CHN,PIT,14,1,CHI11,assaj001,faltb001
2023,CIN202309190,2023-09-19,0,CIN,MIN,0,7,CIN09,cruzf002,maedk001
2023,HOU202309190,2023-09-19,0,HOU,BAL,5,9,HOU03,browh001,gibsk002
2023,KCA202309190,2023-09-19,0,KCA,CLE,7,6,KAN06,cruzs001,allel003
2023,LAN202309190,2023-09-19,0,LAN,DET,3,2,LOS03,fergc001,diazm004
2023,MIA202309190,2023-09-19,0,MIA,NYN,4,3,MIA02,garrb001,luccj001
2023,NYA202309190,2023-09-19,0,NYA,TOR,1,7,NYC21,schmc002,kikuy001
2023,OAK202309190,2023-09-19,0,OAK,SEA,2,7,OAK01,blacp001,castl003
2023,SDN202309190,2023-09-19,0,SDN,COL,2,0,SAN02,snelb001,feltr001
2023,SLN202309190,2023-09-19,0,SLN,MIL,3,7,STL10,rom-d001,megit001
2023,TBA202309190,2023-09-19,0,TBA,ANA,6,2,STP01,bradt002,sandp002
2023,TEX202309190,2023-09-19,0,TEX,BOS,6,4,ARL03,eovan001,houct001
2023,WAS202309190,2023-09-19,0,WAS,CHA,4,3,WAS11,rutlj002,urenj001
2023,ARI202309200,2023-09-20,0,ARI,SFN,7,1,PHO01,kellm002,webbl001
2023,ATL202309200,2023-09-20,0,ATL,PHI,5,6,ATL03,eldeb001,nolaa001
2023,CHN202309200,2023-09-20,0,CHN,PIT,7,13,CHI11,steej002,kellm003
2023,CIN202309200,2023-09-20,0,CIN,MIN,3,5,CIN09,greeh001,oberb002
2023,HOU202309200,2023-09-20,0,HOU,BAL,2,1,HOU03,javic001,bradk001
2023,KCA202309200,2023-09-20,0,KCA,CLE,6,2,KAN06,greiz001,gioll001
2023,LAN202309200,2023-09-20,0,LAN,DET,2,4,LOS03,millb005,olsor001
2023,MIA202309200,2023-09-20,0,MIA,NYN,3,8,MIA02,peree004,sengk001
2023,NYA202309200,2023-09-20,0,NYA,TOR,1,6,NYC21,kingm002,gausk001
2023,OAK202309200,2023-09-20,0,OAK,SEA,3,6,OAK01,estej001,kirbg001
2023,SDN202309200,2023-09-20,0,SDN,COL,3,2,SAN02,lugos001,andec001
2023,SLN202309200,2023-09-20,0,SLN,MIL,2,8,STL10,thomz002,housa001
2023,TBA202309200,2023-09-20,0,TBA,ANA,3,8,STP01,civaa001,detmr001
2023,TEX202309200,2023-09-20,0,TEX,BOS,15,5,ARL03,grayj003,bellb002
2023,WAS202309200,2023-09-20,0,WAS,CHA,13,3,WAS11,grayj004,kopem001
2023,CHN202309210,2023-09-21,0,CHN,PIT,6,8,CHI11,hendk001,oviej001
2023,CLE202309210,2023-09-21,0,CLE,BAL,5,2,CLE08,gaddh001,rodrg003
2023,LAN202309210,2023-09-21,0,LAN,SFN,7,2,LOS03,sheee001,harrk001
2023,NYA202309210,2023-09-21,0,NYA,TOR,5,3,NYC21,coleg001,berrj001
2023,OAK202309210,2023-09-21,0,OAK,DET,3,7,OAK01,medil002,skubt001
2023,PHI202309210,2023-09-21,0,PHI,NYN,5,4,PHI13,suarr001,peted003
2023,SLN202309210,2023-09-21,0,SLN,MIL,0,6,STL10,mikom001,milew001
2023,TBA202309210,2023-09-21,0,TBA,ANA,5,4,STP01,efliz001,canng001
2023,WAS202309210,2023-09-21,0,WAS,ATL,3,10,WAS11,irvij001,friem001
2023,BOS202309220,2023-09-22,0,BOS,CHA,3,2,BOS07,salec001,toust001
2023,CHN202309220,2023-09-22,0,CHN,COL,6,0,CHI11,tailj001,davin001
2023,CIN202309220,2023-09-22,0,CIN,PIT,5,7,CIN09,abboa001,jacka003
2023,CLE202309220,2023-09-22,0,CLE,BAL,9,8,CLE08,biebs001,kremd001
2023,HOU202309220,2023-09-22,0,HOU,KCA,5,7,HOU03,valdf001,ragac001
2023,LAN202309220,2023-09-22,0,LAN,SFN,1,5,LOS03,fergc001,manas001
2023,MIA202309220,2023-09-22,0,MIA,MIL,1,16,MIA02,charj001,burnc002
2023,MIN202309220,2023-09-22,0,MIN,ANA,8,6,MIN04,lopep002,suarj001
2023,NYA202309220,2023-09-22,0,NYA,ARI,7,1,NYC21,weavl001,pfaab001
2023,OAK202309220,2023-09-22,0,OAK,DET,8,2,OAK01,waldk003,gipss001
2023,PHI202309220,2023-09-22,0,PHI,NYN,5,4,PHI13,walkt004,megit002
2023,SDN202309220,2023-09-22,0,SDN,SLN,4,2,SAN02,waldm003,hudsd002
2023,TBA202309220,2023-09-22,0,TBA,TOR,2,6,STP01,glast001,bassc001
2023,TEX202309220,2023-09-22,0,TEX,SEA,8,5,ARL03,dunnd001,millb004
2023,WAS202309220,2023-09-22,0,WAS,ATL,6,9,WAS11,corbp001,mortc002
2023,BOS202309230,2023-09-23,0,BOS,CHA,0,1,BOS07,piven001,ceasd001
2023,CHN202309230,2023-09-23,0,CHN,COL,6,3,CHI11,strom001,flexc001
2023,CIN202309230,2023-09-23,0,CIN,PIT,12,13,CIN09,philc001,faltb001
2023,CLE202309230,2023-09-23,0,CLE,BAL,1,2,CLE08,quanc001,meanj001
2023,HOU202309230,2023-09-23,0,HOU,KCA,2,3,HOU03,franj006,lylej001
2023,LAN202309230,2023-09-23,0,LAN,SFN,7,0,LOS03,kersc001,brebj001
2023,MIA202309230,2023-09-23,0,MIA,MIL,5,4,MIA02,luzaj001,woodb005
2023,MIN202309230,2023-09-23,0,MIN,ANA,0,1,MIN04,grays001,rosek001
2023,OAK202309230,2023-09-23,0,OAK,DET,4,1,OAK01,boylj001,diazm004
2023,PHI202309230,2023-09-23,0,PHI,NYN,7,5,PHI13,wheez001,quinj001
2023,SDN202309230,2023-09-23,0,SDN,SLN,2,5,SAN02,martn002,woodj003
2023,TBA202309230,2023-09-23,0,TBA,TOR,7,6,STP01,littz001,ryu-h001
2023,TEX202309230,2023-09-23,0,TEX,SEA,2,0,ARL03,montj004,gilbl002
2023,BOS202309240,2023-09-24,0,BOS,CHA,2,3,BOS07,crawk001,clevm001
2023,CHN202309240,2023-09-24,0,CHN,COL,4,3,CHI11,wickj001,blact002
2023,CIN202309240,2023-09-24,0,CIN,PIT,4,2,CIN09,willb003,prieq001
2023,CLE202309240,2023-09-24,0,CLE,BAL,1,5,CLE08,mcket001,gibsk002
2023,HOU202309240,2023-09-24,0,HOU,KCA,5,6,HOU03,browh001,cruzs001
2023,LAN202309240,2023-09-24,0,LAN,SFN,3,2,LOS03,lynnl001,walkr001
2023,MIA202309240,2023-09-24,0,MIA,MIL,6,1,MIA02,cabre003,peraf001
2023,MIN202309240,2023-09-24,0,MIN,ANA,9,3,MIN04,ryanj002,wanta001
2023,NYA202309240,2023-09-24,0,NYA,ARI,1,7,NYC21,rodoc001,gallz001
2023,OAK202309240,2023-09-24,0,OAK,DET,0,2,OAK01,searj001,rodre004
2023,PHI202309240,2023-09-24,0,PHI,NYN,5,2,PHI13,sancc002,buttj001
2023,SDN202309240,2023-09-24,0,SDN,SLN,12,2,SAN02,wachm001,rom-d001
2023,TBA202309240,2023-09-24,0,TBA,TOR,5,9,STP01,bradt002,kikuy001
2023,TEX202309240,2023-09-24,0,TEX,SEA,9,8,ARL03,eovan001,woo-b001
2023,WAS202309241,2023-09-24,1,WAS,ATL,3,2,WAS11,rutlj002,winaa001
2023,WAS202309242,2023-09-24,2,WAS,ATL,5,8,WAS11,adonj001,stris002
2023,ANA202309250,2023-09-25,0,ANA,TEX,1,5,ANA01,sandp002,grayj003
2023,NYA202309250,2023-09-25,0,NYA,ARI,6,4,NYC21,schmc002,kellm002
2023,SEA202309250,2023-09-25,0,SEA,HOU,1,5,SEA03,castl003,verlj001
2023,SFN202309250,2023-09-25,0,SFN,SDN,2,1,SFO03,webbl001,snelb001
2023,ANA202309260,2023-09-26,0,ANA,TEX,9,3,ANA01,detmr001,bradc003
2023,ATL202309260,2023-09-26,0,ATL,CHN,7,6,ATL03,eldeb001,steej002
2023,BAL202309260,2023-09-26,0,BAL,WAS,1,0,BAL12,bradk001,grayj004
2023,BOS202309260,2023-09-26,0,BOS,TBA,7,9,BOS07,houct001,efliz001
2023,CHA202309260,2023-09-26,0,CHA,ARI,4,15,CHI12,urenj001,daviz001
2023,CLE202309260,2023-09-26,0,CLE,CIN,7,11,CLE08,gioll001,greeh001
2023,COL202309261,2023-09-26,1,COL,LAN,4,1,DEN02,andec001,fergc001
2023,COL202309262,2023-09-26,2,COL,LAN,2,11,DEN02,feltr001,millb005
2023,DET202309260,2023-09-26,0,DET,KCA,6,3,DET05,olsor001,greiz001
2023,MIL202309260,2023-09-26,0,MIL,SLN,1,4,MIL06,housa001,mikom001
2023,MIN202309260,2023-09-26,0,MIN,OAK,11,3,MIN04,oberb002,blacp001
2023,PHI202309260,2023-09-26,0,PHI,PIT,3,2,PHI13,nolaa001,kellm003
2023,SEA202309260,2023-09-26,0,SEA,HOU,6,2,SEA03,kirbg001,javic001
2023,SFN202309260,2023-09-26,0,SFN,SDN,0,4,SFO03,brebj001,lugos001
2023,TOR202309260,2023-09-26,0,TOR,NYA,0,2,TOR02,gausk001,kingm002
2023,ANA202309270,2023-09-27,0,ANA,TEX,0,5,ANA01,canng001,dunnd001
2023,ATL202309270,2023-09-27,0,ATL,CHN,6,5,ATL03,vined001,tailj001
2023,BAL202309270,2023-09-27,0,BAL,WAS,5,1,BAL12,rodrg003,corbp001
2023,BOS202309270,2023-09-27,0,BOS,TBA,0,5,BOS07,bellb002,glast001
2023,CHA202309270,2023-09-27,0,CHA,ARI,0,3,CHI12,patil001,pfaab001
2023,CLE202309270,2023-09-27,0,CLE,CIN,4,3,CLE08,biebs001,abboa001
2023,COL202309270,2023-09-27,0,COL,LAN,2,8,DEN02,davin001,sheee001
2023,DET202309270,2023-09-27,0,DET,KCA,8,0,DET05,skubt001,bowlj001
2023,MIL202309270,2023-09-27,0,MIL,SLN,3,2,MIL06,milew001,thomz002
2023,MIN202309270,2023-09-27,0,MIN,OAK,6,4,MIN04,lopep002,estej001
2023,NYN202309271,2023-09-27,1,NYN,MIA,11,2,NYC20,luccj001,garrb001
2023,NYN202309272,2023-09-27,2,NYN,MIA,2,4,NYC20,sengk001,cuetj001
2023,PHI202309270,2023-09-27,0,PHI,PIT,7,6,PHI13,suarr001,oviej001
2023,SEA202309270,2023-09-27,0,SEA,HOU,3,8,SEA03,millb004,valdf001
2023,SFN202309270,2023-09-27,0,SFN,SDN,2,5,SFO03,manas001,waldm003
2023,TOR202309270,2023-09-27,0,TOR,NYA,0,6,TOR02,berrj001,coleg001
2023,ATL202309280,2023-09-28,0,ATL,CHN,5,3,ATL03,smita001,strom001
2023,BAL202309280,2023-09-28,0,BAL,BOS,2,0,BAL12,kremd001,salec001
2023,CHA202309280,2023-09-28,0,CHA,ARI,3,1,CHI12,toust001,jarvb001
2023,COL202309280,2023-09-28,0,COL,LAN,14,5,DEN02,flexc001,yarbr001
2023,DET202309280,2023-09-28,0,DET,KCA,7,3,DET05,gipss001,ragac001
2023,MIL202309280,2023-09-28,0,MIL,SLN,3,0,MIL06,burnc002,hudsd002
2023,MIN202309280,2023-09-28,0,MIN,OAK,1,2,MIN04,grays001,medil002
2023,NYN202309280,2023-09-28,0,NYN,MIA,1,0,NYC20,peted003,luzaj001
2023,PHI202309280,2023-09-28,0,PHI,PIT,2,3,PHI13,wheez001,ortil003
2023,SEA202309280,2023-09-28,0,SEA,TEX,3,2,SEA03,gilbl002,montj004
2023,TOR202309280,2023-09-28,0,TOR,NYA,6,0,TOR02,bassc001,weavl001
2023,ANA202309290,2023-09-29,0,ANA,OAK,5,1,ANA01,silsc001,waldk003
2023,ARI202309290,2023-09-29,0,ARI,HOU,1,2,PHO01,gallz001,urquj001
2023,ATL202309290,2023-09-29,0,ATL,WAS,6,10,ATL03,winaa001,willt002
2023,BAL202309290,2023-09-29,0,BAL,BOS,0,3,BAL12,meanj001,piven001
2023,CHA202309290,2023-09-29,0,CHA,SDN,2,3,CHI12,ceasd001,martn002
2023,COL202309290,2023-09-29,0,COL,MIN,6,7,DEN02,blact002,ryanj002
2023,DET202309290,2023-09-29,0,DET,CLE,5,7,DET05,wentj001,quanc001
2023,KCA202309290,2023-09-29,0,KCA,NYA,12,5,KAN06,lylej001,rodoc001
2023,MIL202309290,2023-09-29,0,MIL,CHN,4,3,MIL06,rea-c001,hendk001
2023,PIT202309290,2023-09-29,0,PIT,MIA,3,4,PIT08,bidoo001,cabre003
2023,SEA202309290,2023-09-29,0,SEA,TEX,8,0,SEA03,woo-b001,eovan001
2023,SFN202309290,2023-09-29,0,SFN,LAN,2,6,SFO03,winnk001,lynnl001
2023,SLN202309290,2023-09-29,0,SLN,CIN,2,19,STL10,woodj003,willb003
2023,TOR202309290,2023-09-29,0,TOR,TBA,11,4,TOR02,kikuy001,civaa001
2023,ANA202309300,2023-09-30,0,ANA,OAK,3,7,ANA01,wanta001,boylj001
2023,ARI202309300,2023-09-30,0,ARI,HOU,0,1,PHO01,kellm002,verlj001
2023,ATL202309300,2023-09-30,0,ATL,WAS,5,3,ATL03,stris002,adonj001
2023,BAL202309300,2023-09-30,0,BAL,BOS,5,2,BAL12,gibsk002,crawk001
2023,CHA202309300,2023-09-30,0,CHA,SDN,1,6,CHI12,clevm001,wachm001
2023,COL202309300,2023-09-30,0,COL,MIN,6,14,DEN02,kochm001,pagae001
2023,DET202309300,2023-09-30,0,DET,CLE,8,0,DET05,vestw001,mcket001
2023,KCA202309300,2023-09-30,0,KCA,NYA,2,5,KAN06,cruzs001,schmc002
2023,MIL202309300,2023-09-30,0,MIL,CHN,6,10,MIL06,lauee001,wickj001
2023,NYN202309301,2023-09-30,1,NYN,PHI,4,3,NYC20,megit002,walkt004
2023,NYN202309302,2023-09-30,2,NYN,PHI,11,4,NYC20,quinj001,plasm001
2023,PIT202309300,2023-09-30,0,PIT,MIA,3,7,PIT08,prieq001,charj001
2023,SEA202309300,2023-09-30,0,SEA,TEX,1,6,SEA03,castl003,heana001
2023,SFN202309300,2023-09-30,0,SFN,LAN,2,1,SFO03,beckt002,kersc001
2023,SLN202309300,2023-09-30,0,SLN,CIN,15,6,STL10,rom-d001,philc001
2023,TOR202309300,2023-09-30,0,TOR,TBA,5,7,TOR02,ryu-h001,armss001
2023,ANA202310010,2023-10-01,0,ANA,OAK,7,3,ANA01,fulmc001,searj001
2023,ARI202310010,2023-10-01,0,ARI,HOU,1,8,PHO01,nelsk001,javic001
2023,ATL202310010,2023-10-01,0,ATL,WAS,9,10,ATL03,doddd001,rutlj002
2023,BAL202310010,2023-10-01,0,BAL,BOS,1,6,BAL12,bradk001,houct001
2023,CHA202310010,2023-10-01,0,CHA,SDN,1,2,CHI12,urenj001,avilp001
2023,COL202310010,2023-10-01,0,COL,MIN,3,2,DEN02,suteb001,oberb002
2023,DET202310010,2023-10-01,0,DET,CLE,5,2,DET05,rodre004,gioll001
2023,KCA202310010,2023-10-01,0,KCA,NYA,5,2,KAN06,greiz001,kingm002
2023,MIL202310010,2023-10-01,0,MIL,CHN,4,0,MIL06,housa001,smyld001
2023,NYN202310010,2023-10-01,0,NYN,PHI,1,9,NYC20,buttj001,stram001
2023,PIT202310010,2023-10-01,0,PIT,MIA,3,0,PIT08,jacka003,weatr001
2023,SEA202310010,2023-10-01,0,SEA,TEX,1,0,SEA03,kirbg001,dunnd001
2023,SFN202310010,2023-10-01,0,SFN,LAN,2,5,SFO03,harrk001,millb005
2023,SLN202310010,2023-10-01,0,SLN,CIN,4,3,STL10,mikom001,greeh001
2023,TOR202310010,2023-10-01,0,TOR,TBA,8,12,TOR02,parsw001,lopej007
2024,SDN202403200,2024-03-20,0,SDN,LAN,2,5,SEO01,darvy001,glast001
2024,LAN202403210,2024-03-21,0,LAN,SDN,11,15,SEO01,yamay001,musgj001
2024,ARI202403280,2024-03-28,0,ARI,COL,16,1,PHO01,gallz001,freek001
2024,BAL202403280,2024-03-28,0,BAL,ANA,11,3,BAL12,burnc002,sandp002
2024,CHA202403280,2024-03-28,0,CHA,DET,0,1,CHI12,crocg001,skubt001
2024,CIN202403280,2024-03-28,0,CIN,WAS,8,2,CIN09,montf001,grayj004
2024,HOU202403280,2024-03-28,0,HOU,NYA,4,5,HOU03,valdf001,cortn001
2024,KCA202403280,2024-03-28,0,KCA,MIN,1,4,KAN06,ragac001,lopep002
2024,LAN202403280,2024-03-28,0,LAN,SLN,7,1,LOS03,glast001,mikom001
2024,MIA202403280,2024-03-28,0,MIA,PIT,5,6,MIA02,luzaj001,kellm003
2024,OAK202403280,2024-03-28,0,OAK,CLE,0,8,OAK01,wooda002,biebs001
2024,SDN202403280,2024-03-28,0,SDN,SFN,6,4,SAN02,darvy001,webbl001
2024,SEA202403280,2024-03-28,0,SEA,BOS,4,6,SEA03,castl003,bellb002
2024,TBA202403280,2024-03-28,0,TBA,TOR,2,8,STP01,efliz001,berrj001
2024,TEX202403280,2024-03-28,0,TEX,CHN,4,3,ARL03,eovan001,steej002
2024,ARI202403290,2024-03-29,0,ARI,COL,7,3,PHO01,kellm002,quanc001
2024,HOU202403290,2024-03-29,0,HOU,NYA,1,7,HOU03,javic001,rodoc001
2024,LAN202403290,2024-03-29,0,LAN,SLN,6,3,LOS03,millb005,thomz002
2024,MIA202403290,2024-03-29,0,MIA,PIT,2,7,MIA02,puk-a001,perem004
2024,NYN202403290,2024-03-29,0,NYN,MIL,1,3,NYC20,quinj001,peraf001
2024,OAK202403290,2024-03-29,0,OAK,CLE,4,6,OAK01,strir001,allel003
2024,PHI202403290,2024-03-29,0,PHI,ATL,3,9,PHI13,wheez001,stris002
2024,SDN202403290,2024-03-29,0,SDN,SFN,3,8,SAN02,musgj001,harrk001
2024,SEA202403290,2024-03-29,0,SEA,BOS,1,0,SEA03,kirbg001,piven001
2024,TBA202403290,2024-03-29,0,TBA,TOR,8,2,STP01,civaa001,bassc001
2024,ARI202403300,2024-03-30,0,ARI,COL,4,9,PHO01,henrt001,gomba001
2024,BAL202403300,2024-03-30,0,BAL,ANA,13,4,BAL12,rodrg003,canng001
2024,CHA202403300,2024-03-30,0,CHA,DET,6,7,CHI12,sorom001,maedk001
2024,CIN202403300,2024-03-30,0,CIN,WAS,6,7,CIN09,greeh001,corbp001
2024,HOU202403300,2024-03-30,0,HOU,NYA,3,5,HOU03,browh001,strom001
2024,KCA202403300,2024-03-30,0,KCA,MIN,1,5,KAN06,lugos001,ryanj002
2024,LAN202403300,2024-03-30,0,LAN,SLN,5,6,LOS03,yamay001,lynnl001
2024,MIA202403300,2024-03-30,0,MIA,PIT,3,9,MIA02,weatr001,jonej008
2024,NYN202403300,2024-03-30,0,NYN,MIL,6,7,NYC20,sevel001,halld004
2024,OAK202403300,2024-03-30,0,OAK,CLE,3,12,OAK01,searj001,bibet001
2024,PHI202403300,2024-03-30,0,PHI,ATL,4,12,PHI13,nolaa001,friem001
2024,SDN202403300,2024-03-30,0,SDN,SFN,6,9,SAN02,ceasd001,hickj002
2024,SEA202403300,2024-03-30,0,SEA,BOS,4,3,SEA03,gilbl002,crawk001
2024,TBA202403300,2024-03-30,0,TBA,TOR,5,1,STP01,littz001,kikuy001
2024,TEX202403300,2024-03-30,0,TEX,CHN,11,2,ARL03,bradc003,hendk001
2024,ARI202403310,2024-03-31,0,ARI,COL,5,1,PHO01,pfaab001,feltr001
2024,BAL202403310,2024-03-31,0,BAL,ANA,1,4,BAL12,wellt003,detmr001
2024,CHA202403310,2024-03-31,0,CHA,DET,2,3,CHI12,fedde001,flahj002
2024,CIN202403310,2024-03-31,0,CIN,WAS,6,5,CIN09,martn002,irvij001
2024,HOU202403310,2024-03-31,0,HOU,NYA,3,4,HOU03,franj006,schmc002
2024,KCA202403310,2024-03-31,0,KCA,MIN,11,0,KAN06,singb001,oberb002
2024,LAN202403310,2024-03-31,0,LAN,SLN,5,4,LOS03,stong001,matzs001
2024,MIA202403310,2024-03-31,0,MIA,PIT,7,9,MIA02,roget003,faltb001
2024,NYN202403310,2024-03-31,0,NYN,MIL,1,4,NYC20,megit002,rea-c001
2024,OAK202403310,2024-03-31,0,OAK,CLE,4,3,OAK01,blacp001,carrc003
2024,PHI202403310,2024-03-31,0,PHI,ATL,5,4,PHI13,suarr001,salec001
2024,SDN202403310,2024-03-31,0,SDN,SFN,13,4,SAN02,kingm002,jeffd001
2024,SEA202403310,2024-03-31,0,SEA,BOS,1,5,SEA03,millb004,whitg002
2024,TBA202403310,2024-03-31,0,TBA,TOR,2,9,STP01,armss001,gausk001
2024,TEX202403310,2024-03-31,0,TEX,CHN,5,9,ARL03,grayj003,wickj001
2024,ARI202404010,2024-04-01,0,ARI,NYA,2,5,PHO01,nelsr003,gil-l001
2024,BAL202404010,2024-04-01,0,BAL,KCA,6,4,BAL12,kremd001,wachm001
2024,CHA202404010,2024-04-01,0,CHA,ATL,0,9,CHI12,flexc001,mortc002
2024,CHN202404010,2024-04-01,0,CHN,COL,5,0,CHI11,imans001,hudsd002
2024,HOU202404010,2024-04-01,0,HOU,TOR,10,0,HOU03,blanr001,franb002
2024,LAN202404010,2024-04-01,0,LAN,SFN,8,3,LOS03,paxtj001,winnk001
2024,MIA202404010,2024-04-01,0,MIA,ANA,4,7,MIA02,meyem001,silsc001
2024,NYN202404010,2024-04-01,0,NYN,DET,0,5,NYC20,manas001,olsor001
2024,OAK202404010,2024-04-01,0,OAK,BOS,0,9,OAK01,boylj001,houct001
2024,PHI202404010,2024-04-01,0,PHI,CIN,3,6,PHI13,sancc002,abboa001
2024,SDN202404010,2024-04-01,0,SDN,SLN,2,6,SAN02,waldm003,gibsk002
2024,SEA202404010,2024-04-01,0,SEA,CLE,5,4,SEA03,hance001,mcket001
2024,TBA202404010,2024-04-01,0,TBA,TEX,3,9,STP01,pepir001,dunnd001
2024,WAS202404010,2024-04-01,0,WAS,PIT,4,8,WAS11,gorem001,gonzm005
2024,ARI202404020,2024-04-02,0,ARI,NYA,7,0,PHO01,gallz001,cortn001
2024,BAL202404020,2024-04-02,0,BAL,KCA,1,4,BAL12,irvic001,marsa001
2024,CHA202404020,2024-04-02,0,CHA,ATL,3,2,CHI12,crocg001,loper003
2024,CHN202404020,2024-04-02,0,CHN,COL,12,2,CHI11,assaj001,freek001
2024,HOU202404020,2024-04-02,0,HOU,TOR,1,2,HOU03,valdf001,berrj001
2024,LAN202404020,2024-04-02,0,LAN,SFN,5,4,LOS03,brasr001,webbl001
2024,MIA202404020,2024-04-02,0,MIA,ANA,1,3,MIA02,luzaj001,andet002
2024,MIL202404020,2024-04-02,0,MIL,MIN,3,2,MIL06,junij001,varll001
2024,OAK202404020,2024-04-02,0,OAK,BOS,4,5,OAK01,wooda002,bellb002
2024,PHI202404020,2024-04-02,0,PHI,CIN,9,4,PHI13,turns003,ashcg001
2024,SDN202404020,2024-04-02,0,SDN,SLN,2,5,SAN02,darvy001,mikom001
2024,SEA202404020,2024-04-02,0,SEA,CLE,2,5,SEA03,castl003,biebs001
2024,TBA202404020,2024-04-02,0,TBA,TEX,5,2,STP01,efliz001,heana001
2024,ARI202404030,2024-04-03,0,ARI,NYA,5,6,PHO01,kellm002,rodoc001
2024,BAL202404030,2024-04-03,0,BAL,KCA,4,3,BAL12,burnc002,ragac001
2024,CHN202404030,2024-04-03,0,CHN,COL,9,8,CHI11,littl001,quanc001
2024,HOU202404030,2024-04-03,0,HOU,TOR,8,0,HOU03,javic001,bassc001
2024,LAN202404030,2024-04-03,0,LAN,SFN,5,4,LOS03,glast001,harrk001
2024,MIA202404030,2024-04-03,0,MIA,ANA,2,10,MIA02,puk-a001,sandp002
2024,MIL202404030,2024-04-03,0,MIL,MIN,3,7,MIL06,rossj002,paddc001
2024,OAK202404030,2024-04-03,0,OAK,BOS,0,1,OAK01,strir001,piven001
2024,PHI202404030,2024-04-03,0,PHI,CIN,1,4,PHI13,wheez001,montf001
2024,SDN202404030,2024-04-03,0,SDN,SLN,3,2,SAN02,musgj001,thomz002
2024,SEA202404030,2024-04-03,0,SEA,CLE,0,8,SEA03,kirbg001,allel003
2024,TBA202404030,2024-04-03,0,TBA,TEX,1,4,STP01,civaa001,eovan001
2024,WAS202404030,2024-04-03,0,WAS,PIT,5,3,WAS11,willt002,kellm003
2024,KCA202404040,2024-04-04,0,KCA,CHA,10,1,KAN06,lugos001,sorom001
2024,MIN202404040,2024-04-04,0,MIN,CLE,2,4,MIN04,lopep002,bibet001
2024,NYN202404041,2024-04-04,1,NYN,DET,3,6,NYC20,housa001,mizec001
2024,NYN202404042,2024-04-04,2,NYN,DET,2,1,NYC20,buttj001,mannm001
2024,SLN202404040,2024-04-04,0,SLN,MIA,8,5,STL10,lynnl001,weatr001
2024,WAS202404040,2024-04-04,0,WAS,PIT,4,7,WAS11,grayj004,perem004
2024,ANA202404050,2024-04-05,0,ANA,BOS,6,8,ANA01,canng001,crawk001
2024,ATL202404050,2024-04-05,0,ATL,ARI,6,5,ATL03,stris002,henrt001
2024,CHN202404050,2024-04-05,0,CHN,LAN,9,7,CHI11,hendk001,millb005
2024,CIN202404050,2024-04-05,0,CIN,NYN,2,3,CIN09,greeh001,quinj001
2024,COL202404050,2024-04-05,0,COL,TBA,10,7,DEN02,gomba001,littz001
2024,DET202404050,2024-04-05,0,DET,OAK,5,4,DET05,skubt001,searj001
2024,KCA202404050,2024-04-05,0,KCA,CHA,2,1,KAN06,singb001,fedde001
2024,MIL202404050,2024-04-05,0,MIL,SEA,6,5,MIL06,peraf001,gilbl002
2024,NYA202404050,2024-04-05,0,NYA,TOR,0,3,NYC21,strom001,kikuy001
2024,PIT202404050,2024-04-05,0,PIT,BAL,2,5,PIT08,jonej008,rodrg003
2024,SFN202404050,2024-04-05,0,SFN,SDN,3,2,SFO03,hickj002,ceasd001
2024,TEX202404050,2024-04-05,0,TEX,HOU,10,2,ARL03,bradc003,browh001
2024,WAS202404050,2024-04-05,0,WAS,PHI,0,4,WAS11,corbp001,nolaa001
2024,ANA202404060,2024-04-06,0,ANA,BOS,2,1,ANA01,detmr001,whitg002
2024,ATL202404060,2024-04-06,0,ATL,ARI,9,8,ATL03,friem001,pfaab001
2024,CHN202404060,2024-04-06,0,CHN,LAN,1,4,CHI11,wickj001,yamay001
2024,CIN202404060,2024-04-06,0,CIN,NYN,9,6,CIN09,martn002,sevel001
2024,COL202404060,2024-04-06,0,COL,TBA,6,8,DEN02,feltr001,alext001
2024,DET202404060,2024-04-06,0,DET,OAK,0,4,DET05,maedk001,blacp001
2024,KCA202404060,2024-04-06,0,KCA,CHA,3,0,KAN06,wachm001,flexc001
2024,MIL202404060,2024-04-06,0,MIL,SEA,3,5,MIL06,halld004,millb004
2024,MIN202404060,2024-04-06,0,MIN,CLE,1,3,MIN04,ryanj002,carrc003
2024,NYA202404060,2024-04-06,0,NYA,TOR,9,8,NYC21,schmc002,gausk001
2024,PIT202404060,2024-04-06,0,PIT,BAL,5,4,PIT08,faltb001,wellt003
2024,SFN202404060,2024-04-06,0,SFN,SDN,0,4,SFO03,winnk001,kingm002
2024,SLN202404060,2024-04-06,0,SLN,MIA,3,1,STL10,matzs001,roget003
2024,TEX202404060,2024-04-06,0,TEX,HOU,7,2,ARL03,grayj003,franj006
2024,WAS202404060,2024-04-06,0,WAS,PHI,2,5,WAS11,irvij001,suarr001
2024,ANA202404070,2024-04-07,0,ANA,BOS,2,12,ANA01,silsc001,houct001
2024,ATL202404070,2024-04-07,0,ATL,ARI,5,2,ATL03,salec001,nelsr003
2024,CHN202404070,2024-04-07,0,CHN,LAN,8,1,CHI11,imans001,stong001
2024,CIN202404070,2024-04-07,0,CIN,NYN,1,3,CIN09,abboa001,manas001
2024,COL202404070,2024-04-07,0,COL,TBA,2,3,DEN02,hudsd002,pepir001
2024,DET202404070,2024-04-07,0,DET,OAK,1,7,DET05,flahj002,boylj001
2024,KCA202404070,2024-04-07,0,KCA,CHA,5,3,KAN06,marsa001,crocg001
2024,MIL202404070,2024-04-07,0,MIL,SEA,12,4,MIL06,rea-c001,hance001
2024,NYA202404070,2024-04-07,0,NYA,TOR,8,3,NYC21,gil-l001,franb002
2024,PIT202404070,2024-04-07,0,PIT,BAL,3,2,PIT08,gonzm005,kremd001
2024,SFN202404070,2024-04-07,0,SFN,SDN,3,2,SFO03,webbl001,waldm003
2024,SLN202404070,2024-04-07,0,SLN,MIA,3,10,STL10,gibsk002,meyem001
2024,TEX202404070,2024-04-07,0,TEX,HOU,1,3,ARL03,dunnd001,blanr001
2024,WAS202404070,2024-04-07,0,WAS,PHI,3,2,WAS11,gorem001,sancc002
2024,ANA202404080,2024-04-08,0,ANA,TBA,7,1,ANA01,andet002,efliz001
2024,ATL202404080,2024-04-08,0,ATL,NYN,7,8,ATL03,mortc002,tehej001
2024,CIN202404080,2024-04-08,0,CIN,MIL,10,8,CIN09,ashcg001,ashba003
2024,CLE202404080,2024-04-08,0,CLE,CHA,4,0,CLE08,mcket001,bankt001
2024,COL202404080,2024-04-08,0,COL,ARI,7,5,DEN02,freek001,gallz001
2024,MIN202404080,2024-04-08,0,MIN,LAN,2,4,MIN04,oberb002,paxtj001
2024,NYA202404080,2024-04-08,0,NYA,MIA,7,0,NYC21,cortn001,luzaj001
2024,PIT202404080,2024-04-08,0,PIT,DET,7,4,PIT08,kellm003,olsor001
2024,SDN202404080,2024-04-08,0,SDN,CHN,9,8,SAN02,darvy001,assaj001
2024,SFN202404080,2024-04-08,0,SFN,WAS,1,8,SFO03,snelb001,willt002
2024,SLN202404080,2024-04-08,0,SLN,PHI,3,5,STL10,mikom001,turns003
2024,TEX202404080,2024-04-08,0,TEX,HOU,5,10,ARL03,heana001,henlb002
2024,TOR202404080,2024-04-08,0,TOR,SEA,5,2,TOR02,berrj001,castl003
2024,ANA202404090,2024-04-09,0,ANA,TBA,4,6,ANA01,sandp002,civaa001
2024,ATL202404090,2024-04-09,0,ATL,NYN,6,5,ATL03,loper003,housa001
2024,BOS202404090,2024-04-09,0,BOS,BAL,1,7,BOS07,bellb002,burnc002
2024,CIN202404090,2024-04-09,0,CIN,MIL,5,9,CIN09,montf001,rossj002
2024,CLE202404090,2024-04-09,0,CLE,CHA,5,7,CLE08,allel003,sorom001
2024,COL202404090,2024-04-09,0,COL,ARI,2,3,DEN02,quanc001,kellm002
2024,KCA202404090,2024-04-09,0,KCA,HOU,4,3,KAN06,ragac001,javic001
2024,MIN202404090,2024-04-09,0,MIN,LAN,3,6,MIN04,varll001,glast001
2024,NYA202404090,2024-04-09,0,NYA,MIA,3,2,NYC21,rodoc001,puk-a001
2024,PIT202404090,2024-04-09,0,PIT,DET,3,5,PIT08,perem004,mizec001
2024,SDN202404090,2024-04-09,0,SDN,CHN,1,5,SAN02,musgj001,browb006
2024,SFN202404090,2024-04-09,0,SFN,WAS,3,5,SFO03,harrk001,adonj001
2024,SLN202404090,2024-04-09,0,SLN,PHI,3,0,STL10,grays001,wheez001
2024,TEX202404090,2024-04-09,0,TEX,OAK,3,4,ARL03,eovan001,wooda002
2024,TOR202404090,2024-04-09,0,TOR,SEA,5,3,TOR02,bassc001,kirbg001
2024,ANA202404100,2024-04-10,0,ANA,TBA,2,4,ANA01,sorij002,littz001
2024,BOS202404100,2024-04-10,0,BOS,BAL,5,7,BOS07,crawk001,irvic001
2024,CIN202404100,2024-04-10,0,CIN,MIL,2,7,CIN09,greeh001,milew001
2024,CLE202404100,2024-04-10,0,CLE,CHA,7,6,CLE08,bibet001,fedde001
2024,COL202404100,2024-04-10,0,COL,ARI,3,5,DEN02,gomba001,henrt001
2024,KCA202404100,2024-04-10,0,KCA,HOU,11,2,KAN06,lugos001,arris001
2024,MIN202404100,2024-04-10,0,MIN,LAN,3,2,MIN04,paddc001,millb005
2024,NYA202404100,2024-04-10,0,NYA,MIA,2,5,NYC21,strom001,weatr001
2024,SDN202404100,2024-04-10,0,SDN,CHN,10,2,SAN02,ceasd001,hendk001
2024,SFN202404100,2024-04-10,0,SFN,WAS,7,1,SFO03,hickj002,corbp001
2024,SLN202404100,2024-04-10,0,SLN,PHI,3,4,STL10,lynnl001,nolaa001
2024,TEX202404100,2024-04-10,0,TEX,OAK,6,2,ARL03,bradc003,strir001
2024,TOR202404100,2024-04-10,0,TOR,SEA,1,6,TOR02,kikuy001,gilbl002
2024,ATL202404110,2024-04-11,0,ATL,NYN,4,16,ATL03,winaa001,quinj001
2024,BOS202404110,2024-04-11,0,BOS,BAL,4,9,BOS07,whitg002,rodrg003
2024,KCA202404110,2024-04-11,0,KCA,HOU,13,3,KAN06,singb001,browh001
2024,PHI202404110,2024-04-11,0,PHI,PIT,5,1,PHI13,suarr001,jonej008
2024,TEX202404110,2024-04-11,0,TEX,OAK,0,1,ARL03,grayj003,searj001
2024,ARI202404120,2024-04-12,0,ARI,SLN,6,9,PHO01,pfaab001,matzs001
2024,BAL202404120,2024-04-12,0,BAL,MIL,1,11,BAL12,wellt003,peraf001
2024,BOS202404120,2024-04-12,0,BOS,ANA,0,7,BOS07,houct001,detmr001
2024,CHA202404120,2024-04-12,0,CHA,CIN,1,11,CHI12,flexc001,abboa001
2024,DET202404120,2024-04-12,0,DET,MIN,8,2,DET05,skubt001,lopep002
2024,HOU202404120,2024-04-12,0,HOU,TEX,8,12,HOU03,franj006,dunnd001
2024,LAN202404120,2024-04-12,0,LAN,SDN,7,8,LOS03,yamay001,kingm002
2024,MIA202404120,2024-04-12,0,MIA,ATL,1,8,MIA02,roget003,friem001
2024,NYN202404120,2024-04-12,0,NYN,KCA,6,1,NYC20,sevel001,wachm001
2024,OAK202404120,2024-04-12,0,OAK,WAS,2,1,OAK01,blacp001,irvij001
2024,PHI202404120,2024-04-12,0,PHI,PIT,2,5,PHI13,sancc002,faltb001
2024,SEA202404120,2024-04-12,0,SEA,CHN,4,2,SEA03,millb004,wickj001
2024,TBA202404120,2024-04-12,0,TBA,SFN,2,1,STP01,waguj001,winnk001
2024,TOR202404120,2024-04-12,0,TOR,COL,4,12,TOR02,gausk001,feltr001
2024,ARI202404130,2024-04-13,0,ARI,SLN,4,2,PHO01,nelsr003,gibsk002
2024,BAL202404130,2024-04-13,0,BAL,MIL,5,11,BAL12,kremd001,halld004
2024,BOS202404130,2024-04-13,0,BOS,ANA,7,2,BOS07,crisc002,canng001
2024,CHA202404130,2024-04-13,0,CHA,CIN,0,5,CHI12,crocg001,lodon001
2024,CLE202404131,2024-04-13,1,CLE,NYA,2,3,CLE08,carrc003,schmc002
2024,CLE202404132,2024-04-13,2,CLE,NYA,2,8,CLE08,mcket001,potec001
2024,DET202404131,2024-04-13,1,DET,MIN,5,11,DET05,maedk001,ryanj002
2024,DET202404132,2024-04-13,2,DET,MIN,1,4,DET05,mannm001,woods002
2024,HOU202404130,2024-04-13,0,HOU,TEX,9,2,HOU03,blanr001,heana001
2024,LAN202404130,2024-04-13,0,LAN,SDN,5,2,LOS03,stong001,waldm003
2024,MIA202404130,2024-04-13,0,MIA,ATL,5,1,MIA02,meyem001,salec001
2024,NYN202404130,2024-04-13,0,NYN,KCA,7,11,NYC20,manas001,marsa001
2024,OAK202404130,2024-04-13,0,OAK,WAS,1,3,OAK01,boylj001,gorem001
2024,PHI202404130,2024-04-13,0,PHI,PIT,4,3,PHI13,turns003,gonzm005
2024,SEA202404130,2024-04-13,0,SEA,CHN,1,4,SEA03,hance001,imans001
2024,TBA202404130,2024-04-13,0,TBA,SFN,2,11,STP01,pepir001,webbl001
2024,TOR202404130,2024-04-13,0,TOR,COL,5,3,TOR02,rodry003,hudsd002
2024,ARI202404140,2024-04-14,0,ARI,SLN,5,0,PHO01,gallz001,mikom001
2024,BAL202404140,2024-04-14,0,BAL,MIL,6,4,BAL12,burnc002,rea-c001
2024,BOS202404140,2024-04-14,0,BOS,ANA,5,4,BOS07,bellb002,andet002
2024,CHA202404140,2024-04-14,0,CHA,CIN,4,11,CHI12,sorom001,ashcg001
2024,CLE202404140,2024-04-14,0,CLE,NYA,8,7,CLE08,allel003,cortn001
2024,DET202404140,2024-04-14,0,DET,MIN,4,3,DET05,flahj002,oberb002
2024,HOU202404140,2024-04-14,0,HOU,TEX,8,5,HOU03,javic001,eovan001
2024,LAN202404140,2024-04-14,0,LAN,SDN,3,6,LOS03,paxtj001,darvy001
2024,MIA202404140,2024-04-14,0,MIA,ATL,7,9,MIA02,luzaj001,mortc002
2024,NYN202404140,2024-04-14,0,NYN,KCA,2,1,NYC20,buttj001,ragac001
2024,OAK202404140,2024-04-14,0,OAK,WAS,7,6,OAK01,wooda002,willt002
2024,PHI202404140,2024-04-14,0,PHI,PIT,2,9,PHI13,wheez001,kellm003
2024,SEA202404140,2024-04-14,0,SEA,CHN,2,3,SEA03,castl003,assaj001
2024,TBA202404140,2024-04-14,0,TBA,SFN,9,4,STP01,armss001,snelb001
2024,TOR202404140,2024-04-14,0,TOR,COL,5,0,TOR02,berrj001,freek001
2024,ARI202404150,2024-04-15,0,ARI,CHN,2,3,PHO01,kellm002,browb006
2024,BAL202404150,2024-04-15,0,BAL,MIN,7,4,BAL12,irvic001,varll001
2024,BOS202404150,2024-04-15,0,BOS,CLE,0,6,BOS07,crawk001,currx001
2024,CHA202404150,2024-04-15,0,CHA,KCA,0,2,CHI12,nastn001,lugos001
2024,DET202404150,2024-04-15,0,DET,TEX,0,1,DET05,olsor001,lorem002
2024,HOU202404150,2024-04-15,0,HOU,ATL,1,6,HOU03,arris001,vined001
2024,LAN202404150,2024-04-15,0,LAN,WAS,4,6,LOS03,glast001,parkm001
2024,MIA202404150,2024-04-15,0,MIA,SFN,3,4,MIA02,cabre003,harrk001
2024,MIL202404150,2024-04-15,0,MIL,SDN,3,7,MIL06,rossj002,musgj001
2024,NYN202404150,2024-04-15,0,NYN,PIT,6,3,NYC20,housa001,perem004
2024,OAK202404150,2024-04-15,0,OAK,SLN,1,3,OAK01,strir001,grays001
2024,PHI202404150,2024-04-15,0,PHI,COL,2,1,PHI13,nolaa001,quanc001
2024,SEA202404150,2024-04-15,0,SEA,CIN,9,3,SEA03,kirbg001,montf001
2024,TBA202404150,2024-04-15,0,TBA,ANA,3,7,STP01,efliz001,sandp002
2024,TOR202404150,2024-04-15,0,TOR,NYA,3,1,TOR02,bassc001,gil-l001
2024,ARI202404160,2024-04-16,0,ARI,CHN,12,11,PHO01,henrt001,hendk001
2024,BAL202404160,2024-04-16,0,BAL,MIN,11,3,BAL12,rodrg003,paddc001
2024,BOS202404160,2024-04-16,0,BOS,CLE,7,10,BOS07,whitg002,bibet001
2024,DET202404160,2024-04-16,0,DET,TEX,4,2,DET05,mizec001,grayj003
2024,HOU202404160,2024-04-16,0,HOU,ATL,2,6,HOU03,browh001,loper003
2024,LAN202404160,2024-04-16,0,LAN,WAS,6,2,LOS03,hurtk001,corbp001
2024,MIA202404160,2024-04-16,0,MIA,SFN,6,3,MIA02,weatr001,hickj002
2024,MIL202404160,2024-04-16,0,MIL,SDN,3,6,MIL06,milew001,ceasd001
2024,NYN202404160,2024-04-16,0,NYN,PIT,3,1,NYC20,quinj001,jonej008
2024,OAK202404160,2024-04-16,0,OAK,SLN,2,3,OAK01,searj001,lynnl001
2024,PHI202404160,2024-04-16,0,PHI,COL,5,0,PHI13,suarr001,gomba001
2024,SEA202404160,2024-04-16,0,SEA,CIN,3,1,SEA03,gilbl002,greeh001
2024,TBA202404160,2024-04-16,0,TBA,ANA,7,6,STP01,civaa001,sorij002
2024,TOR202404160,2024-04-16,0,TOR,NYA,5,4,TOR02,kikuy001,rodoc001
2024,ARI202404170,2024-04-17,0,ARI,CHN,3,5,PHO01,pfaab001,wickj001
2024,BAL202404170,2024-04-17,0,BAL,MIN,4,2,BAL12,suara001,lopep002
2024,BOS202404170,2024-04-17,0,BOS,CLE,2,0,BOS07,houct001,liveb001
2024,CHA202404171,2024-04-17,1,CHA,KCA,2,4,CHI12,cannj001,singb001
2024,CHA202404172,2024-04-17,2,CHA,KCA,2,1,CHI12,fedde001,wachm001
2024,DET202404170,2024-04-17,0,DET,TEX,4,5,DET05,skubt001,dunnd001
2024,HOU202404170,2024-04-17,0,HOU,ATL,4,5,HOU03,franj006,friem001
2024,LAN202404170,2024-04-17,0,LAN,WAS,0,2,LOS03,knacl001,irvij001
2024,MIA202404170,2024-04-17,0,MIA,SFN,1,3,MIA02,roget003,winnk001
2024,MIL202404170,2024-04-17,0,MIL,SDN,1,0,MIL06,wilsb003,kingm002
2024,NYN202404170,2024-04-17,0,NYN,PIT,9,1,NYC20,sevel001,faltb001
2024,OAK202404170,2024-04-17,0,OAK,SLN,6,3,OAK01,blacp001,matzs001
2024,PHI202404170,2024-04-17,0,PHI,COL,7,6,PHI13,sancc002,feltr001
2024,SEA202404170,2024-04-17,0,SEA,CIN,5,1,SEA03,millb004,abboa001
2024,TBA202404170,2024-04-17,0,TBA,ANA,4,5,STP01,littz001,detmr001
2024,TOR202404170,2024-04-17,0,TOR,NYA,4,6,TOR02,gausk001,strom001
2024,BOS202404180,2024-04-18,0,BOS,CLE,4,5,BOS07,bernb001,carrc003
2024,DET202404180,2024-04-18,0,DET,TEX,7,9,DET05,maedk001,leitj001
2024,SFN202404180,2024-04-18,0,SFN,ARI,5,0,SFO03,webbl001,nelsr003
2024,TBA202404180,2024-04-18,0,TBA,ANA,2,1,STP01,pepir001,canng001
2024,ATL202404190,2024-04-19,0,ATL,TEX,8,3,ATL03,salec001,heana001
2024,CHN202404190,2024-04-19,0,CHN,MIA,8,3,CHI11,tailj001,puk-a001
2024,CIN202404190,2024-04-19,0,CIN,ANA,7,1,CIN09,lodon001,andet002
2024,CLE202404190,2024-04-19,0,CLE,OAK,10,2,CLE08,mcket001,boylj001
2024,KCA202404190,2024-04-19,0,KCA,BAL,9,4,KAN06,marsa001,kremd001
2024,LAN202404190,2024-04-19,0,LAN,NYN,4,9,LOS03,yamay001,manas001
2024,MIN202404190,2024-04-19,0,MIN,DET,4,5,MIN04,ryanj002,flahj002
2024,NYA202404190,2024-04-19,0,NYA,TBA,5,3,NYC21,schmc002,alext001
2024,PHI202404190,2024-04-19,0,PHI,CHA,7,0,PHI13,turns003,crocg001
2024,PIT202404190,2024-04-19,0,PIT,BOS,1,8,PIT08,prieq001,bellb002
2024,SDN202404190,2024-04-19,0,SDN,TOR,1,5,SAN02,waldm003,rodry003
2024,SFN202404190,2024-04-19,0,SFN,ARI,1,17,SFO03,snelb001,montj004
2024,SLN202404190,2024-04-19,0,SLN,MIL,1,2,STL10,gibsk002,peraf001
2024,WAS202404190,2024-04-19,0,WAS,HOU,3,5,WAS11,gorem001,verlj001
2024,ATL202404200,2024-04-20,0,ATL,TEX,5,2,ATL03,mortc002,eovan001
2024,CHN202404201,2024-04-20,1,CHN,MIA,2,3,CHI11,assaj001,luzaj001
2024,CHN202404202,2024-04-20,2,CHN,MIA,5,3,CHI11,imans001,munor001
2024,CIN202404200,2024-04-20,0,CIN,ANA,7,5,CIN09,ashcg001,sandp002
2024,CLE202404200,2024-04-20,0,CLE,OAK,6,3,CLE08,allel003,wooda002
2024,COL202404200,2024-04-20,0,COL,SEA,0,7,DEN02,hudsd002,castl003
2024,KCA202404200,2024-04-20,0,KCA,BAL,7,9,KAN06,ragac001,burnc002
2024,LAN202404200,2024-04-20,0,LAN,NYN,4,6,LOS03,stong001,buttj001
2024,MIN202404200,2024-04-20,0,MIN,DET,4,3,MIN04,oberb002,olsor001
2024,NYA202404200,2024-04-20,0,NYA,TBA,0,2,NYC21,cortn001,efliz001
2024,PHI202404200,2024-04-20,0,PHI,CHA,9,5,PHI13,wheez001,sorom001
2024,PIT202404200,2024-04-20,0,PIT,BOS,2,4,PIT08,kellm003,crawk001
2024,SDN202404200,2024-04-20,0,SDN,TOR,2,5,SAN02,vasqr001,berrj001
2024,SFN202404200,2024-04-20,0,SFN,ARI,7,3,SFO03,harrk001,gallz001
2024,SLN202404200,2024-04-20,0,SLN,MIL,5,12,STL10,mikom001,halld004
2024,WAS202404200,2024-04-20,0,WAS,HOU,5,4,WAS11,willt002,blanr001
2024,ATL202404210,2024-04-21,0,ATL,TEX,4,6,ATL03,vined001,lorem002
2024,CHN202404210,2024-04-21,0,CHN,MIA,3,6,CHI11,hendk001,cabre003
2024,CIN202404210,2024-04-21,0,CIN,ANA,3,0,CIN09,montf001,sorij002
2024,CLE202404210,2024-04-21,0,CLE,OAK,6,2,CLE08,bibet001,strir001
2024,COL202404211,2024-04-21,1,COL,SEA,2,1,DEN02,quanc001,kirbg001
2024,COL202404212,2024-04-21,2,COL,SEA,2,10,DEN02,lambp001,hance001
2024,KCA202404210,2024-04-21,0,KCA,BAL,0,5,KAN06,lugos001,irvic001
2024,LAN202404210,2024-04-21,0,LAN,NYN,10,0,LOS03,glast001,housa001
2024,MIN202404210,2024-04-21,0,MIN,DET,1,6,MIN04,varll001,mizec001
2024,NYA202404210,2024-04-21,0,NYA,TBA,5,4,NYC21,gil-l001,civaa001
2024,PHI202404210,2024-04-21,0,PHI,CHA,8,2,PHI13,nolaa001,nastn001
2024,PIT202404210,2024-04-21,0,PIT,BOS,1,6,PIT08,perem004,wincj001
2024,SDN202404210,2024-04-21,0,SDN,TOR,6,3,SAN02,musgj001,bassc001
2024,SFN202404210,2024-04-21,0,SFN,ARI,3,5,SFO03,hickj002,ceccs001
2024,SLN202404210,2024-04-21,0,SLN,MIL,0,2,STL10,grays001,rea-c001
2024,WAS202404210,2024-04-21,0,WAS,HOU,6,0,WAS11,parkm001,browh001
2024,ANA202404220,2024-04-22,0,ANA,BAL,2,4,ANA01,detmr001,suara001
2024,ATL202404220,2024-04-22,0,ATL,MIA,3,0,ATL03,eldeb001,weatr001
2024,CIN202404220,2024-04-22,0,CIN,PHI,0,7,CIN09,greeh001,suarr001
2024,COL202404220,2024-04-22,0,COL,SDN,1,3,DEN02,gomba001,ceasd001
2024,KCA202404220,2024-04-22,0,KCA,TOR,3,5,KAN06,singb001,kikuy001
2024,MIN202404220,2024-04-22,0,MIN,CHA,7,0,MIN04,paddc001,cannj001
2024,NYA202404220,2024-04-22,0,NYA,OAK,0,2,NYC21,rodoc001,searj001
2024,PIT202404220,2024-04-22,0,PIT,MIL,4,2,PIT08,jonej008,rossj002
2024,SFN202404220,2024-04-22,0,SFN,NYN,5,2,SFO03,winnk001,quinj001
2024,SLN202404220,2024-04-22,0,SLN,ARI,5,3,STL10,lynnl001,pfaab001
2024,TBA202404220,2024-04-22,0,TBA,DET,1,7,STP01,littz001,skubt001
2024,ANA202404230,2024-04-23,0,ANA,BAL,7,4,ANA01,canng001,rodrg003
2024,ATL202404230,2024-04-23,0,ATL,MIA,5,0,ATL03,friem001,roget003
2024,CHN202404230,2024-04-23,0,CHN,HOU,7,2,CHI11,wickj001,franj006
2024,CIN202404230,2024-04-23,0,CIN,PHI,8,1,CIN09,abboa001,sancc002
2024,CLE202404230,2024-04-23,0,CLE,BOS,4,1,CLE08,liveb001,houct001
2024,COL202404230,2024-04-23,0,COL,SDN,7,4,DEN02,feltr001,kingm002
2024,KCA202404230,2024-04-23,0,KCA,TOR,3,2,KAN06,wachm001,gausk001
2024,MIN202404230,2024-04-23,0,MIN,CHA,6,5,MIN04,lopep002,fedde001
2024,NYA202404230,2024-04-23,0,NYA,OAK,4,3,NYC21,strom001,blacp001
2024,PIT202404230,2024-04-23,0,PIT,MIL,2,1,PIT08,faltb001,myert001
2024,SFN202404230,2024-04-23,0,SFN,NYN,5,1,SFO03,webbl001,sevel001
2024,SLN202404230,2024-04-23,0,SLN,ARI,1,14,STL10,matzs001,henrt001
2024,TBA202404230,2024-04-23,0,TBA,DET,2,4,STP01,pepir001,maedk001
2024,TEX202404230,2024-04-23,0,TEX,SEA,0,4,ARL03,dunnd001,gilbl002
2024,WAS202404230,2024-04-23,0,WAS,LAN,1,4,WAS11,corbp001,paxtj001
2024,ANA202404240,2024-04-24,0,ANA,BAL,5,6,ANA01,andet002,kremd001
2024,ATL202404240,2024-04-24,0,ATL,MIA,4,3,ATL03,loper003,sancs001
2024,CHN202404240,2024-04-24,0,CHN,HOU,4,3,CHI11,tailj001,arris001
2024,CIN202404240,2024-04-24,0,CIN,PHI,7,4,CIN09,lodon001,turns003
2024,CLE202404240,2024-04-24,0,CLE,BOS,0,8,CLE08,carrc003,crisc002
2024,COL202404240,2024-04-24,0,COL,SDN,2,5,DEN02,blact002,waldm003
2024,KCA202404240,2024-04-24,0,KCA,TOR,3,2,KAN06,marsa001,rodry003
2024,MIN202404240,2024-04-24,0,MIN,CHA,6,3,MIN04,ryanj002,crocg001
2024,NYA202404240,2024-04-24,0,NYA,OAK,7,3,NYC21,schmc002,boylj001
2024,PIT202404240,2024-04-24,0,PIT,MIL,2,3,PIT08,flemj001,wilsb003
2024,SFN202404240,2024-04-24,0,SFN,NYN,2,8,SFO03,walkr001,manas001
2024,SLN202404240,2024-04-24,0,SLN,ARI,5,1,STL10,gibsk002,montj004
2024,TBA202404240,2024-04-24,0,TBA,DET,7,5,STP01,armss001,flahj002
2024,TEX202404240,2024-04-24,0,TEX,SEA,5,1,ARL03,grayj003,millb004
2024,WAS202404240,2024-04-24,0,WAS,LAN,2,11,WAS11,irvij001,knacl001
2024,CHN202404250,2024-04-25,0,CHN,HOU,3,1,CHI11,assaj001,verlj001
2024,CIN202404250,2024-04-25,0,CIN,PHI,0,5,CIN09,martn002,wheez001
2024,CLE202404250,2024-04-25,0,CLE,BOS,6,4,CLE08,mcket001,andec001
2024,COL202404250,2024-04-25,0,COL,SDN,10,9,DEN02,hudsd002,vasqr001
2024,KCA202404250,2024-04-25,0,KCA,TOR,2,1,KAN06,ragac001,berrj001
2024,MIN202404250,2024-04-25,0,MIN,CHA,6,3,MIN04,woods002,sorom001
2024,NYA202404250,2024-04-25,0,NYA,OAK,1,3,NYC21,cortn001,wooda002
2024,PIT202404250,2024-04-25,0,PIT,MIL,5,7,PIT08,kellm003,peraf001
2024,TEX202404250,2024-04-25,0,TEX,SEA,3,4,ARL03,heana001,castl003
2024,WAS202404250,2024-04-25,0,WAS,LAN,1,2,WAS11,gorem001,yamay001
2024,ANA202404260,2024-04-26,0,ANA,MIN,3,5,ANA01,sandp002,oberb002
2024,ATL202404260,2024-04-26,0,ATL,CLE,6,2,ATL03,salec001,allel003
2024,BAL202404260,2024-04-26,0,BAL,OAK,2,3,BAL12,burnc002,strir001
2024,BOS202404260,2024-04-26,0,BOS,CHN,1,7,BOS07,crawk001,imans001
2024,CHA202404260,2024-04-26,0,CHA,TBA,9,4,CHI12,flexc001,efliz001
2024,DET202404260,2024-04-26,0,DET,KCA,0,8,DET05,olsor001,lugos001
2024,MIA202404260,2024-04-26,0,MIA,WAS,1,3,MIA02,malda001,willt002
2024,MIL202404260,2024-04-26,0,MIL,NYA,7,6,MIL06,rea-c001,gil-l001
2024,NYN202404260,2024-04-26,0,NYN,SLN,2,4,NYC20,buttj001,mikom001
2024,SDN202404260,2024-04-26,0,SDN,PHI,3,9,SAN02,musgj001,nolaa001
2024,SEA202404260,2024-04-26,0,SEA,ARI,6,1,SEA03,hance001,gallz001
2024,SFN202404260,2024-04-26,0,SFN,PIT,3,0,SFO03,harrk001,prieq001
2024,TEX202404260,2024-04-26,0,TEX,CIN,2,1,ARL03,eovan001,ashcg001
2024,TOR202404260,2024-04-26,0,TOR,LAN,2,12,TOR02,bassc001,stong001
2024,ANA202404270,2024-04-27,0,ANA,MIN,5,16,ANA01,sorij002,paddc001
2024,ATL202404270,2024-04-27,0,ATL,CLE,2,4,ATL03,mortc002,bibet001
2024,BAL202404270,2024-04-27,0,BAL,OAK,7,0,BAL12,irvic001,searj001
2024,BOS202404270,2024-04-27,0,BOS,CHN,17,0,BOS07,wincj001,browb006
2024,CHA202404270,2024-04-27,0,CHA,TBA,8,7,CHI12,cannj001,civaa001
2024,COL202404270,2024-04-27,0,COL,HOU,4,12,MEX02,quanc001,blanr001
2024,DET202404270,2024-04-27,0,DET,KCA,6,5,DET05,mizec001,singb001
2024,MIA202404270,2024-04-27,0,MIA,WAS,4,11,MIA02,cabre003,parkm001
2024,MIL202404270,2024-04-27,0,MIL,NYA,3,15,MIL06,rossj002,rodoc001
2024,NYN202404270,2024-04-27,0,NYN,SLN,4,7,NYC20,housa001,grays001
2024,SDN202404270,2024-04-27,0,SDN,PHI,1,5,SAN02,ceasd001,suarr001
2024,SEA202404270,2024-04-27,0,SEA,ARI,3,1,SEA03,kirbg001,ceccs001
2024,SFN202404270,2024-04-27,0,SFN,PIT,3,4,SFO03,hickj002,perem004
2024,TEX202404270,2024-04-27,0,TEX,CIN,4,8,ARL03,lorem002,greeh001
2024,TOR202404270,2024-04-27,0,TOR,LAN,2,4,TOR02,kikuy001,glast001
2024,ANA202404280,2024-04-28,0,ANA,MIN,5,11,ANA01,detmr001,lopep002
2024,ATL202404280,2024-04-28,0,ATL,CLE,4,3,ATL03,eldeb001,liveb001
2024,BAL202404280,2024-04-28,0,BAL,OAK,6,7,BAL12,suara001,blacp001
2024,BOS202404280,2024-04-28,0,BOS,CHN,5,4,BOS07,houct001,wesnh001
2024,CHA202404280,2024-04-28,0,CHA,TBA,4,2,CHI12,fedde001,littz001
2024,COL202404280,2024-04-28,0,COL,HOU,2,8,MEX02,gomba001,valdf001
2024,DET202404280,2024-04-28,0,DET,KCA,4,1,DET05,skubt001,wachm001
2024,MIA202404280,2024-04-28,0,MIA,WAS,9,12,MIA02,weatr001,corbp001
2024,MIL202404280,2024-04-28,0,MIL,NYA,5,15,MIL06,myert001,strom001
2024,NYN202404280,2024-04-28,0,NYN,SLN,4,2,NYC20,quinj001,lynnl001
2024,SDN202404280,2024-04-28,0,SDN,PHI,6,8,SAN02,kingm002,walkt004
2024,SEA202404280,2024-04-28,0,SEA,ARI,2,3,SEA03,gilbl002,pfaab001
2024,SFN202404280,2024-04-28,0,SFN,PIT,3,2,SFO03,winnk001,jonej008
2024,TEX202404280,2024-04-28,0,TEX,CIN,4,3,ARL03,dunnd001,abboa001
2024,TOR202404280,2024-04-28,0,TOR,LAN,3,1,TOR02,gausk001,grovm001
2024,ANA202404290,2024-04-29,0,ANA,PHI,6,5,ANA01,canng001,sancc002
2024,ARI202404290,2024-04-29,0,ARI,LAN,4,8,PHO01,henrt001,paxtj001
2024,BAL202404290,2024-04-29,0,BAL,NYA,2,0,BAL12,rodrg003,schmc002
2024,CHA202404290,2024-04-29,0,CHA,MIN,2,3,CHI12,crocg001,ryanj002
2024,MIA202404290,2024-04-29,0,MIA,WAS,2,7,MIA02,roget003,irvij001
2024,MIL202404290,2024-04-29,0,MIL,TBA,0,1,MIL06,wilsb003,pepir001
2024,NYN202404290,2024-04-29,0,NYN,CHN,1,3,NYC20,sevel001,tailj001
2024,OAK202404290,2024-04-29,0,OAK,PIT,5,1,OAK01,boylj001,faltb001
2024,SDN202404290,2024-04-29,0,SDN,CIN,2,5,SAN02,waldm003,lodon001
2024,SEA202404290,2024-04-29,0,SEA,ATL,2,1,SEA03,millb004,friem001
2024,TOR202404290,2024-04-29,0,TOR,KCA,6,5,TOR02,rodry003,bowlj001
2024,ANA202404300,2024-04-30,0,ANA,PHI,5,7,ANA01,andet002,turns003
2024,ARI202404300,2024-04-30,0,ARI,LAN,4,3,PHO01,hughb002,knacl001
2024,BAL202404300,2024-04-30,0,BAL,NYA,4,2,BAL12,kremd001,cortn001
2024,BOS202404300,2024-04-30,0,BOS,SFN,4,0,BOS07,crisc002,webbl001
2024,CHA202404300,2024-04-30,0,CHA,MIN,5,6,CHI12,sorom001,woods002
2024,DET202404301,2024-04-30,1,DET,SLN,1,2,DET05,flahj002,gibsk002
2024,DET202404302,2024-04-30,2,DET,SLN,11,6,DET05,mannm001,matzs001
2024,HOU202404300,2024-04-30,0,HOU,CLE,10,9,HOU03,browh001,carrc003
2024,MIA202404300,2024-04-30,0,MIA,COL,7,6,MIA02,sancs001,feltr001
2024,MIL202404300,2024-04-30,0,MIL,TBA,8,2,MIL06,peraf001,alext001
2024,NYN202404300,2024-04-30,0,NYN,CHN,4,2,NYC20,manas001,assaj001
2024,OAK202404300,2024-04-30,0,OAK,PIT,5,2,OAK01,wooda002,kellm003
2024,SDN202404300,2024-04-30,0,SDN,CIN,6,4,SAN02,darvy001,martn002
2024,SEA202404300,2024-04-30,0,SEA,ATL,3,2,SEA03,castl003,loper003
2024,TEX202404300,2024-04-30,0,TEX,WAS,7,1,ARL03,grayj003,gorem001
2024,TOR202404300,2024-04-30,0,TOR,KCA,1,4,TOR02,berrj001,ragac001
2024,ANA202405010,2024-05-01,0,ANA,PHI,1,2,ANA01,sandp002,wheez001
2024,ARI202405010,2024-05-01,0,ARI,LAN,0,8,PHO01,montj004,yamay001
2024,BAL202405010,2024-05-01,0,BAL,NYA,0,2,BAL12,burnc002,gil-l001
2024,BOS202405010,2024-05-01,0,BOS,SFN,6,2,BOS07,crawk001,mille002
2024,CHA202405010,2024-05-01,0,CHA,MIN,5,10,CHI12,flexc001,oberb002
2024,DET202405010,2024-05-01,0,DET,SLN,4,1,DET05,maedk001,mikom001
2024,HOU202405010,2024-05-01,0,HOU,CLE,2,3,HOU03,verlj001,mcket001
2024,MIA202405010,2024-05-01,0,MIA,COL,4,1,MIA02,munor001,hudsd002
2024,MIL202405010,2024-05-01,0,MIL,TBA,7,1,MIL06,rea-c001,efliz001
2024,NYN202405010,2024-05-01,0,NYN,CHN,0,1,NYC20,buttj001,imans001
2024,OAK202405010,2024-05-01,0,OAK,PIT,4,0,OAK01,strir001,prieq001
2024,SDN202405010,2024-05-01,0,SDN,CIN,6,2,SAN02,musgj001,ashcg001
2024,SEA202405010,2024-05-01,0,SEA,ATL,2,5,SEA03,hance001,salec001
2024,TEX202405010,2024-05-01,0,TEX,WAS,0,1,ARL03,heana001,willt002
2024,TOR202405010,2024-05-01,0,TOR,KCA,1,6,TOR02,bassc001,lugos001
2024,BAL202405020,2024-05-02,0,BAL,NYA,7,2,BAL12,bradk001,rodoc001
2024,BOS202405020,2024-05-02,0,BOS,SFN,1,3,BOS07,wincj001,harrk001
2024,HOU202405020,2024-05-02,0,HOU,CLE,8,2,HOU03,arris001,allel003
2024,MIA202405020,2024-05-02,0,MIA,COL,5,4,MIA02,cabre003,lambp001
2024,NYN202405020,2024-05-02,0,NYN,CHN,7,6,NYC20,housa001,browb006
2024,TEX202405020,2024-05-02,0,TEX,WAS,6,0,ARL03,eovan001,parkm001
2024,ARI202405030,2024-05-03,0,ARI,SDN,1,7,PHO01,ceccs001,ceasd001
2024,CHN202405030,2024-05-03,0,CHN,MIL,1,3,CHI11,wesnh001,rossj002
2024,CIN202405030,2024-05-03,0,CIN,BAL,0,3,CIN09,greeh001,irvic001
2024,CLE202405030,2024-05-03,0,CLE,ANA,0,6,CLE08,bibet001,sorij002
2024,HOU202405030,2024-05-03,0,HOU,SEA,5,3,HOU03,blanr001,kirbg001
2024,KCA202405030,2024-05-03,0,KCA,TEX,7,1,KAN06,singb001,lorem002
2024,LAN202405030,2024-05-03,0,LAN,ATL,4,3,LOS03,stong001,mortc002
2024,MIN202405030,2024-05-03,0,MIN,BOS,5,2,MIN04,paddc001,houct001
2024,NYA202405030,2024-05-03,0,NYA,DET,2,1,NYC21,strom001,olsor001
2024,OAK202405030,2024-05-03,0,OAK,MIA,3,1,OAK01,searj001,weatr001
2024,PHI202405030,2024-05-03,0,PHI,SFN,4,3,PHI13,nolaa001,hickj002
2024,PIT202405030,2024-05-03,0,PIT,COL,2,3,PIT08,perem004,quanc001
2024,SLN202405030,2024-05-03,0,SLN,CHA,3,0,STL10,grays001,kellb003
2024,TBA202405030,2024-05-03,0,TBA,NYN,10,8,STP01,civaa001,quinj001
2024,WAS202405030,2024-05-03,0,WAS,TOR,9,3,WAS11,corbp001,kikuy001
2024,ARI202405040,2024-05-04,0,ARI,SDN,1,13,PHO01,pfaab001,kingm002
2024,CHN202405040,2024-05-04,0,CHN,MIL,6,5,CHI11,tailj001,myert001
2024,CIN202405040,2024-05-04,0,CIN,BAL,1,2,CIN09,abboa001,meanj001
2024,CLE202405040,2024-05-04,0,CLE,ANA,7,1,CLE08,liveb001,detmr001
2024,HOU202405040,2024-05-04,0,HOU,SEA,0,5,HOU03,valdf001,gilbl002
2024,KCA202405040,2024-05-04,0,KCA,TEX,4,15,KAN06,wachm001,dunnd001
2024,LAN202405040,2024-05-04,0,LAN,ATL,11,2,LOS03,glast001,eldeb001
2024,MIN202405040,2024-05-04,0,MIN,BOS,3,1,MIN04,lopep002,bernb001
2024,NYA202405040,2024-05-04,0,NYA,DET,5,3,NYC21,schmc002,mizec001
2024,OAK202405040,2024-05-04,0,OAK,MIA,20,4,OAK01,blacp001,roget003
2024,PHI202405040,2024-05-04,0,PHI,SFN,14,3,PHI13,suarr001,winnk001
2024,PIT202405040,2024-05-04,0,PIT,COL,1,0,PIT08,jonej008,gomba001
2024,SLN202405040,2024-05-04,0,SLN,CHA,5,6,STL10,lynnl001,fedde001
2024,TBA202405040,2024-05-04,0,TBA,NYN,3,1,STP01,littz001,scotc001
2024,WAS202405040,2024-05-04,0,WAS,TOR,3,6,WAS11,irvij001,gausk001
2024,ARI202405050,2024-05-05,0,ARI,SDN,11,4,PHO01,nelsr003,waldm003
2024,CHN202405050,2024-05-05,0,CHN,MIL,5,0,CHI11,assaj001,peraf001
2024,CIN202405050,2024-05-05,0,CIN,BAL,1,11,CIN09,lodon001,kremd001
2024,CLE202405050,2024-05-05,0,CLE,ANA,4,1,CLE08,carrc003,canng001
2024,HOU202405050,2024-05-05,0,HOU,SEA,4,5,HOU03,browh001,millb004
2024,KCA202405050,2024-05-05,0,KCA,TEX,2,3,KAN06,lyncd001,grayj003
2024,LAN202405050,2024-05-05,0,LAN,ATL,5,1,LOS03,paxtj001,friem001
2024,MIN202405050,2024-05-05,0,MIN,BOS,2,9,MIN04,ryanj002,crisc002
2024,NYA202405050,2024-05-05,0,NYA,DET,5,2,NYC21,cortn001,skubt001
2024,OAK202405050,2024-05-05,0,OAK,MIA,3,12,OAK01,boylj001,sancs001
2024,PHI202405050,2024-05-05,0,PHI,SFN,5,4,PHI13,walkt004,webbl001
2024,PIT202405050,2024-05-05,0,PIT,COL,5,3,PIT08,faltb001,feltr001
2024,SLN202405050,2024-05-05,0,SLN,CHA,1,5,STL10,libem001,crocg001
2024,TBA202405050,2024-05-05,0,TBA,NYN,7,6,STP01,pepir001,sevel001
2024,WAS202405050,2024-05-05,0,WAS,TOR,11,8,WAS11,gorem001,manoa001
2024,CHN202405060,2024-05-06,0,CHN,SDN,3,6,CHI11,steej002,darvy001
2024,CLE202405060,2024-05-06,0,CLE,DET,2,1,CLE08,mcket001,flahj002
2024,KCA202405060,2024-05-06,0,KCA,MIL,3,2,KAN06,ragac001,wilsb003
2024,LAN202405060,2024-05-06,0,LAN,MIA,6,3,LOS03,buehw001,munor001
2024,MIN202405060,2024-05-06,0,MIN,SEA,3,1,MIN04,woods002,castl003
2024,OAK202405060,2024-05-06,0,OAK,TEX,2,4,OAK01,wooda002,heana001
2024,PHI202405060,2024-05-06,0,PHI,SFN,6,1,PHI13,wheez001,blacm001
2024,PIT202405060,2024-05-06,0,PIT,ANA,4,1,PIT08,kellm003,andet002
2024,SLN202405060,2024-05-06,0,SLN,NYN,3,4,STL10,gibsk002,manas001
2024,TBA202405060,2024-05-06,0,TBA,CHA,8,2,STP01,alext001,clevm001
2024,ATL202405070,2024-05-07,0,ATL,BOS,4,2,ATL03,loper003,crawk001
2024,CHN202405070,2024-05-07,0,CHN,SDN,3,2,CHI11,imans001,vasqr001
2024,CIN202405070,2024-05-07,0,CIN,ARI,2,6,CIN09,montf001,gallz001
2024,CLE202405070,2024-05-07,0,CLE,DET,7,11,CLE08,allel003,maedk001
2024,COL202405070,2024-05-07,0,COL,SFN,0,5,DEN02,hudsd002,harrk001
2024,KCA202405070,2024-05-07,0,KCA,MIL,5,6,KAN06,lugos001,rea-c001
2024,LAN202405070,2024-05-07,0,LAN,MIA,8,2,LOS03,yamay001,cabre003
2024,MIN202405070,2024-05-07,0,MIN,SEA,6,10,MIN04,oberb002,hance001
2024,NYA202405070,2024-05-07,0,NYA,HOU,10,3,NYC21,gil-l001,verlj001
2024,OAK202405070,2024-05-07,0,OAK,TEX,8,15,OAK01,strir001,urenj001
2024,PHI202405070,2024-05-07,0,PHI,TOR,10,1,PHI13,sancc002,berrj001
2024,PIT202405070,2024-05-07,0,PIT,ANA,0,9,PIT08,prieq001,sandp002
2024,SLN202405070,2024-05-07,0,SLN,NYN,5,7,STL10,mikom001,buttj001
2024,TBA202405070,2024-05-07,0,TBA,CHA,5,1,STP01,efliz001,sorom001
2024,WAS202405070,2024-05-07,0,WAS,BAL,3,0,WAS11,willt002,burnc002
2024,ATL202405080,2024-05-08,0,ATL,BOS,5,0,ATL03,salec001,piven001
2024,CHN202405080,2024-05-08,0,CHN,SDN,0,3,CHI11,wesnh001,ceasd001
2024,CIN202405080,2024-05-08,0,CIN,ARI,3,4,CIN09,ashcg001,montj004
2024,CLE202405080,2024-05-08,0,CLE,DET,5,4,CLE08,bibet001,olsor001
2024,COL202405080,2024-05-08,0,COL,SFN,6,8,DEN02,lambp001,hickj002
2024,KCA202405080,2024-05-08,0,KCA,MIL,6,4,KAN06,singb001,rossj002
2024,LAN202405080,2024-05-08,0,LAN,MIA,3,1,LOS03,stong001,weatr001
2024,MIN202405080,2024-05-08,0,MIN,SEA,6,3,MIN04,paddc001,kirbg001
2024,NYA202405080,2024-05-08,0,NYA,HOU,9,4,NYC21,rodoc001,arris001
2024,OAK202405081,2024-05-08,1,OAK,TEX,9,4,OAK01,searj001,lorem002
2024,OAK202405082,2024-05-08,2,OAK,TEX,11,12,OAK01,bidoo001,leitj001
2024,PHI202405080,2024-05-08,0,PHI,TOR,3,5,PHI13,nolaa001,bassc001
2024,PIT202405080,2024-05-08,0,PIT,ANA,4,5,PIT08,perem004,sorij002
2024,TBA202405080,2024-05-08,0,TBA,CHA,1,4,STP01,civaa001,flexc001
2024,WAS202405080,2024-05-08,0,WAS,BAL,6,7,WAS11,parkm001,bradk001
2024,ANA202405090,2024-05-09,0,ANA,KCA,4,10,ANA01,detmr001,wachm001
2024,CHA202405090,2024-05-09,0,CHA,CLE,3,2,CHI12,fedde001,liveb001
2024,CIN202405090,2024-05-09,0,CIN,ARI,4,5,CIN09,greeh001,ceccs001
2024,COL202405090,2024-05-09,0,COL,SFN,9,1,DEN02,quanc001,winnk001
2024,MIL202405090,2024-05-09,0,MIL,SLN,7,1,MIL06,myert001,grays001
2024,MIN202405090,2024-05-09,0,MIN,SEA,11,1,MIN04,lopep002,gilbl002
2024,NYA202405090,2024-05-09,0,NYA,HOU,3,4,NYC21,strom001,blanr001
2024,ANA202405100,2024-05-10,0,ANA,KCA,1,2,ANA01,canng001,marsa001
2024,BAL202405100,2024-05-10,0,BAL,ARI,4,2,BAL12,irvic001,pfaab001
2024,BOS202405100,2024-05-10,0,BOS,WAS,1,5,BOS07,houct001,corbp001
2024,CHA202405100,2024-05-10,0,CHA,CLE,6,3,CHI12,crocg001,carrc003
2024,COL202405100,2024-05-10,0,COL,TEX,4,2,DEN02,gomba001,grayj003
2024,DET202405100,2024-05-10,0,DET,HOU,2,5,DET05,mizec001,valdf001
2024,MIA202405100,2024-05-10,0,MIA,PHI,2,8,MIA02,roget003,suarr001
2024,MIL202405100,2024-05-10,0,MIL,SLN,11,2,MIL06,gassr001,lynnl001
2024,NYN202405100,2024-05-10,0,NYN,ATL,2,4,NYC20,quinj001,mortc002
2024,PIT202405100,2024-05-10,0,PIT,CHN,2,7,PIT08,jonej008,assaj001
2024,SDN202405100,2024-05-10,0,SDN,LAN,2,1,SAN02,kingm002,glast001
2024,SEA202405100,2024-05-10,0,SEA,OAK,8,1,SEA03,woo-b001,blacp001
2024,SFN202405100,2024-05-10,0,SFN,CIN,2,4,SFO03,webbl001,abboa001
2024,TBA202405100,2024-05-10,0,TBA,NYA,0,2,STP01,bradt002,schmc002
2024,TOR202405100,2024-05-10,0,TOR,MIN,2,3,TOR02,kikuy001,ryanj002
2024,ANA202405110,2024-05-11,0,ANA,KCA,9,3,ANA01,andet002,ragac001
2024,BAL202405110,2024-05-11,0,BAL,ARI,5,4,BAL12,meanj001,nelsr003
2024,BOS202405110,2024-05-11,0,BOS,WAS,4,2,BOS07,crisc002,irvij001
2024,CHA202405110,2024-05-11,0,CHA,CLE,3,1,CHI12,clevm001,mcket001
2024,COL202405110,2024-05-11,0,COL,TEX,8,3,DEN02,feltr001,heana001
2024,DET202405110,2024-05-11,0,DET,HOU,8,2,DET05,skubt001,javic001
2024,MIA202405110,2024-05-11,0,MIA,PHI,3,8,MIA02,luzaj001,walkt004
2024,MIL202405110,2024-05-11,0,MIL,SLN,5,3,MIL06,peraf001,gibsk002
2024,NYN202405110,2024-05-11,0,NYN,ATL,1,4,NYC20,scotc001,friem001
2024,PIT202405110,2024-05-11,0,PIT,CHN,10,9,PIT08,skenp001,steej002
2024,SDN202405110,2024-05-11,0,SDN,LAN,0,5,SAN02,waldm003,paxtj001
2024,SEA202405110,2024-05-11,0,SEA,OAK,1,8,SEA03,millb004,estej001
2024,SFN202405110,2024-05-11,0,SFN,CIN,5,1,SFO03,blacm001,lodon001
2024,TBA202405110,2024-05-11,0,TBA,NYA,7,2,STP01,littz001,cortn001
2024,TOR202405110,2024-05-11,0,TOR,MIN,10,8,TOR02,gausk001,woods002
2024,ANA202405120,2024-05-12,0,ANA,KCA,2,4,ANA01,sandp002,lugos001
2024,BAL202405120,2024-05-12,0,BAL,ARI,2,9,BAL12,kremd001,gallz001
2024,BOS202405120,2024-05-12,0,BOS,WAS,3,2,BOS07,bellb002,gorem001
2024,CHA202405120,2024-05-12,0,CHA,CLE,0,7,CHI12,sorom001,allel003
2024,COL202405120,2024-05-12,0,COL,TEX,3,1,DEN02,blact002,urenj001
2024,DET202405120,2024-05-12,0,DET,HOU,3,9,DET05,flahj002,verlj001
2024,MIA202405120,2024-05-12,0,MIA,PHI,7,6,MIA02,garrb001,wheez001
2024,MIL202405120,2024-05-12,0,MIL,SLN,3,4,MIL06,wilsb003,mikom001
2024,NYN202405120,2024-05-12,0,NYN,ATL,4,3,NYC20,sevel001,eldeb001
2024,PIT202405120,2024-05-12,0,PIT,CHN,4,5,PIT08,faltb001,hendk001
2024,SDN202405120,2024-05-12,0,SDN,LAN,4,0,SAN02,darvy001,buehw001
2024,SEA202405120,2024-05-12,0,SEA,OAK,8,4,SEA03,castl003,wooda002
2024,SFN202405120,2024-05-12,0,SFN,CIN,6,5,SFO03,harrk001,montf001
2024,TBA202405120,2024-05-12,0,TBA,NYA,6,10,STP01,alext001,gil-l001
2024,TOR202405120,2024-05-12,0,TOR,MIN,1,5,TOR02,manoa001,oberb002
2024,ANA202405130,2024-05-13,0,ANA,SLN,5,10,ANA01,sorij002,libem001
2024,ARI202405130,2024-05-13,0,ARI,CIN,6,5,PHO01,montj004,ashcg001
2024,ATL202405130,2024-05-13,0,ATL,CHN,2,0,ATL03,loper003,imans001
2024,BAL202405130,2024-05-13,0,BAL,TOR,2,3,BAL12,burnc002,berrj001
2024,BOS202405130,2024-05-13,0,BOS,TBA,3,5,BOS07,crawk001,efliz001
2024,DET202405130,2024-05-13,0,DET,MIA,6,5,DET05,mannm001,sancs001
2024,HOU202405130,2024-05-13,0,HOU,OAK,9,2,HOU03,arris001,strir001
2024,MIL202405130,2024-05-13,0,MIL,PIT,6,8,MIL06,rea-c001,kellm003
2024,NYN202405130,2024-05-13,0,NYN,PHI,4,5,NYC20,manas001,sancc002
2024,SDN202405130,2024-05-13,0,SDN,COL,4,5,SAN02,vasqr001,hudsd002
2024,SEA202405130,2024-05-13,0,SEA,KCA,6,2,SEA03,kirbg001,singb001
2024,SFN202405130,2024-05-13,0,SFN,LAN,4,6,SFO03,hickj002,yamay001
2024,TEX202405130,2024-05-13,0,TEX,CLE,0,7,ARL03,lorem002,bibet001
2024,ANA202405140,2024-05-14,0,ANA,SLN,6,7,ANA01,detmr001,grays001
2024,ARI202405140,2024-05-14,0,ARI,CIN,2,6,PHO01,ceccs001,greeh001
2024,ATL202405140,2024-05-14,0,ATL,CHN,7,0,ATL03,salec001,tailj001
2024,BOS202405140,2024-05-14,0,BOS,TBA,5,4,BOS07,piven001,civaa001
2024,CHA202405141,2024-05-14,1,CHA,WAS,3,6,CHI12,flexc001,willt002
2024,CHA202405142,2024-05-14,2,CHA,WAS,4,0,CHI12,fedde001,parkm001
2024,DET202405140,2024-05-14,0,DET,MIA,0,1,DET05,olsor001,weatr001
2024,HOU202405140,2024-05-14,0,HOU,OAK,2,1,HOU03,blanr001,searj001
2024,MIL202405140,2024-05-14,0,MIL,PIT,4,3,MIL06,rossj002,prieq001
2024,MIN202405140,2024-05-14,0,MIN,NYA,1,5,MIN04,paddc001,rodoc001
2024,NYN202405140,2024-05-14,0,NYN,PHI,0,4,NYC20,buttj001,nolaa001
2024,SDN202405140,2024-05-14,0,SDN,COL,3,6,SAN02,ceasd001,quanc001
2024,SEA202405140,2024-05-14,0,SEA,KCA,2,4,SEA03,gilbl002,wachm001
2024,SFN202405140,2024-05-14,0,SFN,LAN,2,10,SFO03,winnk001,stong001
2024,TEX202405140,2024-05-14,0,TEX,CLE,4,7,ARL03,leitj001,liveb001
2024,ANA202405150,2024-05-15,0,ANA,SLN,7,2,ANA01,canng001,lynnl001
2024,ARI202405150,2024-05-15,0,ARI,CIN,2,1,PHO01,pfaab001,abboa001
2024,ATL202405150,2024-05-15,0,ATL,CHN,1,7,ATL03,mortc002,assaj001
2024,BAL202405150,2024-05-15,0,BAL,TOR,3,2,BAL12,bradk001,kikuy001
2024,BOS202405150,2024-05-15,0,BOS,TBA,3,4,BOS07,houct001,bradt002
2024,CHA202405150,2024-05-15,0,CHA,WAS,2,0,CHI12,crocg001,corbp001
2024,DET202405150,2024-05-15,0,DET,MIA,0,2,DET05,mizec001,roget003
2024,HOU202405150,2024-05-15,0,HOU,OAK,3,0,HOU03,valdf001,brooa001
2024,MIL202405150,2024-05-15,0,MIL,PIT,10,2,MIL06,gassr001,perem004
2024,MIN202405150,2024-05-15,0,MIN,NYA,0,4,MIN04,lopep002,strom001
2024,PHI202405150,2024-05-15,0,PHI,NYN,10,5,PHI13,suarr001,luccj001
2024,SDN202405150,2024-05-15,0,SDN,COL,0,8,SAN02,kingm002,gomba001
2024,SEA202405150,2024-05-15,0,SEA,KCA,4,2,SEA03,woo-b001,marsa001
2024,SFN202405150,2024-05-15,0,SFN,LAN,4,1,SFO03,webbl001,herne002
2024,TEX202405150,2024-05-15,0,TEX,CLE,4,0,ARL03,grayj003,carrc003
2024,BOS202405160,2024-05-16,0,BOS,TBA,5,7,BOS07,crisc002,littz001
2024,CHN202405160,2024-05-16,0,CHN,PIT,4,5,CHI11,steej002,jonej008
2024,HOU202405160,2024-05-16,0,HOU,OAK,8,1,HOU03,javic001,estej001
2024,LAN202405160,2024-05-16,0,LAN,CIN,2,7,LOS03,glast001,suteb001
2024,MIN202405160,2024-05-16,0,MIN,NYA,0,5,MIN04,ryanj002,schmc002
2024,PHI202405160,2024-05-16,0,PHI,NYN,5,6,PHI13,walkt004,quinj001
2024,ARI202405170,2024-05-17,0,ARI,DET,0,13,PHO01,nelsr003,skubt001
2024,ATL202405170,2024-05-17,0,ATL,SDN,1,3,ATL03,friem001,waldm003
2024,BAL202405170,2024-05-17,0,BAL,SEA,9,2,BAL12,meanj001,millb004
2024,CHN202405170,2024-05-17,0,CHN,PIT,3,9,CHI11,hendk001,skenp001
2024,CLE202405170,2024-05-17,0,CLE,MIN,3,2,CLE08,mcket001,woods002
2024,HOU202405170,2024-05-17,0,HOU,MIL,5,4,HOU03,browh001,peraf001
2024,KCA202405170,2024-05-17,0,KCA,OAK,6,2,KAN06,ragac001,spenm001
2024,LAN202405170,2024-05-17,0,LAN,CIN,7,3,LOS03,paxtj001,montf001
2024,MIA202405170,2024-05-17,0,MIA,NYN,8,0,MIA02,luzaj001,scotc001
2024,NYA202405170,2024-05-17,0,NYA,CHA,4,2,NYC21,cortn001,clevm001
2024,PHI202405170,2024-05-17,0,PHI,WAS,4,2,PHI13,wheez001,irvij001
2024,SFN202405170,2024-05-17,0,SFN,COL,10,5,SFO03,blacm001,feltr001
2024,SLN202405170,2024-05-17,0,SLN,BOS,10,6,STL10,gibsk002,bellb002
2024,TEX202405170,2024-05-17,0,TEX,ANA,3,9,ARL03,heana001,andet002
2024,TOR202405170,2024-05-17,0,TOR,TBA,3,4,TOR02,bassc001,alext001
2024,ARI202405180,2024-05-18,0,ARI,DET,3,8,PHO01,gallz001,flahj002
2024,BAL202405180,2024-05-18,0,BAL,SEA,3,4,BAL12,rodrg003,castl003
2024,CHN202405180,2024-05-18,0,CHN,PIT,1,0,CHI11,imans001,faltb001
2024,CLE202405180,2024-05-18,0,CLE,MIN,11,4,CLE08,allel003,oberb002
2024,HOU202405180,2024-05-18,0,HOU,MIL,2,4,HOU03,verlj001,wilsb003
2024,KCA202405180,2024-05-18,0,KCA,OAK,5,3,KAN06,lugos001,strir001
2024,LAN202405180,2024-05-18,0,LAN,CIN,4,0,LOS03,buehw001,ashcg001
2024,MIA202405180,2024-05-18,0,MIA,NYN,10,9,MIA02,garrb001,sevel001
2024,NYA202405180,2024-05-18,0,NYA,CHA,6,1,NYC21,gil-l001,kellb003
2024,PHI202405180,2024-05-18,0,PHI,WAS,4,3,PHI13,sancc002,gorem001
2024,SFN202405180,2024-05-18,0,SFN,COL,14,4,SFO03,harrk001,blact002
2024,SLN202405180,2024-05-18,0,SLN,BOS,7,2,STL10,mikom001,crawk001
2024,TEX202405180,2024-05-18,0,TEX,ANA,3,2,ARL03,urenj001,sandp002
2024,TOR202405180,2024-05-18,0,TOR,TBA,4,5,TOR02,gausk001,efliz001
2024,ARI202405190,2024-05-19,0,ARI,DET,6,4,PHO01,montj004,mannm001
2024,ATL202405190,2024-05-19,0,ATL,SDN,1,9,ATL03,eldeb001,darvy001
2024,BAL202405190,2024-05-19,0,BAL,SEA,6,3,BAL12,burnc002,kirbg001
2024,CHN202405190,2024-05-19,0,CHN,PIT,2,3,CHI11,tailj001,kellm003
2024,CLE202405190,2024-05-19,0,CLE,MIN,5,2,CLE08,bibet001,paddc001
2024,HOU202405190,2024-05-19,0,HOU,MIL,9,4,HOU03,arris001,rea-c001
2024,KCA202405190,2024-05-19,0,KCA,OAK,8,4,KAN06,singb001,searj001
2024,LAN202405190,2024-05-19,0,LAN,CIN,3,2,LOS03,knacl001,greeh001
2024,MIA202405190,2024-05-19,0,MIA,NYN,3,7,MIA02,sancs001,manas001
2024,NYA202405190,2024-05-19,0,NYA,CHA,7,2,NYC21,rodoc001,flexc001
2024,PHI202405190,2024-05-19,0,PHI,WAS,11,5,PHI13,nolaa001,willt002
2024,SFN202405190,2024-05-19,0,SFN,COL,4,1,SFO03,hickj002,hudsd002
2024,SLN202405190,2024-05-19,0,SLN,BOS,3,11,STL10,libem001,piven001
2024,TEX202405190,2024-05-19,0,TEX,ANA,1,4,ARL03,lorem002,sorij002
2024,TOR202405190,2024-05-19,0,TOR,TBA,5,2,TOR02,manoa001,civaa001
2024,ATL202405201,2024-05-20,1,ATL,SDN,5,6,ATL03,loper003,ceasd001
2024,ATL202405202,2024-05-20,2,ATL,SDN,3,0,ATL03,salec001,vasqr001
2024,CLE202405200,2024-05-20,0,CLE,NYN,3,1,CLE08,liveb001,megit002
2024,HOU202405200,2024-05-20,0,HOU,ANA,7,9,HOU03,valdf001,detmr001
2024,KCA202405200,2024-05-20,0,KCA,DET,8,3,KAN06,wachm001,olsor001
2024,LAN202405200,2024-05-20,0,LAN,ARI,6,4,LOS03,yamay001,mantj002
2024,MIA202405200,2024-05-20,0,MIA,MIL,3,2,MIA02,weatr001,rossj002
2024,NYA202405200,2024-05-20,0,NYA,SEA,4,5,NYC21,strom001,gilbl002
2024,SLN202405200,2024-05-20,0,SLN,BAL,6,3,STL10,grays001,kremd001
2024,TBA202405200,2024-05-20,0,TBA,BOS,0,5,STP01,bradt002,houct001
2024,TOR202405200,2024-05-20,0,TOR,CHA,9,3,TOR02,berrj001,fedde001
2024,WAS202405200,2024-05-20,0,WAS,MIN,12,3,WAS11,parkm001,lopep002
2024,CHN202405210,2024-05-21,0,CHN,ATL,4,3,CHI11,assaj001,mortc002
2024,CIN202405210,2024-05-21,0,CIN,SDN,2,0,CIN09,abboa001,musgj001
2024,CLE202405210,2024-05-21,0,CLE,NYN,7,6,CLE08,currx001,housa001
2024,HOU202405210,2024-05-21,0,HOU,ANA,6,5,HOU03,javic001,canng001
2024,KCA202405210,2024-05-21,0,KCA,DET,10,3,KAN06,marsa001,mizec001
2024,LAN202405210,2024-05-21,0,LAN,ARI,3,7,LOS03,stong001,pfaab001
2024,MIA202405210,2024-05-21,0,MIA,MIL,5,7,MIA02,roget003,gassr001
2024,NYA202405210,2024-05-21,0,NYA,SEA,3,6,NYC21,schmc002,woo-b001
2024,OAK202405210,2024-05-21,0,OAK,COL,5,4,OAK01,brooa001,quanc001
2024,PHI202405210,2024-05-21,0,PHI,TEX,5,2,PHI13,suarr001,grayj003
2024,PIT202405210,2024-05-21,0,PIT,SFN,7,6,PIT08,perem004,webbl001
2024,SLN202405210,2024-05-21,0,SLN,BAL,3,1,STL10,lynnl001,bradk001
2024,TBA202405210,2024-05-21,0,TBA,BOS,2,5,STP01,littz001,crisc002
2024,TOR202405210,2024-05-21,0,TOR,CHA,0,5,TOR02,kikuy001,crocg001
2024,WAS202405210,2024-05-21,0,WAS,MIN,0,10,WAS11,corbp001,ryanj002
2024,CHN202405220,2024-05-22,0,CHN,ATL,2,9,CHI11,steej002,friem001
2024,CIN202405220,2024-05-22,0,CIN,SDN,3,7,CIN09,martn002,kingm002
2024,CLE202405220,2024-05-22,0,CLE,NYN,6,3,CLE08,mcket001,quinj001
2024,HOU202405220,2024-05-22,0,HOU,ANA,1,2,HOU03,browh001,andet002
2024,KCA202405220,2024-05-22,0,KCA,DET,8,3,KAN06,ragac001,skubt001
2024,LAN202405220,2024-05-22,0,LAN,ARI,0,6,LOS03,glast001,hughb002
2024,MIA202405220,2024-05-22,0,MIA,MIL,1,0,MIA02,luzaj001,peraf001
2024,NYA202405220,2024-05-22,0,NYA,SEA,7,3,NYC21,cortn001,millb004
2024,OAK202405220,2024-05-22,0,OAK,COL,3,4,OAK01,spenm001,gomba001
2024,PHI202405220,2024-05-22,0,PHI,TEX,11,4,PHI13,walkt004,dunnd001
2024,PIT202405220,2024-05-22,0,PIT,SFN,5,9,PIT08,jonej008,snelb001
2024,SLN202405220,2024-05-22,0,SLN,BAL,5,4,STL10,gibsk002,meanj001
2024,TBA202405220,2024-05-22,0,TBA,BOS,5,8,STP01,pepir001,bellb002
2024,TOR202405220,2024-05-22,0,TOR,CHA,9,2,TOR02,bassc001,nastn001
2024,WAS202405220,2024-05-22,0,WAS,MIN,2,3,WAS11,irvij001,woods002
2024,CHA202405230,2024-05-23,0,CHA,BAL,6,8,CHI12,clevm001,rodrg003
2024,CHN202405230,2024-05-23,0,CHN,ATL,0,3,CHI11,browb006,smita001
2024,CIN202405230,2024-05-23,0,CIN,SDN,4,6,CIN09,montf001,waldm003
2024,DET202405230,2024-05-23,0,DET,TOR,1,9,DET05,flahj002,gausk001
2024,NYA202405230,2024-05-23,0,NYA,SEA,5,0,NYC21,gil-l001,castl003
2024,OAK202405230,2024-05-23,0,OAK,COL,10,9,OAK01,estej001,feltr001
2024,PHI202405230,2024-05-23,0,PHI,TEX,5,2,PHI13,wheez001,heana001
2024,PIT202405230,2024-05-23,0,PIT,SFN,6,7,PIT08,skenp001,mille002
2024,ANA202405240,2024-05-24,0,ANA,CLE,4,10,ANA01,sandp002,allel003
2024,ARI202405240,2024-05-24,0,ARI,MIA,0,3,PHO01,gallz001,garrb001
2024,BOS202405240,2024-05-24,0,BOS,MIL,2,7,BOS07,crawk001,koenj001
2024,CHA202405240,2024-05-24,0,CHA,BAL,4,6,CHI12,flexc001,burnc002
2024,CIN202405240,2024-05-24,0,CIN,LAN,9,6,CIN09,ashcg001,paxtj001
2024,COL202405240,2024-05-24,0,COL,PHI,3,2,DEN02,blact002,sancc002
2024,DET202405240,2024-05-24,0,DET,TOR,6,2,DET05,maedk001,manoa001
2024,MIN202405240,2024-05-24,0,MIN,TEX,3,2,MIN04,oberb002,urenj001
2024,NYN202405240,2024-05-24,0,NYN,SFN,7,8,NYC20,scotc001,harrk001
2024,OAK202405240,2024-05-24,0,OAK,HOU,3,6,OAK01,strir001,verlj001
2024,PIT202405240,2024-05-24,0,PIT,ATL,11,5,PIT08,faltb001,kerrr001
2024,SDN202405240,2024-05-24,0,SDN,NYA,0,8,SAN02,darvy001,rodoc001
2024,TBA202405240,2024-05-24,0,TBA,KCA,1,8,STP01,armss001,lugos001
2024,WAS202405240,2024-05-24,0,WAS,SEA,6,1,WAS11,gorem001,kirbg001
2024,ANA202405250,2024-05-25,0,ANA,CLE,3,4,ANA01,sorij002,bibet001
2024,ARI202405250,2024-05-25,0,ARI,MIA,3,2,PHO01,montj004,sancs001
2024,BOS202405250,2024-05-25,0,BOS,MIL,3,6,BOS07,piven001,koenj001
2024,CHA202405250,2024-05-25,0,CHA,BAL,3,5,CHI12,fedde001,suara001
2024,CIN202405250,2024-05-25,0,CIN,LAN,3,1,CIN09,greeh001,buehw001
2024,COL202405250,2024-05-25,0,COL,PHI,4,8,DEN02,hudsd002,nolaa001
2024,DET202405250,2024-05-25,0,DET,TOR,2,1,DET05,olsor001,berrj001
2024,MIN202405250,2024-05-25,0,MIN,TEX,5,3,MIN04,paddc001,lorem002
2024,NYN202405250,2024-05-25,0,NYN,SFN,2,7,NYC20,sevel001,hickj002
2024,OAK202405250,2024-05-25,0,OAK,HOU,3,1,OAK01,searj001,arris001
2024,PIT202405250,2024-05-25,0,PIT,ATL,4,1,PIT08,kellm003,loper003
2024,SDN202405250,2024-05-25,0,SDN,NYA,1,4,SAN02,ceasd001,strom001
2024,SLN202405250,2024-05-25,0,SLN,CHN,7,6,STL10,mikom001,tailj001
2024,TBA202405250,2024-05-25,0,TBA,KCA,4,7,STP01,civaa001,singb001
2024,WAS202405250,2024-05-25,0,WAS,SEA,3,1,WAS11,willt002,gilbl002
2024,ANA202405260,2024-05-26,0,ANA,CLE,4,5,ANA01,detmr001,liveb001
2024,ARI202405260,2024-05-26,0,ARI,MIA,1,3,PHO01,walsb001,weatr001
2024,BOS202405260,2024-05-26,0,BOS,MIL,2,1,BOS07,houct001,myert001
2024,CHA202405260,2024-05-26,0,CHA,BAL,1,4,CHI12,crocg001,bradk001
2024,CIN202405260,2024-05-26,0,CIN,LAN,4,1,CIN09,suteb001,yamay001
2024,COL202405260,2024-05-26,0,COL,PHI,5,2,DEN02,quanc001,suarr001
2024,DET202405260,2024-05-26,0,DET,TOR,14,11,DET05,mizec001,kikuy001
2024,MIN202405260,2024-05-26,0,MIN,TEX,2,6,MIN04,lopep002,garag001
2024,NYN202405260,2024-05-26,0,NYN,SFN,4,3,NYC20,manas001,webbl001
2024,OAK202405260,2024-05-26,0,OAK,HOU,2,5,OAK01,brooa001,blanr001
2024,PIT202405260,2024-05-26,0,PIT,ATL,1,8,PIT08,perem004,salec001
2024,SDN202405260,2024-05-26,0,SDN,NYA,5,2,SAN02,musgj001,schmc002
2024,SLN202405260,2024-05-26,0,SLN,CHN,4,3,STL10,grays001,assaj001
2024,TBA202405260,2024-05-26,0,TBA,KCA,4,1,STP01,bradt002,wachm001
2024,WAS202405260,2024-05-26,0,WAS,SEA,5,9,WAS11,corbp001,woo-b001
2024,ATL202405270,2024-05-27,0,ATL,WAS,4,8,ATL03,mortc002,parkm001
2024,BAL202405270,2024-05-27,0,BAL,BOS,11,3,BAL12,irvic001,crisc002
2024,CHA202405270,2024-05-27,0,CHA,TOR,1,5,CHI12,nastn001,bassc001
2024,CIN202405270,2024-05-27,0,CIN,SLN,3,1,CIN09,lodon001,lynnl001
2024,COL202405270,2024-05-27,0,COL,CLE,8,6,DEN02,molia001,currx001
2024,MIL202405270,2024-05-27,0,MIL,CHN,5,1,MIL06,gassr001,steej002
2024,MIN202405270,2024-05-27,0,MIN,KCA,6,5,MIN04,ryanj002,marsa001
2024,SDN202405270,2024-05-27,0,SDN,MIA,2,1,SAN02,kingm002,roget003
2024,SEA202405270,2024-05-27,0,SEA,HOU,3,2,SEA03,millb004,valdf001
2024,SFN202405270,2024-05-27,0,SFN,PHI,8,4,SFO03,snelb001,walkt004
2024,ANA202405280,2024-05-28,0,ANA,NYA,4,3,ANA01,canng001,cortn001
2024,ATL202405280,2024-05-28,0,ATL,WAS,2,0,ATL03,friem001,irvij001
2024,BAL202405280,2024-05-28,0,BAL,BOS,3,8,BAL12,rodrg003,bellb002
2024,CHA202405280,2024-05-28,0,CHA,TOR,2,7,CHI12,woodj003,gausk001
2024,CIN202405280,2024-05-28,0,CIN,SLN,1,7,CIN09,abboa001,gibsk002
2024,COL202405280,2024-05-28,0,COL,CLE,7,13,DEN02,feltr001,mcket001
2024,MIL202405280,2024-05-28,0,MIL,CHN,3,6,MIL06,peraf001,browb006
2024,MIN202405280,2024-05-28,0,MIN,KCA,4,2,MIN04,woods002,ragac001
2024,NYN202405281,2024-05-28,1,NYN,LAN,2,5,NYC20,megit002,glast001
2024,NYN202405282,2024-05-28,2,NYN,LAN,0,3,NYC20,quinj001,stong001
2024,SDN202405280,2024-05-28,0,SDN,MIA,4,0,SAN02,waldm003,luzaj001
2024,SEA202405280,2024-05-28,0,SEA,HOU,4,2,SEA03,castl003,browh001
2024,SFN202405280,2024-05-28,0,SFN,PHI,1,0,SFO03,mille002,wheez001
2024,TBA202405280,2024-05-28,0,TBA,OAK,0,3,STP01,littz001,spenm001
2024,TEX202405280,2024-05-28,0,TEX,ARI,4,2,ARL03,eovan001,pfaab001
2024,ANA202405290,2024-05-29,0,ANA,NYA,1,2,ANA01,andet002,gil-l001
2024,ATL202405290,2024-05-29,0,ATL,WAS,2,7,ATL03,schws001,gorem001
2024,BAL202405290,2024-05-29,0,BAL,BOS,6,1,BAL12,burnc002,crawk001
2024,CHA202405290,2024-05-29,0,CHA,TOR,1,3,CHI12,flexc001,manoa001
2024,CIN202405290,2024-05-29,0,CIN,SLN,3,5,CIN09,montf001,palla001
2024,COL202405290,2024-05-29,0,COL,CLE,7,4,DEN02,blact002,allel003
2024,DET202405291,2024-05-29,1,DET,PIT,8,0,DET05,skubt001,jonej008
2024,DET202405292,2024-05-29,2,DET,PIT,2,10,DET05,montk001,skenp001
2024,MIL202405290,2024-05-29,0,MIL,CHN,10,6,MIL06,wilsb003,imans001
2024,MIN202405290,2024-05-29,0,MIN,KCA,1,6,MIN04,oberb002,lugos001
2024,NYN202405290,2024-05-29,0,NYN,LAN,3,10,NYC20,peted003,paxtj001
2024,SDN202405290,2024-05-29,0,SDN,MIA,1,9,SAN02,darvy001,garrb001
2024,SEA202405290,2024-05-29,0,SEA,HOU,2,1,SEA03,kirbg001,verlj001
2024,SFN202405290,2024-05-29,0,SFN,PHI,1,6,SFO03,harrk001,sancc002
2024,TBA202405290,2024-05-29,0,TBA,OAK,4,3,STP01,pepir001,estej001
2024,TEX202405290,2024-05-29,0,TEX,ARI,6,1,ARL03,dunnd001,nelsr003
2024,ANA202405300,2024-05-30,0,ANA,NYA,3,8,ANA01,sandp002,rodoc001
2024,ATL202405300,2024-05-30,0,ATL,WAS,1,3,ATL03,kerrr001,willt002
2024,BOS202405300,2024-05-30,0,BOS,DET,0,5,BOS07,piven001,flahj002
2024,MIL202405300,2024-05-30,0,MIL,CHN,6,4,MIL06,rea-c001,tailj001
2024,MIN202405300,2024-05-30,0,MIN,KCA,7,6,MIN04,paddc001,lyncd001
2024,NYN202405300,2024-05-30,0,NYN,ARI,3,2,NYC20,scotc001,gallz001
2024,SEA202405300,2024-05-30,0,SEA,HOU,0,4,SEA03,gilbl002,arris001
2024,TBA202405300,2024-05-30,0,TBA,OAK,6,5,STP01,armss001,harrh002
2024,ATL202405310,2024-05-31,0,ATL,OAK,4,2,ATL03,loper003,searj001
2024,BAL202405310,2024-05-31,0,BAL,TBA,3,1,BAL12,suara001,civaa001
2024,BOS202405310,2024-05-31,0,BOS,DET,7,3,BOS07,houct001,maedk001
2024,CHN202405310,2024-05-31,0,CHN,CIN,4,5,CHI11,assaj001,ashcg001
2024,CLE202405310,2024-05-31,0,CLE,WAS,7,1,CLE08,bibet001,corbp001
2024,HOU202405310,2024-05-31,0,HOU,MIN,1,6,HOU03,blanr001,lopep002
2024,KCA202405310,2024-05-31,0,KCA,SDN,8,11,KAN06,wachm001,ceasd001
2024,LAN202405310,2024-05-31,0,LAN,COL,1,4,LOS03,buehw001,hudsd002
2024,MIA202405310,2024-05-31,0,MIA,TEX,8,2,MIA02,sancs001,urenj001
2024,MIL202405310,2024-05-31,0,MIL,CHA,12,5,MIL06,myert001,fedde001
2024,NYN202405310,2024-05-31,0,NYN,ARI,10,9,NYC20,sevel001,montj004
2024,PHI202405310,2024-05-31,0,PHI,SLN,4,2,PHI13,nolaa001,mikom001
2024,SEA202405310,2024-05-31,0,SEA,ANA,5,4,SEA03,woo-b001,sorij002
2024,SFN202405310,2024-05-31,0,SFN,NYA,2,6,SFO03,hickj002,strom001
2024,TOR202405310,2024-05-31,0,TOR,PIT,5,3,TOR02,berrj001,faltb001
2024,ATL202406010,2024-06-01,0,ATL,OAK,9,11,ATL03,salec001,brooa001
2024,BAL202406010,2024-06-01,0,BAL,TBA,9,5,BAL12,bradk001,bradt002
2024,BOS202406010,2024-06-01,0,BOS,DET,6,3,BOS07,crisc002,olsor001
2024,CHN202406010,2024-06-01,0,CHN,CIN,7,5,CHI11,steej002,greeh001
2024,CLE202406010,2024-06-01,0,CLE,WAS,3,2,CLE08,liveb001,parkm001
2024,HOU202406010,2024-06-01,0,HOU,MIN,5,2,HOU03,valdf001,ryanj002
2024,KCA202406010,2024-06-01,0,KCA,SDN,3,7,KAN06,marsa001,vasqr001
2024,LAN202406010,2024-06-01,0,LAN,COL,4,1,LOS03,yamay001,quanc001
2024,MIA202406010,2024-06-01,0,MIA,TEX,0,7,MIA02,weatr001,lorem002
2024,MIL202406010,2024-06-01,0,MIL,CHA,4,3,MIL06,gassr001,crocg001
2024,NYN202406010,2024-06-01,0,NYN,ARI,5,10,NYC20,manas001,ceccs001
2024,PHI202406010,2024-06-01,0,PHI,SLN,6,1,PHI13,suarr001,grays001
2024,SEA202406010,2024-06-01,0,SEA,ANA,9,0,SEA03,millb004,detmr001
2024,SFN202406010,2024-06-01,0,SFN,NYA,3,7,SFO03,webbl001,potec001
2024,TOR202406010,2024-06-01,0,TOR,PIT,1,8,TOR02,kikuy001,kellm003
2024,ATL202406020,2024-06-02,0,ATL,OAK,3,1,ATL03,mortc002,medil002
2024,BAL202406020,2024-06-02,0,BAL,TBA,3,4,BAL12,irvic001,littz001
2024,BOS202406020,2024-06-02,0,BOS,DET,4,8,BOS07,bellb002,mizec001
2024,CHN202406020,2024-06-02,0,CHN,CIN,2,5,CHI11,browb006,lodon001
2024,CLE202406020,2024-06-02,0,CLE,WAS,2,5,CLE08,carrc003,irvij001
2024,HOU202406020,2024-06-02,0,HOU,MIN,3,4,HOU03,browh001,woods002
2024,KCA202406020,2024-06-02,0,KCA,SDN,4,3,KAN06,ragac001,kingm002
2024,LAN202406020,2024-06-02,0,LAN,COL,4,0,LOS03,stong001,gomba001
2024,MIA202406020,2024-06-02,0,MIA,TEX,0,6,MIA02,roget003,heana001
2024,MIL202406020,2024-06-02,0,MIL,CHA,6,3,MIL06,peraf001,nastn001
2024,NYN202406020,2024-06-02,0,NYN,ARI,4,5,NYC20,quinj001,pfaab001
2024,PHI202406020,2024-06-02,0,PHI,SLN,4,5,PHI13,walkt004,lynnl001
2024,SEA202406020,2024-06-02,0,SEA,ANA,5,1,SEA03,castl003,canng001
2024,SFN202406020,2024-06-02,0,SFN,NYA,5,7,SFO03,snelb001,cortn001
2024,TOR202406020,2024-06-02,0,TOR,PIT,5,4,TOR02,bassc001,prieq001
2024,ANA202406030,2024-06-03,0,ANA,SDN,2,1,ANA01,andet002,waldm003
2024,ARI202406030,2024-06-03,0,ARI,SFN,4,2,PHO01,nelsr003,mille002
2024,COL202406030,2024-06-03,0,COL,CIN,3,13,DEN02,feltr001,abboa001
2024,HOU202406030,2024-06-03,0,HOU,SLN,7,4,HOU03,verlj001,gibsk002
2024,PHI202406030,2024-06-03,0,PHI,MIL,3,1,PHI13,wheez001,koenj001
2024,TEX202406030,2024-06-03,0,TEX,DET,1,2,ARL03,eovan001,skubt001
2024,TOR202406030,2024-06-03,0,TOR,BAL,2,7,TOR02,gausk001,rodrg003
2024,WAS202406030,2024-06-03,0,WAS,NYN,7,8,WAS11,gorem001,megit002
2024,ANA202406040,2024-06-04,0,ANA,SDN,4,2,ANA01,sandp002,mazua001
2024,ARI202406040,2024-06-04,0,ARI,SFN,8,5,PHO01,walsb001,harrk001
2024,BOS202406040,2024-06-04,0,BOS,ATL,3,8,BOS07,crawk001,friem001
2024,CHN202406040,2024-06-04,0,CHN,CHA,7,6,CHI11,imans001,flexc001
2024,CLE202406040,2024-06-04,0,CLE,KCA,8,5,CLE08,mcket001,lugos001
2024,COL202406040,2024-06-04,0,COL,CIN,1,4,DEN02,blact002,montf001
2024,HOU202406040,2024-06-04,0,HOU,SLN,8,5,HOU03,arris001,palla001
2024,MIA202406040,2024-06-04,0,MIA,TBA,5,9,MIA02,luzaj001,pepir001
2024,NYA202406040,2024-06-04,0,NYA,MIN,5,1,NYC21,gil-l001,oberb002
2024,OAK202406040,2024-06-04,0,OAK,SEA,3,4,OAK01,spenm001,kirbg001
2024,PHI202406040,2024-06-04,0,PHI,MIL,2,1,PHI13,sancc002,koenj001
2024,PIT202406040,2024-06-04,0,PIT,LAN,1,0,PIT08,jonej008,glast001
2024,TEX202406040,2024-06-04,0,TEX,DET,1,3,ARL03,dunnd001,flahj002
2024,TOR202406040,2024-06-04,0,TOR,BAL,1,10,TOR02,richt001,burnc002
2024,WAS202406040,2024-06-04,0,WAS,NYN,3,6,WAS11,herzd001,peted003
2024,ANA202406050,2024-06-05,0,ANA,SDN,3,2,ANA01,sorij002,ceasd001
2024,ARI202406050,2024-06-05,0,ARI,SFN,3,9,PHO01,montj004,hickj002
2024,BOS202406050,2024-06-05,0,BOS,ATL,9,0,BOS07,piven001,schws001
2024,CHN202406050,2024-06-05,0,CHN,CHA,7,6,CHI11,tailj001,fedde001
2024,COL202406050,2024-06-05,0,COL,CIN,7,12,DEN02,hudsd002,ashcg001
2024,HOU202406050,2024-06-05,0,HOU,SLN,2,4,HOU03,blanr001,mikom001
2024,MIA202406050,2024-06-05,0,MIA,TBA,3,5,MIA02,garrb001,efliz001
2024,NYA202406050,2024-06-05,0,NYA,MIN,9,5,NYC21,rodoc001,paddc001
2024,OAK202406050,2024-06-05,0,OAK,SEA,2,1,OAK01,estej001,gilbl002
2024,PHI202406050,2024-06-05,0,PHI,MIL,2,0,PHI13,nolaa001,ashba003
2024,PIT202406050,2024-06-05,0,PIT,LAN,10,6,PIT08,skenp001,paxtj001
2024,TEX202406050,2024-06-05,0,TEX,DET,9,1,ARL03,urenj001,maedk001
2024,TOR202406050,2024-06-05,0,TOR,BAL,3,2,TOR02,berrj001,suara001
2024,WAS202406050,2024-06-05,0,WAS,NYN,1,9,WAS11,corbp001,sevel001
2024,CHA202406060,2024-06-06,0,CHA,BOS,2,14,CHI12,woodj003,houct001
2024,CIN202406060,2024-06-06,0,CIN,CHN,8,4,CIN09,greeh001,assaj001
2024,CLE202406060,2024-06-06,0,CLE,KCA,3,4,CLE08,bibet001,singb001
2024,NYA202406060,2024-06-06,0,NYA,MIN,8,5,NYC21,strom001,lopep002
2024,OAK202406060,2024-06-06,0,OAK,SEA,0,3,OAK01,searj001,woo-b001
2024,PIT202406060,2024-06-06,0,PIT,LAN,7,11,PIT08,faltb001,buehw001
2024,SDN202406060,2024-06-06,0,SDN,ARI,3,4,SAN02,vasqr001,ceccs001
2024,SLN202406060,2024-06-06,0,SLN,COL,2,3,STL10,grays001,quanc001
2024,TOR202406060,2024-06-06,0,TOR,BAL,6,5,TOR02,kikuy001,povic001
2024,WAS202406060,2024-06-06,0,WAS,ATL,2,5,WAS11,parkm001,loper003
2024,ANA202406070,2024-06-07,0,ANA,HOU,1,7,ANA01,canng001,valdf001
2024,CHA202406070,2024-06-07,0,CHA,BOS,7,2,CHI12,crocg001,crisc002
2024,CIN202406070,2024-06-07,0,CIN,CHN,3,2,CIN09,lodon001,steej002
2024,DET202406070,2024-06-07,0,DET,MIL,0,10,DET05,olsor001,myert001
2024,KCA202406070,2024-06-07,0,KCA,SEA,10,9,KAN06,lyncd001,millb004
2024,MIA202406070,2024-06-07,0,MIA,CLE,3,2,MIA02,weatr001,allel003
2024,NYA202406070,2024-06-07,0,NYA,LAN,1,2,NYC21,potec001,yamay001
2024,OAK202406070,2024-06-07,0,OAK,TOR,2,1,OAK01,harrh002,bassc001
2024,PIT202406070,2024-06-07,0,PIT,MIN,3,0,PIT08,kellm003,ryanj002
2024,SDN202406070,2024-06-07,0,SDN,ARI,10,3,SAN02,kingm002,pfaab001
2024,SLN202406070,2024-06-07,0,SLN,COL,8,5,STL10,lynnl001,gomba001
2024,TBA202406070,2024-06-07,0,TBA,BAL,3,6,STP01,civaa001,irvic001
2024,TEX202406070,2024-06-07,0,TEX,SFN,2,5,ARL03,lorem002,webbl001
2024,WAS202406070,2024-06-07,0,WAS,ATL,2,1,WAS11,irvij001,salec001
2024,ANA202406080,2024-06-08,0,ANA,HOU,1,6,ANA01,andet002,browh001
2024,CHA202406080,2024-06-08,0,CHA,BOS,6,1,CHI12,nastn001,bellb002
2024,CIN202406080,2024-06-08,0,CIN,CHN,4,3,CIN09,abboa001,browb006
2024,DET202406080,2024-06-08,0,DET,MIL,4,5,DET05,mizec001,peraf001
2024,KCA202406080,2024-06-08,0,KCA,SEA,8,4,KAN06,marsa001,castl003
2024,MIA202406080,2024-06-08,0,MIA,CLE,0,8,MIA02,munor001,liveb001
2024,NYA202406080,2024-06-08,0,NYA,LAN,3,11,NYC21,cortn001,stong001
2024,NYN202406080,2024-06-08,0,NYN,PHI,2,7,LON01,manas001,suarr001
2024,OAK202406080,2024-06-08,0,OAK,TOR,0,7,OAK01,medil002,gausk001
2024,PIT202406080,2024-06-08,0,PIT,MIN,4,0,PIT08,mlodc001,woods002
2024,SDN202406080,2024-06-08,0,SDN,ARI,13,1,SAN02,waldm003,nelsr003
2024,SLN202406080,2024-06-08,0,SLN,COL,5,6,STL10,gibsk002,feltr001
2024,TBA202406080,2024-06-08,0,TBA,BAL,0,5,STP01,bradt002,bradk001
2024,TEX202406080,2024-06-08,0,TEX,SFN,1,3,ARL03,heana001,howas003
2024,WAS202406080,2024-06-08,0,WAS,ATL,7,3,WAS11,gorem001,mortc002
2024,ANA202406090,2024-06-09,0,ANA,HOU,9,7,ANA01,sandp002,verlj001
2024,CHA202406090,2024-06-09,0,CHA,BOS,4,6,CHI12,flexc001,kellz001
2024,CIN202406090,2024-06-09,0,CIN,CHN,2,4,CIN09,montf001,imans001
2024,DET202406090,2024-06-09,0,DET,MIL,10,2,DET05,skubt001,wilsb003
2024,KCA202406090,2024-06-09,0,KCA,SEA,5,6,KAN06,ragac001,kirbg001
2024,MIA202406090,2024-06-09,0,MIA,CLE,3,6,MIA02,roget003,carrc003
2024,NYA202406090,2024-06-09,0,NYA,LAN,6,4,NYC21,gil-l001,glast001
2024,OAK202406090,2024-06-09,0,OAK,TOR,4,6,OAK01,spenm001,franb002
2024,PHI202406090,2024-06-09,0,PHI,NYN,5,6,LON01,walkt004,quinj001
2024,PIT202406090,2024-06-09,0,PIT,MIN,5,11,PIT08,jonej008,oberb002
2024,SDN202406090,2024-06-09,0,SDN,ARI,3,9,SAN02,mazua001,mcgos001
2024,SLN202406090,2024-06-09,0,SLN,COL,5,1,STL10,palla001,blact002
2024,TBA202406090,2024-06-09,0,TBA,BAL,2,9,STP01,littz001,rodrg003
2024,TEX202406090,2024-06-09,0,TEX,SFN,7,2,ARL03,eovan001,winnk001
2024,WAS202406090,2024-06-09,0,WAS,ATL,8,5,WAS11,herzd001,waldh001
2024,KCA202406100,2024-06-10,0,KCA,NYA,2,4,KAN06,lugos001,rodoc001
2024,MIL202406100,2024-06-10,0,MIL,TOR,3,1,MIL06,rea-c001,berrj001
2024,MIN202406100,2024-06-10,0,MIN,COL,5,0,MIN04,paddc001,hudsd002
2024,SDN202406100,2024-06-10,0,SDN,OAK,6,1,SAN02,ceasd001,estej001
2024,SEA202406100,2024-06-10,0,SEA,CHA,8,4,SEA03,gilbl002,fedde001
2024,SFN202406100,2024-06-10,0,SFN,HOU,4,3,SFO03,harrk001,arris001
2024,TBA202406100,2024-06-10,0,TBA,BAL,2,5,STP01,pepir001,burnc002
2024,ARI202406110,2024-06-11,0,ARI,ANA,9,4,PHO01,montj004,suarj001
2024,BAL202406110,2024-06-11,0,BAL,ATL,4,0,BAL12,suara001,friem001
2024,BOS202406110,2024-06-11,0,BOS,PHI,1,4,BOS07,crawk001,wheez001
2024,CIN202406110,2024-06-11,0,CIN,CLE,3,5,CIN09,suteb001,mcket001
2024,DET202406110,2024-06-11,0,DET,WAS,4,5,DET05,maedk001,parkm001
2024,KCA202406110,2024-06-11,0,KCA,NYA,1,10,KAN06,singb001,strom001
2024,LAN202406110,2024-06-11,0,LAN,TEX,15,2,LOS03,paxtj001,dunnd001
2024,MIL202406110,2024-06-11,0,MIL,TOR,0,3,MIL06,rodrc003,kikuy001
2024,MIN202406110,2024-06-11,0,MIN,COL,4,5,MIN04,varll001,quanc001
2024,NYN202406110,2024-06-11,0,NYN,MIA,2,4,NYC20,megit002,luzaj001
2024,SDN202406110,2024-06-11,0,SDN,OAK,4,3,SAN02,vasqr001,searj001
2024,SEA202406110,2024-06-11,0,SEA,CHA,4,3,SEA03,diazj007,thord001
2024,SFN202406110,2024-06-11,0,SFN,HOU,1,3,SFO03,hickj002,blanr001
2024,SLN202406110,2024-06-11,0,SLN,PIT,1,2,STL10,mikom001,skenp001
2024,TBA202406110,2024-06-11,0,TBA,CHN,5,2,STP01,efliz001,tailj001
2024,ARI202406120,2024-06-12,0,ARI,ANA,3,8,PHO01,ceccs001,sorij002
2024,BAL202406120,2024-06-12,0,BAL,ATL,4,2,BAL12,povic001,schws001
2024,BOS202406120,2024-06-12,0,BOS,PHI,8,6,BOS07,piven001,sancc002
2024,CIN202406120,2024-06-12,0,CIN,CLE,4,2,CIN09,lodon001,bibet001
2024,DET202406120,2024-06-12,0,DET,WAS,5,7,DET05,olsor001,irvij001
2024,KCA202406120,2024-06-12,0,KCA,NYA,5,11,KAN06,altad001,potec001
2024,LAN202406120,2024-06-12,0,LAN,TEX,2,3,LOS03,buehw001,grayj003
2024,MIL202406120,2024-06-12,0,MIL,TOR,5,4,MIL06,myert001,bassc001
2024,MIN202406120,2024-06-12,0,MIN,COL,17,9,MIN04,lopep002,gomba001
2024,NYN202406120,2024-06-12,0,NYN,MIA,10,4,NYC20,peted003,garrb001
2024,SDN202406120,2024-06-12,0,SDN,OAK,5,4,SAN02,kingm002,harrh002
2024,SEA202406120,2024-06-12,0,SEA,CHA,2,1,SEA03,millb004,cannj001
2024,SFN202406120,2024-06-12,0,SFN,HOU,5,3,SFO03,webbl001,valdf001
2024,SLN202406120,2024-06-12,0,SLN,PIT,4,2,STL10,grays001,faltb001
2024,TBA202406120,2024-06-12,0,TBA,CHN,3,4,STP01,civaa001,assaj001
2024,ARI202406130,2024-06-13,0,ARI,ANA,11,1,PHO01,pfaab001,canng001
2024,BAL202406130,2024-06-13,0,BAL,ATL,3,6,BAL12,irvic001,loper003
2024,BOS202406130,2024-06-13,0,BOS,PHI,9,3,BOS07,houct001,nolaa001
2024,DET202406130,2024-06-13,0,DET,WAS,7,2,DET05,mizec001,corbp001
2024,KCA202406130,2024-06-13,0,KCA,NYA,4,3,KAN06,marsa001,cortn001
2024,LAN202406130,2024-06-13,0,LAN,TEX,1,3,LOS03,grovm001,lorem002
2024,MIN202406130,2024-06-13,0,MIN,OAK,6,2,MIN04,ryanj002,medil002
2024,NYN202406130,2024-06-13,0,NYN,MIA,3,2,NYC20,sevel001,munor001
2024,SEA202406130,2024-06-13,0,SEA,CHA,2,3,SEA03,hance001,crocg001
2024,SLN202406130,2024-06-13,0,SLN,PIT,4,3,STL10,lynnl001,kellm003
2024,TBA202406130,2024-06-13,0,TBA,CHN,3,2,STP01,bradt002,steej002
2024,ARI202406140,2024-06-14,0,ARI,CHA,7,1,PHO01,nelsr003,flexc001
2024,ATL202406140,2024-06-14,0,ATL,TBA,7,3,ATL03,salec001,littz001
2024,BAL202406140,2024-06-14,0,BAL,PHI,3,5,BAL12,bradk001,suarr001
2024,BOS202406140,2024-06-14,0,BOS,NYA,1,8,BOS07,bellb002,gil-l001
2024,CHN202406140,2024-06-14,0,CHN,SLN,0,3,CHI11,wickj001,gibsk002
2024,COL202406140,2024-06-14,0,COL,PIT,2,5,DEN02,feltr001,mlodc001
2024,HOU202406140,2024-06-14,0,HOU,DET,4,0,HOU03,browh001,skubt001
2024,LAN202406140,2024-06-14,0,LAN,KCA,4,3,LOS03,stong001,ragac001
2024,MIL202406140,2024-06-14,0,MIL,CIN,5,6,MIL06,peraf001,greeh001
2024,MIN202406140,2024-06-14,0,MIN,OAK,6,5,MIN04,woods002,spenm001
2024,NYN202406140,2024-06-14,0,NYN,SDN,2,1,NYC20,manas001,waldm003
2024,SEA202406140,2024-06-14,0,SEA,TEX,3,2,SEA03,castl003,heana001
2024,SFN202406140,2024-06-14,0,SFN,ANA,6,8,SFO03,howas003,andet002
2024,TOR202406140,2024-06-14,0,TOR,CLE,1,3,TOR02,gausk001,allel003
2024,WAS202406140,2024-06-14,0,WAS,MIA,8,1,WAS11,gorem001,andes002
2024,ARI202406150,2024-06-15,0,ARI,CHA,2,9,PHO01,mcgos001,fedde001
2024,ATL202406150,2024-06-15,0,ATL,TBA,9,2,ATL03,mortc002,pepir001
2024,BAL202406150,2024-06-15,0,BAL,PHI,6,2,BAL12,rodrg003,walkt004
2024,BOS202406150,2024-06-15,0,BOS,NYA,8,4,BOS07,crisc002,rodoc001
2024,CHN202406150,2024-06-15,0,CHN,SLN,5,1,CHI11,imans001,palla001
2024,COL202406150,2024-06-15,0,COL,PIT,16,4,DEN02,blact002,jonej008
2024,HOU202406150,2024-06-15,0,HOU,DET,5,13,HOU03,arris001,flahj002
2024,LAN202406150,2024-06-15,0,LAN,KCA,2,7,LOS03,yamay001,lugos001
2024,MIL202406150,2024-06-15,0,MIL,CIN,3,1,MIL06,koenj001,abboa001
2024,NYN202406150,2024-06-15,0,NYN,SDN,5,1,NYC20,quinj001,mazua001
2024,SEA202406150,2024-06-15,0,SEA,TEX,7,5,SEA03,kirbg001,eovan001
2024,SFN202406150,2024-06-15,0,SFN,ANA,3,4,SFO03,winnk001,sandp002
2024,TOR202406150,2024-06-15,0,TOR,CLE,5,0,TOR02,richt001,carrc003
2024,WAS202406150,2024-06-15,0,WAS,MIA,4,0,WAS11,herzd001,roget003
2024,ARI202406160,2024-06-16,0,ARI,CHA,12,5,PHO01,montj004,thord001
2024,ATL202406160,2024-06-16,0,ATL,TBA,6,8,ATL03,waldh001,efliz001
2024,BAL202406160,2024-06-16,0,BAL,PHI,8,3,BAL12,burnc002,wheez001
2024,BOS202406160,2024-06-16,0,BOS,NYA,9,3,BOS07,crawk001,strom001
2024,CHN202406160,2024-06-16,0,CHN,SLN,1,2,CHI11,tailj001,mikom001
2024,COL202406160,2024-06-16,0,COL,PIT,2,8,DEN02,hudsd002,flemj001
2024,HOU202406160,2024-06-16,0,HOU,DET,4,1,HOU03,blanr001,maedk001
2024,LAN202406160,2024-06-16,0,LAN,KCA,3,0,LOS03,glast001,singb001
2024,MIL202406160,2024-06-16,0,MIL,CIN,5,4,MIL06,rea-c001,montf001
2024,MIN202406161,2024-06-16,1,MIN,OAK,6,2,MIN04,oberb002,searj001
2024,MIN202406162,2024-06-16,2,MIN,OAK,8,7,MIN04,paddc001,estej001
2024,NYN202406160,2024-06-16,0,NYN,SDN,11,6,NYC20,megit002,ceasd001
2024,SEA202406160,2024-06-16,0,SEA,TEX,5,0,SEA03,gilbl002,dunnd001
2024,SFN202406160,2024-06-16,0,SFN,ANA,13,6,SFO03,mille002,joycb001
2024,TOR202406160,2024-06-16,0,TOR,CLE,7,6,TOR02,berrj001,liveb001
2024,WAS202406160,2024-06-16,0,WAS,MIA,3,1,WAS11,parkm001,luzaj001
2024,ANA202406170,2024-06-17,0,ANA,MIL,5,3,ANA01,plesz001,rodrc003
2024,ATL202406170,2024-06-17,0,ATL,DET,2,1,ATL03,friem001,olsor001
2024,CHN202406170,2024-06-17,0,CHN,SFN,6,7,CHI11,assaj001,hickj002
2024,COL202406170,2024-06-17,0,COL,LAN,5,9,DEN02,quanc001,paxtj001
2024,MIA202406170,2024-06-17,0,MIA,SLN,6,7,MIA02,garrb001,grays001
2024,PHI202406170,2024-06-17,0,PHI,SDN,9,2,PHI13,sancc002,vasqr001
2024,PIT202406170,2024-06-17,0,PIT,CIN,4,1,PIT08,skenp001,spiec001
2024,TEX202406170,2024-06-17,0,TEX,NYN,2,14,ARL03,grayj003,peted003
2024,TOR202406170,2024-06-17,0,TOR,BOS,3,7,TOR02,kikuy001,piven001
2024,ANA202406180,2024-06-18,0,ANA,MIL,3,6,ANA01,canng001,myert001
2024,ATL202406180,2024-06-18,0,ATL,DET,2,1,ATL03,schws001,mizec001
2024,CHA202406180,2024-06-18,0,CHA,HOU,2,0,CHI12,cannj001,valdf001
2024,CHN202406180,2024-06-18,0,CHN,SFN,5,2,CHI11,steej002,webbl001
2024,CLE202406180,2024-06-18,0,CLE,SEA,5,8,CLE08,mcket001,millb004
2024,COL202406180,2024-06-18,0,COL,LAN,9,11,DEN02,gomba001,buehw001
2024,MIA202406180,2024-06-18,0,MIA,SLN,9,8,MIA02,munor001,lynnl001
2024,MIN202406180,2024-06-18,0,MIN,TBA,7,6,MIN04,lopep002,civaa001
2024,NYA202406180,2024-06-18,0,NYA,BAL,4,2,NYC21,cortn001,suara001
2024,OAK202406180,2024-06-18,0,OAK,KCA,7,5,OAK01,harrh002,marsa001
2024,PHI202406180,2024-06-18,0,PHI,SDN,4,3,PHI13,nolaa001,kingm002
2024,PIT202406180,2024-06-18,0,PIT,CIN,1,2,PIT08,faltb001,lodon001
2024,TEX202406180,2024-06-18,0,TEX,NYN,6,7,ARL03,lorem002,sevel001
2024,TOR202406180,2024-06-18,0,TOR,BOS,3,4,TOR02,bassc001,houct001
2024,WAS202406180,2024-06-18,0,WAS,ARI,0,5,WAS11,irvij001,ceccs001
2024,ANA202406190,2024-06-19,0,ANA,MIL,0,2,ANA01,andet002,peraf001
2024,ATL202406190,2024-06-19,0,ATL,DET,7,0,ATL03,loper003,skubt001
2024,CHA202406190,2024-06-19,0,CHA,HOU,1,4,CHI12,crocg001,browh001
2024,CHN202406190,2024-06-19,0,CHN,SFN,6,5,CHI11,hendk001,mille002
2024,CLE202406190,2024-06-19,0,CLE,SEA,8,0,CLE08,bibet001,woo-b001
2024,COL202406190,2024-06-19,0,COL,LAN,7,6,DEN02,feltr001,millb005
2024,MIA202406190,2024-06-19,0,MIA,SLN,4,3,MIA02,chiry001,libem001
2024,MIN202406190,2024-06-19,0,MIN,TBA,2,3,MIN04,ryanj002,bradt002
2024,NYA202406190,2024-06-19,0,NYA,BAL,6,7,NYC21,coleg001,povic001
2024,OAK202406190,2024-06-19,0,OAK,KCA,5,1,OAK01,medil002,ragac001
2024,PHI202406190,2024-06-19,0,PHI,SDN,2,5,PHI13,suarr001,waldm003
2024,PIT202406190,2024-06-19,0,PIT,CIN,1,0,PIT08,kellm003,greeh001
2024,TEX202406190,2024-06-19,0,TEX,NYN,5,3,ARL03,heana001,manas001
2024,TOR202406190,2024-06-19,0,TOR,BOS,3,7,TOR02,gausk001,bellb002
2024,WAS202406190,2024-06-19,0,WAS,ARI,3,1,WAS11,corbp001,pfaab001
2024,CHA202406200,2024-06-20,0,CHA,HOU,3,5,CHI12,flexc001,arris001
2024,CLE202406200,2024-06-20,0,CLE,SEA,6,3,CLE08,allel003,castl003
2024,COL202406200,2024-06-20,0,COL,LAN,3,5,DEN02,blact002,stong001
2024,MIN202406200,2024-06-20,0,MIN,TBA,6,7,MIN04,woods002,littz001
2024,NYA202406200,2024-06-20,0,NYA,BAL,5,17,NYC21,gil-l001,irvic001
2024,OAK202406200,2024-06-20,0,OAK,KCA,2,3,OAK01,spenm001,lugos001
2024,SDN202406200,2024-06-20,0,SDN,MIL,7,6,SAN02,mazua001,wilsb003
2024,SLN202406200,2024-06-20,0,SLN,SFN,6,5,BIR01,palla001,winnk001
2024,WAS202406200,2024-06-20,0,WAS,ARI,2,5,WAS11,gorem001,nelsr003
2024,CHN202406210,2024-06-21,0,CHN,NYN,1,11,CHI11,imans001,quinj001
2024,CIN202406210,2024-06-21,0,CIN,BOS,5,2,CIN09,abboa001,crawk001
2024,CLE202406210,2024-06-21,0,CLE,TOR,7,1,CLE08,carrc003,rodry003
2024,COL202406210,2024-06-21,0,COL,WAS,5,11,DEN02,hudsd002,herzd001
2024,DET202406210,2024-06-21,0,DET,CHA,2,1,DET05,flahj002,fedde001
2024,HOU202406210,2024-06-21,0,HOU,BAL,14,11,HOU03,blosj001,rodrg003
2024,LAN202406210,2024-06-21,0,LAN,ANA,2,3,LOS03,knacl001,sandp002
2024,MIA202406210,2024-06-21,0,MIA,SEA,3,2,MIA02,roget003,kirbg001
2024,NYA202406210,2024-06-21,0,NYA,ATL,1,8,NYC21,rodoc001,salec001
2024,OAK202406210,2024-06-21,0,OAK,MIN,6,5,OAK01,estej001,paddc001
2024,PHI202406210,2024-06-21,0,PHI,ARI,4,5,PHI13,walkt004,montj004
2024,PIT202406210,2024-06-21,0,PIT,TBA,3,10,PIT08,mlodc001,pepir001
2024,SDN202406210,2024-06-21,0,SDN,MIL,9,5,SAN02,ceasd001,rea-c001
2024,TEX202406210,2024-06-21,0,TEX,KCA,6,2,ARL03,eovan001,singb001
2024,CHN202406220,2024-06-22,0,CHN,NYN,8,1,CHI11,tailj001,megit002
2024,CIN202406220,2024-06-22,0,CIN,BOS,3,4,CIN09,montf001,piven001
2024,CLE202406220,2024-06-22,0,CLE,TOR,6,3,CLE08,liveb001,berrj001
2024,COL202406220,2024-06-22,0,COL,WAS,8,7,DEN02,quanc001,parkm001
2024,DET202406220,2024-06-22,0,DET,CHA,1,5,DET05,maedk001,thord001
2024,HOU202406220,2024-06-22,0,HOU,BAL,5,1,HOU03,blanr001,burnc002
2024,LAN202406220,2024-06-22,0,LAN,ANA,7,2,LOS03,glast001,plesz001
2024,MIA202406220,2024-06-22,0,MIA,SEA,0,9,MIA02,andes002,gilbl002
2024,NYA202406220,2024-06-22,0,NYA,ATL,8,3,NYC21,strom001,mortc002
2024,OAK202406220,2024-06-22,0,OAK,MIN,2,10,OAK01,searj001,oberb002
2024,PHI202406220,2024-06-22,0,PHI,ARI,12,1,PHI13,wheez001,henrt001
2024,PIT202406220,2024-06-22,0,PIT,TBA,4,3,PIT08,jonej008,efliz001
2024,SDN202406220,2024-06-22,0,SDN,MIL,6,4,SAN02,vasqr001,rodrc003
2024,SLN202406220,2024-06-22,0,SLN,SFN,9,4,STL10,mikom001,hickj002
2024,TEX202406220,2024-06-22,0,TEX,KCA,6,0,ARL03,grayj003,wachm001
2024,CHN202406230,2024-06-23,0,CHN,NYN,2,5,CHI11,assaj001,sevel001
2024,CIN202406230,2024-06-23,0,CIN,BOS,4,7,CIN09,lodon001,kellz001
2024,CLE202406230,2024-06-23,0,CLE,TOR,6,5,CLE08,mcket001,kikuy001
2024,COL202406230,2024-06-23,0,COL,WAS,1,2,DEN02,freek001,irvij001
2024,DET202406230,2024-06-23,0,DET,CHA,11,2,DET05,olsor001,cannj001
2024,HOU202406230,2024-06-23,0,HOU,BAL,8,1,HOU03,valdf001,suara001
2024,MIA202406230,2024-06-23,0,MIA,SEA,6,4,MIA02,tylek001,millb004
2024,NYA202406230,2024-06-23,0,NYA,ATL,1,3,NYC21,cortn001,friem001
2024,OAK202406230,2024-06-23,0,OAK,MIN,0,3,OAK01,harrh002,lopep002
2024,PHI202406230,2024-06-23,0,PHI,ARI,4,1,PHI13,sancc002,ceccs001
2024,PIT202406230,2024-06-23,0,PIT,TBA,1,3,PIT08,skenp001,civaa001
2024,SDN202406230,2024-06-23,0,SDN,MIL,2,6,SAN02,kingm002,myert001
2024,SLN202406230,2024-06-23,0,SLN,SFN,5,3,STL10,grays001,webbl001
2024,TEX202406230,2024-06-23,0,TEX,KCA,4,0,ARL03,schem001,marsa001
2024,ANA202406240,2024-06-24,0,ANA,OAK,5,1,ANA01,canng001,medil002
2024,BAL202406240,2024-06-24,0,BAL,CLE,2,3,BAL12,povic001,bibet001
2024,BOS202406240,2024-06-24,0,BOS,TOR,7,6,BOS07,houct001,bassc001
2024,CHA202406240,2024-06-24,0,CHA,LAN,0,3,CHI12,crocg001,paxtj001
2024,CIN202406240,2024-06-24,0,CIN,PIT,11,5,CIN09,spiec001,faltb001
2024,DET202406240,2024-06-24,0,DET,PHI,1,8,DET05,mizec001,nolaa001
2024,KCA202406240,2024-06-24,0,KCA,MIA,4,1,KAN06,ragac001,munor001
2024,MIL202406240,2024-06-24,0,MIL,TEX,6,3,MIL06,peraf001,lorem002
2024,SDN202406240,2024-06-24,0,SDN,WAS,7,6,SAN02,waldm003,corbp001
2024,SFN202406240,2024-06-24,0,SFN,CHN,5,4,SFO03,mille002,steej002
2024,SLN202406240,2024-06-24,0,SLN,ATL,4,3,STL10,lynnl001,schws001
2024,TBA202406240,2024-06-24,0,TBA,SEA,4,3,STP01,bradt002,woo-b001
2024,ANA202406250,2024-06-25,0,ANA,OAK,7,5,ANA01,andet002,spenm001
2024,ARI202406250,2024-06-25,0,ARI,MIN,5,4,PHO01,pfaab001,ryanj002
2024,BAL202406250,2024-06-25,0,BAL,CLE,8,10,BAL12,irvic001,allel003
2024,BOS202406250,2024-06-25,0,BOS,TOR,4,9,BOS07,bellb002,gausk001
2024,CHA202406250,2024-06-25,0,CHA,LAN,3,4,CHI12,flexc001,millb005
2024,CIN202406250,2024-06-25,0,CIN,PIT,5,9,CIN09,greeh001,kellm003
2024,DET202406250,2024-06-25,0,DET,PHI,4,1,DET05,skubt001,suarr001
2024,HOU202406250,2024-06-25,0,HOU,COL,5,2,HOU03,browh001,gomba001
2024,KCA202406250,2024-06-25,0,KCA,MIA,1,2,KAN06,lugos001,chiry001
2024,MIL202406250,2024-06-25,0,MIL,TEX,3,1,MIL06,milnh001,heana001
2024,NYN202406250,2024-06-25,0,NYN,NYA,9,7,NYC20,peted003,coleg001
2024,SDN202406250,2024-06-25,0,SDN,WAS,9,7,SAN02,mazua001,gorem001
2024,SFN202406250,2024-06-25,0,SFN,CHN,5,1,SFO03,rodrr010,hendk001
2024,TBA202406250,2024-06-25,0,TBA,SEA,11,3,STP01,littz001,castl003
2024,ANA202406260,2024-06-26,0,ANA,OAK,5,2,ANA01,contr001,estej001
2024,ARI202406260,2024-06-26,0,ARI,MIN,3,8,PHO01,nelsr003,woods002
2024,BAL202406260,2024-06-26,0,BAL,CLE,4,2,BAL12,rodrg003,carrc003
2024,BOS202406260,2024-06-26,0,BOS,TOR,1,4,BOS07,crawk001,rodry003
2024,CHA202406260,2024-06-26,0,CHA,LAN,0,4,CHI12,fedde001,stong001
2024,CIN202406260,2024-06-26,0,CIN,PIT,1,6,CIN09,ashcg001,ortil003
2024,DET202406260,2024-06-26,0,DET,PHI,2,6,DET05,holtt002,turns003
2024,HOU202406260,2024-06-26,0,HOU,COL,7,1,HOU03,arris001,feltr001
2024,KCA202406260,2024-06-26,0,KCA,MIA,5,1,KAN06,singb001,bellv001
2024,MIL202406260,2024-06-26,0,MIL,TEX,6,5,MIL06,keucd001,eovan001
2024,NYN202406260,2024-06-26,0,NYN,NYA,12,2,NYC20,manas001,gil-l001
2024,SDN202406260,2024-06-26,0,SDN,WAS,8,5,SAN02,ceasd001,herzd001
2024,SFN202406260,2024-06-26,0,SFN,CHN,4,3,SFO03,birdh001,wesnh001
2024,SLN202406261,2024-06-26,1,SLN,ATL,2,6,STL10,gibsk002,loper003
2024,SLN202406262,2024-06-26,2,SLN,ATL,4,1,STL10,libem001,eldeb001
2024,TBA202406260,2024-06-26,0,TBA,SEA,2,5,STP01,pepir001,kirbg001
2024,ANA202406270,2024-06-27,0,ANA,DET,5,0,ANA01,danid001,flahj002
2024,ARI202406270,2024-06-27,0,ARI,MIN,6,13,PHO01,montj004,festd001
2024,BAL202406270,2024-06-27,0,BAL,TEX,11,2,BAL12,burnc002,grayj003
2024,CHA202406270,2024-06-27,0,CHA,ATL,1,0,CHI12,kuhlc001,salec001
2024,KCA202406270,2024-06-27,0,KCA,CLE,2,1,KAN06,wachm001,liveb001
2024,PHI202406270,2024-06-27,0,PHI,MIA,4,7,PHI13,wheez001,roget003
2024,SFN202406270,2024-06-27,0,SFN,CHN,3,5,SFO03,hickj002,imans001
2024,SLN202406270,2024-06-27,0,SLN,CIN,4,11,STL10,mikom001,abboa001
2024,TOR202406270,2024-06-27,0,TOR,NYA,9,2,TOR02,berrj001,rodoc001
2024,ANA202406280,2024-06-28,0,ANA,DET,5,2,ANA01,plesz001,maedk001
2024,ARI202406280,2024-06-28,0,ARI,OAK,4,9,PHO01,ceccs001,searj001
2024,ATL202406280,2024-06-28,0,ATL,PIT,6,1,ATL03,mortc002,perem004
2024,BAL202406280,2024-06-28,0,BAL,TEX,2,1,BAL12,suara001,schem001
2024,BOS202406280,2024-06-28,0,BOS,SDN,2,9,BOS07,piven001,vasqr001
2024,CHA202406280,2024-06-28,0,CHA,COL,5,3,CHI12,thord001,hudsd002
2024,KCA202406280,2024-06-28,0,KCA,CLE,10,3,KAN06,marsa001,mcket001
2024,MIL202406280,2024-06-28,0,MIL,CHN,4,2,MIL06,rea-c001,tailj001
2024,NYN202406280,2024-06-28,0,NYN,HOU,7,2,NYC20,quinj001,blanr001
2024,PHI202406280,2024-06-28,0,PHI,MIA,2,0,PHI13,sancc002,tylek001
2024,SEA202406280,2024-06-28,0,SEA,MIN,3,2,SEA03,gilbl002,oberb002
2024,SFN202406280,2024-06-28,0,SFN,LAN,5,3,SFO03,webbl001,knacl001
2024,SLN202406280,2024-06-28,0,SLN,CIN,1,0,STL10,palla001,montf001
2024,TBA202406280,2024-06-28,0,TBA,WAS,3,1,STP01,efliz001,parkm001
2024,TOR202406280,2024-06-28,0,TOR,NYA,5,16,TOR02,kikuy001,strom001
2024,ANA202406290,2024-06-29,0,ANA,DET,6,5,ANA01,canng001,olsor001
2024,ARI202406290,2024-06-29,0,ARI,OAK,3,0,PHO01,gallz001,harrh002
2024,ATL202406290,2024-06-29,0,ATL,PIT,2,1,ATL03,friem001,skenp001
2024,BAL202406290,2024-06-29,0,BAL,TEX,6,5,BAL12,povic001,lorem002
2024,BOS202406290,2024-06-29,0,BOS,SDN,1,11,BOS07,houct001,kingm002
2024,CHA202406290,2024-06-29,0,CHA,COL,11,3,CHI12,cannj001,quanc001
2024,KCA202406290,2024-06-29,0,KCA,CLE,2,7,KAN06,ragac001,bibet001
2024,MIL202406290,2024-06-29,0,MIL,CHN,3,5,MIL06,myert001,steej002
2024,NYN202406290,2024-06-29,0,NYN,HOU,6,9,NYC20,megit002,valdf001
2024,PHI202406290,2024-06-29,0,PHI,MIA,2,3,PHI13,nolaa001,munor001
2024,SEA202406290,2024-06-29,0,SEA,MIN,1,5,SEA03,millb004,lopep002
2024,SFN202406290,2024-06-29,0,SFN,LAN,7,14,SFO03,mille002,glast001
2024,SLN202406290,2024-06-29,0,SLN,CIN,4,9,STL10,grays001,spiec001
2024,TBA202406290,2024-06-29,0,TBA,WAS,1,8,STP01,civaa001,irvij001
2024,TOR202406290,2024-06-29,0,TOR,NYA,9,3,TOR02,bassc001,cortn001
2024,ANA202406300,2024-06-30,0,ANA,DET,6,7,ANA01,andet002,mizec001
2024,ARI202406300,2024-06-30,0,ARI,OAK,5,1,PHO01,pfaab001,medil002
2024,ATL202406300,2024-06-30,0,ATL,PIT,2,4,ATL03,schws001,faltb001
2024,BAL202406300,2024-06-30,0,BAL,TEX,2,11,BAL12,irvic001,heana001
2024,BOS202406300,2024-06-30,0,BOS,SDN,4,1,BOS07,wincj001,waldm003
2024,CHA202406300,2024-06-30,0,CHA,COL,4,5,CHI12,crocg001,freek001
2024,KCA202406300,2024-06-30,0,KCA,CLE,6,2,KAN06,lugos001,allel003
2024,MIL202406300,2024-06-30,0,MIL,CHN,7,1,MIL06,peraf001,hendk001
2024,NYN202406300,2024-06-30,0,NYN,HOU,5,10,NYC20,sevel001,dubis001
2024,PHI202406300,2024-06-30,0,PHI,MIA,7,6,PHI13,suarr001,chiry001
2024,SEA202406300,2024-06-30,0,SEA,MIN,3,5,SEA03,castl003,ryanj002
2024,SFN202406300,2024-06-30,0,SFN,LAN,10,4,SFO03,bives001,paxtj001
2024,SLN202406300,2024-06-30,0,SLN,CIN,2,0,STL10,lynnl001,greeh001
2024,TBA202406300,2024-06-30,0,TBA,WAS,5,0,STP01,bradt002,corbp001
2024,TOR202406300,2024-06-30,0,TOR,NYA,1,8,TOR02,gausk001,coleg001
2024,COL202407010,2024-07-01,0,COL,MIL,8,7,DEN02,gomba001,zastr001
2024,TOR202407010,2024-07-01,0,TOR,HOU,1,3,TOR02,rodry003,browh001
2024,WAS202407010,2024-07-01,0,WAS,NYN,7,9,WAS11,gorem001,peted003
2024,ATL202407020,2024-07-02,0,ATL,SFN,3,5,ATL03,loper003,birdh001
2024,CHN202407020,2024-07-02,0,CHN,PHI,4,6,CHI11,wesnh001,mercm002
2024,CLE202407020,2024-07-02,0,CLE,CHA,7,6,CLE08,carrc003,flexc001
2024,COL202407020,2024-07-02,0,COL,MIL,3,4,DEN02,feltr001,keucd001
2024,KCA202407020,2024-07-02,0,KCA,TBA,1,5,KAN06,singb001,littz001
2024,LAN202407020,2024-07-02,0,LAN,ARI,6,5,LOS03,millb005,mantj002
2024,MIA202407020,2024-07-02,0,MIA,BOS,3,8,MIA02,bellv001,crawk001
2024,MIN202407020,2024-07-02,0,MIN,DET,5,3,MIN04,woods002,skubt001
2024,NYA202407020,2024-07-02,0,NYA,CIN,4,5,NYC21,gil-l001,ashcg001
2024,OAK202407020,2024-07-02,0,OAK,ANA,7,5,OAK01,spenm001,sorij002
2024,PIT202407020,2024-07-02,0,PIT,SLN,4,7,PIT08,kellm003,gibsk002
2024,SEA202407020,2024-07-02,0,SEA,BAL,0,2,SEA03,kirbg001,rodrg003
2024,TEX202407020,2024-07-02,0,TEX,SDN,7,0,ARL03,eovan001,ceasd001
2024,TOR202407020,2024-07-02,0,TOR,HOU,7,6,TOR02,berrj001,arris001
2024,WAS202407020,2024-07-02,0,WAS,NYN,2,7,WAS11,herzd001,manas001
2024,ATL202407030,2024-07-03,0,ATL,SFN,3,1,ATL03,salec001,hickj002
2024,CHN202407030,2024-07-03,0,CHN,PHI,3,5,CHI11,imans001,wheez001
2024,CLE202407030,2024-07-03,0,CLE,CHA,2,8,CLE08,willg004,fedde001
2024,COL202407030,2024-07-03,0,COL,MIL,0,3,DEN02,hudsd002,rea-c001
2024,KCA202407030,2024-07-03,0,KCA,TBA,4,2,KAN06,wachm001,pepir001
2024,LAN202407030,2024-07-03,0,LAN,ARI,4,12,LOS03,stong001,menac001
2024,MIA202407030,2024-07-03,0,MIA,BOS,2,7,MIA02,roget003,bellb002
2024,MIN202407030,2024-07-03,0,MIN,DET,2,9,MIN04,festd001,montk001
2024,NYA202407030,2024-07-03,0,NYA,CIN,2,3,NYC21,rodoc001,abboa001
2024,OAK202407030,2024-07-03,0,OAK,ANA,5,0,OAK01,estej001,danid001
2024,PIT202407030,2024-07-03,0,PIT,SLN,5,4,PIT08,jonej008,mikom001
2024,SEA202407030,2024-07-03,0,SEA,BAL,1,4,SEA03,gilbl002,kremd001
2024,TEX202407030,2024-07-03,0,TEX,SDN,4,6,ARL03,grayj003,mazua001
2024,TOR202407030,2024-07-03,0,TOR,HOU,2,9,TOR02,kikuy001,blanr001
2024,WAS202407030,2024-07-03,0,WAS,NYN,7,5,WAS11,parkm001,scotc001
2024,ATL202407040,2024-07-04,0,ATL,SFN,2,4,ATL03,mortc002,webbl001
2024,CHN202407040,2024-07-04,0,CHN,PHI,10,2,CHI11,tailj001,sancc002
2024,CLE202407040,2024-07-04,0,CLE,CHA,8,4,CLE08,liveb001,shusj001
2024,COL202407040,2024-07-04,0,COL,MIL,4,3,DEN02,quanc001,myert001
2024,KCA202407040,2024-07-04,0,KCA,TBA,8,10,KAN06,marsa001,efliz001
2024,LAN202407040,2024-07-04,0,LAN,ARI,3,9,LOS03,knacl001,gallz001
2024,MIA202407040,2024-07-04,0,MIA,BOS,5,6,MIA02,tylek001,piven001
2024,MIN202407040,2024-07-04,0,MIN,DET,12,3,MIN04,oberb002,maedk001
2024,NYA202407040,2024-07-04,0,NYA,CIN,4,8,NYC21,strom001,montf001
2024,OAK202407040,2024-07-04,0,OAK,ANA,5,0,OAK01,searj001,contr001
2024,PIT202407040,2024-07-04,0,PIT,SLN,2,3,PIT08,perem004,palla001
2024,SEA202407040,2024-07-04,0,SEA,BAL,7,3,SEA03,millb004,burnc002
2024,TEX202407040,2024-07-04,0,TEX,SDN,1,3,ARL03,schem001,kingm002
2024,TOR202407040,2024-07-04,0,TOR,HOU,3,5,TOR02,bassc001,valdf001
2024,WAS202407040,2024-07-04,0,WAS,NYN,1,0,WAS11,irvij001,quinj001
2024,ATL202407050,2024-07-05,0,ATL,PHI,6,8,ATL03,friem001,nolaa001
2024,CHN202407050,2024-07-05,0,CHN,ANA,5,1,CHI11,steej002,canng001
2024,CIN202407050,2024-07-05,0,CIN,DET,4,5,CIN09,spiec001,olsor001
2024,CLE202407050,2024-07-05,0,CLE,SFN,2,4,CLE08,bibet001,mille002
2024,COL202407050,2024-07-05,0,COL,KCA,4,2,DEN02,freek001,ragac001
2024,LAN202407050,2024-07-05,0,LAN,MIL,8,5,LOS03,glast001,civaa001
2024,MIA202407050,2024-07-05,0,MIA,CHA,2,3,MIA02,hoeib001,thord001
2024,MIN202407050,2024-07-05,0,MIN,HOU,12,13,MIN04,lopep002,dubis001
2024,NYA202407050,2024-07-05,0,NYA,BOS,3,5,NYC21,cortn001,houct001
2024,OAK202407050,2024-07-05,0,OAK,BAL,2,3,OAK01,harrh002,suara001
2024,PIT202407050,2024-07-05,0,PIT,NYN,14,2,PIT08,skenp001,sevel001
2024,SDN202407050,2024-07-05,0,SDN,ARI,10,8,SAN02,vasqr001,ceccs001
2024,SEA202407050,2024-07-05,0,SEA,TOR,2,1,SEA03,castl003,gausk001
2024,TEX202407050,2024-07-05,0,TEX,TBA,3,0,ARL03,lorem002,baz-s001
2024,WAS202407050,2024-07-05,0,WAS,SLN,6,7,WAS11,corbp001,grays001
2024,ATL202407060,2024-07-06,0,ATL,PHI,5,1,ATL03,schws001,suarr001
2024,CHN202407060,2024-07-06,0,CHN,ANA,0,7,CHI11,hendk001,andet002
2024,CIN202407060,2024-07-06,0,CIN,DET,3,5,CIN09,greeh001,faeda001
2024,CLE202407060,2024-07-06,0,CLE,SFN,5,4,CLE08,allel003,harrk001
2024,COL202407060,2024-07-06,0,COL,KCA,3,1,DEN02,gomba001,lugos001
2024,LAN202407060,2024-07-06,0,LAN,MIL,5,3,LOS03,paxtj001,peraf001
2024,MIA202407060,2024-07-06,0,MIA,CHA,4,3,MIA02,chiry001,crocg001
2024,MIN202407060,2024-07-06,0,MIN,HOU,9,3,MIN04,ryanj002,browh001
2024,NYA202407060,2024-07-06,0,NYA,BOS,14,4,NYC21,coleg001,wincj001
2024,OAK202407060,2024-07-06,0,OAK,BAL,19,8,OAK01,medil002,povic001
2024,PIT202407060,2024-07-06,0,PIT,NYN,2,5,PIT08,faltb001,peted003
2024,SDN202407060,2024-07-06,0,SDN,ARI,5,7,SAN02,waldm003,pfaab001
2024,SEA202407060,2024-07-06,0,SEA,TOR,4,5,SEA03,hance001,rodry003
2024,TEX202407060,2024-07-06,0,TEX,TBA,4,3,ARL03,heana001,bradt002
2024,WAS202407060,2024-07-06,0,WAS,SLN,14,6,WAS11,gorem001,lynnl001
2024,ATL202407070,2024-07-07,0,ATL,PHI,6,0,ATL03,loper003,mercm002
2024,CHN202407070,2024-07-07,0,CHN,ANA,5,0,CHI11,wesnh001,sorij002
2024,CIN202407070,2024-07-07,0,CIN,DET,1,5,CIN09,ashcg001,skubt001
2024,CLE202407070,2024-07-07,0,CLE,SFN,5,4,CLE08,carrc003,birdh001
2024,COL202407070,2024-07-07,0,COL,KCA,1,10,DEN02,gordt002,singb001
2024,LAN202407070,2024-07-07,0,LAN,MIL,2,9,LOS03,wrobj001,keucd001
2024,MIA202407070,2024-07-07,0,MIA,CHA,7,4,MIA02,cabre003,cannj001
2024,MIN202407070,2024-07-07,0,MIN,HOU,3,2,MIN04,woods002,arris001
2024,NYA202407070,2024-07-07,0,NYA,BOS,0,3,NYC21,gil-l001,crawk001
2024,OAK202407070,2024-07-07,0,OAK,BAL,3,6,OAK01,spenm001,rodrg003
2024,PIT202407070,2024-07-07,0,PIT,NYN,2,3,PIT08,ortil003,manas001
2024,SDN202407070,2024-07-07,0,SDN,ARI,1,9,SAN02,ceasd001,nelsr003
2024,SEA202407070,2024-07-07,0,SEA,TOR,4,5,SEA03,kirbg001,berrj001
2024,TEX202407070,2024-07-07,0,TEX,TBA,13,2,ARL03,eovan001,littz001
2024,WAS202407070,2024-07-07,0,WAS,SLN,3,8,WAS11,herzd001,gibsk002
2024,ANA202407080,2024-07-08,0,ANA,TEX,4,9,ANA01,danid001,grayj003
2024,ARI202407080,2024-07-08,0,ARI,ATL,4,5,PHO01,diazy005,eldeb001
2024,CHA202407080,2024-07-08,0,CHA,MIN,6,8,CHI12,flexc001,paddc001
2024,CIN202407080,2024-07-08,0,CIN,COL,6,0,CIN09,abboa001,feltr001
2024,DET202407080,2024-07-08,0,DET,CLE,1,0,DET05,montk001,willg004
2024,PIT202407080,2024-07-08,0,PIT,NYN,8,2,PIT08,kellm003,scotc001
2024,WAS202407080,2024-07-08,0,WAS,SLN,0,6,WAS11,parkm001,mikom001
2024,ANA202407090,2024-07-09,0,ANA,TEX,4,5,ANA01,contr001,schem001
2024,ARI202407090,2024-07-09,0,ARI,ATL,2,6,PHO01,gallz001,salec001
2024,BAL202407090,2024-07-09,0,BAL,CHN,2,9,BAL12,kremd001,tailj001
2024,BOS202407090,2024-07-09,0,BOS,OAK,12,9,BOS07,bellb002,estej001
2024,CIN202407090,2024-07-09,0,CIN,COL,12,6,CIN09,lodon001,quanc001
2024,DET202407090,2024-07-09,0,DET,CLE,8,9,DET05,maedk001,liveb001
2024,HOU202407090,2024-07-09,0,HOU,MIA,4,3,HOU03,blanr001,roget003
2024,MIL202407090,2024-07-09,0,MIL,PIT,2,12,MIL06,rea-c001,flemj001
2024,NYN202407090,2024-07-09,0,NYN,WAS,7,5,NYC20,quinj001,irvij001
2024,PHI202407090,2024-07-09,0,PHI,LAN,10,1,PHI13,wheez001,millb005
2024,SDN202407090,2024-07-09,0,SDN,SEA,3,8,SAN02,mazua001,gilbl002
2024,SFN202407090,2024-07-09,0,SFN,TOR,4,3,SFO03,snelb001,kikuy001
2024,TBA202407090,2024-07-09,0,TBA,NYA,5,3,STP01,pepir001,rodoc001
2024,ANA202407100,2024-07-10,0,ANA,TEX,7,2,ANA01,canng001,lorem002
2024,ARI202407100,2024-07-10,0,ARI,ATL,7,5,PHO01,ceccs001,mortc002
2024,BAL202407100,2024-07-10,0,BAL,CHN,0,4,BAL12,burnc002,imans001
2024,BOS202407100,2024-07-10,0,BOS,OAK,2,5,BOS07,piven001,searj001
2024,CHA202407101,2024-07-10,1,CHA,MIN,3,1,CHI12,fedde001,oberb002
2024,CHA202407102,2024-07-10,2,CHA,MIN,2,3,CHI12,thord001,lopep002
2024,CIN202407100,2024-07-10,0,CIN,COL,5,6,CIN09,montf001,freek001
2024,DET202407100,2024-07-10,0,DET,CLE,5,4,DET05,olsor001,bibet001
2024,HOU202407100,2024-07-10,0,HOU,MIA,9,1,HOU03,valdf001,hoeib001
2024,MIL202407100,2024-07-10,0,MIL,PIT,9,0,MIL06,myert001,perem004
2024,NYN202407100,2024-07-10,0,NYN,WAS,6,2,NYC20,sevel001,corbp001
2024,PHI202407100,2024-07-10,0,PHI,LAN,4,3,PHI13,sancc002,stong001
2024,SDN202407100,2024-07-10,0,SDN,SEA,0,2,SAN02,kingm002,millb004
2024,SFN202407100,2024-07-10,0,SFN,TOR,6,10,SFO03,webbl001,bassc001
2024,SLN202407101,2024-07-10,1,SLN,KCA,4,6,STL10,palla001,marsa001
2024,SLN202407102,2024-07-10,2,SLN,KCA,5,8,STL10,gracg001,wachm001
2024,TBA202407100,2024-07-10,0,TBA,NYA,1,2,STP01,efliz001,strom001
2024,ANA202407110,2024-07-11,0,ANA,SEA,0,11,ANA01,kochj001,castl003
2024,ARI202407110,2024-07-11,0,ARI,ATL,1,0,PHO01,pfaab001,friem001
2024,BAL202407110,2024-07-11,0,BAL,CHN,0,8,BAL12,suara001,steej002
2024,BOS202407110,2024-07-11,0,BOS,OAK,7,0,BOS07,houct001,medil002
2024,CIN202407110,2024-07-11,0,CIN,COL,8,1,CIN09,greeh001,gomba001
2024,DET202407110,2024-07-11,0,DET,CLE,10,1,DET05,flahj002,howas003
2024,HOU202407110,2024-07-11,0,HOU,MIA,6,3,HOU03,blosj001,munor001
2024,MIL202407110,2024-07-11,0,MIL,PIT,0,1,MIL06,civaa001,skenp001
2024,NYN202407110,2024-07-11,0,NYN,WAS,7,0,NYC20,peted003,gorem001
2024,PHI202407110,2024-07-11,0,PHI,LAN,5,1,PHI13,nolaa001,banda001
2024,SFN202407110,2024-07-11,0,SFN,TOR,3,5,SFO03,hickj002,gausk001
2024,TBA202407110,2024-07-11,0,TBA,NYA,5,4,STP01,baz-s001,cortn001
2024,ANA202407120,2024-07-12,0,ANA,SEA,6,5,ANA01,andet002,woo-b001
2024,ARI202407120,2024-07-12,0,ARI,TOR,5,4,PHO01,nelsr003,rodry003
2024,BAL202407120,2024-07-12,0,BAL,NYA,1,4,BAL12,povic001,coleg001
2024,BOS202407120,2024-07-12,0,BOS,KCA,1,6,BOS07,crisc002,ragac001
2024,CHA202407120,2024-07-12,0,CHA,PIT,1,4,CHI12,crocg001,gonzm005
2024,CIN202407120,2024-07-12,0,CIN,MIA,7,4,CIN09,spiec001,chiry001
2024,DET202407120,2024-07-12,0,DET,LAN,3,4,DET05,skubt001,paxtj001
2024,HOU202407120,2024-07-12,0,HOU,TEX,6,3,HOU03,browh001,heana001
2024,MIL202407120,2024-07-12,0,MIL,WAS,2,5,MIL06,peraf001,rutlj002
2024,NYN202407120,2024-07-12,0,NYN,COL,7,6,NYC20,manas001,gordt002
2024,PHI202407120,2024-07-12,0,PHI,OAK,2,6,PHI13,suarr001,harrh002
2024,SDN202407120,2024-07-12,0,SDN,ATL,1,6,SAN02,waldm003,schws001
2024,SFN202407120,2024-07-12,0,SFN,MIN,7,1,SFO03,harrk001,ryanj002
2024,SLN202407120,2024-07-12,0,SLN,CHN,1,5,STL10,grays001,hendk001
2024,TBA202407120,2024-07-12,0,TBA,CLE,2,0,STP01,bradt002,carrc003
2024,ANA202407130,2024-07-13,0,ANA,SEA,2,1,ANA01,sorij002,kirbg001
2024,ARI202407130,2024-07-13,0,ARI,TOR,12,1,PHO01,diazy005,berrj001
2024,BAL202407130,2024-07-13,0,BAL,NYA,1,6,BAL12,rodrg003,gil-l001
2024,BOS202407130,2024-07-13,0,BOS,KCA,5,0,BOS07,crawk001,lugos001
2024,CHA202407130,2024-07-13,0,CHA,PIT,2,6,CHI12,flexc001,ortil003
2024,CIN202407130,2024-07-13,0,CIN,MIA,10,6,CIN09,abboa001,cabre003
2024,DET202407130,2024-07-13,0,DET,LAN,11,9,DET05,montk001,wrobj001
2024,HOU202407130,2024-07-13,0,HOU,TEX,1,2,HOU03,arris001,eovan001
2024,MIL202407130,2024-07-13,0,MIL,WAS,5,6,MIL06,keucd001,parkm001
2024,NYN202407130,2024-07-13,0,NYN,COL,7,3,NYC20,scotc001,feltr001
2024,PHI202407130,2024-07-13,0,PHI,OAK,11,5,PHI13,philt002,spenm001
2024,SDN202407130,2024-07-13,0,SDN,ATL,4,0,SAN02,ceasd001,loper003
2024,SFN202407130,2024-07-13,0,SFN,MIN,2,4,SFO03,birdh001,woods002
2024,SLN202407131,2024-07-13,1,SLN,CHN,11,3,STL10,lynnl001,wesnh001
2024,SLN202407132,2024-07-13,2,SLN,CHN,5,4,STL10,gibsk002,assaj001
2024,TBA202407130,2024-07-13,0,TBA,CLE,2,4,STP01,littz001,willg004
2024,ANA202407140,2024-07-14,0,ANA,SEA,3,2,ANA01,fulmc001,gilbl002
2024,ARI202407140,2024-07-14,0,ARI,TOR,7,8,PHO01,gallz001,kikuy001
2024,BAL202407140,2024-07-14,0,BAL,NYA,6,5,BAL12,kremd001,rodoc001
2024,BOS202407140,2024-07-14,0,BOS,KCA,5,4,BOS07,bellb002,singb001
2024,CHA202407140,2024-07-14,0,CHA,PIT,4,9,CHI12,shusj001,kellm003
2024,CIN202407140,2024-07-14,0,CIN,MIA,2,3,CIN09,lodon001,roget003
2024,DET202407140,2024-07-14,0,DET,LAN,4,3,DET05,brieb001,honeb001
2024,HOU202407140,2024-07-14,0,HOU,TEX,2,4,HOU03,blanr001,schem001
2024,MIL202407140,2024-07-14,0,MIL,WAS,9,3,MIL06,zastr001,irvij001
2024,NYN202407140,2024-07-14,0,NYN,COL,5,8,NYC20,quinj001,marqg001
2024,PHI202407140,2024-07-14,0,PHI,OAK,3,18,PHI13,kerko001,estej001
2024,SDN202407140,2024-07-14,0,SDN,ATL,3,6,SAN02,vasqr001,salec001
2024,SFN202407140,2024-07-14,0,SFN,MIN,3,2,SFO03,snelb001,paddc001
2024,SLN202407140,2024-07-14,0,SLN,CHN,3,8,STL10,mikom001,tailj001
2024,TBA202407140,2024-07-14,0,TBA,CLE,2,0,STP01,pepir001,liveb001
2024,CHN202407190,2024-07-19,0,CHN,ARI,2,5,CHI11,steej002,nelsr003
2024,CLE202407190,2024-07-19,0,CLE,SDN,7,0,CLE08,bibet001,waldm003
2024,COL202407190,2024-07-19,0,COL,SFN,7,3,DEN02,quanc001,harrk001
2024,KCA202407190,2024-07-19,0,KCA,CHA,7,1,KAN06,wachm001,flexc001
2024,LAN202407190,2024-07-19,0,LAN,BOS,4,1,LOS03,stong001,piven001
2024,MIA202407190,2024-07-19,0,MIA,NYN,6,4,MIA02,cabre003,manas001
2024,NYA202407190,2024-07-19,0,NYA,TBA,6,1,NYC21,coleg001,efliz001
2024,OAK202407190,2024-07-19,0,OAK,ANA,13,3,OAK01,searj001,canng001
2024,PIT202407190,2024-07-19,0,PIT,PHI,8,7,PIT08,perem004,nolaa001
2024,SEA202407190,2024-07-19,0,SEA,HOU,0,3,SEA03,castl003,browh001
2024,TEX202407190,2024-07-19,0,TEX,BAL,1,9,ARL03,eovan001,burnc002
2024,TOR202407190,2024-07-19,0,TOR,DET,4,5,TOR02,bassc001,flahj002
2024,WAS202407190,2024-07-19,0,WAS,CIN,8,5,WAS11,corbp001,montf001
2024,ATL202407201,2024-07-20,1,ATL,SLN,3,2,ATL03,mortc002,gibsk002
2024,ATL202407202,2024-07-20,2,ATL,SLN,5,9,ATL03,eldeb001,grays001
2024,CHN202407200,2024-07-20,0,CHN,ARI,0,3,CHI11,hendk001,gallz001
2024,CLE202407200,2024-07-20,0,CLE,SDN,0,7,CLE08,willg004,ceasd001
2024,COL202407200,2024-07-20,0,COL,SFN,4,3,DEN02,freek001,webbl001
2024,KCA202407200,2024-07-20,0,KCA,CHA,6,1,KAN06,singb001,cannj001
2024,LAN202407200,2024-07-20,0,LAN,BOS,7,6,LOS03,wrobj001,bellb002
2024,MIA202407200,2024-07-20,0,MIA,NYN,0,1,MIA02,munor001,sevel001
2024,MIN202407200,2024-07-20,0,MIN,MIL,4,8,MIN04,lopep002,peraf001
2024,NYA202407200,2024-07-20,0,NYA,TBA,1,9,NYC21,cortn001,bradt002
2024,OAK202407200,2024-07-20,0,OAK,ANA,8,2,OAK01,spenm001,kochj001
2024,PIT202407200,2024-07-20,0,PIT,PHI,4,1,PIT08,ortil003,sancc002
2024,SEA202407200,2024-07-20,0,SEA,HOU,2,4,SEA03,kirbg001,valdf001
2024,TEX202407200,2024-07-20,0,TEX,BAL,4,8,ARL03,schem001,rodrg003
2024,TOR202407200,2024-07-20,0,TOR,DET,3,7,TOR02,kikuy001,olsor001
2024,WAS202407200,2024-07-20,0,WAS,CIN,5,4,WAS11,gorem001,lodon001
2024,ATL202407210,2024-07-21,0,ATL,SLN,2,6,ATL03,schws001,mikom001
2024,CHN202407210,2024-07-21,0,CHN,ARI,2,1,CHI11,imans001,pfaab001
2024,CLE202407210,2024-07-21,0,CLE,SDN,1,2,CLE08,liveb001,kingm002
2024,COL202407210,2024-07-21,0,COL,SFN,2,3,DEN02,feltr001,birdh001
2024,KCA202407210,2024-07-21,0,KCA,CHA,4,1,KAN06,lugos001,thord001
2024,LAN202407210,2024-07-21,0,LAN,BOS,9,6,LOS03,paxtj001,crawk001
2024,MIA202407210,2024-07-21,0,MIA,NYN,4,2,MIA02,roget003,scotc001
2024,MIN202407210,2024-07-21,0,MIN,MIL,7,8,MIN04,ryanj002,civaa001
2024,NYA202407210,2024-07-21,0,NYA,TBA,4,6,NYC21,strom001,baz-s001
2024,OAK202407210,2024-07-21,0,OAK,ANA,5,8,OAK01,estej001,fulmc001
2024,PIT202407210,2024-07-21,0,PIT,PHI,0,6,PIT08,gonzm005,philt002
2024,SEA202407210,2024-07-21,0,SEA,HOU,6,4,SEA03,woo-b001,blanr001
2024,TEX202407210,2024-07-21,0,TEX,BAL,3,2,ARL03,heana001,kremd001
2024,TOR202407210,2024-07-21,0,TOR,DET,5,4,TOR02,gausk001,montk001
2024,WAS202407210,2024-07-21,0,WAS,CIN,5,2,WAS11,irvij001,abboa001
2024,ATL202407220,2024-07-22,0,ATL,CIN,1,4,ATL03,loper003,greeh001
2024,CHN202407220,2024-07-22,0,CHN,MIL,3,1,CHI11,assaj001,myert001
2024,CLE202407220,2024-07-22,0,CLE,DET,2,8,CLE08,carrc003,skubt001
2024,COL202407220,2024-07-22,0,COL,BOS,9,8,DEN02,gomba001,houct001
2024,KCA202407220,2024-07-22,0,KCA,ARI,10,4,KAN06,ragac001,diazy005
2024,LAN202407220,2024-07-22,0,LAN,SFN,3,2,LOS03,ryanr003,snelb001
2024,MIA202407220,2024-07-22,0,MIA,NYN,4,6,MIA02,chiry001,peted003
2024,MIN202407220,2024-07-22,0,MIN,PHI,7,2,MIN04,oberb002,suarr001
2024,NYA202407220,2024-07-22,0,NYA,TBA,9,1,NYC21,rodoc001,littz001
2024,OAK202407220,2024-07-22,0,OAK,HOU,4,0,OAK01,harrh002,arris001
2024,PIT202407220,2024-07-22,0,PIT,SLN,2,1,PIT08,kellm003,palla001
2024,SEA202407220,2024-07-22,0,SEA,ANA,1,3,SEA03,millb004,andet002
2024,TEX202407220,2024-07-22,0,TEX,CHA,4,3,ARL03,lorem002,fedde001
2024,CHN202407230,2024-07-23,0,CHN,MIL,0,1,CHI11,tailj001,rea-c001
2024,CLE202407230,2024-07-23,0,CLE,DET,5,4,CLE08,currx001,holtt002
2024,COL202407230,2024-07-23,0,COL,BOS,0,6,DEN02,blact002,crisc002
2024,KCA202407230,2024-07-23,0,KCA,ARI,2,6,KAN06,marsa001,montj004
2024,LAN202407230,2024-07-23,0,LAN,SFN,5,2,LOS03,knacl001,hickj002
2024,MIA202407230,2024-07-23,0,MIA,BAL,6,3,MIA02,tylek001,suara001
2024,MIN202407230,2024-07-23,0,MIN,PHI,0,3,MIN04,woods002,wheez001
2024,NYA202407230,2024-07-23,0,NYA,NYN,2,3,NYC21,gil-l001,quinj001
2024,OAK202407230,2024-07-23,0,OAK,HOU,8,2,OAK01,bidoo001,blosj001
2024,PIT202407230,2024-07-23,0,PIT,SLN,1,2,PIT08,skenp001,lynnl001
2024,SEA202407230,2024-07-23,0,SEA,ANA,1,5,SEA03,gilbl002,sorij002
2024,TEX202407230,2024-07-23,0,TEX,CHA,3,2,ARL03,grayj003,crocg001
2024,TOR202407230,2024-07-23,0,TOR,TBA,2,4,TOR02,berrj001,armss001
2024,WAS202407230,2024-07-23,0,WAS,SDN,0,4,WAS11,herzd001,vasqr001
2024,ATL202407240,2024-07-24,0,ATL,CIN,4,9,ATL03,winaa001,montf001
2024,CHN202407240,2024-07-24,0,CHN,MIL,2,3,CHI11,steej002,zastr001
2024,CLE202407240,2024-07-24,0,CLE,DET,2,1,CLE08,bibet001,flahj002
2024,COL202407240,2024-07-24,0,COL,BOS,20,7,DEN02,quanc001,piven001
2024,KCA202407240,2024-07-24,0,KCA,ARI,6,8,KAN06,wachm001,nelsr003
2024,LAN202407240,2024-07-24,0,LAN,SFN,3,8,LOS03,glast001,ray-r002
2024,MIA202407240,2024-07-24,0,MIA,BAL,6,3,MIA02,cabre003,mcdec001
2024,MIN202407240,2024-07-24,0,MIN,PHI,5,4,MIN04,okers001,nolaa001
2024,NYA202407240,2024-07-24,0,NYA,NYN,3,12,NYC21,coleg001,manas001
2024,OAK202407240,2024-07-24,0,OAK,HOU,1,8,OAK01,searj001,browh001
2024,PIT202407240,2024-07-24,0,PIT,SLN,5,0,PIT08,perem004,libem001
2024,SEA202407240,2024-07-24,0,SEA,ANA,1,2,SEA03,castl003,canng001
2024,TEX202407240,2024-07-24,0,TEX,CHA,10,2,ARL03,eovan001,flexc001
2024,TOR202407240,2024-07-24,0,TOR,TBA,6,3,TOR02,rodry003,efliz001
2024,WAS202407240,2024-07-24,0,WAS,SDN,3,12,WAS11,parkm001,waldm003
2024,ANA202407250,2024-07-25,0,ANA,OAK,5,6,ANA01,rosek001,strir001
2024,CLE202407250,2024-07-25,0,CLE,DET,0,3,CLE08,willg004,holtt002
2024,LAN202407250,2024-07-25,0,LAN,SFN,6,4,LOS03,kersc001,webbl001
2024,MIA202407250,2024-07-25,0,MIA,BAL,6,7,MIA02,munor001,burnc002
2024,NYN202407250,2024-07-25,0,NYN,ATL,3,2,NYC20,sevel001,salec001
2024,TEX202407250,2024-07-25,0,TEX,CHA,2,1,ARL03,schem001,cannj001
2024,TOR202407250,2024-07-25,0,TOR,TBA,0,13,TOR02,bassc001,bradt002
2024,WAS202407250,2024-07-25,0,WAS,SDN,0,3,WAS11,corbp001,ceasd001
2024,ANA202407260,2024-07-26,0,ANA,OAK,4,5,ANA01,fulmc001,blacp001
2024,ARI202407260,2024-07-26,0,ARI,PIT,4,3,PHO01,gallz001,ortil003
2024,BAL202407260,2024-07-26,0,BAL,SDN,4,6,BAL12,rodrg003,mazua001
2024,BOS202407260,2024-07-26,0,BOS,NYA,9,7,BOS07,bellb002,cortn001
2024,CHA202407260,2024-07-26,0,CHA,SEA,0,10,CHI12,thord001,kirbg001
2024,DET202407260,2024-07-26,0,DET,MIN,3,9,DET05,montk001,lopep002
2024,HOU202407260,2024-07-26,0,HOU,LAN,5,0,HOU03,valdf001,stong001
2024,KCA202407260,2024-07-26,0,KCA,CHN,6,0,KAN06,singb001,hendk001
2024,MIL202407260,2024-07-26,0,MIL,MIA,2,6,MIL06,peraf001,roget003
2024,NYN202407260,2024-07-26,0,NYN,ATL,8,4,NYC20,sengk001,mortc002
2024,PHI202407260,2024-07-26,0,PHI,CLE,1,3,PHI13,sancc002,liveb001
2024,SFN202407260,2024-07-26,0,SFN,COL,11,4,SFO03,harrk001,freek001
2024,SLN202407260,2024-07-26,0,SLN,WAS,8,10,STL10,grays001,gorem001
2024,TBA202407260,2024-07-26,0,TBA,CIN,2,3,STP01,baz-s001,lodon001
2024,TOR202407260,2024-07-26,0,TOR,TEX,6,5,TOR02,kikuy001,heana001
2024,ANA202407270,2024-07-27,0,ANA,OAK,1,3,ANA01,andet002,spenm001
2024,ARI202407270,2024-07-27,0,ARI,PIT,9,5,PHO01,pfaab001,gonzm005
2024,BAL202407270,2024-07-27,0,BAL,SDN,4,9,BAL12,kremd001,kingm002
2024,BOS202407270,2024-07-27,0,BOS,NYA,8,11,BOS07,crawk001,strom001
2024,CHA202407270,2024-07-27,0,CHA,SEA,3,6,CHI12,fedde001,woo-b001
2024,DET202407270,2024-07-27,0,DET,MIN,7,2,DET05,skubt001,ryanj002
2024,HOU202407270,2024-07-27,0,HOU,LAN,7,6,HOU03,blanr001,wrobj001
2024,KCA202407270,2024-07-27,0,KCA,CHN,4,9,KAN06,lugos001,imans001
2024,MIL202407270,2024-07-27,0,MIL,MIA,3,7,MIL06,civaa001,meyem001
2024,NYN202407270,2024-07-27,0,NYN,ATL,0,4,NYC20,megit002,schws001
2024,PHI202407270,2024-07-27,0,PHI,CLE,8,0,PHI13,philt002,carrc003
2024,SFN202407271,2024-07-27,1,SFN,COL,4,1,SFO03,snelb001,feltr001
2024,SFN202407272,2024-07-27,2,SFN,COL,5,0,SFO03,birdh001,gordt002
2024,SLN202407270,2024-07-27,0,SLN,WAS,3,14,STL10,gibsk002,irvij001
2024,TBA202407270,2024-07-27,0,TBA,CIN,4,0,STP01,littz001,abboa001
2024,TOR202407270,2024-07-27,0,TOR,TEX,7,3,TOR02,gausk001,lorem002
2024,ANA202407280,2024-07-28,0,ANA,OAK,8,6,ANA01,sorij002,bidoo001
2024,ARI202407280,2024-07-28,0,ARI,PIT,5,6,PHO01,diazy005,kellm003
2024,BAL202407280,2024-07-28,0,BAL,SDN,8,6,BAL12,suara001,vasqr001
2024,BOS202407280,2024-07-28,0,BOS,NYA,2,8,BOS07,houct001,rodoc001
2024,CHA202407280,2024-07-28,0,CHA,SEA,3,6,CHI12,crocg001,millb004
2024,DET202407280,2024-07-28,0,DET,MIN,0,5,DET05,faeda001,oberb002
2024,HOU202407280,2024-07-28,0,HOU,LAN,2,6,HOU03,arris001,ryanr003
2024,KCA202407280,2024-07-28,0,KCA,CHN,3,7,KAN06,ragac001,assaj001
2024,MIL202407280,2024-07-28,0,MIL,MIA,6,2,MIL06,myert001,tylek001
2024,NYN202407280,2024-07-28,0,NYN,ATL,2,9,NYC20,peted003,loper003
2024,PHI202407280,2024-07-28,0,PHI,CLE,3,4,PHI13,allak001,cantj002
2024,SFN202407280,2024-07-28,0,SFN,COL,5,4,SFO03,mille002,gomba001
2024,SLN202407280,2024-07-28,0,SLN,WAS,4,3,STL10,mikom001,herzd001
2024,TBA202407280,2024-07-28,0,TBA,CIN,2,1,STP01,armss001,greeh001
2024,TOR202407280,2024-07-28,0,TOR,TEX,7,3,TOR02,berrj001,grayj003
2024,ARI202407290,2024-07-29,0,ARI,WAS,9,8,PHO01,montj004,parkm001
2024,BAL202407291,2024-07-29,1,BAL,TOR,11,5,BAL12,efliz001,rodry003
2024,BAL202407292,2024-07-29,2,BAL,TOR,4,8,BAL12,povic001,franb002
2024,BOS202407290,2024-07-29,0,BOS,SEA,14,7,BOS07,piven001,gilbl002
2024,CHA202407290,2024-07-29,0,CHA,KCA,5,8,CHI12,flexc001,marsa001
2024,CIN202407290,2024-07-29,0,CIN,CHN,7,1,CIN09,spiec001,tailj001
2024,DET202407290,2024-07-29,0,DET,CLE,4,8,DET05,brieb001,bibet001
2024,HOU202407290,2024-07-29,0,HOU,PIT,3,5,HOU03,scott004,skenp001
2024,MIL202407290,2024-07-29,0,MIL,ATL,8,3,MIL06,rea-c001,holmg001
2024,NYN202407290,2024-07-29,0,NYN,MIN,15,2,NYC20,quinj001,woods002
2024,PHI202407290,2024-07-29,0,PHI,NYA,4,14,PHI13,wheez001,gil-l001
2024,SLN202407290,2024-07-29,0,SLN,TEX,3,6,STL10,palla001,eovan001
2024,ANA202407300,2024-07-30,0,ANA,COL,10,7,ANA01,canng001,quanc001
2024,ARI202407300,2024-07-30,0,ARI,WAS,17,0,PHO01,nelsr003,corbp001
2024,BAL202407300,2024-07-30,0,BAL,TOR,6,2,BAL12,burnc002,bassc001
2024,BOS202407300,2024-07-30,0,BOS,SEA,6,10,BOS07,paxtj001,castl003
2024,CHA202407300,2024-07-30,0,CHA,KCA,3,4,CHI12,cannj001,wachm001
2024,CIN202407300,2024-07-30,0,CIN,CHN,6,3,CIN09,santt001,steej002
2024,DET202407300,2024-07-30,0,DET,CLE,0,5,DET05,holtt002,willg004
2024,HOU202407300,2024-07-30,0,HOU,PIT,2,6,HOU03,browh001,faltb001
2024,MIL202407300,2024-07-30,0,MIL,ATL,1,5,MIL06,rossj002,eldeb001
2024,NYN202407300,2024-07-30,0,NYN,MIN,2,0,NYC20,manas001,festd001
2024,PHI202407300,2024-07-30,0,PHI,NYA,6,7,PHI13,nolaa001,warrw001
2024,SDN202407300,2024-07-30,0,SDN,LAN,6,5,SAN02,waldm003,glast001
2024,SFN202407300,2024-07-30,0,SFN,OAK,2,5,SFO03,ray-r002,searj001
2024,SLN202407300,2024-07-30,0,SLN,TEX,8,1,STL10,lynnl001,schem001
2024,TBA202407300,2024-07-30,0,TBA,MIA,9,3,STP01,sprij001,cabre003
2024,ANA202407310,2024-07-31,0,ANA,COL,1,2,ANA01,danid001,freek001
2024,ARI202407310,2024-07-31,0,ARI,WAS,5,4,PHO01,gallz001,gorem001
2024,BAL202407310,2024-07-31,0,BAL,TOR,10,4,BAL12,rodrg003,espip001
2024,BOS202407310,2024-07-31,0,BOS,SEA,3,2,BOS07,bellb002,kirbg001
2024,CHA202407310,2024-07-31,0,CHA,KCA,3,10,CHI12,thord001,singb001
2024,CIN202407310,2024-07-31,0,CIN,CHN,4,13,CIN09,lodon001,hendk001
2024,HOU202407310,2024-07-31,0,HOU,PIT,5,4,HOU03,valdf001,woodj003
2024,MIL202407310,2024-07-31,0,MIL,ATL,2,6,MIL06,peraf001,salec001
2024,NYN202407310,2024-07-31,0,NYN,MIN,3,8,NYC20,sevel001,lopep002
2024,PHI202407310,2024-07-31,0,PHI,NYA,5,6,PHI13,sancc002,cortn001
2024,SDN202407310,2024-07-31,0,SDN,LAN,8,1,SAN02,ceasd001,kersc001
2024,SFN202407310,2024-07-31,0,SFN,OAK,1,0,SFO03,webbl001,strir001
2024,SLN202407310,2024-07-31,0,SLN,TEX,10,1,STL10,mcgrm001,heana001
2024,TBA202407310,2024-07-31,0,TBA,MIA,2,6,STP01,bradt002,munor001
2024,ANA202408010,2024-08-01,0,ANA,COL,4,5,ANA01,fulmc001,feltr001
2024,ATL202408010,2024-08-01,0,ATL,MIA,4,2,ATL03,mortc002,meyem001
2024,CHN202408010,2024-08-01,0,CHN,SLN,5,4,CHI11,imans001,grays001
2024,CLE202408010,2024-08-01,0,CLE,BAL,10,3,CLE08,liveb001,roget003
2024,DET202408010,2024-08-01,0,DET,KCA,1,7,DET05,montk001,lugos001
2024,ANA202408020,2024-08-02,0,ANA,NYN,1,5,ANA01,andet002,blacp001
2024,ATL202408020,2024-08-02,0,ATL,MIA,5,3,ATL03,schws001,bellv001
2024,CHN202408020,2024-08-02,0,CHN,SLN,6,3,CHI11,assaj001,fedde001
2024,CIN202408020,2024-08-02,0,CIN,SFN,0,3,CIN09,abboa001,snelb001
2024,CLE202408020,2024-08-02,0,CLE,BAL,8,4,CLE08,carrc003,kremd001
2024,DET202408020,2024-08-02,0,DET,KCA,2,9,DET05,skubt001,ragac001
2024,HOU202408020,2024-08-02,0,HOU,TBA,3,2,HOU03,kikuy001,baz-s001
2024,MIN202408020,2024-08-02,0,MIN,CHA,10,2,MIN04,ryanj002,martd006
2024,NYA202408020,2024-08-02,0,NYA,TOR,5,8,NYC21,strom001,gausk001
2024,OAK202408020,2024-08-02,0,OAK,LAN,6,5,OAK01,estej001,stong001
2024,PIT202408020,2024-08-02,0,PIT,ARI,8,9,PIT08,ortil003,pfaab001
2024,SDN202408020,2024-08-02,0,SDN,COL,2,5,SAN02,vasqr001,gomba001
2024,SEA202408020,2024-08-02,0,SEA,PHI,10,2,SEA03,woo-b001,philt002
2024,TEX202408020,2024-08-02,0,TEX,BOS,6,11,ARL03,urenj001,crawk001
2024,WAS202408020,2024-08-02,0,WAS,MIL,3,8,WAS11,irvij001,montf001
2024,ANA202408030,2024-08-03,0,ANA,NYN,5,4,ANA01,sorij002,peted003
2024,ATL202408030,2024-08-03,0,ATL,MIA,3,4,ATL03,holmg001,tylek001
2024,CHN202408030,2024-08-03,0,CHN,SLN,4,5,CHI11,tailj001,gibsk002
2024,CIN202408030,2024-08-03,0,CIN,SFN,6,4,CIN09,greeh001,harrk001
2024,CLE202408030,2024-08-03,0,CLE,BAL,4,7,CLE08,cantj002,efliz001
2024,DET202408030,2024-08-03,0,DET,KCA,6,5,DET05,holtt002,lorem002
2024,HOU202408030,2024-08-03,0,HOU,TBA,1,6,HOU03,blanr001,littz001
2024,MIN202408030,2024-08-03,0,MIN,CHA,6,2,MIN04,oberb002,crocg001
2024,NYA202408030,2024-08-03,0,NYA,TOR,8,3,NYC21,rodoc001,berrj001
2024,OAK202408030,2024-08-03,0,OAK,LAN,0,10,OAK01,spenm001,flahj002
2024,PIT202408030,2024-08-03,0,PIT,ARI,4,2,PIT08,kellm003,montj004
2024,SDN202408030,2024-08-03,0,SDN,COL,3,2,SAN02,perem004,gordt002
2024,SEA202408030,2024-08-03,0,SEA,PHI,6,5,SEA03,millb004,kerko001
2024,TEX202408030,2024-08-03,0,TEX,BOS,7,4,ARL03,bradc003,houct001
2024,WAS202408030,2024-08-03,0,WAS,MIL,6,4,WAS11,herzd001,civaa001
2024,ANA202408040,2024-08-04,0,ANA,NYN,3,2,ANA01,canng001,quinj001
2024,ATL202408040,2024-08-04,0,ATL,MIA,0,7,ATL03,friem001,cabre003
2024,CHN202408040,2024-08-04,0,CHN,SLN,6,2,CHI11,steej002,mikom001
2024,CIN202408040,2024-08-04,0,CIN,SFN,2,8,CIN09,spiec001,ray-r002
2024,CLE202408040,2024-08-04,0,CLE,BAL,5,9,CLE08,willg004,burnc002
2024,DET202408040,2024-08-04,0,DET,KCA,2,3,DET05,faeda001,wachm001
2024,HOU202408040,2024-08-04,0,HOU,TBA,0,1,HOU03,arris001,biggh001
2024,MIN202408040,2024-08-04,0,MIN,CHA,13,7,MIN04,woods002,flexc001
2024,NYA202408040,2024-08-04,0,NYA,TOR,4,3,NYC21,coleg001,rodry003
2024,OAK202408040,2024-08-04,0,OAK,LAN,2,3,OAK01,bidoo001,ryanr003
2024,PIT202408040,2024-08-04,0,PIT,ARI,5,6,PIT08,skenp001,nelsr003
2024,SDN202408040,2024-08-04,0,SDN,COL,10,2,SAN02,waldm003,quanc001
2024,SEA202408040,2024-08-04,0,SEA,PHI,0,6,SEA03,gilbl002,wheez001
2024,TEX202408040,2024-08-04,0,TEX,BOS,2,7,ARL03,eovan001,piven001
2024,WAS202408040,2024-08-04,0,WAS,MIL,4,3,WAS11,parkm001,myert001
2024,CHN202408050,2024-08-05,0,CHN,MIN,0,3,CHI11,hendk001,festd001
2024,CLE202408050,2024-08-05,0,CLE,ARI,6,7,CLE08,allel003,gallz001
2024,KCA202408050,2024-08-05,0,KCA,BOS,5,9,KAN06,singb001,paxtj001
2024,LAN202408050,2024-08-05,0,LAN,PHI,5,3,LOS03,glast001,nolaa001
2024,MIA202408050,2024-08-05,0,MIA,CIN,3,10,MIA02,munor001,martn002
2024,OAK202408050,2024-08-05,0,OAK,CHA,5,1,OAK01,searj001,bushk001
2024,SLN202408050,2024-08-05,0,SLN,NYN,0,6,STL10,palla001,manas001
2024,TEX202408050,2024-08-05,0,TEX,HOU,4,3,ARL03,heana001,browh001
2024,WAS202408050,2024-08-05,0,WAS,SFN,1,4,WAS11,corbp001,webbl001
2024,ATL202408060,2024-08-06,0,ATL,MIL,0,10,ATL03,eldeb001,rea-c001
2024,CHN202408060,2024-08-06,0,CHN,MIN,7,3,CHI11,imans001,lopep002
2024,COL202408060,2024-08-06,0,COL,NYN,6,3,DEN02,freek001,sevel001
2024,KCA202408060,2024-08-06,0,KCA,BOS,5,6,KAN06,lugos001,bellb002
2024,LAN202408060,2024-08-06,0,LAN,PHI,2,6,LOS03,kersc001,sancc002
2024,MIA202408060,2024-08-06,0,MIA,CIN,2,8,MIA02,meyem001,lodon001
2024,OAK202408060,2024-08-06,0,OAK,CHA,1,5,OAK01,strir001,cannj001
2024,PIT202408060,2024-08-06,0,PIT,SDN,0,6,PIT08,faltb001,ceasd001
2024,SEA202408060,2024-08-06,0,SEA,DET,2,4,SEA03,castl003,montk001
2024,SLN202408060,2024-08-06,0,SLN,TBA,4,3,STL10,grays001,sprij001
2024,TEX202408060,2024-08-06,0,TEX,HOU,2,4,ARL03,mahlt001,valdf001
2024,TOR202408060,2024-08-06,0,TOR,BAL,5,2,TOR02,bassc001,suara001
2024,WAS202408060,2024-08-06,0,WAS,SFN,11,5,WAS11,gorem001,birdh001
2024,ATL202408070,2024-08-07,0,ATL,MIL,5,8,ATL03,salec001,peraf001
2024,CHN202408070,2024-08-07,0,CHN,MIN,8,2,CHI11,assaj001,ryanj002
2024,CLE202408071,2024-08-07,1,CLE,ARI,3,7,CLE08,liveb001,pfaab001
2024,CLE202408072,2024-08-07,2,CLE,ARI,3,5,CLE08,carrc003,rodre004
2024,COL202408070,2024-08-07,0,COL,NYN,3,5,DEN02,feltr001,blacp001
2024,KCA202408070,2024-08-07,0,KCA,BOS,8,4,KAN06,ragac001,crawk001
2024,LAN202408070,2024-08-07,0,LAN,PHI,4,9,LOS03,stong001,philt002
2024,MIA202408070,2024-08-07,0,MIA,CIN,6,4,MIA02,bellv001,abboa001
2024,NYA202408071,2024-08-07,1,NYA,ANA,5,2,NYC21,gil-l001,danid001
2024,NYA202408072,2024-08-07,2,NYA,ANA,2,8,NYC21,warrw001,fulmc001
2024,OAK202408070,2024-08-07,0,OAK,CHA,3,2,OAK01,estej001,martd006
2024,PIT202408070,2024-08-07,0,PIT,SDN,8,9,PIT08,gonzm005,kingm002
2024,SEA202408070,2024-08-07,0,SEA,DET,2,6,SEA03,kirbg001,skubt001
2024,SLN202408070,2024-08-07,0,SLN,TBA,5,2,STL10,fedde001,bradt002
2024,TEX202408070,2024-08-07,0,TEX,HOU,4,6,ARL03,urenj001,kikuy001
2024,TOR202408070,2024-08-07,0,TOR,BAL,3,7,TOR02,franb002,roget003
2024,WAS202408070,2024-08-07,0,WAS,SFN,4,7,WAS11,irvij001,snelb001
2024,ARI202408080,2024-08-08,0,ARI,PHI,4,6,PHO01,montj004,allak001
2024,ATL202408080,2024-08-08,0,ATL,MIL,7,16,ATL03,mortc002,montf001
2024,COL202408080,2024-08-08,0,COL,NYN,1,9,DEN02,gomba001,peted003
2024,MIA202408080,2024-08-08,0,MIA,CIN,4,10,MIA02,tylek001,greeh001
2024,NYA202408080,2024-08-08,0,NYA,ANA,4,9,NYC21,cortn001,andet002
2024,PIT202408080,2024-08-08,0,PIT,SDN,6,7,PIT08,ortil003,vasqr001
2024,SEA202408080,2024-08-08,0,SEA,DET,4,3,SEA03,woo-b001,hanib001
2024,SLN202408080,2024-08-08,0,SLN,TBA,4,6,STL10,gibsk002,baz-s001
2024,TOR202408080,2024-08-08,0,TOR,BAL,7,6,TOR02,gausk001,kremd001
2024,WAS202408080,2024-08-08,0,WAS,SFN,5,9,WAS11,herzd001,harrk001
2024,ARI202408090,2024-08-09,0,ARI,PHI,3,2,PHO01,nelsr003,wheez001
2024,BOS202408090,2024-08-09,0,BOS,HOU,4,8,BOS07,houct001,blanr001
2024,CHA202408090,2024-08-09,0,CHA,CHN,6,7,CHI12,crocg001,tailj001
2024,COL202408090,2024-08-09,0,COL,ATL,6,5,DEN02,gordt002,holmg001
2024,KCA202408090,2024-08-09,0,KCA,SLN,5,8,KAN06,lorem002,mikom001
2024,LAN202408090,2024-08-09,0,LAN,PIT,9,5,LOS03,flahj002,kellm003
2024,MIA202408090,2024-08-09,0,MIA,SDN,2,6,MIA02,cabre003,perem004
2024,MIL202408090,2024-08-09,0,MIL,CIN,8,3,MIL06,civaa001,spiec001
2024,MIN202408091,2024-08-09,1,MIN,CLE,4,2,MIN04,oberb002,cantj002
2024,MIN202408092,2024-08-09,2,MIN,CLE,6,3,MIN04,varll001,cobba001
2024,SEA202408090,2024-08-09,0,SEA,NYN,6,0,SEA03,millb004,quinj001
2024,SFN202408090,2024-08-09,0,SFN,DET,3,2,SFO03,ray-r002,brieb001
2024,TBA202408090,2024-08-09,0,TBA,BAL,1,4,STP01,littz001,efliz001
2024,TOR202408090,2024-08-09,0,TOR,OAK,3,1,TOR02,berrj001,spenm001
2024,WAS202408090,2024-08-09,0,WAS,ANA,3,2,WAS11,parkm001,sorij002
2024,ARI202408100,2024-08-10,0,ARI,PHI,11,1,PHO01,gallz001,nolaa001
2024,BOS202408100,2024-08-10,0,BOS,HOU,4,5,BOS07,wincj001,arris001
2024,CHA202408100,2024-08-10,0,CHA,CHN,1,3,CHI12,flexc001,steej002
2024,COL202408100,2024-08-10,0,COL,ATL,8,11,DEN02,hudsd002,friem001
2024,KCA202408100,2024-08-10,0,KCA,SLN,8,3,KAN06,wachm001,palla001
2024,LAN202408100,2024-08-10,0,LAN,PIT,4,1,LOS03,ryanr003,skenp001
2024,MIA202408100,2024-08-10,0,MIA,SDN,8,9,MIA02,munor001,waldm003
2024,MIL202408100,2024-08-10,0,MIL,CIN,1,0,MIL06,myert001,martn002
2024,MIN202408100,2024-08-10,0,MIN,CLE,1,2,MIN04,woods002,willg004
2024,NYA202408101,2024-08-10,1,NYA,TEX,8,0,NYC21,rodoc001,eovan001
2024,NYA202408102,2024-08-10,2,NYA,TEX,4,9,NYC21,coleg001,bradc003
2024,SEA202408100,2024-08-10,0,SEA,NYN,4,0,SEA03,gilbl002,manas001
2024,SFN202408100,2024-08-10,0,SFN,DET,3,1,SFO03,webbl001,faeda001
2024,TBA202408100,2024-08-10,0,TBA,BAL,5,7,STP01,rasmd002,burnc002
2024,TOR202408100,2024-08-10,0,TOR,OAK,0,1,TOR02,rodry003,bidoo001
2024,WAS202408100,2024-08-10,0,WAS,ANA,5,4,WAS11,corbp001,canng001
2024,ARI202408110,2024-08-11,0,ARI,PHI,12,5,PHO01,kellm002,sancc002
2024,BOS202408110,2024-08-11,0,BOS,HOU,2,10,BOS07,paxtj001,browh001
2024,COL202408110,2024-08-11,0,COL,ATL,9,8,DEN02,freek001,schws001
2024,LAN202408110,2024-08-11,0,LAN,PIT,6,5,LOS03,glast001,faltb001
2024,MIA202408110,2024-08-11,0,MIA,SDN,7,6,MIA02,meyem001,ceasd001
2024,MIL202408110,2024-08-11,0,MIL,CIN,3,4,MIL06,halld004,lodon001
2024,MIN202408110,2024-08-11,0,MIN,CLE,3,5,MIN04,festd001,bibet001
2024,NYA202408110,2024-08-11,0,NYA,TEX,8,7,NYC21,strom001,heana001
2024,SEA202408110,2024-08-11,0,SEA,NYN,12,1,SEA03,castl003,sevel001
2024,SFN202408110,2024-08-11,0,SFN,DET,4,5,SFO03,birdh001,montk001
2024,TBA202408110,2024-08-11,0,TBA,BAL,2,1,STP01,sprij001,suara001
2024,TOR202408110,2024-08-11,0,TOR,OAK,4,8,TOR02,bassc001,searj001
2024,WAS202408110,2024-08-11,0,WAS,ANA,4,6,WAS11,gorem001,kochj001
2024,ANA202408120,2024-08-12,0,ANA,TOR,2,4,ANA01,danid001,franb002
2024,ARI202408120,2024-08-12,0,ARI,COL,5,4,PHO01,pfaab001,blalb001
2024,BOS202408120,2024-08-12,0,BOS,TEX,5,4,BOS07,bellb002,mahlt001
2024,CHA202408120,2024-08-12,0,CHA,NYA,12,2,CHI12,bushk001,gil-l001
2024,CIN202408120,2024-08-12,0,CIN,SLN,6,1,CIN09,abboa001,grays001
2024,CLE202408120,2024-08-12,0,CLE,CHN,9,8,CLE08,liveb001,imans001
2024,MIL202408120,2024-08-12,0,MIL,LAN,2,5,MIL06,peraf001,kersc001
2024,MIN202408120,2024-08-12,0,MIN,KCA,8,3,MIN04,lopep002,singb001
2024,SDN202408120,2024-08-12,0,SDN,PIT,2,1,SAN02,musgj001,woodj003
2024,SFN202408120,2024-08-12,0,SFN,ATL,0,1,SFO03,snelb001,salec001
2024,TBA202408120,2024-08-12,0,TBA,HOU,1,6,STP01,bradt002,valdf001
2024,ANA202408130,2024-08-13,0,ANA,TOR,1,6,ANA01,fulmc001,gausk001
2024,ARI202408130,2024-08-13,0,ARI,COL,4,3,PHO01,rodre004,gomba001
2024,BAL202408130,2024-08-13,0,BAL,WAS,3,9,BAL12,roget003,irvij001
2024,BOS202408130,2024-08-13,0,BOS,TEX,9,4,BOS07,crawk001,urenj001
2024,CHA202408130,2024-08-13,0,CHA,NYA,1,4,CHI12,cannj001,cortn001
2024,CIN202408130,2024-08-13,0,CIN,SLN,4,1,CIN09,greeh001,fedde001
2024,CLE202408130,2024-08-13,0,CLE,CHN,2,1,CLE08,boydm001,assaj001
2024,DET202408130,2024-08-13,0,DET,SEA,15,1,DET05,skubt001,kirbg001
2024,MIL202408130,2024-08-13,0,MIL,LAN,2,7,MIL06,rea-c001,stong001
2024,MIN202408130,2024-08-13,0,MIN,KCA,13,3,MIN04,mattz001,lugos001
2024,NYN202408130,2024-08-13,0,NYN,OAK,4,9,NYC20,blacp001,boylj001
2024,PHI202408130,2024-08-13,0,PHI,MIA,0,5,PHI13,walkt004,bellv001
2024,SDN202408130,2024-08-13,0,SDN,PIT,3,0,SAN02,kingm002,ortil003
2024,SFN202408130,2024-08-13,0,SFN,ATL,3,4,SFO03,harrk001,mortc002
2024,TBA202408130,2024-08-13,0,TBA,HOU,2,3,STP01,baz-s001,kikuy001
2024,ANA202408140,2024-08-14,0,ANA,TOR,2,9,ANA01,andet002,berrj001
2024,ARI202408140,2024-08-14,0,ARI,COL,11,4,PHO01,montj004,gordt002
2024,BAL202408140,2024-08-14,0,BAL,WAS,4,1,BAL12,kremd001,herzd001
2024,BOS202408140,2024-08-14,0,BOS,TEX,7,9,BOS07,houct001,dunnd001
2024,CHA202408140,2024-08-14,0,CHA,NYA,2,10,CHI12,martd006,warrw001
2024,CIN202408140,2024-08-14,0,CIN,SLN,9,2,CIN09,pagae001,gibsk002
2024,CLE202408140,2024-08-14,0,CLE,CHN,6,1,CLE08,cobba001,tailj001
2024,DET202408140,2024-08-14,0,DET,SEA,3,2,DET05,brieb001,woo-b001
2024,MIL202408140,2024-08-14,0,MIL,LAN,5,4,MIL06,montf001,buehw001
2024,MIN202408140,2024-08-14,0,MIN,KCA,1,4,MIN04,varll001,ragac001
2024,NYN202408140,2024-08-14,0,NYN,OAK,9,1,NYC20,peted003,estej001
2024,PHI202408140,2024-08-14,0,PHI,MIA,9,5,PHI13,philt002,cabre003
2024,SDN202408140,2024-08-14,0,SDN,PIT,8,2,SAN02,perem004,kellm003
2024,SFN202408140,2024-08-14,0,SFN,ATL,2,13,SFO03,ray-r002,holmg001
2024,TBA202408140,2024-08-14,0,TBA,HOU,1,2,STP01,littz001,blanr001
2024,BAL202408150,2024-08-15,0,BAL,BOS,5,1,BAL12,efliz001,piven001
2024,DET202408150,2024-08-15,0,DET,SEA,2,1,DET05,faeda001,millb004
2024,MIL202408150,2024-08-15,0,MIL,LAN,6,4,MIL06,myert001,flahj002
2024,NYN202408150,2024-08-15,0,NYN,OAK,6,7,NYC20,quinj001,spenm001
2024,PHI202408150,2024-08-15,0,PHI,WAS,13,3,PHI13,wheez001,parkm001
2024,SFN202408150,2024-08-15,0,SFN,ATL,6,0,SFO03,webbl001,friem001
2024,TEX202408150,2024-08-15,0,TEX,MIN,2,3,ARL03,bradc003,oberb002
2024,ANA202408160,2024-08-16,0,ANA,ATL,3,2,ANA01,sorij002,schws001
2024,BAL202408160,2024-08-16,0,BAL,BOS,10,12,BAL12,burnc002,bernb001
2024,CHN202408160,2024-08-16,0,CHN,TOR,6,5,CHI11,hendk001,rodry003
2024,CIN202408160,2024-08-16,0,CIN,KCA,1,7,CIN09,martn002,lorem002
2024,COL202408160,2024-08-16,0,COL,SDN,7,3,DEN02,quanc001,waldm003
2024,DET202408160,2024-08-16,0,DET,NYA,0,3,DET05,brieb001,coleg001
2024,HOU202408160,2024-08-16,0,HOU,CHA,4,5,HOU03,arris001,crocg001
2024,MIL202408160,2024-08-16,0,MIL,CLE,5,3,MIL06,civaa001,willg004
2024,NYN202408160,2024-08-16,0,NYN,MIA,7,3,NYC20,manas001,munor001
2024,PHI202408160,2024-08-16,0,PHI,WAS,3,2,PHI13,nolaa001,corbp001
2024,PIT202408160,2024-08-16,0,PIT,SEA,5,3,PIT08,skenp001,gilbl002
2024,SLN202408160,2024-08-16,0,SLN,LAN,6,7,STL10,mikom001,wrobj001
2024,TBA202408160,2024-08-16,0,TBA,ARI,5,4,STP01,pepir001,nelsr003
2024,TEX202408160,2024-08-16,0,TEX,MIN,3,4,ARL03,heana001,woods002
2024,ANA202408170,2024-08-17,0,ANA,ATL,3,11,ANA01,canng001,salec001
2024,BAL202408170,2024-08-17,0,BAL,BOS,1,5,BAL12,povic001,bellb002
2024,CHN202408170,2024-08-17,0,CHN,TOR,3,2,CHI11,steej002,bassc001
2024,CIN202408170,2024-08-17,0,CIN,KCA,1,13,CIN09,lodon001,wachm001
2024,COL202408170,2024-08-17,0,COL,SDN,3,8,DEN02,freek001,ceasd001
2024,DET202408170,2024-08-17,0,DET,NYA,4,0,DET05,montk001,rodoc001
2024,HOU202408170,2024-08-17,0,HOU,CHA,6,1,HOU03,browh001,flexc001
2024,MIL202408170,2024-08-17,0,MIL,CLE,2,1,MIL06,peraf001,bibet001
2024,NYN202408170,2024-08-17,0,NYN,MIA,4,0,NYC20,sevel001,meyem001
2024,OAK202408170,2024-08-17,0,OAK,SFN,2,0,OAK01,bidoo001,birdh001
2024,PHI202408170,2024-08-17,0,PHI,WAS,5,1,PHI13,sancc002,gorem001
2024,PIT202408170,2024-08-17,0,PIT,SEA,7,2,PIT08,faltb001,castl003
2024,SLN202408170,2024-08-17,0,SLN,LAN,5,2,STL10,palla001,millb005
2024,TBA202408170,2024-08-17,0,TBA,ARI,6,1,STP01,sprij001,gallz001
2024,TEX202408170,2024-08-17,0,TEX,MIN,2,5,ARL03,eovan001,festd001
2024,ANA202408180,2024-08-18,0,ANA,ATL,1,3,ANA01,kochj001,mortc002
2024,BAL202408180,2024-08-18,0,BAL,BOS,4,2,BAL12,suara001,crawk001
2024,CHN202408180,2024-08-18,0,CHN,TOR,0,1,CHI11,imans001,franb002
2024,CIN202408180,2024-08-18,0,CIN,KCA,1,8,CIN09,abboa001,singb001
2024,COL202408180,2024-08-18,0,COL,SDN,3,2,DEN02,blalb001,musgj001
2024,DET202408180,2024-08-18,0,DET,NYA,3,2,WIL02,skubt001,strom001
2024,HOU202408180,2024-08-18,0,HOU,CHA,2,0,HOU03,valdf001,bushk001
2024,MIL202408180,2024-08-18,0,MIL,CLE,2,0,MIL06,rea-c001,liveb001
2024,NYN202408180,2024-08-18,0,NYN,MIA,2,3,NYC20,blacp001,bellv001
2024,OAK202408180,2024-08-18,0,OAK,SFN,2,4,OAK01,searj001,snelb001
2024,PHI202408180,2024-08-18,0,PHI,WAS,4,6,PHI13,walkt004,irvij001
2024,PIT202408180,2024-08-18,0,PIT,SEA,3,10,PIT08,woodj003,kirbg001
2024,SLN202408180,2024-08-18,0,SLN,LAN,1,2,STL10,grays001,kersc001
2024,TBA202408180,2024-08-18,0,TBA,ARI,8,7,STP01,rasmd002,kellm002
2024,TEX202408180,2024-08-18,0,TEX,MIN,6,5,ARL03,mahlt001,lopep002
2024,HOU202408190,2024-08-19,0,HOU,BOS,5,4,HOU03,kikuy001,houct001
2024,KCA202408190,2024-08-19,0,KCA,ANA,5,3,KAN06,lugos001,fulmc001
2024,LAN202408190,2024-08-19,0,LAN,SEA,3,0,LOS03,stong001,woo-b001
2024,MIA202408190,2024-08-19,0,MIA,ARI,6,9,MIA02,ollea001,pfaab001
2024,NYN202408190,2024-08-19,0,NYN,BAL,4,3,NYC20,peted003,roget003
2024,OAK202408190,2024-08-19,0,OAK,TBA,3,0,OAK01,boylj001,bradt002
2024,SDN202408190,2024-08-19,0,SDN,MIN,5,3,SAN02,kingm002,mattz001
2024,SFN202408190,2024-08-19,0,SFN,CHA,5,3,SFO03,harrk001,cannj001
2024,TEX202408190,2024-08-19,0,TEX,PIT,4,3,ARL03,dunnd001,ortil003
2024,TOR202408190,2024-08-19,0,TOR,CIN,3,6,TOR02,gausk001,aguij002
2024,ATL202408200,2024-08-20,0,ATL,PHI,3,1,ATL03,loper003,wheez001
2024,CHN202408200,2024-08-20,0,CHN,DET,3,1,CHI11,assaj001,faeda001
2024,HOU202408200,2024-08-20,0,HOU,BOS,5,6,HOU03,blanr001,piven001
2024,KCA202408200,2024-08-20,0,KCA,ANA,5,9,KAN06,ragac001,andet002
2024,LAN202408200,2024-08-20,0,LAN,SEA,6,3,LOS03,buehw001,millb004
2024,MIA202408200,2024-08-20,0,MIA,ARI,1,3,MIA02,cabre003,rodre004
2024,NYA202408200,2024-08-20,0,NYA,CLE,5,9,NYC21,gil-l001,boydm001
2024,NYN202408200,2024-08-20,0,NYN,BAL,5,9,NYC20,quinj001,kremd001
2024,OAK202408200,2024-08-20,0,OAK,TBA,0,1,OAK01,estej001,baz-s001
2024,SDN202408200,2024-08-20,0,SDN,MIN,7,5,SAN02,perem004,oberb002
2024,SFN202408200,2024-08-20,0,SFN,CHA,4,1,SFO03,ray-r002,martd006
2024,SLN202408200,2024-08-20,0,SLN,MIL,2,3,STL10,fedde001,montf001
2024,TEX202408200,2024-08-20,0,TEX,PIT,0,4,ARL03,bradc003,kellm003
2024,TOR202408200,2024-08-20,0,TOR,CIN,10,3,TOR02,berrj001,spiec001
2024,WAS202408200,2024-08-20,0,WAS,COL,1,3,WAS11,herzd001,gomba001
2024,ATL202408210,2024-08-21,0,ATL,PHI,2,3,ATL03,friem001,nolaa001
2024,CHN202408210,2024-08-21,0,CHN,DET,2,8,CHI11,tailj001,brieb001
2024,HOU202408210,2024-08-21,0,HOU,BOS,1,4,HOU03,verlj001,crisc002
2024,KCA202408210,2024-08-21,0,KCA,ANA,3,0,KAN06,lorem002,cuetj001
2024,LAN202408210,2024-08-21,0,LAN,SEA,8,4,LOS03,flahj002,gilbl002
2024,MIA202408210,2024-08-21,0,MIA,ARI,8,10,MIA02,munor001,montj004
2024,NYA202408210,2024-08-21,0,NYA,CLE,8,1,NYC21,cortn001,cantj002
2024,NYN202408210,2024-08-21,0,NYN,BAL,4,3,NYC20,manas001,irvic001
2024,OAK202408210,2024-08-21,0,OAK,TBA,2,4,OAK01,spenm001,pepir001
2024,SDN202408210,2024-08-21,0,SDN,MIN,4,11,SAN02,waldm003,woods002
2024,SFN202408210,2024-08-21,0,SFN,CHA,2,6,SFO03,webbl001,crocg001
2024,SLN202408210,2024-08-21,0,SLN,MIL,10,6,STL10,gibsk002,myert001
2024,TEX202408210,2024-08-21,0,TEX,PIT,1,0,ARL03,heana001,germd001
2024,TOR202408210,2024-08-21,0,TOR,CIN,7,11,TOR02,rodry003,martn002
2024,WAS202408210,2024-08-21,0,WAS,COL,6,1,WAS11,parkm001,gordt002
2024,ATL202408220,2024-08-22,0,ATL,PHI,3,2,ATL03,schws001,sancc002
2024,BAL202408220,2024-08-22,0,BAL,HOU,0,6,BAL12,burnc002,arris001
2024,CHN202408220,2024-08-22,0,CHN,DET,10,2,CHI11,steej002,holtt002
2024,NYA202408220,2024-08-22,0,NYA,CLE,6,0,NYC21,coleg001,willg004
2024,OAK202408220,2024-08-22,0,OAK,TBA,3,1,OAK01,bidoo001,sprij001
2024,PIT202408220,2024-08-22,0,PIT,CIN,7,0,PIT08,skenp001,lodon001
2024,SDN202408220,2024-08-22,0,SDN,NYN,3,8,SAN02,ceasd001,sevel001
2024,SLN202408220,2024-08-22,0,SLN,MIL,3,0,STL10,mikom001,peraf001
2024,TOR202408220,2024-08-22,0,TOR,ANA,5,3,TOR02,burrr002,burkb001
2024,WAS202408220,2024-08-22,0,WAS,COL,8,3,WAS11,corbp001,quanc001
2024,ATL202408230,2024-08-23,0,ATL,WAS,3,2,ATL03,salec001,gorem001
2024,BAL202408230,2024-08-23,0,BAL,HOU,7,5,BAL12,povic001,browh001
2024,BOS202408230,2024-08-23,0,BOS,ARI,2,12,BOS07,bellb002,nelsr003
2024,CHA202408230,2024-08-23,0,CHA,DET,2,5,CHI12,flexc001,montk001
2024,CLE202408230,2024-08-23,0,CLE,TEX,3,5,CLE08,bibet001,eovan001
2024,KCA202408230,2024-08-23,0,KCA,PHI,7,4,KAN06,wachm001,walkt004
2024,LAN202408230,2024-08-23,0,LAN,TBA,7,3,LOS03,millb005,alext001
2024,MIA202408230,2024-08-23,0,MIA,CHN,3,6,MIA02,meyem001,hendk001
2024,MIN202408230,2024-08-23,0,MIN,SLN,1,6,MIN04,festd001,palla001
2024,NYA202408230,2024-08-23,0,NYA,COL,3,0,NYC21,rodoc001,freek001
2024,OAK202408230,2024-08-23,0,OAK,MIL,3,11,OAK01,searj001,civaa001
2024,PIT202408230,2024-08-23,0,PIT,CIN,6,5,PIT08,faltb001,farmb001
2024,SDN202408230,2024-08-23,0,SDN,NYN,7,0,SAN02,musgj001,blacp001
2024,SEA202408230,2024-08-23,0,SEA,SFN,6,5,SEA03,castl003,birdh001
2024,TOR202408230,2024-08-23,0,TOR,ANA,5,4,TOR02,bassc001,kochj001
2024,ATL202408240,2024-08-24,0,ATL,WAS,4,2,ATL03,mortc002,irvij001
2024,BAL202408240,2024-08-24,0,BAL,HOU,3,2,BAL12,suara001,valdf001
2024,BOS202408240,2024-08-24,0,BOS,ARI,1,4,BOS07,crawk001,gallz001
2024,CHA202408240,2024-08-24,0,CHA,DET,4,13,CHI12,bushk001,skubt001
2024,CLE202408240,2024-08-24,0,CLE,TEX,13,5,CLE08,liveb001,grayj003
2024,KCA202408240,2024-08-24,0,KCA,PHI,2,11,KAN06,singb001,suarr001
2024,LAN202408240,2024-08-24,0,LAN,TBA,8,9,LOS03,kersc001,bradt002
2024,MIA202408240,2024-08-24,0,MIA,CHN,2,14,MIA02,bellv001,imans001
2024,MIN202408240,2024-08-24,0,MIN,SLN,6,0,MIN04,lopep002,grays001
2024,NYA202408240,2024-08-24,0,NYA,COL,2,9,NYC21,warrw001,blalb001
2024,OAK202408240,2024-08-24,0,OAK,MIL,5,9,OAK01,boylj001,rea-c001
2024,PIT202408240,2024-08-24,0,PIT,CIN,2,10,PIT08,woodj003,aguij002
2024,SDN202408240,2024-08-24,0,SDN,NYN,1,7,SAN02,kingm002,peted003
2024,SEA202408240,2024-08-24,0,SEA,SFN,3,4,SEA03,kirbg001,snelb001
2024,TOR202408240,2024-08-24,0,TOR,ANA,3,1,TOR02,franb002,fulmc001
2024,ATL202408250,2024-08-25,0,ATL,WAS,1,5,ATL03,loper003,herzd001
2024,BAL202408250,2024-08-25,0,BAL,HOU,3,6,BAL12,kremd001,kikuy001
2024,BOS202408250,2024-08-25,0,BOS,ARI,5,7,BOS07,houct001,kellm002
2024,CHA202408250,2024-08-25,0,CHA,DET,4,9,CHI12,cannj001,brieb001
2024,CLE202408250,2024-08-25,0,CLE,TEX,4,2,CLE08,boydm001,bradc003
2024,KCA202408250,2024-08-25,0,KCA,PHI,3,11,KAN06,lugos001,allak001
2024,LAN202408250,2024-08-25,0,LAN,TBA,3,1,LOS03,stong001,lopej007
2024,MIA202408250,2024-08-25,0,MIA,CHN,7,2,MIA02,ollea001,assaj001
2024,MIN202408250,2024-08-25,0,MIN,SLN,2,3,MIN04,mattz001,fedde001
2024,NYA202408250,2024-08-25,0,NYA,COL,10,3,NYC21,strom001,gomba001
2024,OAK202408250,2024-08-25,0,OAK,MIL,4,3,OAK01,estej001,montf001
2024,PIT202408250,2024-08-25,0,PIT,CIN,4,3,PIT08,ortil003,martn002
2024,SDN202408250,2024-08-25,0,SDN,NYN,3,2,SAN02,perem004,quinj001
2024,SEA202408250,2024-08-25,0,SEA,SFN,4,3,SEA03,woo-b001,ray-r002
2024,TOR202408250,2024-08-25,0,TOR,ANA,8,2,TOR02,gausk001,andet002
2024,BOS202408260,2024-08-26,0,BOS,TOR,3,7,BOS07,kellz001,berrj001
2024,CHA202408260,2024-08-26,0,CHA,DET,3,6,CHI12,martd006,maddt001
2024,CLE202408261,2024-08-26,1,CLE,KCA,3,4,CLE08,sandn001,ragac001
2024,CLE202408262,2024-08-26,2,CLE,KCA,4,9,CLE08,allel003,marsa001
2024,COL202408260,2024-08-26,0,COL,MIA,3,2,DEN02,feltr001,cabre003
2024,MIN202408260,2024-08-26,0,MIN,ATL,6,10,MIN04,oberb002,friem001
2024,PHI202408260,2024-08-26,0,PHI,HOU,3,2,PHI13,wheez001,blanr001
2024,PIT202408260,2024-08-26,0,PIT,CHN,8,18,PIT08,kellm003,tailj001
2024,SEA202408260,2024-08-26,0,SEA,TBA,5,1,SEA03,millb004,pepir001
2024,SLN202408260,2024-08-26,0,SLN,SDN,4,7,STL10,gibsk002,vasqr001
2024,WAS202408260,2024-08-26,0,WAS,NYA,2,5,WAS11,parkm001,cortn001
2024,ARI202408270,2024-08-27,0,ARI,NYN,3,8,PHO01,pfaab001,manas001
2024,BOS202408270,2024-08-27,0,BOS,TOR,6,3,BOS07,crisc002,rodry003
2024,CHA202408270,2024-08-27,0,CHA,TEX,1,3,CHI12,crocg001,heana001
2024,CIN202408270,2024-08-27,0,CIN,OAK,4,5,CIN09,junij001,spenm001
2024,CLE202408270,2024-08-27,0,CLE,KCA,1,6,CLE08,willg004,lorem002
2024,COL202408270,2024-08-27,0,COL,MIA,8,9,DEN02,quanc001,munor001
2024,DET202408270,2024-08-27,0,DET,ANA,6,2,DET05,hurtb001,cuetj001
2024,LAN202408270,2024-08-27,0,LAN,BAL,2,3,LOS03,flahj002,irvic001
2024,MIL202408270,2024-08-27,0,MIL,SFN,4,5,MIL06,myert001,webbl001
2024,MIN202408270,2024-08-27,0,MIN,ATL,6,8,MIN04,woods002,schws001
2024,PHI202408270,2024-08-27,0,PHI,HOU,5,0,PHI13,nolaa001,verlj001
2024,PIT202408270,2024-08-27,0,PIT,CHN,5,9,PIT08,jonej008,steej002
2024,SEA202408270,2024-08-27,0,SEA,TBA,2,3,SEA03,gilbl002,sprij001
2024,SLN202408270,2024-08-27,0,SLN,SDN,5,7,STL10,mikom001,ceasd001
2024,WAS202408270,2024-08-27,0,WAS,NYA,4,2,WAS11,corbp001,coleg001
2024,ARI202408280,2024-08-28,0,ARI,NYN,8,5,PHO01,rodre004,sevel001
2024,BOS202408280,2024-08-28,0,BOS,TOR,3,0,BOS07,bellb002,bassc001
2024,CHA202408280,2024-08-28,0,CHA,TEX,3,4,CHI12,fostm001,leitj001
2024,CIN202408280,2024-08-28,0,CIN,OAK,6,9,CIN09,cruzf002,bidoo001
2024,CLE202408280,2024-08-28,0,CLE,KCA,7,5,CLE08,bibet001,wachm001
2024,COL202408280,2024-08-28,0,COL,MIA,8,2,DEN02,freek001,meyem001
2024,DET202408280,2024-08-28,0,DET,ANA,3,2,DET05,englm001,canng001
2024,LAN202408280,2024-08-28,0,LAN,BAL,6,4,LOS03,buehw001,burnc002
2024,MIL202408280,2024-08-28,0,MIL,SFN,5,3,MIL06,peraf001,harrk001
2024,MIN202408280,2024-08-28,0,MIN,ATL,1,5,MIN04,festd001,salec001
2024,PHI202408280,2024-08-28,0,PHI,HOU,0,10,PHI13,walkt004,arris001
2024,PIT202408280,2024-08-28,0,PIT,CHN,10,14,PIT08,skenp001,hendk001
2024,SEA202408280,2024-08-28,0,SEA,TBA,6,2,SEA03,castl003,rasmd002
2024,SLN202408280,2024-08-28,0,SLN,SDN,4,3,STL10,palla001,musgj001
2024,WAS202408280,2024-08-28,0,WAS,NYA,5,2,WAS11,gorem001,rodoc001
2024,ARI202408290,2024-08-29,0,ARI,NYN,2,3,PHO01,nelsr003,peted003
2024,BOS202408290,2024-08-29,0,BOS,TOR,0,2,BOS07,crawk001,franb002
2024,CHA202408290,2024-08-29,0,CHA,TEX,1,2,CHI12,nastn001,eovan001
2024,CIN202408290,2024-08-29,0,CIN,OAK,10,9,CIN09,aguij002,ginnj001
2024,COL202408290,2024-08-29,0,COL,MIA,8,12,DEN02,blalb001,bellv001
2024,DET202408290,2024-08-29,0,DET,ANA,0,3,DET05,montk001,kochj001
2024,HOU202408290,2024-08-29,0,HOU,KCA,6,3,HOU03,browh001,singb001
2024,LAN202408290,2024-08-29,0,LAN,BAL,6,3,LOS03,millb005,povic001
2024,MIL202408290,2024-08-29,0,MIL,SFN,6,0,MIL06,civaa001,birdh001
2024,PHI202408290,2024-08-29,0,PHI,ATL,5,4,PHI13,sancc002,mortc002
2024,SLN202408290,2024-08-29,0,SLN,SDN,4,1,STL10,grays001,kingm002
2024,ANA202408300,2024-08-30,0,ANA,SEA,5,9,ANA01,aldes001,kirbg001
2024,ARI202408300,2024-08-30,0,ARI,LAN,9,10,PHO01,gallz001,kersc001
2024,CHA202408300,2024-08-30,0,CHA,NYN,1,5,CHI12,cannj001,megit002
2024,CIN202408301,2024-08-30,1,CIN,MIL,4,5,CIN09,martn002,rea-c001
2024,CIN202408302,2024-08-30,2,CIN,MIL,0,14,CIN09,lowdr001,halld004
2024,CLE202408300,2024-08-30,0,CLE,PIT,10,8,CLE08,liveb001,faltb001
2024,COL202408300,2024-08-30,0,COL,BAL,3,5,DEN02,gomba001,suara001
2024,DET202408300,2024-08-30,0,DET,BOS,5,7,DET05,mizec001,houct001
2024,HOU202408300,2024-08-30,0,HOU,KCA,3,2,HOU03,valdf001,lugos001
2024,MIN202408300,2024-08-30,0,MIN,TOR,2,0,MIN04,lopep002,gausk001
2024,NYA202408300,2024-08-30,0,NYA,SLN,6,3,NYC21,strom001,fedde001
2024,PHI202408300,2024-08-30,0,PHI,ATL,2,7,PHI13,suarr001,loper003
2024,SFN202408300,2024-08-30,0,SFN,MIA,3,1,SFO03,snelb001,ollea001
2024,TBA202408300,2024-08-30,0,TBA,SDN,5,13,STP01,bradt002,perem004
2024,TEX202408300,2024-08-30,0,TEX,OAK,2,9,ARL03,grayj003,searj001
2024,WAS202408300,2024-08-30,0,WAS,CHN,6,7,WAS11,irvij001,imans001
2024,ANA202408310,2024-08-31,0,ANA,SEA,5,4,ANA01,andet002,woo-b001
2024,ARI202408310,2024-08-31,0,ARI,LAN,6,8,PHO01,kellm002,stong001
2024,CHA202408310,2024-08-31,0,CHA,NYN,3,5,CHI12,martd006,quinj001
2024,CIN202408310,2024-08-31,0,CIN,MIL,4,5,CIN09,cruzf002,montf001
2024,CLE202408310,2024-08-31,0,CLE,PIT,0,3,CLE08,boydm001,ortil003
2024,COL202408310,2024-08-31,0,COL,BAL,7,5,DEN02,feltr001,kremd001
2024,DET202408310,2024-08-31,0,DET,BOS,2,1,DET05,skubt001,piven001
2024,HOU202408310,2024-08-31,0,HOU,KCA,5,2,HOU03,kikuy001,ragac001
2024,MIN202408310,2024-08-31,0,MIN,TOR,0,15,MIN04,mattz001,berrj001
2024,NYA202408310,2024-08-31,0,NYA,SLN,5,6,NYC21,warrw001,gibsk002
2024,PHI202408310,2024-08-31,0,PHI,ATL,3,0,PHI13,wheez001,friem001
2024,SFN202408310,2024-08-31,0,SFN,MIA,3,4,SFO03,blacm001,cabre003
2024,TBA202408310,2024-08-31,0,TBA,SDN,11,4,STP01,baz-s001,vasqr001
2024,TEX202408310,2024-08-31,0,TEX,OAK,3,2,ARL03,bradc003,estej001
2024,WAS202408310,2024-08-31,0,WAS,CHN,3,5,WAS11,herzd001,assaj001
2024,ANA202409010,2024-09-01,0,ANA,SEA,3,2,ANA01,danac001,millb004
2024,ARI202409010,2024-09-01,0,ARI,LAN,14,3,PHO01,pfaab001,wrobj001
2024,CHA202409010,2024-09-01,0,CHA,NYN,0,2,CHI12,crocg001,manas001
2024,CIN202409010,2024-09-01,0,CIN,MIL,4,3,CIN09,willb003,myert001
2024,CLE202409010,2024-09-01,0,CLE,PIT,6,1,CLE08,cobba001,kellm003
2024,COL202409010,2024-09-01,0,COL,BAL,1,6,DEN02,blact002,efliz001
2024,DET202409010,2024-09-01,0,DET,BOS,4,1,DET05,brieb001,crisc002
2024,HOU202409010,2024-09-01,0,HOU,KCA,7,2,HOU03,blanr001,marsa001
2024,MIN202409010,2024-09-01,0,MIN,TOR,4,3,MIN04,oberb002,rodry003
2024,NYA202409010,2024-09-01,0,NYA,SLN,7,14,NYC21,cortn001,mikom001
2024,PHI202409010,2024-09-01,0,PHI,ATL,3,2,PHI13,nolaa001,schws001
2024,SFN202409010,2024-09-01,0,SFN,MIA,5,7,SFO03,webbl001,mccad002
2024,TBA202409010,2024-09-01,0,TBA,SDN,3,4,STP01,pepir001,ceasd001
2024,TEX202409010,2024-09-01,0,TEX,OAK,6,4,ARL03,pennw002,spenm001
2024,WAS202409010,2024-09-01,0,WAS,CHN,1,14,WAS11,parkm001,wickj001
2024,ARI202409020,2024-09-02,0,ARI,LAN,6,11,PHO01,rodre004,flahj002
2024,BAL202409020,2024-09-02,0,BAL,CHA,13,3,BAL12,burnc002,flexc001
2024,CHN202409020,2024-09-02,0,CHN,PIT,3,5,CHI11,tailj001,jonej008
2024,CIN202409020,2024-09-02,0,CIN,HOU,5,3,CIN09,aguij002,verlj001
2024,KCA202409020,2024-09-02,0,KCA,CLE,2,4,KAN06,wachm001,willg004
2024,MIL202409020,2024-09-02,0,MIL,SLN,9,3,MIL06,peraf001,palla001
2024,NYN202409020,2024-09-02,0,NYN,BOS,4,1,NYC20,sevel001,bellb002
2024,OAK202409020,2024-09-02,0,OAK,SEA,5,4,OAK01,bidoo001,gilbl002
2024,SDN202409020,2024-09-02,0,SDN,DET,3,0,SAN02,musgj001,holtt002
2024,TBA202409020,2024-09-02,0,TBA,MIN,4,5,STP01,littz001,woods002
2024,TEX202409020,2024-09-02,0,TEX,NYA,4,8,ARL03,leitj001,coleg001
2024,ANA202409030,2024-09-03,0,ANA,LAN,2,6,ANA01,detmr001,buehw001
2024,ATL202409030,2024-09-03,0,ATL,COL,3,0,ATL03,salec001,freek001
2024,BAL202409030,2024-09-03,0,BAL,CHA,9,0,BAL12,povic001,nastn001
2024,CHN202409030,2024-09-03,0,CHN,PIT,0,5,CHI11,hendk001,skenp001
2024,KCA202409030,2024-09-03,0,KCA,CLE,1,7,KAN06,singb001,bibet001
2024,MIA202409030,2024-09-03,0,MIA,WAS,2,6,MIA02,meyem001,corbp001
2024,MIL202409030,2024-09-03,0,MIL,SLN,4,7,MIL06,civaa001,matzs001
2024,NYN202409030,2024-09-03,0,NYN,BOS,7,2,NYC20,peted003,crawk001
2024,OAK202409030,2024-09-03,0,OAK,SEA,3,2,OAK01,ginnj001,castl003
2024,SFN202409030,2024-09-03,0,SFN,ARI,7,8,SFO03,harrk001,nelsr003
2024,TBA202409030,2024-09-03,0,TBA,MIN,2,1,STP01,sprij001,festd001
2024,TEX202409030,2024-09-03,0,TEX,NYA,7,4,ARL03,heana001,rodoc001
2024,TOR202409030,2024-09-03,0,TOR,PHI,9,10,TOR02,bassc001,philt002
2024,ANA202409040,2024-09-04,0,ANA,LAN,10,1,ANA01,canng001,millb005
2024,ATL202409040,2024-09-04,0,ATL,COL,5,2,ATL03,mortc002,blalb001
2024,BAL202409040,2024-09-04,0,BAL,CHA,1,8,BAL12,suara001,cannj001
2024,CHN202409040,2024-09-04,0,CHN,PIT,12,0,CHI11,imans001,germd001
2024,CIN202409040,2024-09-04,0,CIN,HOU,12,5,CIN09,martn002,arris001
2024,KCA202409040,2024-09-04,0,KCA,CLE,4,1,KAN06,lugos001,liveb001
2024,MIA202409040,2024-09-04,0,MIA,WAS,4,3,MIA02,bellv001,gorem001
2024,MIL202409040,2024-09-04,0,MIL,SLN,2,3,MIL06,rea-c001,grays001
2024,NYN202409040,2024-09-04,0,NYN,BOS,8,3,NYC20,megit002,houct001
2024,OAK202409040,2024-09-04,0,OAK,SEA,3,16,OAK01,searj001,kirbg001
2024,SDN202409040,2024-09-04,0,SDN,DET,6,5,SAN02,darvy001,montk001
2024,SFN202409040,2024-09-04,0,SFN,ARI,4,6,SFO03,birdh001,gallz001
2024,TBA202409040,2024-09-04,0,TBA,MIN,9,4,STP01,sulsc001,henrr001
2024,TEX202409040,2024-09-04,0,TEX,NYA,10,6,ARL03,eovan001,strom001
2024,TOR202409040,2024-09-04,0,TOR,PHI,2,4,TOR02,franb002,sancc002
2024,ATL202409050,2024-09-05,0,ATL,COL,1,3,ATL03,loper003,gomba001
2024,CIN202409050,2024-09-05,0,CIN,HOU,1,0,CIN09,lowdr001,browh001
2024,MIA202409050,2024-09-05,0,MIA,PHI,2,5,MIA02,ollea001,suarr001
2024,OAK202409050,2024-09-05,0,OAK,SEA,4,6,OAK01,estej001,woo-b001
2024,PIT202409050,2024-09-05,0,PIT,WAS,9,4,PIT08,faltb001,irvij001
2024,SDN202409050,2024-09-05,0,SDN,DET,3,4,SAN02,perem004,mizec001
2024,SFN202409050,2024-09-05,0,SFN,ARI,3,2,SFO03,snelb001,kellm002
2024,TBA202409050,2024-09-05,0,TBA,MIN,3,4,STP01,bradt002,lopep002
2024,TEX202409050,2024-09-05,0,TEX,ANA,3,1,ARL03,bradc003,kochj001
2024,ATL202409060,2024-09-06,0,ATL,TOR,3,1,ATL03,friem001,gausk001
2024,BAL202409060,2024-09-06,0,BAL,TBA,2,0,BAL12,kremd001,baz-s001
2024,BOS202409060,2024-09-06,0,BOS,CHA,3,1,BOS07,piven001,martd006
2024,CHN202409060,2024-09-06,0,CHN,NYA,0,3,CHI11,wickj001,gil-l001
2024,HOU202409060,2024-09-06,0,HOU,ARI,8,0,HOU03,valdf001,pfaab001
2024,KCA202409060,2024-09-06,0,KCA,MIN,5,0,KAN06,ragac001,mattz001
2024,LAN202409060,2024-09-06,0,LAN,CLE,1,3,LOS03,knacl001,boydm001
2024,MIA202409060,2024-09-06,0,MIA,PHI,2,16,MIA02,kitca001,wheez001
2024,MIL202409060,2024-09-06,0,MIL,COL,2,3,MIL06,montf001,feltr001
2024,NYN202409060,2024-09-06,0,NYN,CIN,6,4,NYC20,manas001,cruzf002
2024,OAK202409060,2024-09-06,0,OAK,DET,7,6,OAK01,spenm001,skubt001
2024,SDN202409060,2024-09-06,0,SDN,SFN,5,1,SAN02,kingm002,blacm001
2024,SLN202409060,2024-09-06,0,SLN,SEA,1,6,STL10,fedde001,millb004
2024,TEX202409060,2024-09-06,0,TEX,ANA,1,5,ARL03,garag001,aldes001
2024,ATL202409070,2024-09-07,0,ATL,TOR,5,9,ATL03,schws001,berrj001
2024,BAL202409070,2024-09-07,0,BAL,TBA,1,7,BAL12,efliz001,pepir001
2024,BOS202409070,2024-09-07,0,BOS,CHA,7,5,BOS07,crisc002,crocg001
2024,CHN202409070,2024-09-07,0,CHN,NYA,0,2,CHI11,assaj001,schmc002
2024,HOU202409070,2024-09-07,0,HOU,ARI,11,5,HOU03,kikuy001,rodre004
2024,KCA202409070,2024-09-07,0,KCA,MIN,4,2,KAN06,marsa001,oberb002
2024,LAN202409070,2024-09-07,0,LAN,CLE,7,2,LOS03,brasr001,willg004
2024,MIA202409070,2024-09-07,0,MIA,PHI,9,5,MIA02,mccad002,nolaa001
2024,MIL202409070,2024-09-07,0,MIL,COL,5,2,MIL06,myert001,blact002
2024,NYN202409070,2024-09-07,0,NYN,CIN,4,0,NYC20,quinj001,junij001
2024,OAK202409070,2024-09-07,0,OAK,DET,1,2,OAK01,bassb002,hanib001
2024,PIT202409071,2024-09-07,1,PIT,WAS,3,5,PIT08,ortil003,herzd001
2024,PIT202409072,2024-09-07,2,PIT,WAS,6,8,PIT08,kellm003,parkm001
2024,SDN202409070,2024-09-07,0,SDN,SFN,3,6,SAN02,ceasd001,webbl001
2024,SLN202409070,2024-09-07,0,SLN,SEA,2,0,STL10,gibsk002,gilbl002
2024,TEX202409070,2024-09-07,0,TEX,ANA,6,4,ARL03,leitj001,andet002
2024,ATL202409080,2024-09-08,0,ATL,TOR,4,3,ATL03,salec001,rodry003
2024,BAL202409080,2024-09-08,0,BAL,TBA,0,2,BAL12,burnc002,littz001
2024,BOS202409080,2024-09-08,0,BOS,CHA,2,7,BOS07,fittr001,flexc001
2024,CHN202409080,2024-09-08,0,CHN,NYA,2,1,CHI11,tailj001,coleg001
2024,HOU202409080,2024-09-08,0,HOU,ARI,6,12,HOU03,verlj001,nelsr003
2024,KCA202409080,2024-09-08,0,KCA,MIN,2,0,KAN06,wachm001,woods002
2024,LAN202409080,2024-09-08,0,LAN,CLE,4,0,LOS03,flahj002,bibet001
2024,MIA202409080,2024-09-08,0,MIA,PHI,10,1,MIA02,cabre003,johns003
2024,MIL202409080,2024-09-08,0,MIL,COL,1,4,MIL06,peraf001,freek001
2024,NYN202409080,2024-09-08,0,NYN,CIN,1,3,NYC20,sevel001,aguij002
2024,OAK202409080,2024-09-08,0,OAK,DET,1,9,OAK01,ginnj001,brieb001
2024,PIT202409080,2024-09-08,0,PIT,WAS,7,3,PIT08,jonej008,corbp001
2024,SDN202409080,2024-09-08,0,SDN,SFN,6,7,SAN02,musgj001,bives001
2024,SLN202409080,2024-09-08,0,SLN,SEA,4,10,STL10,mikom001,castl003
2024,TEX202409080,2024-09-08,0,TEX,ANA,7,4,ARL03,heana001,danac001
2024,ATL202409090,2024-09-09,0,ATL,CIN,0,1,ATL03,mortc002,martn002
2024,BOS202409090,2024-09-09,0,BOS,BAL,12,3,BOS07,bellb002,povic001
2024,CHA202409090,2024-09-09,0,CHA,CLE,3,5,CHI12,shusj001,cantj002
2024,LAN202409090,2024-09-09,0,LAN,CHN,4,10,LOS03,buehw001,hendk001
2024,MIN202409090,2024-09-09,0,MIN,ANA,2,6,MIN04,festd001,detmr001
2024,NYA202409090,2024-09-09,0,NYA,KCA,10,4,NYC21,rodoc001,singb001
2024,PHI202409090,2024-09-09,0,PHI,TBA,2,1,PHI13,sancc002,sulsc001
2024,PIT202409090,2024-09-09,0,PIT,MIA,3,2,PIT08,skenp001,bellv001
2024,TOR202409090,2024-09-09,0,TOR,NYN,2,3,TOR02,burrr002,megit002
2024,ARI202409100,2024-09-10,0,ARI,TEX,6,0,PHO01,gallz001,eovan001
2024,BOS202409100,2024-09-10,0,BOS,BAL,3,5,BOS07,crawk001,suara001
2024,CHA202409100,2024-09-10,0,CHA,CLE,0,5,CHI12,cannj001,liveb001
2024,DET202409100,2024-09-10,0,DET,COL,11,0,DET05,montk001,blalb001
2024,HOU202409100,2024-09-10,0,HOU,OAK,3,4,HOU03,arris001,searj001
2024,LAN202409100,2024-09-10,0,LAN,CHN,3,6,LOS03,yamay001,imans001
2024,MIN202409100,2024-09-10,0,MIN,ANA,10,5,MIN04,lopep002,canng001
2024,NYA202409100,2024-09-10,0,NYA,KCA,0,5,NYC21,strom001,lugos001
2024,PHI202409100,2024-09-10,0,PHI,TBA,9,4,PHI13,suarr001,bradt002
2024,PIT202409100,2024-09-10,0,PIT,MIA,6,4,PIT08,mlodc001,ollea001
2024,SEA202409100,2024-09-10,0,SEA,SDN,3,7,SEA03,kirbg001,darvy001
2024,SFN202409100,2024-09-10,0,SFN,MIL,2,3,SFO03,roupl001,civaa001
2024,SLN202409100,2024-09-10,0,SLN,CIN,0,3,STL10,palla001,lowdr001
2024,TOR202409100,2024-09-10,0,TOR,NYN,6,2,TOR02,bassc001,peted003
2024,WAS202409100,2024-09-10,0,WAS,ATL,0,12,WAS11,gorem001,loper003
2024,ARI202409110,2024-09-11,0,ARI,TEX,14,4,PHO01,kellm002,bradc003
2024,BOS202409110,2024-09-11,0,BOS,BAL,5,3,BOS07,piven001,kremd001
2024,CHA202409110,2024-09-11,0,CHA,CLE,4,6,CHI12,martd006,boydm001
2024,DET202409110,2024-09-11,0,DET,COL,7,4,DET05,mizec001,gordt002
2024,HOU202409110,2024-09-11,0,HOU,OAK,4,5,HOU03,browh001,estej001
2024,LAN202409110,2024-09-11,0,LAN,CHN,10,8,LOS03,millb005,wickj001
2024,MIN202409110,2024-09-11,0,MIN,ANA,6,4,MIN04,mattz001,kochj001
2024,NYA202409110,2024-09-11,0,NYA,KCA,4,3,NYC21,gil-l001,ragac001
2024,PHI202409110,2024-09-11,0,PHI,TBA,3,2,PHI13,wheez001,baz-s001
2024,PIT202409110,2024-09-11,0,PIT,MIA,3,1,PIT08,faltb001,bermj001
2024,SEA202409110,2024-09-11,0,SEA,SDN,5,2,SEA03,woo-b001,kingm002
2024,SFN202409110,2024-09-11,0,SFN,MIL,13,2,SFO03,snelb001,rea-c001
2024,SLN202409110,2024-09-11,0,SLN,CIN,2,1,STL10,lynnl001,willb003
2024,TOR202409110,2024-09-11,0,TOR,NYN,2,6,TOR02,franb002,manas001
2024,WAS202409110,2024-09-11,0,WAS,ATL,5,1,WAS11,irvij001,friem001
2024,CLE202409120,2024-09-12,0,CLE,TBA,2,5,CLE08,willg004,pepir001
2024,DET202409120,2024-09-12,0,DET,COL,2,4,DET05,skubt001,feltr001
2024,HOU202409120,2024-09-12,0,HOU,OAK,6,3,HOU03,valdf001,spenm001
2024,NYA202409120,2024-09-12,0,NYA,BOS,2,1,NYC21,cortn001,crisc002
2024,SEA202409120,2024-09-12,0,SEA,TEX,4,5,SEA03,millb004,rockk001
2024,SFN202409120,2024-09-12,0,SFN,MIL,0,3,SFO03,birdh001,montf001
2024,SLN202409120,2024-09-12,0,SLN,CIN,6,1,STL10,grays001,junij001
2024,WAS202409120,2024-09-12,0,WAS,MIA,3,6,WAS11,parkm001,mccad002
2024,ANA202409130,2024-09-13,0,ANA,HOU,3,5,ANA01,aldes001,kikuy001
2024,ARI202409130,2024-09-13,0,ARI,MIL,1,2,PHO01,rodre004,peraf001
2024,ATL202409130,2024-09-13,0,ATL,LAN,6,2,ATL03,schws001,knacl001
2024,CHA202409130,2024-09-13,0,CHA,OAK,0,2,CHI12,crocg001,bassb002
2024,CLE202409130,2024-09-13,0,CLE,TBA,1,3,CLE08,bibet001,littz001
2024,COL202409130,2024-09-13,0,COL,CHN,9,5,DEN02,gomba001,assaj001
2024,DET202409130,2024-09-13,0,DET,BAL,1,0,DET05,brieb001,efliz001
2024,MIN202409130,2024-09-13,0,MIN,CIN,4,8,MIN04,oberb002,aguij002
2024,NYA202409130,2024-09-13,0,NYA,BOS,5,4,NYC21,schmc002,fittr001
2024,PHI202409130,2024-09-13,0,PHI,NYN,3,11,PHI13,nolaa001,quinj001
2024,PIT202409130,2024-09-13,0,PIT,KCA,3,8,PIT08,ortil003,marsa001
2024,SEA202409130,2024-09-13,0,SEA,TEX,5,4,SEA03,hance001,degrj001
2024,SFN202409130,2024-09-13,0,SFN,SDN,0,5,SFO03,webbl001,ceasd001
2024,TOR202409130,2024-09-13,0,TOR,SLN,4,3,TOR02,gausk001,fedde001
2024,WAS202409130,2024-09-13,0,WAS,MIA,4,1,WAS11,herzd001,cabre003
2024,ANA202409140,2024-09-14,0,ANA,HOU,3,5,ANA01,andet002,verlj001
2024,ARI202409140,2024-09-14,0,ARI,MIL,8,15,PHO01,pfaab001,myert001
2024,ATL202409140,2024-09-14,0,ATL,LAN,10,1,ATL03,salec001,flahj002
2024,CHA202409140,2024-09-14,0,CHA,OAK,7,6,CHI12,flexc001,ginnj001
2024,CLE202409140,2024-09-14,0,CLE,TBA,6,1,CLE08,cantj002,rasmd002
2024,COL202409140,2024-09-14,0,COL,CHN,6,5,DEN02,freek001,tailj001
2024,DET202409140,2024-09-14,0,DET,BAL,2,4,DET05,brieb001,burnc002
2024,MIN202409140,2024-09-14,0,MIN,CIN,1,11,MIN04,woods002,martn002
2024,NYA202409140,2024-09-14,0,NYA,BOS,1,7,NYC21,coleg001,bellb002
2024,PHI202409140,2024-09-14,0,PHI,NYN,6,4,PHI13,allak001,sevel001
2024,PIT202409140,2024-09-14,0,PIT,KCA,1,5,PIT08,kellm003,wachm001
2024,SEA202409140,2024-09-14,0,SEA,TEX,5,4,SEA03,gilbl002,schem001
2024,SFN202409140,2024-09-14,0,SFN,SDN,0,8,SFO03,blacm001,musgj001
2024,TOR202409140,2024-09-14,0,TOR,SLN,7,2,TOR02,berrj001,gibsk002
2024,WAS202409140,2024-09-14,0,WAS,MIA,4,1,WAS11,corbp001,bellv001
2024,ANA202409150,2024-09-15,0,ANA,HOU,4,6,ANA01,danac001,blanr001
2024,ARI202409150,2024-09-15,0,ARI,MIL,11,10,PHO01,gallz001,halld004
2024,ATL202409150,2024-09-15,0,ATL,LAN,2,9,ATL03,mortc002,buehw001
2024,CHA202409150,2024-09-15,0,CHA,OAK,4,3,CHI12,burks001,searj001
2024,CLE202409150,2024-09-15,0,CLE,TBA,2,0,CLE08,liveb001,bradt002
2024,COL202409150,2024-09-15,0,COL,CHN,2,6,DEN02,quanc001,hendk001
2024,DET202409150,2024-09-15,0,DET,BAL,4,2,DET05,montk001,povic001
2024,MIN202409150,2024-09-15,0,MIN,CIN,9,2,MIN04,festd001,lowdr001
2024,NYA202409150,2024-09-15,0,NYA,BOS,5,2,NYC21,rodoc001,crawk001
2024,PHI202409150,2024-09-15,0,PHI,NYN,2,1,PHI13,sancc002,peted003
2024,PIT202409150,2024-09-15,0,PIT,KCA,4,3,PIT08,jonej008,singb001
2024,SEA202409150,2024-09-15,0,SEA,TEX,7,0,SEA03,kirbg001,heana001
2024,SFN202409150,2024-09-15,0,SFN,SDN,3,4,SFO03,roupl001,perem004
2024,TOR202409150,2024-09-15,0,TOR,SLN,3,2,TOR02,rodry003,mikom001
2024,WAS202409150,2024-09-15,0,WAS,MIA,4,3,WAS11,gorem001,ollea001
2024,ANA202409160,2024-09-16,0,ANA,CHA,4,8,ANA01,detmr001,cannj001
2024,ATL202409160,2024-09-16,0,ATL,LAN,0,9,ATL03,friem001,yamay001
2024,CHN202409160,2024-09-16,0,CHN,OAK,9,2,CHI11,imans001,estej001
2024,CLE202409160,2024-09-16,0,CLE,MIN,4,3,CLE08,boydm001,lopep002
2024,COL202409160,2024-09-16,0,COL,ARI,3,2,DEN02,senza001,kellm002
2024,KCA202409160,2024-09-16,0,KCA,DET,6,7,KAN06,lugos001,olsor001
2024,MIL202409160,2024-09-16,0,MIL,PHI,6,2,MIL06,civaa001,suarr001
2024,NYN202409160,2024-09-16,0,NYN,WAS,2,1,NYC20,manas001,irvij001
2024,SDN202409160,2024-09-16,0,SDN,HOU,3,1,SAN02,darvy001,arris001
2024,SLN202409160,2024-09-16,0,SLN,PIT,4,0,STL10,palla001,skenp001
2024,ANA202409170,2024-09-17,0,ANA,CHA,5,0,ANA01,canng001,martd006
2024,BAL202409170,2024-09-17,0,BAL,SFN,0,10,BAL12,suara001,snelb001
2024,CHN202409170,2024-09-17,0,CHN,OAK,3,4,CHI11,wickj001,spenm001
2024,CIN202409170,2024-09-17,0,CIN,ATL,6,5,CIN09,willb003,holmg001
2024,CLE202409170,2024-09-17,0,CLE,MIN,1,4,CLE08,willg004,mattz001
2024,COL202409170,2024-09-17,0,COL,ARI,8,2,DEN02,feltr001,montj004
2024,KCA202409170,2024-09-17,0,KCA,DET,1,3,KAN06,ragac001,mizec001
2024,MIA202409170,2024-09-17,0,MIA,LAN,11,9,MIA02,mccad002,millb005
2024,MIL202409170,2024-09-17,0,MIL,PHI,1,5,MIL06,montf001,wheez001
2024,NYN202409170,2024-09-17,0,NYN,WAS,10,1,NYC20,megit002,parkm001
2024,SDN202409170,2024-09-17,0,SDN,HOU,3,4,SAN02,kingm002,browh001
2024,SEA202409170,2024-09-17,0,SEA,NYA,2,11,SEA03,woo-b001,gil-l001
2024,SLN202409170,2024-09-17,0,SLN,PIT,3,1,STL10,lynnl001,faltb001
2024,TBA202409170,2024-09-17,0,TBA,BOS,8,3,STP01,baz-s001,piven001
2024,TEX202409170,2024-09-17,0,TEX,TOR,13,8,ARL03,eovan001,bassc001
2024,ANA202409180,2024-09-18,0,ANA,CHA,4,3,ANA01,kochj001,shusj001
2024,BAL202409180,2024-09-18,0,BAL,SFN,3,5,BAL12,kremd001,birdh001
2024,CHN202409180,2024-09-18,0,CHN,OAK,3,5,CHI11,steej002,bassb002
2024,CIN202409180,2024-09-18,0,CIN,ATL,1,7,CIN09,junij001,schws001
2024,CLE202409180,2024-09-18,0,CLE,MIN,5,4,CLE08,bibet001,oberb002
2024,COL202409180,2024-09-18,0,COL,ARI,4,9,DEN02,gomba001,rodre004
2024,KCA202409180,2024-09-18,0,KCA,DET,2,4,KAN06,marsa001,skubt001
2024,MIA202409180,2024-09-18,0,MIA,LAN,4,8,MIA02,weatr001,knacl001
2024,MIL202409180,2024-09-18,0,MIL,PHI,2,1,MIL06,peraf001,nolaa001
2024,NYN202409180,2024-09-18,0,NYN,WAS,10,0,NYC20,quinj001,herzd001
2024,SDN202409180,2024-09-18,0,SDN,HOU,4,0,SAN02,ceasd001,valdf001
2024,SEA202409180,2024-09-18,0,SEA,NYA,1,2,SEA03,millb004,cortn001
2024,SLN202409180,2024-09-18,0,SLN,PIT,10,5,STL10,grays001,woodj003
2024,TBA202409180,2024-09-18,0,TBA,BOS,1,2,STP01,pepir001,houct001
2024,TEX202409180,2024-09-18,0,TEX,TOR,2,0,ARL03,bradc003,franb002
2024,BAL202409190,2024-09-19,0,BAL,SFN,5,3,BAL12,efliz001,webbl001
2024,CHN202409190,2024-09-19,0,CHN,WAS,7,6,CHI11,assaj001,corbp001
2024,CIN202409190,2024-09-19,0,CIN,ATL,3,15,CIN09,aguij002,salec001
2024,CLE202409190,2024-09-19,0,CLE,MIN,3,2,CLE08,cantj002,woods002
2024,HOU202409190,2024-09-19,0,HOU,ANA,3,1,HOU03,kikuy001,suarj001
2024,MIA202409190,2024-09-19,0,MIA,LAN,4,20,MIA02,cabre003,flahj002
2024,MIL202409190,2024-09-19,0,MIL,ARI,1,5,MIL06,myert001,pfaab001
2024,NYN202409190,2024-09-19,0,NYN,PHI,10,6,NYC20,sevel001,walkt004
2024,SEA202409190,2024-09-19,0,SEA,NYA,3,2,SEA03,gilbl002,schmc002
2024,SLN202409190,2024-09-19,0,SLN,PIT,2,3,STL10,fedde001,ortil003
2024,TBA202409190,2024-09-19,0,TBA,BOS,2,0,STP01,littz001,bellb002
2024,TEX202409190,2024-09-19,0,TEX,TOR,0,4,ARL03,rockk001,gausk001
2024,BAL202409200,2024-09-20,0,BAL,DET,7,1,BAL12,burnc002,holtt002
2024,BOS202409200,2024-09-20,0,BOS,MIN,2,4,BOS07,fittr001,festd001
2024,CHN202409200,2024-09-20,0,CHN,WAS,3,1,CHI11,tailj001,willt002
2024,CIN202409200,2024-09-20,0,CIN,PIT,8,3,CIN09,martn002,kellm003
2024,HOU202409200,2024-09-20,0,HOU,ANA,9,7,HOU03,verlj001,andet002
2024,KCA202409200,2024-09-20,0,KCA,SFN,1,2,KAN06,wachm001,blacm001
2024,LAN202409200,2024-09-20,0,LAN,COL,6,4,LOS03,brasr001,freek001
2024,MIA202409200,2024-09-20,0,MIA,ATL,4,3,MIA02,bellv001,mortc002
2024,MIL202409200,2024-09-20,0,MIL,ARI,4,7,MIL06,rea-c001,gallz001
2024,NYN202409200,2024-09-20,0,NYN,PHI,2,12,NYC20,peted003,sancc002
2024,OAK202409200,2024-09-20,0,OAK,NYA,2,4,OAK01,ginnj001,coleg001
2024,SDN202409200,2024-09-20,0,SDN,CHA,3,2,SAN02,musgj001,crocg001
2024,SLN202409200,2024-09-20,0,SLN,CLE,1,5,STL10,gibsk002,liveb001
2024,TBA202409200,2024-09-20,0,TBA,TOR,1,0,STP01,alext001,berrj001
2024,TEX202409200,2024-09-20,0,TEX,SEA,2,8,ARL03,degrj001,kirbg001
2024,BAL202409210,2024-09-21,0,BAL,DET,4,6,BAL12,povic001,olsor001
2024,CHN202409210,2024-09-21,0,CHN,WAS,1,5,CHI11,hendk001,gorem001
2024,CIN202409210,2024-09-21,0,CIN,PIT,7,1,CIN09,lowdr001,jonej008
2024,HOU202409210,2024-09-21,0,HOU,ANA,10,4,HOU03,blanr001,detmr001
2024,KCA202409210,2024-09-21,0,KCA,SFN,0,9,KAN06,singb001,roupl001
2024,LAN202409210,2024-09-21,0,LAN,COL,3,6,LOS03,buehw001,quanc001
2024,MIA202409210,2024-09-21,0,MIA,ATL,2,6,MIA02,ollea001,friem001
2024,MIL202409210,2024-09-21,0,MIL,ARI,0,5,MIL06,civaa001,kellm002
2024,NYN202409210,2024-09-21,0,NYN,PHI,6,3,NYC20,manas001,suarr001
2024,OAK202409210,2024-09-21,0,OAK,NYA,0,10,OAK01,searj001,rodoc001
2024,SDN202409210,2024-09-21,0,SDN,CHA,6,2,SAN02,perem004,flexc001
2024,SLN202409210,2024-09-21,0,SLN,CLE,6,5,STL10,mikom001,boydm001
2024,TBA202409210,2024-09-21,0,TBA,TOR,3,2,STP01,bradt002,rodry003
2024,TEX202409210,2024-09-21,0,TEX,SEA,4,8,ARL03,dunnd001,hance001
2024,BAL202409220,2024-09-22,0,BAL,DET,3,4,BAL12,suara001,holtt002
2024,BOS202409221,2024-09-22,1,BOS,MIN,8,1,BOS07,piven001,lopep002
2024,BOS202409222,2024-09-22,2,BOS,MIN,9,3,BOS07,crawk001,mattz001
2024,CHN202409220,2024-09-22,0,CHN,WAS,5,0,CHI11,imans001,irvij001
2024,CIN202409220,2024-09-22,0,CIN,PIT,0,2,CIN09,greeh001,skenp001
2024,HOU202409220,2024-09-22,0,HOU,ANA,8,9,HOU03,arris001,canng001
2024,KCA202409220,2024-09-22,0,KCA,SFN,0,2,KAN06,lugos001,snelb001
2024,LAN202409220,2024-09-22,0,LAN,COL,6,5,LOS03,yamay001,senza001
2024,MIA202409220,2024-09-22,0,MIA,ATL,4,5,MIA02,mccad002,holmg001
2024,MIL202409220,2024-09-22,0,MIL,ARI,10,9,MIL06,montf001,montj004
2024,NYN202409220,2024-09-22,0,NYN,PHI,2,1,NYC20,megit002,wheez001
2024,OAK202409220,2024-09-22,0,OAK,NYA,4,7,OAK01,estej001,gil-l001
2024,SDN202409220,2024-09-22,0,SDN,CHA,4,2,SAN02,darvy001,burks001
2024,SLN202409220,2024-09-22,0,SLN,CLE,2,1,STL10,palla001,willg004
2024,TBA202409220,2024-09-22,0,TBA,TOR,4,3,STP01,baz-s001,burrr002
2024,TEX202409220,2024-09-22,0,TEX,SEA,6,5,ARL03,heana001,woo-b001
2024,ARI202409230,2024-09-23,0,ARI,SFN,3,6,PHO01,rodre004,birdh001
2024,HOU202409230,2024-09-23,0,HOU,SEA,1,6,HOU03,browh001,millb004
2024,PHI202409230,2024-09-23,0,PHI,CHN,6,2,PHI13,nolaa001,pearn001
2024,TOR202409230,2024-09-23,0,TOR,BOS,1,4,TOR02,bassc001,houct001
2024,ARI202409240,2024-09-24,0,ARI,SFN,0,11,PHO01,pfaab001,webbl001
2024,ATL202409240,2024-09-24,0,ATL,NYN,5,1,ATL03,schws001,sevel001
2024,CHA202409240,2024-09-24,0,CHA,ANA,3,2,CHI12,cannj001,kochj001
2024,CLE202409240,2024-09-24,0,CLE,CIN,6,1,CLE08,bibet001,spiec001
2024,COL202409240,2024-09-24,0,COL,SLN,3,7,DEN02,feltr001,mcgrm001
2024,DET202409240,2024-09-24,0,DET,TBA,2,1,DET05,skubt001,pepir001
2024,HOU202409240,2024-09-24,0,HOU,SEA,4,3,HOU03,valdf001,gilbl002
2024,LAN202409240,2024-09-24,0,LAN,SDN,2,4,LOS03,knacl001,kingm002
2024,MIN202409240,2024-09-24,0,MIN,MIA,1,4,MIN04,oberb002,weatr001
2024,NYA202409240,2024-09-24,0,NYA,BAL,3,5,NYC21,schmc002,kremd001
2024,OAK202409240,2024-09-24,0,OAK,TEX,5,4,OAK01,spenm001,eovan001
2024,PHI202409240,2024-09-24,0,PHI,CHN,4,10,PHI13,bankt001,steej002
2024,PIT202409240,2024-09-24,0,PIT,MIL,2,7,PIT08,faltb001,myert001
2024,TOR202409240,2024-09-24,0,TOR,BOS,5,6,TOR02,franb002,bellb002
2024,WAS202409240,2024-09-24,0,WAS,KCA,0,1,WAS11,parkm001,ragac001
2024,ARI202409250,2024-09-25,0,ARI,SFN,8,2,PHO01,gallz001,blacm001
2024,CHA202409250,2024-09-25,0,CHA,ANA,4,3,CHI12,martd006,suarj001
2024,CLE202409250,2024-09-25,0,CLE,CIN,5,2,CLE08,walta001,junij001
2024,COL202409250,2024-09-25,0,COL,SLN,2,5,DEN02,gomba001,fedde001
2024,DET202409250,2024-09-25,0,DET,TBA,7,1,DET05,montk001,littz001
2024,HOU202409250,2024-09-25,0,HOU,SEA,1,8,HOU03,kikuy001,kirbg001
2024,LAN202409250,2024-09-25,0,LAN,SDN,4,3,LOS03,flahj002,ceasd001
2024,MIN202409250,2024-09-25,0,MIN,MIA,8,3,MIN04,woods002,cabre003
2024,NYA202409250,2024-09-25,0,NYA,BAL,7,9,NYC21,strom001,efliz001
2024,OAK202409250,2024-09-25,0,OAK,TEX,1,5,OAK01,bassb002,bradc003
2024,PHI202409250,2024-09-25,0,PHI,CHN,9,6,PHI13,sancc002,assaj001
2024,PIT202409250,2024-09-25,0,PIT,MIL,2,1,PIT08,ortil003,peraf001
2024,TOR202409250,2024-09-25,0,TOR,BOS,6,1,TOR02,gausk001,fittr001
2024,WAS202409250,2024-09-25,0,WAS,KCA,0,3,WAS11,herzd001,lorem002
2024,CHA202409260,2024-09-26,0,CHA,ANA,7,0,CHI12,flexc001,andet002
2024,COL202409260,2024-09-26,0,COL,SLN,10,8,DEN02,freek001,gibsk002
2024,DET202409260,2024-09-26,0,DET,TBA,4,3,DET05,olsor001,alext001
2024,LAN202409260,2024-09-26,0,LAN,SDN,7,2,LOS03,buehw001,musgj001
2024,MIN202409260,2024-09-26,0,MIN,MIA,6,8,MIN04,festd001,bellv001
2024,NYA202409260,2024-09-26,0,NYA,BAL,10,1,NYC21,coleg001,burnc002
2024,OAK202409260,2024-09-26,0,OAK,TEX,3,2,OAK01,ginnj001,rockk001
2024,PIT202409260,2024-09-26,0,PIT,MIL,2,5,PIT08,kellm003,civaa001
2024,WAS202409260,2024-09-26,0,WAS,KCA,4,7,WAS11,corbp001,wachm001
2024,ANA202409270,2024-09-27,0,ANA,TEX,2,5,ANA01,detmr001,degrj001
2024,ARI202409270,2024-09-27,0,ARI,SDN,3,5,PHO01,kellm002,darvy001
2024,ATL202409270,2024-09-27,0,ATL,KCA,3,0,ATL03,friem001,singb001
2024,BOS202409270,2024-09-27,0,BOS,TBA,1,2,BOS07,piven001,bradt002
2024,CHN202409270,2024-09-27,0,CHN,CIN,1,0,CHI11,tailj001,martn002
2024,CLE202409270,2024-09-27,0,CLE,HOU,2,5,CLE08,cantj002,blanr001
2024,COL202409270,2024-09-27,0,COL,LAN,4,11,DEN02,quanc001,brasr001
2024,DET202409270,2024-09-27,0,DET,CHA,4,1,DET05,hanib001,crocg001
2024,MIL202409270,2024-09-27,0,MIL,NYN,8,4,MIL06,montf001,manas001
2024,MIN202409270,2024-09-27,0,MIN,BAL,2,7,MIN04,lopep002,povic001
2024,NYA202409270,2024-09-27,0,NYA,PIT,2,4,NYC21,rodoc001,jonej008
2024,SEA202409270,2024-09-27,0,SEA,OAK,2,0,SEA03,woo-b001,searj001
2024,SFN202409270,2024-09-27,0,SFN,SLN,3,6,SFO03,roupl001,mikom001
2024,TOR202409270,2024-09-27,0,TOR,MIA,5,15,TOR02,berrj001,ollea001
2024,WAS202409270,2024-09-27,0,WAS,PHI,9,1,WAS11,willt002,suarr001
2024,ANA202409280,2024-09-28,0,ANA,TEX,8,9,ANA01,canng001,heana001
2024,ARI202409280,2024-09-28,0,ARI,SDN,0,5,PHO01,rodre004,vasqr001
2024,ATL202409280,2024-09-28,0,ATL,KCA,2,1,ATL03,loper003,lugos001
2024,BOS202409280,2024-09-28,0,BOS,TBA,2,7,BOS07,crawk001,baz-s001
2024,CHN202409280,2024-09-28,0,CHN,CIN,3,0,CHI11,hendk001,lowdr001
2024,CLE202409280,2024-09-28,0,CLE,HOU,3,4,CLE08,liveb001,verlj001
2024,COL202409280,2024-09-28,0,COL,LAN,2,13,DEN02,senza001,yamay001
2024,DET202409280,2024-09-28,0,DET,CHA,0,4,DET05,brieb001,burks001
2024,MIL202409280,2024-09-28,0,MIL,NYN,6,0,MIL06,koenj001,quinj001
2024,MIN202409280,2024-09-28,0,MIN,BAL,2,9,MIN04,mattz001,bowmm001
2024,NYA202409280,2024-09-28,0,NYA,PIT,4,9,NYC21,gil-l001,skenp001
2024,SEA202409280,2024-09-28,0,SEA,OAK,7,6,SEA03,hance001,estej001
2024,SFN202409280,2024-09-28,0,SFN,SLN,6,5,SFO03,beckt002,palla001
2024,TOR202409280,2024-09-28,0,TOR,MIA,1,8,TOR02,rodry003,currx001
2024,WAS202409280,2024-09-28,0,WAS,PHI,6,3,WAS11,gorem001,wheez001
2024,ANA202409290,2024-09-29,0,ANA,TEX,0,8,ANA01,kochj001,eovan001
2024,ARI202409290,2024-09-29,0,ARI,SDN,11,2,PHO01,pfaab001,perem004
2024,ATL202409290,2024-09-29,0,ATL,KCA,2,4,ATL03,mortc002,marsa001
2024,BOS202409290,2024-09-29,0,BOS,TBA,3,1,BOS07,prieq001,pepir001
2024,CHN202409290,2024-09-29,0,CHN,CIN,0,3,CHI11,kilic001,greeh001
2024,COL202409290,2024-09-29,0,COL,LAN,1,2,DEN02,feltr001,banda001
2024,DET202409290,2024-09-29,0,DET,CHA,5,9,DET05,maedk001,cannj001
2024,MIL202409290,2024-09-29,0,MIL,NYN,0,5,MIL06,rea-c001,peted003
2024,MIN202409290,2024-09-29,0,MIN,BAL,2,6,MIN04,oberb002,suara001
2024,NYA202409290,2024-09-29,0,NYA,PIT,6,4,NYC21,schmc002,faltb001
2024,SEA202409290,2024-09-29,0,SEA,OAK,6,4,SEA03,gilbl002,spenm001
2024,SFN202409290,2024-09-29,0,SFN,SLN,1,6,SFO03,birdh001,mcgrm001
2024,TOR202409290,2024-09-29,0,TOR,MIA,1,3,TOR02,burrr002,weatr001
2024,WAS202409290,2024-09-29,0,WAS,PHI,3,6,WAS11,irvij001,nolaa001
2024,ATL202409301,2024-09-30,1,ATL,NYN,7,8,ATL03,schws001,megit002
2024,ATL202409302,2024-09-30,2,ATL,NYN,3,0,ATL03,holmg001,luccj001
2025,CHN202503180,2025-03-18,0,CHN,LAN,1,4,TOK01,imans001,yamay001
2025,CHN202503190,2025-03-19,0,CHN,LAN,3,6,TOK01,steej002,sasar001
2025,ARI202503270,2025-03-27,0,ARI,CHN,6,10,PHO01,gallz001,steej002
2025,CHA202503270,2025-03-27,0,CHA,ANA,8,1,CHI12,burks001,kikuy001
2025,CIN202503270,2025-03-27,0,CIN,SFN,4,6,CIN09,greeh001,webbl001
2025,HOU202503270,2025-03-27,0,HOU,NYN,3,1,HOU03,valdf001,holmc001
2025,KCA202503270,2025-03-27,0,KCA,CLE,4,7,KAN06,ragac001,liveb001
2025,LAN202503270,2025-03-27,0,LAN,DET,5,4,LOS03,snelb001,skubt001
2025,MIA202503270,2025-03-27,0,MIA,PIT,5,4,MIA02,alcas001,skenp001
2025,NYA202503270,2025-03-27,0,NYA,MIL,4,2,NYC21,rodoc001,peraf001
2025,SDN202503270,2025-03-27,0,SDN,ATL,7,4,SAN02,kingm002,salec001
2025,SEA202503270,2025-03-27,0,SEA,ATH,4,2,SEA03,gilbl002,sevel001
2025,SLN202503270,2025-03-27,0,SLN,MIN,5,3,STL10,grays001,lopep002
2025,TEX202503270,2025-03-27,0,TEX,BOS,2,5,ARL03,eovan001,crocg001
2025,TOR202503270,2025-03-27,0,TOR,BAL,2,12,TOR02,berrj001,efliz001
2025,WAS202503270,2025-03-27,0,WAS,PHI,3,7,WAS11,gorem001,wheez001
2025,ARI202503280,2025-03-28,0,ARI,CHN,8,1,PHO01,kellm002,tailj001
2025,HOU202503280,2025-03-28,0,HOU,NYN,1,3,HOU03,browh001,megit002
2025,LAN202503280,2025-03-28,0,LAN,DET,8,5,LOS03,yamay001,flahj002
2025,MIA202503280,2025-03-28,0,MIA,PIT,3,4,MIA02,gillc003,kellm003
2025,SDN202503280,2025-03-28,0,SDN,ATL,4,3,SAN02,ceasd001,loper003
2025,SEA202503280,2025-03-28,0,SEA,ATH,0,7,SEA03,castl003,sprij001
2025,TBA202503280,2025-03-28,0,TBA,COL,3,2,TAM02,pepir001,freek001
2025,TEX202503280,2025-03-28,0,TEX,BOS,4,1,ARL03,leitj001,houct001
2025,TOR202503280,2025-03-28,0,TOR,BAL,8,2,TOR02,gausk001,mortc002
2025,ARI202503290,2025-03-29,0,ARI,CHN,3,4,PHO01,pfaab001,imans001
2025,CHA202503290,2025-03-29,0,CHA,ANA,0,1,CHI12,cannj001,sorij002
2025,CIN202503290,2025-03-29,0,CIN,SFN,3,2,CIN09,lodon001,verlj001
2025,HOU202503290,2025-03-29,0,HOU,NYN,2,1,HOU03,arris001,canng001
2025,KCA202503290,2025-03-29,0,KCA,CLE,4,3,KAN06,lugos001,willg004
2025,LAN202503290,2025-03-29,0,LAN,DET,7,3,LOS03,sasar001,olsor001
2025,MIA202503290,2025-03-29,0,MIA,PIT,5,4,MIA02,bellv001,faltb001
2025,NYA202503290,2025-03-29,0,NYA,MIL,20,9,NYC21,friem001,cortn001
2025,SDN202503290,2025-03-29,0,SDN,ATL,1,0,SAN02,vasqr001,schws001
2025,SEA202503290,2025-03-29,0,SEA,ATH,2,4,SEA03,millb004,bidoo001
2025,SLN202503290,2025-03-29,0,SLN,MIN,5,1,STL10,fedde001,ryanj002
2025,TBA202503290,2025-03-29,0,TBA,COL,1,2,TAM02,littz001,senza001
2025,TEX202503290,2025-03-29,0,TEX,BOS,4,3,ARL03,mahlt001,buehw001
2025,TOR202503290,2025-03-29,0,TOR,BAL,5,9,TOR02,schem001,kremd001
2025,WAS202503290,2025-03-29,0,WAS,PHI,6,11,WAS11,irvij001,luzaj001
2025,ARI202503300,2025-03-30,0,ARI,CHN,10,6,PHO01,rodre004,boydm001
2025,CHA202503300,2025-03-30,0,CHA,ANA,2,3,CHI12,martd006,kochj001
2025,CIN202503300,2025-03-30,0,CIN,SFN,3,6,CIN09,martn002,ray-r002
2025,KCA202503300,2025-03-30,0,KCA,CLE,2,6,KAN06,wachm001,bibet001
2025,MIA202503300,2025-03-30,0,MIA,PIT,3,2,MIA02,meyem001,heana001
2025,NYA202503300,2025-03-30,0,NYA,MIL,12,3,NYC21,strom001,civaa001
2025,SDN202503300,2025-03-30,0,SDN,ATL,5,0,SAN02,piven001,smita001
2025,SEA202503300,2025-03-30,0,SEA,ATH,2,1,SEA03,woo-b001,searj001
2025,SLN202503300,2025-03-30,0,SLN,MIN,9,2,STL10,palla001,oberb002
2025,TBA202503300,2025-03-30,0,TBA,COL,6,4,TAM02,bradt002,feltr001
2025,TEX202503300,2025-03-30,0,TEX,BOS,3,2,ARL03,degrj001,fittr001
2025,TOR202503300,2025-03-30,0,TOR,BAL,3,1,TOR02,bassc001,sugat001
2025,WAS202503300,2025-03-30,0,WAS,PHI,5,1,WAS11,parkm001,nolaa001
2025,ATH202503310,2025-03-31,0,ATH,CHN,3,18,SAC01,estej001,browb006
2025,BAL202503310,2025-03-31,0,BAL,BOS,8,5,BAL12,povic001,newcs001
2025,CHA202503310,2025-03-31,0,CHA,MIN,9,0,CHI12,perem004,paddc001
2025,CIN202503310,2025-03-31,0,CIN,TEX,14,3,CIN09,singb001,rockk001
2025,HOU202503310,2025-03-31,0,HOU,SFN,2,7,HOU03,blanr001,hickj002
2025,LAN202503310,2025-03-31,0,LAN,ATL,6,1,LOS03,glast001,holmg001
2025,MIA202503310,2025-03-31,0,MIA,NYN,4,10,MIA02,quanc001,peted003
2025,MIL202503310,2025-03-31,0,MIL,KCA,1,11,MIL06,rodre005,bubik001
2025,PHI202503310,2025-03-31,0,PHI,COL,6,1,PHI13,sancc002,marqg001
2025,SDN202503310,2025-03-31,0,SDN,CLE,7,2,SAN02,hartk002,ortil003
2025,SEA202503310,2025-03-31,0,SEA,DET,6,9,SEA03,hance001,jobej001
2025,SLN202503310,2025-03-31,0,SLN,ANA,4,5,STL10,mikom001,andet002
2025,TBA202503310,2025-03-31,0,TBA,PIT,6,1,TAM02,rasmd002,mlodc001
2025,TOR202503310,2025-03-31,0,TOR,WAS,5,2,TOR02,franb002,sorom001
2025,ATH202504010,2025-04-01,0,ATH,CHN,4,7,SAC01,sevel001,steej002
2025,CHA202504010,2025-04-01,0,CHA,MIN,3,8,CHI12,smits003,woods002
2025,CIN202504010,2025-04-01,0,CIN,TEX,0,1,CIN09,spiec001,eovan001
2025,HOU202504010,2025-04-01,0,HOU,SFN,1,3,HOU03,wesnh001,webbl001
2025,LAN202504010,2025-04-01,0,LAN,ATL,3,1,LOS03,may-d003,salec001
2025,MIA202504010,2025-04-01,0,MIA,NYN,4,2,MIA02,alcas001,sengk001
2025,MIL202504010,2025-04-01,0,MIL,KCA,5,0,MIL06,patrc001,lorem002
2025,NYA202504010,2025-04-01,0,NYA,ARI,5,7,NYC21,warrw001,burnc002
2025,SDN202504010,2025-04-01,0,SDN,CLE,7,0,SAN02,kingm002,allel003
2025,SEA202504010,2025-04-01,0,SEA,DET,1,4,SEA03,gilbl002,mizec001
2025,SLN202504010,2025-04-01,0,SLN,ANA,7,9,STL10,libem001,hendk001
2025,TBA202504010,2025-04-01,0,TBA,PIT,7,0,TAM02,baz-s001,harrt002
2025,TOR202504010,2025-04-01,0,TOR,WAS,5,3,TOR02,berrj001,willt002
2025,ATH202504020,2025-04-02,0,ATH,CHN,2,10,SAC01,sprij001,tailj001
2025,BAL202504020,2025-04-02,0,BAL,BOS,0,3,BAL12,efliz001,crocg001
2025,CHA202504020,2025-04-02,0,CHA,MIN,1,6,CHI12,burks001,lopep002
2025,CIN202504020,2025-04-02,0,CIN,TEX,0,1,CIN09,greeh001,leitj001
2025,HOU202504020,2025-04-02,0,HOU,SFN,3,6,HOU03,valdf001,roupl001
2025,LAN202504020,2025-04-02,0,LAN,ATL,6,5,LOS03,snelb001,eldeb001
2025,MIA202504020,2025-04-02,0,MIA,NYN,5,6,MIA02,gillc003,holmc001
2025,MIL202504020,2025-04-02,0,MIL,KCA,3,2,MIL06,peraf001,ragac001
2025,NYA202504020,2025-04-02,0,NYA,ARI,3,4,NYC21,rodoc001,gallz001
2025,PHI202504020,2025-04-02,0,PHI,COL,5,1,PHI13,wheez001,freek001
2025,SDN202504020,2025-04-02,0,SDN,CLE,5,2,SAN02,ceasd001,liveb001
2025,SEA202504020,2025-04-02,0,SEA,DET,3,2,SEA03,castl003,skubt001
2025,SLN202504020,2025-04-02,0,SLN,ANA,12,5,STL10,grays001,kikuy001
2025,TBA202504020,2025-04-02,0,TBA,PIT,2,4,TAM02,pepir001,skenp001
2025,TOR202504020,2025-04-02,0,TOR,WAS,4,2,TOR02,lucae002,gorem001
2025,BAL202504030,2025-04-03,0,BAL,BOS,4,8,BAL12,mortc002,houct001
2025,MIL202504030,2025-04-03,0,MIL,CIN,1,0,MIL06,cortn001,lodon001
2025,MIN202504030,2025-04-03,0,MIN,HOU,2,5,MIN04,ryanj002,browh001
2025,NYA202504030,2025-04-03,0,NYA,ARI,9,7,NYC21,carrc003,kellm002
2025,PHI202504030,2025-04-03,0,PHI,COL,3,1,PHI13,walkt004,senza001
2025,ANA202504040,2025-04-04,0,ANA,CLE,6,8,ANA01,sorij002,willg004
2025,ATL202504040,2025-04-04,0,ATL,MIA,10,0,ATL03,schws001,meyem001
2025,BOS202504040,2025-04-04,0,BOS,SLN,13,9,BOS07,buehw001,fedde001
2025,CHN202504040,2025-04-04,0,CHN,SDN,3,1,CHI11,imans001,vasqr001
2025,COL202504040,2025-04-04,0,COL,ATH,3,6,DEN02,feltr001,bidoo001
2025,DET202504040,2025-04-04,0,DET,CHA,7,4,DET05,flahj002,cannj001
2025,KCA202504040,2025-04-04,0,KCA,BAL,8,2,KAN06,lugos001,kremd001
2025,MIL202504040,2025-04-04,0,MIL,CIN,3,2,MIL06,alext001,martn002
2025,NYN202504040,2025-04-04,0,NYN,TOR,5,0,NYC20,megit002,gausk001
2025,PHI202504040,2025-04-04,0,PHI,LAN,3,2,PHI13,luzaj001,yamay001
2025,PIT202504040,2025-04-04,0,PIT,NYA,4,9,PIT08,kellm003,friem001
2025,SFN202504040,2025-04-04,0,SFN,SEA,10,9,SFO03,verlj001,castl004
2025,TEX202504040,2025-04-04,0,TEX,TBA,5,2,ARL03,mahlt001,littz001
2025,WAS202504040,2025-04-04,0,WAS,ARI,4,6,WAS11,irvij001,pfaab001
2025,ANA202504050,2025-04-05,0,ANA,CLE,10,4,ANA01,kochj001,bibet001
2025,ATL202504050,2025-04-05,0,ATL,MIA,0,4,ATL03,smita001,quanc001
2025,CHN202504050,2025-04-05,0,CHN,SDN,7,1,CHI11,boydm001,piven001
2025,COL202504050,2025-04-05,0,COL,ATH,4,7,DEN02,marqg001,searj001
2025,DET202504050,2025-04-05,0,DET,CHA,7,2,DET05,olsor001,martd006
2025,KCA202504050,2025-04-05,0,KCA,BAL,1,8,KAN06,wachm001,sugat001
2025,MIL202504050,2025-04-05,0,MIL,CIN,7,11,MIL06,rodre005,singb001
2025,MIN202504050,2025-04-05,0,MIN,HOU,6,1,MIN04,oberb002,arris001
2025,NYN202504050,2025-04-05,0,NYN,TOR,3,2,NYC20,canng001,bassc001
2025,PHI202504050,2025-04-05,0,PHI,LAN,1,3,PHI13,nolaa001,sasar001
2025,PIT202504050,2025-04-05,0,PIT,NYA,4,10,PIT08,faltb001,strom001
2025,SFN202504050,2025-04-05,0,SFN,SEA,4,1,SFO03,ray-r002,millb004
2025,TEX202504050,2025-04-05,0,TEX,TBA,6,4,ARL03,degrj001,bradt002
2025,WAS202504050,2025-04-05,0,WAS,ARI,4,3,WAS11,parkm001,rodre004
2025,ANA202504060,2025-04-06,0,ANA,CLE,6,2,ANA01,andet002,ortil003
2025,BOS202504061,2025-04-06,1,BOS,SLN,5,4,BOS07,newcs001,palla001
2025,BOS202504062,2025-04-06,2,BOS,SLN,18,7,BOS07,dobbh001,mikom001
2025,CHN202504060,2025-04-06,0,CHN,SDN,7,8,CHI11,browb006,hartk002
2025,COL202504060,2025-04-06,0,COL,ATH,12,5,DEN02,dollc001,estej001
2025,DET202504060,2025-04-06,0,DET,CHA,4,3,DET05,jobej001,perem004
2025,KCA202504060,2025-04-06,0,KCA,BAL,4,1,KAN06,bubik001,povic001
2025,MIL202504060,2025-04-06,0,MIL,CIN,8,2,MIL06,patrc001,spiec001
2025,MIN202504060,2025-04-06,0,MIN,HOU,7,9,MIN04,paddc001,blanr001
2025,NYN202504060,2025-04-06,0,NYN,TOR,2,1,NYC20,peted003,franb002
2025,PHI202504060,2025-04-06,0,PHI,LAN,8,7,PHI13,sancc002,glast001
2025,PIT202504060,2025-04-06,0,PIT,NYA,5,4,PIT08,heana001,warrw001
2025,SFN202504060,2025-04-06,0,SFN,SEA,5,4,SFO03,hickj002,woo-b001
2025,TEX202504060,2025-04-06,0,TEX,TBA,4,3,ARL03,rockk001,rasmd002
2025,WAS202504060,2025-04-06,0,WAS,ARI,5,4,WAS11,willt002,burnc002
2025,ARI202504070,2025-04-07,0,ARI,BAL,1,5,PHO01,gallz001,efliz001
2025,ATH202504070,2025-04-07,0,ATH,SDN,4,5,SAC01,sevel001,kingm002
2025,BOS202504070,2025-04-07,0,BOS,TOR,2,6,BOS07,fittr001,berrj001
2025,CHN202504070,2025-04-07,0,CHN,TEX,7,0,CHI11,steej002,eovan001
2025,DET202504070,2025-04-07,0,DET,NYA,6,2,DET05,mizec001,rodoc001
2025,KCA202504070,2025-04-07,0,KCA,MIN,4,2,KAN06,lorem002,woods002
2025,NYN202504070,2025-04-07,0,NYN,MIA,2,0,NYC20,sengk001,bellv001
2025,PIT202504070,2025-04-07,0,PIT,SLN,8,4,PIT08,mlodc001,libem001
2025,SEA202504070,2025-04-07,0,SEA,HOU,4,3,SEA03,gilbl002,wesnh001
2025,SFN202504070,2025-04-07,0,SFN,CIN,0,2,SFO03,webbl001,greeh001
2025,WAS202504070,2025-04-07,0,WAS,LAN,6,4,WAS11,gorem001,may-d003
2025,ARI202504080,2025-04-08,0,ARI,BAL,4,3,PHO01,kellm002,mortc002
2025,ATH202504080,2025-04-08,0,ATH,SDN,10,4,SAC01,sprij001,ceasd001
2025,ATL202504080,2025-04-08,0,ATL,PHI,7,5,ATL03,salec001,wheez001
2025,BOS202504080,2025-04-08,0,BOS,TOR,1,6,BOS07,crocg001,lucae002
2025,CHN202504080,2025-04-08,0,CHN,TEX,10,6,CHI11,tailj001,corbp001
2025,CLE202504080,2025-04-08,0,CLE,CHA,1,0,CLE08,liveb001,smits003
2025,COL202504080,2025-04-08,0,COL,MIL,1,7,DEN02,freek001,peraf001
2025,DET202504080,2025-04-08,0,DET,NYA,5,0,DET05,skubt001,carrc003
2025,KCA202504080,2025-04-08,0,KCA,MIN,2,1,KAN06,ragac001,lopep002
2025,NYN202504080,2025-04-08,0,NYN,MIA,10,5,NYC20,holmc001,gillc003
2025,PIT202504080,2025-04-08,0,PIT,SLN,3,5,PIT08,skenp001,grays001
2025,SEA202504080,2025-04-08,0,SEA,HOU,1,2,SEA03,castl003,valdf001
2025,SFN202504080,2025-04-08,0,SFN,CIN,0,1,SFO03,roupl001,lodon001
2025,TBA202504080,2025-04-08,0,TBA,ANA,3,4,TAM02,baz-s001,hendk001
2025,WAS202504080,2025-04-08,0,WAS,LAN,8,2,WAS11,lordb001,wrobj001
2025,ARI202504090,2025-04-09,0,ARI,BAL,9,0,PHO01,pfaab001,kremd001
2025,ATH202504090,2025-04-09,0,ATH,SDN,1,2,SAC01,bidoo001,vasqr001
2025,ATL202504090,2025-04-09,0,ATL,PHI,3,4,ATL03,holmg001,walkt004
2025,BOS202504090,2025-04-09,0,BOS,TOR,1,2,BOS07,houct001,gausk001
2025,CHN202504090,2025-04-09,0,CHN,TEX,2,6,CHI11,imans001,mahlt001
2025,CLE202504090,2025-04-09,0,CLE,CHA,3,2,CLE08,allel003,burks001
2025,COL202504090,2025-04-09,0,COL,MIL,2,17,DEN02,senza001,alext001
2025,DET202504090,2025-04-09,0,DET,NYA,3,4,DET05,flahj002,friem001
2025,KCA202504090,2025-04-09,0,KCA,MIN,0,4,KAN06,lugos001,ryanj002
2025,NYN202504090,2025-04-09,0,NYN,MIA,0,5,NYC20,megit002,meyem001
2025,PIT202504090,2025-04-09,0,PIT,SLN,2,1,PIT08,kellm003,fedde001
2025,SEA202504090,2025-04-09,0,SEA,HOU,7,6,SEA03,castl004,browh001
2025,SFN202504090,2025-04-09,0,SFN,CIN,8,6,SFO03,verlj001,martn002
2025,TBA202504090,2025-04-09,0,TBA,ANA,5,4,TAM02,pepir001,kikuy001
2025,WAS202504090,2025-04-09,0,WAS,LAN,5,6,WAS11,irvij001,knacl001
2025,ATL202504100,2025-04-10,0,ATL,PHI,4,2,ATL03,schws001,luzaj001
2025,BOS202504100,2025-04-10,0,BOS,TOR,4,3,BOS07,buehw001,bassc001
2025,CLE202504100,2025-04-10,0,CLE,CHA,6,1,CLE08,willg004,cannj001
2025,COL202504100,2025-04-10,0,COL,MIL,7,2,DEN02,feltr001,prieq001
2025,KCA202504100,2025-04-10,0,KCA,MIN,3,2,KAN06,wachm001,oberb002
2025,TBA202504100,2025-04-10,0,TBA,ANA,1,11,TAM02,littz001,sorij002
2025,ARI202504110,2025-04-11,0,ARI,MIL,0,7,PHO01,rodre004,quinj001
2025,ATH202504110,2025-04-11,0,ATH,NYN,6,7,SAC01,searj001,canng001
2025,CHA202504110,2025-04-11,0,CHA,BOS,11,1,CHI12,martd006,newcs001
2025,CIN202504110,2025-04-11,0,CIN,PIT,5,3,CIN09,singb001,faltb001
2025,CLE202504110,2025-04-11,0,CLE,KCA,7,0,CLE08,bibet001,bubik001
2025,HOU202504110,2025-04-11,0,HOU,ANA,14,3,HOU03,blanr001,kochj001
2025,LAN202504110,2025-04-11,0,LAN,CHN,3,0,LOS03,yamay001,boydm001
2025,MIA202504110,2025-04-11,0,MIA,WAS,4,7,MIA02,cabre003,parkm001
2025,MIN202504110,2025-04-11,0,MIN,DET,6,7,MIN04,festd001,olsor001
2025,NYA202504110,2025-04-11,0,NYA,SFN,1,9,NYC21,strom001,ray-r002
2025,SDN202504110,2025-04-11,0,SDN,COL,8,0,SAN02,piven001,marqg001
2025,SEA202504110,2025-04-11,0,SEA,TEX,5,3,SEA03,millb004,degrj001
2025,SLN202504110,2025-04-11,0,SLN,PHI,2,0,STL10,palla001,nolaa001
2025,TBA202504110,2025-04-11,0,TBA,ATL,6,3,TAM02,bradt002,eldeb001
2025,ARI202504120,2025-04-12,0,ARI,MIL,5,4,PHO01,burnc002,patrc001
2025,ATH202504120,2025-04-12,0,ATH,NYN,3,1,SAC01,ginnj001,peted003
2025,BAL202504120,2025-04-12,0,BAL,TOR,5,4,BAL12,sugat001,franb002
2025,CHA202504120,2025-04-12,0,CHA,BOS,3,2,CHI12,perem004,fittr001
2025,CIN202504120,2025-04-12,0,CIN,PIT,5,2,CIN09,abboa001,heana001
2025,CLE202504120,2025-04-12,0,CLE,KCA,6,3,CLE08,ortil003,lorem002
2025,HOU202504120,2025-04-12,0,HOU,ANA,1,4,HOU03,gustr001,andet002
2025,LAN202504120,2025-04-12,0,LAN,CHN,0,16,LOS03,sasar001,browb006
2025,MIA202504120,2025-04-12,0,MIA,WAS,7,6,MIA02,alcas001,willt002
2025,MIN202504120,2025-04-12,0,MIN,DET,0,4,MIN04,paddc001,jobej001
2025,NYA202504120,2025-04-12,0,NYA,SFN,8,4,NYC21,warrw001,hickj002
2025,SDN202504120,2025-04-12,0,SDN,COL,2,0,SAN02,hartk002,dollc001
2025,SEA202504120,2025-04-12,0,SEA,TEX,9,2,SEA03,woo-b001,rockk001
2025,SLN202504120,2025-04-12,0,SLN,PHI,1,4,STL10,mikom001,sancc002
2025,TBA202504120,2025-04-12,0,TBA,ATL,4,5,TAM02,rasmd002,smita001
2025,ARI202504130,2025-04-13,0,ARI,MIL,5,2,PHO01,gallz001,peraf001
2025,ATH202504130,2025-04-13,0,ATH,NYN,0,8,SAC01,sevel001,sengk001
2025,BAL202504130,2025-04-13,0,BAL,TOR,6,7,BAL12,povic001,berrj001
2025,CHA202504130,2025-04-13,0,CHA,BOS,1,3,CHI12,smits003,crocg001
2025,CIN202504130,2025-04-13,0,CIN,PIT,4,0,CIN09,greeh001,mlodc001
2025,CLE202504130,2025-04-13,0,CLE,KCA,2,4,CLE08,liveb001,ragac001
2025,HOU202504130,2025-04-13,0,HOU,ANA,7,3,HOU03,wesnh001,hendk001
2025,LAN202504130,2025-04-13,0,LAN,CHN,2,4,LOS03,glast001,rea-c001
2025,MIA202504130,2025-04-13,0,MIA,WAS,11,4,MIA02,quanc001,gorem001
2025,MIN202504130,2025-04-13,0,MIN,DET,5,1,MIN04,woods002,mizec001
2025,NYA202504130,2025-04-13,0,NYA,SFN,4,5,NYC21,rodoc001,webbl001
2025,SDN202504130,2025-04-13,0,SDN,COL,6,0,SAN02,kingm002,freek001
2025,SEA202504130,2025-04-13,0,SEA,TEX,3,1,SEA03,gilbl002,eovan001
2025,SLN202504130,2025-04-13,0,SLN,PHI,7,0,STL10,libem001,wheez001
2025,TBA202504130,2025-04-13,0,TBA,ATL,8,3,TAM02,boylj001,salec001
2025,LAN202504140,2025-04-14,0,LAN,COL,5,3,LOS03,may-d003,senza001
2025,MIL202504140,2025-04-14,0,MIL,DET,1,9,MIL06,alext001,skubt001
2025,MIN202504140,2025-04-14,0,MIN,NYN,1,5,MIN04,ryanj002,holmc001
2025,NYA202504140,2025-04-14,0,NYA,KCA,4,1,NYC21,carrc003,lugos001
2025,PHI202504140,2025-04-14,0,PHI,SFN,4,10,PHI13,walkt004,roupl001
2025,PIT202504140,2025-04-14,0,PIT,WAS,10,3,PIT08,skenp001,lordb001
2025,SDN202504140,2025-04-14,0,SDN,CHN,10,4,SAN02,ceasd001,tailj001
2025,SLN202504140,2025-04-14,0,SLN,HOU,8,3,STL10,grays001,valdf001
2025,TBA202504140,2025-04-14,0,TBA,BOS,16,1,TAM02,baz-s001,houct001
2025,TOR202504140,2025-04-14,0,TOR,ATL,4,8,TOR02,lucae002,holmg001
2025,BAL202504150,2025-04-15,0,BAL,CLE,3,6,BAL12,mortc002,allel003
2025,CHA202504150,2025-04-15,0,CHA,ATH,3,12,CHI12,burks001,sprij001
2025,CIN202504150,2025-04-15,0,CIN,SEA,8,4,CIN09,lodon001,castl003
2025,LAN202504150,2025-04-15,0,LAN,COL,6,2,LOS03,knacl001,feltr001
2025,MIA202504150,2025-04-15,0,MIA,ARI,4,10,MIA02,gillc003,kellm002
2025,MIL202504150,2025-04-15,0,MIL,DET,5,0,MIL06,prieq001,flahj002
2025,MIN202504150,2025-04-15,0,MIN,NYN,6,3,MIN04,oberb002,megit002
2025,NYA202504150,2025-04-15,0,NYA,KCA,4,2,NYC21,friem001,wachm001
2025,PHI202504150,2025-04-15,0,PHI,SFN,6,4,PHI13,luzaj001,verlj001
2025,PIT202504150,2025-04-15,0,PIT,WAS,0,3,PIT08,kellm003,irvij001
2025,SDN202504150,2025-04-15,0,SDN,CHN,1,2,SAN02,vasqr001,imans001
2025,SLN202504150,2025-04-15,0,SLN,HOU,0,2,STL10,fedde001,browh001
2025,TBA202504150,2025-04-15,0,TBA,BOS,4,7,TAM02,pepir001,buehw001
2025,TEX202504150,2025-04-15,0,TEX,ANA,4,0,ARL03,mahlt001,kikuy001
2025,TOR202504150,2025-04-15,0,TOR,ATL,6,3,TOR02,gausk001,schws001
2025,BAL202504160,2025-04-16,0,BAL,CLE,9,1,BAL12,kremd001,willg004
2025,CHA202504160,2025-04-16,0,CHA,ATH,1,3,CHI12,cannj001,bidoo001
2025,CIN202504160,2025-04-16,0,CIN,SEA,3,5,CIN09,martn002,millb004
2025,LAN202504160,2025-04-16,0,LAN,COL,8,7,LOS03,millb005,marqg001
2025,MIA202504160,2025-04-16,0,MIA,ARI,2,6,MIA02,meyem001,pfaab001
2025,MIL202504160,2025-04-16,0,MIL,DET,5,1,MIL06,quinj001,montk001
2025,MIN202504160,2025-04-16,0,MIN,NYN,4,3,MIN04,festd001,brazh001
2025,NYA202504160,2025-04-16,0,NYA,KCA,4,3,NYC21,schmc002,bubik001
2025,PHI202504160,2025-04-16,0,PHI,SFN,4,11,PHI13,nolaa001,ray-r002
2025,PIT202504160,2025-04-16,0,PIT,WAS,6,1,PIT08,faltb001,parkm001
2025,SDN202504160,2025-04-16,0,SDN,CHN,4,2,SAN02,piven001,boydm001
2025,SLN202504160,2025-04-16,0,SLN,HOU,4,1,STL10,matzs001,blanr001
2025,TBA202504160,2025-04-16,0,TBA,BOS,0,1,TAM02,littz001,newcs001
2025,TEX202504160,2025-04-16,0,TEX,ANA,3,1,ARL03,corbp001,sorij002
2025,TOR202504160,2025-04-16,0,TOR,ATL,3,1,TOR02,bassc001,stris002
2025,BAL202504170,2025-04-17,0,BAL,CLE,6,2,BAL12,sugat001,bibet001
2025,CHA202504170,2025-04-17,0,CHA,ATH,0,8,CHI12,martd006,searj001
2025,CIN202504170,2025-04-17,0,CIN,SEA,7,11,CIN09,singb001,hance001
2025,DET202504170,2025-04-17,0,DET,KCA,6,1,DET05,olsor001,lorem002
2025,MIA202504170,2025-04-17,0,MIA,ARI,4,6,MIA02,cabre003,rodre004
2025,NYN202504170,2025-04-17,0,NYN,SLN,4,1,NYC20,canng001,palla001
2025,PHI202504170,2025-04-17,0,PHI,SFN,6,4,PHI13,sancc002,hickj002
2025,PIT202504170,2025-04-17,0,PIT,WAS,1,0,PIT08,heana001,willt002
2025,TBA202504170,2025-04-17,0,TBA,NYA,3,6,TAM02,bradt002,warrw001
2025,TEX202504170,2025-04-17,0,TEX,ANA,5,3,ARL03,rockk001,kochj001
2025,ANA202504180,2025-04-18,0,ANA,SFN,2,0,ANA01,andet002,webbl001
2025,ATL202504180,2025-04-18,0,ATL,MIN,6,4,ATL03,eldeb001,paddc001
2025,BAL202504180,2025-04-18,0,BAL,CIN,3,8,BAL12,povic001,abboa001
2025,BOS202504180,2025-04-18,0,BOS,CHA,10,3,BOS07,dobbh001,perem004
2025,CHN202504180,2025-04-18,0,CHN,ARI,13,11,CHI11,rea-c001,burnc002
2025,DET202504180,2025-04-18,0,DET,KCA,7,3,DET05,jobej001,ragac001
2025,HOU202504180,2025-04-18,0,HOU,SDN,6,4,HOU03,gustr001,hartk002
2025,MIL202504180,2025-04-18,0,MIL,ATH,5,3,MIL06,peraf001,ginnj001
2025,NYN202504180,2025-04-18,0,NYN,SLN,5,4,NYC20,peted003,mikom001
2025,PHI202504180,2025-04-18,0,PHI,MIA,7,2,PHI13,wheez001,alcas001
2025,PIT202504180,2025-04-18,0,PIT,CLE,7,10,PIT08,mlodc001,ortil003
2025,TBA202504180,2025-04-18,0,TBA,NYA,0,1,TAM02,rasmd002,rodoc001
2025,TEX202504180,2025-04-18,0,TEX,LAN,0,3,ARL03,degrj001,yamay001
2025,TOR202504180,2025-04-18,0,TOR,SEA,3,1,TOR02,franb002,woo-b001
2025,ANA202504190,2025-04-19,0,ANA,SFN,2,3,ANA01,hendk001,roupl001
2025,ATL202504190,2025-04-19,0,ATL,MIN,4,3,ATL03,salec001,topaj001
2025,BAL202504190,2025-04-19,0,BAL,CIN,9,5,BAL12,younb001,greeh001
2025,BOS202504190,2025-04-19,0,BOS,CHA,4,3,BOS07,crocg001,smits003
2025,CHN202504190,2025-04-19,0,CHN,ARI,6,2,CHI11,browb006,gallz001
2025,COL202504190,2025-04-19,0,COL,WAS,11,12,DEN02,dollc001,gorem001
2025,DET202504190,2025-04-19,0,DET,KCA,3,1,DET05,mizec001,lugos001
2025,HOU202504190,2025-04-19,0,HOU,SDN,3,2,HOU03,wesnh001,kingm002
2025,MIL202504190,2025-04-19,0,MIL,ATH,1,3,MIL06,patrc001,sevel001
2025,NYN202504190,2025-04-19,0,NYN,SLN,3,0,NYC20,sengk001,libem001
2025,PHI202504190,2025-04-19,0,PHI,MIA,11,10,PHI13,walkt004,quanc001
2025,PIT202504190,2025-04-19,0,PIT,CLE,0,3,PIT08,skenp001,liveb001
2025,TBA202504190,2025-04-19,0,TBA,NYA,10,8,TAM02,baz-s001,carrc003
2025,TEX202504190,2025-04-19,0,TEX,LAN,4,3,ARL03,eovan001,sasar001
2025,TOR202504190,2025-04-19,0,TOR,SEA,4,8,TOR02,berrj001,gilbl002
2025,ANA202504200,2025-04-20,0,ANA,SFN,5,4,ANA01,kikuy001,verlj001
2025,ATL202504200,2025-04-20,0,ATL,MIN,6,2,ATL03,holmg001,ryanj002
2025,BAL202504200,2025-04-20,0,BAL,CIN,2,24,BAL12,mortc002,suteb001
2025,BOS202504200,2025-04-20,0,BOS,CHA,4,8,BOS07,houct001,burks001
2025,CHN202504200,2025-04-20,0,CHN,ARI,2,3,CHI11,tailj001,kellm002
2025,COL202504201,2025-04-20,1,COL,WAS,2,3,DEN02,freek001,irvij001
2025,COL202504202,2025-04-20,2,COL,WAS,3,1,DEN02,senza001,lordb001
2025,DET202504200,2025-04-20,0,DET,KCA,3,4,DET05,skubt001,wachm001
2025,HOU202504200,2025-04-20,0,HOU,SDN,2,3,HOU03,valdf001,ceasd001
2025,MIL202504200,2025-04-20,0,MIL,ATH,14,1,MIL06,hendl002,sprij001
2025,NYN202504200,2025-04-20,0,NYN,SLN,7,4,NYC20,holmc001,grays001
2025,PHI202504200,2025-04-20,0,PHI,MIA,5,7,PHI13,luzaj001,gillc003
2025,PIT202504200,2025-04-20,0,PIT,CLE,4,5,PIT08,kellm003,allel003
2025,TBA202504200,2025-04-20,0,TBA,NYA,0,4,TAM02,pepir001,friem001
2025,TEX202504200,2025-04-20,0,TEX,LAN,0,1,ARL03,mahlt001,glast001
2025,TOR202504200,2025-04-20,0,TOR,SEA,3,8,TOR02,lucae002,castl003
2025,ATL202504210,2025-04-21,0,ATL,SLN,7,6,ATL03,schws001,fedde001
2025,BOS202504210,2025-04-21,0,BOS,CHA,4,2,BOS07,buehw001,cannj001
2025,CLE202504210,2025-04-21,0,CLE,NYA,6,4,CLE08,willg004,schmc002
2025,DET202504210,2025-04-21,0,DET,SDN,6,4,DET05,montk001,vasqr001
2025,HOU202504210,2025-04-21,0,HOU,TOR,7,0,HOU03,browh001,gausk001
2025,MIA202504210,2025-04-21,0,MIA,CIN,6,3,MIA02,meyem001,lodon001
2025,NYN202504210,2025-04-21,0,NYN,PHI,5,4,NYC20,megit002,nolaa001
2025,SFN202504210,2025-04-21,0,SFN,MIL,5,2,SFO03,ray-r002,prieq001
2025,ANA202504220,2025-04-22,0,ANA,PIT,3,9,ANA01,sorij002,faltb001
2025,ARI202504220,2025-04-22,0,ARI,TBA,5,1,PHO01,pfaab001,littz001
2025,ATH202504220,2025-04-22,0,ATH,TEX,5,8,SAC01,bidoo001,corbp001
2025,ATL202504220,2025-04-22,0,ATL,SLN,4,10,ATL03,blews001,palla001
2025,BOS202504220,2025-04-22,0,BOS,SEA,8,3,BOS07,bellb002,millb004
2025,CHN202504220,2025-04-22,0,CHN,LAN,11,10,CHI11,imans001,may-d003
2025,CLE202504220,2025-04-22,0,CLE,NYA,3,2,CLE08,bibet001,warrw001
2025,DET202504220,2025-04-22,0,DET,SDN,0,2,DET05,flahj002,piven001
2025,HOU202504220,2025-04-22,0,HOU,TOR,5,1,HOU03,blanr001,bassc001
2025,KCA202504220,2025-04-22,0,KCA,COL,4,3,KAN06,bubik001,feltr001
2025,MIA202504220,2025-04-22,0,MIA,CIN,4,3,MIA02,cabre003,martn002
2025,MIN202504220,2025-04-22,0,MIN,CHA,4,2,MIN04,oberb002,martd006
2025,NYN202504220,2025-04-22,0,NYN,PHI,5,1,NYC20,canng001,sancc002
2025,SFN202504220,2025-04-22,0,SFN,MIL,3,11,SFO03,hickj002,quinj001
2025,WAS202504220,2025-04-22,0,WAS,BAL,7,0,WAS11,parkm001,kremd001
2025,ANA202504230,2025-04-23,0,ANA,PIT,0,3,ANA01,kochj001,heana001
2025,ARI202504230,2025-04-23,0,ARI,TBA,6,7,PHO01,rodre004,bradt002
2025,ATH202504230,2025-04-23,0,ATH,TEX,5,2,SAC01,searj001,rockk001
2025,ATL202504230,2025-04-23,0,ATL,SLN,4,1,ATL03,eldeb001,mikom001
2025,BOS202504230,2025-04-23,0,BOS,SEA,5,8,BOS07,newcs001,hance001
2025,CHN202504230,2025-04-23,0,CHN,LAN,7,6,CHI11,boydm001,caspb001
2025,CLE202504230,2025-04-23,0,CLE,NYA,1,5,CLE08,ortil003,rodoc001
2025,DET202504230,2025-04-23,0,DET,SDN,6,0,DET05,olsor001,hartk002
2025,HOU202504230,2025-04-23,0,HOU,TOR,3,1,HOU03,gustr001,franb002
2025,MIA202504230,2025-04-23,0,MIA,CIN,2,5,MIA02,alcas001,singb001
2025,MIN202504230,2025-04-23,0,MIN,CHA,6,3,MIN04,festd001,wilsb003
2025,NYN202504230,2025-04-23,0,NYN,PHI,4,3,NYC20,peted003,wheez001
2025,SFN202504230,2025-04-23,0,SFN,MIL,4,2,SFO03,webbl001,peraf001
2025,WAS202504230,2025-04-23,0,WAS,BAL,4,3,WAS11,willt002,sugat001
2025,ANA202504240,2025-04-24,0,ANA,PIT,4,3,ANA01,andet002,mlodc001
2025,ARI202504240,2025-04-24,0,ARI,TBA,4,7,PHO01,burnc002,rasmd002
2025,ATH202504240,2025-04-24,0,ATH,TEX,4,3,SAC01,ginnj001,degrj001
2025,BOS202504240,2025-04-24,0,BOS,SEA,3,4,BOS07,crocg001,woo-b001
2025,KCA202504241,2025-04-24,1,KCA,COL,7,4,KAN06,ragac001,marqg001
2025,KCA202504242,2025-04-24,2,KCA,COL,6,2,KAN06,lorem002,dollc001
2025,MIN202504240,2025-04-24,0,MIN,CHA,0,3,MIN04,paddc001,smits003
2025,SFN202504240,2025-04-24,0,SFN,MIL,6,5,SFO03,roupl001,myert001
2025,WAS202504240,2025-04-24,0,WAS,BAL,1,2,WAS11,gorem001,povic001
2025,ARI202504250,2025-04-25,0,ARI,ATL,2,8,PHO01,gallz001,salec001
2025,ATH202504250,2025-04-25,0,ATH,CHA,6,5,SAC01,sevel001,gilbt001
2025,CHN202504250,2025-04-25,0,CHN,PHI,4,0,CHI11,rea-c001,walkt004
2025,COL202504250,2025-04-25,0,COL,CIN,7,8,DEN02,freek001,abboa001
2025,KCA202504250,2025-04-25,0,KCA,HOU,2,0,KAN06,lugos001,wesnh001
2025,LAN202504250,2025-04-25,0,LAN,PIT,0,3,LOS03,yamay001,skenp001
2025,MIN202504250,2025-04-25,0,MIN,ANA,11,4,MIN04,lopep002,hendk001
2025,NYA202504250,2025-04-25,0,NYA,TOR,2,4,NYC21,carrc003,berrj001
2025,SDN202504250,2025-04-25,0,SDN,TBA,0,1,SAN02,kingm002,baz-s001
2025,SEA202504250,2025-04-25,0,SEA,MIA,4,8,SEA03,gilbl002,quanc001
2025,SFN202504250,2025-04-25,0,SFN,TEX,0,2,SFO03,verlj001,eovan001
2025,SLN202504250,2025-04-25,0,SLN,MIL,3,2,STL10,libem001,patrc001
2025,WAS202504250,2025-04-25,0,WAS,NYN,5,4,WAS11,irvij001,sengk001
2025,ARI202504260,2025-04-26,0,ARI,ATL,7,8,PHO01,kellm002,holmg001
2025,ATH202504260,2025-04-26,0,ATH,CHA,3,10,SAC01,sprij001,gilbt001
2025,CHN202504260,2025-04-26,0,CHN,PHI,4,10,CHI11,browb006,luzaj001
2025,CLE202504261,2025-04-26,1,CLE,BOS,5,4,CLE08,liveb001,houct001
2025,CLE202504262,2025-04-26,2,CLE,BOS,3,7,CLE08,nikhd001,buehw001
2025,COL202504260,2025-04-26,0,COL,CIN,4,6,DEN02,senza001,greeh001
2025,DET202504261,2025-04-26,1,DET,BAL,4,3,DET05,mizec001,younb001
2025,DET202504262,2025-04-26,2,DET,BAL,6,2,DET05,montk001,akink001
2025,KCA202504260,2025-04-26,0,KCA,HOU,2,0,KAN06,wachm001,valdf001
2025,LAN202504260,2025-04-26,0,LAN,PIT,8,4,LOS03,sasar001,kellm003
2025,MIN202504260,2025-04-26,0,MIN,ANA,5,1,MIN04,woods002,kikuy001
2025,SDN202504260,2025-04-26,0,SDN,TBA,1,4,SAN02,ceasd001,pepir001
2025,SEA202504260,2025-04-26,0,SEA,MIA,14,0,SEA03,castl003,gillc003
2025,SFN202504260,2025-04-26,0,SFN,TEX,3,2,SFO03,ray-r002,mahlt001
2025,SLN202504260,2025-04-26,0,SLN,MIL,6,5,STL10,grays001,prieq001
2025,WAS202504260,2025-04-26,0,WAS,NYN,0,2,WAS11,lordb001,holmc001
2025,ARI202504270,2025-04-27,0,ARI,ATL,6,4,PHO01,pfaab001,schws001
2025,ATH202504270,2025-04-27,0,ATH,CHA,3,2,SAC01,bidoo001,eiseb001
2025,CHN202504270,2025-04-27,0,CHN,PHI,1,3,CHI11,tailj001,nolaa001
2025,CLE202504270,2025-04-27,0,CLE,BOS,3,13,CLE08,allel003,bellb002
2025,COL202504270,2025-04-27,0,COL,CIN,1,8,DEN02,blalb001,lodon001
2025,DET202504270,2025-04-27,0,DET,BAL,7,0,DET05,skubt001,kremd001
2025,KCA202504270,2025-04-27,0,KCA,HOU,3,7,KAN06,bubik001,browh001
2025,LAN202504270,2025-04-27,0,LAN,PIT,9,2,LOS03,glast001,faltb001
2025,MIN202504270,2025-04-27,0,MIN,ANA,5,0,MIN04,ryanj002,sorij002
2025,NYA202504271,2025-04-27,1,NYA,TOR,11,2,NYC21,friem001,gausk001
2025,NYA202504272,2025-04-27,2,NYA,TOR,5,1,NYC21,schmc002,bassc001
2025,SDN202504270,2025-04-27,0,SDN,TBA,2,4,SAN02,vasqr001,littz001
2025,SEA202504270,2025-04-27,0,SEA,MIA,7,6,SEA03,evanl001,meyem001
2025,SFN202504270,2025-04-27,0,SFN,TEX,3,2,SFO03,hickj002,leitj001
2025,SLN202504270,2025-04-27,0,SLN,MIL,1,7,STL10,fedde001,quinj001
2025,WAS202504270,2025-04-27,0,WAS,NYN,8,7,WAS11,parkm001,megit002
2025,BAL202504280,2025-04-28,0,BAL,NYA,4,3,BAL12,sugat001,warrw001
2025,CIN202504280,2025-04-28,0,CIN,SLN,3,1,CIN09,martn002,palla001
2025,CLE202504280,2025-04-28,0,CLE,MIN,1,11,CLE08,willg004,oberb002
2025,COL202504280,2025-04-28,0,COL,ATL,3,6,DEN02,feltr001,eldeb001
2025,HOU202504280,2025-04-28,0,HOU,DET,8,5,HOU03,blanr001,flahj002
2025,LAN202504280,2025-04-28,0,LAN,MIA,7,6,LOS03,may-d003,cabre003
2025,TEX202504280,2025-04-28,0,TEX,ATH,1,2,ARL03,corbp001,searj001
2025,WAS202504280,2025-04-28,0,WAS,NYN,5,19,WAS11,willt002,canng001
2025,BAL202504290,2025-04-29,0,BAL,NYA,3,15,BAL12,gibsk002,rodoc001
2025,CHA202504290,2025-04-29,0,CHA,MIL,2,7,CHI12,gilbt001,peraf001
2025,CLE202504290,2025-04-29,0,CLE,MIN,2,1,CLE08,bibet001,paddc001
2025,COL202504290,2025-04-29,0,COL,ATL,2,8,DEN02,marqg001,smita001
2025,HOU202504290,2025-04-29,0,HOU,DET,6,4,HOU03,gustr001,olsor001
2025,LAN202504290,2025-04-29,0,LAN,MIA,15,2,LOS03,dreyj001,alcas001
2025,NYN202504290,2025-04-29,0,NYN,ARI,8,3,NYC20,peted003,rodre004
2025,PHI202504290,2025-04-29,0,PHI,WAS,7,6,PHI13,wheez001,gorem001
2025,PIT202504290,2025-04-29,0,PIT,CHN,0,9,PIT08,heana001,imans001
2025,SDN202504290,2025-04-29,0,SDN,SFN,7,4,SAN02,piven001,webbl001
2025,SEA202504290,2025-04-29,0,SEA,ANA,5,3,SEA03,millb004,kochj001
2025,TBA202504290,2025-04-29,0,TBA,KCA,1,3,TAM02,bradt002,lorem002
2025,TEX202504290,2025-04-29,0,TEX,ATH,15,2,ARL03,degrj001,lopej007
2025,TOR202504290,2025-04-29,0,TOR,BOS,2,10,TOR02,franb002,crocg001
2025,BAL202504300,2025-04-30,0,BAL,NYA,5,4,BAL12,povic001,carrc003
2025,CHA202504300,2025-04-30,0,CHA,MIL,4,6,CHI12,smits003,myert001
2025,CIN202504301,2025-04-30,1,CIN,SLN,0,6,CIN09,singb001,mikom001
2025,CIN202504302,2025-04-30,2,CIN,SLN,1,9,CIN09,pettc002,matzs001
2025,CLE202504300,2025-04-30,0,CLE,MIN,4,2,CLE08,ortil003,lopep002
2025,COL202504300,2025-04-30,0,COL,ATL,2,1,DEN02,dollc001,salec001
2025,HOU202504300,2025-04-30,0,HOU,DET,4,7,HOU03,bluba001,jobej001
2025,LAN202504300,2025-04-30,0,LAN,MIA,12,7,LOS03,gonst001,quanc001
2025,NYN202504300,2025-04-30,0,NYN,ARI,3,4,NYC20,brazh001,burnc002
2025,PHI202504300,2025-04-30,0,PHI,WAS,7,2,PHI13,sancc002,irvij001
2025,PIT202504300,2025-04-30,0,PIT,CHN,4,3,PIT08,mlodc001,boydm001
2025,SDN202504300,2025-04-30,0,SDN,SFN,5,3,SAN02,kingm002,roupl001
2025,SEA202504300,2025-04-30,0,SEA,ANA,9,3,SEA03,hance001,andet002
2025,TBA202504300,2025-04-30,0,TBA,KCA,0,3,TAM02,rasmd002,camen001
2025,TEX202504300,2025-04-30,0,TEX,ATH,1,7,ARL03,eovan001,sevel001
2025,TOR202504300,2025-04-30,0,TOR,BOS,7,6,TOR02,rodry003,gioll001
2025,ANA202505010,2025-05-01,0,ANA,DET,4,10,ANA01,kikuy001,mizec001
2025,CHA202505010,2025-05-01,0,CHA,MIL,8,0,CHI12,burks001,patrc001
2025,CIN202505010,2025-05-01,0,CIN,SLN,9,1,CIN09,abboa001,libem001
2025,CLE202505010,2025-05-01,0,CLE,MIN,4,3,CLE08,liveb001,woods002
2025,NYN202505010,2025-05-01,0,NYN,ARI,2,4,NYC20,sengk001,gallz001
2025,PHI202505010,2025-05-01,0,PHI,WAS,2,4,PHI13,walkt004,lordb001
2025,PIT202505010,2025-05-01,0,PIT,CHN,3,8,PIT08,skenp001,rea-c001
2025,SFN202505010,2025-05-01,0,SFN,COL,3,4,SFO03,verlj001,freek001
2025,TBA202505010,2025-05-01,0,TBA,KCA,2,8,TAM02,baz-s001,lugos001
2025,TEX202505010,2025-05-01,0,TEX,ATH,0,3,ARL03,mahlt001,sprij001
2025,TOR202505010,2025-05-01,0,TOR,BOS,4,2,TOR02,berrj001,houct001
2025,ANA202505020,2025-05-02,0,ANA,DET,1,9,ANA01,sorij002,skubt001
2025,ATL202505020,2025-05-02,0,ATL,LAN,1,2,ATL03,holmg001,yamay001
2025,BAL202505020,2025-05-02,0,BAL,KCA,3,0,BAL12,kremd001,wachm001
2025,BOS202505020,2025-05-02,0,BOS,MIN,6,1,BOS07,bellb002,ryanj002
2025,CHA202505020,2025-05-02,0,CHA,HOU,7,3,CHI12,cannj001,valdf001
2025,CIN202505020,2025-05-02,0,CIN,WAS,6,1,CIN09,greeh001,parkm001
2025,MIA202505020,2025-05-02,0,MIA,ATH,1,6,MIA02,bellv001,hoglg001
2025,MIL202505020,2025-05-02,0,MIL,CHN,0,10,MIL06,alext001,browb006
2025,NYA202505020,2025-05-02,0,NYA,TBA,3,0,NYC21,friem001,pepir001
2025,PHI202505020,2025-05-02,0,PHI,ARI,3,2,PHI13,luzaj001,kellm002
2025,PIT202505020,2025-05-02,0,PIT,SDN,4,9,PIT08,kellm003,ceasd001
2025,SFN202505020,2025-05-02,0,SFN,COL,4,0,SFO03,ray-r002,senza001
2025,SLN202505020,2025-05-02,0,SLN,NYN,3,9,STL10,grays001,holmc001
2025,TEX202505020,2025-05-02,0,TEX,SEA,1,13,ARL03,leitj001,woo-b001
2025,TOR202505020,2025-05-02,0,TOR,CLE,5,3,TOR02,bassc001,allel003
2025,ANA202505030,2025-05-03,0,ANA,DET,5,2,ANA01,hendk001,flahj002
2025,ATL202505030,2025-05-03,0,ATL,LAN,3,10,ATL03,schws001,sasar001
2025,BAL202505030,2025-05-03,0,BAL,KCA,0,4,BAL12,sugat001,bubik001
2025,BOS202505030,2025-05-03,0,BOS,MIN,3,4,BOS07,dobbh001,oberb002
2025,CHA202505030,2025-05-03,0,CHA,HOU,3,8,CHI12,martd006,browh001
2025,CIN202505030,2025-05-03,0,CIN,WAS,6,11,CIN09,lodon001,willt002
2025,MIA202505030,2025-05-03,0,MIA,ATH,9,6,MIA02,meyem001,bidoo001
2025,MIL202505030,2025-05-03,0,MIL,CHN,2,6,MIL06,quinj001,tailj001
2025,NYA202505030,2025-05-03,0,NYA,TBA,2,3,NYC21,yarbr001,littz001
2025,PHI202505030,2025-05-03,0,PHI,ARI,7,2,PHI13,nolaa001,pfaab001
2025,PIT202505030,2025-05-03,0,PIT,SDN,1,2,PIT08,faltb001,vasqr001
2025,SFN202505030,2025-05-03,0,SFN,COL,6,3,SFO03,hickj002,blalb001
2025,TEX202505030,2025-05-03,0,TEX,SEA,1,2,ARL03,corbp001,castl003
2025,TOR202505030,2025-05-03,0,TOR,CLE,3,5,TOR02,gausk001,willg004
2025,ANA202505040,2025-05-04,0,ANA,DET,1,13,ANA01,kochj001,olsor001
2025,ATL202505040,2025-05-04,0,ATL,LAN,4,3,ATL03,eldeb001,may-d003
2025,BAL202505040,2025-05-04,0,BAL,KCA,6,11,BAL12,gibsk002,lorem002
2025,BOS202505040,2025-05-04,0,BOS,MIN,4,5,BOS07,crocg001,paddc001
2025,CHA202505040,2025-05-04,0,CHA,HOU,5,4,CHI12,wilsb003,mccul002
2025,CIN202505040,2025-05-04,0,CIN,WAS,1,4,CIN09,martn002,gorem001
2025,MIA202505040,2025-05-04,0,MIA,ATH,2,3,MIA02,cabre003,searj001
2025,MIL202505040,2025-05-04,0,MIL,CHN,4,0,MIL06,peraf001,imans001
2025,NYA202505040,2025-05-04,0,NYA,TBA,5,7,NYC21,warrw001,bradt002
2025,PHI202505040,2025-05-04,0,PHI,ARI,9,11,PHI13,suarr001,rodre004
2025,PIT202505040,2025-05-04,0,PIT,SDN,0,4,PIT08,heana001,koles001
2025,SFN202505040,2025-05-04,0,SFN,COL,9,3,SFO03,webbl001,marqg001
2025,SLN202505041,2025-05-04,1,SLN,NYN,6,5,STL10,fedde001,tidwb001
2025,SLN202505042,2025-05-04,2,SLN,NYN,5,4,STL10,palla001,megit002
2025,TEX202505040,2025-05-04,0,TEX,SEA,8,1,ARL03,degrj001,evanl001
2025,TOR202505040,2025-05-04,0,TOR,CLE,4,5,TOR02,franb002,bibet001
2025,ARI202505050,2025-05-05,0,ARI,NYN,4,5,PHO01,nelsr003,canng001
2025,ATH202505050,2025-05-05,0,ATH,SEA,7,6,SAC01,sevel001,millb004
2025,ATL202505050,2025-05-05,0,ATL,CIN,4,0,ATL03,smita001,singb001
2025,CHN202505050,2025-05-05,0,CHN,SFN,9,2,CHI11,boydm001,roupl001
2025,KCA202505050,2025-05-05,0,KCA,CHA,3,0,KAN06,ragac001,smits003
2025,MIA202505050,2025-05-05,0,MIA,LAN,4,7,MIA02,alcas001,dreyj001
2025,MIL202505050,2025-05-05,0,MIL,HOU,5,1,MIL06,myert001,blanr001
2025,NYA202505050,2025-05-05,0,NYA,SDN,3,4,NYC21,rodoc001,piven001
2025,SLN202505050,2025-05-05,0,SLN,PIT,6,3,STL10,mikom001,mlodc001
2025,ANA202505060,2025-05-06,0,ANA,TOR,8,3,ANA01,andet002,urenj001
2025,ARI202505060,2025-05-06,0,ARI,NYN,5,1,PHO01,gallz001,peted003
2025,ATH202505060,2025-05-06,0,ATH,SEA,3,5,SAC01,sprij001,hance001
2025,ATL202505060,2025-05-06,0,ATL,CIN,2,1,ATL03,salec001,abboa001
2025,BOS202505060,2025-05-06,0,BOS,TEX,1,6,BOS07,gioll001,eovan001
2025,CHN202505060,2025-05-06,0,CHN,SFN,5,14,CHI11,rea-c001,verlj001
2025,KCA202505060,2025-05-06,0,KCA,CHA,4,3,KAN06,lugos001,burks001
2025,MIA202505060,2025-05-06,0,MIA,LAN,5,4,MIA02,quanc001,gonst001
2025,MIL202505060,2025-05-06,0,MIL,HOU,4,3,MIL06,patrc001,wesnh001
2025,MIN202505060,2025-05-06,0,MIN,BAL,9,1,MIN04,lopep002,povic001
2025,NYA202505060,2025-05-06,0,NYA,SDN,12,3,NYC21,schmc002,kingm002
2025,SLN202505060,2025-05-06,0,SLN,PIT,2,1,STL10,libem001,skenp001
2025,TBA202505060,2025-05-06,0,TBA,PHI,4,8,TAM02,rasmd002,wheez001
2025,WAS202505061,2025-05-06,1,WAS,CLE,10,9,WAS11,irvij001,ortil003
2025,WAS202505062,2025-05-06,2,WAS,CLE,1,9,WAS11,lordb001,liveb001
2025,ANA202505070,2025-05-07,0,ANA,TOR,5,4,ANA01,kikuy001,berrj001
2025,ARI202505070,2025-05-07,0,ARI,NYN,1,7,PHO01,kellm002,sengk001
2025,ATH202505070,2025-05-07,0,ATH,SEA,5,6,SAC01,hoglg001,woo-b001
2025,ATL202505070,2025-05-07,0,ATL,CIN,3,4,ATL03,holmg001,greeh001
2025,BOS202505070,2025-05-07,0,BOS,TEX,6,4,BOS07,houct001,mahlt001
2025,CHN202505070,2025-05-07,0,CHN,SFN,1,3,CHI11,browb006,ray-r002
2025,COL202505070,2025-05-07,0,COL,DET,6,8,DEN02,dollc001,jobej001
2025,KCA202505070,2025-05-07,0,KCA,CHA,2,1,KAN06,wachm001,cannj001
2025,MIA202505070,2025-05-07,0,MIA,LAN,1,10,MIA02,bellv001,knacl001
2025,MIL202505070,2025-05-07,0,MIL,HOU,1,9,MIL06,prieq001,valdf001
2025,MIN202505070,2025-05-07,0,MIN,BAL,5,2,MIN04,woods002,mortc002
2025,NYA202505070,2025-05-07,0,NYA,SDN,4,3,NYC21,friem001,ceasd001
2025,SLN202505070,2025-05-07,0,SLN,PIT,5,0,STL10,grays001,kellm003
2025,TBA202505070,2025-05-07,0,TBA,PHI,0,7,TAM02,baz-s001,sancc002
2025,WAS202505070,2025-05-07,0,WAS,CLE,6,8,WAS11,sorom001,allel003
2025,ANA202505080,2025-05-08,0,ANA,TOR,5,8,ANA01,sorij002,bassc001
2025,ARI202505080,2025-05-08,0,ARI,LAN,5,3,PHO01,pfaab001,yamay001
2025,ATL202505080,2025-05-08,0,ATL,CIN,5,4,ATL03,schws001,lodon001
2025,BOS202505080,2025-05-08,0,BOS,TEX,5,0,BOS07,bellb002,leitj001
2025,COL202505081,2025-05-08,1,COL,DET,2,10,DEN02,freek001,mizec001
2025,COL202505082,2025-05-08,2,COL,DET,1,11,DEN02,gordt002,montk001
2025,KCA202505080,2025-05-08,0,KCA,CHA,10,0,KAN06,bubik001,martd006
2025,MIN202505080,2025-05-08,0,MIN,BAL,5,2,MIN04,oberb002,kremd001
2025,TBA202505080,2025-05-08,0,TBA,PHI,6,7,TAM02,pepir001,luzaj001
2025,ANA202505090,2025-05-09,0,ANA,BAL,1,4,ANA01,hendk001,sugat001
2025,ARI202505090,2025-05-09,0,ARI,LAN,11,14,PHO01,rodre004,sasar001
2025,ATH202505090,2025-05-09,0,ATH,NYA,2,10,SAC01,bidoo001,warrw001
2025,CHA202505090,2025-05-09,0,CHA,MIA,6,2,CHI12,wilsb003,meyem001
2025,CLE202505090,2025-05-09,0,CLE,PHI,6,0,CLE08,willg004,nolaa001
2025,COL202505090,2025-05-09,0,COL,SDN,9,13,DEN02,senza001,vasqr001
2025,DET202505090,2025-05-09,0,DET,TEX,2,1,DET05,skubt001,corbp001
2025,HOU202505090,2025-05-09,0,HOU,CIN,3,0,HOU03,browh001,martn002
2025,KCA202505090,2025-05-09,0,KCA,BOS,2,1,KAN06,lorem002,dobbh001
2025,MIN202505090,2025-05-09,0,MIN,SFN,3,1,MIN04,paddc001,hickj002
2025,NYN202505090,2025-05-09,0,NYN,CHN,7,2,NYC20,holmc001,tailj001
2025,PIT202505090,2025-05-09,0,PIT,ATL,3,2,PIT08,faltb001,eldeb001
2025,SEA202505090,2025-05-09,0,SEA,TOR,3,6,SEA03,castl003,gausk001
2025,TBA202505090,2025-05-09,0,TBA,MIL,4,3,TAM02,littz001,quinj001
2025,WAS202505090,2025-05-09,0,WAS,SLN,0,10,WAS11,parkm001,fedde001
2025,ANA202505100,2025-05-10,0,ANA,BAL,5,2,ANA01,kochj001,gibsk002
2025,ARI202505100,2025-05-10,0,ARI,LAN,3,0,PHO01,burnc002,may-d003
2025,ATH202505100,2025-05-10,0,ATH,NYA,11,7,SAC01,searj001,rodoc001
2025,CHA202505100,2025-05-10,0,CHA,MIA,1,3,CHI12,smits003,cabre003
2025,CLE202505100,2025-05-10,0,CLE,PHI,1,7,CLE08,bibet001,suarr001
2025,COL202505100,2025-05-10,0,COL,SDN,0,21,DEN02,blalb001,koles001
2025,DET202505100,2025-05-10,0,DET,TEX,3,10,DET05,flahj002,degrj001
2025,HOU202505100,2025-05-10,0,HOU,CIN,9,13,HOU03,mccul002,singb001
2025,KCA202505100,2025-05-10,0,KCA,BOS,1,10,KAN06,ragac001,crocg001
2025,MIN202505100,2025-05-10,0,MIN,SFN,2,1,MIN04,ryanj002,webbl001
2025,NYN202505100,2025-05-10,0,NYN,CHN,5,6,NYC20,megit002,kellb003
2025,PIT202505100,2025-05-10,0,PIT,ATL,2,3,PIT08,heana001,smita001
2025,SEA202505100,2025-05-10,0,SEA,TOR,3,6,SEA03,evanl001,franb002
2025,TBA202505100,2025-05-10,0,TBA,MIL,3,2,TAM02,bradt002,myert001
2025,WAS202505100,2025-05-10,0,WAS,SLN,2,4,WAS11,willt002,palla001
2025,ANA202505110,2025-05-11,0,ANA,BAL,3,7,ANA01,andet002,efliz001
2025,ARI202505110,2025-05-11,0,ARI,LAN,1,8,PHO01,gallz001,gonst001
2025,ATH202505110,2025-05-11,0,ATH,NYA,2,12,SAC01,sevel001,yarbr001
2025,CHA202505110,2025-05-11,0,CHA,MIA,4,2,CHI12,burks001,alcas001
2025,CLE202505110,2025-05-11,0,CLE,PHI,0,3,CLE08,ortil003,wheez001
2025,COL202505110,2025-05-11,0,COL,SDN,9,3,DEN02,marqg001,piven001
2025,DET202505110,2025-05-11,0,DET,TEX,1,6,DET05,olsor001,eovan001
2025,HOU202505110,2025-05-11,0,HOU,CIN,6,0,HOU03,blanr001,pettc002
2025,KCA202505110,2025-05-11,0,KCA,BOS,1,3,KAN06,lugos001,gioll001
2025,MIN202505110,2025-05-11,0,MIN,SFN,7,6,MIN04,lopep002,roupl001
2025,NYN202505110,2025-05-11,0,NYN,CHN,6,2,NYC20,canng001,boydm001
2025,PIT202505110,2025-05-11,0,PIT,ATL,4,3,PIT08,mlodc001,salec001
2025,SEA202505110,2025-05-11,0,SEA,TOR,1,9,SEA03,millb004,urenj001
2025,TBA202505110,2025-05-11,0,TBA,MIL,2,4,TAM02,rasmd002,patrc001
2025,WAS202505110,2025-05-11,0,WAS,SLN,1,6,WAS11,gorem001,mikom001
2025,ATL202505120,2025-05-12,0,ATL,WAS,4,3,ATL03,holmg001,irvij001
2025,CHN202505120,2025-05-12,0,CHN,MIA,5,2,CHI11,rea-c001,quanc001
2025,CLE202505120,2025-05-12,0,CLE,MIL,5,0,CLE08,liveb001,peraf001
2025,DET202505120,2025-05-12,0,DET,BOS,14,2,DET05,jobej001,houct001
2025,HOU202505120,2025-05-12,0,HOU,KCA,5,7,HOU03,gustr001,wachm001
2025,NYN202505120,2025-05-12,0,NYN,PIT,4,3,NYC20,peted003,skenp001
2025,PHI202505120,2025-05-12,0,PHI,SLN,2,3,PHI13,sancc002,libem001
2025,SDN202505120,2025-05-12,0,SDN,ANA,5,9,SAN02,kingm002,kikuy001
2025,SEA202505120,2025-05-12,0,SEA,NYA,5,11,SEA03,hance001,schmc002
2025,SFN202505120,2025-05-12,0,SFN,ARI,1,2,SFO03,verlj001,kellm002
2025,TEX202505120,2025-05-12,0,TEX,COL,2,1,ARL03,mahlt001,dollc001
2025,ATL202505130,2025-05-13,0,ATL,WAS,5,2,ATL03,schws001,sorom001
2025,CHN202505130,2025-05-13,0,CHN,MIA,5,4,CHI11,browb006,bellv001
2025,CIN202505130,2025-05-13,0,CIN,CHA,1,5,CIN09,abboa001,eiseb001
2025,CLE202505130,2025-05-13,0,CLE,MIL,2,0,CLE08,allel003,prieq001
2025,DET202505130,2025-05-13,0,DET,BOS,10,9,DET05,holtt002,bellb002
2025,HOU202505130,2025-05-13,0,HOU,KCA,2,1,HOU03,valdf001,bubik001
2025,LAN202505130,2025-05-13,0,LAN,ATH,1,11,LOS03,knacl001,sprij001
2025,NYN202505130,2025-05-13,0,NYN,PIT,2,1,NYC20,sengk001,kellm003
2025,SDN202505130,2025-05-13,0,SDN,ANA,6,4,SAN02,ceasd001,sorij002
2025,SEA202505130,2025-05-13,0,SEA,NYA,2,1,SEA03,woo-b001,friem001
2025,SFN202505130,2025-05-13,0,SFN,ARI,10,6,SFO03,ray-r002,pfaab001
2025,TEX202505130,2025-05-13,0,TEX,COL,4,1,ARL03,leitj001,freek001
2025,TOR202505130,2025-05-13,0,TOR,TBA,9,11,TOR02,berrj001,baz-s001
2025,ATL202505140,2025-05-14,0,ATL,WAS,4,5,ATL03,eldeb001,parkm001
2025,BAL202505141,2025-05-14,1,BAL,MIN,3,6,BAL12,kremd001,oberb002
2025,BAL202505142,2025-05-14,2,BAL,MIN,6,8,BAL12,mcdec001,woods002
2025,CHN202505140,2025-05-14,0,CHN,MIA,1,3,CHI11,tailj001,weatr001
2025,CIN202505140,2025-05-14,0,CIN,CHA,2,4,CIN09,lodon001,martd006
2025,CLE202505140,2025-05-14,0,CLE,MIL,5,9,CLE08,willg004,hendl002
2025,DET202505140,2025-05-14,0,DET,BOS,6,5,DET05,skubt001,dobbh001
2025,HOU202505140,2025-05-14,0,HOU,KCA,4,3,HOU03,gordc001,lorem002
2025,LAN202505140,2025-05-14,0,LAN,ATH,9,3,LOS03,yamay001,hoglg001
2025,NYN202505140,2025-05-14,0,NYN,PIT,0,4,NYC20,holmc001,faltb001
2025,PHI202505141,2025-05-14,1,PHI,SLN,2,1,PHI13,luzaj001,fedde001
2025,PHI202505142,2025-05-14,2,PHI,SLN,7,14,PHI13,nolaa001,grays001
2025,SDN202505140,2025-05-14,0,SDN,ANA,5,1,SAN02,vasqr001,hendk001
2025,SEA202505140,2025-05-14,0,SEA,NYA,2,3,SEA03,castl003,warrw001
2025,SFN202505140,2025-05-14,0,SFN,ARI,7,8,SFO03,hickj002,rodre004
2025,TEX202505140,2025-05-14,0,TEX,COL,8,3,ARL03,corbp001,senza001
2025,TOR202505140,2025-05-14,0,TOR,TBA,3,1,TOR02,bassc001,pepir001
2025,ATL202505150,2025-05-15,0,ATL,WAS,5,2,ATL03,smita001,willt002
2025,BAL202505150,2025-05-15,0,BAL,MIN,0,4,BAL12,sugat001,paddc001
2025,CIN202505150,2025-05-15,0,CIN,CHA,7,1,CIN09,martn002,wilsb003
2025,LAN202505150,2025-05-15,0,LAN,ATH,19,2,LOS03,sauem001,bidoo001
2025,TEX202505150,2025-05-15,0,TEX,HOU,1,0,ARL03,degrj001,browh001
2025,TOR202505150,2025-05-15,0,TOR,TBA,3,8,TOR02,gausk001,littz001
2025,ARI202505160,2025-05-16,0,ARI,COL,8,0,PHO01,burnc002,palmc001
2025,BAL202505160,2025-05-16,0,BAL,WAS,3,4,BAL12,povic001,gorem001
2025,BOS202505160,2025-05-16,0,BOS,ATL,2,4,BOS07,crocg001,salec001
2025,CHN202505160,2025-05-16,0,CHN,CHA,13,3,CHI11,hortc001,smits003
2025,CIN202505160,2025-05-16,0,CIN,CLE,5,4,CIN09,singb001,bibet001
2025,KCA202505160,2025-05-16,0,KCA,SLN,3,10,KAN06,ragac001,palla001
2025,LAN202505160,2025-05-16,0,LAN,ANA,2,6,LOS03,may-d003,kochj001
2025,MIA202505160,2025-05-16,0,MIA,TBA,9,4,MIA02,meyem001,bradt002
2025,MIL202505160,2025-05-16,0,MIL,MIN,0,3,MIL06,patrc001,ryanj002
2025,NYA202505160,2025-05-16,0,NYA,NYN,6,2,NYC21,rodoc001,megit002
2025,PHI202505160,2025-05-16,0,PHI,PIT,8,4,PHI13,suarr001,heana001
2025,SDN202505160,2025-05-16,0,SDN,SEA,1,5,SAN02,koles001,evanl001
2025,SFN202505160,2025-05-16,0,SFN,ATH,9,1,SFO03,webbl001,searj001
2025,TEX202505160,2025-05-16,0,TEX,HOU,3,6,ARL03,eovan001,mccul002
2025,TOR202505160,2025-05-16,0,TOR,DET,4,5,TOR02,franb002,flahj002
2025,ARI202505170,2025-05-17,0,ARI,COL,12,14,PHO01,gallz001,marqg001
2025,BAL202505170,2025-05-17,0,BAL,WAS,6,10,BAL12,gibsk002,irvij001
2025,BOS202505170,2025-05-17,0,BOS,ATL,7,6,BOS07,gioll001,holmg001
2025,CHN202505170,2025-05-17,0,CHN,CHA,7,3,CHI11,boydm001,burks001
2025,CIN202505170,2025-05-17,0,CIN,CLE,4,1,CIN09,suteb001,ceccs001
2025,KCA202505170,2025-05-17,0,KCA,SLN,0,1,KAN06,camen001,mikom001
2025,LAN202505170,2025-05-17,0,LAN,ANA,9,11,LOS03,kersc001,andet002
2025,MIA202505170,2025-05-17,0,MIA,TBA,0,4,MIA02,alcas001,rasmd002
2025,MIL202505170,2025-05-17,0,MIL,MIN,0,7,MIL06,myert001,lopep002
2025,NYA202505170,2025-05-17,0,NYA,NYN,2,3,NYC21,schmc002,canng001
2025,PHI202505170,2025-05-17,0,PHI,PIT,5,2,PHI13,wheez001,mlodc001
2025,SDN202505170,2025-05-17,0,SDN,SEA,1,4,SAN02,piven001,hance001
2025,SFN202505170,2025-05-17,0,SFN,ATH,1,0,SFO03,roupl001,sevel001
2025,TEX202505170,2025-05-17,0,TEX,HOU,5,1,ARL03,mahlt001,blanr001
2025,TOR202505170,2025-05-17,0,TOR,DET,2,1,TOR02,lauee001,olsor001
2025,ARI202505180,2025-05-18,0,ARI,COL,1,0,PHO01,kellm002,dollc001
2025,BAL202505180,2025-05-18,0,BAL,WAS,4,10,BAL12,efliz001,sorom001
2025,BOS202505180,2025-05-18,0,BOS,ATL,4,10,BOS07,bellb002,schws001
2025,CHN202505180,2025-05-18,0,CHN,CHA,6,2,CHI11,rea-c001,cannj001
2025,CIN202505180,2025-05-18,0,CIN,CLE,3,1,CIN09,abboa001,ortil003
2025,KCA202505180,2025-05-18,0,KCA,SLN,2,1,KAN06,wachm001,libem001
2025,LAN202505180,2025-05-18,0,LAN,ANA,4,6,LOS03,gonst001,kikuy001
2025,MIA202505180,2025-05-18,0,MIA,TBA,5,1,MIA02,quanc001,baz-s001
2025,MIL202505180,2025-05-18,0,MIL,MIN,5,2,MIL06,peraf001,mattz001
2025,NYA202505180,2025-05-18,0,NYA,NYN,8,2,NYC21,friem001,peted003
2025,PHI202505180,2025-05-18,0,PHI,PIT,1,0,PHI13,abelm001,skenp001
2025,SDN202505180,2025-05-18,0,SDN,SEA,1,6,SAN02,kingm002,woo-b001
2025,SFN202505180,2025-05-18,0,SFN,ATH,3,2,SFO03,verlj001,sprij001
2025,TEX202505180,2025-05-18,0,TEX,HOU,3,4,ARL03,leitj001,valdf001
2025,TOR202505180,2025-05-18,0,TOR,DET,2,3,TOR02,berrj001,jobej001
2025,ATH202505190,2025-05-19,0,ATH,ANA,3,4,SAC01,ginnj001,sorij002
2025,BOS202505190,2025-05-19,0,BOS,NYN,3,1,BOS07,dobbh001,sengk001
2025,CHA202505190,2025-05-19,0,CHA,SEA,1,5,CHI12,martd006,castl003
2025,COL202505190,2025-05-19,0,COL,PHI,3,9,DEN02,freek001,sancc002
2025,LAN202505190,2025-05-19,0,LAN,ARI,5,9,LOS03,dreyj001,pfaab001
2025,MIA202505190,2025-05-19,0,MIA,CHN,8,7,MIA02,cabre003,browb006
2025,MIL202505190,2025-05-19,0,MIL,BAL,5,4,MIL06,zastr001,kremd001
2025,MIN202505190,2025-05-19,0,MIN,CLE,6,5,MIN04,oberb002,allel003
2025,PIT202505190,2025-05-19,0,PIT,CIN,1,7,PIT08,kellm003,lodon001
2025,SFN202505190,2025-05-19,0,SFN,KCA,1,3,SFO03,ray-r002,bubik001
2025,SLN202505190,2025-05-19,0,SLN,DET,11,4,STL10,grays001,guens001
2025,TBA202505190,2025-05-19,0,TBA,HOU,3,4,TAM02,pepir001,gordc001
2025,ATH202505200,2025-05-20,0,ATH,ANA,5,7,SAC01,hoglg001,hendk001
2025,BOS202505200,2025-05-20,0,BOS,NYN,2,0,BOS07,buehw001,holmc001
2025,CHA202505200,2025-05-20,0,CHA,SEA,1,0,CHI12,housa001,leguc001
2025,COL202505200,2025-05-20,0,COL,PHI,4,7,DEN02,senza001,luzaj001
2025,LAN202505200,2025-05-20,0,LAN,ARI,4,3,LOS03,yamay001,nelsr003
2025,MIA202505200,2025-05-20,0,MIA,CHN,1,14,MIA02,weatr001,tailj001
2025,MIL202505200,2025-05-20,0,MIL,BAL,5,2,MIL06,hendl002,akink001
2025,NYA202505200,2025-05-20,0,NYA,TEX,5,2,NYC21,warrw001,corbp001
2025,PIT202505200,2025-05-20,0,PIT,CIN,1,0,PIT08,faltb001,martn002
2025,SFN202505200,2025-05-20,0,SFN,KCA,3,2,SFO03,birdh001,lorem002
2025,SLN202505200,2025-05-20,0,SLN,DET,4,5,STL10,fedde001,skubt001
2025,TBA202505200,2025-05-20,0,TBA,HOU,3,2,TAM02,littz001,waltb002
2025,TOR202505200,2025-05-20,0,TOR,SDN,3,0,TOR02,bassc001,ceasd001
2025,WAS202505200,2025-05-20,0,WAS,ATL,5,3,WAS11,parkm001,stris002
2025,ATH202505210,2025-05-21,0,ATH,ANA,5,10,SAC01,searj001,kochj001
2025,BOS202505210,2025-05-21,0,BOS,NYN,1,5,BOS07,crocg001,megit002
2025,CHA202505210,2025-05-21,0,CHA,SEA,5,6,CHI12,smits003,evanl001
2025,COL202505210,2025-05-21,0,COL,PHI,5,9,DEN02,palmc001,walkt004
2025,LAN202505210,2025-05-21,0,LAN,ARI,3,1,LOS03,may-d003,burnc002
2025,MIA202505210,2025-05-21,0,MIA,CHN,1,2,MIA02,meyem001,hortc001
2025,MIL202505210,2025-05-21,0,MIL,BAL,4,8,MIL06,patrc001,sugat001
2025,MIN202505210,2025-05-21,0,MIN,CLE,1,5,MIN04,paddc001,willg004
2025,NYA202505210,2025-05-21,0,NYA,TEX,4,3,NYC21,yarbr001,degrj001
2025,PIT202505210,2025-05-21,0,PIT,CIN,3,1,PIT08,heana001,singb001
2025,SFN202505210,2025-05-21,0,SFN,KCA,4,8,SFO03,webbl001,lyncd001
2025,SLN202505210,2025-05-21,0,SLN,DET,1,5,STL10,palla001,hurtb001
2025,TBA202505210,2025-05-21,0,TBA,HOU,8,4,TAM02,bradt002,browh001
2025,TOR202505210,2025-05-21,0,TOR,SDN,14,0,TOR02,gausk001,vasqr001
2025,ATH202505220,2025-05-22,0,ATH,ANA,5,10,SAC01,sevel001,andet002
2025,COL202505220,2025-05-22,0,COL,PHI,0,2,DEN02,marqg001,suarr001
2025,DET202505220,2025-05-22,0,DET,CLE,0,7,DET05,flahj002,bibet001
2025,HOU202505220,2025-05-22,0,HOU,SEA,9,2,HOU03,mccul002,kirbg001
2025,NYA202505220,2025-05-22,0,NYA,TEX,1,0,NYC21,rodoc001,eovan001
2025,PIT202505220,2025-05-22,0,PIT,MIL,5,8,PIT08,burrm001,civaa001
2025,TOR202505220,2025-05-22,0,TOR,SDN,7,6,TOR02,franb002,koles001
2025,WAS202505220,2025-05-22,0,WAS,ATL,8,7,WAS11,willt002,smita001
2025,ANA202505230,2025-05-23,0,ANA,MIA,7,4,ANA01,kikuy001,alcas001
2025,ATH202505230,2025-05-23,0,ATH,PHI,3,4,SAC01,lopej007,wheez001
2025,ATL202505230,2025-05-23,0,ATL,SDN,1,2,ATL03,salec001,piven001
2025,BOS202505230,2025-05-23,0,BOS,BAL,19,5,BOS07,bellb002,povic001
2025,CHA202505230,2025-05-23,0,CHA,TEX,4,1,CHI12,burks001,mahlt001
2025,CIN202505230,2025-05-23,0,CIN,CHN,6,13,CIN09,greeh001,boydm001
2025,COL202505230,2025-05-23,0,COL,NYA,3,2,DEN02,gordt002,schmc002
2025,DET202505230,2025-05-23,0,DET,CLE,1,3,DET05,jobej001,ceccs001
2025,HOU202505230,2025-05-23,0,HOU,SEA,3,5,HOU03,gustr001,hance001
2025,MIN202505230,2025-05-23,0,MIN,KCA,3,1,MIN04,lopep002,camen001
2025,NYN202505230,2025-05-23,0,NYN,LAN,5,7,NYC20,canng001,kersc001
2025,PIT202505230,2025-05-23,0,PIT,MIL,6,5,PIT08,skenp001,peraf001
2025,SLN202505230,2025-05-23,0,SLN,ARI,4,3,STL10,mikom001,gallz001
2025,TBA202505230,2025-05-23,0,TBA,TOR,3,1,TAM02,rasmd002,lauee001
2025,WAS202505230,2025-05-23,0,WAS,SFN,0,4,WAS11,gorem001,roupl001
2025,ANA202505240,2025-05-24,0,ANA,MIA,2,6,ANA01,sorij002,quanc001
2025,ATH202505240,2025-05-24,0,ATH,PHI,6,9,SAC01,sprij001,sancc002
2025,ATL202505240,2025-05-24,0,ATL,SDN,7,1,ATL03,holmg001,reyns002
2025,BOS202505241,2025-05-24,1,BOS,BAL,6,5,BOS07,dobbh001,efliz001
2025,BOS202505242,2025-05-24,2,BOS,BAL,1,2,BOS07,gioll001,roget003
2025,CHA202505240,2025-05-24,0,CHA,TEX,10,5,CHI12,wilsb003,leitj001
2025,CIN202505240,2025-05-24,0,CIN,CHN,6,4,CIN09,abboa001,rea-c001
2025,COL202505240,2025-05-24,0,COL,NYA,1,13,DEN02,freek001,friem001
2025,DET202505240,2025-05-24,0,DET,CLE,5,7,DET05,mizec001,ortil003
2025,HOU202505240,2025-05-24,0,HOU,SEA,2,1,HOU03,valdf001,woo-b001
2025,MIN202505240,2025-05-24,0,MIN,KCA,5,4,MIN04,mattz001,wachm001
2025,NYN202505240,2025-05-24,0,NYN,LAN,5,2,NYC20,peted003,gonst001
2025,PIT202505240,2025-05-24,0,PIT,MIL,2,1,PIT08,kellm003,prieq001
2025,SLN202505240,2025-05-24,0,SLN,ARI,6,5,STL10,libem001,kellm002
2025,TBA202505240,2025-05-24,0,TBA,TOR,3,1,TAM02,baz-s001,berrj001
2025,WAS202505240,2025-05-24,0,WAS,SFN,3,0,WAS11,irvij001,harrk001
2025,ANA202505250,2025-05-25,0,ANA,MIA,0,3,ANA01,hendk001,cabre003
2025,ATH202505250,2025-05-25,0,ATH,PHI,5,4,SAC01,hoglg001,luzaj001
2025,ATL202505250,2025-05-25,0,ATL,SDN,3,5,ATL03,schws001,ceasd001
2025,BOS202505250,2025-05-25,0,BOS,BAL,1,5,BOS07,buehw001,kremd001
2025,CHA202505250,2025-05-25,0,CHA,TEX,4,5,CHI12,martd006,corbp001
2025,CIN202505250,2025-05-25,0,CIN,CHN,8,11,CIN09,lodon001,browb006
2025,COL202505250,2025-05-25,0,COL,NYA,4,5,DEN02,senza001,warrw001
2025,DET202505250,2025-05-25,0,DET,CLE,5,0,DET05,skubt001,allel003
2025,HOU202505250,2025-05-25,0,HOU,SEA,5,3,HOU03,gordc001,castl003
2025,MIN202505250,2025-05-25,0,MIN,KCA,1,2,MIN04,oberb002,bubik001
2025,NYN202505250,2025-05-25,0,NYN,LAN,3,1,NYC20,sengk001,knacl001
2025,PIT202505250,2025-05-25,0,PIT,MIL,5,6,PIT08,faltb001,hendl002
2025,SLN202505250,2025-05-25,0,SLN,ARI,4,3,STL10,grays001,pfaab001
2025,TBA202505250,2025-05-25,0,TBA,TOR,13,0,TAM02,pepir001,bassc001
2025,WAS202505250,2025-05-25,0,WAS,SFN,2,3,WAS11,sorom001,ray-r002
2025,ANA202505260,2025-05-26,0,ANA,NYA,1,5,ANA01,kochj001,yarbr001
2025,ARI202505260,2025-05-26,0,ARI,PIT,5,0,PHO01,nelsr003,heana001
2025,BAL202505260,2025-05-26,0,BAL,SLN,5,2,BAL12,mortc002,fedde001
2025,CHN202505260,2025-05-26,0,CHN,COL,3,1,CHI11,tailj001,palmc001
2025,CLE202505260,2025-05-26,0,CLE,LAN,2,7,CLE08,willg004,yamay001
2025,DET202505260,2025-05-26,0,DET,SFN,3,1,DET05,montk001,birdh001
2025,KCA202505260,2025-05-26,0,KCA,CIN,4,7,KAN06,lorem002,martn002
2025,MIL202505260,2025-05-26,0,MIL,BOS,3,2,MIL06,patrc001,crocg001
2025,NYN202505260,2025-05-26,0,NYN,CHA,2,1,NYC20,holmc001,housa001
2025,SDN202505260,2025-05-26,0,SDN,MIA,4,3,SAN02,vasqr001,weatr001
2025,TBA202505260,2025-05-26,0,TBA,MIN,7,2,TAM02,littz001,paddc001
2025,TEX202505260,2025-05-26,0,TEX,TOR,1,2,ARL03,degrj001,gausk001
2025,ANA202505270,2025-05-27,0,ANA,NYA,2,3,ANA01,andet002,rodoc001
2025,ARI202505270,2025-05-27,0,ARI,PIT,6,9,PHO01,burnc002,burrm001
2025,BAL202505270,2025-05-27,0,BAL,SLN,4,7,BAL12,sugat001,palla001
2025,CHN202505270,2025-05-27,0,CHN,COL,4,3,CHI11,hortc001,marqg001
2025,CLE202505270,2025-05-27,0,CLE,LAN,5,9,CLE08,bibet001,may-d003
2025,DET202505270,2025-05-27,0,DET,SFN,3,1,DET05,flahj002,webbl001
2025,HOU202505270,2025-05-27,0,HOU,ATH,11,1,HOU03,browh001,searj001
2025,KCA202505270,2025-05-27,0,KCA,CIN,2,7,KAN06,lyncd001,singb001
2025,MIL202505270,2025-05-27,0,MIL,BOS,5,1,MIL06,civaa001,fittr001
2025,NYN202505270,2025-05-27,0,NYN,CHA,6,4,NYC20,megit002,cannj001
2025,PHI202505270,2025-05-27,0,PHI,ATL,2,0,PHI13,suarr001,stris002
2025,SDN202505270,2025-05-27,0,SDN,MIA,8,6,SAN02,koles001,meyem001
2025,SEA202505270,2025-05-27,0,SEA,WAS,9,1,SEA03,evanl001,parkm001
2025,TBA202505270,2025-05-27,0,TBA,MIN,2,4,TAM02,bradt002,ryanj002
2025,TEX202505270,2025-05-27,0,TEX,TOR,2,0,ARL03,eovan001,franb002
2025,ANA202505280,2025-05-28,0,ANA,NYA,0,1,ANA01,kikuy001,schmc002
2025,ARI202505280,2025-05-28,0,ARI,PIT,1,10,PHO01,gallz001,skenp001
2025,BAL202505280,2025-05-28,0,BAL,SLN,4,6,BAL12,povic001,mikom001
2025,CHN202505280,2025-05-28,0,CHN,COL,2,1,CHI11,boydm001,gordt002
2025,CLE202505280,2025-05-28,0,CLE,LAN,7,4,CLE08,allak001,kersc001
2025,DET202505280,2025-05-28,0,DET,SFN,4,3,DET05,jobej001,roupl001
2025,HOU202505280,2025-05-28,0,HOU,ATH,5,3,HOU03,mccul002,sevel001
2025,KCA202505280,2025-05-28,0,KCA,CIN,3,2,KAN06,camen001,greeh001
2025,MIL202505280,2025-05-28,0,MIL,BOS,6,5,MIL06,peraf001,bellb002
2025,NYN202505280,2025-05-28,0,NYN,CHA,4,9,NYC20,canng001,smits003
2025,SDN202505280,2025-05-28,0,SDN,MIA,8,10,SAN02,hartk002,alcas001
2025,SEA202505280,2025-05-28,0,SEA,WAS,0,9,SEA03,kirbg001,willt002
2025,TBA202505280,2025-05-28,0,TBA,MIN,5,0,TAM02,rasmd002,lopep002
2025,TEX202505280,2025-05-28,0,TEX,TOR,0,2,ARL03,mahlt001,schup002
2025,HOU202505290,2025-05-29,0,HOU,TBA,3,13,HOU03,gustr001,baz-s001
2025,PHI202505291,2025-05-29,1,PHI,ATL,5,4,PHI13,sancc002,smita001
2025,PHI202505292,2025-05-29,2,PHI,ATL,3,9,PHI13,wheez001,salec001
2025,SEA202505290,2025-05-29,0,SEA,WAS,3,9,SEA03,hance001,gorem001
2025,TOR202505290,2025-05-29,0,TOR,ATH,12,0,TOR02,berrj001,lopej007
2025,ARI202505300,2025-05-30,0,ARI,WAS,7,9,PHO01,kellm002,irvij001
2025,ATL202505300,2025-05-30,0,ATL,BOS,1,5,ATL03,holmg001,gioll001
2025,BAL202505300,2025-05-30,0,BAL,CHA,2,1,BAL12,efliz001,shusj001
2025,CHN202505300,2025-05-30,0,CHN,CIN,2,6,CHI11,rea-c001,abboa001
2025,CLE202505300,2025-05-30,0,CLE,ANA,1,4,CLE08,ortil003,sorij002
2025,HOU202505300,2025-05-30,0,HOU,TBA,2,1,HOU03,valdf001,pepir001
2025,KCA202505300,2025-05-30,0,KCA,DET,5,7,KAN06,lugos001,mizec001
2025,LAN202505300,2025-05-30,0,LAN,NYA,8,5,LOS03,gonst001,friem001
2025,MIA202505300,2025-05-30,0,MIA,SFN,0,2,MIA02,quanc001,harrk001
2025,NYN202505300,2025-05-30,0,NYN,COL,4,2,NYC20,peted003,freek001
2025,PHI202505300,2025-05-30,0,PHI,MIL,2,6,PHI13,walkt004,halld004
2025,SDN202505300,2025-05-30,0,SDN,PIT,3,2,SAN02,piven001,kellm003
2025,SEA202505300,2025-05-30,0,SEA,MIN,6,12,SEA03,woo-b001,mattz001
2025,TEX202505300,2025-05-30,0,TEX,SLN,11,1,ARL03,leitj001,libem001
2025,TOR202505300,2025-05-30,0,TOR,ATH,11,7,TOR02,bassc001,sprij001
2025,ARI202505310,2025-05-31,0,ARI,WAS,7,11,PHO01,pfaab001,sorom001
2025,ATL202505310,2025-05-31,0,ATL,BOS,5,0,ATL03,schws001,buehw001
2025,BAL202505310,2025-05-31,0,BAL,CHA,4,2,BAL12,kremd001,martd006
2025,CHN202505310,2025-05-31,0,CHN,CIN,2,0,CHI11,pomed001,lodon001
2025,CLE202505310,2025-05-31,0,CLE,ANA,7,5,CLE08,ceccs001,hendk001
2025,HOU202505310,2025-05-31,0,HOU,TBA,3,16,HOU03,gordc001,littz001
2025,KCA202505310,2025-05-31,0,KCA,DET,1,0,KAN06,wachm001,skubt001
2025,LAN202505310,2025-05-31,0,LAN,NYA,18,2,LOS03,knacl001,warrw001
2025,MIA202505310,2025-05-31,0,MIA,SFN,1,0,MIA02,cabre003,ray-r002
2025,NYN202505310,2025-05-31,0,NYN,COL,8,2,NYC20,sengk001,senza001
2025,PHI202505310,2025-05-31,0,PHI,MIL,7,17,PHI13,luzaj001,patrc001
2025,SDN202505310,2025-05-31,0,SDN,PIT,0,5,SAN02,ceasd001,faltb001
2025,SEA202505310,2025-05-31,0,SEA,MIN,5,4,SEA03,millb004,oberb002
2025,TEX202505310,2025-05-31,0,TEX,SLN,0,2,ARL03,corbp001,grays001
2025,TOR202505310,2025-05-31,0,TOR,ATH,8,7,TOR02,fishb002,hoglg001
2025,ARI202506010,2025-06-01,0,ARI,WAS,3,1,PHO01,burnc002,parkm001
2025,ATL202506010,2025-06-01,0,ATL,BOS,1,3,ATL03,eldeb001,crocg001
2025,BAL202506010,2025-06-01,0,BAL,CHA,3,2,BAL12,mortc002,housa001
2025,CHN202506010,2025-06-01,0,CHN,CIN,7,3,CHI11,tailj001,martn002
2025,CLE202506010,2025-06-01,0,CLE,ANA,4,2,CLE08,willg004,kochj001
2025,HOU202506010,2025-06-01,0,HOU,TBA,1,0,HOU03,browh001,bradt002
2025,KCA202506010,2025-06-01,0,KCA,DET,0,1,KAN06,bubik001,montk001
2025,LAN202506010,2025-06-01,0,LAN,NYA,3,7,LOS03,yamay001,yarbr001
2025,MIA202506010,2025-06-01,0,MIA,SFN,2,4,MIA02,weatr001,birdh001
2025,NYN202506010,2025-06-01,0,NYN,COL,5,3,NYC20,holmc001,palmc001
2025,PHI202506010,2025-06-01,0,PHI,MIL,2,5,PHI13,suarr001,quinj001
2025,SDN202506010,2025-06-01,0,SDN,PIT,6,4,SAN02,vasqr001,heana001
2025,SEA202506010,2025-06-01,0,SEA,MIN,2,1,SEA03,castl003,paddc001
2025,TEX202506010,2025-06-01,0,TEX,SLN,8,1,ARL03,degrj001,fedde001
2025,TOR202506010,2025-06-01,0,TOR,ATH,8,4,TOR02,gausk001,searj001
2025,ATH202506020,2025-06-02,0,ATH,MIN,4,10,SAC01,sevel001,ryanj002
2025,BOS202506020,2025-06-02,0,BOS,ANA,6,7,BOS07,fittr001,andet002
2025,CHA202506020,2025-06-02,0,CHA,DET,1,13,CHI12,cannj001,flahj002
2025,CIN202506020,2025-06-02,0,CIN,MIL,2,3,CIN09,singb001,civaa001
2025,LAN202506020,2025-06-02,0,LAN,NYN,3,4,LOS03,may-d003,blacp001
2025,MIA202506020,2025-06-02,0,MIA,COL,4,6,MIA02,meyem001,marqg001
2025,SFN202506020,2025-06-02,0,SFN,SDN,0,1,SFO03,webbl001,koles001
2025,ATH202506030,2025-06-03,0,ATH,MIN,3,10,SAC01,holmg002,lopep002
2025,ATL202506030,2025-06-03,0,ATL,ARI,3,8,ATL03,stris002,gallz001
2025,BOS202506030,2025-06-03,0,BOS,ANA,3,4,BOS07,bellb002,kikuy001
2025,CHA202506030,2025-06-03,0,CHA,DET,8,1,CHI12,smits003,brieb001
2025,CIN202506030,2025-06-03,0,CIN,MIL,4,2,CIN09,greeh001,peraf001
2025,LAN202506030,2025-06-03,0,LAN,NYN,6,5,LOS03,kersc001,megit002
2025,MIA202506030,2025-06-03,0,MIA,COL,2,3,MIA02,alcas001,dollc001
2025,NYA202506030,2025-06-03,0,NYA,CLE,3,2,NYC21,rodoc001,bibet001
2025,PIT202506030,2025-06-03,0,PIT,HOU,0,3,PIT08,skenp001,mccul002
2025,SEA202506030,2025-06-03,0,SEA,BAL,1,5,SEA03,kirbg001,sugat001
2025,SFN202506030,2025-06-03,0,SFN,SDN,2,3,SFO03,roupl001,bergr001
2025,SLN202506030,2025-06-03,0,SLN,KCA,7,10,STL10,palla001,lorem002
2025,TBA202506030,2025-06-03,0,TBA,TEX,5,1,TAM02,rasmd002,mahlt001
2025,TOR202506030,2025-06-03,0,TOR,PHI,3,8,TOR02,franb002,sancc002
2025,WAS202506030,2025-06-03,0,WAS,CHN,3,8,WAS11,willt002,hortc001
2025,ATH202506040,2025-06-04,0,ATH,MIN,1,6,SAC01,sterj001,mattz001
2025,ATL202506040,2025-06-04,0,ATL,ARI,1,2,ATL03,salec001,kellm002
2025,BOS202506040,2025-06-04,0,BOS,ANA,11,9,BOS07,gioll001,sorij002
2025,CHA202506040,2025-06-04,0,CHA,DET,4,5,CHI12,shusj001,gipss001
2025,CIN202506040,2025-06-04,0,CIN,MIL,1,9,CIN09,abboa001,halld004
2025,LAN202506040,2025-06-04,0,LAN,NYN,1,6,LOS03,gonst001,canng001
2025,MIA202506040,2025-06-04,0,MIA,COL,2,3,MIA02,quanc001,freek001
2025,NYA202506040,2025-06-04,0,NYA,CLE,0,4,NYC21,schmc002,ortil003
2025,PIT202506040,2025-06-04,0,PIT,HOU,3,0,PIT08,burrm001,gustr001
2025,SEA202506040,2025-06-04,0,SEA,BAL,2,3,SEA03,hance001,povic001
2025,SFN202506040,2025-06-04,0,SFN,SDN,6,5,SFO03,harrk001,piven001
2025,TBA202506040,2025-06-04,0,TBA,TEX,5,4,TAM02,baz-s001,rockk001
2025,TOR202506040,2025-06-04,0,TOR,PHI,2,1,TOR02,berrj001,abelm001
2025,WAS202506040,2025-06-04,0,WAS,CHN,2,0,WAS11,gorem001,boydm001
2025,ATH202506050,2025-06-05,0,ATH,MIN,14,3,SAC01,spenm001,festd001
2025,ATL202506050,2025-06-05,0,ATL,ARI,10,11,ATL03,holmg001,pfaab001
2025,CHA202506050,2025-06-05,0,CHA,DET,3,2,CHI12,burks001,mizec001
2025,LAN202506050,2025-06-05,0,LAN,NYN,6,5,LOS03,knacl001,peted003
2025,NYA202506050,2025-06-05,0,NYA,CLE,4,0,NYC21,friem001,ceccs001
2025,PIT202506050,2025-06-05,0,PIT,HOU,2,8,PIT08,kellm003,valdf001
2025,SEA202506050,2025-06-05,0,SEA,BAL,3,4,SEA03,woo-b001,efliz001
2025,SFN202506050,2025-06-05,0,SFN,SDN,3,2,SFO03,ray-r002,ceasd001
2025,SLN202506051,2025-06-05,1,SLN,KCA,6,5,STL10,mikom001,camen001
2025,SLN202506052,2025-06-05,2,SLN,KCA,5,7,STL10,libem001,ragac001
2025,TBA202506050,2025-06-05,0,TBA,TEX,4,3,TAM02,pepir001,leitj001
2025,TOR202506050,2025-06-05,0,TOR,PHI,9,1,TOR02,bassc001,luzaj001
2025,WAS202506050,2025-06-05,0,WAS,CHN,1,7,WAS11,irvij001,pomed001
2025,ANA202506060,2025-06-06,0,ANA,SEA,5,4,ANA01,hendk001,millb004
2025,ATH202506060,2025-06-06,0,ATH,BAL,5,4,SAC01,searj001,kremd001
2025,CHA202506060,2025-06-06,0,CHA,KCA,7,2,CHI12,martd006,lugos001
2025,CIN202506060,2025-06-06,0,CIN,ARI,4,3,CIN09,lodon001,rodre004
2025,CLE202506060,2025-06-06,0,CLE,HOU,2,4,CLE08,allel003,gordc001
2025,COL202506060,2025-06-06,0,COL,NYN,2,4,DEN02,rolir001,sengk001
2025,DET202506060,2025-06-06,0,DET,CHN,3,1,DET05,skubt001,browb006
2025,MIL202506060,2025-06-06,0,MIL,SDN,0,2,MIL06,patrc001,vasqr001
2025,MIN202506060,2025-06-06,0,MIN,TOR,4,6,MIN04,oberb002,schup002
2025,NYA202506060,2025-06-06,0,NYA,BOS,9,6,NYC21,warrw001,buehw001
2025,PIT202506060,2025-06-06,0,PIT,PHI,5,4,PIT08,faltb001,rossj002
2025,SFN202506060,2025-06-06,0,SFN,ATL,5,4,SFO03,birdh001,schws001
2025,SLN202506060,2025-06-06,0,SLN,LAN,5,0,STL10,grays001,wrobj001
2025,TBA202506060,2025-06-06,0,TBA,MIA,4,3,TAM02,littz001,cabre003
2025,WAS202506060,2025-06-06,0,WAS,TEX,2,0,WAS11,sorom001,corbp001
2025,ANA202506070,2025-06-07,0,ANA,SEA,8,6,ANA01,kochj001,castl003
2025,ATH202506070,2025-06-07,0,ATH,BAL,4,7,SAC01,sevel001,mortc002
2025,CHA202506070,2025-06-07,0,CHA,KCA,4,1,CHI12,housa001,wachm001
2025,CIN202506070,2025-06-07,0,CIN,ARI,13,1,CIN09,martn002,nelsr003
2025,CLE202506070,2025-06-07,0,CLE,HOU,3,5,CLE08,willg004,browh001
2025,COL202506070,2025-06-07,0,COL,NYN,1,8,DEN02,marqg001,holmc001
2025,DET202506070,2025-06-07,0,DET,CHN,1,6,DET05,holtt002,tailj001
2025,MIL202506070,2025-06-07,0,MIL,SDN,4,3,MIL06,quinj001,koles001
2025,MIN202506070,2025-06-07,0,MIN,TOR,4,5,MIN04,paddc001,gausk001
2025,NYA202506070,2025-06-07,0,NYA,BOS,7,10,NYC21,yarbr001,crocg001
2025,PIT202506070,2025-06-07,0,PIT,PHI,2,1,PIT08,heana001,suarr001
2025,SFN202506070,2025-06-07,0,SFN,ATL,3,2,SFO03,webbl001,eldeb001
2025,SLN202506070,2025-06-07,0,SLN,LAN,2,1,STL10,fedde001,yamay001
2025,TBA202506070,2025-06-07,0,TBA,MIA,10,11,TAM02,bradt002,weatr001
2025,WAS202506070,2025-06-07,0,WAS,TEX,0,5,WAS11,parkm001,degrj001
2025,ANA202506080,2025-06-08,0,ANA,SEA,2,3,ANA01,andet002,kirbg001
2025,ATH202506080,2025-06-08,0,ATH,BAL,5,1,SAC01,lopej007,sugat001
2025,CHA202506080,2025-06-08,0,CHA,KCA,5,7,CHI12,vasim001,lorem002
2025,CIN202506080,2025-06-08,0,CIN,ARI,4,2,CIN09,singb001,gallz001
2025,CLE202506080,2025-06-08,0,CLE,HOU,4,2,CLE08,bibet001,waltb002
2025,COL202506080,2025-06-08,0,COL,NYN,5,13,DEN02,dollc001,megit002
2025,DET202506080,2025-06-08,0,DET,CHN,4,0,DET05,flahj002,hortc001
2025,MIL202506080,2025-06-08,0,MIL,SDN,0,1,MIL06,peraf001,bergr001
2025,MIN202506080,2025-06-08,0,MIN,TOR,6,3,MIN04,ryanj002,franb002
2025,NYA202506080,2025-06-08,0,NYA,BOS,7,11,NYC21,rodoc001,dobbh001
2025,PIT202506080,2025-06-08,0,PIT,PHI,2,1,PIT08,skenp001,sancc002
2025,SFN202506080,2025-06-08,0,SFN,ATL,4,3,SFO03,roupl001,stris002
2025,SLN202506080,2025-06-08,0,SLN,LAN,3,7,STL10,mcgrm001,kersc001
2025,TBA202506080,2025-06-08,0,TBA,MIA,3,2,TAM02,rasmd002,venea001
2025,WAS202506080,2025-06-08,0,WAS,TEX,2,4,WAS11,willt002,latzj001
2025,ANA202506090,2025-06-09,0,ANA,ATH,7,4,ANA01,kikuy001,holmg002
2025,ARI202506090,2025-06-09,0,ARI,SEA,8,4,PHO01,kellm002,hance001
2025,BOS202506090,2025-06-09,0,BOS,TBA,8,10,BOS07,bellb002,baz-s001
2025,CLE202506090,2025-06-09,0,CLE,CIN,4,7,CLE08,ortil003,milew001
2025,MIL202506090,2025-06-09,0,MIL,ATL,1,7,MIL06,civaa001,salec001
2025,PHI202506090,2025-06-09,0,PHI,CHN,4,3,PHI13,wheez001,boydm001
2025,PIT202506090,2025-06-09,0,PIT,MIA,10,3,PIT08,burrm001,peree004
2025,SDN202506090,2025-06-09,0,SDN,LAN,7,8,SAN02,piven001,may-d003
2025,SLN202506090,2025-06-09,0,SLN,TOR,4,5,STL10,palla001,berrj001
2025,ANA202506100,2025-06-10,0,ANA,ATH,2,1,ANA01,sorij002,spenm001
2025,ARI202506100,2025-06-10,0,ARI,SEA,10,3,PHO01,pfaab001,evanl001
2025,BAL202506100,2025-06-10,0,BAL,DET,3,5,BAL12,povic001,hurtb001
2025,BOS202506100,2025-06-10,0,BOS,TBA,3,1,BOS07,gioll001,pepir001
2025,CLE202506100,2025-06-10,0,CLE,CIN,0,1,CLE08,ceccs001,abboa001
2025,COL202506100,2025-06-10,0,COL,SFN,5,6,DEN02,palmc001,harrk001
2025,HOU202506100,2025-06-10,0,HOU,CHA,2,4,HOU03,mccul002,smits003
2025,KCA202506100,2025-06-10,0,KCA,NYA,2,10,KAN06,camen001,friem001
2025,MIL202506100,2025-06-10,0,MIL,ATL,4,1,MIL06,prieq001,holmg001
2025,MIN202506100,2025-06-10,0,MIN,TEX,4,16,MIN04,woods002,mahlt001
2025,NYN202506100,2025-06-10,0,NYN,WAS,5,4,NYC20,canng001,gorem001
2025,PHI202506100,2025-06-10,0,PHI,CHN,4,8,PHI13,abelm001,rea-c001
2025,PIT202506100,2025-06-10,0,PIT,MIA,2,3,PIT08,kellm003,alcas001
2025,SDN202506100,2025-06-10,0,SDN,LAN,11,1,SAN02,ceasd001,trivl001
2025,SLN202506100,2025-06-10,0,SLN,TOR,9,10,STL10,mikom001,bassc001
2025,ANA202506110,2025-06-11,0,ANA,ATH,6,5,ANA01,hendk001,searj001
2025,ARI202506110,2025-06-11,0,ARI,SEA,5,2,PHO01,rodre004,woo-b001
2025,BAL202506110,2025-06-11,0,BAL,DET,10,1,BAL12,efliz001,mizec001
2025,BOS202506110,2025-06-11,0,BOS,TBA,4,3,BOS07,buehw001,littz001
2025,CLE202506110,2025-06-11,0,CLE,CIN,11,2,CLE08,allel003,lodon001
2025,COL202506110,2025-06-11,0,COL,SFN,7,10,DEN02,freek001,ray-r002
2025,HOU202506110,2025-06-11,0,HOU,CHA,10,2,HOU03,gustr001,burks001
2025,KCA202506110,2025-06-11,0,KCA,NYA,3,6,KAN06,bubik001,schmc002
2025,MIL202506110,2025-06-11,0,MIL,ATL,2,6,MIL06,patrc001,schws001
2025,MIN202506110,2025-06-11,0,MIN,TEX,6,2,MIN04,festd001,leitj001
2025,NYN202506110,2025-06-11,0,NYN,WAS,5,0,NYC20,peted003,irvij001
2025,PHI202506110,2025-06-11,0,PHI,CHN,7,2,PHI13,luzaj001,browb006
2025,PIT202506110,2025-06-11,0,PIT,MIA,5,2,PIT08,faltb001,quanc001
2025,SDN202506110,2025-06-11,0,SDN,LAN,2,5,SAN02,vasqr001,caspb001
2025,SLN202506110,2025-06-11,0,SLN,TOR,2,5,STL10,libem001,lauee001
2025,BAL202506120,2025-06-12,0,BAL,DET,1,4,BAL12,akink001,skubt001
2025,CHN202506120,2025-06-12,0,CHN,PIT,3,2,CHI11,tailj001,heana001
2025,COL202506120,2025-06-12,0,COL,SFN,8,7,DEN02,senza001,birdh001
2025,HOU202506120,2025-06-12,0,HOU,CHA,4,3,HOU03,valdf001,martd006
2025,KCA202506120,2025-06-12,0,KCA,NYA,0,1,KAN06,lugos001,warrw001
2025,MIL202506120,2025-06-12,0,MIL,SLN,6,0,MIL06,misij001,grays001
2025,MIN202506120,2025-06-12,0,MIN,TEX,3,16,MIN04,oberb002,corbp001
2025,NYN202506120,2025-06-12,0,NYN,WAS,4,3,NYC20,sengk001,sorom001
2025,ARI202506130,2025-06-13,0,ARI,SDN,5,1,PHO01,nelsr003,koles001
2025,ATL202506130,2025-06-13,0,ATL,COL,12,4,ATL03,eldeb001,marqg001
2025,BAL202506130,2025-06-13,0,BAL,ANA,2,0,BAL12,mortc002,kochj001
2025,BOS202506130,2025-06-13,0,BOS,NYA,2,1,BOS07,crocg001,yarbr001
2025,CHN202506130,2025-06-13,0,CHN,PIT,1,2,CHI11,hortc001,skenp001
2025,DET202506130,2025-06-13,0,DET,CIN,11,5,DET05,hurtb001,martn002
2025,HOU202506130,2025-06-13,0,HOU,MIN,10,3,HOU03,gordc001,paddc001
2025,KCA202506130,2025-06-13,0,KCA,ATH,4,6,KAN06,wachm001,sevel001
2025,LAN202506130,2025-06-13,0,LAN,SFN,2,6,LOS03,yamay001,webbl001
2025,MIL202506130,2025-06-13,0,MIL,SLN,3,2,MIL06,peraf001,fedde001
2025,NYN202506130,2025-06-13,0,NYN,TBA,5,7,NYC20,holmc001,bradt002
2025,PHI202506130,2025-06-13,0,PHI,TOR,8,0,PHI13,suarr001,gausk001
2025,SEA202506130,2025-06-13,0,SEA,CLE,7,2,SEA03,castl003,willg004
2025,TEX202506130,2025-06-13,0,TEX,CHA,3,1,ARL03,armss001,housa001
2025,WAS202506130,2025-06-13,0,WAS,MIA,9,11,WAS11,parkm001,cabre003
2025,ARI202506140,2025-06-14,0,ARI,SDN,8,7,PHO01,gallz001,bergr001
2025,ATL202506140,2025-06-14,0,ATL,COL,4,1,ATL03,stris002,dollc001
2025,BAL202506140,2025-06-14,0,BAL,ANA,6,5,BAL12,sugat001,andet002
2025,BOS202506140,2025-06-14,0,BOS,NYA,4,3,BOS07,dobbh001,rodoc001
2025,CHN202506140,2025-06-14,0,CHN,PIT,2,1,CHI11,boydm001,burrm001
2025,DET202506140,2025-06-14,0,DET,CIN,1,11,DET05,flahj002,singb001
2025,HOU202506140,2025-06-14,0,HOU,MIN,3,2,HOU03,browh001,ryanj002
2025,KCA202506140,2025-06-14,0,KCA,ATH,0,4,KAN06,lorem002,lopej007
2025,LAN202506140,2025-06-14,0,LAN,SFN,11,5,LOS03,kersc001,roupl001
2025,MIL202506140,2025-06-14,0,MIL,SLN,5,8,MIL06,quinj001,palla001
2025,NYN202506140,2025-06-14,0,NYN,TBA,4,8,NYC20,megit002,rasmd002
2025,PHI202506140,2025-06-14,0,PHI,TOR,3,2,PHI13,sancc002,franb002
2025,SEA202506140,2025-06-14,0,SEA,CLE,4,3,SEA03,kirbg001,bibet001
2025,TEX202506140,2025-06-14,0,TEX,CHA,5,4,ARL03,degrj001,vasim001
2025,WAS202506140,2025-06-14,0,WAS,MIA,3,4,WAS11,willt002,gibsc001
2025,ARI202506150,2025-06-15,0,ARI,SDN,2,8,PHO01,kellm002,piven001
2025,ATL202506150,2025-06-15,0,ATL,COL,1,10,ATL03,holmg001,gomba001
2025,BAL202506150,2025-06-15,0,BAL,ANA,11,2,BAL12,blews001,kikuy001
2025,BOS202506150,2025-06-15,0,BOS,NYA,2,0,BOS07,bellb002,friem001
2025,CHN202506150,2025-06-15,0,CHN,PIT,3,2,CHI11,rea-c001,kellm003
2025,DET202506150,2025-06-15,0,DET,CIN,4,8,DET05,holtt002,milew001
2025,HOU202506150,2025-06-15,0,HOU,MIN,2,1,HOU03,waltb002,woods002
2025,KCA202506150,2025-06-15,0,KCA,ATH,2,3,KAN06,camen001,sprij001
2025,LAN202506150,2025-06-15,0,LAN,SFN,5,4,LOS03,may-d003,hjels001
2025,MIL202506150,2025-06-15,0,MIL,SLN,3,2,MIL06,prieq001,mikom001
2025,NYN202506150,2025-06-15,0,NYN,TBA,0,9,NYC20,canng001,baz-s001
2025,PHI202506150,2025-06-15,0,PHI,TOR,11,4,PHI13,wheez001,berrj001
2025,SEA202506150,2025-06-15,0,SEA,CLE,6,0,SEA03,hance001,ortil003
2025,TEX202506150,2025-06-15,0,TEX,CHA,2,1,ARL03,rockk001,civaa001
2025,WAS202506150,2025-06-15,0,WAS,MIA,1,3,WAS11,gorem001,peree004
2025,ATH202506160,2025-06-16,0,ATH,HOU,3,1,SAC01,spenm001,gustr001
2025,LAN202506160,2025-06-16,0,LAN,SDN,6,3,LOS03,ohtas001,ceasd001
2025,MIA202506160,2025-06-16,0,MIA,PHI,2,5,MIA02,alcas001,abelm001
2025,NYA202506160,2025-06-16,0,NYA,ANA,0,1,NYC21,schmc002,sorij002
2025,SEA202506160,2025-06-16,0,SEA,BOS,0,2,SEA03,gilbl002,gioll001
2025,TBA202506160,2025-06-16,0,TBA,BAL,7,1,TAM02,pepir001,efliz001
2025,WAS202506160,2025-06-16,0,WAS,COL,4,6,WAS11,irvij001,palmc001
2025,ATH202506170,2025-06-17,0,ATH,HOU,3,13,SAC01,searj001,alexj001
2025,ATL202506170,2025-06-17,0,ATL,NYN,5,4,ATL03,schws001,peted003
2025,CHA202506170,2025-06-17,0,CHA,SLN,2,12,CHI12,smits003,libem001
2025,CHN202506170,2025-06-17,0,CHN,MIL,5,3,CHI11,browb006,patrc001
2025,CIN202506170,2025-06-17,0,CIN,MIN,6,5,CIN09,abboa001,festd001
2025,DET202506170,2025-06-17,0,DET,PIT,7,3,DET05,mizec001,faltb001
2025,LAN202506170,2025-06-17,0,LAN,SDN,8,6,LOS03,dreyj001,vasqr001
2025,MIA202506170,2025-06-17,0,MIA,PHI,8,3,MIA02,quanc001,luzaj001
2025,NYA202506170,2025-06-17,0,NYA,ANA,0,4,NYC21,warrw001,hendk001
2025,SEA202506170,2025-06-17,0,SEA,BOS,8,0,SEA03,woo-b001,buehw001
2025,SFN202506170,2025-06-17,0,SFN,CLE,2,3,SFO03,ray-r002,ceccs001
2025,TBA202506170,2025-06-17,0,TBA,BAL,1,5,TAM02,littz001,kremd001
2025,TEX202506170,2025-06-17,0,TEX,KCA,1,6,ARL03,leitj001,lugos001
2025,TOR202506170,2025-06-17,0,TOR,ARI,5,4,TOR02,bassc001,pfaab001
2025,WAS202506170,2025-06-17,0,WAS,COL,6,10,WAS11,sorom001,senza001
2025,ATH202506180,2025-06-18,0,ATH,HOU,4,11,SAC01,sevel001,valdf001
2025,ATL202506180,2025-06-18,0,ATL,NYN,5,0,ATL03,salec001,blacp001
2025,CIN202506180,2025-06-18,0,CIN,MIN,4,2,CIN09,lodon001,oberb002
2025,LAN202506180,2025-06-18,0,LAN,SDN,4,3,LOS03,sheee001,koles001
2025,MIA202506180,2025-06-18,0,MIA,PHI,2,4,MIA02,mazua001,suarr001
2025,NYA202506180,2025-06-18,0,NYA,ANA,2,3,NYC21,yarbr001,kochj001
2025,SEA202506180,2025-06-18,0,SEA,BOS,1,3,SEA03,castl003,crocg001
2025,SFN202506180,2025-06-18,0,SFN,CLE,2,4,SFO03,verlj001,allel003
2025,TBA202506180,2025-06-18,0,TBA,BAL,12,8,TAM02,bradt002,roget003
2025,TEX202506180,2025-06-18,0,TEX,KCA,3,6,ARL03,corbp001,bubik001
2025,TOR202506180,2025-06-18,0,TOR,ARI,8,1,TOR02,lauee001,rodre004
2025,WAS202506180,2025-06-18,0,WAS,COL,1,3,WAS11,parkm001,marqg001
2025,ATH202506190,2025-06-19,0,ATH,HOU,6,4,SAC01,lopej007,gordc001
2025,ATL202506190,2025-06-19,0,ATL,NYN,7,1,ATL03,stris002,holmc001
2025,CHA202506191,2025-06-19,1,CHA,SLN,4,5,CHI12,burks001,fedde001
2025,CHA202506192,2025-06-19,2,CHA,SLN,6,8,CHI12,vasim001,mcgrm001
2025,CHN202506190,2025-06-19,0,CHN,MIL,7,8,CHI11,tailj001,peraf001
2025,CIN202506190,2025-06-19,0,CIN,MIN,5,12,CIN09,martn002,paddc001
2025,DET202506191,2025-06-19,1,DET,PIT,9,2,DET05,skubt001,heana001
2025,DET202506192,2025-06-19,2,DET,PIT,4,8,DET05,holtt002,skenp001
2025,LAN202506190,2025-06-19,0,LAN,SDN,3,5,LOS03,yamay001,bergr001
2025,MIA202506190,2025-06-19,0,MIA,PHI,1,2,MIA02,cabre003,sancc002
2025,NYA202506190,2025-06-19,0,NYA,ANA,7,3,NYC21,rodoc001,andet002
2025,SFN202506190,2025-06-19,0,SFN,CLE,2,1,SFO03,webbl001,willg004
2025,TBA202506190,2025-06-19,0,TBA,BAL,1,4,TAM02,rasmd002,mortc002
2025,TEX202506190,2025-06-19,0,TEX,KCA,1,4,ARL03,armss001,wachm001
2025,TOR202506190,2025-06-19,0,TOR,ARI,5,9,TOR02,gausk001,nelsr003
2025,WAS202506190,2025-06-19,0,WAS,COL,4,3,WAS11,willt002,dollc001
2025,ANA202506200,2025-06-20,0,ANA,HOU,2,3,ANA01,kikuy001,browh001
2025,ATH202506200,2025-06-20,0,ATH,CLE,5,1,SAC01,sprij001,bibet001
2025,CHN202506200,2025-06-20,0,CHN,SEA,4,9,CHI11,boydm001,kirbg001
2025,COL202506200,2025-06-20,0,COL,ARI,8,14,DEN02,gomba001,gallz001
2025,LAN202506200,2025-06-20,0,LAN,WAS,6,5,LOS03,kersc001,gorem001
2025,MIA202506200,2025-06-20,0,MIA,ATL,6,2,MIA02,junkj001,fuend001
2025,MIN202506200,2025-06-20,0,MIN,MIL,6,17,MIN04,ryanj002,misij001
2025,NYA202506200,2025-06-20,0,NYA,BAL,3,5,NYC21,friem001,sugat001
2025,PHI202506200,2025-06-20,0,PHI,NYN,10,2,PHI13,wheez001,tidwb001
2025,PIT202506200,2025-06-20,0,PIT,TEX,2,6,PIT08,burrm001,degrj001
2025,SDN202506200,2025-06-20,0,SDN,KCA,5,6,SAN02,piven001,lorem002
2025,SFN202506200,2025-06-20,0,SFN,BOS,5,7,SFO03,birdh001,dobbh001
2025,SLN202506200,2025-06-20,0,SLN,CIN,6,1,STL10,palla001,singb001
2025,TBA202506200,2025-06-20,0,TBA,DET,14,8,TAM02,baz-s001,flahj002
2025,TOR202506200,2025-06-20,0,TOR,CHA,1,7,TOR02,turns003,taylg002
2025,ANA202506210,2025-06-21,0,ANA,HOU,9,1,ANA01,sorij002,waltb002
2025,ATH202506210,2025-06-21,0,ATH,CLE,2,4,SAC01,spenm001,ortil003
2025,CHN202506210,2025-06-21,0,CHN,SEA,10,7,CHI11,hortc001,hance001
2025,COL202506210,2025-06-21,0,COL,ARI,3,5,DEN02,palmc001,kellm002
2025,LAN202506210,2025-06-21,0,LAN,WAS,3,7,LOS03,may-d003,irvij001
2025,MIA202506210,2025-06-21,0,MIA,ATL,0,7,MIA02,peree004,holmg001
2025,MIN202506210,2025-06-21,0,MIN,MIL,0,9,MIN04,woods002,quinj001
2025,NYA202506210,2025-06-21,0,NYA,BAL,9,0,NYC21,schmc002,efliz001
2025,PHI202506210,2025-06-21,0,PHI,NYN,4,11,PHI13,abelm001,canng001
2025,PIT202506210,2025-06-21,0,PIT,TEX,2,3,PIT08,kellm003,rockk001
2025,SDN202506210,2025-06-21,0,SDN,KCA,5,1,SAN02,ceasd001,camen001
2025,SFN202506210,2025-06-21,0,SFN,BOS,3,2,SFO03,roupl001,bellb002
2025,SLN202506210,2025-06-21,0,SLN,CIN,6,5,STL10,grays001,suteb001
2025,TBA202506210,2025-06-21,0,TBA,DET,8,3,TAM02,pepir001,hurtb001
2025,TOR202506210,2025-06-21,0,TOR,CHA,7,1,TOR02,berrj001,civaa001
2025,ANA202506220,2025-06-22,0,ANA,HOU,7,8,ANA01,hendk001,gustr001
2025,ATH202506220,2025-06-22,0,ATH,CLE,0,3,SAC01,searj001,ceccs001
2025,CHN202506220,2025-06-22,0,CHN,SEA,6,14,CHI11,rea-c001,gilbl002
2025,COL202506220,2025-06-22,0,COL,ARI,4,2,DEN02,senza001,pfaab001
2025,LAN202506220,2025-06-22,0,LAN,WAS,13,7,LOS03,ohtas001,sorom001
2025,MIA202506220,2025-06-22,0,MIA,ATL,5,3,MIA02,alcas001,eldeb001
2025,MIN202506220,2025-06-22,0,MIN,MIL,8,9,MIN04,could001,prieq001
2025,NYA202506220,2025-06-22,0,NYA,BAL,4,2,NYC21,warrw001,kremd001
2025,PHI202506220,2025-06-22,0,PHI,NYN,7,1,PHI13,luzaj001,peted003
2025,PIT202506220,2025-06-22,0,PIT,TEX,8,3,PIT08,faltb001,leitj001
2025,SDN202506220,2025-06-22,0,SDN,KCA,3,2,SAN02,vasqr001,lugos001
2025,SFN202506220,2025-06-22,0,SFN,BOS,9,5,SFO03,ray-r002,gioll001
2025,SLN202506220,2025-06-22,0,SLN,CIN,1,4,STL10,mikom001,abboa001
2025,TBA202506220,2025-06-22,0,TBA,DET,3,9,TAM02,littz001,mizec001
2025,TOR202506220,2025-06-22,0,TOR,CHA,2,4,TOR02,bassc001,housa001
2025,ANA202506230,2025-06-23,0,ANA,BOS,9,5,ANA01,kochj001,buehw001
2025,BAL202506230,2025-06-23,0,BAL,TEX,6,0,BAL12,roget003,corbp001
2025,CHA202506230,2025-06-23,0,CHA,ARI,0,10,CHI12,smits003,rodre004
2025,CIN202506230,2025-06-23,0,CIN,NYA,6,1,CIN09,lodon001,winaa001
2025,MIL202506230,2025-06-23,0,MIL,PIT,4,5,MIL06,patrc001,ashcb001
2025,MIN202506230,2025-06-23,0,MIN,SEA,2,11,MIN04,oberb002,woo-b001
2025,NYN202506230,2025-06-23,0,NYN,ATL,2,3,NYC20,blacp001,schws001
2025,SDN202506230,2025-06-23,0,SDN,WAS,6,10,SAN02,koles001,parkm001
2025,SLN202506230,2025-06-23,0,SLN,CHN,8,2,STL10,libem001,browb006
2025,ANA202506240,2025-06-24,0,ANA,BOS,3,2,ANA01,andet002,crocg001
2025,BAL202506240,2025-06-24,0,BAL,TEX,5,6,BAL12,mortc002,latzj001
2025,CHA202506240,2025-06-24,0,CHA,ARI,1,4,CHI12,leasj001,nelsr003
2025,CIN202506240,2025-06-24,0,CIN,NYA,5,4,CIN09,burnc003,rodoc001
2025,CLE202506240,2025-06-24,0,CLE,TOR,6,10,CLE08,allel003,lauee001
2025,COL202506240,2025-06-24,0,COL,LAN,7,9,DEN02,marqg001,dreyj001
2025,DET202506240,2025-06-24,0,DET,ATH,11,4,DET05,skubt001,sevel001
2025,HOU202506240,2025-06-24,0,HOU,PHI,1,0,HOU03,valdf001,suarr001
2025,KCA202506240,2025-06-24,0,KCA,TBA,1,5,KAN06,bubik001,bradt002
2025,MIL202506240,2025-06-24,0,MIL,PIT,9,3,MIL06,peraf001,heana001
2025,MIN202506240,2025-06-24,0,MIN,SEA,5,6,MIN04,paddc001,castl003
2025,NYN202506240,2025-06-24,0,NYN,ATL,4,7,NYC20,montf001,stris002
2025,SDN202506240,2025-06-24,0,SDN,WAS,4,3,SAN02,bergr001,willt002
2025,SFN202506240,2025-06-24,0,SFN,MIA,2,4,SFO03,verlj001,quanc001
2025,SLN202506240,2025-06-24,0,SLN,CHN,8,7,STL10,mcgrm001,tailj001
2025,ANA202506250,2025-06-25,0,ANA,BOS,5,2,ANA01,kikuy001,fittr001
2025,BAL202506250,2025-06-25,0,BAL,TEX,0,7,BAL12,younb001,degrj001
2025,CHA202506250,2025-06-25,0,CHA,ARI,7,3,CHI12,burks001,gallz001
2025,CIN202506250,2025-06-25,0,CIN,NYA,1,7,CIN09,singb001,friem001
2025,CLE202506250,2025-06-25,0,CLE,TOR,5,4,CLE08,willg004,schem001
2025,COL202506250,2025-06-25,0,COL,LAN,1,8,DEN02,dollc001,yamay001
2025,DET202506250,2025-06-25,0,DET,ATH,0,3,DET05,flahj002,lopej007
2025,HOU202506250,2025-06-25,0,HOU,PHI,2,0,HOU03,gordc001,wheez001
2025,KCA202506250,2025-06-25,0,KCA,TBA,0,3,KAN06,wachm001,rasmd002
2025,MIL202506250,2025-06-25,0,MIL,PIT,4,2,MIL06,misij001,skenp001
2025,MIN202506250,2025-06-25,0,MIN,SEA,2,0,MIN04,ryanj002,kirbg001
2025,NYN202506250,2025-06-25,0,NYN,ATL,7,3,NYC20,holmc001,fuend001
2025,SDN202506250,2025-06-25,0,SDN,WAS,1,0,SAN02,piven001,gorem001
2025,SFN202506250,2025-06-25,0,SFN,MIA,5,8,SFO03,webbl001,cabre003
2025,SLN202506250,2025-06-25,0,SLN,CHN,0,8,STL10,fedde001,boydm001
2025,CLE202506260,2025-06-26,0,CLE,TOR,0,6,CLE08,bibet001,gausk001
2025,COL202506260,2025-06-26,0,COL,LAN,1,3,DEN02,gomba001,kersc001
2025,DET202506260,2025-06-26,0,DET,ATH,8,0,DET05,ennsd001,sprij001
2025,HOU202506260,2025-06-26,0,HOU,PHI,2,1,HOU03,browh001,sancc002
2025,KCA202506260,2025-06-26,0,KCA,TBA,0,4,KAN06,lorem002,baz-s001
2025,MIN202506260,2025-06-26,0,MIN,SEA,10,1,MIN04,woods002,hance001
2025,NYN202506260,2025-06-26,0,NYN,ATL,4,0,NYC20,canng001,holmg001
2025,SFN202506260,2025-06-26,0,SFN,MIA,5,12,SFO03,birdh001,junkj001
2025,SLN202506260,2025-06-26,0,SLN,CHN,0,3,STL10,palla001,imans001
2025,ANA202506270,2025-06-27,0,ANA,WAS,9,15,ANA01,sorij002,irvij001
2025,ARI202506270,2025-06-27,0,ARI,MIA,8,9,PHO01,kellm002,peree004
2025,ATL202506270,2025-06-27,0,ATL,PHI,0,13,ATL03,eldeb001,abelm001
2025,BAL202506270,2025-06-27,0,BAL,TBA,22,8,BAL12,sugat001,pepir001
2025,BOS202506270,2025-06-27,0,BOS,TOR,0,9,BOS07,bellb002,berrj001
2025,CHA202506270,2025-06-27,0,CHA,SFN,1,3,CHI12,civaa001,roupl001
2025,CIN202506270,2025-06-27,0,CIN,SDN,8,1,CIN09,martn002,ceasd001
2025,CLE202506270,2025-06-27,0,CLE,SLN,0,5,CLE08,ortil003,grays001
2025,DET202506270,2025-06-27,0,DET,MIN,1,4,DET05,gipss001,festd001
2025,HOU202506270,2025-06-27,0,HOU,CHN,7,4,HOU03,waltb002,hortc001
2025,KCA202506270,2025-06-27,0,KCA,LAN,4,5,KAN06,camen001,may-d003
2025,MIL202506270,2025-06-27,0,MIL,COL,10,6,MIL06,quinj001,freek001
2025,NYA202506270,2025-06-27,0,NYA,ATH,3,0,NYC21,warrw001,spenm001
2025,PIT202506270,2025-06-27,0,PIT,NYN,9,1,PIT08,kellm003,peted003
2025,TEX202506270,2025-06-27,0,TEX,SEA,6,7,ARL03,eovan001,gilbl002
2025,ANA202506280,2025-06-28,0,ANA,WAS,8,2,ANA01,hendk001,sorom001
2025,ARI202506280,2025-06-28,0,ARI,MIA,7,8,PHO01,pfaab001,alcas001
2025,ATL202506280,2025-06-28,0,ATL,PHI,6,1,ATL03,schws001,luzaj001
2025,BAL202506280,2025-06-28,0,BAL,TBA,3,11,BAL12,efliz001,littz001
2025,BOS202506280,2025-06-28,0,BOS,TOR,15,1,BOS07,gioll001,bassc001
2025,CHA202506280,2025-06-28,0,CHA,SFN,1,0,CHI12,housa001,ray-r002
2025,CIN202506280,2025-06-28,0,CIN,SDN,4,6,CIN09,abboa001,vasqr001
2025,CLE202506280,2025-06-28,0,CLE,SLN,6,9,CLE08,ceccs001,mikom001
2025,DET202506280,2025-06-28,0,DET,MIN,10,5,DET05,mizec001,oberb002
2025,HOU202506280,2025-06-28,0,HOU,CHN,3,12,HOU03,mccul002,rea-c001
2025,KCA202506280,2025-06-28,0,KCA,LAN,9,5,KAN06,lugos001,ohtas001
2025,MIL202506280,2025-06-28,0,MIL,COL,5,0,MIL06,prieq001,senza001
2025,NYA202506280,2025-06-28,0,NYA,ATH,0,7,NYC21,schmc002,searj001
2025,PIT202506280,2025-06-28,0,PIT,NYN,9,2,PIT08,faltb001,blacp001
2025,TEX202506280,2025-06-28,0,TEX,SEA,3,2,ARL03,rockk001,woo-b001
2025,ANA202506290,2025-06-29,0,ANA,WAS,4,7,ANA01,kochj001,parkm001
2025,ARI202506290,2025-06-29,0,ARI,MIA,4,6,PHO01,rodre004,quanc001
2025,ATL202506290,2025-06-29,0,ATL,PHI,1,2,ATL03,stris002,suarr001
2025,BAL202506290,2025-06-29,0,BAL,TBA,5,1,BAL12,kremd001,bradt002
2025,BOS202506290,2025-06-29,0,BOS,TOR,3,5,BOS07,buehw001,lauee001
2025,CHA202506290,2025-06-29,0,CHA,SFN,5,2,CHI12,cannj001,verlj001
2025,CIN202506290,2025-06-29,0,CIN,SDN,3,2,CIN09,lodon001,koles001
2025,CLE202506290,2025-06-29,0,CLE,SLN,0,7,CLE08,allel003,libem001
2025,DET202506290,2025-06-29,0,DET,MIN,3,0,DET05,skubt001,paddc001
2025,HOU202506290,2025-06-29,0,HOU,CHN,2,0,HOU03,valdf001,tailj001
2025,KCA202506290,2025-06-29,0,KCA,LAN,1,5,KAN06,bubik001,trivl001
2025,MIL202506290,2025-06-29,0,MIL,COL,3,4,MIL06,patrc001,marqg001
2025,NYA202506290,2025-06-29,0,NYA,ATH,12,5,NYC21,strom001,sevel001
2025,PIT202506290,2025-06-29,0,PIT,NYN,12,1,PIT08,burrm001,montf001
2025,TEX202506290,2025-06-29,0,TEX,SEA,4,6,ARL03,leitj001,castl003
2025,ARI202506300,2025-06-30,0,ARI,SFN,4,2,PHO01,nelsr003,webbl001
2025,BOS202506300,2025-06-30,0,BOS,CIN,13,6,BOS07,crocg001,burnc003
2025,PHI202506300,2025-06-30,0,PHI,SDN,4,0,PHI13,wheez001,waldm003
2025,PIT202506300,2025-06-30,0,PIT,SLN,7,0,PIT08,heana001,fedde001
2025,SEA202506300,2025-06-30,0,SEA,KCA,6,2,SEA03,kirbg001,wachm001
2025,TBA202506300,2025-06-30,0,TBA,ATH,4,6,TAM02,rasmd002,lopej007
2025,TEX202506300,2025-06-30,0,TEX,BAL,6,10,ARL03,corbp001,roget003
2025,TOR202506300,2025-06-30,0,TOR,NYA,5,4,TOR02,schem001,rodoc001
2025,ARI202507010,2025-07-01,0,ARI,SFN,8,2,PHO01,gallz001,birdh001
2025,ATL202507010,2025-07-01,0,ATL,ANA,0,4,ATL03,holmg001,andet002
2025,BOS202507010,2025-07-01,0,BOS,CIN,5,3,BOS07,fittr001,singb001
2025,CHN202507010,2025-07-01,0,CHN,CLE,5,2,CHI11,boydm001,willg004
2025,COL202507010,2025-07-01,0,COL,HOU,5,6,DEN02,dollc001,gordc001
2025,LAN202507010,2025-07-01,0,LAN,CHA,6,1,LOS03,yamay001,smits003
2025,MIA202507010,2025-07-01,0,MIA,MIN,2,0,MIA02,cabre003,ryanj002
2025,PIT202507010,2025-07-01,0,PIT,SLN,1,0,PIT08,skenp001,palla001
2025,SEA202507010,2025-07-01,0,SEA,KCA,3,6,SEA03,hance001,lorem002
2025,TBA202507010,2025-07-01,0,TBA,ATH,3,4,TAM02,baz-s001,sprij001
2025,TEX202507010,2025-07-01,0,TEX,BAL,10,2,ARL03,degrj001,younb001
2025,TOR202507010,2025-07-01,0,TOR,NYA,12,5,TOR02,gausk001,friem001
2025,ARI202507020,2025-07-02,0,ARI,SFN,5,6,PHO01,kellm002,roupl001
2025,ATL202507020,2025-07-02,0,ATL,ANA,8,3,ATL03,fuend001,kikuy001
2025,BOS202507020,2025-07-02,0,BOS,CIN,4,8,BOS07,bernb001,martn002
2025,CHN202507020,2025-07-02,0,CHN,CLE,5,4,CHI11,imans001,bibet001
2025,COL202507020,2025-07-02,0,COL,HOU,3,5,DEN02,gomba001,browh001
2025,LAN202507020,2025-07-02,0,LAN,CHA,5,4,LOS03,kersc001,eiseb001
2025,MIA202507020,2025-07-02,0,MIA,MIN,1,2,MIA02,junkj001,woods002
2025,NYN202507021,2025-07-02,1,NYN,MIL,2,7,NYC20,holmc001,peraf001
2025,NYN202507022,2025-07-02,2,NYN,MIL,7,3,NYC20,brazh001,misij001
2025,PHI202507021,2025-07-02,1,PHI,SDN,4,6,PHI13,abelm001,piven001
2025,PHI202507022,2025-07-02,2,PHI,SDN,5,1,PHI13,sancc002,ceasd001
2025,PIT202507020,2025-07-02,0,PIT,SLN,5,0,PIT08,kellm003,grays001
2025,SEA202507020,2025-07-02,0,SEA,KCA,3,2,SEA03,gilbl002,camen001
2025,TBA202507020,2025-07-02,0,TBA,ATH,6,5,TAM02,pepir001,spenm001
2025,TEX202507020,2025-07-02,0,TEX,BAL,6,0,ARL03,eovan001,sugat001
2025,TOR202507020,2025-07-02,0,TOR,NYA,11,9,TOR02,berrj001,warrw001
2025,WAS202507021,2025-07-02,1,WAS,DET,2,11,WAS11,willt002,holtt002
2025,WAS202507022,2025-07-02,2,WAS,DET,9,4,WAS11,gorem001,flahj002
2025,ARI202507030,2025-07-03,0,ARI,SFN,2,7,PHO01,pfaab001,ray-r002
2025,ATL202507030,2025-07-03,0,ATL,ANA,1,5,ATL03,eldeb001,sorij002
2025,CHN202507030,2025-07-03,0,CHN,CLE,1,0,CHI11,hortc001,cantj002
2025,COL202507030,2025-07-03,0,COL,HOU,7,6,DEN02,freek001,waltb002
2025,LAN202507030,2025-07-03,0,LAN,CHA,6,2,LOS03,may-d003,civaa001
2025,MIA202507030,2025-07-03,0,MIA,MIN,4,1,MIA02,peree004,festd001
2025,NYN202507030,2025-07-03,0,NYN,MIL,3,2,NYC20,peted003,quinj001
2025,SEA202507030,2025-07-03,0,SEA,KCA,2,3,SEA03,evanl001,lugos001
2025,TOR202507030,2025-07-03,0,TOR,NYA,8,5,TOR02,bassc001,schmc002
2025,WAS202507030,2025-07-03,0,WAS,DET,11,7,WAS11,irvij001,ennsd001
2025,ARI202507040,2025-07-04,0,ARI,KCA,3,9,PHO01,rodre004,bubik001
2025,ATH202507040,2025-07-04,0,ATH,SFN,11,2,SAC01,searj001,verlj001
2025,ATL202507040,2025-07-04,0,ATL,BAL,2,3,ATL03,stris002,mortc002
2025,CHN202507040,2025-07-04,0,CHN,SLN,11,3,CHI11,rea-c001,mikom001
2025,CLE202507040,2025-07-04,0,CLE,DET,1,2,CLE08,ceccs001,olsor001
2025,COL202507040,2025-07-04,0,COL,CHA,2,3,DEN02,senza001,housa001
2025,LAN202507040,2025-07-04,0,LAN,HOU,1,18,LOS03,caspb001,mccul002
2025,MIA202507040,2025-07-04,0,MIA,MIL,5,6,MIA02,alcas001,prieq001
2025,MIN202507040,2025-07-04,0,MIN,TBA,4,3,MIN04,paddc001,littz001
2025,NYN202507040,2025-07-04,0,NYN,NYA,6,5,NYC20,hagej002,strom001
2025,PHI202507040,2025-07-04,0,PHI,CIN,6,9,PHI13,luzaj001,abboa001
2025,SDN202507040,2025-07-04,0,SDN,TEX,3,2,SAN02,vasqr001,rockk001
2025,SEA202507040,2025-07-04,0,SEA,PIT,6,0,SEA03,woo-b001,faltb001
2025,TOR202507040,2025-07-04,0,TOR,ANA,4,3,TOR02,lauee001,hendk001
2025,WAS202507040,2025-07-04,0,WAS,BOS,2,11,WAS11,sorom001,gioll001
2025,ARI202507050,2025-07-05,0,ARI,KCA,7,1,PHO01,nelsr003,wachm001
2025,ATH202507050,2025-07-05,0,ATH,SFN,2,7,SAC01,sevel001,webbl001
2025,ATL202507050,2025-07-05,0,ATL,BAL,6,9,ATL03,bumma001,kremd001
2025,CHN202507050,2025-07-05,0,CHN,SLN,6,8,CHI11,pomed001,libem001
2025,CLE202507050,2025-07-05,0,CLE,DET,0,1,CLE08,allel003,mizec001
2025,COL202507050,2025-07-05,0,COL,CHA,3,10,DEN02,marqg001,cannj001
2025,LAN202507050,2025-07-05,0,LAN,HOU,4,6,LOS03,ohtas001,valdf001
2025,MIA202507050,2025-07-05,0,MIA,MIL,4,2,MIA02,quanc001,patrc001
2025,MIN202507050,2025-07-05,0,MIN,TBA,6,5,MIN04,sandc001,bradt002
2025,NYN202507050,2025-07-05,0,NYN,NYA,12,6,NYC20,montf001,rodoc001
2025,PHI202507050,2025-07-05,0,PHI,CIN,5,1,PHI13,suarr001,lodon001
2025,SDN202507050,2025-07-05,0,SDN,TEX,4,7,SAN02,koles001,corbp001
2025,SEA202507050,2025-07-05,0,SEA,PIT,1,0,SEA03,castl003,burrm001
2025,TOR202507050,2025-07-05,0,TOR,ANA,4,3,TOR02,schem001,kochj001
2025,WAS202507050,2025-07-05,0,WAS,BOS,3,10,WAS11,parkm001,buehw001
2025,ARI202507060,2025-07-06,0,ARI,KCA,0,4,PHO01,desca001,lorem002
2025,ATH202507060,2025-07-06,0,ATH,SFN,2,6,SAC01,lopej007,birdh001
2025,ATL202507060,2025-07-06,0,ATL,BAL,1,2,ATL03,holmg001,roget003
2025,CHN202507060,2025-07-06,0,CHN,SLN,11,0,CHI11,boydm001,fedde001
2025,CLE202507060,2025-07-06,0,CLE,DET,2,7,CLE08,willg004,skubt001
2025,COL202507060,2025-07-06,0,COL,CHA,6,4,DEN02,dollc001,smits003
2025,LAN202507060,2025-07-06,0,LAN,HOU,1,5,LOS03,sheee001,gustr001
2025,MIA202507060,2025-07-06,0,MIA,MIL,1,3,MIA02,cabre003,woodb005
2025,MIN202507060,2025-07-06,0,MIN,TBA,5,7,MIN04,ryanj002,rasmd002
2025,NYN202507060,2025-07-06,0,NYN,NYA,4,6,NYC20,devec001,friem001
2025,PHI202507060,2025-07-06,0,PHI,CIN,3,1,PHI13,wheez001,burnc003
2025,SDN202507060,2025-07-06,0,SDN,TEX,4,1,SAN02,morgd001,leitj001
2025,SEA202507060,2025-07-06,0,SEA,PIT,1,0,SEA03,kirbg001,skenp001
2025,TOR202507060,2025-07-06,0,TOR,ANA,3,2,TOR02,gausk001,andet002
2025,WAS202507060,2025-07-06,0,WAS,BOS,4,6,WAS11,ogass001,crocg001
2025,ANA202507070,2025-07-07,0,ANA,TEX,6,5,ANA01,kikuy001,degrj001
2025,BOS202507070,2025-07-07,0,BOS,COL,9,3,BOS07,fittr001,gomba001
2025,CHA202507070,2025-07-07,0,CHA,TOR,4,8,CHI12,burks001,berrj001
2025,CIN202507070,2025-07-07,0,CIN,MIA,1,5,CIN09,singb001,junkj001
2025,DET202507070,2025-07-07,0,DET,TBA,5,1,DET05,montk001,baz-s001
2025,HOU202507070,2025-07-07,0,HOU,CLE,5,7,HOU03,gordc001,bibet001
2025,KCA202507070,2025-07-07,0,KCA,PIT,9,3,KAN06,camen001,heana001
2025,MIL202507070,2025-07-07,0,MIL,LAN,9,1,MIL06,peraf001,yamay001
2025,SDN202507070,2025-07-07,0,SDN,ARI,3,6,SAN02,darvy001,gallz001
2025,SFN202507070,2025-07-07,0,SFN,PHI,3,1,SFO03,roupl001,sancc002
2025,ANA202507080,2025-07-08,0,ANA,TEX,1,13,ANA01,sorij002,eovan001
2025,ATH202507080,2025-07-08,0,ATH,ATL,10,1,SAC01,sprij001,fuend001
2025,BAL202507080,2025-07-08,0,BAL,NYN,6,7,BAL12,younb001,holmc001
2025,BOS202507080,2025-07-08,0,BOS,COL,10,2,BOS07,bellb002,freek001
2025,CHA202507080,2025-07-08,0,CHA,TOR,1,6,CHI12,civaa001,bassc001
2025,CIN202507080,2025-07-08,0,CIN,MIA,2,12,CIN09,martn002,peree004
2025,DET202507080,2025-07-08,0,DET,TBA,4,2,DET05,flahj002,pepir001
2025,HOU202507080,2025-07-08,0,HOU,CLE,6,10,HOU03,browh001,cantj002
2025,KCA202507080,2025-07-08,0,KCA,PIT,4,3,KAN06,lugos001,kellm003
2025,MIL202507080,2025-07-08,0,MIL,LAN,3,1,MIL06,misij001,kersc001
2025,MIN202507080,2025-07-08,0,MIN,CHN,8,1,MIN04,woods002,imans001
2025,NYA202507080,2025-07-08,0,NYA,SEA,10,3,NYC21,warrw001,gilbl002
2025,SDN202507080,2025-07-08,0,SDN,ARI,1,0,SAN02,piven001,kellm002
2025,SFN202507080,2025-07-08,0,SFN,PHI,4,3,SFO03,ray-r002,walkt004
2025,SLN202507080,2025-07-08,0,SLN,WAS,4,2,STL10,grays001,irvij001
2025,ANA202507090,2025-07-09,0,ANA,TEX,11,8,ANA01,hendk001,rockk001
2025,ATH202507090,2025-07-09,0,ATH,ATL,2,9,SAC01,spenm001,eldeb001
2025,BOS202507090,2025-07-09,0,BOS,COL,10,2,BOS07,gioll001,senza001
2025,CHA202507090,2025-07-09,0,CHA,TOR,2,1,CHI12,housa001,lauee001
2025,CIN202507090,2025-07-09,0,CIN,MIA,7,2,CIN09,abboa001,alcas001
2025,DET202507090,2025-07-09,0,DET,TBA,3,7,DET05,olsor001,littz001
2025,HOU202507090,2025-07-09,0,HOU,CLE,2,4,HOU03,waltb002,ceccs001
2025,KCA202507090,2025-07-09,0,KCA,PIT,4,3,KAN06,bubik001,faltb001
2025,MIL202507090,2025-07-09,0,MIL,LAN,3,2,MIL06,quinj001,glast001
2025,MIN202507090,2025-07-09,0,MIN,CHN,4,2,MIN04,festd001,hortc001
2025,NYA202507090,2025-07-09,0,NYA,SEA,9,6,NYC21,schlc001,evanl001
2025,SDN202507090,2025-07-09,0,SDN,ARI,2,8,SAN02,ceasd001,pfaab001
2025,SFN202507090,2025-07-09,0,SFN,PHI,0,13,SFO03,verlj001,luzaj001
2025,SLN202507090,2025-07-09,0,SLN,WAS,2,8,STL10,palla001,gorem001
2025,ANA202507100,2025-07-10,0,ANA,TEX,4,11,ANA01,kochj001,corbp001
2025,ATH202507100,2025-07-10,0,ATH,ATL,5,4,SAC01,searj001,stris002
2025,BAL202507101,2025-07-10,1,BAL,NYN,3,1,BAL12,mortc002,peted003
2025,BAL202507102,2025-07-10,2,BAL,NYN,7,3,BAL12,sugat001,waddb001
2025,BOS202507100,2025-07-10,0,BOS,TBA,4,3,BOS07,buehw001,bradt002
2025,CIN202507100,2025-07-10,0,CIN,MIA,6,0,CIN09,lodon001,quanc001
2025,MIN202507100,2025-07-10,0,MIN,CHN,1,8,MIN04,paddc001,rea-c001
2025,NYA202507100,2025-07-10,0,NYA,SEA,6,5,NYC21,strom001,woo-b001
2025,SDN202507100,2025-07-10,0,SDN,ARI,4,3,SAN02,vasqr001,rodre004
2025,SLN202507100,2025-07-10,0,SLN,WAS,8,1,STL10,mikom001,sorom001
2025,ANA202507110,2025-07-11,0,ANA,ARI,6,5,ANA01,andet002,nelsr003
2025,ATH202507110,2025-07-11,0,ATH,TOR,6,7,SAC01,sevel001,schem001
2025,BAL202507110,2025-07-11,0,BAL,MIA,5,2,BAL12,kremd001,cabre003
2025,BOS202507110,2025-07-11,0,BOS,TBA,5,4,BOS07,dobbh001,rasmd002
2025,CHA202507111,2025-07-11,1,CHA,CLE,2,4,CHI12,smits003,allel003
2025,CHA202507112,2025-07-11,2,CHA,CLE,5,4,CHI12,cannj001,willg004
2025,CIN202507110,2025-07-11,0,CIN,COL,2,3,CIN09,burnc003,marqg001
2025,DET202507110,2025-07-11,0,DET,SEA,3,12,DET05,skubt001,castl003
2025,HOU202507110,2025-07-11,0,HOU,TEX,3,7,HOU03,mccul002,leitj001
2025,KCA202507110,2025-07-11,0,KCA,NYN,3,8,KAN06,wachm001,sengk001
2025,MIL202507110,2025-07-11,0,MIL,WAS,8,3,MIL06,halld004,parkm001
2025,MIN202507110,2025-07-11,0,MIN,PIT,2,1,MIN04,ryanj002,skenp001
2025,NYA202507110,2025-07-11,0,NYA,CHN,11,0,NYC21,rodoc001,flexc001
2025,SDN202507110,2025-07-11,0,SDN,PHI,4,2,SAN02,bergr001,suarr001
2025,SFN202507110,2025-07-11,0,SFN,LAN,8,7,SFO03,webbl001,may-d003
2025,SLN202507110,2025-07-11,0,SLN,ATL,5,6,STL10,libem001,holmg001
2025,ANA202507120,2025-07-12,0,ANA,ARI,10,5,ANA01,kikuy001,gallz001
2025,ATH202507120,2025-07-12,0,ATH,TOR,4,3,SAC01,lopej007,gausk001
2025,BAL202507120,2025-07-12,0,BAL,MIA,0,6,BAL12,roget003,junkj001
2025,BOS202507120,2025-07-12,0,BOS,TBA,1,0,BOS07,crocg001,baz-s001
2025,CHA202507120,2025-07-12,0,CHA,CLE,2,6,CHI12,burks001,bibet001
2025,CIN202507120,2025-07-12,0,CIN,COL,4,3,CIN09,singb001,blalb001
2025,DET202507120,2025-07-12,0,DET,SEA,7,15,DET05,mizec001,kirbg001
2025,HOU202507120,2025-07-12,0,HOU,TEX,5,4,HOU03,valdf001,degrj001
2025,KCA202507120,2025-07-12,0,KCA,NYN,1,3,KAN06,zerpa001,montf001
2025,MIL202507120,2025-07-12,0,MIL,WAS,6,5,MIL06,woodb005,ogass001
2025,MIN202507120,2025-07-12,0,MIN,PIT,12,4,MIN04,sandc001,burrm001
2025,NYA202507120,2025-07-12,0,NYA,CHN,2,5,NYC21,friem001,boydm001
2025,SDN202507120,2025-07-12,0,SDN,PHI,5,4,SAN02,darvy001,wheez001
2025,SFN202507120,2025-07-12,0,SFN,LAN,1,2,SFO03,roupl001,ohtas001
2025,SLN202507120,2025-07-12,0,SLN,ATL,6,7,STL10,fedde001,bumma001
2025,ANA202507130,2025-07-13,0,ANA,ARI,1,5,ANA01,sorij002,kellm002
2025,ATH202507130,2025-07-13,0,ATH,TOR,6,3,SAC01,sprij001,berrj001
2025,BAL202507130,2025-07-13,0,BAL,MIA,1,11,BAL12,younb001,peree004
2025,BOS202507130,2025-07-13,0,BOS,TBA,4,1,BOS07,bellb002,pepir001
2025,CHA202507130,2025-07-13,0,CHA,CLE,5,6,CHI12,civaa001,cantj002
2025,CIN202507130,2025-07-13,0,CIN,COL,4,2,CIN09,martn002,gomba001
2025,DET202507130,2025-07-13,0,DET,SEA,4,8,DET05,flahj002,gilbl002
2025,HOU202507130,2025-07-13,0,HOU,TEX,1,5,HOU03,browh001,eovan001
2025,KCA202507130,2025-07-13,0,KCA,NYN,3,2,KAN06,camen001,holmc001
2025,MIL202507130,2025-07-13,0,MIL,WAS,8,1,MIL06,peraf001,irvij001
2025,MIN202507130,2025-07-13,0,MIN,PIT,1,2,MIN04,woods002,kellm003
2025,NYA202507130,2025-07-13,0,NYA,CHN,1,4,NYC21,warrw001,imans001
2025,SDN202507130,2025-07-13,0,SDN,PHI,1,2,SAN02,piven001,sancc002
2025,SFN202507130,2025-07-13,0,SFN,LAN,2,5,SFO03,ray-r002,yamay001
2025,SLN202507130,2025-07-13,0,SLN,ATL,5,4,STL10,grays001,danid001
2025,ARI202507180,2025-07-18,0,ARI,SLN,7,3,PHO01,pfaab001,palla001
2025,ATL202507180,2025-07-18,0,ATL,NYA,7,3,ATL03,stris002,hamii001
2025,CHN202507180,2025-07-18,0,CHN,BOS,4,1,CHI11,rea-c001,gioll001
2025,CLE202507180,2025-07-18,0,CLE,ATH,8,6,CLE08,ceccs001,searj001
2025,COL202507180,2025-07-18,0,COL,MIN,6,4,DEN02,freek001,paddc001
2025,LAN202507180,2025-07-18,0,LAN,MIL,0,2,LOS03,glast001,prieq001
2025,MIA202507180,2025-07-18,0,MIA,KCA,8,7,MIA02,alcas001,lugos001
2025,NYN202507180,2025-07-18,0,NYN,CIN,4,8,NYC20,manas001,lodon001
2025,PHI202507180,2025-07-18,0,PHI,ANA,5,6,PHI13,luzaj001,zefer001
2025,PIT202507180,2025-07-18,0,PIT,CHA,1,10,PIT08,faltb001,cannj001
2025,SEA202507180,2025-07-18,0,SEA,HOU,6,1,SEA03,castl003,waltb002
2025,TBA202507180,2025-07-18,0,TBA,BAL,11,1,TAM02,bradt002,mortc002
2025,TEX202507180,2025-07-18,0,TEX,DET,2,0,ARL03,corbp001,olsor001
2025,TOR202507180,2025-07-18,0,TOR,SFN,4,0,TOR02,bassc001,verlj001
2025,WAS202507180,2025-07-18,0,WAS,SDN,2,7,WAS11,sorom001,ceasd001
2025,ARI202507190,2025-07-19,0,ARI,SLN,10,1,PHO01,nelsr003,grays001
2025,ATL202507190,2025-07-19,0,ATL,NYA,9,12,ATL03,wentj001,warrw001
2025,CHN202507190,2025-07-19,0,CHN,BOS,6,0,CHI11,imans001,bellb002
2025,CLE202507190,2025-07-19,0,CLE,ATH,2,8,CLE08,allel003,sevel001
2025,COL202507190,2025-07-19,0,COL,MIN,10,6,DEN02,senza001,mattz001
2025,LAN202507190,2025-07-19,0,LAN,MIL,7,8,LOS03,sheee001,peraf001
2025,MIA202507190,2025-07-19,0,MIA,KCA,3,1,MIA02,quanc001,wachm001
2025,NYN202507190,2025-07-19,0,NYN,CIN,2,5,NYC20,holmc001,martn002
2025,PHI202507190,2025-07-19,0,PHI,ANA,9,5,PHI13,walkt004,kikuy001
2025,PIT202507190,2025-07-19,0,PIT,CHA,4,10,PIT08,burrm001,housa001
2025,SEA202507190,2025-07-19,0,SEA,HOU,7,6,SEA03,evanl001,mccul002
2025,TBA202507190,2025-07-19,0,TBA,BAL,4,3,TAM02,littz001,kremd001
2025,TEX202507190,2025-07-19,0,TEX,DET,4,1,ARL03,rockk001,montk001
2025,TOR202507190,2025-07-19,0,TOR,SFN,6,3,TOR02,lauee001,webbl001
2025,WAS202507190,2025-07-19,0,WAS,SDN,4,2,WAS11,parkm001,darvy001
2025,ARI202507200,2025-07-20,0,ARI,SLN,5,3,PHO01,kellm002,mikom001
2025,ATL202507200,2025-07-20,0,ATL,NYA,2,4,ATL03,holmg001,strom001
2025,CHN202507200,2025-07-20,0,CHN,BOS,1,6,CHI11,hortc001,crocg001
2025,CLE202507200,2025-07-20,0,CLE,ATH,8,2,CLE08,willg004,sprij001
2025,COL202507200,2025-07-20,0,COL,MIN,1,7,DEN02,marqg001,ryanj002
2025,LAN202507200,2025-07-20,0,LAN,MIL,5,6,LOS03,kersc001,quinj001
2025,MIA202507200,2025-07-20,0,MIA,KCA,4,7,MIA02,junkj001,bubik001
2025,NYN202507200,2025-07-20,0,NYN,CIN,3,2,NYC20,peted003,abboa001
2025,PHI202507200,2025-07-20,0,PHI,ANA,2,8,PHI13,suarr001,sorij002
2025,PIT202507200,2025-07-20,0,PIT,CHA,2,7,PIT08,heana001,civaa001
2025,SEA202507200,2025-07-20,0,SEA,HOU,3,11,SEA03,woo-b001,browh001
2025,TBA202507200,2025-07-20,0,TBA,BAL,3,5,TAM02,pepir001,roget003
2025,TEX202507200,2025-07-20,0,TEX,DET,1,2,ARL03,latzj001,skubt001
2025,TOR202507200,2025-07-20,0,TOR,SFN,8,6,TOR02,berrj001,ray-r002
2025,WAS202507200,2025-07-20,0,WAS,SDN,1,8,WAS11,gorem001,piven001
2025,ARI202507210,2025-07-21,0,ARI,HOU,3,6,PHO01,gallz001,gordc001
2025,ATL202507210,2025-07-21,0,ATL,SFN,9,5,ATL03,eldeb001,birdh001
2025,CHN202507210,2025-07-21,0,CHN,KCA,4,12,CHI11,brasr001,camen001
2025,CLE202507210,2025-07-21,0,CLE,BAL,10,5,CLE08,bibet001,sugat001
2025,COL202507210,2025-07-21,0,COL,SLN,2,6,DEN02,gomba001,mcgrm001
2025,LAN202507210,2025-07-21,0,LAN,MIN,5,2,LOS03,ohtas001,festd001
2025,MIA202507210,2025-07-21,0,MIA,SDN,1,2,MIA02,peree004,vasqr001
2025,NYN202507210,2025-07-21,0,NYN,ANA,7,5,NYC20,sengk001,andet002
2025,PHI202507210,2025-07-21,0,PHI,BOS,3,2,PHI13,wheez001,buehw001
2025,PIT202507210,2025-07-21,0,PIT,DET,3,0,PIT08,skenp001,flahj002
2025,SEA202507210,2025-07-21,0,SEA,MIL,0,6,SEA03,kirbg001,woodb005
2025,TBA202507210,2025-07-21,0,TBA,CHA,3,8,TAM02,baz-s001,burks001
2025,TEX202507210,2025-07-21,0,TEX,ATH,7,2,ARL03,leitj001,lopej007
2025,TOR202507210,2025-07-21,0,TOR,NYA,4,1,TOR02,gausk001,rodoc001
2025,WAS202507210,2025-07-21,0,WAS,CIN,10,8,WAS11,irvij001,singb001
2025,ARI202507220,2025-07-22,0,ARI,HOU,1,3,PHO01,rodre004,valdf001
2025,ATL202507220,2025-07-22,0,ATL,SFN,0,9,ATL03,danid001,roupl001
2025,CHN202507220,2025-07-22,0,CHN,KCA,6,0,CHI11,boydm001,hillr001
2025,CLE202507220,2025-07-22,0,CLE,BAL,6,3,CLE08,cantj002,younb001
2025,COL202507220,2025-07-22,0,COL,SLN,8,4,DEN02,blalb001,fedde001
2025,LAN202507220,2025-07-22,0,LAN,MIN,7,10,LOS03,yamay001,woods002
2025,MIA202507220,2025-07-22,0,MIA,SDN,4,3,MIA02,cabre003,koles001
2025,NYN202507220,2025-07-22,0,NYN,ANA,3,2,NYC20,montf001,hendk001
2025,PHI202507220,2025-07-22,0,PHI,BOS,4,1,PHI13,sancc002,fittr001
2025,PIT202507220,2025-07-22,0,PIT,DET,8,5,PIT08,kellm003,mizec001
2025,SEA202507220,2025-07-22,0,SEA,MIL,1,0,SEA03,gilbl002,misij001
2025,TBA202507220,2025-07-22,0,TBA,CHA,4,3,TAM02,rasmd002,martd006
2025,TEX202507220,2025-07-22,0,TEX,ATH,6,2,ARL03,degrj001,ginnj001
2025,TOR202507220,2025-07-22,0,TOR,NYA,4,5,TOR02,schem001,schlc001
2025,WAS202507220,2025-07-22,0,WAS,CIN,6,1,WAS11,lordb001,burnc003
2025,ARI202507230,2025-07-23,0,ARI,HOU,3,4,PHO01,pfaab001,waltb002
2025,ATL202507230,2025-07-23,0,ATL,SFN,3,9,ATL03,stris002,verlj001
2025,CHN202507230,2025-07-23,0,CHN,KCA,4,8,CHI11,rea-c001,lugos001
2025,CLE202507230,2025-07-23,0,CLE,BAL,3,2,CLE08,ceccs001,efliz001
2025,COL202507230,2025-07-23,0,COL,SLN,6,0,DEN02,gordt002,palla001
2025,LAN202507230,2025-07-23,0,LAN,MIN,4,3,LOS03,glast001,paddc001
2025,MIA202507230,2025-07-23,0,MIA,SDN,3,2,MIA02,alcas001,ceasd001
2025,NYN202507230,2025-07-23,0,NYN,ANA,6,3,NYC20,manas001,burkb001
2025,PHI202507230,2025-07-23,0,PHI,BOS,8,9,PHI13,luzaj001,gioll001
2025,PIT202507230,2025-07-23,0,PIT,DET,6,1,PIT08,faltb001,meltt001
2025,SEA202507230,2025-07-23,0,SEA,MIL,2,10,SEA03,castl003,prieq001
2025,TBA202507230,2025-07-23,0,TBA,CHA,9,11,TAM02,bradt002,cannj001
2025,TEX202507230,2025-07-23,0,TEX,ATH,2,1,ARL03,corbp001,searj001
2025,TOR202507230,2025-07-23,0,TOR,NYA,8,4,TOR02,bassc001,friem001
2025,WAS202507230,2025-07-23,0,WAS,CIN,0,5,WAS11,sorom001,lodon001
2025,ANA202507240,2025-07-24,0,ANA,SEA,2,4,ANA01,kikuy001,evanl001
2025,CLE202507240,2025-07-24,0,CLE,BAL,3,4,CLE08,allel003,mortc002
2025,DET202507240,2025-07-24,0,DET,TOR,4,11,DET05,olsor001,lauee001
2025,HOU202507240,2025-07-24,0,HOU,ATH,2,5,HOU03,alexj001,sevel001
2025,SLN202507240,2025-07-24,0,SLN,SDN,9,7,STL10,grays001,darvy001
2025,ANA202507250,2025-07-25,0,ANA,SEA,3,2,ANA01,sorij002,woo-b001
2025,BAL202507250,2025-07-25,0,BAL,COL,5,6,BAL12,kremd001,freek001
2025,BOS202507250,2025-07-25,0,BOS,LAN,2,5,BOS07,bellb002,sheee001
2025,CHA202507250,2025-07-25,0,CHA,CHN,12,5,CHI12,housa001,imans001
2025,CIN202507250,2025-07-25,0,CIN,TBA,7,2,CIN09,martn002,littz001
2025,DET202507250,2025-07-25,0,DET,TOR,2,6,DET05,montk001,berrj001
2025,HOU202507250,2025-07-25,0,HOU,ATH,3,15,HOU03,gustr001,sprij001
2025,MIL202507250,2025-07-25,0,MIL,MIA,1,5,MIL06,peraf001,quanc001
2025,MIN202507250,2025-07-25,0,MIN,WAS,1,0,MIN04,mattz001,gorem001
2025,NYA202507250,2025-07-25,0,NYA,PHI,5,12,NYC21,warrw001,walkt004
2025,PIT202507250,2025-07-25,0,PIT,ARI,0,1,PIT08,burrm001,nelsr003
2025,SFN202507250,2025-07-25,0,SFN,NYN,1,8,SFO03,webbl001,holmc001
2025,SLN202507250,2025-07-25,0,SLN,SDN,3,0,STL10,mikom001,piven001
2025,TEX202507250,2025-07-25,0,TEX,ATL,8,3,ARL03,eovan001,wentj001
2025,ANA202507260,2025-07-26,0,ANA,SEA,2,7,ANA01,andet002,kirbg001
2025,BAL202507260,2025-07-26,0,BAL,COL,18,0,BAL12,roget003,senza001
2025,BOS202507260,2025-07-26,0,BOS,LAN,4,2,BOS07,crocg001,kersc001
2025,CHA202507260,2025-07-26,0,CHA,CHN,1,6,CHI12,civaa001,hortc001
2025,CIN202507260,2025-07-26,0,CIN,TBA,6,2,CIN09,abboa001,pepir001
2025,DET202507260,2025-07-26,0,DET,TOR,1,6,DET05,skubt001,gausk001
2025,HOU202507260,2025-07-26,0,HOU,ATH,1,5,HOU03,browh001,lopej007
2025,KCA202507261,2025-07-26,1,KCA,CLE,5,3,KAN06,wachm001,willg004
2025,KCA202507262,2025-07-26,2,KCA,CLE,4,6,KAN06,bubik001,bibet001
2025,MIL202507260,2025-07-26,0,MIL,MIA,4,7,MIL06,quinj001,junkj001
2025,MIN202507260,2025-07-26,0,MIN,WAS,3,9,MIN04,ryanj002,parkm001
2025,NYA202507260,2025-07-26,0,NYA,PHI,4,9,NYC21,strom001,suarr001
2025,PIT202507260,2025-07-26,0,PIT,ARI,2,0,PIT08,heana001,kellm002
2025,SFN202507260,2025-07-26,0,SFN,NYN,1,2,SFO03,ray-r002,peted003
2025,SLN202507260,2025-07-26,0,SLN,SDN,1,3,STL10,libem001,vasqr001
2025,TEX202507260,2025-07-26,0,TEX,ATL,6,5,ARL03,rockk001,holmg001
2025,ANA202507270,2025-07-27,0,ANA,SEA,4,1,ANA01,hendk001,gilbl002
2025,BAL202507270,2025-07-27,0,BAL,COL,5,1,BAL12,sugat001,gomba001
2025,BOS202507270,2025-07-27,0,BOS,LAN,4,3,BOS07,buehw001,may-d003
2025,CHA202507270,2025-07-27,0,CHA,CHN,4,5,CHI12,taylg002,browb006
2025,CIN202507270,2025-07-27,0,CIN,TBA,2,1,CIN09,singb001,baz-s001
2025,DET202507270,2025-07-27,0,DET,TOR,10,4,DET05,flahj002,schem001
2025,HOU202507270,2025-07-27,0,HOU,ATH,1,7,HOU03,gordc001,ginnj001
2025,KCA202507270,2025-07-27,0,KCA,CLE,4,1,KAN06,camen001,cantj002
2025,MIL202507270,2025-07-27,0,MIL,MIA,3,2,MIL06,woodb005,peree004
2025,MIN202507270,2025-07-27,0,MIN,WAS,2,7,MIN04,sandc001,irvij001
2025,NYA202507270,2025-07-27,0,NYA,PHI,4,3,NYC21,rodoc001,wheez001
2025,PIT202507270,2025-07-27,0,PIT,ARI,6,0,PIT08,skenp001,gallz001
2025,SFN202507270,2025-07-27,0,SFN,NYN,3,5,SFO03,gagem001,sengk001
2025,SLN202507270,2025-07-27,0,SLN,SDN,2,9,STL10,mcgrm001,koles001
2025,TEX202507270,2025-07-27,0,TEX,ATL,8,1,ARL03,leitj001,eldeb001
2025,ANA202507280,2025-07-28,0,ANA,TEX,6,4,ANA01,kochj001,degrj001
2025,ATH202507280,2025-07-28,0,ATH,SEA,1,3,SAC01,searj001,castl003
2025,BAL202507280,2025-07-28,0,BAL,TOR,11,4,BAL12,efliz001,bassc001
2025,CHA202507280,2025-07-28,0,CHA,PHI,6,2,CHI12,martd006,sancc002
2025,CIN202507280,2025-07-28,0,CIN,LAN,2,5,CIN09,burnc003,yamay001
2025,CLE202507280,2025-07-28,0,CLE,COL,6,8,CLE08,ceccs001,blalb001
2025,DET202507280,2025-07-28,0,DET,ARI,5,1,DET05,meltt001,rodre004
2025,HOU202507280,2025-07-28,0,HOU,WAS,1,2,HOU03,valdf001,lordb001
2025,KCA202507280,2025-07-28,0,KCA,ATL,7,10,KAN06,hillr001,stris002
2025,MIL202507280,2025-07-28,0,MIL,CHN,8,4,MIL06,misij001,boydm001
2025,MIN202507280,2025-07-28,0,MIN,BOS,5,4,MIN04,woods002,fittr001
2025,NYA202507280,2025-07-28,0,NYA,TBA,2,4,NYC21,schlc001,rasmd002
2025,SDN202507280,2025-07-28,0,SDN,NYN,7,6,SAN02,ceasd001,montf001
2025,SFN202507280,2025-07-28,0,SFN,PIT,5,6,SFO03,whisc001,kellm003
2025,SLN202507280,2025-07-28,0,SLN,MIA,7,1,STL10,palla001,cabre003
2025,ANA202507290,2025-07-29,0,ANA,TEX,8,5,ANA01,kikuy001,corbp001
2025,ATH202507290,2025-07-29,0,ATH,SEA,6,1,SAC01,sevel001,evanl001
2025,BAL202507291,2025-07-29,1,BAL,TOR,16,4,BAL12,mortc002,lucae002
2025,BAL202507292,2025-07-29,2,BAL,TOR,3,2,BAL12,younb001,lauee001
2025,CHA202507290,2025-07-29,0,CHA,PHI,3,6,CHI12,cannj001,luzaj001
2025,CIN202507290,2025-07-29,0,CIN,LAN,4,5,CIN09,lodon001,glast001
2025,CLE202507290,2025-07-29,0,CLE,COL,10,4,CLE08,allel003,gordt002
2025,DET202507290,2025-07-29,0,DET,ARI,12,2,DET05,mizec001,pfaab001
2025,HOU202507290,2025-07-29,0,HOU,WAS,7,4,HOU03,alexj001,sorom001
2025,KCA202507290,2025-07-29,0,KCA,ATL,9,6,KAN06,lugos001,fedde001
2025,MIL202507290,2025-07-29,0,MIL,CHN,9,3,MIL06,prieq001,rea-c001
2025,MIN202507290,2025-07-29,0,MIN,BOS,5,8,MIN04,ohl-p001,gioll001
2025,NYA202507290,2025-07-29,0,NYA,TBA,7,5,NYC21,friem001,boylj001
2025,SDN202507290,2025-07-29,0,SDN,NYN,7,1,SAN02,bergr001,manas001
2025,SFN202507290,2025-07-29,0,SFN,PIT,1,3,SFO03,verlj001,faltb001
2025,SLN202507290,2025-07-29,0,SLN,MIA,0,5,STL10,grays001,alcas001
2025,ANA202507300,2025-07-30,0,ANA,TEX,3,6,ANA01,sorij002,eovan001
2025,ATH202507300,2025-07-30,0,ATH,SEA,5,4,SAC01,sprij001,woo-b001
2025,BAL202507300,2025-07-30,0,BAL,TOR,8,9,BAL12,kremd001,berrj001
2025,CHA202507300,2025-07-30,0,CHA,PHI,9,3,CHI12,alext001,walkt004
2025,CIN202507300,2025-07-30,0,CIN,LAN,5,2,CIN09,martn002,ohtas001
2025,CLE202507300,2025-07-30,0,CLE,COL,5,0,CLE08,allak001,freek001
2025,DET202507300,2025-07-30,0,DET,ARI,7,2,DET05,paddc001,nelsr003
2025,HOU202507300,2025-07-30,0,HOU,WAS,9,1,HOU03,gustr001,gorem001
2025,KCA202507300,2025-07-30,0,KCA,ATL,1,0,KAN06,zerpa001,wentj001
2025,MIL202507300,2025-07-30,0,MIL,CHN,3,10,MIL06,peraf001,imans001
2025,MIN202507300,2025-07-30,0,MIN,BOS,1,13,MIN04,mattz001,bellb002
2025,NYA202507300,2025-07-30,0,NYA,TBA,5,4,NYC21,warrw001,littz001
2025,SDN202507300,2025-07-30,0,SDN,NYN,5,0,SAN02,darvy001,holmc001
2025,SFN202507300,2025-07-30,0,SFN,PIT,1,2,SFO03,webbl001,burrm001
2025,SLN202507300,2025-07-30,0,SLN,MIA,0,2,STL10,mikom001,quanc001
2025,CIN202507310,2025-07-31,0,CIN,ATL,11,12,CIN09,abboa001,carrc003
2025,NYA202507310,2025-07-31,0,NYA,TBA,7,4,NYC21,strom001,pepir001
2025,SEA202507310,2025-07-31,0,SEA,TEX,6,0,SEA03,kirbg001,rockk001
2025,ANA202508010,2025-08-01,0,ANA,CHA,3,6,ANA01,andet002,smits003
2025,ATH202508010,2025-08-01,0,ATH,ARI,5,1,SAC01,lopej007,desca001
2025,BOS202508010,2025-08-01,0,BOS,HOU,2,1,BOS07,crisc002,browh001
2025,CHN202508010,2025-08-01,0,CHN,BAL,1,0,CHI11,hortc001,roget003
2025,CIN202508010,2025-08-01,0,CIN,ATL,3,2,CIN09,singb001,eldeb001
2025,CLE202508010,2025-08-01,0,CLE,MIN,3,2,CLE08,willg004,ryanj002
2025,COL202508010,2025-08-01,0,COL,PIT,17,16,DEN02,senza001,heana001
2025,MIA202508010,2025-08-01,0,MIA,NYA,13,12,MIA02,junkj001,rodoc001
2025,NYN202508010,2025-08-01,0,NYN,SFN,3,4,NYC20,peted003,ray-r002
2025,PHI202508010,2025-08-01,0,PHI,DET,5,4,PHI13,suarr001,flahj002
2025,SDN202508010,2025-08-01,0,SDN,SLN,4,1,SAN02,piven001,libem001
2025,SEA202508010,2025-08-01,0,SEA,TEX,4,3,SEA03,gilbl002,leitj001
2025,TBA202508010,2025-08-01,0,TBA,LAN,0,5,TAM02,baz-s001,kersc001
2025,TOR202508010,2025-08-01,0,TOR,KCA,3,9,TOR02,gausk001,wachm001
2025,WAS202508010,2025-08-01,0,WAS,MIL,9,16,WAS11,parkm001,quinj001
2025,ANA202508020,2025-08-02,0,ANA,CHA,0,1,ANA01,hendk001,civaa001
2025,ATH202508020,2025-08-02,0,ATH,ARI,2,7,SAC01,ginnj001,gallz001
2025,BOS202508020,2025-08-02,0,BOS,HOU,7,3,BOS07,buehw001,gordc001
2025,CHN202508020,2025-08-02,0,CHN,BAL,3,4,CHI11,boydm001,sugat001
2025,CIN202508020,2025-08-02,0,CIN,ATL,2,4,BST01,burnc003,cox-a001
2025,CLE202508020,2025-08-02,0,CLE,MIN,5,4,CLE08,bibet001,oberb002
2025,COL202508020,2025-08-02,0,COL,PIT,8,5,DEN02,gomba001,skenp001
2025,MIA202508020,2025-08-02,0,MIA,NYA,2,0,MIA02,peree004,schlc001
2025,NYN202508020,2025-08-02,0,NYN,SFN,12,6,NYC20,sengk001,tengk001
2025,PHI202508020,2025-08-02,0,PHI,DET,5,7,PHI13,wheez001,skubt001
2025,SDN202508020,2025-08-02,0,SDN,SLN,5,8,SAN02,vasqr001,mcgrm001
2025,SEA202508020,2025-08-02,0,SEA,TEX,4,6,SEA03,castl003,kellm002
2025,TBA202508020,2025-08-02,0,TBA,LAN,4,0,TAM02,rasmd002,snelb001
2025,TOR202508020,2025-08-02,0,TOR,KCA,4,2,TOR02,schem001,camen001
2025,WAS202508020,2025-08-02,0,WAS,MIL,2,8,WAS11,irvij001,woodb005
2025,ANA202508030,2025-08-03,0,ANA,CHA,8,5,ANA01,kochj001,burks001
2025,ATH202508030,2025-08-03,0,ATH,ARI,4,6,SAC01,perkj001,rodre004
2025,BOS202508030,2025-08-03,0,BOS,HOU,6,1,BOS07,gioll001,valdf001
2025,CHN202508030,2025-08-03,0,CHN,BAL,5,3,CHI11,rea-c001,younb001
2025,CLE202508030,2025-08-03,0,CLE,MIN,4,5,CLE08,cantj002,urenj001
2025,COL202508030,2025-08-03,0,COL,PIT,5,9,DEN02,blalb001,kellm003
2025,MIA202508030,2025-08-03,0,MIA,NYA,7,3,MIA02,cabre003,gil-l001
2025,NYN202508030,2025-08-03,0,NYN,SFN,4,12,NYC20,montf001,whisc001
2025,PHI202508030,2025-08-03,0,PHI,DET,2,0,PHI13,sancc002,mortc002
2025,SDN202508030,2025-08-03,0,SDN,SLN,7,3,SAN02,ceasd001,palla001
2025,SEA202508030,2025-08-03,0,SEA,TEX,5,4,SEA03,evanl001,degrj001
2025,TBA202508030,2025-08-03,0,TBA,LAN,0,3,TAM02,boylj001,yamay001
2025,TOR202508030,2025-08-03,0,TOR,KCA,4,7,TOR02,bassc001,lugos001
2025,WAS202508030,2025-08-03,0,WAS,MIL,3,14,WAS11,lordb001,hendl002
2025,ANA202508040,2025-08-04,0,ANA,TBA,5,1,ANA01,kikuy001,housa001
2025,ARI202508040,2025-08-04,0,ARI,SDN,6,2,PHO01,pfaab001,searj001
2025,ATL202508040,2025-08-04,0,ATL,MIL,1,3,ATL03,fedde001,prieq001
2025,BOS202508040,2025-08-04,0,BOS,KCA,8,5,BOS07,bellb002,faltb001
2025,CHN202508040,2025-08-04,0,CHN,CIN,2,3,CHI11,sorom001,lodon001
2025,COL202508040,2025-08-04,0,COL,TOR,1,15,DEN02,gordt002,lauee001
2025,DET202508040,2025-08-04,0,DET,MIN,6,3,DET05,mizec001,adamt002
2025,LAN202508040,2025-08-04,0,LAN,SLN,2,3,LOS03,glast001,grays001
2025,MIA202508040,2025-08-04,0,MIA,HOU,2,8,MIA02,alcas001,alexj001
2025,NYN202508040,2025-08-04,0,NYN,CLE,6,7,NYC20,manas001,ceccs001
2025,PHI202508040,2025-08-04,0,PHI,BAL,13,3,PHI13,luzaj001,povic001
2025,PIT202508040,2025-08-04,0,PIT,SFN,5,4,PIT08,oviej001,verlj001
2025,TEX202508040,2025-08-04,0,TEX,NYA,8,5,ARL03,corbp001,friem001
2025,ANA202508050,2025-08-05,0,ANA,TBA,3,7,ANA01,sorij002,pepir001
2025,ARI202508050,2025-08-05,0,ARI,SDN,5,10,PHO01,nelsr003,darvy001
2025,ATL202508050,2025-08-05,0,ATL,MIL,2,7,ATL03,wentj001,peraf001
2025,BOS202508050,2025-08-05,0,BOS,KCA,6,2,BOS07,crocg001,bergr001
2025,CHN202508050,2025-08-05,0,CHN,CIN,1,5,CHI11,imans001,littz001
2025,COL202508050,2025-08-05,0,COL,TOR,4,10,DEN02,molia001,berrj001
2025,DET202508050,2025-08-05,0,DET,MIN,3,6,DET05,paddc001,mattz001
2025,LAN202508050,2025-08-05,0,LAN,SLN,12,6,LOS03,sheee001,mikom001
2025,MIA202508050,2025-08-05,0,MIA,HOU,3,7,MIA02,quanc001,okers001
2025,NYN202508050,2025-08-05,0,NYN,CLE,2,3,NYC20,holmc001,allel003
2025,PHI202508050,2025-08-05,0,PHI,BAL,5,0,PHI13,walkt004,kremd001
2025,PIT202508050,2025-08-05,0,PIT,SFN,1,8,PIT08,burrm001,webbl001
2025,SEA202508050,2025-08-05,0,SEA,CHA,8,3,SEA03,woo-b001,martd006
2025,TEX202508050,2025-08-05,0,TEX,NYA,2,0,ARL03,eovan001,warrw001
2025,WAS202508050,2025-08-05,0,WAS,ATH,7,16,WAS11,gorem001,sevel001
2025,ANA202508060,2025-08-06,0,ANA,TBA,4,5,ANA01,andet002,baz-s001
2025,ARI202508060,2025-08-06,0,ARI,SDN,2,3,PHO01,desca001,cortn001
2025,ATL202508060,2025-08-06,0,ATL,MIL,4,5,ATL03,stris002,quinj001
2025,BOS202508060,2025-08-06,0,BOS,KCA,3,7,BOS07,may-d003,wachm001
2025,CHN202508060,2025-08-06,0,CHN,CIN,6,1,CHI11,hortc001,abboa001
2025,COL202508060,2025-08-06,0,COL,TOR,1,20,DEN02,freek001,gausk001
2025,DET202508060,2025-08-06,0,DET,MIN,4,9,DET05,flahj002,ohl-p001
2025,LAN202508060,2025-08-06,0,LAN,SLN,3,5,LOS03,ohtas001,libem001
2025,MIA202508060,2025-08-06,0,MIA,HOU,6,4,MIA02,junkj001,arris001
2025,NYN202508060,2025-08-06,0,NYN,CLE,1,4,NYC20,peted003,willg004
2025,PHI202508060,2025-08-06,0,PHI,BAL,1,5,PHI13,suarr001,roget003
2025,PIT202508060,2025-08-06,0,PIT,SFN,2,4,PIT08,heana001,ray-r002
2025,SEA202508060,2025-08-06,0,SEA,CHA,8,6,SEA03,kirbg001,cannj001
2025,TEX202508060,2025-08-06,0,TEX,NYA,2,3,ARL03,leitj001,rodoc001
2025,WAS202508060,2025-08-06,0,WAS,ATH,2,1,WAS11,cavac001,sprij001
2025,ATL202508070,2025-08-07,0,ATL,MIA,8,6,ATL03,carrc003,peree004
2025,PIT202508070,2025-08-07,0,PIT,CIN,7,0,PIT08,skenp001,singb001
2025,SEA202508070,2025-08-07,0,SEA,CHA,4,3,SEA03,gilbl002,smits003
2025,WAS202508070,2025-08-07,0,WAS,ATH,0,6,WAS11,parkm001,lopej007
2025,ARI202508080,2025-08-08,0,ARI,COL,6,1,PHO01,gallz001,gomba001
2025,ATL202508080,2025-08-08,0,ATL,MIA,1,5,ATL03,eldeb001,cabre003
2025,BAL202508080,2025-08-08,0,BAL,ATH,3,2,BAL12,sugat001,ginnj001
2025,CHA202508080,2025-08-08,0,CHA,CLE,5,9,CHI12,civaa001,bibet001
2025,DET202508080,2025-08-08,0,DET,ANA,6,5,DET05,skubt001,hendk001
2025,LAN202508080,2025-08-08,0,LAN,TOR,5,1,LOS03,kersc001,schem001
2025,MIL202508080,2025-08-08,0,MIL,NYN,3,2,MIL06,woodb005,sengk001
2025,MIN202508080,2025-08-08,0,MIN,KCA,9,4,MIN04,ryanj002,lugos001
2025,NYA202508080,2025-08-08,0,NYA,HOU,3,5,NYC21,schlc001,browh001
2025,PIT202508080,2025-08-08,0,PIT,CIN,3,2,PIT08,kellm003,burnc003
2025,SDN202508080,2025-08-08,0,SDN,BOS,2,10,SAN02,piven001,buehw001
2025,SEA202508080,2025-08-08,0,SEA,TBA,3,2,SEA03,castl003,rasmd002
2025,SFN202508080,2025-08-08,0,SFN,WAS,5,0,SFO03,gagem001,irvij001
2025,SLN202508080,2025-08-08,0,SLN,CHN,5,0,STL10,mcgrm001,boydm001
2025,TEX202508080,2025-08-08,0,TEX,PHI,1,9,ARL03,kellm002,sancc002
2025,ARI202508090,2025-08-09,0,ARI,COL,6,5,PHO01,rodre004,blalb001
2025,ATL202508091,2025-08-09,1,ATL,MIA,7,1,ATL03,waldh001,gustr001
2025,ATL202508092,2025-08-09,2,ATL,MIA,8,6,ATL03,fedde001,alcas001
2025,BAL202508090,2025-08-09,0,BAL,ATH,3,11,BAL12,younb001,perkj001
2025,CHA202508090,2025-08-09,0,CHA,CLE,1,3,CHI12,burks001,cantj002
2025,DET202508090,2025-08-09,0,DET,ANA,4,7,DET05,mortc002,kikuy001
2025,LAN202508090,2025-08-09,0,LAN,TOR,9,1,LOS03,snelb001,bassc001
2025,MIL202508090,2025-08-09,0,MIL,NYN,7,4,MIL06,myert001,garrr001
2025,MIN202508090,2025-08-09,0,MIN,KCA,0,2,MIN04,oberb002,camen001
2025,NYA202508090,2025-08-09,0,NYA,HOU,5,4,NYC21,gil-l001,valdf001
2025,PIT202508090,2025-08-09,0,PIT,CIN,1,2,PIT08,ashcb001,martn002
2025,SDN202508090,2025-08-09,0,SDN,BOS,5,4,SAN02,kingm002,gioll001
2025,SEA202508090,2025-08-09,0,SEA,TBA,7,4,SEA03,evanl001,boylj001
2025,SFN202508090,2025-08-09,0,SFN,WAS,2,4,SFO03,whisc001,lordb001
2025,SLN202508090,2025-08-09,0,SLN,CHN,1,9,STL10,palla001,rea-c001
2025,TEX202508090,2025-08-09,0,TEX,PHI,2,3,ARL03,degrj001,luzaj001
2025,ARI202508100,2025-08-10,0,ARI,COL,13,6,PHO01,pfaab001,gordt002
2025,ATL202508100,2025-08-10,0,ATL,MIA,7,1,ATL03,wentj001,quanc001
2025,BAL202508100,2025-08-10,0,BAL,ATH,2,3,BAL12,povic001,moral001
2025,CHA202508100,2025-08-10,0,CHA,CLE,6,4,CHI12,martd006,ceccs001
2025,DET202508100,2025-08-10,0,DET,ANA,9,5,DET05,mizec001,kochj001
2025,LAN202508100,2025-08-10,0,LAN,TOR,4,5,LOS03,glast001,lauee001
2025,MIL202508100,2025-08-10,0,MIL,NYN,7,6,MIL06,prieq001,manas001
2025,MIN202508100,2025-08-10,0,MIN,KCA,5,3,MIN04,urenj001,bergr001
2025,NYA202508100,2025-08-10,0,NYA,HOU,1,7,NYC21,friem001,alexj001
2025,PIT202508100,2025-08-10,0,PIT,CIN,8,14,PIT08,burrm001,littz001
2025,SDN202508100,2025-08-10,0,SDN,BOS,6,2,SAN02,ceasd001,bellb002
2025,SEA202508100,2025-08-10,0,SEA,TBA,6,3,SEA03,woo-b001,housa001
2025,SFN202508100,2025-08-10,0,SFN,WAS,0,8,SFO03,verlj001,gorem001
2025,SLN202508100,2025-08-10,0,SLN,CHN,3,2,STL10,grays001,imans001
2025,TEX202508100,2025-08-10,0,TEX,PHI,2,4,ARL03,corbp001,wheez001
2025,ANA202508110,2025-08-11,0,ANA,LAN,7,4,ANA01,sorij002,yamay001
2025,ATH202508110,2025-08-11,0,ATH,TBA,4,7,SAC01,sprij001,pepir001
2025,CHA202508110,2025-08-11,0,CHA,DET,1,2,CHI12,pegue001,paddc001
2025,CIN202508110,2025-08-11,0,CIN,PHI,1,4,CIN09,abboa001,walkt004
2025,HOU202508110,2025-08-11,0,HOU,BOS,7,6,HOU03,javic001,crocg001
2025,KCA202508110,2025-08-11,0,KCA,WAS,7,4,KAN06,faltb001,cavac001
2025,MIL202508110,2025-08-11,0,MIL,PIT,7,1,MIL06,quinj001,heana001
2025,NYA202508110,2025-08-11,0,NYA,MIN,6,2,NYC21,warrw001,mattz001
2025,SFN202508110,2025-08-11,0,SFN,SDN,1,4,SFO03,webbl001,darvy001
2025,SLN202508110,2025-08-11,0,SLN,COL,3,2,STL10,mikom001,dollc001
2025,TEX202508110,2025-08-11,0,TEX,ARI,7,6,ARL03,eovan001,nelsr003
2025,ANA202508120,2025-08-12,0,ANA,LAN,7,6,ANA01,medev001,sheee001
2025,ATH202508120,2025-08-12,0,ATH,TBA,6,0,SAC01,lopej007,baz-s001
2025,BAL202508120,2025-08-12,0,BAL,SEA,0,1,BAL12,kremd001,kirbg001
2025,CHA202508120,2025-08-12,0,CHA,DET,9,6,CHI12,gomey002,flahj002
2025,CIN202508120,2025-08-12,0,CIN,PHI,6,1,CIN09,singb001,suarr001
2025,CLE202508120,2025-08-12,0,CLE,MIA,4,3,CLE08,allel003,junkj001
2025,HOU202508120,2025-08-12,0,HOU,BOS,1,14,HOU03,arris001,may-d003
2025,KCA202508120,2025-08-12,0,KCA,WAS,8,5,KAN06,wachm001,parkm001
2025,MIL202508120,2025-08-12,0,MIL,PIT,14,0,MIL06,peraf001,skenp001
2025,NYA202508120,2025-08-12,0,NYA,MIN,9,1,NYC21,rodoc001,adamt002
2025,NYN202508120,2025-08-12,0,NYN,ATL,13,5,NYC20,holmc001,stris002
2025,SFN202508120,2025-08-12,0,SFN,SDN,1,5,SFO03,ray-r002,cortn001
2025,SLN202508120,2025-08-12,0,SLN,COL,0,3,STL10,libem001,freek001
2025,TEX202508120,2025-08-12,0,TEX,ARI,2,3,ARL03,leitj001,desca001
2025,TOR202508120,2025-08-12,0,TOR,CHN,5,1,TOR02,berrj001,assaj001
2025,ANA202508130,2025-08-13,0,ANA,LAN,6,5,ANA01,hendk001,ohtas001
2025,ATH202508130,2025-08-13,0,ATH,TBA,2,8,SAC01,ginnj001,rasmd002
2025,BAL202508130,2025-08-13,0,BAL,SEA,4,3,BAL12,roget003,gilbl002
2025,CHA202508130,2025-08-13,0,CHA,DET,0,1,CHI12,smits003,meltt001
2025,CIN202508130,2025-08-13,0,CIN,PHI,8,0,CIN09,greeh001,sancc002
2025,CLE202508130,2025-08-13,0,CLE,MIA,4,13,CLE08,willg004,peree004
2025,HOU202508130,2025-08-13,0,HOU,BOS,4,1,HOU03,browh001,buehw001
2025,KCA202508130,2025-08-13,0,KCA,WAS,7,8,KAN06,lugos001,irvij001
2025,MIL202508130,2025-08-13,0,MIL,PIT,12,5,MIL06,woodb005,kellm003
2025,NYA202508130,2025-08-13,0,NYA,MIN,1,4,NYC21,schlc001,ryanj002
2025,NYN202508130,2025-08-13,0,NYN,ATL,6,11,NYC20,peted003,carrc003
2025,SFN202508130,2025-08-13,0,SFN,SDN,1,11,SFO03,tengk001,piven001
2025,SLN202508130,2025-08-13,0,SLN,COL,5,6,STL10,mcgrm001,gomba001
2025,TEX202508130,2025-08-13,0,TEX,ARI,4,6,ARL03,kellm002,gallz001
2025,TOR202508130,2025-08-13,0,TOR,CHN,1,4,TOR02,gausk001,hortc001
2025,BAL202508140,2025-08-14,0,BAL,SEA,5,3,BAL12,sugat001,evanl001
2025,CLE202508140,2025-08-14,0,CLE,MIA,9,4,CLE08,bibet001,cabre003
2025,COL202508140,2025-08-14,0,COL,ARI,2,8,DEN02,blalb001,rodre004
2025,MIN202508140,2025-08-14,0,MIN,DET,3,4,MIN04,oberb002,skubt001
2025,NYN202508140,2025-08-14,0,NYN,ATL,3,4,NYC20,sengk001,eldeb001
2025,TOR202508140,2025-08-14,0,TOR,CHN,2,1,TOR02,schem001,boydm001
2025,WAS202508140,2025-08-14,0,WAS,PHI,3,2,WAS11,lordb001,luzaj001
2025,ATH202508150,2025-08-15,0,ATH,ANA,10,3,SAC01,perkj001,kikuy001
2025,BOS202508150,2025-08-15,0,BOS,MIA,2,1,BOS07,gioll001,alcas001
2025,CHN202508150,2025-08-15,0,CHN,PIT,2,3,CHI11,rea-c001,ashcb001
2025,CIN202508150,2025-08-15,0,CIN,MIL,8,10,CIN09,martn002,misij001
2025,CLE202508150,2025-08-15,0,CLE,ATL,0,2,CLE08,cantj002,waldh001
2025,COL202508150,2025-08-15,0,COL,ARI,4,3,DEN02,gordt002,pfaab001
2025,HOU202508150,2025-08-15,0,HOU,BAL,0,7,HOU03,valdf001,younb001
2025,KCA202508150,2025-08-15,0,KCA,CHA,3,1,KAN06,camen001,civaa001
2025,LAN202508150,2025-08-15,0,LAN,SDN,3,2,LOS03,kersc001,peraw002
2025,MIN202508150,2025-08-15,0,MIN,DET,0,7,MIN04,ohl-p001,mortc002
2025,NYN202508150,2025-08-15,0,NYN,SEA,9,11,NYC20,manas001,castl003
2025,SFN202508150,2025-08-15,0,SFN,TBA,6,7,SFO03,roupl001,boylj001
2025,SLN202508150,2025-08-15,0,SLN,NYA,3,4,STL10,palla001,gil-l001
2025,TOR202508150,2025-08-15,0,TOR,TEX,6,5,TOR02,bassc001,degrj001
2025,WAS202508150,2025-08-15,0,WAS,PHI,2,6,WAS11,gorem001,wheez001
2025,ATH202508160,2025-08-16,0,ATH,ANA,7,2,SAC01,moral001,andet002
2025,BOS202508160,2025-08-16,0,BOS,MIA,7,5,BOS07,bellb002,quanc001
2025,CHN202508160,2025-08-16,0,CHN,PIT,3,1,CHI11,imans001,burrm001
2025,CIN202508160,2025-08-16,0,CIN,MIL,5,6,CIN09,littz001,prieq001
2025,CLE202508160,2025-08-16,0,CLE,ATL,1,10,CLE08,ceccs001,wentj001
2025,COL202508160,2025-08-16,0,COL,ARI,10,7,DEN02,dollc001,nelsr003
2025,HOU202508160,2025-08-16,0,HOU,BAL,5,4,HOU03,alexj001,garcr006
2025,KCA202508160,2025-08-16,0,KCA,CHA,6,2,KAN06,lorem002,burks001
2025,LAN202508160,2025-08-16,0,LAN,SDN,6,0,LOS03,snelb001,ceasd001
2025,MIN202508160,2025-08-16,0,MIN,DET,5,8,MIN04,mattz001,mizec001
2025,NYN202508160,2025-08-16,0,NYN,SEA,3,1,NYC20,mclen001,woo-b001
2025,SFN202508160,2025-08-16,0,SFN,TBA,1,2,SFO03,verlj001,housa001
2025,SLN202508160,2025-08-16,0,SLN,NYA,8,12,STL10,grays001,friem001
2025,TOR202508160,2025-08-16,0,TOR,TEX,14,2,TOR02,lauee001,corbp001
2025,WAS202508160,2025-08-16,0,WAS,PHI,2,0,WAS11,cavac001,walkt004
2025,ATH202508170,2025-08-17,0,ATH,ANA,5,11,SAC01,sprij001,sorij002
2025,BOS202508170,2025-08-17,0,BOS,MIA,3,5,BOS07,crocg001,junkj001
2025,CHN202508170,2025-08-17,0,CHN,PIT,4,3,CHI11,assaj001,mlodc001
2025,CIN202508170,2025-08-17,0,CIN,MIL,3,2,CIN09,abboa001,quinj001
2025,CLE202508170,2025-08-17,0,CLE,ATL,4,5,CLE08,allel003,fedde001
2025,COL202508170,2025-08-17,0,COL,ARI,6,5,DEN02,senza001,crisn001
2025,HOU202508170,2025-08-17,0,HOU,BAL,0,12,HOU03,javic001,kremd001
2025,KCA202508170,2025-08-17,0,KCA,CHA,6,2,KAN06,bergr001,martd006
2025,LAN202508170,2025-08-17,0,LAN,SDN,5,4,LOS03,glast001,darvy001
2025,MIN202508170,2025-08-17,0,MIN,DET,8,1,MIN04,hatct001,paddc001
2025,NYN202508170,2025-08-17,0,NYN,SEA,7,3,WIL02,holmc001,kirbg001
2025,SFN202508170,2025-08-17,0,SFN,TBA,7,1,SFO03,webbl001,pepir001
2025,SLN202508170,2025-08-17,0,SLN,NYA,4,8,STL10,mikom001,warrw001
2025,TOR202508170,2025-08-17,0,TOR,TEX,4,10,TOR02,berrj001,eovan001
2025,WAS202508170,2025-08-17,0,WAS,PHI,9,11,WAS11,parkm001,nolaa001
2025,ANA202508180,2025-08-18,0,ANA,CIN,1,4,ANA01,medev001,singb001
2025,ARI202508180,2025-08-18,0,ARI,CLE,1,3,PHO01,gallz001,willg004
2025,ATL202508180,2025-08-18,0,ATL,CHA,9,13,ATL03,stris002,gomey002
2025,BOS202508180,2025-08-18,0,BOS,BAL,3,6,BOS07,may-d003,roget003
2025,CHN202508180,2025-08-18,0,CHN,MIL,0,7,CHI11,hortc001,peraf001
2025,COL202508180,2025-08-18,0,COL,LAN,4,3,DEN02,freek001,yamay001
2025,DET202508180,2025-08-18,0,DET,HOU,10,0,DET05,flahj002,arris001
2025,KCA202508180,2025-08-18,0,KCA,TEX,4,3,KAN06,wachm001,leitj001
2025,MIA202508180,2025-08-18,0,MIA,SLN,3,8,MIA02,peree004,libem001
2025,PHI202508180,2025-08-18,0,PHI,SEA,12,7,PHI13,suarr001,gilbl002
2025,PIT202508180,2025-08-18,0,PIT,TOR,5,2,PIT08,skenp001,gausk001
2025,SDN202508180,2025-08-18,0,SDN,SFN,3,4,SAN02,cortn001,ray-r002
2025,ANA202508190,2025-08-19,0,ANA,CIN,4,6,ANA01,hendk001,greeh001
2025,ARI202508190,2025-08-19,0,ARI,CLE,6,5,PHO01,rodre004,bibet001
2025,ATL202508190,2025-08-19,0,ATL,CHA,11,10,ATL03,eldeb001,smits003
2025,BOS202508190,2025-08-19,0,BOS,BAL,3,4,BOS07,buehw001,sugat001
2025,CHN202508191,2025-08-19,1,CHN,MIL,6,4,CHI11,boydm001,patrc001
2025,CHN202508192,2025-08-19,2,CHN,MIL,4,1,CHI11,tailj001,woodb005
2025,COL202508190,2025-08-19,0,COL,LAN,4,11,DEN02,gomba001,sheee001
2025,DET202508190,2025-08-19,0,DET,HOU,1,0,DET05,skubt001,browh001
2025,KCA202508190,2025-08-19,0,KCA,TEX,5,2,KAN06,lugos001,kellm002
2025,MIA202508190,2025-08-19,0,MIA,SLN,4,7,MIA02,cabre003,mcgrm001
2025,MIN202508190,2025-08-19,0,MIN,ATH,3,6,MIN04,ryanj002,lopej007
2025,PHI202508190,2025-08-19,0,PHI,SEA,6,4,PHI13,sancc002,millb004
2025,PIT202508190,2025-08-19,0,PIT,TOR,3,7,PIT08,kellm003,schem001
2025,SDN202508190,2025-08-19,0,SDN,SFN,5,1,SAN02,piven001,tengk001
2025,TBA202508190,2025-08-19,0,TBA,NYA,3,13,TAM02,baz-s001,rodoc001
2025,WAS202508190,2025-08-19,0,WAS,NYN,1,8,WAS11,irvij001,peted003
2025,ANA202508200,2025-08-20,0,ANA,CIN,2,1,ANA01,kikuy001,martn002
2025,ARI202508200,2025-08-20,0,ARI,CLE,3,2,PHO01,pfaab001,messp001
2025,ATL202508200,2025-08-20,0,ATL,CHA,1,0,ATL03,waldh001,perem004
2025,CHN202508200,2025-08-20,0,CHN,MIL,4,3,CHI11,rea-c001,misij001
2025,COL202508200,2025-08-20,0,COL,LAN,8,3,DEN02,gordt002,ohtas001
2025,DET202508200,2025-08-20,0,DET,HOU,7,2,DET05,mortc002,valdf001
2025,KCA202508200,2025-08-20,0,KCA,TEX,3,6,KAN06,camen001,bousc001
2025,MIA202508200,2025-08-20,0,MIA,SLN,6,2,MIA02,alcas001,palla001
2025,MIN202508200,2025-08-20,0,MIN,ATH,2,4,MIN04,oberb002,ginnj001
2025,PHI202508200,2025-08-20,0,PHI,SEA,11,2,PHI13,luzaj001,castl003
2025,PIT202508200,2025-08-20,0,PIT,TOR,2,1,PIT08,oviej001,bassc001
2025,SDN202508200,2025-08-20,0,SDN,SFN,8,1,SAN02,searj001,roupl001
2025,TBA202508200,2025-08-20,0,TBA,NYA,4,6,TAM02,rasmd002,schlc001
2025,WAS202508200,2025-08-20,0,WAS,NYN,5,4,WAS11,lordb001,sengk001
2025,BAL202508210,2025-08-21,0,BAL,HOU,2,7,BAL12,younb001,alexj001
2025,CHN202508210,2025-08-21,0,CHN,MIL,1,4,CHI11,imans001,prieq001
2025,COL202508210,2025-08-21,0,COL,LAN,5,9,DEN02,dollc001,kersc001
2025,KCA202508210,2025-08-21,0,KCA,TEX,6,4,KAN06,lorem002,corbp001
2025,MIN202508210,2025-08-21,0,MIN,ATH,3,8,MIN04,urenj001,perkj001
2025,NYA202508210,2025-08-21,0,NYA,BOS,3,6,NYC21,gil-l001,gioll001
2025,SDN202508210,2025-08-21,0,SDN,SFN,8,4,SAN02,ceasd001,verlj001
2025,TBA202508210,2025-08-21,0,TBA,SLN,4,7,TAM02,boylj001,grays001
2025,WAS202508210,2025-08-21,0,WAS,NYN,9,3,WAS11,gorem001,manas001
2025,ANA202508220,2025-08-22,0,ANA,CHN,2,3,ANA01,andet002,assaj001
2025,ARI202508220,2025-08-22,0,ARI,CIN,6,5,PHO01,nelsr003,littz001
2025,ATL202508220,2025-08-22,0,ATL,NYN,7,12,ATL03,wentj001,mclen001
2025,BAL202508220,2025-08-22,0,BAL,HOU,7,10,BAL12,povic001,mccul002
2025,CHA202508220,2025-08-22,0,CHA,MIN,7,9,CHI12,civaa001,mattz001
2025,DET202508220,2025-08-22,0,DET,KCA,7,5,DET05,mizec001,bergr001
2025,MIA202508220,2025-08-22,0,MIA,TOR,2,5,MIA02,gustr001,biebs001
2025,MIL202508220,2025-08-22,0,MIL,SFN,5,4,MIL06,quinj001,whisc001
2025,NYA202508220,2025-08-22,0,NYA,BOS,0,1,NYC21,friem001,bellb002
2025,PHI202508220,2025-08-22,0,PHI,WAS,4,5,PHI13,walkt004,cavac001
2025,PIT202508220,2025-08-22,0,PIT,COL,9,0,PIT08,ashcb001,senza001
2025,SDN202508220,2025-08-22,0,SDN,LAN,2,1,SAN02,darvy001,snelb001
2025,SEA202508220,2025-08-22,0,SEA,ATH,3,2,SEA03,woo-b001,moral001
2025,TBA202508220,2025-08-22,0,TBA,SLN,10,6,TAM02,housa001,mikom001
2025,TEX202508220,2025-08-22,0,TEX,CLE,4,3,ARL03,eovan001,ceccs001
2025,ANA202508230,2025-08-23,0,ANA,CHN,1,12,ANA01,medev001,hortc001
2025,ARI202508230,2025-08-23,0,ARI,CIN,10,1,PHO01,beekj001,abboa001
2025,ATL202508230,2025-08-23,0,ATL,NYN,2,9,ATL03,quanc001,holmc001
2025,BAL202508230,2025-08-23,0,BAL,HOU,8,9,BAL12,kremd001,javic001
2025,CHA202508230,2025-08-23,0,CHA,MIN,7,3,CHI12,martd006,abelm001
2025,DET202508230,2025-08-23,0,DET,KCA,4,2,DET05,paddc001,wachm001
2025,MIA202508230,2025-08-23,0,MIA,TOR,6,7,MIA02,junkj001,berrj001
2025,MIL202508230,2025-08-23,0,MIL,SFN,1,7,MIL06,peraf001,webbl001
2025,NYA202508230,2025-08-23,0,NYA,BOS,1,12,NYC21,warrw001,crocg001
2025,PHI202508230,2025-08-23,0,PHI,WAS,6,4,PHI13,nolaa001,parkm001
2025,PIT202508230,2025-08-23,0,PIT,COL,5,1,PIT08,burrm001,freek001
2025,SDN202508230,2025-08-23,0,SDN,LAN,5,1,SAN02,cortn001,glast001
2025,SEA202508230,2025-08-23,0,SEA,ATH,1,2,SEA03,kirbg001,sprij001
2025,TEX202508230,2025-08-23,0,TEX,CLE,10,0,ARL03,leitj001,allel003
2025,ANA202508240,2025-08-24,0,ANA,CHN,3,4,ANA01,hendk001,tailj001
2025,ARI202508240,2025-08-24,0,ARI,CIN,1,6,PHO01,gallz001,singb001
2025,ATL202508240,2025-08-24,0,ATL,NYN,4,3,ATL03,eldeb001,peted003
2025,BAL202508240,2025-08-24,0,BAL,HOU,3,2,BAL12,roget003,arris001
2025,CHA202508240,2025-08-24,0,CHA,MIN,8,0,CHI12,gomey002,bradt002
2025,DET202508240,2025-08-24,0,DET,KCA,8,10,DET05,flahj002,lugos001
2025,MIA202508240,2025-08-24,0,MIA,TOR,5,3,MIA02,peree004,gausk001
2025,MIL202508240,2025-08-24,0,MIL,SFN,3,4,MIL06,patrc001,ray-r002
2025,NYA202508240,2025-08-24,0,NYA,BOS,7,2,NYC21,rodoc001,may-d003
2025,PHI202508240,2025-08-24,0,PHI,WAS,3,2,PHI13,suarr001,irvij001
2025,PIT202508240,2025-08-24,0,PIT,COL,4,0,PIT08,skenp001,browm007
2025,SDN202508240,2025-08-24,0,SDN,LAN,2,8,SAN02,piven001,yamay001
2025,SEA202508240,2025-08-24,0,SEA,ATH,11,4,SEA03,gilbl002,lopej007
2025,TBA202508240,2025-08-24,0,TBA,SLN,7,2,TAM02,pepir001,libem001
2025,TEX202508240,2025-08-24,0,TEX,CLE,5,0,ARL03,kellm002,willg004
2025,ATH202508250,2025-08-25,0,ATH,DET,8,3,SAC01,ginnj001,skubt001
2025,BAL202508250,2025-08-25,0,BAL,BOS,3,4,BAL12,sugat001,bernb001
2025,CHA202508250,2025-08-25,0,CHA,KCA,7,0,CHI12,smits003,camen001
2025,CLE202508250,2025-08-25,0,CLE,TBA,0,9,CLE08,bibet001,seymi001
2025,LAN202508250,2025-08-25,0,LAN,CIN,7,0,LOS03,sheee001,greeh001
2025,MIA202508250,2025-08-25,0,MIA,ATL,2,1,MIA02,cabre003,stris002
2025,MIL202508250,2025-08-25,0,MIL,ARI,7,5,MIL06,woodb005,rodre004
2025,NYA202508250,2025-08-25,0,NYA,WAS,10,5,NYC21,schlc001,lordb001
2025,NYN202508250,2025-08-25,0,NYN,PHI,13,3,NYC20,sengk001,sancc002
2025,SEA202508250,2025-08-25,0,SEA,SDN,9,6,SEA03,millb004,searj001
2025,SLN202508250,2025-08-25,0,SLN,PIT,7,6,STL10,mcgrm001,oviej001
2025,TEX202508250,2025-08-25,0,TEX,ANA,0,4,ARL03,degrj001,sorij002
2025,TOR202508250,2025-08-25,0,TOR,MIN,10,4,TOR02,schem001,ryanj002
2025,ATH202508260,2025-08-26,0,ATH,DET,7,6,SAC01,bidoo001,mortc002
2025,BAL202508260,2025-08-26,0,BAL,BOS,0,5,BAL12,bradk001,gioll001
2025,CHA202508260,2025-08-26,0,CHA,KCA,4,5,CHI12,perem004,lorem002
2025,CLE202508260,2025-08-26,0,CLE,TBA,3,0,CLE08,messp001,baz-s001
2025,HOU202508260,2025-08-26,0,HOU,COL,1,6,HOU03,browh001,gordt002
2025,LAN202508260,2025-08-26,0,LAN,CIN,6,3,LOS03,kersc001,martn002
2025,MIA202508260,2025-08-26,0,MIA,ATL,2,11,MIA02,alcas001,waldh001
2025,MIL202508260,2025-08-26,0,MIL,ARI,9,8,MIL06,misij001,pfaab001
2025,NYA202508260,2025-08-26,0,NYA,WAS,5,1,NYC21,gil-l001,gorem001
2025,NYN202508260,2025-08-26,0,NYN,PHI,6,5,NYC20,manas001,luzaj001
2025,SEA202508260,2025-08-26,0,SEA,SDN,6,7,SEA03,castl003,ceasd001
2025,SFN202508260,2025-08-26,0,SFN,CHN,5,2,SFO03,verlj001,boydm001
2025,SLN202508260,2025-08-26,0,SLN,PIT,3,8,STL10,palla001,kellm003
2025,TEX202508260,2025-08-26,0,TEX,ANA,7,3,ARL03,corbp001,kikuy001
2025,TOR202508260,2025-08-26,0,TOR,MIN,5,7,TOR02,bassc001,oberb002
2025,ATH202508270,2025-08-27,0,ATH,DET,7,0,SAC01,moral001,mizec001
2025,BAL202508270,2025-08-27,0,BAL,BOS,2,3,BAL12,ennsd001,bellb002
2025,CHA202508270,2025-08-27,0,CHA,KCA,1,12,CHI12,civaa001,bergr001
2025,CLE202508270,2025-08-27,0,CLE,TBA,4,3,CLE08,ceccs001,rasmd002
2025,HOU202508270,2025-08-27,0,HOU,COL,4,0,HOU03,valdf001,dollc001
2025,LAN202508270,2025-08-27,0,LAN,CIN,5,1,LOS03,ohtas001,lodon001
2025,MIA202508270,2025-08-27,0,MIA,ATL,1,12,MIA02,gustr001,wentj001
2025,MIL202508270,2025-08-27,0,MIL,ARI,2,3,MIL06,ashba003,nelsr003
2025,NYA202508270,2025-08-27,0,NYA,WAS,11,2,NYC21,friem001,cavac001
2025,NYN202508270,2025-08-27,0,NYN,PHI,6,0,NYC20,mclen001,walkt004
2025,SEA202508270,2025-08-27,0,SEA,SDN,4,3,SEA03,woo-b001,darvy001
2025,SFN202508270,2025-08-27,0,SFN,CHN,12,3,SFO03,whisc001,rea-c001
2025,SLN202508270,2025-08-27,0,SLN,PIT,1,2,STL10,grays001,mlodc001
2025,TEX202508270,2025-08-27,0,TEX,ANA,20,3,ARL03,latzj001,kochj001
2025,TOR202508270,2025-08-27,0,TOR,MIN,9,8,TOR02,lauee001,woods002
2025,BAL202508280,2025-08-28,0,BAL,BOS,2,3,BAL12,povic001,crocg001
2025,CHA202508280,2025-08-28,0,CHA,NYA,4,10,CHI12,martd006,warrw001
2025,HOU202508280,2025-08-28,0,HOU,COL,4,3,HOU03,alexj001,freek001
2025,MIL202508280,2025-08-28,0,MIL,ARI,4,6,MIL06,quinj001,crisn001
2025,NYN202508280,2025-08-28,0,NYN,MIA,4,7,NYC20,holmc001,mazua001
2025,PHI202508280,2025-08-28,0,PHI,ATL,19,4,PHI13,nolaa001,quanc001
2025,SFN202508280,2025-08-28,0,SFN,CHN,4,3,SFO03,webbl001,imans001
2025,SLN202508280,2025-08-28,0,SLN,PIT,4,1,STL10,mikom001,ashcb001
2025,ATH202508290,2025-08-29,0,ATH,TEX,2,5,SAC01,sprij001,leitj001
2025,BOS202508290,2025-08-29,0,BOS,PIT,2,4,BOS07,tollp001,skenp001
2025,CHA202508290,2025-08-29,0,CHA,NYA,2,10,CHI12,gomey002,rodoc001
2025,CIN202508290,2025-08-29,0,CIN,SLN,5,7,CIN09,littz001,libem001
2025,CLE202508290,2025-08-29,0,CLE,SEA,5,4,CLE08,allel003,kirbg001
2025,COL202508290,2025-08-29,0,COL,CHN,7,11,DEN02,marqg001,hortc001
2025,HOU202508290,2025-08-29,0,HOU,ANA,2,0,HOU03,javic001,andet002
2025,KCA202508290,2025-08-29,0,KCA,DET,3,5,KAN06,lugos001,paddc001
2025,LAN202508290,2025-08-29,0,LAN,ARI,0,3,LOS03,snelb001,gallz001
2025,MIN202508290,2025-08-29,0,MIN,SDN,7,4,MIN04,mattz001,cortn001
2025,NYN202508290,2025-08-29,0,NYN,MIA,19,9,NYC20,tongj001,peree004
2025,PHI202508290,2025-08-29,0,PHI,ATL,2,1,PHI13,suarr001,eldeb001
2025,SFN202508290,2025-08-29,0,SFN,BAL,15,8,SFO03,ray-r002,kremd001
2025,TOR202508290,2025-08-29,0,TOR,MIL,2,7,TOR02,biebs001,peraf001
2025,WAS202508290,2025-08-29,0,WAS,TBA,1,4,WAS11,parkm001,housa001
2025,ATH202508300,2025-08-30,0,ATH,TEX,3,9,SAC01,barnm002,kellm002
2025,BOS202508300,2025-08-30,0,BOS,PIT,3,10,BOS07,may-d003,oviej001
2025,CHA202508300,2025-08-30,0,CHA,NYA,3,5,CHI12,smits003,schlc001
2025,CIN202508300,2025-08-30,0,CIN,SLN,2,4,CIN09,abboa001,mcgrm001
2025,CLE202508300,2025-08-30,0,CLE,SEA,4,3,CLE08,willg004,gilbl002
2025,COL202508300,2025-08-30,0,COL,CHN,3,4,DEN02,browm007,assaj001
2025,HOU202508300,2025-08-30,0,HOU,ANA,1,4,HOU03,arris001,hendk001
2025,KCA202508300,2025-08-30,0,KCA,DET,3,1,KAN06,koles001,flahj002
2025,LAN202508300,2025-08-30,0,LAN,ARI,1,6,LOS03,glast001,rodre004
2025,MIN202508300,2025-08-30,0,MIN,SDN,3,12,MIN04,bradt002,piven001
2025,NYN202508300,2025-08-30,0,NYN,MIA,8,11,NYC20,peted003,cabre003
2025,PHI202508300,2025-08-30,0,PHI,ATL,3,2,PHI13,sancc002,salec001
2025,SFN202508300,2025-08-30,0,SFN,BAL,1,11,SFO03,seymc001,roget003
2025,TOR202508300,2025-08-30,0,TOR,MIL,1,4,TOR02,gausk001,prieq001
2025,WAS202508300,2025-08-30,0,WAS,TBA,1,4,WAS11,irvij001,pepir001
2025,ATH202508310,2025-08-31,0,ATH,TEX,6,9,SAC01,ginnj001,degrj001
2025,BOS202508310,2025-08-31,0,BOS,PIT,5,2,BOS07,gioll001,kellm003
2025,CHA202508310,2025-08-31,0,CHA,NYA,3,2,CHI12,perem004,gil-l001
2025,CIN202508310,2025-08-31,0,CIN,SLN,7,4,CIN09,singb001,palla001
2025,CLE202508310,2025-08-31,0,CLE,SEA,2,4,CLE08,bibet001,millb004
2025,COL202508310,2025-08-31,0,COL,CHN,6,5,DEN02,gordt002,boydm001
2025,HOU202508310,2025-08-31,0,HOU,ANA,0,3,HOU03,browh001,sorij002
2025,KCA202508310,2025-08-31,0,KCA,DET,0,5,KAN06,wachm001,skubt001
2025,LAN202508310,2025-08-31,0,LAN,ARI,5,4,LOS03,yamay001,pfaab001
2025,MIN202508310,2025-08-31,0,MIN,SDN,7,2,MIN04,ryanj002,morgd001
2025,NYN202508310,2025-08-31,0,NYN,MIA,1,5,NYC20,sengk001,alcas001
2025,PHI202508310,2025-08-31,0,PHI,ATL,1,3,PHI13,luzaj001,waldh001
2025,SFN202508310,2025-08-31,0,SFN,BAL,13,2,SFO03,verlj001,sugat001
2025,TOR202508310,2025-08-31,0,TOR,MIL,8,4,TOR02,schem001,woodb005
2025,WAS202508310,2025-08-31,0,WAS,TBA,4,7,WAS11,lordb001,seymi001
2025,ARI202509010,2025-09-01,0,ARI,TEX,5,7,PHO01,nelsr003,corbp001
2025,BOS202509010,2025-09-01,0,BOS,CLE,6,4,BOS07,bellb002,messp001
2025,CHN202509010,2025-09-01,0,CHN,ATL,7,6,CHI11,rea-c001,stris002
2025,CIN202509010,2025-09-01,0,CIN,TOR,5,4,CIN09,greeh001,bassc001
2025,COL202509010,2025-09-01,0,COL,SFN,2,8,DEN02,dollc001,tengk001
2025,DET202509010,2025-09-01,0,DET,NYN,8,10,DET05,mortc002,manas001
2025,HOU202509010,2025-09-01,0,HOU,ANA,8,3,HOU03,garcl007,kikuy001
2025,MIL202509010,2025-09-01,0,MIL,PHI,8,10,MIL06,misij001,walkt004
2025,MIN202509010,2025-09-01,0,MIN,CHA,5,6,MIN04,oberb002,ellaf001
2025,SDN202509010,2025-09-01,0,SDN,BAL,3,4,SAN02,ceasd001,bradk001
2025,SLN202509010,2025-09-01,0,SLN,ATH,3,11,STL10,grays001,moral001
2025,TBA202509010,2025-09-01,0,TBA,SEA,10,2,TAM02,baz-s001,castl003
2025,WAS202509010,2025-09-01,0,WAS,MIA,2,0,WAS11,alvaa003,bachl001
2025,ARI202509020,2025-09-02,0,ARI,TEX,5,3,PHO01,crisn001,latzj001
2025,BOS202509020,2025-09-02,0,BOS,CLE,11,7,BOS07,crocg001,ceccs001
2025,CHN202509020,2025-09-02,0,CHN,ATL,4,3,CHI11,imans001,wentj001
2025,CIN202509020,2025-09-02,0,CIN,TOR,9,12,CIN09,barls001,berrj001
2025,COL202509020,2025-09-02,0,COL,SFN,4,7,DEN02,freek001,webbl001
2025,DET202509020,2025-09-02,0,DET,NYN,5,12,DET05,gipss001,mclen001
2025,HOU202509020,2025-09-02,0,HOU,NYA,1,7,HOU03,valdf001,friem001
2025,KCA202509020,2025-09-02,0,KCA,ANA,1,5,KAN06,lorem002,farrm001
2025,MIN202509020,2025-09-02,0,MIN,CHA,3,12,MIN04,woods002,martd006
2025,PIT202509020,2025-09-02,0,PIT,LAN,9,7,PIT08,mlodc001,kersc001
2025,SDN202509020,2025-09-02,0,SDN,BAL,2,6,SAN02,darvy001,wellt003
2025,SLN202509020,2025-09-02,0,SLN,ATH,2,1,STL10,mikom001,sevel001
2025,TBA202509020,2025-09-02,0,TBA,SEA,6,5,TAM02,rasmd002,woo-b001
2025,WAS202509020,2025-09-02,0,WAS,MIA,5,2,WAS11,cavac001,mazua001
2025,ARI202509030,2025-09-03,0,ARI,TEX,2,0,PHO01,gallz001,leitj001
2025,BOS202509030,2025-09-03,0,BOS,CLE,1,8,BOS07,bernb001,cantj002
2025,CHN202509030,2025-09-03,0,CHN,ATL,1,5,CHI11,hortc001,eldeb001
2025,CIN202509030,2025-09-03,0,CIN,TOR,9,13,CIN09,littz001,biebs001
2025,COL202509030,2025-09-03,0,COL,SFN,8,10,DEN02,marqg001,ray-r002
2025,DET202509030,2025-09-03,0,DET,NYN,6,2,DET05,mizec001,holmc001
2025,HOU202509030,2025-09-03,0,HOU,NYA,8,7,HOU03,alexj001,warrw001
2025,KCA202509030,2025-09-03,0,KCA,ANA,3,4,KAN06,bergr001,danac001
2025,MIL202509030,2025-09-03,0,MIL,PHI,6,3,MIL06,quinj001,nolaa001
2025,MIN202509030,2025-09-03,0,MIN,CHA,3,4,MIN04,mattz001,gomey002
2025,PIT202509030,2025-09-03,0,PIT,LAN,3,0,PIT08,ashcb001,sheee001
2025,SDN202509030,2025-09-03,0,SDN,BAL,5,7,SAN02,cortn001,povic001
2025,SLN202509030,2025-09-03,0,SLN,ATH,5,1,STL10,libem001,sprij001
2025,TBA202509030,2025-09-03,0,TBA,SEA,9,4,TAM02,housa001,kirbg001
2025,WAS202509030,2025-09-03,0,WAS,MIA,10,5,WAS11,parkm001,peree004
2025,HOU202509040,2025-09-04,0,HOU,NYA,4,8,HOU03,javic001,rodoc001
2025,KCA202509040,2025-09-04,0,KCA,ANA,4,3,KAN06,camen001,hendk001
2025,MIL202509040,2025-09-04,0,MIL,PHI,0,2,MIL06,peraf001,suarr001
2025,MIN202509040,2025-09-04,0,MIN,CHA,8,11,MIN04,bradt002,ellaf001
2025,PIT202509040,2025-09-04,0,PIT,LAN,5,3,PIT08,skenp001,snelb001
2025,TBA202509040,2025-09-04,0,TBA,CLE,4,2,TAM02,pepir001,allel003
2025,ANA202509050,2025-09-05,0,ANA,ATH,4,10,ANA01,sorij002,barnm002
2025,ARI202509050,2025-09-05,0,ARI,BOS,10,5,PHO01,rodre004,tollp001
2025,ATL202509050,2025-09-05,0,ATL,SEA,4,1,ATL03,salec001,gilbl002
2025,BAL202509050,2025-09-05,0,BAL,LAN,2,1,BAL12,kremd001,ohtas001
2025,CHN202509050,2025-09-05,0,CHN,WAS,11,5,CHI11,assaj001,irvij001
2025,CIN202509050,2025-09-05,0,CIN,NYN,4,5,CIN09,abboa001,peted003
2025,COL202509050,2025-09-05,0,COL,SDN,3,0,DEN02,freek001,piven001
2025,DET202509050,2025-09-05,0,DET,CHA,5,7,DET05,flahj002,smits003
2025,KCA202509050,2025-09-05,0,KCA,MIN,2,1,KAN06,wachm001,lopep002
2025,MIA202509050,2025-09-05,0,MIA,PHI,3,9,MIA02,bellv001,sancc002
2025,NYA202509050,2025-09-05,0,NYA,TOR,1,7,NYC21,schlc001,gausk001
2025,PIT202509050,2025-09-05,0,PIT,MIL,2,5,PIT08,oviej001,prieq001
2025,SLN202509050,2025-09-05,0,SLN,SFN,2,8,STL10,mcgrm001,seymc001
2025,TBA202509050,2025-09-05,0,TBA,CLE,1,7,TAM02,jax-g001,willg004
2025,TEX202509050,2025-09-05,0,TEX,HOU,4,3,ARL03,kellm002,gordc001
2025,ANA202509060,2025-09-06,0,ANA,ATH,4,17,ANA01,kikuy001,ginnj001
2025,ARI202509060,2025-09-06,0,ARI,BOS,5,1,PHO01,pfaab001,gioll001
2025,ATL202509060,2025-09-06,0,ATL,SEA,2,10,ATL03,waldh001,millb004
2025,BAL202509060,2025-09-06,0,BAL,LAN,4,3,BAL12,roget003,yamay001
2025,CHN202509060,2025-09-06,0,CHN,WAS,1,2,CHI11,boydm001,lordb001
2025,CIN202509060,2025-09-06,0,CIN,NYN,6,3,CIN09,singb001,tongj001
2025,COL202509060,2025-09-06,0,COL,SDN,8,10,DEN02,browm007,vasqr001
2025,DET202509060,2025-09-06,0,DET,CHA,6,0,DET05,skubt001,perem004
2025,KCA202509060,2025-09-06,0,KCA,MIN,11,2,KAN06,koles001,ryanj002
2025,MIA202509060,2025-09-06,0,MIA,PHI,2,4,MIA02,alcas001,luzaj001
2025,NYA202509060,2025-09-06,0,NYA,TOR,3,1,NYC21,gil-l001,bassc001
2025,PIT202509060,2025-09-06,0,PIT,MIL,1,4,PIT08,kellm003,woodb005
2025,SLN202509060,2025-09-06,0,SLN,SFN,3,2,STL10,palla001,verlj001
2025,TBA202509060,2025-09-06,0,TBA,CLE,2,3,TAM02,baz-s001,bibet001
2025,TEX202509060,2025-09-06,0,TEX,HOU,0,11,ARL03,degrj001,browh001
2025,ANA202509070,2025-09-07,0,ANA,ATH,4,3,ANA01,farrm001,sevel001
2025,ARI202509070,2025-09-07,0,ARI,BOS,4,7,PHO01,nelsr003,bellb002
2025,ATL202509070,2025-09-07,0,ATL,SEA,2,18,ATL03,wentj001,castl003
2025,BAL202509070,2025-09-07,0,BAL,LAN,2,5,BAL12,sugat001,kersc001
2025,CHN202509070,2025-09-07,0,CHN,WAS,3,6,CHI11,pomed001,alvaa003
2025,CIN202509070,2025-09-07,0,CIN,NYN,3,2,CIN09,greeh001,sprob001
2025,COL202509070,2025-09-07,0,COL,SDN,1,8,DEN02,gordt002,ceasd001
2025,DET202509070,2025-09-07,0,DET,CHA,4,6,DET05,mortc002,martd006
2025,KCA202509070,2025-09-07,0,KCA,MIN,1,5,KAN06,lorem002,oberb002
2025,MIA202509070,2025-09-07,0,MIA,PHI,5,4,MIA02,philt002,walkt004
2025,NYA202509070,2025-09-07,0,NYA,TOR,4,3,NYC21,friem001,schem001
2025,PIT202509070,2025-09-07,0,PIT,MIL,2,10,PIT08,chanb001,misij001
2025,SLN202509070,2025-09-07,0,SLN,SFN,4,3,STL10,grays001,tengk001
2025,TBA202509070,2025-09-07,0,TBA,CLE,1,2,TAM02,rasmd002,messp001
2025,TEX202509070,2025-09-07,0,TEX,HOU,4,2,ARL03,corbp001,valdf001
2025,ANA202509080,2025-09-08,0,ANA,MIN,3,12,ANA01,danac001,woods002
2025,ATH202509080,2025-09-08,0,ATH,BOS,0,7,SAC01,moral001,crocg001
2025,ATL202509080,2025-09-08,0,ATL,CHN,4,1,ATL03,eldeb001,imans001
2025,CLE202509080,2025-09-08,0,CLE,KCA,10,2,CLE08,ceccs001,bergr001
2025,LAN202509080,2025-09-08,0,LAN,COL,3,1,LOS03,glast001,dollc001
2025,MIA202509080,2025-09-08,0,MIA,WAS,7,15,MIA02,junkj001,cavac001
2025,PHI202509080,2025-09-08,0,PHI,NYN,1,0,PHI13,nolaa001,mclen001
2025,SDN202509080,2025-09-08,0,SDN,CIN,4,3,SAN02,darvy001,lodon001
2025,SEA202509080,2025-09-08,0,SEA,SLN,4,2,SEA03,woo-b001,mikom001
2025,SFN202509080,2025-09-08,0,SFN,ARI,11,5,SFO03,webbl001,crisn001
2025,TEX202509080,2025-09-08,0,TEX,MIL,5,0,ARL03,latzj001,quinj001
2025,ANA202509090,2025-09-09,0,ANA,MIN,12,2,ANA01,hendk001,mattz001
2025,ATH202509090,2025-09-09,0,ATH,BOS,0,6,SAC01,sprij001,earlc001
2025,ATL202509090,2025-09-09,0,ATL,CHN,1,6,ATL03,stris002,hortc001
2025,BAL202509090,2025-09-09,0,BAL,PIT,3,2,BAL12,bradk001,burrm001
2025,CHA202509090,2025-09-09,0,CHA,TBA,4,5,CHI12,gomey002,housa001
2025,CLE202509090,2025-09-09,0,CLE,KCA,2,0,CLE08,cantj002,camen001
2025,LAN202509090,2025-09-09,0,LAN,COL,7,2,LOS03,sheee001,marqg001
2025,MIA202509090,2025-09-09,0,MIA,WAS,5,7,MIA02,mazua001,parkm001
2025,NYA202509090,2025-09-09,0,NYA,DET,2,12,NYC21,warrw001,mizec001
2025,PHI202509090,2025-09-09,0,PHI,NYN,9,3,PHI13,suarr001,manas001
2025,SDN202509090,2025-09-09,0,SDN,CIN,2,4,SAN02,kingm002,littz001
2025,SEA202509090,2025-09-09,0,SEA,SLN,5,3,SEA03,kirbg001,libem001
2025,SFN202509090,2025-09-09,0,SFN,ARI,5,3,SFO03,ray-r002,gallz001
2025,TEX202509090,2025-09-09,0,TEX,MIL,5,4,ARL03,leitj001,patrc001
2025,TOR202509090,2025-09-09,0,TOR,HOU,4,3,TOR02,biebs001,garcl007
2025,ANA202509100,2025-09-10,0,ANA,MIN,4,3,ANA01,urenj001,bradt002
2025,ATH202509100,2025-09-10,0,ATH,BOS,5,4,SAC01,barnm002,tollp001
2025,ATL202509100,2025-09-10,0,ATL,CHN,2,3,ATL03,salec001,tailj001
2025,BAL202509100,2025-09-10,0,BAL,PIT,2,1,BAL12,wellt003,skenp001
2025,CHA202509100,2025-09-10,0,CHA,TBA,6,5,CHI12,burks001,jax-g001
2025,CLE202509100,2025-09-10,0,CLE,KCA,3,4,CLE08,allel003,bowlj001
2025,LAN202509100,2025-09-10,0,LAN,COL,9,0,LOS03,snelb001,freek001
2025,MIA202509100,2025-09-10,0,MIA,WAS,8,3,MIA02,peree004,irvij001
2025,NYA202509100,2025-09-10,0,NYA,DET,1,11,NYC21,rodoc001,flahj002
2025,PHI202509100,2025-09-10,0,PHI,NYN,11,3,PHI13,sancc002,holmc001
2025,SDN202509100,2025-09-10,0,SDN,CIN,1,2,SAN02,piven001,abboa001
2025,SEA202509100,2025-09-10,0,SEA,SLN,4,2,SEA03,gilbl002,mcgrm001
2025,SFN202509100,2025-09-10,0,SFN,ARI,3,5,SFO03,seymc001,rodre004
2025,TEX202509100,2025-09-10,0,TEX,MIL,6,3,ARL03,kellm002,peraf001
2025,TOR202509100,2025-09-10,0,TOR,HOU,2,3,TOR02,berrj001,alexj001
2025,BAL202509110,2025-09-11,0,BAL,PIT,3,2,BAL12,povic001,oviej001
2025,CHA202509110,2025-09-11,0,CHA,TBA,5,1,CHI12,smits003,seymi001
2025,CLE202509110,2025-09-11,0,CLE,KCA,3,2,CLE08,willg004,koles001
2025,MIA202509110,2025-09-11,0,MIA,WAS,5,0,MIA02,weatr001,gorem001
2025,NYA202509110,2025-09-11,0,NYA,DET,9,3,NYC21,schlc001,holtt002
2025,PHI202509110,2025-09-11,0,PHI,NYN,6,4,PHI13,luzaj001,peted003
2025,SDN202509110,2025-09-11,0,SDN,COL,2,0,SAN02,vasqr001,browm007
2025,SEA202509110,2025-09-11,0,SEA,ANA,7,6,SEA03,millb004,sorij002
2025,TOR202509110,2025-09-11,0,TOR,HOU,6,0,TOR02,gausk001,javic001
2025,ATH202509120,2025-09-12,0,ATH,CIN,3,0,SAC01,ginnj001,singb001
2025,ATL202509120,2025-09-12,0,ATL,HOU,3,11,ATL03,waldh001,murrj001
2025,BOS202509120,2025-09-12,0,BOS,NYA,1,4,BOS07,gioll001,gil-l001
2025,CHN202509120,2025-09-12,0,CHN,TBA,6,4,CHI11,boydm001,baz-s001
2025,CLE202509120,2025-09-12,0,CLE,CHA,4,0,CLE08,bibet001,perem004
2025,MIA202509120,2025-09-12,0,MIA,DET,8,2,MIA02,alcas001,skubt001
2025,MIL202509120,2025-09-12,0,MIL,SLN,8,2,MIL06,prieq001,palla001
2025,MIN202509120,2025-09-12,0,MIN,ARI,9,8,MIN04,lopep002,pfaab001
2025,NYN202509120,2025-09-12,0,NYN,TEX,3,8,NYC20,tongj001,degrj001
2025,PHI202509120,2025-09-12,0,PHI,KCA,8,2,PHI13,buehw001,lorem002
2025,SDN202509120,2025-09-12,0,SDN,COL,2,4,SAN02,searj001,gordt002
2025,SEA202509120,2025-09-12,0,SEA,ANA,2,1,SEA03,castl003,kikuy001
2025,SFN202509120,2025-09-12,0,SFN,LAN,5,1,SFO03,verlj001,yamay001
2025,TOR202509120,2025-09-12,0,TOR,BAL,6,1,TOR02,bassc001,roget003
2025,WAS202509120,2025-09-12,0,WAS,PIT,6,5,WAS11,lordb001,kellm003
2025,ATH202509130,2025-09-13,0,ATH,CIN,11,5,SAC01,sevel001,greeh001
2025,ATL202509130,2025-09-13,0,ATL,HOU,2,6,ATL03,eldeb001,browh001
2025,BOS202509130,2025-09-13,0,BOS,NYA,3,5,BOS07,bellb002,friem001
2025,CHN202509130,2025-09-13,0,CHN,TBA,4,5,CHI11,rea-c001,rasmd002
2025,CLE202509130,2025-09-13,0,CLE,CHA,3,1,CLE08,messp001,martd006
2025,MIA202509130,2025-09-13,0,MIA,DET,6,4,MIA02,junkj001,mortc002
2025,MIL202509130,2025-09-13,0,MIL,SLN,9,8,MIL06,misij001,grays001
2025,MIN202509130,2025-09-13,0,MIN,ARI,2,5,MIN04,ryanj002,nelsr003
2025,NYN202509130,2025-09-13,0,NYN,TEX,2,3,NYC20,sprob001,corbp001
2025,PHI202509130,2025-09-13,0,PHI,KCA,8,6,PHI13,walkt004,bergr001
2025,SDN202509130,2025-09-13,0,SDN,COL,11,3,SAN02,ceasd001,blalb001
2025,SEA202509130,2025-09-13,0,SEA,ANA,5,3,SEA03,woo-b001,farrm001
2025,SFN202509130,2025-09-13,0,SFN,LAN,7,13,SFO03,webbl001,kersc001
2025,TOR202509130,2025-09-13,0,TOR,BAL,5,4,TOR02,schem001,sugat001
2025,WAS202509130,2025-09-13,0,WAS,PIT,1,5,WAS11,alvaa003,chanb001
2025,ATH202509140,2025-09-14,0,ATH,CIN,7,4,SAC01,moral001,lodon001
2025,ATL202509140,2025-09-14,0,ATL,HOU,8,3,ATL03,wentj001,valdf001
2025,BOS202509140,2025-09-14,0,BOS,NYA,6,4,BOS07,crocg001,warrw001
2025,CHN202509140,2025-09-14,0,CHN,TBA,4,3,CHI11,imans001,housa001
2025,CLE202509140,2025-09-14,0,CLE,CHA,3,2,CLE08,ceccs001,gomey002
2025,MIA202509140,2025-09-14,0,MIA,DET,0,2,MIA02,mazua001,montk001
2025,MIL202509140,2025-09-14,0,MIL,SLN,2,3,MIL06,quinj001,mikom001
2025,MIN202509140,2025-09-14,0,MIN,ARI,4,6,MIN04,oberb002,crisn001
2025,NYN202509140,2025-09-14,0,NYN,TEX,5,2,NYC20,mclen001,latzj001
2025,PHI202509140,2025-09-14,0,PHI,KCA,3,10,PHI13,nolaa001,camen001
2025,SDN202509140,2025-09-14,0,SDN,COL,9,6,SAN02,darvy001,marqg001
2025,SEA202509140,2025-09-14,0,SEA,ANA,11,2,SEA03,kirbg001,hendk001
2025,SFN202509140,2025-09-14,0,SFN,LAN,2,10,SFO03,ray-r002,glast001
2025,TOR202509140,2025-09-14,0,TOR,BAL,11,2,TOR02,biebs001,suara001
2025,WAS202509140,2025-09-14,0,WAS,PIT,4,3,WAS11,cavac001,burrm001
2025,ARI202509150,2025-09-15,0,ARI,SFN,8,1,PHO01,gallz001,tengk001
2025,CHA202509150,2025-09-15,0,CHA,BAL,1,4,CHI12,gilbt001,bradk001
2025,HOU202509150,2025-09-15,0,HOU,TEX,6,3,HOU03,alexj001,leitj001
2025,LAN202509150,2025-09-15,0,LAN,PHI,5,6,LOS03,banda001,suarr001
2025,MIN202509150,2025-09-15,0,MIN,NYA,7,0,MIN04,woods002,rodoc001
2025,PIT202509150,2025-09-15,0,PIT,CHN,0,4,PIT08,ashcb001,tailj001
2025,SLN202509150,2025-09-15,0,SLN,CIN,6,11,STL10,libem001,littz001
2025,TBA202509150,2025-09-15,0,TBA,TOR,1,2,TAM02,boylj001,yesat001
2025,WAS202509150,2025-09-15,0,WAS,ATL,3,11,WAS11,parkm001,stris002
2025,ARI202509160,2025-09-16,0,ARI,SFN,6,5,PHO01,rodre004,beckt002
2025,BOS202509160,2025-09-16,0,BOS,ATH,1,2,BOS07,earlc001,sprij001
2025,CHA202509160,2025-09-16,0,CHA,BAL,7,8,CHI12,smits003,kremd001
2025,COL202509160,2025-09-16,0,COL,MIA,5,6,DEN02,freek001,peree004
2025,DET202509160,2025-09-16,0,DET,CLE,5,7,DET05,mizec001,cantj002
2025,HOU202509160,2025-09-16,0,HOU,TEX,6,5,HOU03,bluba001,kellm002
2025,KCA202509160,2025-09-16,0,KCA,SEA,5,12,KAN06,wachm001,gilbl002
2025,LAN202509160,2025-09-16,0,LAN,PHI,6,9,LOS03,ohtas001,sancc002
2025,MIL202509160,2025-09-16,0,MIL,ANA,9,2,MIL06,peraf001,danac001
2025,MIN202509160,2025-09-16,0,MIN,NYA,9,10,MIN04,mattz001,schlc001
2025,NYN202509160,2025-09-16,0,NYN,SDN,8,3,NYC20,holmc001,kingm002
2025,PIT202509160,2025-09-16,0,PIT,CHN,1,4,PIT08,skenp001,hortc001
2025,SLN202509160,2025-09-16,0,SLN,CIN,3,0,STL10,mcgrm001,abboa001
2025,TBA202509160,2025-09-16,0,TBA,TOR,5,6,TAM02,pepir001,berrj001
2025,WAS202509161,2025-09-16,1,WAS,ATL,3,6,WAS11,irvij001,suarj001
2025,WAS202509162,2025-09-16,2,WAS,ATL,0,5,WAS11,gorem001,salec001
2025,ARI202509170,2025-09-17,0,ARI,SFN,1,5,PHO01,pfaab001,verlj001
2025,BOS202509170,2025-09-17,0,BOS,ATH,5,4,BOS07,gioll001,barnm002
2025,CHA202509170,2025-09-17,0,CHA,BAL,1,3,CHI12,perem004,wellt003
2025,COL202509170,2025-09-17,0,COL,MIA,4,8,DEN02,browm007,weatr001
2025,DET202509170,2025-09-17,0,DET,CLE,0,4,DET05,flahj002,willg004
2025,HOU202509170,2025-09-17,0,HOU,TEX,5,2,HOU03,javic001,degrj001
2025,KCA202509170,2025-09-17,0,KCA,SEA,7,5,KAN06,ragac001,millb004
2025,LAN202509170,2025-09-17,0,LAN,PHI,5,0,LOS03,snelb001,luzaj001
2025,MIL202509170,2025-09-17,0,MIL,ANA,9,2,MIL06,woodb005,sorij002
2025,MIN202509170,2025-09-17,0,MIN,NYA,5,10,MIN04,bradt002,gil-l001
2025,NYN202509170,2025-09-17,0,NYN,SDN,4,7,NYC20,peted003,piven001
2025,PIT202509170,2025-09-17,0,PIT,CHN,4,8,PIT08,oviej001,boydm001
2025,SLN202509170,2025-09-17,0,SLN,CIN,2,6,STL10,palla001,singb001
2025,TBA202509170,2025-09-17,0,TBA,TOR,2,1,TAM02,seymi001,gausk001
2025,WAS202509170,2025-09-17,0,WAS,ATL,4,9,WAS11,lordb001,waldh001
2025,BAL202509180,2025-09-18,0,BAL,NYA,0,7,BAL12,povic001,friem001
2025,BOS202509180,2025-09-18,0,BOS,ATH,3,5,BOS07,bellb002,ginnj001
2025,CIN202509180,2025-09-18,0,CIN,CHN,1,0,CIN09,greeh001,rea-c001
2025,COL202509180,2025-09-18,0,COL,MIA,7,9,DEN02,gordt002,alcas001
2025,DET202509180,2025-09-18,0,DET,CLE,1,3,DET05,skubt001,bibet001
2025,KCA202509180,2025-09-18,0,KCA,SEA,0,2,KAN06,koles001,castl003
2025,LAN202509180,2025-09-18,0,LAN,SFN,2,1,LOS03,yamay001,webbl001
2025,MIL202509180,2025-09-18,0,MIL,ANA,5,2,MIL06,prieq001,kikuy001
2025,NYN202509180,2025-09-18,0,NYN,SDN,6,1,NYC20,tongj001,vasqr001
2025,TBA202509180,2025-09-18,0,TBA,TOR,4,0,TAM02,baz-s001,bassc001
2025,ARI202509190,2025-09-19,0,ARI,PHI,2,8,PHO01,nelsr003,walkt004
2025,BAL202509190,2025-09-19,0,BAL,NYA,4,2,BAL12,roget003,warrw001
2025,CHA202509190,2025-09-19,0,CHA,SDN,4,3,CHI12,martd006,ceasd001
2025,CIN202509190,2025-09-19,0,CIN,CHN,7,4,CIN09,lodon001,imans001
2025,COL202509190,2025-09-19,0,COL,ANA,7,6,DEN02,blalb001,farrm001
2025,DET202509190,2025-09-19,0,DET,ATL,1,10,DET05,mortc002,eldeb001
2025,HOU202509190,2025-09-19,0,HOU,SEA,0,4,HOU03,browh001,woo-b001
2025,KCA202509190,2025-09-19,0,KCA,TOR,20,1,KAN06,lorem002,schem001
2025,LAN202509190,2025-09-19,0,LAN,SFN,6,3,LOS03,kersc001,ray-r002
2025,MIN202509190,2025-09-19,0,MIN,CLE,2,6,MIN04,lopep002,messp001
2025,NYN202509190,2025-09-19,0,NYN,WAS,12,6,NYC20,sprob001,alvaa003
2025,PIT202509190,2025-09-19,0,PIT,ATH,3,4,PIT08,kellm003,sevel001
2025,SLN202509190,2025-09-19,0,SLN,MIL,7,1,STL10,grays001,misij001
2025,TBA202509190,2025-09-19,0,TBA,BOS,7,11,TAM02,rasmd002,crocg001
2025,TEX202509190,2025-09-19,0,TEX,MIA,4,6,ARL03,mahlt001,junkj001
2025,ARI202509200,2025-09-20,0,ARI,PHI,4,3,PHO01,gallz001,nolaa001
2025,BAL202509200,2025-09-20,0,BAL,NYA,1,6,BAL12,sugat001,rodoc001
2025,CHA202509200,2025-09-20,0,CHA,SDN,3,7,CHI12,gomey002,darvy001
2025,CIN202509200,2025-09-20,0,CIN,CHN,6,3,CIN09,littz001,assaj001
2025,COL202509200,2025-09-20,0,COL,ANA,0,3,DEN02,marqg001,hendk001
2025,DET202509200,2025-09-20,0,DET,ATL,5,6,DET05,montk001,wentj001
2025,HOU202509200,2025-09-20,0,HOU,SEA,4,6,HOU03,valdf001,kirbg001
2025,KCA202509200,2025-09-20,0,KCA,TOR,2,1,KAN06,camen001,biebs001
2025,LAN202509200,2025-09-20,0,LAN,SFN,7,5,LOS03,glast001,tengk001
2025,MIN202509201,2025-09-20,1,MIN,CLE,0,6,MIN04,ryanj002,ceccs001
2025,MIN202509202,2025-09-20,2,MIN,CLE,0,8,MIN04,oberb002,allel003
2025,NYN202509200,2025-09-20,0,NYN,WAS,3,5,NYC20,mclen001,cavac001
2025,PIT202509200,2025-09-20,0,PIT,ATH,2,0,PIT08,chanb001,moral001
2025,SLN202509200,2025-09-20,0,SLN,MIL,2,3,STL10,mikom001,patrc001
2025,TBA202509200,2025-09-20,0,TBA,BOS,3,6,TAM02,housa001,harrk001
2025,TEX202509200,2025-09-20,0,TEX,MIA,3,4,ARL03,leitj001,mazua001
2025,ARI202509210,2025-09-21,0,ARI,PHI,9,2,PHO01,rodre004,suarr001
2025,BAL202509210,2025-09-21,0,BAL,NYA,1,7,BAL12,bradk001,schlc001
2025,CHA202509210,2025-09-21,0,CHA,SDN,2,3,CHI12,burks001,kingm002
2025,CIN202509210,2025-09-21,0,CIN,CHN,1,0,CIN09,abboa001,tailj001
2025,COL202509210,2025-09-21,0,COL,ANA,3,1,DEN02,freek001,danac001
2025,DET202509210,2025-09-21,0,DET,ATL,2,6,DET05,mizec001,stris002
2025,HOU202509210,2025-09-21,0,HOU,SEA,3,7,HOU03,alexj001,gilbl002
2025,KCA202509210,2025-09-21,0,KCA,TOR,5,8,KAN06,wachm001,yesat001
2025,LAN202509210,2025-09-21,0,LAN,SFN,1,3,LOS03,sheee001,mcdot001
2025,MIN202509210,2025-09-21,0,MIN,CLE,6,2,MIN04,woods002,cantj002
2025,NYN202509210,2025-09-21,0,NYN,WAS,2,3,NYC20,manas001,irvij001
2025,PIT202509210,2025-09-21,0,PIT,ATH,11,0,PIT08,burrm001,spenm001
2025,SLN202509210,2025-09-21,0,SLN,MIL,5,1,STL10,libem001,gassr001
2025,TBA202509210,2025-09-21,0,TBA,BOS,7,3,TAM02,boylj001,earlc001
2025,TEX202509210,2025-09-21,0,TEX,MIA,2,4,ARL03,kellm002,peree004
2025,ATL202509220,2025-09-22,0,ATL,WAS,11,5,ATL03,salec001,gorem001
2025,SDN202509220,2025-09-22,0,SDN,MIL,5,4,SAN02,piven001,peraf001
2025,SFN202509220,2025-09-22,0,SFN,SLN,5,6,SFO03,verlj001,mcgrm001
2025,ANA202509230,2025-09-23,0,ANA,KCA,4,8,ANA01,aldes001,ragac001
2025,ARI202509230,2025-09-23,0,ARI,LAN,5,4,PHO01,pfaab001,ohtas001
2025,ATH202509230,2025-09-23,0,ATH,HOU,5,1,SAC01,sprij001,javic001
2025,ATL202509230,2025-09-23,0,ATL,WAS,3,2,ATL03,waldh001,lordb001
2025,BAL202509230,2025-09-23,0,BAL,TBA,6,0,BAL12,kremd001,pepir001
2025,CHN202509230,2025-09-23,0,CHN,NYN,7,9,CHI11,hortc001,peted003
2025,CIN202509230,2025-09-23,0,CIN,PIT,2,4,CIN09,singb001,oviej001
2025,CLE202509230,2025-09-23,0,CLE,DET,5,2,CLE08,willg004,skubt001
2025,NYA202509230,2025-09-23,0,NYA,CHA,3,2,NYC21,gil-l001,smits003
2025,PHI202509230,2025-09-23,0,PHI,MIA,5,6,PHI13,sancc002,cabre003
2025,SDN202509230,2025-09-23,0,SDN,MIL,7,0,SAN02,vasqr001,zimmb002
2025,SEA202509230,2025-09-23,0,SEA,COL,4,3,SEA03,millb004,browm007
2025,SFN202509230,2025-09-23,0,SFN,SLN,8,9,SFO03,webbl001,palla001
2025,TEX202509230,2025-09-23,0,TEX,MIN,1,4,ARL03,corbp001,mattz001
2025,TOR202509230,2025-09-23,0,TOR,BOS,1,4,TOR02,gausk001,gioll001
2025,ANA202509240,2025-09-24,0,ANA,KCA,3,2,ANA01,kikuy001,koles001
2025,ARI202509240,2025-09-24,0,ARI,LAN,4,5,PHO01,nelsr003,snelb001
2025,ATH202509240,2025-09-24,0,ATH,HOU,6,0,SAC01,sevel001,browh001
2025,ATL202509240,2025-09-24,0,ATL,WAS,3,4,ATL03,eldeb001,alvaa003
2025,BAL202509240,2025-09-24,0,BAL,TBA,2,6,BAL12,wellt003,baz-s001
2025,CHN202509240,2025-09-24,0,CHN,NYN,10,3,CHI11,boydm001,tongj001
2025,CIN202509240,2025-09-24,0,CIN,PIT,3,4,CIN09,greeh001,skenp001
2025,CLE202509240,2025-09-24,0,CLE,DET,5,1,CLE08,bibet001,flahj002
2025,NYA202509240,2025-09-24,0,NYA,CHA,8,1,NYC21,friem001,ellaf001
2025,PHI202509240,2025-09-24,0,PHI,MIA,11,1,PHI13,luzaj001,weatr001
2025,SDN202509240,2025-09-24,0,SDN,MIL,1,3,SAN02,ceasd001,patrc001
2025,SEA202509240,2025-09-24,0,SEA,COL,9,2,SEA03,castl003,gordt002
2025,SFN202509240,2025-09-24,0,SFN,SLN,4,3,SFO03,brubj001,grays001
2025,TEX202509240,2025-09-24,0,TEX,MIN,4,2,ARL03,degrj001,bradt002
2025,TOR202509240,2025-09-24,0,TOR,BOS,1,7,TOR02,schem001,crocg001
2025,ANA202509250,2025-09-25,0,ANA,KCA,4,9,ANA01,farrm001,lorem002
2025,ARI202509250,2025-09-25,0,ARI,LAN,0,8,PHO01,beekj001,yamay001
2025,ATH202509250,2025-09-25,0,ATH,HOU,5,11,SAC01,ginnj001,valdf001
2025,BAL202509250,2025-09-25,0,BAL,TBA,6,5,BAL12,povic001,rasmd002
2025,CHN202509250,2025-09-25,0,CHN,NYN,5,8,CHI11,imans001,mclen001
2025,CIN202509250,2025-09-25,0,CIN,PIT,2,1,CIN09,lodon001,ashcb001
2025,CLE202509250,2025-09-25,0,CLE,DET,2,4,CLE08,messp001,meltt001
2025,NYA202509250,2025-09-25,0,NYA,CHA,5,3,NYC21,rodoc001,martd006
2025,PHI202509250,2025-09-25,0,PHI,MIA,1,0,PHI13,buehw001,junkj001
2025,SEA202509250,2025-09-25,0,SEA,COL,6,2,SEA03,hance001,blalb001
2025,TEX202509250,2025-09-25,0,TEX,MIN,0,4,ARL03,mahlt001,oberb002
2025,TOR202509250,2025-09-25,0,TOR,BOS,6,1,TOR02,varll001,bellb002
2025,ANA202509260,2025-09-26,0,ANA,HOU,4,3,ANA01,hendk001,alexj001
2025,ATH202509260,2025-09-26,0,ATH,KCA,4,3,SAC01,barnm002,camen001
2025,ATL202509260,2025-09-26,0,ATL,PIT,3,9,ATL03,wentj001,kellm003
2025,BOS202509260,2025-09-26,0,BOS,DET,4,3,BOS07,harrk001,mizec001
2025,CHN202509260,2025-09-26,0,CHN,SLN,12,1,CHI11,rea-c001,mikom001
2025,CLE202509260,2025-09-26,0,CLE,TEX,3,7,CLE08,ceccs001,leitj001
2025,MIA202509260,2025-09-26,0,MIA,NYN,6,2,MIA02,alcas001,sprob001
2025,MIL202509260,2025-09-26,0,MIL,CIN,1,3,MIL06,prieq001,littz001
2025,NYA202509260,2025-09-26,0,NYA,BAL,8,4,NYC21,warrw001,roget003
2025,PHI202509260,2025-09-26,0,PHI,MIN,3,1,PHI13,nolaa001,ryanj002
2025,SDN202509260,2025-09-26,0,SDN,ARI,7,4,SAN02,darvy001,gallz001
2025,SEA202509260,2025-09-26,0,SEA,LAN,2,3,SEA03,kirbg001,sheee001
2025,SFN202509260,2025-09-26,0,SFN,COL,6,3,SFO03,mcdot001,marqg001
2025,TOR202509260,2025-09-26,0,TOR,TBA,4,2,TOR02,biebs001,housa001
2025,WAS202509260,2025-09-26,0,WAS,CHA,9,10,WAS11,cavac001,gomey002
2025,ANA202509270,2025-09-27,0,ANA,HOU,1,6,ANA01,danac001,bluba001
2025,ATH202509270,2025-09-27,0,ATH,KCA,2,4,SAC01,moral001,wachm001
2025,ATL202509270,2025-09-27,0,ATL,PIT,1,3,ATL03,stris002,chanb001
2025,BOS202509270,2025-09-27,0,BOS,DET,1,2,BOS07,earlc001,montk001
2025,CHN202509270,2025-09-27,0,CHN,SLN,7,3,CHI11,tailj001,mcgrm001
2025,CLE202509270,2025-09-27,0,CLE,TEX,3,2,CLE08,cantj002,latzj001
2025,MIA202509270,2025-09-27,0,MIA,NYN,0,5,MIA02,peree004,holmc001
2025,MIL202509270,2025-09-27,0,MIL,CIN,4,7,MIL06,gassr001,abboa001
2025,NYA202509270,2025-09-27,0,NYA,BAL,6,1,NYC21,schlc001,sugat001
2025,PHI202509270,2025-09-27,0,PHI,MIN,0,5,PHI13,suarr001,abelm001
2025,SDN202509270,2025-09-27,0,SDN,ARI,5,1,SAN02,kingm002,rodre004
2025,SEA202509270,2025-09-27,0,SEA,LAN,3,5,SEA03,gilbl002,glast001
2025,SFN202509270,2025-09-27,0,SFN,COL,4,3,SFO03,verlj001,freek001
2025,TOR202509270,2025-09-27,0,TOR,TBA,5,1,TOR02,yesat001,boylj001
2025,WAS202509270,2025-09-27,0,WAS,CHA,6,5,WAS11,irvij001,gilbt001
2025,ANA202509280,2025-09-28,0,ANA,HOU,2,6,ANA01,aldes001,mccul002
2025,ATH202509280,2025-09-28,0,ATH,KCA,2,9,SAC01,bassb002,ragac001
2025,ATL202509280,2025-09-28,0,ATL,PIT,4,1,ATL03,mortc002,oviej001
2025,BOS202509280,2025-09-28,0,BOS,DET,4,3,BOS07,delej003,paddc001
2025,CHN202509280,2025-09-28,0,CHN,SLN,2,0,CHI11,assaj001,leahk001
2025,CLE202509280,2025-09-28,0,CLE,TEX,9,8,CLE08,allel003,corbp001
2025,MIA202509280,2025-09-28,0,MIA,NYN,4,0,MIA02,cabre003,manas001
2025,MIL202509280,2025-09-28,0,MIL,CIN,4,2,MIL06,peraf001,singb001
2025,NYA202509280,2025-09-28,0,NYA,BAL,3,2,NYC21,gil-l001,bradk001
2025,PHI202509280,2025-09-28,0,PHI,MIN,2,1,PHI13,sancc002,woods002
2025,SDN202509280,2025-09-28,0,SDN,ARI,12,4,SAN02,searj001,pfaab001
2025,SEA202509280,2025-09-28,0,SEA,LAN,1,6,SEA03,millb004,kersc001
2025,SFN202509280,2025-09-28,0,SFN,COL,4,0,SFO03,webbl001,browm007
2025,TOR202509280,2025-09-28,0,TOR,TBA,13,4,TOR02,gausk001,seymi001
2025,WAS202509280,2025-09-28,0,WAS,CHA,0,8,WAS11,lordb001,smits003
