season,game_key,date,game_number,home_team,away_team,home_score,away_score,park,home_sp,away_sp
2026,SFN202603250,2026-03-25,0,SFN,NYA,0.0,7.0,SFO03,webbl001,friem001
2026,BAL202603260,2026-03-26,0,BAL,MIN,2.0,1.0,BAL12,roget003,ryanj002
2026,CHN202603260,2026-03-26,0,CHN,WAS,4.0,10.0,CHI11,boydm001,cavac001
2026,CIN202603260,2026-03-26,0,CIN,BOS,0.0,3.0,CIN09,abboa001,crocg001
2026,HOU202603260,2026-03-26,0,HOU,ANA,0.0,3.0,HOU03,browh001,sorij002
2026,LAN202603260,2026-03-26,0,LAN,ARI,8.0,2.0,LOS03,yamay001,gallz001
2026,MIL202603260,2026-03-26,0,MIL,CHA,14.0,2.0,MIL06,misij001,smits003
2026,NYN202603260,2026-03-26,0,NYN,PIT,11.0,7.0,NYC20,peraf001,skenp001
2026,PHI202603260,2026-03-26,0,PHI,TEX,5.0,3.0,PHI13,sancc002,eovan001
2026,SDN202603260,2026-03-26,0,SDN,DET,2.0,8.0,SAN02,piven001,skubt001
2026,SEA202603260,2026-03-26,0,SEA,CLE,4.0,6.0,SEA03,gilbl002,bibet001
2026,SLN202603260,2026-03-26,0,SLN,TBA,9.0,7.0,STL10,libem001,rasmd002
2026,ATL202603270,2026-03-27,0,ATL,KCA,6.0,0.0,ATL03,salec001,ragac001
2026,HOU202603270,2026-03-27,0,HOU,ANA,2.0,6.0,HOU03,burrm001,kikuy001
2026,LAN202603270,2026-03-27,0,LAN,ARI,5.0,4.0,LOS03,sheee001,nelsr003
2026,MIA202603270,2026-03-27,0,MIA,COL,2.0,1.0,MIA02,alcas001,freek001
2026,SDN202603270,2026-03-27,0,SDN,DET,2.0,5.0,SAN02,kingm002,valdf001
2026,SEA202603270,2026-03-27,0,SEA,CLE,5.0,1.0,SEA03,kirbg001,willg004
2026,SFN202603270,2026-03-27,0,SFN,NYA,0.0,3.0,SFO03,ray-r002,schlc001
2026,TOR202603270,2026-03-27,0,TOR,ATH,3.0,2.0,TOR02,gausk001,sevel001
2026,ATL202603280,2026-03-28,0,ATL,KCA,6.0,2.0,ATL03,loper003,wachm001
2026,BAL202603280,2026-03-28,0,BAL,MIN,1.0,4.0,BAL12,bradk001,bradt002
2026,CHN202603280,2026-03-28,0,CHN,WAS,10.0,2.0,CHI11,hortc001,mikom001
2026,CIN202603280,2026-03-28,0,CIN,BOS,6.0,5.0,CIN09,singb001,grays001
2026,HOU202603280,2026-03-28,0,HOU,ANA,11.0,9.0,HOU03,javic001,detmr001
2026,LAN202603280,2026-03-28,0,LAN,ARI,3.0,2.0,LOS03,glast001,rodre004
2026,MIA202603280,2026-03-28,0,MIA,COL,4.0,3.0,MIA02,peree004,lorem002
2026,MIL202603280,2026-03-28,0,MIL,CHA,6.0,1.0,MIL06,patrc001,burks001
2026,NYN202603280,2026-03-28,0,NYN,PIT,4.0,2.0,NYC20,peted003,kellm003
2026,PHI202603280,2026-03-28,0,PHI,TEX,4.0,5.0,PHI13,nolaa001,latzj001
2026,SDN202603280,2026-03-28,0,SDN,DET,3.0,0.0,SAN02,vasqr001,flahj002
2026,SEA202603280,2026-03-28,0,SEA,CLE,5.0,6.0,SEA03,woo-b001,cantj002
2026,SFN202603280,2026-03-28,0,SFN,NYA,1.0,3.0,SFO03,mahlt001,warrw001
2026,SLN202603280,2026-03-28,0,SLN,TBA,6.0,5.0,STL10,mcgrm001,boylj001
2026,TOR202603280,2026-03-28,0,TOR,ATH,8.0,7.0,TOR02,ceasd001,sprij001
2026,ATL202603290,2026-03-29,0,ATL,KCA,1.0,4.0,ATL03,holmg001,lugos001
2026,BAL202603290,2026-03-29,0,BAL,MIN,8.0,6.0,BAL12,baz-s001,oberb002
2026,CHN202603290,2026-03-29,0,CHN,WAS,3.0,6.0,CHI11,imans001,irvij001
2026,CIN202603290,2026-03-29,0,CIN,BOS,3.0,2.0,CIN09,lowdr001,earlc001
2026,HOU202603290,2026-03-29,0,HOU,ANA,9.0,7.0,HOU03,mlbam837227,kochj001
2026,MIA202603290,2026-03-29,0,MIA,COL,4.0,3.0,MIA02,meyem001,quinj001
2026,MIL202603290,2026-03-29,0,MIL,CHA,9.0,7.0,MIL06,sprob001,kay-a001
2026,NYN202603290,2026-03-29,0,NYN,PIT,3.0,4.0,NYC20,mclen001,mlodc001
2026,PHI202603290,2026-03-29,0,PHI,TEX,3.0,8.0,PHI13,luzaj001,gorem001
2026,SEA202603290,2026-03-29,0,SEA,CLE,8.0,0.0,SEA03,hance001,ceccs001
2026,SLN202603290,2026-03-29,0,SLN,TBA,7.0,11.0,STL10,may-d003,matzs001
2026,TOR202603290,2026-03-29,0,TOR,ATH,5.0,2.0,TOR02,lauee001,moral001
2026,ARI202603300,2026-03-30,0,ARI,DET,9.0,6.0,PHO01,sorom001,verlj001
2026,ATL202603300,2026-03-30,0,ATL,ATH,4.0,0.0,ATL03,eldeb001,lopej007
2026,BAL202603300,2026-03-30,0,BAL,TEX,2.0,5.0,BAL12,bassc001,leitj001
2026,CHN202603300,2026-03-30,0,CHN,ANA,7.0,2.0,CHI11,cabre003,johnr010
2026,CIN202603300,2026-03-30,0,CIN,PIT,2.0,0.0,CIN09,burnc003,ashcb001
2026,HOU202603300,2026-03-30,0,HOU,BOS,8.0,1.0,HOU03,mccul002,suarr001
2026,KCA202603300,2026-03-30,0,KCA,MIN,3.0,1.0,KAN06,bubik001,woods002
2026,LAN202603300,2026-03-30,0,LAN,CLE,2.0,4.0,LOS03,sasar001,messp001
2026,MIA202603300,2026-03-30,0,MIA,CHA,4.0,9.0,MIA02,paddc001,martd006
2026,MIL202603300,2026-03-30,0,MIL,TBA,2.0,3.0,MIL06,harrk001,martn002
2026,PHI202603300,2026-03-30,0,PHI,WAS,2.0,13.0,PHI13,walkt004,griff001
2026,SDN202603300,2026-03-30,0,SDN,SFN,2.0,3.0,SAN02,buehw001,roupl001
2026,SEA202603300,2026-03-30,0,SEA,NYA,2.0,1.0,SEA03,castl003,weatr001
2026,SLN202603300,2026-03-30,0,SLN,NYN,2.0,4.0,STL10,leahk001,holmc001
2026,TOR202603300,2026-03-30,0,TOR,COL,5.0,14.0,TOR02,poncc002,sugat001
2026,ARI202603310,2026-03-31,0,ARI,DET,7.0,5.0,PHO01,pfaab001,mizec001
2026,ATL202603310,2026-03-31,0,ATL,ATH,2.0,5.0,ATL03,suarj001,civaa001
2026,BAL202603310,2026-03-31,0,BAL,TEX,5.0,8.0,BAL12,efliz001,degrj001
2026,CHN202603310,2026-03-31,0,CHN,ANA,0.0,2.0,CHI11,tailj001,sorij002
2026,CIN202603310,2026-03-31,0,CIN,PIT,3.0,8.0,CIN09,willb003,chanb001
2026,HOU202603310,2026-03-31,0,HOU,BOS,9.0,2.0,HOU03,browh001,bellb002
2026,LAN202603310,2026-03-31,0,LAN,CLE,4.0,1.0,LOS03,ohtas001,bibet001
2026,MIA202603310,2026-03-31,0,MIA,CHA,9.0,2.0,MIA02,junkj001,fedde001
2026,MIL202603310,2026-03-31,0,MIL,TBA,6.0,2.0,MIL06,woodb005,mccls003
2026,PHI202603310,2026-03-31,0,PHI,WAS,3.0,2.0,PHI13,mlbam691725,poulp001
2026,SDN202603310,2026-03-31,0,SDN,SFN,3.0,9.0,SAN02,marqg001,webbl001
2026,SEA202603310,2026-03-31,0,SEA,NYA,0.0,5.0,SEA03,gilbl002,friem001
2026,SLN202603310,2026-03-31,0,SLN,NYN,3.0,0.0,STL10,palla001,sengk001
2026,TOR202603310,2026-03-31,0,TOR,COL,5.0,1.0,TOR02,schem001,feltr001
2026,ARI202604010,2026-04-01,0,ARI,DET,1.0,0.0,PHO01,gallz001,skubt001
2026,ATL202604010,2026-04-01,0,ATL,ATH,5.0,1.0,ATL03,salec001,sevel001
2026,BAL202604010,2026-04-01,0,BAL,TEX,8.0,3.0,BAL12,roget003,eovan001
2026,CHN202604010,2026-04-01,0,CHN,ANA,6.0,2.0,CHI11,boydm001,kikuy001
2026,CIN202604010,2026-04-01,0,CIN,PIT,3.0,8.0,CIN09,abboa001,skenp001
2026,HOU202604010,2026-04-01,0,HOU,BOS,6.0,4.0,HOU03,burrm001,crocg001
2026,KCA202604010,2026-04-01,0,KCA,MIN,13.0,9.0,KAN06,camen001,ryanj002
2026,LAN202604010,2026-04-01,0,LAN,CLE,1.0,4.0,LOS03,yamay001,willg004
2026,MIA202604010,2026-04-01,0,MIA,CHA,10.0,0.0,MIA02,alcas001,smits003
2026,MIL202604010,2026-04-01,0,MIL,TBA,8.0,2.0,MIL06,misij001,rasmd002
2026,PHI202604010,2026-04-01,0,PHI,WAS,6.0,5.0,PHI13,sancc002,cavac001
2026,SDN202604010,2026-04-01,0,SDN,SFN,7.0,1.0,SAN02,piven001,housa001
2026,SEA202604010,2026-04-01,0,SEA,NYA,3.0,5.0,SEA03,kirbg001,schlc001
2026,SLN202604010,2026-04-01,0,SLN,NYN,2.0,1.0,STL10,libem001,peraf001
2026,TOR202604010,2026-04-01,0,TOR,COL,1.0,2.0,TOR02,gausk001,freek001
2026,ARI202604020,2026-04-02,0,ARI,ATL,2.0,17.0,PHO01,nelsr003,loper003
2026,CHA202604020,2026-04-02,0,CHA,TOR,,,CHI12,taylg002,ceasd001
2026,KCA202604020,2026-04-02,0,KCA,MIN,1.0,5.0,KAN06,ragac001,bradt002
2026,SFN202604020,2026-04-02,0,SFN,NYN,7.0,2.0,SFO03,ray-r002,peted003
2026,ANA202604030,2026-04-03,0,ANA,SEA,1.0,3.0,ANA01,detmr001,woo-b001
2026,ARI202604030,2026-04-03,0,ARI,ATL,0.0,2.0,PHO01,rodre004,holmg001
2026,ATH202604030,2026-04-03,0,ATH,HOU,11.0,4.0,SAC01,sprij001,javic001
2026,BOS202604030,2026-04-03,0,BOS,SDN,5.0,2.0,BOS07,grays001,kingm002
2026,CHA202604030,2026-04-03,0,CHA,TOR,5.0,4.0,CHI12,taylg002,ceasd001
2026,CLE202604030,2026-04-03,0,CLE,CHN,4.0,1.0,CLE08,cantj002,hortc001
2026,COL202604030,2026-04-03,0,COL,PHI,1.0,10.0,DEN02,lorem002,nolaa001
2026,DET202604030,2026-04-03,0,DET,SLN,4.0,0.0,DET05,valdf001,mcgrm001
2026,KCA202604030,2026-04-03,0,KCA,MIL,,,KAN06,lugos001,hendl002
2026,MIN202604030,2026-04-03,0,MIN,TBA,10.0,4.0,MIN04,oberb002,boylj001
2026,NYA202604030,2026-04-03,0,NYA,MIA,8.0,2.0,NYC21,warrw001,peree004
2026,PIT202604030,2026-04-03,0,PIT,BAL,5.0,4.0,PIT08,kellm003,bradk001
2026,SFN202604030,2026-04-03,0,SFN,NYN,3.0,10.0,SFO03,mahlt001,mclen001
2026,TEX202604030,2026-04-03,0,TEX,CIN,3.0,5.0,ARL03,gorem001,singb001
2026,WAS202604030,2026-04-03,0,WAS,LAN,6.0,13.0,WAS11,mikom001,sheee001
2026,ANA202604040,2026-04-04,0,ANA,SEA,1.0,0.0,ANA01,kochj001,hance001
2026,ARI202604040,2026-04-04,0,ARI,ATL,2.0,1.0,PHO01,sorom001,eldeb001
2026,ATH202604040,2026-04-04,0,ATH,HOU,0.0,11.0,SAC01,moral001,mlbam837227
2026,BOS202604040,2026-04-04,0,BOS,SDN,2.0,3.0,BOS07,earlc001,vasqr001
2026,CHA202604040,2026-04-04,0,CHA,TOR,6.0,3.0,CHI12,taylg002,fluhm001
2026,CLE202604040,2026-04-04,0,CLE,CHN,,,CLE08,messp001,imans001
2026,COL202604040,2026-04-04,0,COL,PHI,1.0,2.0,DEN02,bernb001,luzaj001
2026,DET202604040,2026-04-04,0,DET,SLN,11.0,6.0,DET05,flahj002,may-d003
2026,KCA202604040,2026-04-04,0,KCA,MIL,2.0,5.0,KAN06,avill002,patrc001
2026,KCA202604041,2026-04-04,1,KCA,MIL,8.0,2.0,KAN06,lugos001,hendl002
2026,MIN202604040,2026-04-04,0,MIN,TBA,1.0,7.0,MIN04,abelm001,matzs001
2026,NYA202604040,2026-04-04,0,NYA,MIA,9.0,7.0,NYC21,weatr001,meyem001
2026,PIT202604040,2026-04-04,0,PIT,BAL,3.0,2.0,PIT08,mlodc001,baz-s001
2026,SFN202604040,2026-04-04,0,SFN,NYN,0.0,9.0,SFO03,roupl001,holmc001
2026,TEX202604040,2026-04-04,0,TEX,CIN,0.0,2.0,ARL03,rockk001,lowdr001
2026,WAS202604040,2026-04-04,0,WAS,LAN,5.0,10.0,WAS11,irvij001,glast001
2026,ANA202604050,2026-04-05,0,ANA,SEA,8.0,7.0,ANA01,mlbam691946,castl003
2026,ARI202604050,2026-04-05,0,ARI,ATL,6.0,5.0,PHO01,pfaab001,perem004
2026,ATH202604050,2026-04-05,0,ATH,HOU,12.0,10.0,SAC01,lopej007,mccul002
2026,BOS202604050,2026-04-05,0,BOS,SDN,6.0,8.0,BOS07,suarr001,buehw001
2026,CHA202604050,2026-04-05,0,CHA,TOR,3.0,0.0,CHI12,martd006,lauee001
2026,CLE202604050,2026-04-05,0,CLE,CHN,0.0,1.0,CLE08,ceccs001,cabre003
2026,CLE202604051,2026-04-05,1,CLE,CHN,6.0,5.0,CLE08,messp001,imans001
2026,COL202604050,2026-04-05,0,COL,PHI,4.0,1.0,DEN02,sugat001,walkt004
2026,DET202604050,2026-04-05,0,DET,SLN,3.0,5.0,DET05,montk001,leahk001
2026,KCA202604050,2026-04-05,0,KCA,MIL,5.0,8.0,KAN06,bubik001,harrk001
2026,MIN202604050,2026-04-05,0,MIN,TBA,1.0,4.0,MIN04,woods002,martn002
2026,NYA202604050,2026-04-05,0,NYA,MIA,6.0,7.0,NYC21,friem001,fairp001
2026,PIT202604050,2026-04-05,0,PIT,BAL,8.0,2.0,PIT08,ashcb001,bassc001
2026,SFN202604050,2026-04-05,0,SFN,NYN,2.0,5.0,SFO03,webbl001,sengk001
2026,TEX202604050,2026-04-05,0,TEX,CIN,1.0,2.0,ARL03,leitj001,burnc003
2026,WAS202604050,2026-04-05,0,WAS,LAN,6.0,8.0,WAS11,griff001,sasar001
2026,ANA202604060,2026-04-06,0,ANA,ATL,6.0,2.0,ANA01,sorij002,salec001
2026,BOS202604060,2026-04-06,0,BOS,MIL,6.0,8.0,BOS07,bellb002,woodb005
2026,CHA202604060,2026-04-06,0,CHA,BAL,1.0,2.0,CHI12,taylg002,younb001
2026,CLE202604060,2026-04-06,0,CLE,KCA,2.0,4.0,CLE08,bibet001,wachm001
2026,COL202604060,2026-04-06,0,COL,HOU,9.0,7.0,DEN02,feltr001,boltc001
2026,MIA202604060,2026-04-06,0,MIA,CIN,0.0,2.0,MIA02,junkj001,willb003
2026,MIN202604060,2026-04-06,0,MIN,DET,7.0,3.0,MIN04,ryanj002,mizec001
2026,PIT202604060,2026-04-06,0,PIT,SDN,0.0,5.0,PIT08,chanb001,marqg001
2026,SFN202604060,2026-04-06,0,SFN,PHI,4.0,6.0,SFO03,housa001,mlbam691725
2026,TBA202604060,2026-04-06,0,TBA,CHN,6.0,4.0,TAM02,mccls003,tailj001
2026,TEX202604060,2026-04-06,0,TEX,SEA,2.0,1.0,ARL03,degrj001,gilbl002
2026,TOR202604060,2026-04-06,0,TOR,LAN,2.0,14.0,TOR02,schem001,wrobj001
2026,WAS202604060,2026-04-06,0,WAS,SLN,9.0,6.0,WAS11,littz001,palla001
2026,ANA202604070,2026-04-07,0,ANA,ATL,2.0,7.0,ANA01,kikuy001,loper003
2026,BOS202604070,2026-04-07,0,BOS,MIL,3.0,2.0,BOS07,crocg001,misij001
2026,CHA202604070,2026-04-07,0,CHA,BAL,2.0,4.0,CHI12,smits003,roget003
2026,CLE202604070,2026-04-07,0,CLE,KCA,2.0,1.0,CLE08,willg004,camen001
2026,COL202604070,2026-04-07,0,COL,HOU,5.0,1.0,DEN02,freek001,burrm001
2026,MIA202604070,2026-04-07,0,MIA,CIN,3.0,6.0,MIA02,alcas001,abboa001
2026,MIN202604070,2026-04-07,0,MIN,DET,4.0,2.0,MIN04,bradt002,skubt001
2026,NYA202604070,2026-04-07,0,NYA,ATH,5.0,3.0,NYC21,schlc001,civaa001
2026,NYN202604070,2026-04-07,0,NYN,ARI,4.0,3.0,NYC20,peraf001,gallz001
2026,PIT202604070,2026-04-07,0,PIT,SDN,7.0,1.0,PIT08,skenp001,piven001
2026,SFN202604070,2026-04-07,0,SFN,PHI,6.0,0.0,SFO03,ray-r002,sancc002
2026,TBA202604070,2026-04-07,0,TBA,CHN,2.0,9.0,TAM02,englm001,assaj001
2026,TEX202604070,2026-04-07,0,TEX,SEA,3.0,2.0,ARL03,eovan001,kirbg001
2026,TOR202604070,2026-04-07,0,TOR,LAN,1.0,4.0,TOR02,gausk001,yamay001
2026,WAS202604070,2026-04-07,0,WAS,SLN,6.0,7.0,WAS11,cavac001,libem001
2026,ANA202604080,2026-04-08,0,ANA,ATL,2.0,8.0,ANA01,detmr001,holmg001
2026,BOS202604080,2026-04-08,0,BOS,MIL,5.0,0.0,BOS07,grays001,mlbam675660
2026,CHA202604080,2026-04-08,0,CHA,BAL,3.0,5.0,CHI12,burks001,bradk001
2026,CLE202604080,2026-04-08,0,CLE,KCA,10.0,2.0,CLE08,cantj002,ragac001
2026,COL202604080,2026-04-08,0,COL,HOU,9.0,1.0,DEN02,lorem002,javic001
2026,MIA202604080,2026-04-08,0,MIA,CIN,7.0,4.0,MIA02,peree004,singb001
2026,MIN202604080,2026-04-08,0,MIN,DET,8.0,6.0,MIN04,oberb002,valdf001
2026,NYA202604080,2026-04-08,0,NYA,ATH,2.0,3.0,NYC21,warrw001,sevel001
2026,NYN202604080,2026-04-08,0,NYN,ARI,2.0,7.0,NYC20,peted003,nelsr003
2026,PIT202604080,2026-04-08,0,PIT,SDN,2.0,8.0,PIT08,kellm003,kingm002
2026,SFN202604080,2026-04-08,0,SFN,PHI,5.0,0.0,SFO03,mahlt001,nolaa001
2026,TBA202604080,2026-04-08,0,TBA,CHN,2.0,6.0,TAM02,boylj001,rea-c001
2026,TEX202604080,2026-04-08,0,TEX,SEA,3.0,0.0,ARL03,gorem001,woo-b001
2026,TOR202604080,2026-04-08,0,TOR,LAN,4.0,3.0,TOR02,ceasd001,ohtas001
2026,WAS202604080,2026-04-08,0,WAS,SLN,1.0,6.0,WAS11,mikom001,mcgrm001
2026,KCA202604090,2026-04-09,0,KCA,CHA,0.0,2.0,KAN06,lugos001,kay-a001
2026,MIA202604090,2026-04-09,0,MIA,CIN,8.0,1.0,MIA02,meyem001,lowdr001
2026,MIN202604090,2026-04-09,0,MIN,DET,3.0,1.0,MIN04,abelm001,flahj002
2026,NYA202604090,2026-04-09,0,NYA,ATH,0.0,1.0,NYC21,weatr001,sprij001
2026,NYN202604090,2026-04-09,0,NYN,ARI,1.0,7.0,NYC20,mclen001,rodre004
2026,SDN202604090,2026-04-09,0,SDN,COL,7.0,3.0,SAN02,vasqr001,hergj001
2026,ATL202604100,2026-04-10,0,ATL,CLE,11.0,5.0,ATL03,eldeb001,ceccs001
2026,BAL202604100,2026-04-10,0,BAL,SFN,3.0,6.0,BAL12,baz-s001,roupl001
2026,CHN202604100,2026-04-10,0,CHN,PIT,0.0,2.0,CHI11,imans001,mlodc001
2026,CIN202604100,2026-04-10,0,CIN,ANA,2.0,10.0,CIN09,burnc003,kochj001
2026,DET202604100,2026-04-10,0,DET,MIA,2.0,0.0,DET05,montk001,paddc001
2026,KCA202604100,2026-04-10,0,KCA,CHA,2.0,0.0,KAN06,bubik001,martd006
2026,LAN202604100,2026-04-10,0,LAN,TEX,8.0,7.0,LOS03,glast001,rockk001
2026,MIL202604100,2026-04-10,0,MIL,WAS,3.0,7.0,MIL06,ashba003,irvij001
2026,NYN202604100,2026-04-10,0,NYN,ATH,0.0,4.0,NYC20,holmc001,ginnj001
2026,PHI202604100,2026-04-10,0,PHI,ARI,4.0,5.0,PHI13,luzaj001,sorom001
2026,SDN202604100,2026-04-10,0,SDN,COL,5.0,2.0,SAN02,buehw001,sugat001
2026,SEA202604100,2026-04-10,0,SEA,HOU,9.0,6.0,SEA03,hance001,mlbam837227
2026,SLN202604100,2026-04-10,0,SLN,BOS,3.0,2.0,STL10,may-d003,earlc001
2026,TBA202604100,2026-04-10,0,TBA,NYA,5.0,3.0,TAM02,matzs001,gil-l001
2026,TOR202604100,2026-04-10,0,TOR,MIN,10.0,4.0,TOR02,corbp001,woods002
2026,ATL202604110,2026-04-11,0,ATL,CLE,0.0,6.0,ATL03,perem004,messp001
2026,BAL202604110,2026-04-11,0,BAL,SFN,6.0,2.0,BAL12,bassc001,webbl001
2026,CHN202604110,2026-04-11,0,CHN,PIT,3.0,4.0,CHI11,cabre003,ashcb001
2026,CIN202604110,2026-04-11,0,CIN,ANA,7.0,3.0,CIN09,willb003,mlbam691946
2026,DET202604110,2026-04-11,0,DET,MIA,6.0,1.0,DET05,mizec001,junkj001
2026,KCA202604110,2026-04-11,0,KCA,CHA,2.0,0.0,KAN06,wachm001,fedde001
2026,LAN202604110,2026-04-11,0,LAN,TEX,6.0,3.0,LOS03,sheee001,leitj001
2026,MIL202604110,2026-04-11,0,MIL,WAS,1.0,3.0,MIL06,harrk001,griff001
2026,NYN202604110,2026-04-11,0,NYN,ATH,6.0,11.0,NYC20,sengk001,lopej007
2026,PHI202604110,2026-04-11,0,PHI,ARI,4.0,3.0,PHI13,walkt004,pfaab001
2026,SDN202604110,2026-04-11,0,SDN,COL,9.0,5.0,SAN02,marqg001,feltr001
2026,SEA202604110,2026-04-11,0,SEA,HOU,8.0,7.0,SEA03,castl003,mccul002
2026,SLN202604110,2026-04-11,0,SLN,BOS,1.0,7.0,STL10,leahk001,suarr001
2026,TBA202604110,2026-04-11,0,TBA,NYA,5.0,4.0,TAM02,martn002,friem001
2026,TOR202604110,2026-04-11,0,TOR,MIN,4.0,7.0,TOR02,lauee001,ryanj002
2026,ATL202604120,2026-04-12,0,ATL,CLE,13.0,1.0,ATL03,salec001,bibet001
2026,BAL202604120,2026-04-12,0,BAL,SFN,6.0,2.0,BAL12,povic001,housa001
2026,CHN202604120,2026-04-12,0,CHN,PIT,7.0,6.0,CHI11,tailj001,chanb001
2026,CIN202604120,2026-04-12,0,CIN,ANA,6.0,9.0,CIN09,abboa001,sorij002
2026,DET202604120,2026-04-12,0,DET,MIA,8.0,2.0,DET05,skubt001,alcas001
2026,KCA202604120,2026-04-12,0,KCA,CHA,5.0,6.0,KAN06,camen001,taylg002
2026,LAN202604120,2026-04-12,0,LAN,TEX,2.0,5.0,LOS03,sasar001,degrj001
2026,MIL202604120,2026-04-12,0,MIL,WAS,6.0,8.0,MIL06,woodb005,littz001
2026,NYN202604120,2026-04-12,0,NYN,ATH,0.0,1.0,NYC20,peraf001,civaa001
2026,PHI202604120,2026-04-12,0,PHI,ARI,3.0,4.0,PHI13,pop-z001,gallz001
2026,SDN202604120,2026-04-12,0,SDN,COL,7.0,2.0,SAN02,piven001,freek001
2026,SEA202604120,2026-04-12,0,SEA,HOU,6.0,1.0,SEA03,gilbl002,boltc001
2026,SLN202604120,2026-04-12,0,SLN,BOS,3.0,9.0,STL10,palla001,bellb002
2026,TBA202604120,2026-04-12,0,TBA,NYA,5.0,4.0,TAM02,rasmd002,schlc001
2026,TOR202604120,2026-04-12,0,TOR,MIN,2.0,8.0,TOR02,schem001,bradt002
2026,ATH202604130,2026-04-13,0,ATH,TEX,1.0,8.0,SAC01,sevel001,eovan001
2026,ATL202604130,2026-04-13,0,ATL,MIA,4.0,10.0,ATL03,holmg001,peree004
2026,BAL202604130,2026-04-13,0,BAL,ARI,9.0,7.0,BAL12,kremd001,nelsr003
2026,LAN202604130,2026-04-13,0,LAN,NYN,4.0,0.0,LOS03,wrobj001,peted003
2026,MIN202604130,2026-04-13,0,MIN,BOS,13.0,6.0,MIN04,oberb002,crocg001
2026,NYA202604130,2026-04-13,0,NYA,ANA,11.0,10.0,NYC21,warrw001,kikuy001
2026,PHI202604130,2026-04-13,0,PHI,CHN,13.0,7.0,PHI13,sancc002,assaj001
2026,PIT202604130,2026-04-13,0,PIT,WAS,16.0,5.0,PIT08,skenp001,cavac001
2026,SEA202604130,2026-04-13,0,SEA,HOU,6.0,2.0,SEA03,kirbg001,burrm001
2026,SLN202604130,2026-04-13,0,SLN,CLE,3.0,9.0,STL10,libem001,willg004
2026,ATH202604140,2026-04-14,0,ATH,TEX,2.0,1.0,SAC01,sprij001,gorem001
2026,ATL202604140,2026-04-14,0,ATL,MIA,6.0,5.0,ATL03,loper003,meyem001
2026,BAL202604140,2026-04-14,0,BAL,ARI,3.0,4.0,BAL12,roget003,kellm002
2026,CHA202604140,2026-04-14,0,CHA,TBA,5.0,8.0,CHI12,mlbam702273,mccls003
2026,CIN202604140,2026-04-14,0,CIN,SFN,2.0,1.0,CIN09,singb001,ray-r002
2026,DET202604140,2026-04-14,0,DET,KCA,2.0,1.0,DET05,valdf001,ragac001
2026,HOU202604140,2026-04-14,0,HOU,COL,7.0,6.0,HOU03,gordc001,lorem002
2026,LAN202604140,2026-04-14,0,LAN,NYN,2.0,1.0,LOS03,yamay001,mclen001
2026,MIL202604140,2026-04-14,0,MIL,TOR,7.0,9.0,MIL06,misij001,gausk001
2026,MIN202604140,2026-04-14,0,MIN,BOS,6.0,0.0,MIN04,abelm001,grays001
2026,NYA202604140,2026-04-14,0,NYA,ANA,1.0,7.0,NYC21,weatr001,detmr001
2026,PHI202604140,2026-04-14,0,PHI,CHN,4.0,10.0,PHI13,nolaa001,mlbam702303
2026,PIT202604140,2026-04-14,0,PIT,WAS,4.0,5.0,PIT08,kellm003,poulp001
2026,SDN202604140,2026-04-14,0,SDN,SEA,4.0,1.0,SAN02,kingm002,woo-b001
2026,SLN202604140,2026-04-14,0,SLN,CLE,6.0,5.0,STL10,mcgrm001,cantj002
2026,ATH202604150,2026-04-15,0,ATH,TEX,6.0,5.0,SAC01,ginnj001,rockk001
2026,ATL202604150,2026-04-15,0,ATL,MIA,6.0,3.0,ATL03,eldeb001,paddc001
2026,BAL202604150,2026-04-15,0,BAL,ARI,5.0,8.0,BAL12,bradk001,rodre004
2026,CHA202604150,2026-04-15,0,CHA,TBA,3.0,8.0,CHI12,burks001,sulsc001
2026,CIN202604150,2026-04-15,0,CIN,SFN,8.0,3.0,CIN09,lowdr001,mahlt001
2026,DET202604150,2026-04-15,0,DET,KCA,2.0,1.0,DET05,flahj002,lugos001
2026,HOU202604150,2026-04-15,0,HOU,COL,3.0,1.0,HOU03,arris001,quinj001
2026,LAN202604150,2026-04-15,0,LAN,NYN,8.0,2.0,LOS03,ohtas001,holmc001
2026,MIL202604150,2026-04-15,0,MIL,TOR,2.0,1.0,MIL06,patrc001,ceasd001
2026,MIN202604150,2026-04-15,0,MIN,BOS,5.0,9.0,MIN04,woods002,earlc001
2026,NYA202604150,2026-04-15,0,NYA,ANA,5.0,4.0,NYC21,gil-l001,kochj001
2026,PHI202604150,2026-04-15,0,PHI,CHN,2.0,11.0,PHI13,luzaj001,imans001
2026,PIT202604150,2026-04-15,0,PIT,WAS,2.0,0.0,PIT08,montm003,irvij001
2026,SDN202604150,2026-04-15,0,SDN,SEA,7.0,6.0,SAN02,vasqr001,hance001
2026,SLN202604150,2026-04-15,0,SLN,CLE,5.0,3.0,STL10,may-d003,ceccs001
2026,ATH202604160,2026-04-16,0,ATH,TEX,6.0,9.0,SAC01,lopej007,leitj001
2026,CHA202604160,2026-04-16,0,CHA,TBA,3.0,5.0,CHI12,leasj001,matzs001
2026,CIN202604160,2026-04-16,0,CIN,SFN,0.0,3.0,CIN09,burnc003,roupl001
2026,CLE202604160,2026-04-16,0,CLE,BAL,4.0,2.0,CLE08,messp001,baz-s001
2026,DET202604160,2026-04-16,0,DET,KCA,10.0,9.0,DET05,montk001,bubik001
2026,HOU202604160,2026-04-16,0,HOU,COL,2.0,3.0,HOU03,mlbam680802,mejij003
2026,MIL202604160,2026-04-16,0,MIL,TOR,2.0,1.0,MIL06,sprob001,corbp001
2026,NYA202604160,2026-04-16,0,NYA,ANA,4.0,11.0,NYC21,friem001,suteb001
2026,PIT202604160,2026-04-16,0,PIT,WAS,7.0,8.0,PIT08,ashcb001,griff001
2026,SDN202604160,2026-04-16,0,SDN,SEA,5.0,2.0,SAN02,buehw001,castl003
2026,ANA202604170,2026-04-17,0,ANA,SDN,8.0,0.0,ANA01,sorij002,waldm003
2026,ARI202604170,2026-04-17,0,ARI,TOR,6.0,3.0,PHO01,sorom001,fishb002
2026,ATH202604170,2026-04-17,0,ATH,CHA,2.0,9.0,SAC01,civaa001,martd006
2026,BOS202604170,2026-04-17,0,BOS,DET,1.0,0.0,BOS07,suarr001,mizec001
2026,CHN202604170,2026-04-17,0,CHN,NYN,12.0,4.0,CHI11,cabre003,sengk001
2026,CLE202604170,2026-04-17,0,CLE,BAL,4.0,6.0,CLE08,bibet001,bassc001
2026,COL202604170,2026-04-17,0,COL,LAN,1.0,7.0,DEN02,sugat001,glast001
2026,HOU202604170,2026-04-17,0,HOU,SLN,4.0,9.0,HOU03,lambp001,leahk001
2026,MIA202604170,2026-04-17,0,MIA,MIL,5.0,7.0,MIA02,junkj001,mlbam689441
2026,MIN202604170,2026-04-17,0,MIN,CIN,1.0,2.0,MIN04,ryanj002,willb003
2026,NYA202604170,2026-04-17,0,NYA,KCA,4.0,2.0,NYC21,schlc001,wachm001
2026,PHI202604170,2026-04-17,0,PHI,ATL,0.0,9.0,PHI13,walkt004,perem004
2026,PIT202604170,2026-04-17,0,PIT,TBA,5.0,1.0,PIT08,chanb001,martn002
2026,SEA202604170,2026-04-17,0,SEA,TEX,0.0,5.0,SEA03,gilbl002,degrj001
2026,WAS202604170,2026-04-17,0,WAS,SFN,5.0,10.0,WAS11,littz001,webbl001
2026,ANA202604180,2026-04-18,0,ANA,SDN,1.0,4.0,ANA01,kikuy001,marqg001
2026,ARI202604180,2026-04-18,0,ARI,TOR,6.0,2.0,PHO01,gallz001,schem001
2026,ATH202604180,2026-04-18,0,ATH,CHA,7.0,6.0,SAC01,sevel001,fedde001
2026,BOS202604180,2026-04-18,0,BOS,DET,1.0,4.0,BOS07,bellb002,skubt001
2026,CHN202604180,2026-04-18,0,CHN,NYN,4.0,2.0,CHI11,tailj001,peraf001
2026,CLE202604180,2026-04-18,0,CLE,BAL,4.0,2.0,CLE08,willg004,kremd001
2026,COL202604180,2026-04-18,0,COL,LAN,4.0,3.0,DEN02,feltr001,sheee001
2026,HOU202604180,2026-04-18,0,HOU,SLN,5.0,7.0,HOU03,mccul002,palla001
2026,MIA202604180,2026-04-18,0,MIA,MIL,2.0,5.0,MIA02,alcas001,woodb005
2026,MIN202604180,2026-04-18,0,MIN,CIN,4.0,5.0,MIN04,bradt002,abboa001
2026,NYA202604180,2026-04-18,0,NYA,KCA,13.0,4.0,NYC21,warrw001,camen001
2026,PHI202604180,2026-04-18,0,PHI,ATL,1.0,3.0,PHI13,sancc002,salec001
2026,PIT202604180,2026-04-18,0,PIT,TBA,7.0,8.0,PIT08,skenp001,rasmd002
2026,SEA202604180,2026-04-18,0,SEA,TEX,7.0,3.0,SEA03,kirbg001,eovan001
2026,WAS202604180,2026-04-18,0,WAS,SFN,6.0,7.0,WAS11,cavac001,housa001
2026,ANA202604190,2026-04-19,0,ANA,SDN,1.0,2.0,ANA01,mlbam700712,kingm002
2026,ARI202604190,2026-04-19,0,ARI,TOR,4.0,10.0,PHO01,nelsr003,gausk001
2026,ATH202604190,2026-04-19,0,ATH,CHA,4.0,7.0,SAC01,sprij001,mlbam702273
2026,BOS202604190,2026-04-19,0,BOS,DET,2.0,6.0,BOS07,crocg001,valdf001
2026,CHN202604190,2026-04-19,0,CHN,NYN,2.0,1.0,CHI11,assaj001,myert001
2026,CLE202604190,2026-04-19,0,CLE,BAL,8.0,4.0,CLE08,cantj002,roget003
2026,COL202604190,2026-04-19,0,COL,LAN,9.0,6.0,DEN02,lorem002,sasar001
2026,HOU202604190,2026-04-19,0,HOU,SLN,5.0,7.0,HOU03,burrm001,libem001
2026,MIA202604190,2026-04-19,0,MIA,MIL,5.0,3.0,MIA02,peree004,misij001
2026,MIN202604190,2026-04-19,0,MIN,CIN,4.0,7.0,MIN04,oberb002,singb001
2026,NYA202604190,2026-04-19,0,NYA,KCA,7.0,0.0,NYC21,weatr001,ragac001
2026,PHI202604190,2026-04-19,0,PHI,ATL,2.0,4.0,PHI13,mlbam691725,holmg001
2026,PIT202604190,2026-04-19,0,PIT,TBA,6.0,3.0,PIT08,kellm003,mccls003
2026,SEA202604190,2026-04-19,0,SEA,TEX,5.0,2.0,SEA03,woo-b001,gorem001
2026,WAS202604190,2026-04-19,0,WAS,SFN,3.0,0.0,WAS11,poulp001,ray-r002
2026,ANA202604200,2026-04-20,0,ANA,TOR,2.0,5.0,ANA01,detmr001,ceasd001
2026,BOS202604200,2026-04-20,0,BOS,DET,8.0,6.0,BOS07,grays001,flahj002
2026,CHN202604200,2026-04-20,0,CHN,PHI,5.0,1.0,CHI11,rea-c001,nolaa001
2026,CLE202604200,2026-04-20,0,CLE,HOU,2.0,9.0,CLE08,ceccs001,arris001
2026,COL202604200,2026-04-20,0,COL,LAN,3.0,12.0,DEN02,quinj001,wrobj001
2026,KCA202604200,2026-04-20,0,KCA,BAL,5.0,7.0,KAN06,lugos001,bradk001
2026,MIA202604200,2026-04-20,0,MIA,SLN,5.0,3.0,MIA02,meyem001,mcgrm001
2026,SEA202604200,2026-04-20,0,SEA,ATH,4.0,6.0,SEA03,hance001,ginnj001
2026,TBA202604200,2026-04-20,0,TBA,CIN,1.0,6.0,TAM02,schoj002,lowdr001
2026,WAS202604200,2026-04-20,0,WAS,ATL,4.0,9.0,WAS11,irvij001,eldeb001
2026,ANA202604210,2026-04-21,0,ANA,TOR,2.0,4.0,ANA01,kochj001,corbp001
2026,ARI202604210,2026-04-21,0,ARI,CHA,5.0,11.0,PHO01,kellm002,burks001
2026,BOS202604210,2026-04-21,0,BOS,NYA,0.0,4.0,BOS07,earlc001,gil-l001
2026,CHN202604210,2026-04-21,0,CHN,PHI,7.0,4.0,CHI11,imans001,luzaj001
2026,CLE202604210,2026-04-21,0,CLE,HOU,8.0,5.0,CLE08,messp001,mlbam680802
2026,COL202604210,2026-04-21,0,COL,SDN,0.0,1.0,DEN02,hergj001,vasqr001
2026,DET202604210,2026-04-21,0,DET,MIL,4.0,12.0,DET05,montk001,harrk001
2026,KCA202604210,2026-04-21,0,KCA,BAL,6.0,5.0,KAN06,bubik001,baz-s001
2026,MIA202604210,2026-04-21,0,MIA,SLN,3.0,5.0,MIA02,paddc001,may-d003
2026,NYN202604210,2026-04-21,0,NYN,MIN,3.0,5.0,NYC20,mclen001,woods002
2026,SEA202604210,2026-04-21,0,SEA,ATH,2.0,5.0,SEA03,castl003,lopej007
2026,SFN202604210,2026-04-21,0,SFN,LAN,3.0,1.0,SFO03,roupl001,yamay001
2026,TBA202604210,2026-04-21,0,TBA,CIN,6.0,12.0,TAM02,matzs001,burnc003
2026,TEX202604210,2026-04-21,0,TEX,PIT,5.0,1.0,ARL03,rockk001,mlodc001
2026,WAS202604210,2026-04-21,0,WAS,ATL,11.0,4.0,WAS11,griff001,loper003
2026,ANA202604220,2026-04-22,0,ANA,TOR,7.0,3.0,ANA01,sorij002,lauee001
2026,ARI202604220,2026-04-22,0,ARI,CHA,11.0,7.0,PHO01,rodre004,kay-a001
2026,BOS202604220,2026-04-22,0,BOS,NYA,1.0,4.0,BOS07,suarr001,friem001
2026,CHN202604220,2026-04-22,0,CHN,PHI,7.0,2.0,CHI11,boydm001,backk001
2026,CLE202604220,2026-04-22,0,CLE,HOU,0.0,2.0,CLE08,bibet001,lambp001
2026,COL202604220,2026-04-22,0,COL,SDN,8.0,3.0,DEN02,sugat001,buehw001
2026,DET202604220,2026-04-22,0,DET,MIL,5.0,2.0,DET05,mizec001,halld004
2026,KCA202604220,2026-04-22,0,KCA,BAL,6.0,8.0,KAN06,wachm001,bassc001
2026,MIA202604220,2026-04-22,0,MIA,SLN,4.0,1.0,MIA02,junkj001,leahk001
2026,NYN202604220,2026-04-22,0,NYN,MIN,3.0,2.0,NYC20,holmc001,mlbam687570
2026,SEA202604220,2026-04-22,0,SEA,ATH,5.0,4.0,SEA03,gilbl002,civaa001
2026,SFN202604220,2026-04-22,0,SFN,LAN,3.0,0.0,SFO03,mahlt001,ohtas001
2026,TBA202604220,2026-04-22,0,TBA,CIN,6.0,1.0,TAM02,martn002,willb003
2026,TEX202604220,2026-04-22,0,TEX,PIT,4.0,8.0,ARL03,leitj001,ashcb001
2026,WAS202604220,2026-04-22,0,WAS,ATL,6.0,8.0,WAS11,littz001,fuend001
2026,ARI202604230,2026-04-23,0,ARI,CHA,1.0,4.0,PHO01,sorom001,martd006
2026,BOS202604230,2026-04-23,0,BOS,NYA,2.0,4.0,BOS07,tollp001,schlc001
2026,CHN202604230,2026-04-23,0,CHN,PHI,8.0,7.0,CHI11,cabre003,sancc002
2026,COL202604230,2026-04-23,0,COL,SDN,8.0,10.0,DEN02,feltr001,waldm003
2026,DET202604230,2026-04-23,0,DET,MIL,5.0,4.0,DET05,skubt001,sprob001
2026,NYN202604230,2026-04-23,0,NYN,MIN,10.0,8.0,NYC20,scotc001,ryanj002
2026,SFN202604230,2026-04-23,0,SFN,LAN,0.0,3.0,SFO03,webbl001,glast001
2026,TEX202604230,2026-04-23,0,TEX,PIT,6.0,1.0,ARL03,degrj001,chanb001
2026,WAS202604230,2026-04-23,0,WAS,ATL,2.0,7.0,WAS11,cavac001,mlbam702275
2026,ATL202604240,2026-04-24,0,ATL,PHI,5.0,3.0,ATL03,holmg001,mlbam691725
2026,BAL202604240,2026-04-24,0,BAL,BOS,10.0,3.0,BAL12,younb001,bellb002
2026,CHA202604240,2026-04-24,0,CHA,WAS,5.0,4.0,CHI12,hudsb001,poulp001
2026,CIN202604240,2026-04-24,0,CIN,DET,9.0,8.0,CIN09,abboa001,valdf001
2026,HOU202604240,2026-04-24,0,HOU,NYA,4.0,12.0,HOU03,mccul002,warrw001
2026,KCA202604240,2026-04-24,0,KCA,ANA,6.0,3.0,KAN06,camen001,kikuy001
2026,LAN202604240,2026-04-24,0,LAN,CHN,4.0,6.0,LOS03,sheee001,tailj001
2026,MIL202604240,2026-04-24,0,MIL,PIT,0.0,6.0,MIL06,woodb005,skenp001
2026,NYN202604240,2026-04-24,0,NYN,COL,3.0,4.0,NYC20,peraf001,lorem002
2026,SFN202604240,2026-04-24,0,SFN,MIA,4.0,9.0,SFO03,housa001,alcas001
2026,SLN202604240,2026-04-24,0,SLN,SEA,2.0,3.0,STL10,palla001,kirbg001
2026,TBA202604240,2026-04-24,0,TBA,MIN,6.0,2.0,TAM02,rasmd002,bradt002
2026,TEX202604240,2026-04-24,0,TEX,ATH,1.0,8.0,ARL03,eovan001,sevel001
2026,TOR202604240,2026-04-24,0,TOR,CLE,6.0,8.0,TOR02,schem001,willg004
2026,ARI202604250,2026-04-25,0,ARI,SDN,4.0,6.0,PHO01,gallz001,marqg001
2026,ATL202604250,2026-04-25,0,ATL,PHI,5.0,8.0,ATL03,eldeb001,wheez001
2026,BAL202604250,2026-04-25,0,BAL,BOS,1.0,17.0,BAL12,roget003,crocg001
2026,CHA202604250,2026-04-25,0,CHA,WAS,3.0,6.0,CHI12,mlbam702273,irvij001
2026,CIN202604250,2026-04-25,0,CIN,DET,9.0,2.0,CIN09,singb001,flahj002
2026,HOU202604250,2026-04-25,0,HOU,NYA,3.0,8.0,HOU03,burrm001,weatr001
2026,KCA202604250,2026-04-25,0,KCA,ANA,12.0,1.0,KAN06,ragac001,mlbam700712
2026,LAN202604250,2026-04-25,0,LAN,CHN,12.0,4.0,LOS03,sasar001,rea-c001
2026,MIL202604250,2026-04-25,0,MIL,PIT,3.0,6.0,MIL06,misij001,kellm003
2026,NYN202604250,2026-04-25,0,NYN,COL,,,NYC20,sengk001,dollc001
2026,SFN202604250,2026-04-25,0,SFN,MIA,6.0,2.0,SFO03,ray-r002,peree004
2026,SLN202604250,2026-04-25,0,SLN,SEA,9.0,11.0,STL10,libem001,woo-b001
2026,TBA202604250,2026-04-25,0,TBA,MIN,6.0,1.0,TAM02,mccls003,oberb002
2026,TEX202604250,2026-04-25,0,TEX,ATH,4.0,3.0,ARL03,gorem001,sprij001
2026,TOR202604250,2026-04-25,0,TOR,CLE,5.0,3.0,TOR02,gausk001,cantj002
2026,ARI202604260,2026-04-26,0,ARI,SDN,12.0,7.0,PHO01,nelsr003,kingm002
2026,ATL202604260,2026-04-26,0,ATL,PHI,6.0,2.0,ATL03,salec001,nolaa001
2026,BAL202604260,2026-04-26,0,BAL,BOS,3.0,5.0,BAL12,bradk001,earlc001
2026,CHA202604260,2026-04-26,0,CHA,WAS,1.0,2.0,CHI12,hudsb001,griff001
2026,CIN202604260,2026-04-26,0,CIN,DET,3.0,8.0,CIN09,lowdr001,montk001
2026,HOU202604260,2026-04-26,0,HOU,NYA,7.0,4.0,HOU03,arris001,gil-l001
2026,KCA202604260,2026-04-26,0,KCA,ANA,11.0,9.0,KAN06,lugos001,detmr001
2026,LAN202604260,2026-04-26,0,LAN,CHN,6.0,0.0,LOS03,wrobj001,imans001
2026,MIL202604260,2026-04-26,0,MIL,PIT,5.0,0.0,MIL06,harrk001,mlodc001
2026,NYN202604260,2026-04-26,0,NYN,COL,1.0,3.0,NYC20,mclen001,quinj001
2026,NYN202604261,2026-04-26,1,NYN,COL,0.0,3.0,NYC20,sengk001,dollc001
2026,SFN202604260,2026-04-26,0,SFN,MIA,6.0,3.0,SFO03,roupl001,meyem001
2026,SLN202604260,2026-04-26,0,SLN,SEA,2.0,3.0,STL10,mcgrm001,hance001
2026,TBA202604260,2026-04-26,0,TBA,MIN,4.0,2.0,TAM02,jax-g001,woods002
2026,TEX202604260,2026-04-26,0,TEX,ATH,1.0,2.0,ARL03,rockk001,ginnj001
2026,TOR202604260,2026-04-26,0,TOR,CLE,4.0,2.0,TOR02,corbp001,ceccs001
2026,CHA202604270,2026-04-27,0,CHA,ANA,8.0,7.0,CHI12,kay-a001,kochj001
2026,CLE202604270,2026-04-27,0,CLE,TBA,2.0,3.0,CLE08,messp001,matzs001
2026,LAN202604270,2026-04-27,0,LAN,MIA,5.0,4.0,LOS03,yamay001,paddc001
2026,MIN202604270,2026-04-27,0,MIN,SEA,11.0,4.0,MIN04,mlbam687570,castl003
2026,PIT202604270,2026-04-27,0,PIT,SLN,2.0,4.0,PIT08,montm003,may-d003
2026,SDN202604270,2026-04-27,0,SDN,CHN,9.0,7.0,SAN02,vasqr001,boydm001
2026,TEX202604270,2026-04-27,0,TEX,NYA,2.0,4.0,ARL03,leitj001,friem001
2026,TOR202604270,2026-04-27,0,TOR,BOS,0.0,5.0,TOR02,ceasd001,suarr001
2026,ATH202604280,2026-04-28,0,ATH,KCA,1.0,4.0,SAC01,civaa001,bubik001
2026,ATL202604280,2026-04-28,0,ATL,DET,5.0,2.0,ATL03,perem004,mizec001
2026,BAL202604280,2026-04-28,0,BAL,HOU,5.0,3.0,BAL12,baz-s001,tengk001
2026,CHA202604280,2026-04-28,0,CHA,ANA,5.0,2.0,CHI12,martd006,sorij002
2026,CIN202604280,2026-04-28,0,CIN,COL,7.0,2.0,CIN09,burnc003,freek001
2026,CLE202604280,2026-04-28,0,CLE,TBA,0.0,1.0,CLE08,bibet001,martn002
2026,LAN202604280,2026-04-28,0,LAN,MIA,1.0,2.0,LOS03,ohtas001,junkj001
2026,MIL202604280,2026-04-28,0,MIL,ARI,13.0,2.0,MIL06,patrc001,kellm002
2026,MIN202604280,2026-04-28,0,MIN,SEA,1.0,7.0,MIN04,ryanj002,gilbl002
2026,NYN202604280,2026-04-28,0,NYN,WAS,8.0,0.0,NYC20,holmc001,littz001
2026,PHI202604280,2026-04-28,0,PHI,SFN,7.0,0.0,PHI13,luzaj001,mahlt001
2026,PIT202604280,2026-04-28,0,PIT,SLN,7.0,11.0,PIT08,ashcb001,leahk001
2026,SDN202604280,2026-04-28,0,SDN,CHN,3.0,8.0,SAN02,buehw001,cabre003
2026,TEX202604280,2026-04-28,0,TEX,NYA,2.0,3.0,ARL03,degrj001,schlc001
2026,TOR202604280,2026-04-28,0,TOR,BOS,3.0,0.0,TOR02,yesat001,tollp001
2026,ATH202604290,2026-04-29,0,ATH,KCA,5.0,2.0,SAC01,sevel001,wachm001
2026,ATL202604290,2026-04-29,0,ATL,DET,4.0,3.0,ATL03,mlbam702275,skubt001
2026,BAL202604290,2026-04-29,0,BAL,HOU,,,BAL12,younb001,mccul002
2026,CHA202604290,2026-04-29,0,CHA,ANA,3.0,2.0,CHI12,fedde001,kikuy001
2026,CIN202604290,2026-04-29,0,CIN,COL,2.0,13.0,CIN09,willb003,sugat001
2026,CLE202604290,2026-04-29,0,CLE,TBA,3.0,1.0,CLE08,willg004,rasmd002
2026,LAN202604290,2026-04-29,0,LAN,MIA,2.0,3.0,LOS03,glast001,alcas001
2026,MIL202604290,2026-04-29,0,MIL,ARI,2.0,6.0,MIL06,sprob001,rodre004
2026,MIN202604290,2026-04-29,0,MIN,SEA,3.0,5.0,MIN04,bradt002,kirbg001
2026,NYN202604290,2026-04-29,0,NYN,WAS,2.0,14.0,NYC20,peted003,cavac001
2026,PHI202604290,2026-04-29,0,PHI,SFN,,,PHI13,mayzt001,housa001
2026,PIT202604290,2026-04-29,0,PIT,SLN,4.0,5.0,PIT08,chanb001,palla001
2026,SDN202604290,2026-04-29,0,SDN,CHN,4.0,5.0,SAN02,waldm003,tailj001
2026,TEX202604290,2026-04-29,0,TEX,NYA,3.0,0.0,ARL03,eovan001,mlbam695684
2026,TOR202604290,2026-04-29,0,TOR,BOS,8.0,1.0,TOR02,lauee001,bellb002
2026,ATH202604300,2026-04-30,0,ATH,KCA,6.0,3.0,SAC01,sprij001,camen001
2026,ATL202604300,2026-04-30,0,ATL,DET,2.0,5.0,ATL03,eldeb001,valdf001
2026,BAL202604300,2026-04-30,0,BAL,HOU,10.0,3.0,BAL12,bassc001,lambp001
2026,BAL202604301,2026-04-30,1,BAL,HOU,5.0,11.0,BAL12,younb001,mccul002
2026,CIN202604300,2026-04-30,0,CIN,COL,6.0,4.0,CIN09,abboa001,lorem002
2026,MIL202604300,2026-04-30,0,MIL,ARI,13.0,1.0,MIL06,woodb005,sorom001
2026,MIN202604300,2026-04-30,0,MIN,TOR,7.0,1.0,MIN04,oberb002,gausk001
2026,NYN202604300,2026-04-30,0,NYN,WAS,4.0,5.0,NYC20,peraf001,mikom001
2026,PHI202604300,2026-04-30,0,PHI,SFN,3.0,2.0,PHI13,sancc002,webbl001
2026,PHI202604301,2026-04-30,1,PHI,SFN,6.0,5.0,PHI13,mayzt001,housa001
2026,PIT202604300,2026-04-30,0,PIT,SLN,5.0,10.0,PIT08,skenp001,dobbh001
2026,ANA202605010,2026-05-01,0,ANA,NYN,3.0,4.0,ANA01,mlbam700712,scotc001
2026,ATH202605010,2026-05-01,0,ATH,CLE,5.0,8.0,SAC01,ginnj001,cantj002
2026,BOS202605010,2026-05-01,0,BOS,HOU,3.0,1.0,BOS07,mlbam687562,burrm001
2026,CHN202605010,2026-05-01,0,CHN,ARI,6.0,5.0,CHI11,rea-c001,gallz001
2026,COL202605010,2026-05-01,0,COL,ATL,6.0,8.0,DEN02,quinj001,holmg001
2026,DET202605010,2026-05-01,0,DET,TEX,4.0,5.0,DET05,flahj002,gorem001
2026,MIA202605010,2026-05-01,0,MIA,PHI,5.0,6.0,MIA02,peree004,wheez001
2026,MIN202605010,2026-05-01,0,MIN,TOR,3.0,7.0,MIN04,woods002,corbp001
2026,NYA202605010,2026-05-01,0,NYA,BAL,7.0,2.0,NYC21,warrw001,povic001
2026,PIT202605010,2026-05-01,0,PIT,CIN,9.0,1.0,PIT08,kellm003,singb001
2026,SDN202605010,2026-05-01,0,SDN,CHA,2.0,8.0,SAN02,marqg001,mlbam702273
2026,SEA202605010,2026-05-01,0,SEA,KCA,6.0,7.0,SEA03,woo-b001,ragac001
2026,SLN202605010,2026-05-01,0,SLN,LAN,7.0,2.0,STL10,libem001,sheee001
2026,TBA202605010,2026-05-01,0,TBA,SFN,3.0,0.0,TAM02,mccls003,ray-r002
2026,WAS202605010,2026-05-01,0,WAS,MIL,1.0,6.0,WAS11,irvij001,misij001
2026,ANA202605020,2026-05-02,0,ANA,NYN,4.0,3.0,ANA01,detmr001,mclen001
2026,ATH202605020,2026-05-02,0,ATH,CLE,6.0,14.0,SAC01,lopej007,ceccs001
2026,BOS202605020,2026-05-02,0,BOS,HOU,3.0,6.0,BOS07,earlc001,arris001
2026,CHN202605020,2026-05-02,0,CHN,ARI,2.0,0.0,CHI11,imans001,nelsr003
2026,COL202605020,2026-05-02,0,COL,ATL,1.0,9.0,DEN02,bernb001,salec001
2026,DET202605020,2026-05-02,0,DET,TEX,5.0,1.0,DET05,montk001,rockk001
2026,MIA202605020,2026-05-02,0,MIA,PHI,4.0,0.0,MIA02,meyem001,mlbam691725
2026,MIN202605020,2026-05-02,0,MIN,TOR,4.0,11.0,MIN04,mlbam687570,ceasd001
2026,NYA202605020,2026-05-02,0,NYA,BAL,9.0,4.0,NYC21,weatr001,bradk001
2026,PIT202605020,2026-05-02,0,PIT,CIN,17.0,7.0,PIT08,mlodc001,lowdr001
2026,SDN202605020,2026-05-02,0,SDN,CHA,0.0,4.0,SAN02,kingm002,burks001
2026,SEA202605020,2026-05-02,0,SEA,KCA,2.0,3.0,SEA03,hance001,lugos001
2026,SLN202605020,2026-05-02,0,SLN,LAN,3.0,2.0,STL10,mcgrm001,sasar001
2026,TBA202605020,2026-05-02,0,TBA,SFN,5.0,1.0,TAM02,jax-g001,roupl001
2026,WAS202605020,2026-05-02,0,WAS,MIL,1.0,4.0,WAS11,griff001,harrk001
2026,ANA202605030,2026-05-03,0,ANA,NYN,1.0,5.0,ANA01,kochj001,holmc001
2026,ATH202605030,2026-05-03,0,ATH,CLE,7.0,1.0,SAC01,civaa001,messp001
2026,BOS202605030,2026-05-03,0,BOS,HOU,1.0,3.0,BOS07,suarr001,boltc001
2026,CHN202605030,2026-05-03,0,CHN,ARI,8.0,4.0,CHI11,boydm001,kellm002
2026,COL202605030,2026-05-03,0,COL,ATL,6.0,11.0,DEN02,freek001,stris002
2026,DET202605030,2026-05-03,0,DET,TEX,7.0,1.0,DET05,holtt002,leitj001
2026,MIA202605030,2026-05-03,0,MIA,PHI,2.0,7.0,MIA02,paddc001,luzaj001
2026,MIN202605030,2026-05-03,0,MIN,TOR,4.0,3.0,MIN04,ryanj002,yesat001
2026,NYA202605030,2026-05-03,0,NYA,BAL,11.0,3.0,NYC21,friem001,mlbam694346
2026,PIT202605030,2026-05-03,0,PIT,CIN,1.0,0.0,PIT08,ashcb001,burnc003
2026,SDN202605030,2026-05-03,0,SDN,CHA,4.0,3.0,SAN02,canng001,kay-a001
2026,SEA202605030,2026-05-03,0,SEA,KCA,1.0,4.0,SEA03,castl003,bubik001
2026,SLN202605030,2026-05-03,0,SLN,LAN,1.0,4.0,STL10,may-d003,wrobj001
2026,TBA202605030,2026-05-03,0,TBA,SFN,2.0,1.0,TAM02,matzs001,mahlt001
2026,WAS202605030,2026-05-03,0,WAS,MIL,3.0,2.0,WAS11,poulp001,hendl002
2026,ANA202605040,2026-05-04,0,ANA,CHA,0.0,6.0,ANA01,sorij002,martd006
2026,CHN202605040,2026-05-04,0,CHN,CIN,5.0,4.0,CHI11,cabre003,pettc002
2026,COL202605040,2026-05-04,0,COL,NYN,2.0,4.0,DEN02,sugat001,brazh001
2026,DET202605040,2026-05-04,0,DET,BOS,4.0,5.0,DET05,holtt002,tollp001
2026,HOU202605040,2026-05-04,0,HOU,LAN,3.0,8.0,HOU03,okers001,yamay001
2026,KCA202605040,2026-05-04,0,KCA,CLE,6.0,2.0,KAN06,wachm001,bibet001
2026,MIA202605040,2026-05-04,0,MIA,PHI,0.0,1.0,MIA02,junkj001,nolaa001
2026,NYA202605040,2026-05-04,0,NYA,BAL,12.0,1.0,NYC21,schlc001,baz-s001
2026,SEA202605040,2026-05-04,0,SEA,ATL,5.0,4.0,SEA03,gilbl002,mlbam702275
2026,SFN202605040,2026-05-04,0,SFN,SDN,3.0,2.0,SFO03,mcdot001,vasqr001
2026,SLN202605040,2026-05-04,0,SLN,MIL,6.0,3.0,STL10,leahk001,patrc001
2026,TBA202605040,2026-05-04,0,TBA,TOR,5.0,1.0,TAM02,martn002,lauee001
2026,ANA202605050,2026-05-05,0,ANA,CHA,4.0,3.0,ANA01,aldes001,fedde001
2026,ARI202605050,2026-05-05,0,ARI,PIT,9.0,0.0,PHO01,rodre004,chanb001
2026,CHN202605050,2026-05-05,0,CHN,CIN,3.0,2.0,CHI11,tailj001,abboa001
2026,COL202605050,2026-05-05,0,COL,NYN,,,DEN02,quinj001,scotc001
2026,DET202605050,2026-05-05,0,DET,BOS,3.0,10.0,DET05,valdf001,moraj003
2026,HOU202605050,2026-05-05,0,HOU,LAN,2.0,1.0,HOU03,lambp001,ohtas001
2026,KCA202605050,2026-05-05,0,KCA,CLE,5.0,3.0,KAN06,koles001,willg004
2026,MIA202605050,2026-05-05,0,MIA,BAL,7.0,9.0,MIA02,alcas001,bassc001
2026,NYA202605050,2026-05-05,0,NYA,TEX,7.0,4.0,NYC21,mlbam695684,degrj001
2026,PHI202605050,2026-05-05,0,PHI,ATH,9.0,1.0,PHI13,sancc002,sevel001
2026,SEA202605050,2026-05-05,0,SEA,ATL,2.0,3.0,SEA03,kirbg001,eldeb001
2026,SFN202605050,2026-05-05,0,SFN,SDN,5.0,10.0,SFO03,webbl001,buehw001
2026,SLN202605050,2026-05-05,0,SLN,MIL,,,STL10,svanm001,misij001
2026,TBA202605050,2026-05-05,0,TBA,TOR,4.0,3.0,TAM02,rasmd002,gausk001
2026,WAS202605050,2026-05-05,0,WAS,MIN,3.0,11.0,WAS11,cavac001,bradt002
2026,ANA202605060,2026-05-06,0,ANA,CHA,8.0,2.0,ANA01,mlbam700712,mlbam702273
2026,ARI202605060,2026-05-06,0,ARI,PIT,0.0,1.0,PHO01,sorom001,skenp001
2026,CHN202605060,2026-05-06,0,CHN,CIN,7.0,6.0,CHI11,rea-c001,singb001
2026,COL202605060,2026-05-06,0,COL,NYN,5.0,10.0,DEN02,lorem002,peraf001
2026,DET202605060,2026-05-06,0,DET,BOS,0.0,4.0,DET05,flahj002,grays001
2026,HOU202605060,2026-05-06,0,HOU,LAN,2.0,12.0,HOU03,mccul002,glast001
2026,KCA202605060,2026-05-06,0,KCA,CLE,1.0,3.0,KAN06,ragac001,cantj002
2026,MIA202605060,2026-05-06,0,MIA,BAL,4.0,7.0,MIA02,peree004,younb001
2026,NYA202605060,2026-05-06,0,NYA,TEX,1.0,6.0,NYC21,warrw001,eovan001
2026,PHI202605060,2026-05-06,0,PHI,ATH,6.0,3.0,PHI13,wheez001,sprij001
2026,SEA202605060,2026-05-06,0,SEA,ATL,3.0,1.0,SEA03,woo-b001,perem004
2026,SFN202605060,2026-05-06,0,SFN,SDN,1.0,5.0,SFO03,housa001,rodrb001
2026,SLN202605060,2026-05-06,0,SLN,MIL,2.0,6.0,STL10,palla001,sprob001
2026,TBA202605060,2026-05-06,0,TBA,TOR,3.0,0.0,TAM02,mccls003,corbp001
2026,WAS202605060,2026-05-06,0,WAS,MIN,15.0,2.0,WAS11,mikom001,oberb002
2026,ARI202605070,2026-05-07,0,ARI,PIT,2.0,4.0,PHO01,gallz001,kellm003
2026,BOS202605070,2026-05-07,0,BOS,TBA,4.0,8.0,BOS07,mlbam687562,jax-g001
2026,CHN202605070,2026-05-07,0,CHN,CIN,8.0,3.0,CHI11,imans001,lowdr001
2026,COL202605070,2026-05-07,0,COL,NYN,6.0,2.0,DEN02,quinj001,scotc001
2026,KCA202605070,2026-05-07,0,KCA,CLE,5.0,8.0,KAN06,lugos001,ceccs001
2026,MIA202605070,2026-05-07,0,MIA,BAL,4.0,3.0,MIA02,meyem001,povic001
2026,NYA202605070,2026-05-07,0,NYA,TEX,9.0,2.0,NYC21,blacp001,gorem001
2026,PHI202605070,2026-05-07,0,PHI,ATH,1.0,12.0,PHI13,mlbam691725,ginnj001
2026,SDN202605070,2026-05-07,0,SDN,SLN,1.0,2.0,SAN02,kingm002,libem001
2026,WAS202605070,2026-05-07,0,WAS,MIN,7.0,5.0,WAS11,irvij001,woods002
2026,ARI202605080,2026-05-08,0,ARI,NYN,1.0,3.0,PHO01,nelsr003,mclen001
2026,BAL202605080,2026-05-08,0,BAL,ATH,3.0,4.0,BAL12,bradk001,lopej007
2026,BOS202605080,2026-05-08,0,BOS,TBA,2.0,0.0,BOS07,earlc001,schoj002
2026,CHA202605080,2026-05-08,0,CHA,SEA,8.0,12.0,CHI12,burks001,hance001
2026,CIN202605080,2026-05-08,0,CIN,HOU,0.0,10.0,CIN09,lodon001,burrm001
2026,CLE202605080,2026-05-08,0,CLE,MIN,6.0,4.0,CLE08,messp001,mlbam687570
2026,KCA202605080,2026-05-08,0,KCA,DET,4.0,3.0,KAN06,bubik001,montk001
2026,LAN202605080,2026-05-08,0,LAN,ATL,3.0,1.0,LOS03,sheee001,salec001
2026,MIA202605080,2026-05-08,0,MIA,WAS,2.0,3.0,MIA02,mlbam702281,griff001
2026,MIL202605080,2026-05-08,0,MIL,NYA,6.0,0.0,MIL06,misij001,friem001
2026,PHI202605080,2026-05-08,0,PHI,COL,7.0,9.0,PHI13,luzaj001,dollc001
2026,SDN202605080,2026-05-08,0,SDN,SLN,0.0,6.0,SAN02,canng001,mcgrm001
2026,SFN202605080,2026-05-08,0,SFN,PIT,5.0,2.0,SFO03,ray-r002,mlodc001
2026,TEX202605080,2026-05-08,0,TEX,CHN,1.0,7.0,ARL03,rockk001,browb006
2026,TOR202605080,2026-05-08,0,TOR,ANA,2.0,0.0,TOR02,ceasd001,detmr001
2026,ARI202605090,2026-05-09,0,ARI,NYN,2.0,1.0,PHO01,kellm002,holmc001
2026,BAL202605090,2026-05-09,0,BAL,ATH,2.0,6.0,BAL12,baz-s001,civaa001
2026,BOS202605090,2026-05-09,0,BOS,TBA,,,BOS07,mlbam687562,jax-g001
2026,CHA202605090,2026-05-09,0,CHA,SEA,6.0,1.0,CHI12,kay-a001,castl003
2026,CIN202605090,2026-05-09,0,CIN,HOU,3.0,1.0,CIN09,burnc003,arris001
2026,CLE202605090,2026-05-09,0,CLE,MIN,1.0,2.0,CLE08,bibet001,ryanj002
2026,KCA202605090,2026-05-09,0,KCA,DET,5.0,1.0,KAN06,wachm001,smitb005
2026,LAN202605090,2026-05-09,0,LAN,ATL,2.0,7.0,LOS03,snelb001,stris002
2026,MIA202605090,2026-05-09,0,MIA,WAS,8.0,7.0,MIA02,junkj001,lover001
2026,MIL202605090,2026-05-09,0,MIL,NYA,4.0,3.0,MIL06,harrk001,schlc001
2026,PHI202605090,2026-05-09,0,PHI,COL,9.0,3.0,PHI13,nolaa001,freek001
2026,SDN202605090,2026-05-09,0,SDN,SLN,4.0,2.0,SAN02,vasqr001,may-d003
2026,SFN202605090,2026-05-09,0,SFN,PIT,3.0,13.0,SFO03,roupl001,ashcb001
2026,TEX202605090,2026-05-09,0,TEX,CHN,6.0,0.0,ARL03,leitj001,cabre003
2026,TOR202605090,2026-05-09,0,TOR,ANA,14.0,1.0,TOR02,yesat001,kochj001
2026,ARI202605100,2026-05-10,0,ARI,NYN,5.0,1.0,PHO01,rodre004,brazh001
2026,BAL202605100,2026-05-10,0,BAL,ATH,2.0,1.0,BAL12,akink001,sevel001
2026,BOS202605100,2026-05-10,0,BOS,TBA,1.0,4.0,BOS07,tollp001,martn002
2026,CHA202605100,2026-05-10,0,CHA,SEA,2.0,1.0,CHI12,martd006,gilbl002
2026,CIN202605100,2026-05-10,0,CIN,HOU,5.0,0.0,CIN09,abboa001,tengk001
2026,CLE202605100,2026-05-10,0,CLE,MIN,4.0,5.0,CLE08,willg004,mlbam702193
2026,KCA202605100,2026-05-10,0,KCA,DET,3.0,6.0,KAN06,camen001,hanib001
2026,LAN202605100,2026-05-10,0,LAN,ATL,2.0,7.0,LOS03,wrobj001,eldeb001
2026,MIA202605100,2026-05-10,0,MIA,WAS,5.0,2.0,MIA02,alcas001,cavac001
2026,MIL202605100,2026-05-10,0,MIL,NYA,4.0,3.0,MIL06,hendl002,rodoc001
2026,PHI202605100,2026-05-10,0,PHI,COL,6.0,0.0,PHI13,sancc002,sugat001
2026,SDN202605100,2026-05-10,0,SDN,SLN,3.0,2.0,SAN02,buehw001,leahk001
2026,SFN202605100,2026-05-10,0,SFN,PIT,7.0,6.0,SFO03,mahlt001,chanb001
2026,TEX202605100,2026-05-10,0,TEX,CHN,3.0,0.0,ARL03,degrj001,tailj001
2026,TOR202605100,2026-05-10,0,TOR,ANA,1.0,6.0,TOR02,mlbam693686,sorij002
2026,BAL202605110,2026-05-11,0,BAL,NYA,3.0,2.0,BAL12,younb001,weatr001
2026,CLE202605110,2026-05-11,0,CLE,ANA,7.0,2.0,CLE08,cantj002,suteb001
2026,HOU202605110,2026-05-11,0,HOU,SEA,1.0,3.0,HOU03,lambp001,kirbg001
2026,LAN202605110,2026-05-11,0,LAN,SFN,3.0,9.0,LOS03,sasar001,mcdot001
2026,TEX202605110,2026-05-11,0,TEX,ARI,0.0,1.0,ARL03,junij001,sorom001
2026,TOR202605110,2026-05-11,0,TOR,TBA,5.0,8.0,TOR02,gausk001,rasmd002
2026,ATH202605120,2026-05-12,0,ATH,SLN,4.0,6.0,SAC01,sprij001,palla001
2026,ATL202605120,2026-05-12,0,ATL,CHN,5.0,2.0,ATL03,holmg001,rea-c001
2026,BAL202605120,2026-05-12,0,BAL,NYA,2.0,6.0,BAL12,roget003,warrw001
2026,BOS202605120,2026-05-12,0,BOS,PHI,1.0,2.0,BOS07,moraj003,wheez001
2026,CHA202605120,2026-05-12,0,CHA,KCA,6.0,5.0,CHI12,fedde001,koles001
2026,CIN202605120,2026-05-12,0,CIN,WAS,4.0,10.0,CIN09,singb001,mikom001
2026,CLE202605120,2026-05-12,0,CLE,ANA,3.0,2.0,CLE08,ceccs001,mlbam700712
2026,HOU202605120,2026-05-12,0,HOU,SEA,2.0,10.0,HOU03,mlbam837227,woo-b001
2026,LAN202605120,2026-05-12,0,LAN,SFN,2.0,6.0,LOS03,yamay001,housa001
2026,MIL202605120,2026-05-12,0,MIL,SDN,6.0,4.0,MIL06,sprob001,rodrb001
2026,MIN202605120,2026-05-12,0,MIN,MIA,3.0,0.0,MIN04,oberb002,peree004
2026,NYN202605120,2026-05-12,0,NYN,DET,10.0,2.0,NYC20,peraf001,flahj002
2026,PIT202605120,2026-05-12,0,PIT,COL,3.0,1.0,PIT08,skenp001,lorem002
2026,TEX202605120,2026-05-12,0,TEX,ARI,7.0,4.0,ARL03,gorem001,gallz001
2026,TOR202605120,2026-05-12,0,TOR,TBA,6.0,7.0,TOR02,corbp001,mccls003
2026,ATH202605130,2026-05-13,0,ATH,SLN,6.0,2.0,SAC01,ginnj001,libem001
2026,ATL202605130,2026-05-13,0,ATL,CHN,4.0,1.0,ATL03,mlbam702275,imans001
2026,BAL202605130,2026-05-13,0,BAL,NYA,7.0,0.0,BAL12,bradk001,friem001
2026,BOS202605130,2026-05-13,0,BOS,PHI,3.0,1.0,BOS07,grays001,mlbam691725
2026,CHA202605130,2026-05-13,0,CHA,KCA,6.0,5.0,CHI12,mlbam702273,lugos001
2026,CIN202605130,2026-05-13,0,CIN,WAS,7.0,8.0,CIN09,lodon001,irvij001
2026,CLE202605130,2026-05-13,0,CLE,ANA,4.0,2.0,CLE08,messp001,detmr001
2026,HOU202605130,2026-05-13,0,HOU,SEA,4.0,3.0,HOU03,mccul002,millb004
2026,LAN202605130,2026-05-13,0,LAN,SFN,4.0,0.0,LOS03,ohtas001,ray-r002
2026,MIL202605130,2026-05-13,0,MIL,SDN,1.0,3.0,MIL06,misij001,kingm002
2026,MIN202605130,2026-05-13,0,MIN,MIA,5.0,9.0,MIN04,woods002,meyem001
2026,NYN202605130,2026-05-13,0,NYN,DET,3.0,2.0,NYC20,scotc001,valdf001
2026,PIT202605130,2026-05-13,0,PIT,COL,4.0,10.0,PIT08,kellm003,quinj001
2026,TEX202605130,2026-05-13,0,TEX,ARI,6.0,5.0,ARL03,rockk001,nelsr003
2026,TOR202605130,2026-05-13,0,TOR,TBA,5.0,3.0,TOR02,ceasd001,jax-g001
2026,ATH202605140,2026-05-14,0,ATH,SLN,4.0,5.0,SAC01,lopej007,mcgrm001
2026,ATL202605140,2026-05-14,0,ATL,CHN,0.0,2.0,ATL03,salec001,browb006
2026,BOS202605140,2026-05-14,0,BOS,PHI,1.0,3.0,BOS07,suarr001,luzaj001
2026,CHA202605140,2026-05-14,0,CHA,KCA,6.0,2.0,CHI12,kay-a001,bubik001
2026,CIN202605140,2026-05-14,0,CIN,WAS,15.0,1.0,CIN09,burnc003,griff001
2026,HOU202605140,2026-05-14,0,HOU,SEA,3.0,8.0,HOU03,burrm001,castl003
2026,LAN202605140,2026-05-14,0,LAN,SFN,5.0,2.0,LOS03,sheee001,roupl001
2026,MIL202605140,2026-05-14,0,MIL,SDN,7.0,1.0,MIL06,harrk001,canng001
2026,MIN202605140,2026-05-14,0,MIN,MIA,9.0,1.0,MIN04,mattz001,garrb001
2026,NYN202605140,2026-05-14,0,NYN,DET,9.0,4.0,NYC20,mclen001,montk001
2026,PIT202605140,2026-05-14,0,PIT,COL,7.0,2.0,PIT08,montm003,dollc001
2026,ANA202605150,2026-05-15,0,ANA,LAN,0.0,6.0,ANA01,kochj001,kleiw001
2026,ATH202605150,2026-05-15,0,ATH,SFN,5.0,2.0,SAC01,civaa001,mahlt001
2026,ATL202605150,2026-05-15,0,ATL,BOS,3.0,2.0,ATL03,stris002,earlc001
2026,CHA202605150,2026-05-15,0,CHA,CHN,5.0,10.0,CHI12,burks001,cabre003
2026,CLE202605150,2026-05-15,0,CLE,CIN,6.0,7.0,CLE08,bibet001,abboa001
2026,COL202605150,2026-05-15,0,COL,ARI,1.0,9.0,DEN02,freek001,kellm002
2026,DET202605150,2026-05-15,0,DET,TOR,3.0,2.0,DET05,hanib001,yesat001
2026,HOU202605150,2026-05-15,0,HOU,TEX,2.0,0.0,HOU03,arris001,leitj001
2026,MIN202605150,2026-05-15,0,MIN,MIL,2.0,3.0,MIN04,ryanj002,mlbam689441
2026,NYN202605150,2026-05-15,0,NYN,NYA,2.0,5.0,NYC20,holmc001,schlc001
2026,PIT202605150,2026-05-15,0,PIT,PHI,9.0,11.0,PIT08,ashcb001,nolaa001
2026,SEA202605150,2026-05-15,0,SEA,SDN,0.0,2.0,SEA03,hance001,vasqr001
2026,SLN202605150,2026-05-15,0,SLN,KCA,5.0,4.0,STL10,may-d003,wachm001
2026,TBA202605150,2026-05-15,0,TBA,MIA,7.0,2.0,TAM02,seymi001,junkj001
2026,WAS202605150,2026-05-15,0,WAS,BAL,3.0,2.0,WAS11,littz001,baz-s001
2026,ANA202605160,2026-05-16,0,ANA,LAN,2.0,15.0,ANA01,sorij002,wrobj001
2026,ATH202605160,2026-05-16,0,ATH,SFN,4.0,6.0,SAC01,sevel001,mcdot001
2026,ATL202605160,2026-05-16,0,ATL,BOS,2.0,3.0,ATL03,eldeb001,tollp001
2026,CHA202605160,2026-05-16,0,CHA,CHN,8.0,3.0,CHI12,martd006,tailj001
2026,CLE202605160,2026-05-16,0,CLE,CIN,7.0,4.0,CLE08,cantj002,paddc001
2026,COL202605160,2026-05-16,0,COL,ARI,4.0,2.0,DEN02,sugat001,rodre004
2026,DET202605160,2026-05-16,0,DET,TOR,1.0,2.0,DET05,mizec001,fluhm001
2026,HOU202605160,2026-05-16,0,HOU,TEX,4.0,1.0,HOU03,tengk001,degrj001
2026,MIN202605160,2026-05-16,0,MIN,MIL,1.0,2.0,MIN04,mlbam687570,hendl002
2026,NYN202605160,2026-05-16,0,NYN,NYA,6.0,3.0,NYC20,brazh001,rodoc001
2026,PIT202605160,2026-05-16,0,PIT,PHI,0.0,6.0,PIT08,chanb001,sancc002
2026,SEA202605160,2026-05-16,0,SEA,SDN,4.0,7.0,SEA03,gilbl002,buehw001
2026,SLN202605160,2026-05-16,0,SLN,KCA,4.0,2.0,STL10,leahk001,camen001
2026,TBA202605160,2026-05-16,0,TBA,MIA,5.0,10.0,TAM02,martn002,alcas001
2026,WAS202605160,2026-05-16,0,WAS,BAL,13.0,3.0,WAS11,cavac001,bassc001
2026,ANA202605170,2026-05-17,0,ANA,LAN,1.0,10.0,ANA01,rodrg003,sasar001
2026,ATH202605170,2026-05-17,0,ATH,SFN,1.0,10.0,SAC01,sprij001,housa001
2026,ATL202605170,2026-05-17,0,ATL,BOS,8.0,1.0,ATL03,holmg001,bellb002
2026,CHA202605170,2026-05-17,0,CHA,CHN,9.0,8.0,CHI12,fedde001,rea-c001
2026,CLE202605170,2026-05-17,0,CLE,CIN,10.0,3.0,CLE08,willg004,singb001
2026,COL202605170,2026-05-17,0,COL,ARI,6.0,8.0,DEN02,lorem002,sorom001
2026,DET202605170,2026-05-17,0,DET,TOR,1.0,4.0,DET05,flahj002,gausk001
2026,HOU202605170,2026-05-17,0,HOU,TEX,0.0,8.0,HOU03,lambp001,eovan001
2026,MIN202605170,2026-05-17,0,MIN,MIL,5.0,4.0,MIN04,oberb002,gassr001
2026,NYN202605170,2026-05-17,0,NYN,NYA,7.0,6.0,NYC20,peraf001,mlbam695684
2026,PIT202605170,2026-05-17,0,PIT,PHI,0.0,6.0,PIT08,skenp001,wheez001
2026,SEA202605170,2026-05-17,0,SEA,SDN,3.0,8.0,SEA03,kirbg001,gioll001
2026,SLN202605170,2026-05-17,0,SLN,KCA,0.0,2.0,STL10,palla001,koles001
2026,TBA202605170,2026-05-17,0,TBA,MIA,6.0,3.0,TAM02,rasmd002,peree004
2026,WAS202605170,2026-05-17,0,WAS,BAL,3.0,7.0,WAS11,lover001,younb001
2026,ANA202605180,2026-05-18,0,ANA,ATH,2.0,1.0,ANA01,mlbam700712,ginnj001
2026,ARI202605180,2026-05-18,0,ARI,SFN,12.0,2.0,PHO01,gallz001,ray-r002
2026,CHN202605180,2026-05-18,0,CHN,MIL,3.0,9.0,CHI11,imans001,sprob001
2026,COL202605180,2026-05-18,0,COL,TEX,7.0,6.0,DEN02,quinj001,gorem001
2026,DET202605180,2026-05-18,0,DET,CLE,2.0,8.0,DET05,valdf001,ceccs001
2026,KCA202605180,2026-05-18,0,KCA,BOS,1.0,3.0,KAN06,lugos001,grays001
2026,MIA202605180,2026-05-18,0,MIA,ATL,12.0,0.0,MIA02,meyem001,mlbam702275
2026,MIN202605180,2026-05-18,0,MIN,HOU,6.0,3.0,MIN04,mlbam696070,mlbam837227
2026,NYA202605180,2026-05-18,0,NYA,TOR,7.0,6.0,NYC21,weatr001,corbp001
2026,PHI202605180,2026-05-18,0,PHI,CIN,5.0,4.0,PHI13,mlbam691725,lodon001
2026,SDN202605180,2026-05-18,0,SDN,LAN,1.0,0.0,SAN02,kingm002,yamay001
2026,SEA202605180,2026-05-18,0,SEA,CHA,6.0,1.0,SEA03,woo-b001,mlbam702273
2026,TBA202605180,2026-05-18,0,TBA,BAL,16.0,6.0,TAM02,mccls003,roget003
2026,WAS202605180,2026-05-18,0,WAS,NYN,7.0,16.0,WAS11,irvij001,scotc001
2026,ANA202605190,2026-05-19,0,ANA,ATH,6.0,14.0,ANA01,detmr001,lopej007
2026,ARI202605190,2026-05-19,0,ARI,SFN,5.0,3.0,PHO01,nelsr003,roupl001
2026,CHN202605190,2026-05-19,0,CHN,MIL,2.0,5.0,CHI11,browb006,misij001
2026,COL202605190,2026-05-19,0,COL,TEX,0.0,10.0,DEN02,peras001,alext001
2026,DET202605190,2026-05-19,0,DET,CLE,3.0,4.0,DET05,montk001,messp001
2026,KCA202605190,2026-05-19,0,KCA,BOS,1.0,7.0,KAN06,faltb001,suarr001
2026,MIA202605190,2026-05-19,0,MIA,ATL,4.0,8.0,MIA02,garrb001,perem004
2026,MIN202605190,2026-05-19,0,MIN,HOU,1.0,2.0,MIN04,mattz001,alexj001
2026,NYA202605190,2026-05-19,0,NYA,TOR,5.0,4.0,NYC21,warrw001,ceasd001
2026,PHI202605190,2026-05-19,0,PHI,CIN,1.0,4.0,PHI13,luzaj001,burnc003
2026,SDN202605190,2026-05-19,0,SDN,LAN,4.0,5.0,SAN02,canng001,sheee001
2026,SEA202605190,2026-05-19,0,SEA,CHA,1.0,2.0,SEA03,millb004,kay-a001
2026,SLN202605190,2026-05-19,0,SLN,PIT,9.0,6.0,STL10,libem001,kellm003
2026,TBA202605190,2026-05-19,0,TBA,BAL,4.0,1.0,TAM02,jax-g001,bradk001
2026,WAS202605190,2026-05-19,0,WAS,NYN,9.0,6.0,WAS11,griff001,mclen001
2026,ANA202605200,2026-05-20,0,ANA,ATH,5.0,6.0,ANA01,kochj001,civaa001
2026,ARI202605200,2026-05-20,0,ARI,SFN,6.0,3.0,PHO01,kellm002,mahlt001
2026,CHN202605200,2026-05-20,0,CHN,MIL,0.0,5.0,CHI11,cabre003,harrk001
2026,COL202605200,2026-05-20,0,COL,TEX,4.0,5.0,DEN02,freek001,leitj001
2026,DET202605200,2026-05-20,0,DET,CLE,2.0,3.0,DET05,anded003,bibet001
2026,KCA202605200,2026-05-20,0,KCA,BOS,3.0,4.0,KAN06,wachm001,earlc001
2026,MIA202605200,2026-05-20,0,MIA,ATL,1.0,9.0,MIA02,junkj001,salec001
2026,MIN202605200,2026-05-20,0,MIN,HOU,4.0,1.0,MIN04,ryanj002,burrm001
2026,NYA202605200,2026-05-20,0,NYA,TOR,1.0,2.0,NYC21,schlc001,yesat001
2026,PHI202605200,2026-05-20,0,PHI,CIN,4.0,9.0,PHI13,nolaa001,abboa001
2026,SDN202605200,2026-05-20,0,SDN,LAN,0.0,4.0,SAN02,vasqr001,ohtas001
2026,SEA202605200,2026-05-20,0,SEA,CHA,5.0,4.0,SEA03,hance001,burks001
2026,SLN202605200,2026-05-20,0,SLN,PIT,0.0,7.0,STL10,mcgrm001,mlodc001
2026,TBA202605200,2026-05-20,0,TBA,BAL,5.0,3.0,TAM02,matzs001,baz-s001
2026,WAS202605200,2026-05-20,0,WAS,NYN,8.0,4.0,WAS11,littz001,mlbam804267
2026,ANA202605210,2026-05-21,0,ANA,ATH,2.0,3.0,ANA01,sorij002,sevel001
2026,ARI202605210,2026-05-21,0,ARI,COL,2.0,1.0,PHO01,rodre004,agnoz001
2026,DET202605210,2026-05-21,0,DET,CLE,1.0,3.0,DET05,mizec001,cantj002
2026,MIA202605210,2026-05-21,0,MIA,ATL,3.0,9.0,MIA02,alcas001,stris002
2026,NYA202605210,2026-05-21,0,NYA,TOR,0.0,2.0,NYC21,rodoc001,fishb002
2026,SLN202605210,2026-05-21,0,SLN,PIT,2.0,6.0,STL10,may-d003,ashcb001
2026,WAS202605210,2026-05-21,0,WAS,NYN,1.0,2.0,WAS11,cavac001,peted003
2026,ANA202605220,2026-05-22,0,ANA,TEX,9.0,6.0,ANA01,rodrg003,degrj001
2026,ARI202605220,2026-05-22,0,ARI,COL,2.0,3.0,PHO01,sorom001,sugat001
2026,ATL202605220,2026-05-22,0,ATL,WAS,5.0,4.0,ATL03,eldeb001,lover001
2026,BAL202605220,2026-05-22,0,BAL,DET,7.0,4.0,BAL12,akink001,flahj002
2026,BOS202605220,2026-05-22,0,BOS,MIN,6.0,8.0,BOS07,tollp001,mlbam687570
2026,CHN202605220,2026-05-22,0,CHN,HOU,2.0,4.0,CHI11,tailj001,arris001
2026,CIN202605220,2026-05-22,0,CIN,SLN,,,CIN09,paddc001,palla001
2026,KCA202605220,2026-05-22,0,KCA,SEA,0.0,2.0,KAN06,camen001,gilbl002
2026,MIA202605220,2026-05-22,0,MIA,NYN,2.0,1.0,MIA02,peree004,myert001
2026,MIL202605220,2026-05-22,0,MIL,LAN,5.0,1.0,MIL06,hendl002,wrobj001
2026,NYA202605220,2026-05-22,0,NYA,TBA,2.0,4.0,NYC21,coleg001,martn002
2026,PHI202605220,2026-05-22,0,PHI,CLE,0.0,1.0,PHI13,sancc002,willg004
2026,SDN202605220,2026-05-22,0,SDN,ATH,7.0,3.0,SAN02,buehw001,sprij001
2026,SFN202605220,2026-05-22,0,SFN,CHA,4.0,9.0,SFO03,mcdot001,martd006
2026,TOR202605220,2026-05-22,0,TOR,PIT,6.0,2.0,TOR02,gausk001,chanb001
2026,ANA202605230,2026-05-23,0,ANA,TEX,5.0,2.0,ANA01,mlbam700712,eovan001
2026,ARI202605230,2026-05-23,0,ARI,COL,5.0,4.0,PHO01,gallz001,lorem002
2026,ATL202605230,2026-05-23,0,ATL,WAS,0.0,2.0,ATL03,holmg001,irvij001
2026,BAL202605230,2026-05-23,0,BAL,DET,,,BAL12,roget003,meltt001
2026,BOS202605230,2026-05-23,0,BOS,MIN,2.0,4.0,BOS07,moraj003,bradt002
2026,CHN202605230,2026-05-23,0,CHN,HOU,0.0,3.0,CHI11,rea-c001,tengk001
2026,CIN202605230,2026-05-23,0,CIN,SLN,1.0,8.0,CIN09,paddc001,palla001
2026,CIN202605231,2026-05-23,1,CIN,SLN,7.0,6.0,CIN09,pettc002,leahk001
2026,KCA202605230,2026-05-23,0,KCA,SEA,5.0,0.0,KAN06,koles001,kirbg001
2026,MIA202605230,2026-05-23,0,MIA,NYN,4.0,1.0,MIA02,meyem001,peraf001
2026,MIL202605230,2026-05-23,0,MIL,LAN,3.0,11.0,MIL06,gassr001,sasar001
2026,NYA202605230,2026-05-23,0,NYA,TBA,,,NYC21,,
2026,PHI202605230,2026-05-23,0,PHI,CLE,3.0,0.0,PHI13,wheez001,ceccs001
2026,SDN202605230,2026-05-23,0,SDN,ATH,2.0,0.0,SAN02,gioll001,ginnj001
2026,SFN202605230,2026-05-23,0,SFN,CHA,10.0,3.0,SFO03,housa001,hudsb001
2026,TOR202605230,2026-05-23,0,TOR,PIT,5.0,2.0,TOR02,corbp001,skenp001
2026,ANA202605240,2026-05-24,0,ANA,TEX,2.0,1.0,ANA01,detmr001,gorem001
2026,ARI202605240,2026-05-24,0,ARI,COL,9.0,1.0,PHO01,nelsr003,quinj001
2026,ATL202605240,2026-05-24,0,ATL,WAS,1.0,2.0,ATL03,perem004,griff001
2026,BAL202605240,2026-05-24,0,BAL,DET,5.0,3.0,BAL12,younb001,valdf001
2026,BAL202605241,2026-05-24,1,BAL,DET,1.0,4.0,BAL12,roget003,meltt001
2026,BOS202605240,2026-05-24,0,BOS,MIN,5.0,6.0,BOS07,grays001,oberb002
2026,CHN202605240,2026-05-24,0,CHN,HOU,5.0,8.0,CHI11,imans001,lambp001
2026,CIN202605240,2026-05-24,0,CIN,SLN,,,CIN09,emank001,mlbam687273
2026,KCA202605240,2026-05-24,0,KCA,SEA,8.0,6.0,KAN06,lugos001,woo-b001
2026,MIA202605240,2026-05-24,0,MIA,NYN,4.0,0.0,MIA02,philt002,scotc001
2026,MIL202605240,2026-05-24,0,MIL,LAN,1.0,5.0,MIL06,sprob001,yamay001
2026,NYA202605240,2026-05-24,0,NYA,TBA,2.0,0.0,NYC21,weatr001,rasmd002
2026,PHI202605240,2026-05-24,0,PHI,CLE,1.0,3.0,PHI13,mlbam691725,messp001
2026,SDN202605240,2026-05-24,0,SDN,ATH,2.0,5.0,SAN02,kingm002,medil002
2026,SFN202605240,2026-05-24,0,SFN,CHA,8.0,5.0,SFO03,ray-r002,mlbam702273
2026,TOR202605240,2026-05-24,0,TOR,PIT,1.0,4.0,TOR02,ceasd001,kellm003
2026,ATH202605250,2026-05-25,0,ATH,SEA,2.0,9.0,SAC01,civaa001,castl003
2026,BAL202605250,2026-05-25,0,BAL,TBA,9.0,7.0,BAL12,bradk001,mccls003
2026,CHA202605250,2026-05-25,0,CHA,MIN,3.0,1.0,CHI12,kay-a001,mattz001
2026,CLE202605250,2026-05-25,0,CLE,WAS,2.0,10.0,CLE08,bibet001,poulp001
2026,KCA202605250,2026-05-25,0,KCA,NYA,3.0,4.0,KAN06,wachm001,warrw001
2026,LAN202605250,2026-05-25,0,LAN,COL,5.0,3.0,LOS03,sheee001,gordt002
2026,MIL202605250,2026-05-25,0,MIL,SLN,5.0,1.0,MIL06,misij001,libem001
2026,NYN202605250,2026-05-25,0,NYN,CIN,2.0,7.0,NYC20,mclen001,lodon001
2026,PIT202605250,2026-05-25,0,PIT,CHN,2.0,1.0,PIT08,mlodc001,browb006
2026,SDN202605250,2026-05-25,0,SDN,PHI,0.0,3.0,SAN02,canng001,luzaj001
2026,SFN202605250,2026-05-25,0,SFN,ARI,2.0,6.0,SFO03,roupl001,kellm002
2026,TEX202605250,2026-05-25,0,TEX,HOU,0.0,9.0,ARL03,rockk001,mlbam837227
2026,TOR202605250,2026-05-25,0,TOR,MIA,2.0,8.0,TOR02,yesat001,junkj001
2026,ATH202605260,2026-05-26,0,ATH,SEA,1.0,4.0,SAC01,mlbam695611,hance001
2026,BAL202605260,2026-05-26,0,BAL,TBA,6.0,1.0,BAL12,baz-s001,jax-g001
2026,BOS202605260,2026-05-26,0,BOS,ATL,6.0,7.0,BOS07,suarr001,stris002
2026,CHA202605260,2026-05-26,0,CHA,MIN,3.0,5.0,CHI12,burks001,ryanj002
2026,CLE202605260,2026-05-26,0,CLE,WAS,3.0,6.0,CLE08,cantj002,cavac001
2026,DET202605260,2026-05-26,0,DET,ANA,6.0,10.0,DET05,montk001,kochj001
2026,KCA202605260,2026-05-26,0,KCA,NYA,1.0,15.0,KAN06,faltb001,schlc001
2026,LAN202605260,2026-05-26,0,LAN,COL,15.0,6.0,LOS03,lauee001,freek001
2026,MIL202605260,2026-05-26,0,MIL,SLN,6.0,0.0,MIL06,harrk001,mcgrm001
2026,NYN202605260,2026-05-26,0,NYN,CIN,2.0,7.0,NYC20,peted003,burnc003
2026,PIT202605260,2026-05-26,0,PIT,CHN,12.0,1.0,PIT08,ashcb001,wickj001
2026,SDN202605260,2026-05-26,0,SDN,PHI,3.0,4.0,SAN02,vasqr001,nolaa001
2026,SFN202605260,2026-05-26,0,SFN,ARI,5.0,7.0,SFO03,mahlt001,rodre004
2026,TEX202605260,2026-05-26,0,TEX,HOU,10.0,7.0,ARL03,leitj001,alexj001
2026,TOR202605260,2026-05-26,0,TOR,MIA,8.0,1.0,TOR02,fishb002,alcas001
2026,ATH202605270,2026-05-27,0,ATH,SEA,1.0,9.0,SAC01,sprij001,gilbl002
2026,BAL202605270,2026-05-27,0,BAL,TBA,11.0,2.0,BAL12,mlbam694346,matzs001
2026,BOS202605270,2026-05-27,0,BOS,ATL,8.0,0.0,BOS07,earlc001,eldeb001
2026,CHA202605270,2026-05-27,0,CHA,MIN,15.0,2.0,CHI12,mlbam689818,mlbam687570
2026,CLE202605270,2026-05-27,0,CLE,WAS,3.0,2.0,CLE08,willg004,poulp001
2026,DET202605270,2026-05-27,0,DET,ANA,4.0,0.0,DET05,mizec001,sorij002
2026,KCA202605270,2026-05-27,0,KCA,NYA,0.0,7.0,KAN06,camen001,coleg001
2026,LAN202605270,2026-05-27,0,LAN,COL,4.0,1.0,LOS03,ohtas001,sugat001
2026,MIL202605270,2026-05-27,0,MIL,SLN,2.0,1.0,MIL06,patrc001,may-d003
2026,NYN202605270,2026-05-27,0,NYN,CIN,4.0,2.0,NYC20,brazh001,abboa001
2026,PIT202605270,2026-05-27,0,PIT,CHN,4.0,10.0,PIT08,chanb001,tailj001
2026,SDN202605270,2026-05-27,0,SDN,PHI,0.0,3.0,SAN02,buehw001,sancc002
2026,SFN202605270,2026-05-27,0,SFN,ARI,2.0,3.0,SFO03,mcdot001,sorom001
2026,TEX202605270,2026-05-27,0,TEX,HOU,3.0,4.0,ARL03,degrj001,burrm001
2026,TOR202605270,2026-05-27,0,TOR,MIA,2.0,1.0,TOR02,gausk001,peree004
2026,BAL202605280,2026-05-28,0,BAL,TOR,1.0,2.0,BAL12,bassc001,corbp001
2026,BOS202605280,2026-05-28,0,BOS,ATL,2.0,10.0,BOS07,tollp001,salec001
2026,CHA202605280,2026-05-28,0,CHA,MIN,6.0,2.0,CHI12,martd006,woods002
2026,DET202605280,2026-05-28,0,DET,ANA,1.0,7.0,DET05,flahj002,rodrg003
2026,PIT202605280,2026-05-28,0,PIT,CHN,2.0,7.0,PIT08,skenp001,rea-c001
2026,TEX202605280,2026-05-28,0,TEX,HOU,1.0,5.0,ARL03,eovan001,arris001
2026,ATH202605290,2026-05-29,0,ATH,NYA,2.0,8.0,SAC01,sevel001,rodoc001
2026,BAL202605290,2026-05-29,0,BAL,TOR,5.0,6.0,BAL12,roget003,mlbam671936
2026,CHA202605290,2026-05-29,0,CHA,DET,4.0,3.0,CHI12,eiseb001,meltt001
2026,CIN202605290,2026-05-29,0,CIN,ATL,3.0,8.0,CIN09,paddc001,holmg001
2026,CLE202605290,2026-05-29,0,CLE,BOS,4.0,3.0,CLE08,ceccs001,mlbam701719
2026,COL202605290,2026-05-29,0,COL,SFN,8.0,6.0,DEN02,lorem002,webbl001
2026,HOU202605290,2026-05-29,0,HOU,MIL,4.0,5.0,HOU03,tengk001,mlbam689441
2026,LAN202605290,2026-05-29,0,LAN,PHI,4.0,2.0,LOS03,wrobj001,wheez001
2026,NYN202605290,2026-05-29,0,NYN,MIA,9.0,7.0,NYC20,peraf001,meyem001
2026,PIT202605290,2026-05-29,0,PIT,MIN,6.0,5.0,PIT08,jonej008,bradt002
2026,SEA202605290,2026-05-29,0,SEA,ARI,7.0,6.0,SEA03,kirbg001,gallz001
2026,SLN202605290,2026-05-29,0,SLN,CHN,6.0,5.0,STL10,palla001,imans001
2026,TBA202605290,2026-05-29,0,TBA,ANA,8.0,5.0,TAM02,martn002,mlbam700712
2026,TEX202605290,2026-05-29,0,TEX,KCA,9.0,1.0,ARL03,gorem001,koles001
2026,WAS202605290,2026-05-29,0,WAS,SDN,5.0,7.0,WAS11,schup002,gioll001
2026,ATH202605300,2026-05-30,0,ATH,NYA,6.0,4.0,SAC01,ginnj001,weatr001
2026,BAL202605300,2026-05-30,0,BAL,TOR,6.0,5.0,BAL12,younb001,yesat001
2026,CHA202605300,2026-05-30,0,CHA,DET,7.0,1.0,CHI12,kay-a001,valdf001
2026,CIN202605300,2026-05-30,0,CIN,ATL,2.0,5.0,CIN09,singb001,perem004
2026,CLE202605300,2026-05-30,0,CLE,BOS,1.0,9.0,CLE08,messp001,grays001
2026,COL202605300,2026-05-30,0,COL,SFN,8.0,3.0,DEN02,feltr001,housa001
2026,HOU202605300,2026-05-30,0,HOU,MIL,9.0,2.0,HOU03,lambp001,sprob001
2026,LAN202605300,2026-05-30,0,LAN,PHI,3.0,4.0,LOS03,sasar001,luzaj001
2026,NYN202605300,2026-05-30,0,NYN,MIA,6.0,1.0,NYC20,scotc001,philt002
2026,PIT202605300,2026-05-30,0,PIT,MIN,10.0,9.0,PIT08,kellm003,oberb002
2026,SEA202605300,2026-05-30,0,SEA,ARI,5.0,1.0,SEA03,woo-b001,nelsr003
2026,SLN202605300,2026-05-30,0,SLN,CHN,1.0,6.0,STL10,leahk001,browb006
2026,TBA202605300,2026-05-30,0,TBA,ANA,3.0,14.0,TAM02,rasmd002,detmr001
2026,TEX202605300,2026-05-30,0,TEX,KCA,7.0,6.0,ARL03,rockk001,lugos001
2026,WAS202605300,2026-05-30,0,WAS,SDN,9.0,4.0,WAS11,griff001,kingm002
2026,ATH202605310,2026-05-31,0,ATH,NYA,8.0,13.0,SAC01,lopej007,warrw001
2026,BAL202605310,2026-05-31,0,BAL,TOR,9.0,5.0,BAL12,bradk001,mlbam693686
2026,CHA202605310,2026-05-31,0,CHA,DET,2.0,1.0,CHI12,burks001,montk001
2026,CIN202605310,2026-05-31,0,CIN,ATL,6.0,4.0,CIN09,lodon001,stris002
2026,CLE202605310,2026-05-31,0,CLE,BOS,4.0,9.0,CLE08,bibet001,suarr001
2026,COL202605310,2026-05-31,0,COL,SFN,6.0,19.0,DEN02,gordt002,ray-r002
2026,HOU202605310,2026-05-31,0,HOU,MIL,0.0,2.0,HOU03,mlbam837227,misij001
2026,LAN202605310,2026-05-31,0,LAN,PHI,9.0,1.0,LOS03,yamay001,mlbam691725
2026,NYN202605310,2026-05-31,0,NYN,MIA,10.0,1.0,NYC20,mclen001,kingj002
2026,PIT202605310,2026-05-31,0,PIT,MIN,9.0,3.0,PIT08,ashcb001,mattz001
2026,SEA202605310,2026-05-31,0,SEA,ARI,3.0,2.0,SEA03,millb004,kellm002
2026,SLN202605310,2026-05-31,0,SLN,CHN,5.0,1.0,STL10,libem001,wickj001
2026,TBA202605310,2026-05-31,0,TBA,ANA,5.0,2.0,TAM02,mccls003,kochj001
2026,TEX202605310,2026-05-31,0,TEX,KCA,6.0,3.0,ARL03,leitj001,wachm001
2026,WAS202605310,2026-05-31,0,WAS,SDN,4.0,2.0,WAS11,littz001,canng001
2026,ANA202606010,2026-06-01,0,ANA,COL,8.0,9.0,ANA01,sorij002,freek001
2026,ARI202606010,2026-06-01,0,ARI,LAN,4.0,1.0,PHO01,rodre004,sheee001
2026,CIN202606010,2026-06-01,0,CIN,KCA,2.0,9.0,CIN09,richl001,avill002
2026,MIL202606010,2026-06-01,0,MIL,SFN,16.0,2.0,MIL06,mlbam675660,roupl001
2026,MIN202606010,2026-06-01,0,MIN,CHA,9.0,6.0,MIN04,ryanj002,mlbam689818
2026,SEA202606010,2026-06-01,0,SEA,NYN,3.0,2.0,SEA03,hance001,warra003
2026,SLN202606010,2026-06-01,0,SLN,TEX,1.0,2.0,STL10,mcgrm001,degrj001
2026,TBA202606010,2026-06-01,0,TBA,DET,9.0,10.0,TAM02,jax-g001,maddt001
2026,WAS202606010,2026-06-01,0,WAS,MIA,3.0,7.0,WAS11,cavac001,alcas001
2026,ANA202606020,2026-06-02,0,ANA,COL,2.0,8.0,ANA01,rodrg003,sugat001
2026,ARI202606020,2026-06-02,0,ARI,LAN,5.0,6.0,PHO01,sorom001,lauee001
2026,ATL202606020,2026-06-02,0,ATL,TOR,4.0,3.0,ATL03,eldeb001,gausk001
2026,BOS202606020,2026-06-02,0,BOS,BAL,2.0,4.0,BOS07,earlc001,baz-s001
2026,CHN202606020,2026-06-02,0,CHN,ATH,1.0,2.0,CHI11,tailj001,mlbam695611
2026,CIN202606020,2026-06-02,0,CIN,KCA,4.0,3.0,CIN09,abboa001,camen001
2026,HOU202606020,2026-06-02,0,HOU,PIT,6.0,10.0,HOU03,burrm001,chanb001
2026,MIL202606020,2026-06-02,0,MIL,SFN,8.0,3.0,MIL06,harrk001,mcdot001
2026,MIN202606020,2026-06-02,0,MIN,CHA,6.0,4.0,MIN04,mlbam687570,martd006
2026,NYA202606020,2026-06-02,0,NYA,CLE,4.0,9.0,NYC21,schlc001,cantj002
2026,PHI202606020,2026-06-02,0,PHI,SDN,3.0,2.0,PHI13,nolaa001,vasqr001
2026,SEA202606020,2026-06-02,0,SEA,NYN,8.0,3.0,SEA03,gilbl002,brazh001
2026,SLN202606020,2026-06-02,0,SLN,TEX,4.0,7.0,STL10,may-d003,eovan001
2026,TBA202606020,2026-06-02,0,TBA,DET,0.0,8.0,TAM02,matzs001,flahj002
2026,WAS202606020,2026-06-02,0,WAS,MIA,3.0,7.0,WAS11,lover001,bachl001
2026,ANA202606030,2026-06-03,0,ANA,COL,11.0,4.0,ANA01,mlbam700712,lorem002
2026,ARI202606030,2026-06-03,0,ARI,LAN,0.0,7.0,PHO01,gallz001,ohtas001
2026,ATL202606030,2026-06-03,0,ATL,TOR,7.0,3.0,ATL03,holmg001,corbp001
2026,BOS202606030,2026-06-03,0,BOS,BAL,8.0,1.0,BOS07,tollp001,bassc001
2026,CHN202606030,2026-06-03,0,CHN,ATH,4.0,5.0,CHI11,rea-c001,sprij001
2026,CIN202606030,2026-06-03,0,CIN,KCA,2.0,5.0,CIN09,burnc003,koles001
2026,HOU202606030,2026-06-03,0,HOU,PIT,11.0,9.0,HOU03,arris001,skenp001
2026,MIL202606030,2026-06-03,0,MIL,SFN,0.0,1.0,MIL06,gassr001,webbl001
2026,MIN202606030,2026-06-03,0,MIN,CHA,0.0,8.0,MIN04,bradt002,fedde001
2026,NYA202606030,2026-06-03,0,NYA,CLE,4.0,5.0,NYC21,coleg001,willg004
2026,PHI202606030,2026-06-03,0,PHI,SDN,3.0,2.0,PHI13,sancc002,buehw001
2026,SEA202606030,2026-06-03,0,SEA,NYN,1.0,7.0,SEA03,kirbg001,peraf001
2026,SLN202606030,2026-06-03,0,SLN,TEX,5.0,3.0,STL10,palla001,gorem001
2026,TBA202606030,2026-06-03,0,TBA,DET,2.0,7.0,TAM02,martn002,meltt001
2026,WAS202606030,2026-06-03,0,WAS,MIA,1.0,4.0,WAS11,alvaa003,meyem001
2026,ARI202606040,2026-06-04,0,ARI,LAN,3.0,2.0,PHO01,nelsr003,wrobj001
2026,ATL202606040,2026-06-04,0,ATL,TOR,2.0,7.0,ATL03,salec001,fluhm001
2026,BOS202606040,2026-06-04,0,BOS,BAL,2.0,8.0,BOS07,bellb002,roget003
2026,CHN202606040,2026-06-04,0,CHN,ATH,7.0,6.0,CHI11,imans001,ginnj001
2026,HOU202606040,2026-06-04,0,HOU,PIT,1.0,5.0,HOU03,tengk001,jonej008
2026,MIL202606040,2026-06-04,0,MIL,SFN,9.0,12.0,MIL06,mlbam689441,housa001
2026,MIN202606040,2026-06-04,0,MIN,KCA,6.0,8.0,MIN04,mlbam702193,lugos001
2026,NYA202606040,2026-06-04,0,NYA,CLE,2.0,1.0,NYC21,rodoc001,ceccs001
2026,PHI202606040,2026-06-04,0,PHI,SDN,6.0,4.0,PHI13,wheez001,gioll001
2026,ARI202606050,2026-06-05,0,ARI,WAS,1.0,14.0,PHO01,kellm002,griff001
2026,ATL202606050,2026-06-05,0,ATL,PIT,6.0,3.0,ATL03,perem004,kellm003
2026,CHN202606050,2026-06-05,0,CHN,SFN,3.0,18.0,CHI11,cabre003,ray-r002
2026,COL202606050,2026-06-05,0,COL,MIL,7.0,9.0,DEN02,feltr001,sprob001
2026,DET202606050,2026-06-05,0,DET,SEA,7.0,3.0,DET05,valdf001,woo-b001
2026,HOU202606050,2026-06-05,0,HOU,ATH,5.0,1.0,HOU03,lambp001,perkj001
2026,LAN202606050,2026-06-05,0,LAN,ANA,1.0,0.0,LOS03,sasar001,detmr001
2026,MIA202606050,2026-06-05,0,MIA,TBA,0.0,6.0,MIA02,gustr001,rasmd002
2026,MIN202606050,2026-06-05,0,MIN,KCA,5.0,3.0,MIN04,mattz001,wachm001
2026,NYA202606050,2026-06-05,0,NYA,BOS,3.0,5.0,NYC21,weatr001,grays001
2026,PHI202606050,2026-06-05,0,PHI,CHA,8.0,6.0,PHI13,luzaj001,kay-a001
2026,SDN202606050,2026-06-05,0,SDN,NYN,0.0,5.0,SAN02,kingm002,scotc001
2026,SLN202606050,2026-06-05,0,SLN,CIN,10.0,3.0,STL10,leahk001,singb001
2026,TEX202606050,2026-06-05,0,TEX,CLE,3.0,2.0,ARL03,rockk001,messp001
2026,TOR202606050,2026-06-05,0,TOR,BAL,3.0,13.0,TOR02,yesat001,younb001
2026,ARI202606060,2026-06-06,0,ARI,WAS,1.0,6.0,PHO01,rodre004,littz001
2026,ATL202606060,2026-06-06,0,ATL,PIT,6.0,3.0,ATL03,stris002,ashcb001
2026,CHN202606060,2026-06-06,0,CHN,SFN,3.0,2.0,CHI11,browb006,roupl001
2026,COL202606060,2026-06-06,0,COL,MIL,1.0,7.0,DEN02,agnoz001,misij001
2026,DET202606060,2026-06-06,0,DET,SEA,0.0,4.0,DET05,montk001,millb004
2026,HOU202606060,2026-06-06,0,HOU,ATH,13.0,2.0,HOU03,mlbam837227,mlbam695034
2026,LAN202606060,2026-06-06,0,LAN,ANA,9.0,2.0,LOS03,yamay001,kochj001
2026,MIA202606060,2026-06-06,0,MIA,TBA,4.0,3.0,MIA02,bachl001,mccls003
2026,MIN202606060,2026-06-06,0,MIN,KCA,2.0,3.0,MIN04,ryanj002,avill002
2026,NYA202606060,2026-06-06,0,NYA,BOS,,,NYC21,rodoc001,mlbam687562
2026,PHI202606060,2026-06-06,0,PHI,CHA,3.0,6.0,PHI13,mlbam691725,eiseb001
2026,SDN202606060,2026-06-06,0,SDN,NYN,3.0,2.0,SAN02,canng001,mclen001
2026,SLN202606060,2026-06-06,0,SLN,CIN,6.0,5.0,STL10,libem001,lodon001
2026,TEX202606060,2026-06-06,0,TEX,CLE,0.0,6.0,ARL03,leitj001,bibet001
2026,TOR202606060,2026-06-06,0,TOR,BAL,6.0,4.0,TOR02,fishb002,bradk001
2026,ARI202606070,2026-06-07,0,ARI,WAS,5.0,1.0,PHO01,sorom001,cavac001
2026,ATL202606070,2026-06-07,0,ATL,PIT,3.0,2.0,ATL03,eldeb001,montm003
2026,CHN202606070,2026-06-07,0,CHN,SFN,1.0,2.0,CHI11,tailj001,mcdot001
2026,COL202606070,2026-06-07,0,COL,MIL,4.0,12.0,DEN02,freek001,mlbam675660
2026,DET202606070,2026-06-07,0,DET,SEA,5.0,4.0,DET05,flahj002,castl003
2026,HOU202606070,2026-06-07,0,HOU,ATH,0.0,5.0,HOU03,burrm001,mlbam695611
2026,LAN202606070,2026-06-07,0,LAN,ANA,5.0,13.0,LOS03,sheee001,sorij002
2026,MIA202606070,2026-06-07,0,MIA,TBA,4.0,1.0,MIA02,alcas001,jax-g001
2026,MIN202606070,2026-06-07,0,MIN,KCA,5.0,6.0,MIN04,mlbam687570,camen001
2026,NYA202606070,2026-06-07,0,NYA,BOS,6.0,1.0,NYC21,schlc001,suarr001
2026,PHI202606070,2026-06-07,0,PHI,CHA,9.0,5.0,PHI13,nolaa001,gilbt001
2026,SDN202606070,2026-06-07,0,SDN,NYN,3.0,7.0,SAN02,vasqr001,brazh001
2026,SLN202606070,2026-06-07,0,SLN,CIN,5.0,3.0,STL10,mcgrm001,lowdr001
2026,TEX202606070,2026-06-07,0,TEX,CLE,10.0,0.0,ARL03,degrj001,cantj002
2026,TOR202606070,2026-06-07,0,TOR,BAL,6.0,4.0,TOR02,gausk001,baz-s001
2026,ANA202606080,2026-06-08,0,ANA,HOU,4.0,5.0,ANA01,rodrg003,arris001
2026,ATH202606080,2026-06-08,0,ATH,MIL,14.0,15.0,SAC01,sprij001,harrk001
2026,BAL202606080,2026-06-08,0,BAL,SEA,3.0,6.0,BAL12,mlbam694346,hance001
2026,CLE202606080,2026-06-08,0,CLE,NYA,5.0,7.0,CLE08,willg004,warrw001
2026,SDN202606080,2026-06-08,0,SDN,CIN,6.0,2.0,SAN02,buehw001,abboa001
2026,SFN202606080,2026-06-08,0,SFN,WAS,3.0,4.0,SFO03,webbl001,lover001
2026,TBA202606080,2026-06-08,0,TBA,BOS,3.0,1.0,TAM02,seymi001,earlc001
2026,TOR202606080,2026-06-08,0,TOR,PHI,2.0,5.0,TOR02,corbp001,sancc002
2026,ANA202606090,2026-06-09,0,ANA,HOU,10.0,1.0,ANA01,mlbam700712,tengk001
2026,ATH202606090,2026-06-09,0,ATH,MIL,7.0,5.0,SAC01,ginnj001,gassr001
2026,BAL202606090,2026-06-09,0,BAL,SEA,5.0,6.0,BAL12,roget003,gilbl002
2026,CHA202606090,2026-06-09,0,CHA,ATL,6.0,5.0,CHI12,eiseb001,holmg001
2026,CLE202606090,2026-06-09,0,CLE,NYA,2.0,3.0,CLE08,ceccs001,coleg001
2026,COL202606090,2026-06-09,0,COL,CHN,7.0,3.0,DEN02,sugat001,rea-c001
2026,DET202606090,2026-06-09,0,DET,MIN,10.0,4.0,DET05,meltt001,bradt002
2026,KCA202606090,2026-06-09,0,KCA,TEX,5.0,3.0,KAN06,koles001,eovan001
2026,MIA202606090,2026-06-09,0,MIA,ARI,10.0,6.0,MIA02,meyem001,gallz001
2026,NYN202606090,2026-06-09,0,NYN,SLN,0.0,7.0,NYC20,peraf001,may-d003
2026,PIT202606090,2026-06-09,0,PIT,LAN,3.0,12.0,PIT08,skenp001,lauee001
2026,SDN202606090,2026-06-09,0,SDN,CIN,3.0,5.0,SAN02,gioll001,burnc003
2026,SFN202606090,2026-06-09,0,SFN,WAS,3.0,6.0,SFO03,housa001,alvaa003
2026,TBA202606090,2026-06-09,0,TBA,BOS,4.0,3.0,TAM02,martn002,tollp001
2026,TOR202606090,2026-06-09,0,TOR,PHI,3.0,2.0,TOR02,ceasd001,wheez001
2026,ANA202606100,2026-06-10,0,ANA,HOU,3.0,2.0,ANA01,detmr001,lambp001
2026,ATH202606100,2026-06-10,0,ATH,MIL,4.0,3.0,SAC01,perkj001,sprob001
2026,BAL202606100,2026-06-10,0,BAL,SEA,7.0,2.0,BAL12,younb001,kirbg001
2026,CHA202606100,2026-06-10,0,CHA,ATL,2.0,1.0,CHI12,martd006,salec001
2026,CLE202606100,2026-06-10,0,CLE,NYA,4.0,8.0,CLE08,messp001,rodoc001
2026,COL202606100,2026-06-10,0,COL,CHN,3.0,2.0,DEN02,lorem002,imans001
2026,DET202606100,2026-06-10,0,DET,MIN,4.0,6.0,DET05,valdf001,mlbam702474
2026,KCA202606100,2026-06-10,0,KCA,TEX,4.0,6.0,KAN06,lugos001,gorem001
2026,MIA202606100,2026-06-10,0,MIA,ARI,8.0,0.0,MIA02,gustr001,nelsr003
2026,NYN202606100,2026-06-10,0,NYN,SLN,2.0,9.0,NYC20,warra003,palla001
2026,PIT202606100,2026-06-10,0,PIT,LAN,9.0,8.0,PIT08,jonej008,ohtas001
2026,SDN202606100,2026-06-10,0,SDN,CIN,5.0,4.0,SAN02,kingm002,singb001
2026,SFN202606100,2026-06-10,0,SFN,WAS,11.0,10.0,SFO03,ray-r002,griff001
2026,TBA202606100,2026-06-10,0,TBA,BOS,7.0,5.0,TAM02,rasmd002,mlbam687562
2026,TOR202606100,2026-06-10,0,TOR,PHI,4.0,7.0,TOR02,schem001,luzaj001
2026,BAL202606110,2026-06-11,0,BAL,SEA,7.0,5.0,BAL12,bradk001,woo-b001
2026,CHA202606110,2026-06-11,0,CHA,ATL,,,CHI12,kay-a001,holmg001
2026,COL202606110,2026-06-11,0,COL,CHN,3.0,9.0,DEN02,feltr001,cabre003
2026,DET202606110,2026-06-11,0,DET,MIN,11.0,0.0,DET05,montk001,mattz001
2026,KCA202606110,2026-06-11,0,KCA,TEX,2.0,4.0,KAN06,wachm001,rockk001
2026,MIA202606110,2026-06-11,0,MIA,ARI,2.0,0.0,MIA02,philt002,kellm002
2026,NYN202606110,2026-06-11,0,NYN,SLN,5.0,4.0,NYC20,scotc001,dobbh001
2026,PIT202606110,2026-06-11,0,PIT,LAN,6.0,8.0,PIT08,kellm003,wrobj001
2026,ANA202606120,2026-06-12,0,ANA,TBA,4.0,3.0,ANA01,aldes001,mccls003
2026,ATH202606120,2026-06-12,0,ATH,COL,6.0,4.0,SAC01,mlbam695611,mlbam807743
2026,BAL202606120,2026-06-12,0,BAL,SDN,7.0,3.0,BAL12,baz-s001,canng001
2026,BOS202606120,2026-06-12,0,BOS,TEX,10.0,1.0,BOS07,grays001,leitj001
2026,CHA202606120,2026-06-12,0,CHA,LAN,8.0,2.0,CHI12,kay-a001,sasar001
2026,CIN202606120,2026-06-12,0,CIN,ARI,2.0,5.0,CIN09,lodon001,rodre004
2026,CLE202606120,2026-06-12,0,CLE,DET,3.0,2.0,CLE08,bibet001,flahj002
2026,KCA202606120,2026-06-12,0,KCA,HOU,8.0,10.0,KAN06,avill002,mlbam837227
2026,MIL202606120,2026-06-12,0,MIL,PHI,6.0,0.0,MIL06,misij001,bankt001
2026,MIN202606120,2026-06-12,0,MIN,SLN,9.0,8.0,MIN04,ryanj002,leahk001
2026,NYN202606120,2026-06-12,0,NYN,ATL,7.0,5.0,NYC20,mclen001,stris002
2026,PIT202606120,2026-06-12,0,PIT,MIA,3.0,8.0,PIT08,ashcb001,alcas001
2026,SFN202606120,2026-06-12,0,SFN,CHN,1.0,5.0,SFO03,roupl001,assaj001
2026,TOR202606120,2026-06-12,0,TOR,NYA,8.0,5.0,TOR02,yesat001,weatr001
2026,WAS202606120,2026-06-12,0,WAS,SEA,2.0,10.0,WAS11,littz001,millb004
2026,ANA202606130,2026-06-13,0,ANA,TBA,8.0,0.0,ANA01,sorij002,jax-g001
2026,ATH202606130,2026-06-13,0,ATH,COL,7.0,5.0,SAC01,estej001,freek001
2026,BAL202606130,2026-06-13,0,BAL,SDN,3.0,9.0,BAL12,mlbam694346,vasqr001
2026,BOS202606130,2026-06-13,0,BOS,TEX,6.0,3.0,BOS07,suarr001,degrj001
2026,CHA202606130,2026-06-13,0,CHA,LAN,1.0,7.0,CHI12,burks001,yamay001
2026,CIN202606130,2026-06-13,0,CIN,ARI,2.0,1.0,CIN09,lowdr001,sorom001
2026,CLE202606130,2026-06-13,0,CLE,DET,3.0,1.0,CLE08,cantj002,skubt001
2026,KCA202606130,2026-06-13,0,KCA,HOU,7.0,8.0,KAN06,camen001,burrm001
2026,MIL202606130,2026-06-13,0,MIL,PHI,8.0,9.0,MIL06,mlbam675660,nolaa001
2026,MIN202606130,2026-06-13,0,MIN,SLN,6.0,9.0,MIN04,mlbam687570,libem001
2026,NYN202606130,2026-06-13,0,NYN,ATL,1.0,3.0,NYC20,manas001,perem004
2026,PIT202606130,2026-06-13,0,PIT,MIA,3.0,2.0,PIT08,chanb001,bachl001
2026,SFN202606130,2026-06-13,0,SFN,CHN,1.0,6.0,SFO03,mcdot001,browb006
2026,TOR202606130,2026-06-13,0,TOR,NYA,1.0,3.0,TOR02,gausk001,schlc001
2026,WAS202606130,2026-06-13,0,WAS,SEA,8.0,3.0,WAS11,cavac001,castl003
2026,ANA202606140,2026-06-14,0,ANA,TBA,3.0,8.0,ANA01,rodrg003,leguc001
2026,ATH202606140,2026-06-14,0,ATH,COL,9.0,23.0,SAC01,sprij001,sugat001
2026,BAL202606140,2026-06-14,0,BAL,SDN,2.0,5.0,BAL12,roget003,buehw001
2026,BOS202606140,2026-06-14,0,BOS,TEX,4.0,6.0,BOS07,earlc001,eovan001
2026,CHA202606140,2026-06-14,0,CHA,LAN,6.0,4.0,CHI12,hudsb001,sheee001
2026,CIN202606140,2026-06-14,0,CIN,ARI,3.0,5.0,CIN09,abboa001,gallz001
2026,CLE202606140,2026-06-14,0,CLE,DET,,,CLE08,allel003,montk001
2026,KCA202606140,2026-06-14,0,KCA,HOU,4.0,0.0,KAN06,koles001,arris001
2026,MIL202606140,2026-06-14,0,MIL,PHI,4.0,0.0,MIL06,harrk001,sancc002
2026,MIN202606140,2026-06-14,0,MIN,SLN,5.0,4.0,MIN04,bradt002,mcgrm001
2026,NYN202606140,2026-06-14,0,NYN,ATL,8.0,1.0,NYC20,peraf001,eldeb001
2026,PIT202606140,2026-06-14,0,PIT,MIA,2.0,4.0,PIT08,skenp001,meyem001
2026,SFN202606140,2026-06-14,0,SFN,CHN,5.0,1.0,SFO03,webbl001,rolir001
2026,TOR202606140,2026-06-14,0,TOR,NYA,3.0,8.0,TOR02,corbp001,warrw001
2026,WAS202606140,2026-06-14,0,WAS,SEA,10.0,1.0,WAS11,poulp001,hance001
2026,ARI202606150,2026-06-15,0,ARI,ANA,4.0,3.0,PHO01,nelsr003,mlbam700712
2026,ATH202606150,2026-06-15,0,ATH,PIT,11.0,2.0,SAC01,ginnj001,jonej008
2026,CHN202606150,2026-06-15,0,CHN,COL,5.0,4.0,CHI11,imans001,lorem002
2026,CIN202606150,2026-06-15,0,CIN,NYN,12.0,0.0,CIN09,burnc003,myert001
2026,HOU202606150,2026-06-15,0,HOU,DET,3.0,9.0,HOU03,tengk001,anded003
2026,LAN202606150,2026-06-15,0,LAN,TBA,4.0,3.0,LOS03,lauee001,martn002
2026,PHI202606150,2026-06-15,0,PHI,MIA,7.0,0.0,PHI13,wheez001,gustr001
2026,SLN202606150,2026-06-15,0,SLN,SDN,3.0,0.0,STL10,may-d003,peraw002
2026,TEX202606150,2026-06-15,0,TEX,MIN,2.0,4.0,ARL03,gorem001,mlbam702474
2026,WAS202606150,2026-06-15,0,WAS,KCA,7.0,3.0,WAS11,alvaa003,spenm001
2026,ARI202606160,2026-06-16,0,ARI,ANA,0.0,7.0,PHO01,kellm002,detmr001
2026,ATH202606160,2026-06-16,0,ATH,PIT,5.0,6.0,SAC01,perkj001,kellm003
2026,ATL202606160,2026-06-16,0,ATL,SFN,2.0,7.0,ATL03,holmg001,housa001
2026,BOS202606160,2026-06-16,0,BOS,TOR,1.0,6.0,BOS07,tollp001,ceasd001
2026,CHN202606160,2026-06-16,0,CHN,COL,2.0,5.0,CHI11,cabre003,feltr001
2026,CIN202606160,2026-06-16,0,CIN,NYN,5.0,3.0,CIN09,singb001,sengk001
2026,HOU202606160,2026-06-16,0,HOU,DET,4.0,2.0,HOU03,browh001,valdf001
2026,LAN202606160,2026-06-16,0,LAN,TBA,1.0,0.0,LOS03,wrobj001,rasmd002
2026,MIL202606160,2026-06-16,0,MIL,CLE,2.0,1.0,MIL06,gassr001,ceccs001
2026,NYA202606160,2026-06-16,0,NYA,CHA,12.0,2.0,NYC21,coleg001,martd006
2026,PHI202606160,2026-06-16,0,PHI,MIA,8.0,2.0,PHI13,luzaj001,philt002
2026,SEA202606160,2026-06-16,0,SEA,BAL,3.0,1.0,SEA03,gilbl002,younb001
2026,SLN202606160,2026-06-16,0,SLN,SDN,3.0,2.0,STL10,palla001,kingm002
2026,TEX202606160,2026-06-16,0,TEX,MIN,2.0,12.0,ARL03,rockk001,mattz001
2026,WAS202606160,2026-06-16,0,WAS,KCA,6.0,4.0,WAS11,griff001,wachm001
2026,ARI202606170,2026-06-17,0,ARI,ANA,8.0,1.0,PHO01,rodre004,aldes001
2026,ATH202606170,2026-06-17,0,ATH,PIT,4.0,12.0,SAC01,civaa001,ashcb001
2026,ATL202606170,2026-06-17,0,ATL,SFN,2.0,7.0,ATL03,holmg001,housa001
2026,ATL202606170,2026-06-17,0,ATL,SFN,5.0,7.0,ATL03,mlbam702275,whisc001
2026,BOS202606170,2026-06-17,0,BOS,TOR,0.0,3.0,BOS07,mlbam687562,fishb002
2026,CHN202606170,2026-06-17,0,CHN,COL,8.0,6.0,CHI11,assaj001,mlbam807743
2026,CIN202606170,2026-06-17,0,CIN,NYN,1.0,9.0,CIN09,lodon001,mclen001
2026,HOU202606170,2026-06-17,0,HOU,DET,4.0,2.0,HOU03,lambp001,mizec001
2026,LAN202606170,2026-06-17,0,LAN,TBA,5.0,4.0,LOS03,ohtas001,mccls003
2026,MIL202606170,2026-06-17,0,MIL,CLE,9.0,4.0,MIL06,sprob001,willg004
2026,NYA202606170,2026-06-17,0,NYA,CHA,10.0,5.0,NYC21,rodoc001,kay-a001
2026,PHI202606170,2026-06-17,0,PHI,MIA,4.0,12.0,PHI13,mlbam691725,alcas001
2026,SEA202606170,2026-06-17,0,SEA,BAL,3.0,5.0,SEA03,kirbg001,bradk001
2026,SLN202606170,2026-06-17,0,SLN,SDN,1.0,6.0,STL10,leahk001,rodrb001
2026,WAS202606170,2026-06-17,0,WAS,KCA,2.0,6.0,WAS11,littz001,avill002
2026,ATH202606180,2026-06-18,0,ATH,ANA,5.0,0.0,SAC01,mlbam695611,johnr010
2026,ATL202606180,2026-06-18,0,ATL,SFN,,,ATL03,eldeb001,molia001
2026,BOS202606180,2026-06-18,0,BOS,TOR,3.0,4.0,BOS07,grays001,yesat001
2026,KCA202606180,2026-06-18,0,KCA,SLN,14.0,6.0,KAN06,camen001,libem001
2026,MIL202606180,2026-06-18,0,MIL,CLE,2.0,4.0,MIL06,mlbam675660,messp001
2026,NYA202606180,2026-06-18,0,NYA,CHA,1.0,5.0,NYC21,weatr001,hudsb001
2026,PHI202606180,2026-06-18,0,PHI,NYN,4.0,6.0,PHI13,nolaa001,manas001
2026,SEA202606180,2026-06-18,0,SEA,BAL,3.0,0.0,SEA03,woo-b001,baz-s001
2026,TEX202606180,2026-06-18,0,TEX,MIN,3.0,9.0,ARL03,leitj001,ryanj002
2026,ARI202606190,2026-06-19,0,ARI,MIN,9.0,5.0,PHO01,sorom001,mlbam687570
2026,ATH202606190,2026-06-19,0,ATH,ANA,12.0,11.0,SAC01,sprij001,sorij002
2026,ATL202606190,2026-06-19,0,ATL,MIL,3.0,2.0,ATL03,perem004,misij001
2026,CHN202606190,2026-06-19,0,CHN,TOR,16.0,2.0,CHI11,browb006,gausk001
2026,COL202606190,2026-06-19,0,COL,PIT,4.0,3.0,DEN02,freek001,chanb001
2026,DET202606190,2026-06-19,0,DET,CHA,4.0,3.0,DET05,skubt001,eiseb001
2026,HOU202606190,2026-06-19,0,HOU,CLE,9.0,3.0,HOU03,mlbam837227,bibet001
2026,KCA202606190,2026-06-19,0,KCA,SLN,6.0,5.0,KAN06,lugos001,mcgrm001
2026,LAN202606190,2026-06-19,0,LAN,BAL,6.0,5.0,LOS03,sasar001,mlbam694346
2026,MIA202606190,2026-06-19,0,MIA,SFN,4.0,3.0,MIA02,bachl001,roupl001
2026,NYA202606190,2026-06-19,0,NYA,CIN,5.0,0.0,NYC21,schlc001,lowdr001
2026,SEA202606190,2026-06-19,0,SEA,BOS,2.0,6.0,SEA03,millb004,suarr001
2026,TBA202606190,2026-06-19,0,TBA,WAS,5.0,2.0,TAM02,jax-g001,poulp001
2026,TEX202606190,2026-06-19,0,TEX,SDN,9.0,7.0,ARL03,degrj001,vasqr001
2026,ARI202606200,2026-06-20,0,ARI,MIN,8.0,16.0,PHO01,gallz001,bradt002
2026,ATH202606200,2026-06-20,0,ATH,ANA,0.0,7.0,SAC01,ginnj001,mlbam700712
2026,ATL202606200,2026-06-20,0,ATL,MIL,4.0,3.0,ATL03,salec001,harrk001
2026,CHN202606200,2026-06-20,0,CHN,TOR,6.0,8.0,CHI11,rea-c001,corbp001
2026,COL202606200,2026-06-20,0,COL,PIT,2.0,1.0,DEN02,sugat001,skenp001
2026,DET202606200,2026-06-20,0,DET,CHA,4.0,1.0,DET05,meltt001,newcs001
2026,HOU202606200,2026-06-20,0,HOU,CLE,1.0,8.0,HOU03,arris001,cantj002
2026,LAN202606200,2026-06-20,0,LAN,BAL,2.0,3.0,LOS03,yamay001,roget003
2026,MIA202606200,2026-06-20,0,MIA,SFN,6.0,3.0,MIA02,meyem001,mcdot001
2026,NYA202606200,2026-06-20,0,NYA,CIN,2.0,10.0,NYC21,warrw001,abboa001
2026,PHI202606200,2026-06-20,0,PHI,NYN,15.0,3.0,PHI13,sancc002,peraf001
2026,SEA202606200,2026-06-20,0,SEA,BOS,1.0,5.0,SEA03,hance001,earlc001
2026,TBA202606200,2026-06-20,0,TBA,WAS,3.0,4.0,TAM02,seymi001,cavac001
2026,TEX202606200,2026-06-20,0,TEX,SDN,4.0,6.0,ARL03,gorem001,buehw001
2026,ARI202606210,2026-06-21,0,ARI,MIN,2.0,4.0,PHO01,mlbam703615,mlbam702474
2026,ATH202606210,2026-06-21,0,ATH,ANA,7.0,9.0,SAC01,perkj001,detmr001
2026,ATL202606210,2026-06-21,0,ATL,MIL,4.0,9.0,ATL03,eldeb001,gassr001
2026,CHN202606210,2026-06-21,0,CHN,TOR,,,CHI11,peted003,ceasd001
2026,COL202606210,2026-06-21,0,COL,PIT,6.0,8.0,DEN02,lorem002,jonej008
2026,DET202606210,2026-06-21,0,DET,CHA,5.0,4.0,DET05,montk001,martd006
2026,HOU202606210,2026-06-21,0,HOU,CLE,2.0,1.0,HOU03,tengk001,ceccs001
2026,KCA202606210,2026-06-21,0,KCA,SLN,10.0,12.0,KAN06,koles001,may-d003
2026,LAN202606210,2026-06-21,0,LAN,BAL,1.0,12.0,LOS03,sheee001,younb001
2026,MIA202606210,2026-06-21,0,MIA,SFN,2.0,1.0,MIA02,gustr001,webbl001
2026,NYA202606210,2026-06-21,0,NYA,CIN,1.0,4.0,NYC21,mlbam695684,burnc003
2026,PHI202606210,2026-06-21,0,PHI,NYN,6.0,2.0,PHI13,wheez001,peted003
2026,SEA202606210,2026-06-21,0,SEA,BOS,3.0,1.0,SEA03,gilbl002,tollp001
2026,TBA202606210,2026-06-21,0,TBA,WAS,4.0,3.0,TAM02,martn002,alvaa003
2026,TEX202606210,2026-06-21,0,TEX,SDN,4.0,3.0,ARL03,eovan001,peraw002
2026,ANA202606220,2026-06-22,0,ANA,BAL,1.0,6.0,ANA01,aldes001,bradk001
2026,CHA202606220,2026-06-22,0,CHA,CLE,6.0,5.0,CHI12,kay-a001,willg004
2026,CIN202606220,2026-06-22,0,CIN,MIL,1.0,2.0,CIN09,singb001,woodb005
2026,COL202606220,2026-06-22,0,COL,BOS,3.0,2.0,DEN02,feltr001,mlbam687562
2026,DET202606220,2026-06-22,0,DET,NYA,5.0,3.0,DET05,valdf001,coleg001
2026,MIA202606220,2026-06-22,0,MIA,TEX,3.0,4.0,MIA02,philt002,alext001
2026,MIN202606220,2026-06-22,0,MIN,LAN,1.0,2.0,MIN04,mattz001,kleiw001
2026,NYN202606220,2026-06-22,0,NYN,CHN,,,NYC20,mclen001,assaj001
2026,SDN202606220,2026-06-22,0,SDN,ATL,1.0,0.0,SAN02,kingm002,holmg001
2026,SLN202606220,2026-06-22,0,SLN,ARI,3.0,2.0,STL10,palla001,kellm002
2026,TBA202606220,2026-06-22,0,TBA,KCA,1.0,2.0,TAM02,rasmd002,wachm001
2026,TOR202606220,2026-06-22,0,TOR,HOU,4.0,2.0,TOR02,ceasd001,browh001
2026,WAS202606220,2026-06-22,0,WAS,PHI,4.0,1.0,WAS11,griff001,mayzt001
2026,ANA202606230,2026-06-23,0,ANA,BAL,5.0,1.0,ANA01,johnr010,baz-s001
2026,CHA202606230,2026-06-23,0,CHA,CLE,2.0,1.0,CHI12,burks001,messp001
2026,CIN202606230,2026-06-23,0,CIN,MIL,0.0,2.0,CIN09,lodon001,sprob001
2026,COL202606230,2026-06-23,0,COL,BOS,2.0,5.0,DEN02,mlbam807743,grays001
2026,DET202606230,2026-06-23,0,DET,NYA,3.0,4.0,DET05,mizec001,rodoc001
2026,MIA202606230,2026-06-23,0,MIA,TEX,6.0,4.0,MIA02,alcas001,quanc001
2026,MIN202606230,2026-06-23,0,MIN,LAN,3.0,12.0,MIN04,mlbam696070,wrobj001
2026,NYN202606230,2026-06-23,0,NYN,CHN,6.0,9.0,NYC20,sengk001,cabre003
2026,PIT202606230,2026-06-23,0,PIT,SEA,2.0,3.0,PIT08,kellm003,kirbg001
2026,SDN202606230,2026-06-23,0,SDN,ATL,7.0,6.0,SAN02,peraw002,mlbam702275
2026,SFN202606230,2026-06-23,0,SFN,ATH,3.0,1.0,SFO03,ray-r002,civaa001
2026,SLN202606230,2026-06-23,0,SLN,ARI,3.0,4.0,STL10,leahk001,rodre004
2026,TBA202606230,2026-06-23,0,TBA,KCA,5.0,12.0,TAM02,mccls003,avill002
2026,TOR202606230,2026-06-23,0,TOR,HOU,7.0,9.0,TOR02,biebs001,lambp001
2026,WAS202606230,2026-06-23,0,WAS,PHI,9.0,14.0,WAS11,poulp001,luzaj001
2026,ANA202606240,2026-06-24,0,ANA,BAL,7.0,6.0,ANA01,sorij002,mlbam694346
2026,CHA202606240,2026-06-24,0,CHA,CLE,3.0,4.0,CHI12,murpc001,bibet001
2026,CIN202606240,2026-06-24,0,CIN,MIL,5.0,6.0,CIN09,lowdr001,mlbam675660
2026,COL202606240,2026-06-24,0,COL,BOS,8.0,6.0,DEN02,freek001,suarr001
2026,DET202606240,2026-06-24,0,DET,NYA,2.0,4.0,DET05,skubt001,weatr001
2026,MIA202606240,2026-06-24,0,MIA,TEX,4.0,2.0,MIA02,peree004,degrj001
2026,MIN202606240,2026-06-24,0,MIN,LAN,3.0,4.0,MIN04,ryanj002,ohtas001
2026,NYN202606240,2026-06-24,0,NYN,CHN,3.0,10.0,NYC20,mclen001,assaj001
2026,NYN202606241,2026-06-24,1,NYN,CHN,5.0,10.0,NYC20,manas001,imans001
2026,PIT202606240,2026-06-24,0,PIT,SEA,11.0,1.0,PIT08,ashcb001,woo-b001
2026,SDN202606240,2026-06-24,0,SDN,ATL,5.0,2.0,SAN02,searj001,perem004
2026,SFN202606240,2026-06-24,0,SFN,ATH,2.0,1.0,SFO03,mahlt001,mlbam695611
2026,SLN202606240,2026-06-24,0,SLN,ARI,4.0,9.0,STL10,libem001,mlbam683352
2026,TBA202606240,2026-06-24,0,TBA,KCA,5.0,3.0,TAM02,jax-g001,camen001
2026,TOR202606240,2026-06-24,0,TOR,HOU,1.0,3.0,TOR02,yesat001,burrm001
2026,WAS202606240,2026-06-24,0,WAS,PHI,4.0,5.0,WAS11,palmc001,nolaa001
2026,BOS202606250,2026-06-25,0,BOS,NYA,6.0,3.0,BOS07,earlc001,schlc001
2026,DET202606250,2026-06-25,0,DET,HOU,1.0,2.0,DET05,meltt001,mlbam837227
2026,NYN202606250,2026-06-25,0,NYN,CHN,3.0,4.0,NYC20,peraf001,boydm001
2026,PIT202606250,2026-06-25,0,PIT,SEA,5.0,1.0,PIT08,chanb001,millb004
2026,SFN202606250,2026-06-25,0,SFN,ATH,6.0,9.0,SFO03,roupl001,sprij001
2026,SLN202606250,2026-06-25,0,SLN,ARI,,,STL10,mcgrm001,pfaab001
2026,TBA202606250,2026-06-25,0,TBA,KCA,13.0,2.0,TAM02,leguc001,lugos001
2026,TOR202606250,2026-06-25,0,TOR,TEX,5.0,6.0,TOR02,gausk001,gorem001
2026,WAS202606250,2026-06-25,0,WAS,PHI,5.0,10.0,WAS11,cavac001,sancc002
2026,ANA202606260,2026-06-26,0,ANA,ATH,3.0,9.0,ANA01,mlbam700712,ginnj001
2026,BAL202606260,2026-06-26,0,BAL,WAS,3.0,1.0,BAL12,roget003,alvaa003
2026,BOS202606260,2026-06-26,0,BOS,NYA,6.0,1.0,BOS07,tollp001,warrw001
2026,CHA202606260,2026-06-26,0,CHA,KCA,22.0,1.0,CHI12,mlbam689818,cruzs001
2026,CLE202606260,2026-06-26,0,CLE,SEA,1.0,3.0,CLE08,cantj002,castl003
2026,DET202606260,2026-06-26,0,DET,HOU,8.0,0.0,DET05,montk001,arris001
2026,MIL202606260,2026-06-26,0,MIL,CHN,6.0,2.0,MIL06,misij001,rea-c001
2026,MIN202606260,2026-06-26,0,MIN,COL,9.0,8.0,MIN04,bradt002,sugat001
2026,NYN202606260,2026-06-26,0,NYN,PHI,1.0,2.0,NYC20,mlbam804267,wheez001
2026,PIT202606260,2026-06-26,0,PIT,CIN,4.0,6.0,PIT08,skenp001,abboa001
2026,SDN202606260,2026-06-26,0,SDN,LAN,7.0,1.0,SAN02,buehw001,sasar001
2026,SFN202606260,2026-06-26,0,SFN,ATL,1.0,3.0,SFO03,mcdot001,loper003
2026,SLN202606260,2026-06-26,0,SLN,MIA,0.0,4.0,STL10,mcgrm001,meyem001
2026,TBA202606260,2026-06-26,0,TBA,ARI,6.0,1.0,TAM02,martn002,gallz001
2026,TOR202606260,2026-06-26,0,TOR,TEX,4.0,5.0,TOR02,corbp001,eovan001
2026,ANA202606270,2026-06-27,0,ANA,ATH,5.0,2.0,ANA01,detmr001,perkj001
2026,BAL202606270,2026-06-27,0,BAL,WAS,3.0,4.0,BAL12,younb001,griff001
2026,BOS202606270,2026-06-27,0,BOS,NYA,4.0,1.0,BOS07,mlbam687562,coleg001
2026,CHA202606270,2026-06-27,0,CHA,KCA,2.0,1.0,CHI12,martd006,wachm001
2026,CLE202606270,2026-06-27,0,CLE,SEA,4.0,3.0,CLE08,ceccs001,gilbl002
2026,DET202606270,2026-06-27,0,DET,HOU,6.0,8.0,DET05,valdf001,tengk001
2026,MIL202606270,2026-06-27,0,MIL,CHN,2.0,8.0,MIL06,harrk001,peted003
2026,MIN202606270,2026-06-27,0,MIN,COL,5.0,8.0,MIN04,mlbam702474,lorem002
2026,NYN202606270,2026-06-27,0,NYN,PHI,6.0,2.0,NYC20,scotc001,mayzt001
2026,PIT202606270,2026-06-27,0,PIT,CIN,7.0,9.0,PIT08,jonej008,burnc003
2026,SDN202606270,2026-06-27,0,SDN,LAN,3.0,15.0,SAN02,hartk002,yamay001
2026,SFN202606270,2026-06-27,0,SFN,ATL,5.0,0.0,SFO03,webbl001,eldeb001
2026,SLN202606270,2026-06-27,0,SLN,MIA,1.0,5.0,STL10,palla001,gustr001
2026,TBA202606270,2026-06-27,0,TBA,ARI,4.0,2.0,TAM02,sulsc001,mlbam703615
2026,TOR202606270,2026-06-27,0,TOR,TEX,4.0,7.0,TOR02,ceasd001,quanc001
2026,ANA202606280,2026-06-28,0,ANA,ATH,4.0,1.0,ANA01,aldes001,civaa001
2026,BAL202606280,2026-06-28,0,BAL,WAS,4.0,6.0,BAL12,bradk001,littz001
2026,BOS202606280,2026-06-28,0,BOS,NYA,5.0,4.0,BOS07,grays001,rodoc001
2026,CHA202606280,2026-06-28,0,CHA,KCA,4.0,5.0,CHI12,kay-a001,avill002
2026,CLE202606280,2026-06-28,0,CLE,SEA,6.0,5.0,CLE08,willg004,hance001
2026,DET202606280,2026-06-28,0,DET,HOU,5.0,7.0,DET05,flahj002,browh001
2026,MIL202606280,2026-06-28,0,MIL,CHN,3.0,4.0,MIL06,woodb005,rolir001
2026,MIN202606280,2026-06-28,0,MIN,COL,3.0,2.0,MIN04,mlbam687570,feltr001
2026,NYN202606280,2026-06-28,0,NYN,PHI,4.0,5.0,NYC20,perec004,luzaj001
2026,PIT202606280,2026-06-28,0,PIT,CIN,9.0,4.0,PIT08,kellm003,singb001
2026,SDN202606280,2026-06-28,0,SDN,LAN,2.0,4.0,SAN02,kingm002,sheee001
2026,SFN202606280,2026-06-28,0,SFN,ATL,3.0,2.0,SFO03,ray-r002,salec001
2026,SLN202606280,2026-06-28,0,SLN,MIA,2.0,1.0,STL10,leahk001,philt002
2026,TBA202606280,2026-06-28,0,TBA,ARI,5.0,1.0,TAM02,rasmd002,kellm002
2026,TOR202606280,2026-06-28,0,TOR,TEX,2.0,3.0,TOR02,biebs001,rockk001
2026,ARI202606290,2026-06-29,0,ARI,SFN,5.0,4.0,PHO01,rodre004,mahlt001
2026,ATH202606290,2026-06-29,0,ATH,LAN,4.0,9.0,SAC01,mlbam695611,lauee001
2026,BAL202606290,2026-06-29,0,BAL,CHA,2.0,8.0,BAL12,baz-s001,burks001
2026,BOS202606290,2026-06-29,0,BOS,WAS,6.0,3.0,BOS07,suarr001,mikom001
2026,CHN202606290,2026-06-29,0,CHN,SDN,3.0,2.0,CHI11,imans001,canng001
2026,CLE202606290,2026-06-29,0,CLE,TEX,3.0,6.0,CLE08,messp001,alext001
2026,COL202606290,2026-06-29,0,COL,MIA,7.0,10.0,DEN02,mlbam807743,alcas001
2026,HOU202606290,2026-06-29,0,HOU,MIN,4.0,5.0,HOU03,lambp001,mattz001
2026,MIL202606290,2026-06-29,0,MIL,CIN,5.0,3.0,MIL06,gassr001,lodon001
2026,NYA202606290,2026-06-29,0,NYA,DET,3.0,7.0,NYC21,weatr001,mizec001
2026,PHI202606290,2026-06-29,0,PHI,PIT,7.0,11.0,PHI13,nolaa001,ashcb001
2026,SEA202606290,2026-06-29,0,SEA,ANA,6.0,2.0,SEA03,kirbg001,johnr010
2026,TOR202606290,2026-06-29,0,TOR,NYN,2.0,1.0,TOR02,yesat001,manas001
2026,ARI202606300,2026-06-30,0,ARI,SFN,8.0,2.0,PHO01,pfaab001,roupl001
2026,ATH202606300,2026-06-30,0,ATH,LAN,3.0,9.0,SAC01,sprij001,wrobj001
2026,ATL202606300,2026-06-30,0,ATL,SLN,3.0,5.0,ATL03,perem004,libem001
2026,BAL202606300,2026-06-30,0,BAL,CHA,3.0,9.0,BAL12,mlbam694346,fedde001
2026,BOS202606300,2026-06-30,0,BOS,WAS,1.0,8.0,BOS07,earlc001,cavac001
2026,CHN202606300,2026-06-30,0,CHN,SDN,9.0,7.0,CHI11,boydm001,searj001
2026,CLE202606300,2026-06-30,0,CLE,TEX,2.0,4.0,CLE08,bibet001,degrj001
2026,COL202606300,2026-06-30,0,COL,MIA,3.0,14.0,DEN02,gordt002,peree004
2026,HOU202606300,2026-06-30,0,HOU,MIN,6.0,4.0,HOU03,burrm001,ryanj002
2026,KCA202606300,2026-06-30,0,KCA,TBA,4.0,10.0,KAN06,camen001,jax-g001
2026,MIL202606300,2026-06-30,0,MIL,CIN,7.0,2.0,MIL06,sprob001,lowdr001
2026,NYA202606300,2026-06-30,0,NYA,DET,3.0,9.0,NYC21,schlc001,skubt001
2026,PHI202606300,2026-06-30,0,PHI,PIT,8.0,0.0,PHI13,sancc002,chanb001
2026,SEA202606300,2026-06-30,0,SEA,ANA,8.0,3.0,SEA03,woo-b001,sorij002
2026,TOR202606300,2026-06-30,0,TOR,NYN,0.0,3.0,TOR02,gausk001,mclen001
2026,ARI202607010,2026-07-01,0,ARI,SFN,4.0,6.0,PHO01,gallz001,mcdot001
2026,ATH202607010,2026-07-01,0,ATH,LAN,7.0,1.0,SAC01,ginnj001,dreyj001
2026,ATL202607010,2026-07-01,0,ATL,SLN,5.0,1.0,ATL03,loper003,mcgrm001
2026,BAL202607010,2026-07-01,0,BAL,CHA,6.0,1.0,BAL12,kremd001,mlbam702273
2026,BOS202607010,2026-07-01,0,BOS,WAS,2.0,10.0,BOS07,tollp001,lordb001
2026,CHN202607010,2026-07-01,0,CHN,SDN,23.0,3.0,CHI11,rea-c001,buehw001
2026,CLE202607010,2026-07-01,0,CLE,TEX,9.0,4.0,CLE08,cantj002,gorem001
2026,COL202607010,2026-07-01,0,COL,MIA,6.0,3.0,DEN02,freek001,meyem001
2026,HOU202607010,2026-07-01,0,HOU,MIN,3.0,8.0,HOU03,mlbam837227,bradt002
2026,KCA202607010,2026-07-01,0,KCA,TBA,0.0,4.0,KAN06,lugos001,mccls003
2026,MIL202607010,2026-07-01,0,MIL,CIN,4.0,2.0,MIL06,mlbam675660,abboa001
2026,NYA202607010,2026-07-01,0,NYA,DET,2.0,6.0,NYC21,warrw001,meltt001
2026,PHI202607010,2026-07-01,0,PHI,PIT,10.0,6.0,PHI13,wheez001,skenp001
2026,TOR202607010,2026-07-01,0,TOR,NYN,9.0,3.0,TOR02,fishb002,peraf001
2026,ATL202607020,2026-07-02,0,ATL,SLN,5.0,11.0,ATL03,waldh001,may-d003
2026,CLE202607020,2026-07-02,0,CLE,CHA,6.0,5.0,CLE08,ceccs001,martd006
2026,COL202607020,2026-07-02,0,COL,MIA,14.0,4.0,DEN02,lorem002,gustr001
2026,KCA202607020,2026-07-02,0,KCA,TBA,2.0,5.0,KAN06,koles001,seymi001
2026,LAN202607020,2026-07-02,0,LAN,SDN,12.0,7.0,LOS03,sasar001,vasqr001
2026,MIL202607020,2026-07-02,0,MIL,CIN,2.0,7.0,MIL06,misij001,burnc003
2026,PHI202607020,2026-07-02,0,PHI,PIT,1.0,6.0,PHI13,ranga001,jonej008
2026,SEA202607020,2026-07-02,0,SEA,ANA,1.0,0.0,SEA03,millb004,mlbam700712
2026,TEX202607020,2026-07-02,0,TEX,DET,10.0,4.0,ARL03,eovan001,valdf001
2026,ANA202607030,2026-07-03,0,ANA,BOS,2.0,5.0,ANA01,detmr001,mlbam687562
2026,ARI202607030,2026-07-03,0,ARI,MIL,4.0,7.0,PHO01,mlbam703615,harrk001
2026,ATH202607030,2026-07-03,0,ATH,MIA,5.0,12.0,SAC01,perkj001,philt002
2026,ATL202607030,2026-07-03,0,ATL,NYN,5.0,3.0,ATL03,holmg001,scotc001
2026,CHN202607030,2026-07-03,0,CHN,SLN,1.0,17.0,CHI11,peted003,palla001
2026,CIN202607030,2026-07-03,0,CIN,BAL,0.0,3.0,CIN09,singb001,roget003
2026,CLE202607030,2026-07-03,0,CLE,CHA,4.0,3.0,CLE08,willg004,kay-a001
2026,COL202607030,2026-07-03,0,COL,SFN,15.0,3.0,DEN02,feltr001,webbl001
2026,HOU202607030,2026-07-03,0,HOU,TBA,1.0,3.0,HOU03,arris001,martn002
2026,LAN202607030,2026-07-03,0,LAN,SDN,4.0,3.0,LOS03,ohtas001,kingm002
2026,NYA202607030,2026-07-03,0,NYA,MIN,5.0,2.0,NYC21,coleg001,mlbam702474
2026,SEA202607030,2026-07-03,0,SEA,TOR,0.0,2.0,SEA03,castl003,ceasd001
2026,WAS202607030,2026-07-03,0,WAS,PIT,9.0,5.0,WAS11,griff001,kellm003
2026,ANA202607040,2026-07-04,0,ANA,BOS,1.0,8.0,ANA01,aldes001,grays001
2026,ARI202607040,2026-07-04,0,ARI,MIL,4.0,3.0,PHO01,kellm002,woodb005
2026,ATH202607040,2026-07-04,0,ATH,MIA,2.0,7.0,SAC01,civaa001,alcas001
2026,ATL202607040,2026-07-04,0,ATL,NYN,14.0,3.0,ATL03,salec001,manas001
2026,CHN202607040,2026-07-04,0,CHN,SLN,0.0,3.0,CHI11,imans001,leahk001
2026,CIN202607040,2026-07-04,0,CIN,BAL,5.0,8.0,CIN09,greeh001,younb001
2026,CLE202607040,2026-07-04,0,CLE,CHA,1.0,3.0,CLE08,messp001,burks001
2026,COL202607040,2026-07-04,0,COL,SFN,4.0,6.0,DEN02,mlbam807743,ray-r002
2026,HOU202607040,2026-07-04,0,HOU,TBA,10.0,8.0,HOU03,browh001,rasmd002
2026,KCA202607040,2026-07-04,0,KCA,PHI,1.0,6.0,KAN06,wachm001,luzaj001
2026,LAN202607040,2026-07-04,0,LAN,SDN,3.0,0.0,LOS03,yamay001,peraw002
2026,NYA202607040,2026-07-04,0,NYA,MIN,4.0,11.0,NYC21,mlbam694341,mattz001
2026,SEA202607040,2026-07-04,0,SEA,TOR,11.0,0.0,SEA03,gilbl002,biebs001
2026,TEX202607040,2026-07-04,0,TEX,DET,0.0,3.0,ARL03,quanc001,flahj002
2026,WAS202607040,2026-07-04,0,WAS,PIT,1.0,7.0,WAS11,palmc001,ashcb001
2026,ANA202607050,2026-07-05,0,ANA,BOS,5.0,7.0,ANA01,johnr010,suarr001
2026,ARI202607050,2026-07-05,0,ARI,MIL,2.0,3.0,PHO01,rodre004,sprob001
2026,ATH202607050,2026-07-05,0,ATH,MIA,8.0,9.0,SAC01,mlbam695611,peree004
2026,ATL202607050,2026-07-05,0,ATL,NYN,9.0,10.0,ATL03,perem004,mclen001
2026,CHN202607050,2026-07-05,0,CHN,SLN,6.0,4.0,CHI11,assaj001,libem001
2026,CIN202607050,2026-07-05,0,CIN,BAL,3.0,2.0,CIN09,lodon001,bradk001
2026,CLE202607050,2026-07-05,0,CLE,CHA,6.0,7.0,CLE08,bibet001,murpc001
2026,COL202607050,2026-07-05,0,COL,SFN,7.0,6.0,DEN02,gordt002,mahlt001
2026,HOU202607050,2026-07-05,0,HOU,TBA,2.0,0.0,HOU03,lambp001,englm001
2026,KCA202607050,2026-07-05,0,KCA,PHI,5.0,2.0,KAN06,avill002,nolaa001
2026,LAN202607050,2026-07-05,0,LAN,SDN,2.0,5.0,LOS03,sheee001,searj001
2026,NYA202607050,2026-07-05,0,NYA,MIN,1.0,6.0,NYC21,weatr001,ryanj002
2026,SEA202607050,2026-07-05,0,SEA,TOR,4.0,0.0,SEA03,hance001,yesat001
2026,TEX202607050,2026-07-05,0,TEX,DET,3.0,6.0,ARL03,rockk001,mizec001
2026,WAS202607050,2026-07-05,0,WAS,PIT,5.0,11.0,WAS11,cavac001,chanb001
2026,ATL202607060,2026-07-06,0,ATL,NYN,6.0,7.0,ATL03,loper003,peraf001
2026,KCA202607060,2026-07-06,0,KCA,PHI,15.0,1.0,KAN06,camen001,sancc002
2026,LAN202607060,2026-07-06,0,LAN,COL,8.0,7.0,LOS03,lauee001,freek001
2026,SDN202607060,2026-07-06,0,SDN,ARI,0.0,8.0,SAN02,buehw001,pfaab001
2026,SFN202607060,2026-07-06,0,SFN,TOR,10.0,1.0,SFO03,roupl001,gausk001
2026,SLN202607060,2026-07-06,0,SLN,MIL,3.0,4.0,STL10,may-d003,mlbam675660
2026,TBA202607060,2026-07-06,0,TBA,NYA,1.0,5.0,TAM02,jax-g001,schlc001
2026,WAS202607060,2026-07-06,0,WAS,HOU,12.0,11.0,WAS11,mikom001,burrm001
2026,BAL202607070,2026-07-07,0,BAL,CHN,2.0,5.0,BAL12,baz-s001,boydm001
2026,CHA202607070,2026-07-07,0,CHA,BOS,1.0,8.0,CHI12,mlbam702273,tollp001
2026,CIN202607070,2026-07-07,0,CIN,PHI,1.0,4.0,CIN09,abboa001,wheez001
2026,DET202607070,2026-07-07,0,DET,ATH,6.0,2.0,DET05,skubt001,ginnj001
2026,LAN202607070,2026-07-07,0,LAN,COL,3.0,4.0,LOS03,wrobj001,lorem002
2026,MIA202607070,2026-07-07,0,MIA,SEA,6.0,5.0,MIA02,meyem001,woo-b001
2026,MIN202607070,2026-07-07,0,MIN,CLE,3.0,1.0,MIN04,bradt002,cantj002
2026,NYN202607070,2026-07-07,0,NYN,KCA,12.0,16.0,NYC20,perec004,lugos001
2026,PIT202607070,2026-07-07,0,PIT,ATL,12.0,4.0,PIT08,skenp001,waldh001
2026,SDN202607070,2026-07-07,0,SDN,ARI,4.0,1.0,SAN02,marqg001,gallz001
2026,SFN202607070,2026-07-07,0,SFN,TOR,3.0,9.0,SFO03,mcdot001,mlbam693686
2026,SLN202607070,2026-07-07,0,SLN,MIL,3.0,4.0,STL10,svanm001,misij001
2026,SLN202607071,2026-07-07,1,SLN,MIL,2.0,10.0,STL10,dobbh001,gassr001
2026,TBA202607070,2026-07-07,0,TBA,NYA,6.0,4.0,TAM02,seymi001,warrw001
2026,TEX202607070,2026-07-07,0,TEX,ANA,8.0,3.0,ARL03,degrj001,sorij002
2026,WAS202607070,2026-07-07,0,WAS,HOU,3.0,6.0,WAS11,alvaa003,mlbam837227
2026,BAL202607080,2026-07-08,0,BAL,CHN,7.0,9.0,BAL12,kremd001,rea-c001
2026,CHA202607080,2026-07-08,0,CHA,BOS,0.0,5.0,CHI12,martd006,mlbam687562
2026,CIN202607080,2026-07-08,0,CIN,PHI,11.0,5.0,CIN09,burnc003,ranga001
2026,DET202607080,2026-07-08,0,DET,ATH,6.0,1.0,DET05,meltt001,sprij001
2026,LAN202607080,2026-07-08,0,LAN,COL,4.0,3.0,LOS03,sasar001,mlbam687312
2026,MIA202607080,2026-07-08,0,MIA,SEA,2.0,0.0,MIA02,philt002,kirbg001
2026,MIN202607080,2026-07-08,0,MIN,CLE,6.0,5.0,MIN04,mlbam687570,ceccs001
2026,NYN202607080,2026-07-08,0,NYN,KCA,6.0,2.0,NYC20,scotc001,cruzs001
2026,PIT202607080,2026-07-08,0,PIT,ATL,0.0,3.0,PIT08,jonej008,holmg001
2026,SDN202607080,2026-07-08,0,SDN,ARI,10.0,4.0,SAN02,kingm002,mlbam703615
2026,SFN202607080,2026-07-08,0,SFN,TOR,0.0,10.0,SFO03,webbl001,ceasd001
2026,SLN202607080,2026-07-08,0,SLN,MIL,5.0,1.0,STL10,mcgrm001,harrk001
2026,TBA202607080,2026-07-08,0,TBA,NYA,3.0,0.0,TAM02,mccls003,coleg001
2026,TEX202607080,2026-07-08,0,TEX,ANA,1.0,13.0,ARL03,gorem001,mlbam700712
2026,WAS202607080,2026-07-08,0,WAS,HOU,8.0,2.0,WAS11,griff001,arris001
2026,BAL202607090,2026-07-09,0,BAL,CHN,3.0,2.0,BAL12,roget003,peted003
2026,CHA202607090,2026-07-09,0,CHA,BOS,1.0,2.0,CHI12,kay-a001,sandp002
2026,CIN202607090,2026-07-09,0,CIN,PHI,0.0,1.0,CIN09,singb001,luzaj001
2026,DET202607090,2026-07-09,0,DET,ATH,4.0,1.0,DET05,valdf001,suarj001
2026,MIA202607090,2026-07-09,0,MIA,SEA,8.0,4.0,MIA02,junkj001,millb004
2026,MIN202607090,2026-07-09,0,MIN,CLE,2.0,5.0,MIN04,oberb002,willg004
2026,NYN202607090,2026-07-09,0,NYN,KCA,7.0,3.0,NYC20,manas001,wachm001
2026,PIT202607090,2026-07-09,0,PIT,ATL,5.0,10.0,PIT08,kellm003,eldeb001
2026,SDN202607090,2026-07-09,0,SDN,ARI,1.0,3.0,SAN02,canng001,kellm002
2026,SFN202607090,2026-07-09,0,SFN,COL,8.0,2.0,SFO03,whisc001,feltr001
2026,SLN202607090,2026-07-09,0,SLN,MIL,4.0,8.0,STL10,palla001,hendl002
2026,TBA202607090,2026-07-09,0,TBA,NYA,4.0,12.0,TAM02,rasmd002,blacp001
2026,TEX202607090,2026-07-09,0,TEX,ANA,7.0,6.0,ARL03,eovan001,detmr001
2026,BAL202607100,2026-07-10,0,BAL,KCA,5.0,3.0,BAL12,younb001,avill002
2026,CHA202607100,2026-07-10,0,CHA,ATH,14.0,1.0,CHI12,burks001,lopej007
2026,CIN202607100,2026-07-10,0,CIN,CHN,4.0,0.0,CIN09,greeh001,imans001
2026,DET202607100,2026-07-10,0,DET,PHI,10.0,2.0,DET05,flahj002,nolaa001
2026,LAN202607100,2026-07-10,0,LAN,ARI,3.0,9.0,LOS03,hurtk001,rodre004
2026,MIA202607100,2026-07-10,0,MIA,CLE,2.0,3.0,MIA02,alcas001,messp001
2026,MIN202607100,2026-07-10,0,MIN,ANA,3.0,4.0,MIN04,mattz001,rodrg003
2026,NYN202607100,2026-07-10,0,NYN,BOS,2.0,6.0,NYC20,mclen001,grays001
2026,PIT202607100,2026-07-10,0,PIT,MIL,,,PIT08,ashcb001,sprob001
2026,SDN202607100,2026-07-10,0,SDN,TOR,3.0,5.0,SAN02,searj001,biebs001
2026,SFN202607100,2026-07-10,0,SFN,COL,3.0,4.0,SFO03,ray-r002,gordt002
2026,SLN202607100,2026-07-10,0,SLN,ATL,2.0,1.0,STL10,leahk001,salec001
2026,TBA202607100,2026-07-10,0,TBA,SEA,7.0,2.0,TAM02,martn002,castl003
2026,TEX202607100,2026-07-10,0,TEX,HOU,7.0,3.0,ARL03,quanc001,browh001
2026,WAS202607100,2026-07-10,0,WAS,NYA,3.0,5.0,WAS11,palmc001,weatr001
2026,BAL202607110,2026-07-11,0,BAL,KCA,6.0,1.0,BAL12,bradk001,camen001
2026,CHA202607110,2026-07-11,0,CHA,ATH,1.0,0.0,CHI12,hudsb001,mlbam695611
2026,CIN202607110,2026-07-11,0,CIN,CHN,3.0,5.0,CIN09,lodon001,assaj001
2026,DET202607110,2026-07-11,0,DET,PHI,2.0,4.0,DET05,mizec001,sancc002
2026,LAN202607110,2026-07-11,0,LAN,ARI,2.0,9.0,LOS03,yamay001,pfaab001
2026,MIA202607110,2026-07-11,0,MIA,CLE,1.0,4.0,MIA02,peree004,bibet001
2026,MIN202607110,2026-07-11,0,MIN,ANA,5.0,3.0,MIN04,ryanj002,johnr010
2026,NYN202607110,2026-07-11,0,NYN,BOS,0.0,4.0,NYC20,peraf001,mlbam700842
2026,PIT202607110,2026-07-11,0,PIT,MIL,7.0,6.0,PIT08,ashcb001,sprob001
2026,PIT202607111,2026-07-11,1,PIT,MIL,3.0,2.0,PIT08,chanb001,mlbam675660
2026,SDN202607110,2026-07-11,0,SDN,TOR,8.0,7.0,SAN02,buehw001,yesat001
2026,SFN202607110,2026-07-11,0,SFN,COL,4.0,2.0,SFO03,mahlt001,freek001
2026,SLN202607110,2026-07-11,0,SLN,ATL,4.0,1.0,STL10,libem001,loper003
2026,TBA202607110,2026-07-11,0,TBA,SEA,6.0,1.0,TAM02,jax-g001,gilbl002
2026,TEX202607110,2026-07-11,0,TEX,HOU,3.0,9.0,ARL03,rockk001,lambp001
2026,WAS202607110,2026-07-11,0,WAS,NYA,2.0,4.0,WAS11,poulp001,schlc001
2026,BAL202607120,2026-07-12,0,BAL,KCA,8.0,2.0,BAL12,baz-s001,lugos001
2026,CHA202607120,2026-07-12,0,CHA,ATH,9.0,1.0,CHI12,mlbam702273,ginnj001
2026,CIN202607120,2026-07-12,0,CIN,CHN,4.0,8.0,CIN09,abboa001,boydm001
2026,DET202607120,2026-07-12,0,DET,PHI,0.0,5.0,DET05,skubt001,wheez001
2026,LAN202607120,2026-07-12,0,LAN,ARI,3.0,5.0,LOS03,sheee001,mlbam683352
2026,MIA202607120,2026-07-12,0,MIA,CLE,2.0,5.0,MIA02,philt002,cantj002
2026,MIN202607120,2026-07-12,0,MIN,ANA,4.0,2.0,MIN04,bradt002,sorij002
2026,NYN202607120,2026-07-12,0,NYN,BOS,2.0,3.0,NYC20,mlbam804267,tollp001
2026,PIT202607120,2026-07-12,0,PIT,MIL,14.0,5.0,PIT08,skenp001,gassr001
2026,SDN202607120,2026-07-12,0,SDN,TOR,5.0,4.0,SAN02,marqg001,gausk001
2026,SFN202607120,2026-07-12,0,SFN,COL,3.0,1.0,SFO03,mcdot001,lorem002
2026,SLN202607120,2026-07-12,0,SLN,ATL,3.0,4.0,STL10,may-d003,yound005
2026,TBA202607120,2026-07-12,0,TBA,SEA,2.0,8.0,TAM02,seymi001,hance001
2026,TEX202607120,2026-07-12,0,TEX,HOU,6.0,5.0,ARL03,gorem001,javic001
2026,WAS202607120,2026-07-12,0,WAS,NYA,3.0,5.0,WAS11,cavac001,warrw001
2026,PHI202607160,2026-07-16,0,PHI,NYN,1.0,4.0,PHI13,nolaa001,scotc001
2026,ANA202607170,2026-07-17,0,ANA,DET,1.0,2.0,ANA01,detmr001,meltt001
2026,ARI202607170,2026-07-17,0,ARI,SLN,4.0,5.0,PHO01,kellm002,mcgrm001
2026,ATH202607170,2026-07-17,0,ATH,WAS,4.0,23.0,SAC01,mlbam695611,cavac001
2026,ATL202607170,2026-07-17,0,ATL,TEX,15.0,1.0,ATL03,salec001,quanc001
2026,BOS202607170,2026-07-17,0,BOS,TBA,10.0,0.0,BOS07,mlbam687562,jax-g001
2026,BOS202607171,2026-07-17,1,BOS,TBA,5.0,3.0,BOS07,mlbam700842,englm001
2026,CHN202607170,2026-07-17,0,CHN,MIN,2.0,5.0,CHI11,rea-c001,oberb002
2026,CLE202607170,2026-07-17,0,CLE,PIT,,,CLE08,willg004,jonej008
2026,COL202607170,2026-07-17,0,COL,CIN,2.0,7.0,DEN02,mlbam687312,singb001
2026,HOU202607170,2026-07-17,0,HOU,BAL,2.0,3.0,HOU03,lambp001,kremd001
2026,KCA202607170,2026-07-17,0,KCA,SDN,7.0,6.0,KAN06,lugos001,kingm002
2026,MIL202607170,2026-07-17,0,MIL,MIA,2.0,1.0,MIL06,hendl002,alcas001
2026,NYA202607170,2026-07-17,0,NYA,LAN,1.0,2.0,NYC21,coleg001,sasar001
2026,SEA202607170,2026-07-17,0,SEA,SFN,0.0,7.0,SEA03,millb004,roupl001
2026,TOR202607170,2026-07-17,0,TOR,CHA,4.0,12.0,TOR02,mlbam693686,kay-a001
2026,ANA202607180,2026-07-18,0,ANA,DET,0.0,7.0,ANA01,rodrg003,skubt001
2026,ARI202607180,2026-07-18,0,ARI,SLN,5.0,3.0,PHO01,pfaab001,may-d003
2026,ATH202607180,2026-07-18,0,ATH,WAS,15.0,1.0,SAC01,ginnj001,littz001
2026,ATL202607180,2026-07-18,0,ATL,TEX,6.0,7.0,ATL03,mlbam702566,gorem001
2026,BOS202607180,2026-07-18,0,BOS,TBA,7.0,6.0,BOS07,sandp002,seymi001
2026,CHN202607180,2026-07-18,0,CHN,MIN,6.0,2.0,CHI11,boydm001,bradt002
2026,CLE202607180,2026-07-18,0,CLE,PIT,1.0,7.0,CLE08,willg004,jonej008
2026,CLE202607181,2026-07-18,1,CLE,PIT,5.0,3.0,CLE08,allel003,montm003
2026,COL202607180,2026-07-18,0,COL,CIN,10.0,3.0,DEN02,sugat001,lowdr001
2026,HOU202607180,2026-07-18,0,HOU,BAL,2.0,4.0,HOU03,arris001,roget003
2026,KCA202607180,2026-07-18,0,KCA,SDN,6.0,1.0,KAN06,dobnr001,canng001
2026,MIL202607180,2026-07-18,0,MIL,MIA,8.0,6.0,MIL06,mlbam675660,meyem001
2026,NYA202607180,2026-07-18,0,NYA,LAN,,,NYC21,schlc001,yamay001
2026,PHI202607180,2026-07-18,0,PHI,NYN,6.0,1.0,PHI13,luzaj001,manas001
2026,SEA202607180,2026-07-18,0,SEA,SFN,4.0,3.0,SEA03,woo-b001,webbl001
2026,TOR202607180,2026-07-18,0,TOR,CHA,1.0,0.0,TOR02,biebs001,martd006
2026,ANA202607190,2026-07-19,0,ANA,DET,3.0,2.0,ANA01,johnr010,mizec001
2026,ARI202607190,2026-07-19,0,ARI,SLN,8.0,7.0,PHO01,rodre004,palla001
2026,ATH202607190,2026-07-19,0,ATH,WAS,2.0,5.0,SAC01,lopej007,griff001
2026,ATL202607190,2026-07-19,0,ATL,TEX,8.0,5.0,ATL03,holmg001,eovan001
2026,BOS202607190,2026-07-19,0,BOS,TBA,6.0,1.0,BOS07,grays001,mccls003
2026,CHN202607190,2026-07-19,0,CHN,MIN,10.0,1.0,CHI11,imans001,mattz001
2026,CLE202607190,2026-07-19,0,CLE,PIT,1.0,7.0,CLE08,cantj002,skenp001
2026,COL202607190,2026-07-19,0,COL,CIN,6.0,9.0,DEN02,feltr001,greeh001
2026,HOU202607190,2026-07-19,0,HOU,BAL,2.0,5.0,HOU03,browh001,younb001
2026,KCA202607190,2026-07-19,0,KCA,SDN,2.0,19.0,KAN06,camen001,marqg001
2026,MIL202607190,2026-07-19,0,MIL,MIA,3.0,1.0,MIL06,gassr001,peree004
2026,NYA202607190,2026-07-19,0,NYA,LAN,2.0,8.0,NYC21,schlc001,yamay001
2026,NYA202607191,2026-07-19,1,NYA,LAN,2.0,1.0,NYC21,yarbr001,kleiw001
2026,PHI202607190,2026-07-19,0,PHI,NYN,1.0,6.0,PHI13,ranga001,mclen001
2026,SEA202607190,2026-07-19,0,SEA,SFN,6.0,3.0,SEA03,gilbl002,ray-r002
2026,TOR202607190,2026-07-19,0,TOR,CHA,0.0,3.0,TOR02,yesat001,burks001
2026,ANA202607200,2026-07-20,0,ANA,SLN,3.0,2.0,ANA01,sorij002,leahk001
2026,ARI202607200,2026-07-20,0,ARI,ATH,2.0,5.0,PHO01,mlbam683352,sprij001
2026,ATL202607200,2026-07-20,0,ATL,SDN,3.0,2.0,ATL03,eldeb001,searj001
2026,BOS202607200,2026-07-20,0,BOS,BAL,6.0,5.0,BOS07,tollp001,baz-s001
2026,CHN202607200,2026-07-20,0,CHN,DET,6.0,8.0,CHI11,tailj001,flahj002
2026,CLE202607200,2026-07-20,0,CLE,MIN,13.0,4.0,CLE08,bibet001,ryanj002
2026,COL202607200,2026-07-20,0,COL,WAS,3.0,7.0,DEN02,freek001,alvaa003
2026,HOU202607200,2026-07-20,0,HOU,MIA,8.0,5.0,HOU03,blanr001,junkj001
2026,KCA202607200,2026-07-20,0,KCA,SFN,4.0,3.0,KAN06,wachm001,mcdot001
2026,MIL202607200,2026-07-20,0,MIL,NYN,8.0,3.0,MIL06,misij001,peraf001
2026,NYA202607200,2026-07-20,0,NYA,PIT,8.0,5.0,NYC21,weatr001,ashcb001
2026,PHI202607200,2026-07-20,0,PHI,LAN,10.0,7.0,PHI13,sancc002,sheee001
2026,SEA202607200,2026-07-20,0,SEA,CIN,8.0,0.0,SEA03,kirbg001,abboa001
2026,TEX202607200,2026-07-20,0,TEX,CHA,3.0,10.0,ARL03,degrj001,fedde001
2026,TOR202607200,2026-07-20,0,TOR,TBA,1.0,7.0,TOR02,ceasd001,martn002
2026,ANA202607210,2026-07-21,0,ANA,SLN,5.0,1.0,ANA01,mlbam700712,libem001
2026,ARI202607210,2026-07-21,0,ARI,ATH,6.0,5.0,PHO01,mlbam684442,perkj001
2026,ATL202607210,2026-07-21,0,ATL,SDN,3.0,8.0,ATL03,loper003,buehw001
2026,BOS202607210,2026-07-21,0,BOS,BAL,,,BOS07,mlbam687562,kremd001
2026,CHN202607210,2026-07-21,0,CHN,DET,11.0,2.0,CHI11,peted003,valdf001
2026,CLE202607210,2026-07-21,0,CLE,MIN,5.0,2.0,CLE08,messp001,mlbam696070
2026,COL202607210,2026-07-21,0,COL,WAS,8.0,7.0,DEN02,lorem002,palmc001
2026,HOU202607210,2026-07-21,0,HOU,MIA,5.0,3.0,HOU03,mlbam837227,philt002
2026,KCA202607210,2026-07-21,0,KCA,SFN,3.0,2.0,KAN06,avill002,mahlt001
2026,MIL202607210,2026-07-21,0,MIL,NYN,0.0,4.0,MIL06,sprob001,mlbam804267
2026,NYA202607210,2026-07-21,0,NYA,PIT,,,NYC21,friem001,chanb001
2026,PHI202607210,2026-07-21,0,PHI,LAN,1.0,2.0,PHI13,wheez001,wrobj001
2026,SEA202607210,2026-07-21,0,SEA,CIN,2.0,4.0,SEA03,castl003,burnc003
2026,TEX202607210,2026-07-21,0,TEX,CHA,10.0,0.0,ARL03,rockk001,mlbam702273
2026,TOR202607210,2026-07-21,0,TOR,TBA,2.0,12.0,TOR02,gausk001,rasmd002
2026,ANA202607220,2026-07-22,0,ANA,SLN,0.0,1.0,ANA01,detmr001,dobbh001
2026,ARI202607220,2026-07-22,0,ARI,ATH,15.0,5.0,PHO01,kellm002,mlbam695611
2026,ATL202607220,2026-07-22,0,ATL,SDN,7.0,6.0,ATL03,perem004,kingm002
2026,BOS202607220,2026-07-22,0,BOS,BAL,6.0,3.0,BOS07,mlbam687562,kremd001
2026,BOS202607221,2026-07-22,1,BOS,BAL,1.0,5.0,BOS07,mlbam700842,bradk001
2026,CHN202607220,2026-07-22,0,CHN,DET,1.0,5.0,CHI11,rea-c001,montk001
2026,CLE202607220,2026-07-22,0,CLE,MIN,6.0,10.0,CLE08,ceccs001,oberb002
2026,COL202607220,2026-07-22,0,COL,WAS,0.0,8.0,DEN02,mlbam687312,cavac001
2026,HOU202607220,2026-07-22,0,HOU,MIA,5.0,2.0,HOU03,lambp001,alcas001
2026,KCA202607220,2026-07-22,0,KCA,SFN,5.0,4.0,KAN06,lugos001,roupl001
2026,MIL202607220,2026-07-22,0,MIL,NYN,4.0,3.0,MIL06,hendl002,scotc001
2026,NYA202607220,2026-07-22,0,NYA,PIT,3.0,5.0,NYC21,coleg001,kellm003
2026,NYA202607221,2026-07-22,1,NYA,PIT,2.0,0.0,NYC21,friem001,chanb001
2026,PHI202607220,2026-07-22,0,PHI,LAN,5.0,9.0,PHI13,nolaa001,lauee001
2026,SEA202607220,2026-07-22,0,SEA,CIN,3.0,5.0,SEA03,hance001,singb001
2026,TEX202607220,2026-07-22,0,TEX,CHA,2.0,4.0,ARL03,alext001,kay-a001
2026,TOR202607220,2026-07-22,0,TOR,TBA,2.0,4.0,TOR02,fishb002,jax-g001
2026,ATL202607230,2026-07-23,0,ATL,SDN,6.0,5.0,ATL03,salec001,hartk002
2026,CLE202607230,2026-07-23,0,CLE,MIN,1.0,3.0,CLE08,willg004,bradt002
2026,DET202607230,2026-07-23,0,DET,KCA,4.0,3.0,DET05,meltt001,dobnr001
2026,SLN202607230,2026-07-23,0,SLN,ARI,6.0,10.0,STL10,mcgrm001,pfaab001
2026,TOR202607230,2026-07-23,0,TOR,TBA,3.0,1.0,TOR02,biebs001,leguc001
2026,BAL202607240,2026-07-24,0,BAL,ATL,6.0,7.0,BAL12,roget003,holmg001
2026,BOS202607240,2026-07-24,0,BOS,TOR,6.0,4.0,BOS07,sandp002,yesat001
2026,CHA202607240,2026-07-24,0,CHA,HOU,5.0,9.0,CHI12,martd006,arris001
2026,DET202607240,2026-07-24,0,DET,KCA,2.0,1.0,DET05,skubt001,mlbam694360
2026,MIA202607240,2026-07-24,0,MIA,SDN,2.0,4.0,MIA02,gustr001,marqg001
2026,MIL202607240,2026-07-24,0,MIL,COL,2.0,5.0,MIL06,mlbam675660,sugat001
2026,MIN202607240,2026-07-24,0,MIN,ATH,0.0,2.0,MIN04,mattz001,lopej007
2026,NYN202607240,2026-07-24,0,NYN,LAN,2.0,4.0,NYC20,manas001,sasar001
2026,PHI202607240,2026-07-24,0,PHI,NYA,0.0,1.0,PHI13,luzaj001,schlc001
2026,PIT202607240,2026-07-24,0,PIT,CHN,2.0,3.0,PIT08,jonej008,boydm001
2026,SFN202607240,2026-07-24,0,SFN,ANA,7.0,6.0,SFO03,webbl001,rodrg003
2026,SLN202607240,2026-07-24,0,SLN,CIN,2.0,4.0,STL10,may-d003,lowdr001
2026,TBA202607240,2026-07-24,0,TBA,CLE,11.0,3.0,TAM02,mccls003,cantj002
2026,TEX202607240,2026-07-24,0,TEX,SEA,5.0,4.0,ARL03,gorem001,millb004
2026,WAS202607240,2026-07-24,0,WAS,ARI,2.0,3.0,WAS11,palmc001,rodre004
2026,BAL202607250,2026-07-25,0,BAL,ATL,3.0,2.0,BAL12,younb001,eldeb001
2026,BOS202607250,2026-07-25,0,BOS,TOR,0.0,6.0,BOS07,grays001,ceasd001
2026,CHA202607250,2026-07-25,0,CHA,HOU,1.0,4.0,CHI12,burks001,browh001
2026,DET202607250,2026-07-25,0,DET,KCA,2.0,3.0,DET05,mizec001,wachm001
2026,MIA202607250,2026-07-25,0,MIA,SDN,2.0,7.0,MIA02,peree004,vasqr001
2026,MIL202607250,2026-07-25,0,MIL,COL,8.0,5.0,MIL06,gassr001,feltr001
2026,MIN202607250,2026-07-25,0,MIN,ATH,2.0,0.0,MIN04,mlbam696070,bassb002
2026,NYN202607250,2026-07-25,0,NYN,LAN,3.0,4.0,NYC20,mclen001,yamay001
2026,PHI202607250,2026-07-25,0,PHI,NYA,1.0,3.0,PHI13,mayzt001,weatr001
2026,PIT202607250,2026-07-25,0,PIT,CHN,0.0,11.0,PIT08,skenp001,imans001
2026,SFN202607250,2026-07-25,0,SFN,ANA,9.0,2.0,SFO03,ray-r002,johnr010
2026,SLN202607250,2026-07-25,0,SLN,CIN,7.0,0.0,STL10,palla001,greeh001
2026,TBA202607250,2026-07-25,0,TBA,CLE,3.0,0.0,TAM02,martn002,bibet001
2026,TEX202607250,2026-07-25,0,TEX,SEA,7.0,1.0,ARL03,eovan001,woo-b001
2026,WAS202607250,2026-07-25,0,WAS,ARI,5.0,3.0,WAS11,griff001,mlbam683352
2026,BAL202607260,2026-07-26,0,BAL,ATL,2.0,3.0,BAL12,baz-s001,loper003
2026,BOS202607260,2026-07-26,0,BOS,TOR,6.0,1.0,BOS07,suarr001,gausk001
2026,CHA202607260,2026-07-26,0,CHA,HOU,12.0,3.0,CHI12,fedde001,blanr001
2026,DET202607260,2026-07-26,0,DET,KCA,4.0,5.0,DET05,valdf001,avill002
2026,MIA202607260,2026-07-26,0,MIA,SDN,3.0,5.0,MIA02,junkj001,buehw001
2026,MIL202607260,2026-07-26,0,MIL,COL,11.0,2.0,MIL06,misij001,freek001
2026,MIN202607260,2026-07-26,0,MIN,ATH,11.0,8.0,MIN04,mlbam687570,sprij001
2026,NYN202607260,2026-07-26,0,NYN,LAN,8.0,3.0,NYC20,peraf001,sheee001
2026,PHI202607260,2026-07-26,0,PHI,NYA,11.0,4.0,PHI13,sancc002,warrw001
2026,PIT202607260,2026-07-26,0,PIT,CHN,8.0,7.0,PIT08,ashcb001,tailj001
2026,SFN202607260,2026-07-26,0,SFN,ANA,3.0,4.0,SFO03,whisc001,sorij002
2026,SLN202607260,2026-07-26,0,SLN,CIN,3.0,5.0,STL10,leahk001,abboa001
2026,TBA202607260,2026-07-26,0,TBA,CLE,1.0,0.0,TAM02,rasmd002,messp001
2026,TEX202607260,2026-07-26,0,TEX,SEA,4.0,6.0,ARL03,degrj001,gilbl002
2026,WAS202607260,2026-07-26,0,WAS,ARI,10.0,7.0,WAS11,mikom001,mlbam684442
2026,ANA202607270,2026-07-27,0,ANA,HOU,4.0,6.0,ANA01,mlbam700712,mlbam837227
2026,ATH202607270,2026-07-27,0,ATH,BOS,2.0,4.0,SAC01,perkj001,tollp001
2026,CHA202607270,2026-07-27,0,CHA,NYA,5.0,9.0,CHI12,mlbam702273,friem001
2026,CIN202607270,2026-07-27,0,CIN,CLE,,,CIN09,burnc003,ceccs001
2026,DET202607270,2026-07-27,0,DET,BAL,5.0,8.0,DET05,montk001,bradk001
2026,MIA202607270,2026-07-27,0,MIA,PHI,8.0,7.0,MIA02,philt002,wheez001
2026,NYN202607270,2026-07-27,0,NYN,ATL,14.0,3.0,NYC20,mlbam804267,perem004
2026,PIT202607270,2026-07-27,0,PIT,ARI,3.0,2.0,PIT08,kellm003,kellm002
2026,SFN202607270,2026-07-27,0,SFN,MIL,3.0,0.0,SFO03,mahlt001,sprob001
2026,SLN202607270,2026-07-27,0,SLN,CHN,3.0,7.0,STL10,libem001,peted003
2026,TEX202607270,2026-07-27,0,TEX,SEA,7.0,3.0,ARL03,rockk001,kirbg001
2026,WAS202607270,2026-07-27,0,WAS,TOR,2.0,3.0,WAS11,mlbam678868,schem001
2026,ANA202607280,2026-07-28,0,ANA,HOU,2.0,3.0,ANA01,detmr001,lambp001
2026,ATH202607280,2026-07-28,0,ATH,BOS,4.0,3.0,SAC01,mlbam695611,mlbam687562
2026,CHA202607280,2026-07-28,0,CHA,NYA,2.0,3.0,CHI12,kay-a001,coleg001
2026,CIN202607280,2026-07-28,0,CIN,CLE,5.0,6.0,CIN09,burnc003,ceccs001
2026,CIN202607281,2026-07-28,1,CIN,CLE,2.0,0.0,CIN09,fergc001,willg004
2026,DET202607280,2026-07-28,0,DET,BAL,14.0,0.0,DET05,meltt001,kremd001
2026,LAN202607280,2026-07-28,0,LAN,SEA,6.0,7.0,LOS03,wrobj001,castl003
2026,MIA202607280,2026-07-28,0,MIA,PHI,1.0,0.0,MIA02,alcas001,nolaa001
2026,MIN202607280,2026-07-28,0,MIN,KCA,3.0,2.0,MIN04,bradt002,lugos001
2026,NYN202607280,2026-07-28,0,NYN,ATL,,,NYC20,scotc001,salec001
2026,PIT202607280,2026-07-28,0,PIT,ARI,7.0,8.0,PIT08,chanb001,pfaab001
2026,SDN202607280,2026-07-28,0,SDN,COL,8.0,7.0,SAN02,kingm002,lorem002
2026,SFN202607280,2026-07-28,0,SFN,MIL,2.0,8.0,SFO03,roupl001,hendl002
2026,SLN202607280,2026-07-28,0,SLN,CHN,2.0,10.0,STL10,mcgrm001,rea-c001
2026,TBA202607280,2026-07-28,0,TBA,TEX,1.0,4.0,TAM02,jax-g001,quanc001
2026,WAS202607280,2026-07-28,0,WAS,TOR,8.0,6.0,WAS11,cavac001,biebs001
2026,ANA202607290,2026-07-29,0,ANA,HOU,4.0,7.0,ANA01,rodrg003,wesnh001
2026,ATH202607290,2026-07-29,0,ATH,BOS,2.0,4.0,SAC01,lopej007,sandp002
2026,CHA202607290,2026-07-29,0,CHA,NYA,6.0,5.0,CHI12,martd006,schlc001
2026,CIN202607290,2026-07-29,0,CIN,CLE,1.0,6.0,CIN09,singb001,cantj002
2026,DET202607290,2026-07-29,0,DET,BAL,9.0,10.0,DET05,skubt001,roget003
2026,LAN202607290,2026-07-29,0,LAN,SEA,4.0,2.0,LOS03,lauee001,hance001
2026,MIA202607290,2026-07-29,0,MIA,PHI,8.0,6.0,MIA02,gustr001,luzaj001
2026,MIN202607290,2026-07-29,0,MIN,KCA,0.0,4.0,MIN04,ryanj002,dobnr001
2026,NYN202607290,2026-07-29,0,NYN,ATL,3.0,2.0,NYC20,manas001,smita001
2026,NYN202607291,2026-07-29,1,NYN,ATL,0.0,1.0,NYC20,scotc001,salec001
2026,PIT202607290,2026-07-29,0,PIT,ARI,0.0,3.0,PIT08,jonej008,rodre004
2026,SDN202607290,2026-07-29,0,SDN,COL,3.0,1.0,SAN02,hartk002,mlbam687312
2026,SFN202607290,2026-07-29,0,SFN,MIL,16.0,3.0,SFO03,webbl001,pannt001
2026,SLN202607290,2026-07-29,0,SLN,CHN,3.0,2.0,STL10,may-d003,boydm001
2026,TBA202607290,2026-07-29,0,TBA,TEX,3.0,0.0,TAM02,leguc001,gorem001
2026,WAS202607290,2026-07-29,0,WAS,TOR,2.0,5.0,WAS11,littz001,yesat001
2026,ATH202607300,2026-07-30,0,ATH,BOS,4.0,5.0,SAC01,barnm002,grays001
2026,ATL202607300,2026-07-30,0,ATL,WAS,5.0,4.0,ATL03,holmg001,irvij001
2026,CHA202607300,2026-07-30,0,CHA,NYA,2.0,1.0,CHI12,burks001,weatr001
2026,CIN202607300,2026-07-30,0,CIN,PIT,3.0,2.0,CIN09,lowdr001,ramiy002
2026,LAN202607300,2026-07-30,0,LAN,SEA,6.0,2.0,LOS03,sasar001,woo-b001
2026,MIN202607300,2026-07-30,0,MIN,KCA,4.0,3.0,MIN04,oberb002,camen001
2026,NYN202607300,2026-07-30,0,NYN,MIA,4.0,2.0,NYC20,mclen001,peree004
2026,SDN202607300,2026-07-30,0,SDN,SFN,1.0,4.0,SAN02,searj001,ray-r002
2026,SLN202607300,2026-07-30,0,SLN,CHN,2.0,4.0,STL10,palla001,assaj001
2026,TBA202607300,2026-07-30,0,TBA,TEX,3.0,2.0,TAM02,mccls003,winnc001
2026,ANA202607310,2026-07-31,0,ANA,MIL,2.0,6.0,ANA01,johnr010,mlbam675660
2026,ATH202607310,2026-07-31,0,ATH,DET,1.0,13.0,SAC01,sprij001,holtt002
2026,ATL202607310,2026-07-31,0,ATL,WAS,6.0,2.0,ATL03,eldeb001,griff001
2026,BAL202607310,2026-07-31,0,BAL,PHI,6.0,4.0,BAL12,younb001,mlbam691725
2026,CHN202607310,2026-07-31,0,CHN,NYA,0.0,2.0,CHI11,imans001,warrw001
2026,CIN202607310,2026-07-31,0,CIN,PIT,8.0,7.0,CIN09,greeh001,skenp001
2026,CLE202607310,2026-07-31,0,CLE,ARI,1.0,4.0,CLE08,bibet001,mlbam683352
2026,COL202607310,2026-07-31,0,COL,KCA,3.0,1.0,DEN02,sugat001,wachm001
2026,HOU202607310,2026-07-31,0,HOU,TEX,11.0,2.0,HOU03,browh001,eovan001
2026,LAN202607310,2026-07-31,0,LAN,BOS,4.0,9.0,LOS03,henre001,suarr001
2026,NYN202607310,2026-07-31,0,NYN,MIA,2.0,5.0,NYC20,sengk001,junkj001
2026,SDN202607310,2026-07-31,0,SDN,SFN,7.0,0.0,SAN02,rodrb001,whisc001
2026,SEA202607310,2026-07-31,0,SEA,MIN,3.0,5.0,SEA03,millb004,mattz001
2026,TBA202607310,2026-07-31,0,TBA,CHA,1.0,6.0,TAM02,martn002,fedde001
2026,TOR202607310,2026-07-31,0,TOR,SLN,3.0,1.0,TOR02,ceasd001,leahk001
2026,ANA202608010,2026-08-01,0,ANA,MIL,1.0,3.0,ANA01,suteb001,gassr001
2026,ATH202608010,2026-08-01,0,ATH,DET,6.0,8.0,SAC01,perkj001,valdf001
2026,ATL202608010,2026-08-01,0,ATL,WAS,8.0,3.0,ATL03,perem004,mikom001
2026,BAL202608010,2026-08-01,0,BAL,PHI,0.0,5.0,BAL12,baz-s001,sancc002
2026,CHN202608010,2026-08-01,0,CHN,NYA,5.0,2.0,CHI11,peted003,friem001
2026,CIN202608010,2026-08-01,0,CIN,PIT,1.0,4.0,CIN09,abboa001,ashcb001
2026,CLE202608010,2026-08-01,0,CLE,ARI,8.0,12.0,CLE08,messp001,mlbam684442
2026,COL202608010,2026-08-01,0,COL,KCA,12.0,6.0,DEN02,feltr001,avill002
2026,HOU202608010,2026-08-01,0,HOU,TEX,5.0,4.0,HOU03,blanr001,degrj001
2026,LAN202608010,2026-08-01,0,LAN,BOS,2.0,3.0,LOS03,yamay001,tollp001
2026,NYN202608010,2026-08-01,0,NYN,MIA,2.0,6.0,NYC20,mlbam804267,philt002
2026,SDN202608010,2026-08-01,0,SDN,SFN,6.0,5.0,SAN02,buehw001,mahlt001
2026,SEA202608010,2026-08-01,0,SEA,MIN,4.0,3.0,SEA03,gilbl002,mlbam687570
2026,TBA202608010,2026-08-01,0,TBA,CHA,1.0,0.0,TAM02,rasmd002,hickj002
2026,TOR202608010,2026-08-01,0,TOR,SLN,5.0,1.0,TOR02,gausk001,mlbam687273
2026,ANA202608020,2026-08-02,0,ANA,MIL,3.0,0.0,ANA01,mlbam700712,misij001
2026,ATH202608020,2026-08-02,0,ATH,DET,0.0,11.0,SAC01,mlbam695611,montk001
2026,ATL202608020,2026-08-02,0,ATL,WAS,4.0,2.0,ATL03,mlbam702275,cavac001
2026,BAL202608020,2026-08-02,0,BAL,PHI,0.0,8.0,BAL12,bradk001,wheez001
2026,CHN202608020,2026-08-02,0,CHN,NYA,1.0,2.0,CHI11,rea-c001,coleg001
2026,CIN202608020,2026-08-02,0,CIN,PIT,10.0,2.0,CIN09,burnc003,kellm003
2026,CLE202608020,2026-08-02,0,CLE,ARI,5.0,0.0,CLE08,willg004,kellm002
2026,COL202608020,2026-08-02,0,COL,KCA,8.0,1.0,DEN02,freek001,lugos001
2026,HOU202608020,2026-08-02,0,HOU,TEX,7.0,3.0,HOU03,lambp001,rockk001
2026,LAN202608020,2026-08-02,0,LAN,BOS,4.0,8.0,LOS03,sheee001,mlbam687562
2026,NYN202608020,2026-08-02,0,NYN,MIA,0.0,2.0,NYC20,stocr001,alcas001
2026,SDN202608020,2026-08-02,0,SDN,SFN,5.0,4.0,SAN02,hartk002,roupl001
2026,SEA202608020,2026-08-02,0,SEA,MIN,7.0,6.0,SEA03,kirbg001,bradt002
2026,TBA202608020,2026-08-02,0,TBA,CHA,1.0,9.0,TAM02,jax-g001,kay-a001
2026,TOR202608020,2026-08-02,0,TOR,SLN,1.0,5.0,TOR02,schem001,libem001
2026,ARI202608030,2026-08-03,0,ARI,SDN,5.0,1.0,PHO01,pfaab001,kingm002
2026,CHN202608030,2026-08-03,0,CHN,LAN,10.0,5.0,CHI11,boydm001,wrobj001
2026,COL202608030,2026-08-03,0,COL,TBA,9.0,13.0,DEN02,lorem002,seymi001
2026,HOU202608030,2026-08-03,0,HOU,TOR,1.0,3.0,HOU03,javic001,biebs001
2026,MIL202608030,2026-08-03,0,MIL,PIT,3.0,4.0,MIL06,sprob001,chanb001
2026,NYA202608030,2026-08-03,0,NYA,SLN,7.0,13.0,NYC21,schlc001,mcgrm001
2026,PHI202608030,2026-08-03,0,PHI,WAS,6.0,3.0,PHI13,nolaa001,alvaa003
2026,TEX202608030,2026-08-03,0,TEX,SFN,1.0,5.0,ARL03,quanc001,webbl001
2026,ARI202608040,2026-08-04,0,ARI,SDN,4.0,9.0,PHO01,rodre004,vasqr001
2026,ATL202608040,2026-08-04,0,ATL,MIA,4.0,2.0,ATL03,holmg001,gustr001
2026,BAL202608040,2026-08-04,0,BAL,ANA,3.0,1.0,BAL12,povic001,rodrg003
2026,BOS202608040,2026-08-04,0,BOS,CHA,14.0,2.0,BOS07,sandp002,martd006
2026,CHN202608040,2026-08-04,0,CHN,LAN,5.0,1.0,CHI11,assaj001,skubt001
2026,CIN202608040,2026-08-04,0,CIN,ATH,5.0,4.0,CIN09,singb001,ginnj001
2026,CLE202608040,2026-08-04,0,CLE,NYN,2.0,6.0,CLE08,cantj002,manas001
2026,COL202608040,2026-08-04,0,COL,TBA,7.0,9.0,DEN02,mlbam687312,peraf001
2026,HOU202608040,2026-08-04,0,HOU,TOR,7.0,2.0,HOU03,wesnh001,yesat001
2026,KCA202608040,2026-08-04,0,KCA,MIN,8.0,2.0,KAN06,dobnr001,ryanj002
2026,MIL202608040,2026-08-04,0,MIL,PIT,4.0,2.0,MIL06,hendl002,jonej008
2026,NYA202608040,2026-08-04,0,NYA,SLN,2.0,0.0,NYC21,weatr001,dobbh001
2026,PHI202608040,2026-08-04,0,PHI,WAS,5.0,0.0,PHI13,luzaj001,palmc001
2026,SEA202608040,2026-08-04,0,SEA,DET,0.0,8.0,SEA03,hance001,meltt001
2026,TEX202608040,2026-08-04,0,TEX,SFN,5.0,4.0,ARL03,gorem001,tidwb001
2026,ARI202608050,2026-08-05,0,ARI,SDN,10.0,4.0,PHO01,mlbam683352,mizec001
2026,ATL202608050,2026-08-05,0,ATL,MIA,4.0,1.0,ATL03,eldeb001,peree004
2026,BAL202608050,2026-08-05,0,BAL,ANA,5.0,2.0,BAL12,roget003,detmr001
2026,BOS202608050,2026-08-05,0,BOS,CHA,4.0,0.0,BOS07,grays001,burks001
2026,CHN202608050,2026-08-05,0,CHN,LAN,7.0,6.0,CHI11,imans001,lauee001
2026,CIN202608050,2026-08-05,0,CIN,ATH,3.0,2.0,CIN09,lowdr001,lopej007
2026,CLE202608050,2026-08-05,0,CLE,NYN,5.0,6.0,CLE08,bibet001,scotc001
2026,COL202608050,2026-08-05,0,COL,TBA,0.0,4.0,DEN02,sugat001,martn002
2026,HOU202608050,2026-08-05,0,HOU,TOR,4.0,5.0,HOU03,browh001,tailj001
2026,KCA202608050,2026-08-05,0,KCA,MIN,2.0,1.0,KAN06,camen001,kremd001
2026,MIL202608050,2026-08-05,0,MIL,PIT,4.0,2.0,MIL06,harrk001,skenp001
2026,NYA202608050,2026-08-05,0,NYA,SLN,1.0,3.0,NYC21,warrw001,palla001
2026,PHI202608050,2026-08-05,0,PHI,WAS,4.0,10.0,PHI13,mlbam691725,irvij001
2026,SEA202608050,2026-08-05,0,SEA,DET,4.0,2.0,SEA03,woo-b001,anded003
2026,TEX202608050,2026-08-05,0,TEX,SFN,6.0,0.0,ARL03,bradc003,whisc001
2026,ARI202608060,2026-08-06,0,ARI,SDN,1.0,5.0,PHO01,mlbam684442,buehw001
2026,ATL202608060,2026-08-06,0,ATL,MIA,11.0,3.0,ATL03,perem004,junkj001
2026,BAL202608060,2026-08-06,0,BAL,ANA,1.0,4.0,BAL12,younb001,johnr010
2026,BOS202608060,2026-08-06,0,BOS,CHA,12.0,11.0,BOS07,suarr001,castl003
2026,CHN202608060,2026-08-06,0,CHN,TOR,3.0,2.0,CHI11,peted003,ceasd001
2026,CIN202608060,2026-08-06,0,CIN,ATH,6.0,5.0,CIN09,abboa001,barnm002
2026,CLE202608060,2026-08-06,0,CLE,NYN,6.0,13.0,CLE08,griff001,mclen001
2026,KCA202608060,2026-08-06,0,KCA,MIN,3.0,4.0,KAN06,wachm001,oberb002
2026,MIL202608060,2026-08-06,0,MIL,PIT,5.0,2.0,MIL06,may-d003,ashcb001
2026,PHI202608060,2026-08-06,0,PHI,WAS,7.0,3.0,PHI13,sancc002,mikom001
2026,SEA202608060,2026-08-06,0,SEA,DET,0.0,11.0,SEA03,millb004,valdf001
2026,ARI202608070,2026-08-07,0,ARI,LAN,4.0,3.0,PHO01,kellm002,sasar001
2026,BOS202608070,2026-08-07,0,BOS,ATH,13.0,1.0,BOS07,tollp001,perkj001
2026,CHA202608070,2026-08-07,0,CHA,CLE,2.0,8.0,CHI12,mlbam702273,messp001
2026,KCA202608070,2026-08-07,0,KCA,CHN,4.0,6.0,KAN06,lyncd001,gausk001
2026,MIA202608070,2026-08-07,0,MIA,ANA,3.0,4.0,MIA02,philt002,mlbam691946
2026,MIL202608070,2026-08-07,0,MIL,MIN,6.0,8.0,MIL06,mlbam675660,mattz001
2026,NYA202608070,2026-08-07,0,NYA,ATL,3.0,2.0,NYC21,friem001,mahlt001
2026,PHI202608070,2026-08-07,0,PHI,TOR,4.0,5.0,PHI13,wheez001,sorij002
2026,PIT202608070,2026-08-07,0,PIT,NYN,4.0,6.0,PIT08,mlodc001,mlbam804267
2026,SDN202608070,2026-08-07,0,SDN,HOU,3.0,6.0,SAN02,ray-r002,blanr001
2026,SEA202608070,2026-08-07,0,SEA,TBA,1.0,2.0,SEA03,gilbl002,rasmd002
2026,SFN202608070,2026-08-07,0,SFN,DET,5.0,2.0,SFO03,brubj001,montk001
2026,SLN202608070,2026-08-07,0,SLN,COL,3.0,2.0,STL10,leahk001,feltr001
2026,TEX202608070,2026-08-07,0,TEX,BAL,2.0,1.0,ARL03,eovan001,baz-s001
2026,WAS202608070,2026-08-07,0,WAS,CIN,5.0,3.0,WAS11,cavac001,pettc002
2026,ARI202608080,2026-08-08,0,ARI,LAN,1.0,2.0,PHO01,pfaab001,yamay001
2026,BOS202608080,2026-08-08,0,BOS,ATH,3.0,7.0,BOS07,mlbam687562,mlbam695611
2026,CHA202608080,2026-08-08,0,CHA,CLE,6.0,3.0,CHI12,kay-a001,willg004
2026,KCA202608080,2026-08-08,0,KCA,CHN,6.0,3.0,KAN06,lugos001,holmc001
2026,MIA202608080,2026-08-08,0,MIA,ANA,7.0,0.0,MIA02,alcas001,mlbam700712
2026,MIL202608080,2026-08-08,0,MIL,MIN,4.0,3.0,MIL06,gassr001,bradt002
2026,NYA202608080,2026-08-08,0,NYA,ATL,5.0,4.0,NYC21,coleg001,salec001
2026,PHI202608080,2026-08-08,0,PHI,TOR,5.0,7.0,PHI13,nolaa001,schem001
2026,PIT202608080,2026-08-08,0,PIT,NYN,9.0,0.0,PIT08,chanb001,stocr001
2026,SDN202608080,2026-08-08,0,SDN,HOU,3.0,2.0,SAN02,kingm002,lambp001
2026,SEA202608080,2026-08-08,0,SEA,TBA,2.0,3.0,SEA03,kirbg001,leguc001
2026,SFN202608080,2026-08-08,0,SFN,DET,0.0,8.0,SFO03,roupl001,jobej001
2026,SLN202608080,2026-08-08,0,SLN,COL,6.0,8.0,STL10,libem001,freek001
2026,TEX202608080,2026-08-08,0,TEX,BAL,5.0,1.0,ARL03,degrj001,bradk001
2026,WAS202608080,2026-08-08,0,WAS,CIN,8.0,2.0,WAS11,alvaa003,burnc003
2026,ARI202608090,2026-08-09,0,ARI,LAN,4.0,2.0,PHO01,rodre004,wrobj001
2026,BOS202608090,2026-08-09,0,BOS,ATH,3.0,4.0,BOS07,mille002,ginnj001
2026,CHA202608090,2026-08-09,0,CHA,CLE,5.0,3.0,CHI12,martd006,cantj002
2026,KCA202608090,2026-08-09,0,KCA,CHN,2.0,10.0,KAN06,dobnr001,boydm001
2026,MIA202608090,2026-08-09,0,MIA,ANA,12.0,3.0,MIA02,gustr001,rodrg003
2026,MIL202608090,2026-08-09,0,MIL,MIN,4.0,3.0,MIL06,misij001,mlbam687570
2026,NYA202608090,2026-08-09,0,NYA,ATL,1.0,2.0,NYC21,schlc001,holmg001
2026,PHI202608090,2026-08-09,0,PHI,TOR,7.0,6.0,PHI13,luzaj001,biebs001
2026,PIT202608090,2026-08-09,0,PIT,NYN,1.0,11.0,PIT08,jonej008,manas001
2026,SDN202608090,2026-08-09,0,SDN,HOU,7.0,2.0,SAN02,vasqr001,javic001
2026,SEA202608090,2026-08-09,0,SEA,TBA,1.0,4.0,SEA03,hance001,seymi001
2026,SFN202608090,2026-08-09,0,SFN,DET,1.0,3.0,SFO03,webbl001,meltt001
2026,SLN202608090,2026-08-09,0,SLN,COL,7.0,4.0,STL10,mcgrm001,lorem002
2026,TEX202608090,2026-08-09,0,TEX,BAL,5.0,10.0,ARL03,rockk001,povic001
2026,WAS202608090,2026-08-09,0,WAS,CIN,7.0,1.0,WAS11,lordb001,singb001
2026,ANA202608100,2026-08-10,0,ANA,TEX,1.0,4.0,ANA01,detmr001,gorem001
2026,ARI202608100,2026-08-10,0,ARI,COL,9.0,0.0,PHO01,sorom001,mlbam687312
2026,ATH202608100,2026-08-10,0,ATH,TBA,6.0,10.0,SAC01,lopej007,peraf001
2026,ATL202608100,2026-08-10,0,ATL,NYN,5.0,8.0,ATL03,eldeb001,scotc001
2026,LAN202608100,2026-08-10,0,LAN,KCA,6.0,5.0,LOS03,skubt001,camen001
2026,MIN202608100,2026-08-10,0,MIN,BAL,9.0,5.0,MIN04,kremd001,roget003
2026,SDN202608100,2026-08-10,0,SDN,MIL,3.0,2.0,SAN02,mizec001,hendl002
2026,SFN202608100,2026-08-10,0,SFN,HOU,3.0,6.0,SFO03,tidwb001,wesnh001
2026,SLN202608100,2026-08-10,0,SLN,PHI,5.0,6.0,STL10,dobbh001,mlbam691725
2026,TOR202608100,2026-08-10,0,TOR,BOS,2.0,1.0,TOR02,tailj001,grays001
2026,ANA202608110,2026-08-11,0,ANA,TEX,3.0,2.0,ANA01,johnr010,bradc003
2026,ARI202608110,2026-08-11,0,ARI,COL,2.0,3.0,PHO01,mlbam683352,sugat001
2026,ATH202608110,2026-08-11,0,ATH,TBA,4.0,12.0,SAC01,barnm002,martn002
2026,ATL202608110,2026-08-11,0,ATL,NYN,4.0,0.0,ATL03,perem004,mclen001
2026,CHA202608110,2026-08-11,0,CHA,CIN,4.0,5.0,CHI12,burks001,lodon001
2026,DET202608110,2026-08-11,0,DET,CLE,6.0,4.0,DET05,anded003,bibet001
2026,LAN202608110,2026-08-11,0,LAN,KCA,5.0,4.0,LOS03,snelb001,wachm001
2026,MIA202608110,2026-08-11,0,MIA,PIT,2.0,0.0,MIA02,peree004,skenp001
2026,MIN202608110,2026-08-11,0,MIN,BAL,2.0,5.0,MIN04,oberb002,younb001
2026,NYA202608110,2026-08-11,0,NYA,SEA,4.0,1.0,NYC21,weatr001,woo-b001
2026,SDN202608110,2026-08-11,0,SDN,MIL,11.0,2.0,SAN02,buehw001,harrk001
2026,SFN202608110,2026-08-11,0,SFN,HOU,4.0,1.0,SFO03,whisc001,browh001
2026,SLN202608110,2026-08-11,0,SLN,PHI,2.0,0.0,STL10,palla001,sancc002
2026,TOR202608110,2026-08-11,0,TOR,BOS,5.0,3.0,TOR02,ceasd001,sandp002
2026,WAS202608110,2026-08-11,0,WAS,CHN,6.0,8.0,WAS11,irvij001,imans001
2026,ANA202608120,2026-08-12,0,ANA,TEX,5.0,2.0,ANA01,mlbam691946,quanc001
2026,ARI202608120,2026-08-12,0,ARI,COL,4.0,6.0,PHO01,kellm002,feltr001
2026,ATH202608120,2026-08-12,0,ATH,TBA,4.0,8.0,SAC01,perkj001,rasmd002
2026,ATL202608120,2026-08-12,0,ATL,NYN,6.0,3.0,ATL03,mahlt001,mlbam804267
2026,CHA202608120,2026-08-12,0,CHA,CIN,5.0,0.0,CHI12,castl003,lowdr001
2026,DET202608120,2026-08-12,0,DET,CLE,4.0,6.0,DET05,valdf001,griff001
2026,LAN202608120,2026-08-12,0,LAN,KCA,4.0,2.0,LOS03,lauee001,lyncd001
2026,MIA202608120,2026-08-12,0,MIA,PIT,8.0,2.0,MIA02,junkj001,mlodc001
2026,MIN202608120,2026-08-12,0,MIN,BAL,7.0,5.0,MIN04,mattz001,baz-s001
2026,NYA202608120,2026-08-12,0,NYA,SEA,10.0,5.0,NYC21,warrw001,millb004
2026,SDN202608120,2026-08-12,0,SDN,MIL,4.0,3.0,SAN02,ray-r002,may-d003
2026,SFN202608120,2026-08-12,0,SFN,HOU,1.0,2.0,SFO03,housa001,kingb001
2026,SLN202608120,2026-08-12,0,SLN,PHI,7.0,1.0,STL10,leahk001,wheez001
2026,TOR202608120,2026-08-12,0,TOR,BOS,6.0,4.0,TOR02,sorij002,suarr001
2026,WAS202608120,2026-08-12,0,WAS,CHN,6.0,12.0,WAS11,mlbam800600,peted003
2026,ANA202608130,2026-08-13,0,ANA,TEX,7.0,0.0,ANA01,mlbam700712,degrj001
2026,CHA202608130,2026-08-13,0,CHA,CIN,8.0,9.0,CHI12,martd006,abboa001
2026,DET202608130,2026-08-13,0,DET,CLE,3.0,0.0,DET05,montk001,messp001
2026,LAN202608130,2026-08-13,0,LAN,MIL,4.0,5.0,LOS03,sasar001,mlbam675660
2026,MIA202608130,2026-08-13,0,MIA,PIT,1.0,13.0,MIA02,philt002,ashcb001
2026,MIN202608130,2026-08-13,0,MIN,PHI,1.0,7.0,MIN04,bradt002,nolaa001
2026,NYA202608130,2026-08-13,0,NYA,SEA,0.0,1.0,NYC21,friem001,gilbl002
2026,TOR202608130,2026-08-13,0,TOR,BOS,0.0,7.0,TOR02,schem001,tollp001
2026,WAS202608130,2026-08-13,0,WAS,CHN,7.0,0.0,WAS11,cavac001,gausk001
2026,ANA202608140,2026-08-14,0,ANA,KCA,6.0,7.0,ANA01,rodrg003,lugos001
2026,ATH202608140,2026-08-14,0,ATH,TEX,8.0,3.0,SAC01,mlbam695611,rockk001
2026,ATL202608140,2026-08-14,0,ATL,ARI,0.0,2.0,ATL03,salec001,pfaab001
2026,CHN202608140,2026-08-14,0,CHN,SLN,3.0,0.0,CHI11,holmc001,libem001
2026,CIN202608140,2026-08-14,0,CIN,MIA,1.0,0.0,CIN09,burnc003,alcas001
2026,CLE202608140,2026-08-14,0,CLE,SDN,5.0,7.0,CLE08,willg004,kingm002
2026,DET202608140,2026-08-14,0,DET,CHA,5.0,9.0,DET05,jobej001,newcs001
2026,HOU202608140,2026-08-14,0,HOU,SEA,10.0,7.0,HOU03,lambp001,kirbg001
2026,LAN202608140,2026-08-14,0,LAN,MIL,3.0,1.0,LOS03,yamay001,gassr001
2026,NYN202608140,2026-08-14,0,NYN,WAS,4.0,1.0,NYC20,stocr001,alvaa003
2026,PIT202608140,2026-08-14,0,PIT,BOS,8.0,4.0,PIT08,chanb001,mlbam687562
2026,SFN202608140,2026-08-14,0,SFN,COL,2.0,5.0,SFO03,roupl001,freek001
2026,TBA202608140,2026-08-14,0,TBA,BAL,5.0,6.0,TAM02,matzs001,bassc001
2026,TOR202608140,2026-08-14,0,TOR,NYA,3.0,1.0,TOR02,biebs001,coleg001
2026,ANA202608150,2026-08-15,0,ANA,KCA,1.0,0.0,ANA01,detmr001,dobnr001
2026,ATH202608150,2026-08-15,0,ATH,TEX,3.0,5.0,SAC01,ginnj001,gorem001
2026,ATL202608150,2026-08-15,0,ATL,ARI,3.0,10.0,ATL03,holmg001,rodre004
2026,CHN202608150,2026-08-15,0,CHN,SLN,4.0,8.0,CHI11,boydm001,mcgrm001
2026,CIN202608150,2026-08-15,0,CIN,MIA,4.0,8.0,CIN09,singb001,gustr001
2026,CLE202608150,2026-08-15,0,CLE,SDN,6.0,1.0,CLE08,cantj002,peraw002
2026,DET202608150,2026-08-15,0,DET,CHA,3.0,4.0,DET05,meltt001,kay-a001
2026,HOU202608150,2026-08-15,0,HOU,SEA,5.0,10.0,HOU03,wesnh001,hance001
2026,LAN202608150,2026-08-15,0,LAN,MIL,1.0,4.0,LOS03,wrobj001,misij001
2026,MIN202608150,2026-08-15,0,MIN,PHI,1.0,9.0,MIN04,mlbam687570,luzaj001
2026,NYN202608150,2026-08-15,0,NYN,WAS,5.0,4.0,NYC20,manas001,lordb001
2026,PIT202608150,2026-08-15,0,PIT,BOS,0.0,4.0,PIT08,jonej008,grays001
2026,SFN202608150,2026-08-15,0,SFN,COL,7.0,1.0,SFO03,webbl001,lorem002
2026,TBA202608150,2026-08-15,0,TBA,BAL,3.0,4.0,TAM02,seymi001,bradk001
2026,TOR202608150,2026-08-15,0,TOR,NYA,4.0,1.0,TOR02,fishb002,schlc001
2026,ANA202608160,2026-08-16,0,ANA,KCA,0.0,3.0,ANA01,johnr010,camen001
2026,ATH202608160,2026-08-16,0,ATH,TEX,5.0,2.0,SAC01,lopej007,bradc003
2026,ATL202608160,2026-08-16,0,ATL,ARI,5.0,3.0,ATL03,eldeb001,sorom001
2026,CHN202608160,2026-08-16,0,CHN,SLN,4.0,11.0,CHI11,cabre003,dobbh001
2026,CIN202608160,2026-08-16,0,CIN,MIA,1.0,7.0,CIN09,lodon001,peree004
2026,CLE202608160,2026-08-16,0,CLE,SDN,0.0,5.0,CLE08,bibet001,mizec001
2026,DET202608160,2026-08-16,0,DET,CHA,5.0,7.0,DET05,anded003,burks001
2026,HOU202608160,2026-08-16,0,HOU,SEA,2.0,3.0,HOU03,browh001,woo-b001
2026,LAN202608160,2026-08-16,0,LAN,MIL,2.0,6.0,LOS03,skubt001,hendl002
2026,MIN202608160,2026-08-16,0,MIN,PHI,5.0,7.0,MIN04,kremd001,mlbam691725
2026,NYN202608160,2026-08-16,0,NYN,WAS,4.0,3.0,NYC20,scotc001,irvij001
2026,PIT202608160,2026-08-16,0,PIT,BOS,8.0,3.0,PIT08,bachl001,sandp002
2026,SFN202608160,2026-08-16,0,SFN,COL,7.0,13.0,SFO03,tidwb001,mlbam687312
2026,TBA202608160,2026-08-16,0,TBA,BAL,2.0,10.0,TAM02,peraf001,roget003
2026,TOR202608160,2026-08-16,0,TOR,NYA,3.0,4.0,TOR02,ceasd001,weatr001
2026,BOS202608170,2026-08-17,0,BOS,ARI,11.0,1.0,BOS07,mlbam687941,mlbam683352
2026,CHN202608170,2026-08-17,0,CHN,CHA,7.0,5.0,CHI11,imans001,castl003
2026,CIN202608170,2026-08-17,0,CIN,SLN,1.0,2.0,CIN09,emank001,mlbam687273
2026,CIN202608171,2026-08-17,1,CIN,SLN,6.0,5.0,CIN09,lowdr001,palla001
2026,COL202608170,2026-08-17,0,COL,LAN,5.0,11.0,DEN02,sugat001,snelb001
2026,KCA202608170,2026-08-17,0,KCA,ATH,9.0,5.0,KAN06,wachm001,barnm002
2026,MIN202608170,2026-08-17,0,MIN,ATL,4.0,2.0,MIN04,oberb002,perem004
2026,NYN202608170,2026-08-17,0,NYN,SDN,2.0,1.0,NYC20,mclen001,buehw001
2026,PHI202608170,2026-08-17,0,PHI,MIA,6.0,5.0,PHI13,sancc002,junkj001
2026,PIT202608170,2026-08-17,0,PIT,DET,5.0,8.0,PIT08,mlodc001,valdf001
2026,TBA202608170,2026-08-17,0,TBA,BAL,7.0,6.0,TAM02,mccls003,younb001
2026,BAL202608180,2026-08-18,0,BAL,NYA,1.0,3.0,BAL12,baz-s001,rodoc001
2026,BOS202608180,2026-08-18,0,BOS,ARI,9.0,4.0,BOS07,suarr001,kellm002
2026,CHN202608180,2026-08-18,0,CHN,CHA,4.0,3.0,CHI11,gausk001,hudsb001
2026,CIN202608180,2026-08-18,0,CIN,SLN,0.0,3.0,CIN09,abboa001,leahk001
2026,CLE202608180,2026-08-18,0,CLE,SFN,8.0,1.0,CLE08,griff001,whisc001
2026,COL202608180,2026-08-18,0,COL,LAN,6.0,7.0,DEN02,feltr001,lauee001
2026,HOU202608180,2026-08-18,0,HOU,ANA,1.0,3.0,HOU03,javic001,mlbam691946
2026,KCA202608180,2026-08-18,0,KCA,ATH,4.0,3.0,KAN06,lyncd001,bassb002
2026,MIL202608180,2026-08-18,0,MIL,SEA,22.0,0.0,MIL06,harrk001,millb004
2026,MIN202608180,2026-08-18,0,MIN,ATL,4.0,1.0,MIN04,mattz001,mahlt001
2026,NYN202608180,2026-08-18,0,NYN,SDN,2.0,5.0,NYC20,mlbam804267,ray-r002
2026,PHI202608180,2026-08-18,0,PHI,MIA,6.0,4.0,PHI13,wheez001,gibsc001
2026,PIT202608180,2026-08-18,0,PIT,DET,4.0,1.0,PIT08,ashcb001,montk001
2026,TBA202608180,2026-08-18,0,TBA,TOR,5.0,10.0,TAM02,martn002,sorij002
2026,TEX202608180,2026-08-18,0,TEX,WAS,5.0,0.0,ARL03,quanc001,mlbam800600
2026,BAL202608190,2026-08-19,0,BAL,NYA,3.0,5.0,BAL12,bassc001,warrw001
2026,BOS202608190,2026-08-19,0,BOS,ARI,6.0,7.0,BOS07,tollp001,pfaab001
2026,CHN202608190,2026-08-19,0,CHN,CHA,0.0,3.0,CHI11,holmc001,newcs001
2026,CIN202608190,2026-08-19,0,CIN,SLN,5.0,4.0,CIN09,burnc003,libem001
2026,CLE202608190,2026-08-19,0,CLE,SFN,0.0,1.0,CLE08,messp001,mlbam683363
2026,COL202608190,2026-08-19,0,COL,LAN,4.0,6.0,DEN02,freek001,sasar001
2026,HOU202608190,2026-08-19,0,HOU,ANA,3.0,2.0,HOU03,mlbam814490,mlbam700712
2026,KCA202608190,2026-08-19,0,KCA,ATH,9.0,7.0,KAN06,lugos001,sprij001
2026,MIL202608190,2026-08-19,0,MIL,SEA,5.0,7.0,MIL06,may-d003,gilbl002
2026,MIN202608190,2026-08-19,0,MIN,ATL,6.0,4.0,MIN04,bradt002,smita001
2026,NYN202608190,2026-08-19,0,NYN,SDN,4.0,2.0,NYC20,stocr001,kingm002
2026,PHI202608190,2026-08-19,0,PHI,MIA,4.0,1.0,PHI13,nolaa001,alcas001
2026,PIT202608190,2026-08-19,0,PIT,DET,4.0,3.0,PIT08,skenp001,jobej001
2026,TBA202608190,2026-08-19,0,TBA,TOR,7.0,6.0,TAM02,rasmd002,schem001
2026,TEX202608190,2026-08-19,0,TEX,WAS,0.0,6.0,ARL03,rockk001,cavac001
2026,BAL202608200,2026-08-20,0,BAL,NYA,1.0,6.0,BAL12,bradk001,coleg001
2026,CHA202608200,2026-08-20,0,CHA,ATL,0.0,2.0,CHI12,kay-a001,holmg001
2026,CIN202608200,2026-08-20,0,CIN,SLN,9.0,10.0,CIN09,singb001,mcgrm001
2026,CLE202608200,2026-08-20,0,CLE,SFN,5.0,2.0,CLE08,willg004,roupl001
2026,HOU202608200,2026-08-20,0,HOU,ANA,3.0,18.0,HOU03,lambp001,rodrg003
2026,KCA202608200,2026-08-20,0,KCA,ATH,6.0,2.0,KAN06,dobnr001,mlbam695611
2026,MIL202608200,2026-08-20,0,MIL,SEA,7.0,4.0,MIL06,gassr001,kirbg001
2026,TBA202608200,2026-08-20,0,TBA,TOR,1.0,5.0,TAM02,seymi001,biebs001
2026,TEX202608200,2026-08-20,0,TEX,WAS,2.0,0.0,ARL03,degrj001,alvaa003
2026,ARI202608210,2026-08-21,0,ARI,CIN,9.0,0.0,PHO01,rodre004,lodon001
2026,BAL202608210,2026-08-21,0,BAL,TBA,5.0,3.0,BAL12,roget003,peraf001
2026,BOS202608210,2026-08-21,0,BOS,SFN,6.0,4.0,BOS07,grays001,webbl001
2026,CHA202608210,2026-08-21,0,CHA,NYN,6.0,4.0,CHI12,burks001,manas001
2026,COL202608210,2026-08-21,0,COL,CLE,1.0,9.0,DEN02,gordt002,cantj002
2026,HOU202608210,2026-08-21,0,HOU,ATH,4.0,0.0,HOU03,wesnh001,ginnj001
2026,KCA202608210,2026-08-21,0,KCA,DET,5.0,2.0,KAN06,camen001,meltt001
2026,LAN202608210,2026-08-21,0,LAN,PIT,5.0,4.0,LOS03,yamay001,chanb001
2026,MIA202608210,2026-08-21,0,MIA,WAS,3.0,2.0,MIA02,gustr001,lordb001
2026,MIL202608210,2026-08-21,0,MIL,ATL,2.0,1.0,MIL06,misij001,salec001
2026,NYA202608210,2026-08-21,0,NYA,TOR,3.0,1.0,NYC21,schlc001,fluhm001
2026,PHI202608210,2026-08-21,0,PHI,SLN,7.0,6.0,PHI13,luzaj001,dobbh001
2026,SDN202608210,2026-08-21,0,SDN,MIN,6.0,2.0,SAN02,vasqr001,mlbam687570
2026,SEA202608210,2026-08-21,0,SEA,CHN,6.0,5.0,SEA03,hance001,boydm001
2026,TEX202608210,2026-08-21,0,TEX,ANA,2.0,1.0,ARL03,gorem001,detmr001
2026,ARI202608220,2026-08-22,0,ARI,CIN,5.0,11.0,PHO01,sorom001,lowdr001
2026,BAL202608220,2026-08-22,0,BAL,TBA,3.0,2.0,BAL12,younb001,mccls003
2026,BOS202608220,2026-08-22,0,BOS,SFN,3.0,2.0,BOS07,sandp002,tidwb001
2026,CHA202608220,2026-08-22,0,CHA,NYN,5.0,10.0,CHI12,castl003,scotc001
2026,COL202608220,2026-08-22,0,COL,CLE,3.0,4.0,DEN02,mlbam687312,bibet001
2026,HOU202608220,2026-08-22,0,HOU,ATH,3.0,4.0,HOU03,browh001,lopej007
2026,KCA202608220,2026-08-22,0,KCA,DET,3.0,1.0,KAN06,wachm001,anded003
2026,LAN202608220,2026-08-22,0,LAN,PIT,4.0,3.0,LOS03,skubt001,jonej008
2026,MIA202608220,2026-08-22,0,MIA,WAS,4.0,2.0,MIA02,peree004,irvij001
2026,MIL202608220,2026-08-22,0,MIL,ATL,4.0,1.0,MIL06,hendl002,perem004
2026,NYA202608220,2026-08-22,0,NYA,TOR,3.0,4.0,NYC21,weatr001,ceasd001
2026,PHI202608220,2026-08-22,0,PHI,SLN,12.0,3.0,PHI13,mlbam691725,mlbam687273
2026,SDN202608220,2026-08-22,0,SDN,MIN,7.0,5.0,SAN02,mizec001,kremd001
2026,SEA202608220,2026-08-22,0,SEA,CHN,5.0,4.0,SEA03,mlbam807739,peted003
2026,TEX202608220,2026-08-22,0,TEX,ANA,0.0,3.0,ARL03,bradc003,johnr010
2026,ARI202608230,2026-08-23,0,ARI,CIN,5.0,3.0,PHO01,mlbam683352,abboa001
2026,BAL202608230,2026-08-23,0,BAL,TBA,1.0,3.0,BAL12,baz-s001,martn002
2026,BOS202608230,2026-08-23,0,BOS,SFN,5.0,4.0,BOS07,mlbam687562,mlbam683363
2026,CHA202608230,2026-08-23,0,CHA,NYN,2.0,1.0,CHI12,newcs001,mclen001
2026,COL202608230,2026-08-23,0,COL,CLE,2.0,7.0,DEN02,sugat001,griff001
2026,HOU202608230,2026-08-23,0,HOU,ATH,6.0,7.0,HOU03,javic001,bassb002
2026,KCA202608230,2026-08-23,0,KCA,DET,11.0,7.0,KAN06,lyncd001,waguj001
2026,LAN202608230,2026-08-23,0,LAN,PIT,4.0,0.0,LOS03,snelb001,bachl001
2026,MIA202608230,2026-08-23,0,MIA,WAS,6.0,2.0,MIA02,junkj001,mlbam800600
2026,MIL202608230,2026-08-23,0,MIL,ATL,2.0,4.0,MIL06,mlbam675660,mahlt001
2026,NYA202608230,2026-08-23,0,NYA,TOR,8.0,3.0,NYC21,rodoc001,sorij002
2026,PHI202608230,2026-08-23,0,PHI,SLN,6.0,4.0,PHI13,sancc002,leahk001
2026,SDN202608230,2026-08-23,0,SDN,MIN,8.0,1.0,SAN02,buehw001,oberb002
2026,SEA202608230,2026-08-23,0,SEA,CHN,2.0,19.0,SEA03,millb004,imans001
2026,TEX202608230,2026-08-23,0,TEX,ANA,5.0,3.0,ARL03,quanc001,kikuy001
2026,ANA202608240,2026-08-24,0,ANA,CLE,2.0,4.0,ANA01,mlbam691946,messp001
2026,ARI202608240,2026-08-24,0,ARI,CHN,0.0,7.0,PHO01,kellm002,gausk001
2026,ATH202608240,2026-08-24,0,ATH,MIN,6.0,9.0,SAC01,sprij001,mattz001
2026,CHA202608240,2026-08-24,0,CHA,TEX,2.0,11.0,CHI12,urquj001,rockk001
2026,DET202608240,2026-08-24,0,DET,TBA,1.0,4.0,DET05,valdf001,rasmd002
2026,MIA202608240,2026-08-24,0,MIA,BOS,2.0,4.0,MIA02,alcas001,suarr001
2026,SDN202608240,2026-08-24,0,SDN,PIT,2.0,3.0,SAN02,ray-r002,ashcb001
2026,SEA202608240,2026-08-24,0,SEA,PHI,9.0,2.0,SEA03,gilbl002,wheez001
2026,SFN202608240,2026-08-24,0,SFN,CIN,5.0,0.0,SFO03,whisc001,burnc003
2026,WAS202608240,2026-08-24,0,WAS,COL,13.0,3.0,WAS11,cavac001,feltr001
2026,ANA202608250,2026-08-25,0,ANA,CLE,6.0,8.0,ANA01,mlbam700712,willg004
2026,ARI202608250,2026-08-25,0,ARI,CHN,5.0,4.0,PHO01,pfaab001,holmc001
2026,ATH202608250,2026-08-25,0,ATH,MIN,4.0,2.0,SAC01,mlbam695611,bradt002
2026,ATL202608250,2026-08-25,0,ATL,LAN,4.0,3.0,ATL03,eldeb001,glast001
2026,CHA202608250,2026-08-25,0,CHA,TEX,11.0,7.0,CHI12,kay-a001,degrj001
2026,DET202608250,2026-08-25,0,DET,TBA,4.0,1.0,DET05,jobej001,leguc001
2026,MIA202608250,2026-08-25,0,MIA,BOS,3.0,7.0,MIA02,philt002,tollp001
2026,NYA202608250,2026-08-25,0,NYA,HOU,7.0,9.0,NYC21,warrw001,mlbam814490
2026,NYN202608250,2026-08-25,0,NYN,MIL,3.0,2.0,NYC20,mlbam804267,harrk001
2026,SDN202608250,2026-08-25,0,SDN,PIT,0.0,1.0,SAN02,kingm002,skenp001
2026,SEA202608250,2026-08-25,0,SEA,PHI,4.0,1.0,SEA03,kirbg001,nolaa001
2026,SFN202608250,2026-08-25,0,SFN,CIN,3.0,1.0,SFO03,housa001,singb001
2026,SLN202608250,2026-08-25,0,SLN,BAL,1.0,13.0,STL10,libem001,bassc001
2026,TOR202608250,2026-08-25,0,TOR,KCA,3.0,5.0,TOR02,schem001,lugos001
2026,WAS202608250,2026-08-25,0,WAS,COL,1.0,3.0,WAS11,alvaa003,mlbam690279
2026,ANA202608260,2026-08-26,0,ANA,CLE,3.0,4.0,ANA01,rodrg003,cantj002
2026,ARI202608260,2026-08-26,0,ARI,CHN,2.0,0.0,PHO01,rodre004,boydm001
2026,ATH202608260,2026-08-26,0,ATH,MIN,7.0,4.0,SAC01,ginnj001,mlbam687570
2026,ATL202608260,2026-08-26,0,ATL,LAN,6.0,5.0,ATL03,smita001,sasar001
2026,CHA202608260,2026-08-26,0,CHA,TEX,10.0,4.0,CHI12,burks001,gorem001
2026,DET202608260,2026-08-26,0,DET,TBA,0.0,3.0,DET05,meltt001,peraf001
2026,MIA202608260,2026-08-26,0,MIA,BOS,4.0,0.0,MIA02,gustr001,grays001
2026,NYA202608260,2026-08-26,0,NYA,HOU,9.0,3.0,NYC21,mlbam695684,lambp001
2026,NYN202608260,2026-08-26,0,NYN,MIL,1.0,8.0,NYC20,stocr001,may-d003
2026,SDN202608260,2026-08-26,0,SDN,PIT,3.0,0.0,SAN02,vasqr001,chanb001
2026,SEA202608260,2026-08-26,0,SEA,PHI,0.0,6.0,SEA03,woo-b001,luzaj001
2026,SFN202608260,2026-08-26,0,SFN,CIN,9.0,10.0,SFO03,webbl001,lodon001
2026,SLN202608260,2026-08-26,0,SLN,BAL,7.0,8.0,STL10,mcgrm001,bradk001
2026,TOR202608260,2026-08-26,0,TOR,KCA,3.0,0.0,TOR02,mlbam693686,dobnr001
2026,WAS202608260,2026-08-26,0,WAS,COL,1.0,13.0,WAS11,waldm003,gordt002
2026,ATL202608270,2026-08-27,0,ATL,LAN,1.0,0.0,ATL03,salec001,yamay001
2026,NYA202608270,2026-08-27,0,NYA,HOU,1.0,5.0,NYC21,coleg001,wesnh001
2026,NYN202608270,2026-08-27,0,NYN,MIL,2.0,8.0,NYC20,manas001,misij001
2026,SFN202608270,2026-08-27,0,SFN,ARI,6.0,1.0,SFO03,roupl001,mlbam703615
2026,SLN202608270,2026-08-27,0,SLN,BAL,7.0,5.0,STL10,gracg001,roget003
2026,TOR202608270,2026-08-27,0,TOR,KCA,2.0,13.0,TOR02,arris001,camen001
2026,WAS202608270,2026-08-27,0,WAS,COL,7.0,1.0,WAS11,irvij001,mlbam687312
2026,ANA202608280,2026-08-28,0,ANA,PHI,3.0,5.0,ANA01,detmr001,mlbam691725
2026,ATH202608280,2026-08-28,0,ATH,BAL,3.0,4.0,SAC01,lopej007,younb001
2026,ATL202608280,2026-08-28,0,ATL,COL,6.0,4.0,ATL03,holmg001,sugat001
2026,CHN202608280,2026-08-28,0,CHN,CIN,8.0,10.0,CHI11,peted003,lowdr001
2026,CLE202608280,2026-08-28,0,CLE,KCA,0.0,3.0,CLE08,bibet001,wachm001
2026,DET202608280,2026-08-28,0,DET,LAN,1.0,2.0,DET05,anded003,skubt001
2026,MIL202608280,2026-08-28,0,MIL,TEX,6.0,1.0,MIL06,hendl002,bradc003
2026,MIN202608280,2026-08-28,0,MIN,CHA,4.0,7.0,MIN04,kremd001,castl003
2026,NYA202608280,2026-08-28,0,NYA,BOS,1.0,0.0,NYC21,schlc001,sandp002
2026,NYN202608280,2026-08-28,0,NYN,HOU,1.0,3.0,NYC20,scotc001,browh001
2026,SFN202608280,2026-08-28,0,SFN,ARI,6.0,10.0,SFO03,tidwb001,mlbam684442
2026,SLN202608280,2026-08-28,0,SLN,PIT,4.0,1.0,STL10,mlbam687273,jonej008
2026,TBA202608280,2026-08-28,0,TBA,SDN,9.0,4.0,TAM02,mccls003,mizec001
2026,TOR202608280,2026-08-28,0,TOR,SEA,8.0,1.0,TOR02,ceasd001,hance001
2026,WAS202608280,2026-08-28,0,WAS,MIA,9.0,2.0,WAS11,mlbam800600,peree004
2026,ANA202608290,2026-08-29,0,ANA,PHI,2.0,4.0,ANA01,johnr010,sancc002
2026,ATH202608290,2026-08-29,0,ATH,BAL,3.0,5.0,SAC01,perkj001,baz-s001
2026,ATL202608290,2026-08-29,0,ATL,COL,2.0,1.0,ATL03,perem004,agnoz001
2026,CHN202608290,2026-08-29,0,CHN,CIN,17.0,5.0,CHI11,gausk001,abboa001
2026,CLE202608290,2026-08-29,0,CLE,KCA,3.0,8.0,CLE08,griff001,lyncd001
2026,DET202608290,2026-08-29,0,DET,LAN,2.0,1.0,DET05,montk001,snelb001
2026,MIL202608290,2026-08-29,0,MIL,TEX,5.0,3.0,MIL06,mlbam675660,quanc001
2026,MIN202608290,2026-08-29,0,MIN,CHA,2.0,3.0,MIN04,oberb002,fedde001
2026,NYA202608290,2026-08-29,0,NYA,BOS,0.0,6.0,NYC21,rodoc001,mlbam687562
2026,NYA202608291,2026-08-29,1,NYA,BOS,9.0,2.0,NYC21,friem001,mlbam687941
2026,NYN202608290,2026-08-29,0,NYN,HOU,6.0,2.0,NYC20,mclen001,sousb001
2026,SFN202608290,2026-08-29,0,SFN,ARI,1.0,7.0,SFO03,mlbam683363,kellm002
2026,SFN202608291,2026-08-29,1,SFN,ARI,7.0,2.0,SFO03,mlbam805074,mlbam683352
2026,SLN202608290,2026-08-29,0,SLN,PIT,2.0,6.0,STL10,leahk001,bachl001
2026,TBA202608290,2026-08-29,0,TBA,SDN,7.0,6.0,TAM02,martn002,buehw001
2026,TOR202608290,2026-08-29,0,TOR,SEA,4.0,3.0,TOR02,sorij002,mlbam807739
2026,WAS202608290,2026-08-29,0,WAS,MIA,5.0,4.0,WAS11,cavac001,alcas001
2026,ANA202608300,2026-08-30,0,ANA,PHI,2.0,5.0,ANA01,kikuy001,wheez001
2026,ATH202608300,2026-08-30,0,ATH,BAL,5.0,8.0,SAC01,sprij001,bassc001
2026,ATL202608300,2026-08-30,0,ATL,COL,3.0,2.0,ATL03,mahlt001,mlbam690279
2026,CHN202608300,2026-08-30,0,CHN,CIN,5.0,7.0,CHI11,imans001,burnc003
2026,CLE202608300,2026-08-30,0,CLE,KCA,11.0,1.0,CLE08,messp001,lugos001
2026,DET202608300,2026-08-30,0,DET,LAN,1.0,6.0,DET05,valdf001,glast001
2026,MIL202608300,2026-08-30,0,MIL,TEX,4.0,7.0,MIL06,may-d003,rockk001
2026,MIN202608300,2026-08-30,0,MIN,CHA,5.0,1.0,MIN04,mattz001,hickj002
2026,NYA202608300,2026-08-30,0,NYA,BOS,16.0,1.0,NYC21,warrw001,suarr001
2026,NYN202608300,2026-08-30,0,NYN,HOU,3.0,6.0,NYC20,mlbam804267,mlbam814490
2026,SLN202608300,2026-08-30,0,SLN,PIT,4.0,5.0,STL10,libem001,ashcb001
2026,TBA202608300,2026-08-30,0,TBA,SDN,5.0,4.0,TAM02,rasmd002,ray-r002
2026,TOR202608300,2026-08-30,0,TOR,SEA,7.0,0.0,TOR02,schem001,gilbl002
2026,WAS202608300,2026-08-30,0,WAS,MIA,2.0,6.0,WAS11,alvaa003,junkj001
2026,ANA202608310,2026-08-31,0,ANA,NYA,10.0,1.0,ANA01,mlbam700712,mlbam695684
2026,ARI202608310,2026-08-31,0,ARI,PHI,1.0,2.0,PHO01,pfaab001,nolaa001
2026,ATL202608310,2026-08-31,0,ATL,SFN,3.0,7.0,ATL03,eldeb001,molia001
2026,BOS202608310,2026-08-31,0,BOS,SEA,9.0,8.0,BOS07,tollp001,kirbg001
2026,CHN202608310,2026-08-31,0,CHN,MIL,17.0,3.0,CHI11,holmc001,harrk001
2026,CIN202608310,2026-08-31,0,CIN,SDN,0.0,5.0,CIN09,singb001,kingm002
2026,COL202608310,2026-08-31,0,COL,BAL,1.0,2.0,DEN02,gordt002,povic001
2026,HOU202608310,2026-08-31,0,HOU,CHA,6.0,3.0,HOU03,lambp001,kay-a001
2026,MIN202608310,2026-08-31,0,MIN,DET,11.0,1.0,MIN04,bradt002,jobej001
2026,TBA202608310,2026-08-31,0,TBA,NYN,2.0,3.0,TAM02,seymi001,stocr001
2026,TEX202608310,2026-08-31,0,TEX,ATH,8.0,1.0,ARL03,degrj001,mlbam695611
2026,WAS202608310,2026-08-31,0,WAS,MIA,6.0,3.0,WAS11,mlbam702021,gustr001
2026,ANA202609010,2026-09-01,0,ANA,NYA,3.0,7.0,ANA01,rodrg003,coleg001
2026,ARI202609010,2026-09-01,0,ARI,PHI,1.0,7.0,PHO01,rodre004,luzaj001
2026,BOS202609010,2026-09-01,0,BOS,SEA,6.0,9.0,BOS07,mlbam699151,woo-b001
2026,CHN202609010,2026-09-01,0,CHN,MIL,4.0,9.0,CHI11,boydm001,gassr001
2026,CIN202609010,2026-09-01,0,CIN,SDN,4.0,3.0,CIN09,lodon001,vasqr001
2026,CLE202609010,2026-09-01,0,CLE,TOR,6.0,1.0,CLE08,willg004,mlbam693686
2026,COL202609010,2026-09-01,0,COL,BAL,4.0,2.0,DEN02,mlbam687312,bradk001
2026,HOU202609010,2026-09-01,0,HOU,CHA,1.0,5.0,HOU03,blanr001,burks001
2026,KCA202609010,2026-09-01,0,KCA,MIA,3.0,6.0,KAN06,dobnr001,philt002
2026,LAN202609010,2026-09-01,0,LAN,SLN,8.0,13.0,LOS03,lauee001,mcgrm001
2026,MIN202609010,2026-09-01,0,MIN,DET,15.0,2.0,MIN04,mlbam702193,meltt001
2026,PIT202609010,2026-09-01,0,PIT,SFN,13.0,12.0,PIT08,skenp001,webbl001
2026,TBA202609010,2026-09-01,0,TBA,NYN,6.0,2.0,TAM02,peraf001,manas001
2026,TEX202609010,2026-09-01,0,TEX,ATH,8.0,5.0,ARL03,gorem001,bassb002
2026,WAS202609010,2026-09-01,0,WAS,ATL,9.0,5.0,WAS11,irvij001,smita001
2026,ANA202609020,2026-09-02,0,ANA,NYA,3.0,6.0,ANA01,detmr001,schlc001
2026,ARI202609020,2026-09-02,0,ARI,PHI,1.0,0.0,PHO01,clart003,mlbam691725
2026,BOS202609020,2026-09-02,0,BOS,SEA,3.0,8.0,BOS07,sandp002,millb004
2026,CHN202609020,2026-09-02,0,CHN,MIL,5.0,9.0,CHI11,peted003,misij001
2026,CIN202609020,2026-09-02,0,CIN,SDN,7.0,3.0,CIN09,willb003,mizec001
2026,CLE202609020,2026-09-02,0,CLE,TOR,0.0,11.0,CLE08,cantj002,ceasd001
2026,COL202609020,2026-09-02,0,COL,BAL,6.0,5.0,DEN02,sugat001,roget003
2026,HOU202609020,2026-09-02,0,HOU,CHA,2.0,0.0,HOU03,wesnh001,martd006
2026,KCA202609020,2026-09-02,0,KCA,MIA,6.0,9.0,KAN06,camen001,peree004
2026,LAN202609020,2026-09-02,0,LAN,SLN,6.0,8.0,LOS03,yamay001,mlbam802408
2026,MIN202609020,2026-09-02,0,MIN,DET,6.0,11.0,MIN04,kremd001,anded003
2026,PIT202609020,2026-09-02,0,PIT,SFN,4.0,5.0,PIT08,chanb001,roupl001
2026,TBA202609020,2026-09-02,0,TBA,NYN,4.0,10.0,TAM02,jax-g001,hagej002
2026,TEX202609020,2026-09-02,0,TEX,ATH,2.0,9.0,ARL03,bradc003,lopej007
2026,WAS202609020,2026-09-02,0,WAS,ATL,0.0,9.0,WAS11,lordb001,holmg001
2026,BAL202609030,2026-09-03,0,BAL,BOS,5.0,6.0,BAL12,younb001,mlbam687562
2026,CHN202609030,2026-09-03,0,CHN,MIL,2.0,1.0,CHI11,gausk001,hendl002
2026,CLE202609030,2026-09-03,0,CLE,TOR,3.0,6.0,CLE08,bibet001,sorij002
2026,HOU202609030,2026-09-03,0,HOU,CHA,6.0,2.0,HOU03,browh001,castl003
2026,KCA202609030,2026-09-03,0,KCA,MIA,7.0,3.0,KAN06,wachm001,alcas001
2026,LAN202609030,2026-09-03,0,LAN,SLN,3.0,2.0,LOS03,skubt001,mlbam687273
2026,PIT202609030,2026-09-03,0,PIT,SFN,5.0,2.0,PIT08,bachl001,tidwb001
2026,SEA202609030,2026-09-03,0,SEA,ATH,4.0,7.0,SEA03,mlbam807739,perkj001
2026,TEX202609030,2026-09-03,0,TEX,TBA,6.0,0.0,ARL03,quanc001,mccls003
2026,BAL202609040,2026-09-04,0,BAL,BOS,0.0,1.0,BAL12,baz-s001,suarr001
2026,CHA202609040,2026-09-04,0,CHA,MIN,4.0,1.0,CHI12,fedde001,mattz001
2026,CIN202609040,2026-09-04,0,CIN,MIL,7.0,10.0,CIN09,lowdr001,mlbam675660
2026,CLE202609040,2026-09-04,0,CLE,DET,7.0,6.0,CLE08,allel003,montk001
2026,CLE202609041,2026-09-04,1,CLE,DET,4.0,3.0,CLE08,griff001,mlbam808825
2026,COL202609040,2026-09-04,0,COL,SLN,6.0,7.0,DEN02,feltr001,palla001
2026,HOU202609040,2026-09-04,0,HOU,ARI,3.0,1.0,HOU03,javic001,kellm002
2026,KCA202609040,2026-09-04,0,KCA,TOR,2.0,9.0,KAN06,lyncd001,tailj001
2026,LAN202609040,2026-09-04,0,LAN,WAS,5.0,3.0,LOS03,snelb001,mlbam800600
2026,MIA202609040,2026-09-04,0,MIA,CHN,1.0,6.0,MIA02,junkj001,imans001
2026,NYN202609040,2026-09-04,0,NYN,SFN,10.0,6.0,NYC20,mclen001,mlbam683363
2026,PHI202609040,2026-09-04,0,PHI,ATL,2.0,5.0,PHI13,sancc002,salec001
2026,PIT202609040,2026-09-04,0,PIT,ANA,1.0,0.0,PIT08,jonej008,johnr010
2026,SDN202609040,2026-09-04,0,SDN,NYA,3.0,2.0,SAN02,buehw001,friem001
2026,SEA202609040,2026-09-04,0,SEA,ATH,6.0,7.0,SEA03,gilbl002,mlbam695034
2026,TEX202609040,2026-09-04,0,TEX,TBA,6.0,7.0,ARL03,willt002,martn002
2026,BAL202609050,2026-09-05,0,BAL,BOS,0.0,5.0,BAL12,bassc001,grays001
2026,CHA202609050,2026-09-05,0,CHA,MIN,4.0,6.0,CHI12,kay-a001,bradt002
2026,CIN202609050,2026-09-05,0,CIN,MIL,5.0,3.0,CIN09,abboa001,may-d003
2026,CLE202609050,2026-09-05,0,CLE,DET,0.0,6.0,CLE08,messp001,valdf001
2026,COL202609050,2026-09-05,0,COL,SLN,10.0,7.0,DEN02,mlbam690279,libem001
2026,HOU202609050,2026-09-05,0,HOU,ARI,3.0,4.0,HOU03,mlbam814490,pfaab001
2026,KCA202609050,2026-09-05,0,KCA,TOR,3.0,4.0,KAN06,lugos001,schem001
2026,LAN202609050,2026-09-05,0,LAN,WAS,6.0,5.0,LOS03,glast001,cavac001
2026,MIA202609050,2026-09-05,0,MIA,CHN,5.0,6.0,MIA02,gustr001,assaj001
2026,NYN202609050,2026-09-05,0,NYN,SFN,5.0,9.0,NYC20,mlbam804267,molia001
2026,PHI202609050,2026-09-05,0,PHI,ATL,4.0,2.0,PHI13,wheez001,perem004
2026,PIT202609050,2026-09-05,0,PIT,ANA,1.0,6.0,PIT08,ashcb001,kikuy001
2026,SDN202609050,2026-09-05,0,SDN,NYA,1.0,5.0,SAN02,ray-r002,rodoc001
2026,SEA202609050,2026-09-05,0,SEA,ATH,2.0,6.0,SEA03,kirbg001,sprij001
2026,TEX202609050,2026-09-05,0,TEX,TBA,3.0,6.0,ARL03,degrj001,rasmd002
2026,BAL202609060,2026-09-06,0,BAL,BOS,1.0,3.0,BAL12,bradk001,tollp001
2026,CHA202609060,2026-09-06,0,CHA,MIN,10.0,1.0,CHI12,hudsb001,oberb002
2026,CIN202609060,2026-09-06,0,CIN,MIL,12.0,8.0,CIN09,singb001,harrk001
2026,CLE202609060,2026-09-06,0,CLE,DET,3.0,2.0,CLE08,willg004,jobej001
2026,COL202609060,2026-09-06,0,COL,SLN,8.0,10.0,DEN02,gordt002,leahk001
2026,HOU202609060,2026-09-06,0,HOU,ARI,2.0,3.0,HOU03,lambp001,rodre004
2026,KCA202609060,2026-09-06,0,KCA,TOR,6.0,1.0,KAN06,dobnr001,arris001
2026,LAN202609060,2026-09-06,0,LAN,WAS,7.0,5.0,LOS03,wrobj001,alvaa003
2026,MIA202609060,2026-09-06,0,MIA,CHN,10.0,3.0,MIA02,philt002,holmc001
2026,NYN202609060,2026-09-06,0,NYN,SFN,4.0,2.0,NYC20,scotc001,mlbam702885
2026,PHI202609060,2026-09-06,0,PHI,ATL,4.0,5.0,PHI13,nolaa001,mahlt001
2026,PIT202609060,2026-09-06,0,PIT,ANA,1.0,0.0,PIT08,skenp001,mlbam700712
2026,SDN202609060,2026-09-06,0,SDN,NYA,4.0,3.0,SAN02,kingm002,coleg001
2026,SEA202609060,2026-09-06,0,SEA,ATH,2.0,0.0,SEA03,woo-b001,mlbam695611
2026,TEX202609060,2026-09-06,0,TEX,TBA,8.0,6.0,ARL03,gorem001,seymi001
2026,ATH202609070,2026-09-07,0,ATH,TOR,6.0,5.0,SAC01,lopej007,ceasd001
2026,BAL202609070,2026-09-07,0,BAL,CLE,6.0,4.0,BAL12,roget003,cantj002
2026,BOS202609070,2026-09-07,0,BOS,ANA,5.0,2.0,BOS07,bellb002,rodrg003
2026,DET202609070,2026-09-07,0,DET,MIN,5.0,4.0,DET05,meltt001,ryanj002
2026,KCA202609070,2026-09-07,0,KCA,ARI,4.0,5.0,KAN06,camen001,law-d001
2026,LAN202609070,2026-09-07,0,LAN,CIN,6.0,3.0,LOS03,sheee001,burnc003
2026,MIA202609070,2026-09-07,0,MIA,NYN,4.0,9.0,MIA02,peree004,tongj001
2026,MIL202609070,2026-09-07,0,MIL,CHN,4.0,3.0,MIL06,gassr001,boydm001
2026,PHI202609070,2026-09-07,0,PHI,ATL,1.0,0.0,PHI13,luzaj001,holmg001
2026,SDN202609070,2026-09-07,0,SDN,WAS,3.0,2.0,SAN02,piven001,irvij001
2026,SFN202609070,2026-09-07,0,SFN,SLN,5.0,4.0,SFO03,webbl001,mcgrm001
2026,ATH202609080,2026-09-08,0,ATH,TOR,2.0,4.0,SAC01,perkj001,sorij002
2026,ATL202609080,2026-09-08,0,ATL,TBA,1.0,7.0,ATL03,smita001,peraf001
2026,BAL202609080,2026-09-08,0,BAL,CLE,5.0,9.0,BAL12,younb001,bibet001
2026,BOS202609080,2026-09-08,0,BOS,ANA,1.0,6.0,BOS07,sandp002,detmr001
2026,CHA202609080,2026-09-08,0,CHA,PIT,3.0,9.0,CHI12,burks001,chanb001
2026,DET202609080,2026-09-08,0,DET,MIN,2.0,3.0,DET05,anded003,kremd001
2026,KCA202609080,2026-09-08,0,KCA,ARI,3.0,5.0,KAN06,wachm001,burnc002
2026,LAN202609080,2026-09-08,0,LAN,CIN,3.0,2.0,LOS03,skubt001,lodon001
2026,MIA202609080,2026-09-08,0,MIA,NYN,5.0,7.0,MIA02,alcas001,manas001
2026,MIL202609080,2026-09-08,0,MIL,CHN,4.0,3.0,MIL06,misij001,peted003
2026,NYA202609080,2026-09-08,0,NYA,COL,5.0,3.0,NYC21,schlc001,mlbam687312
2026,PHI202609080,2026-09-08,0,PHI,HOU,5.0,6.0,PHI13,mlbam691725,wesnh001
2026,SDN202609080,2026-09-08,0,SDN,WAS,5.0,4.0,SAN02,mizec001,mlbam683000
2026,SEA202609080,2026-09-08,0,SEA,TEX,5.0,10.0,SEA03,millb004,quanc001
2026,SFN202609080,2026-09-08,0,SFN,SLN,2.0,1.0,SFO03,roupl001,mlbam687273
2026,ATH202609090,2026-09-09,0,ATH,TOR,2.0,0.0,SAC01,bassb002,fishb002
2026,ATL202609090,2026-09-09,0,ATL,TBA,2.0,7.0,ATL03,loper003,jax-g001
2026,BAL202609090,2026-09-09,0,BAL,CLE,9.0,5.0,BAL12,baz-s001,griff001
2026,BOS202609090,2026-09-09,0,BOS,ANA,4.0,6.0,BOS07,mlbam687562,johnr010
2026,CHA202609090,2026-09-09,0,CHA,PIT,2.0,4.0,CHI12,martd006,bachl001
2026,DET202609090,2026-09-09,0,DET,MIN,7.0,2.0,DET05,montk001,mattz001
2026,KCA202609090,2026-09-09,0,KCA,ARI,5.0,2.0,KAN06,lyncd001,gallz001
2026,LAN202609090,2026-09-09,0,LAN,CIN,14.0,1.0,LOS03,yamay001,lowdr001
2026,MIA202609090,2026-09-09,0,MIA,NYN,14.0,15.0,MIA02,junkj001,stocr001
2026,MIL202609090,2026-09-09,0,MIL,CHN,8.0,6.0,MIL06,hendl002,gausk001
2026,NYA202609090,2026-09-09,0,NYA,COL,6.0,1.0,NYC21,warrw001,sugat001
2026,PHI202609090,2026-09-09,0,PHI,HOU,11.0,7.0,PHI13,sancc002,browh001
2026,SDN202609090,2026-09-09,0,SDN,WAS,9.0,2.0,SAN02,buehw001,mlbam800600
2026,SEA202609090,2026-09-09,0,SEA,TEX,3.0,2.0,SEA03,mlbam807739,bradc003
2026,SFN202609090,2026-09-09,0,SFN,SLN,7.0,6.0,SFO03,tidwb001,palla001
2026,ATL202609100,2026-09-10,0,ATL,TBA,3.0,1.0,ATL03,perem004,martn002
2026,CHA202609100,2026-09-10,0,CHA,PIT,0.0,2.0,CHI12,mlbam696146,jonej008
2026,NYA202609100,2026-09-10,0,NYA,COL,10.0,3.0,NYC21,friem001,feltr001
2026,PHI202609100,2026-09-10,0,PHI,HOU,1.0,2.0,PHI13,wheez001,javic001
2026,SEA202609100,2026-09-10,0,SEA,TEX,4.0,3.0,SEA03,gilbl002,degrj001
2026,ARI202609110,2026-09-11,0,ARI,TEX,9.0,1.0,PHO01,kellm002,gorem001
2026,ATH202609110,2026-09-11,0,ATH,SEA,6.0,5.0,SAC01,sprij001,kirbg001
2026,ATL202609110,2026-09-11,0,ATL,PHI,6.0,5.0,ATL03,salec001,nolaa001
2026,BOS202609110,2026-09-11,0,BOS,KCA,2.0,3.0,BOS07,grays001,lugos001
2026,CHN202609110,2026-09-11,0,CHN,PIT,12.0,2.0,CHI11,imans001,mlbam696062
2026,DET202609110,2026-09-11,0,DET,COL,6.0,2.0,DET05,valdf001,mlbam690279
2026,MIA202609110,2026-09-11,0,MIA,LAN,2.0,6.0,MIA02,gustr001,snelb001
2026,MIL202609110,2026-09-11,0,MIL,CIN,20.0,0.0,MIL06,may-d003,abboa001
2026,MIN202609110,2026-09-11,0,MIN,CLE,2.0,5.0,MIN04,bradt002,messp001
2026,NYA202609110,2026-09-11,0,NYA,NYN,6.0,4.0,NYC21,rodoc001,mclen001
2026,SFN202609110,2026-09-11,0,SFN,SDN,5.0,7.0,SFO03,molia001,ray-r002
2026,SLN202609110,2026-09-11,0,SLN,CHA,7.0,3.0,STL10,libem001,kay-a001
2026,TBA202609110,2026-09-11,0,TBA,HOU,3.0,1.0,TAM02,rasmd002,mlbam699044
2026,TOR202609110,2026-09-11,0,TOR,BAL,4.0,7.0,TOR02,schem001,bassc001
2026,WAS202609110,2026-09-11,0,WAS,ANA,4.0,3.0,WAS11,cavac001,kikuy001
2026,ARI202609120,2026-09-12,0,ARI,TEX,2.0,6.0,PHO01,pfaab001,rockk001
2026,ATH202609120,2026-09-12,0,ATH,SEA,1.0,19.0,SAC01,mlbam695611,woo-b001
2026,ATL202609120,2026-09-12,0,ATL,PHI,12.0,2.0,ATL03,mahlt001,mayzt001
2026,BOS202609120,2026-09-12,0,BOS,KCA,5.0,1.0,BOS07,suarr001,dobnr001
2026,CHN202609120,2026-09-12,0,CHN,PIT,4.0,3.0,CHI11,holmc001,skenp001
2026,DET202609120,2026-09-12,0,DET,COL,11.0,7.0,DET05,mlbam808825,gordt002
2026,MIA202609120,2026-09-12,0,MIA,LAN,4.0,3.0,MIA02,philt002,glast001
2026,MIL202609120,2026-09-12,0,MIL,CIN,13.0,9.0,MIL06,mlbam675660,singb001
2026,MIN202609120,2026-09-12,0,MIN,CLE,4.0,3.0,MIN04,mlbam687570,mlbam682982
2026,NYA202609120,2026-09-12,0,NYA,NYN,2.0,12.0,NYC21,coleg001,mlbam804267
2026,SFN202609120,2026-09-12,0,SFN,SDN,6.0,7.0,SFO03,mlbam702885,kingm002
2026,SLN202609120,2026-09-12,0,SLN,CHA,5.0,6.0,STL10,leahk001,newcs001
2026,TBA202609120,2026-09-12,0,TBA,HOU,3.0,2.0,TAM02,seymi001,lambp001
2026,TOR202609120,2026-09-12,0,TOR,BAL,7.0,3.0,TOR02,mlbam693686,bradk001
2026,WAS202609120,2026-09-12,0,WAS,ANA,6.0,5.0,WAS11,alvaa003,mlbam700712
2026,ARI202609130,2026-09-13,0,ARI,TEX,6.0,7.0,PHO01,rodre004,quanc001
2026,ATH202609130,2026-09-13,0,ATH,SEA,8.0,7.0,SAC01,lopej007,millb004
2026,ATL202609130,2026-09-13,0,ATL,PHI,4.0,9.0,ATL03,holmg001,mlbam691725
2026,BOS202609130,2026-09-13,0,BOS,KCA,4.0,1.0,BOS07,tollp001,camen001
2026,CHN202609130,2026-09-13,0,CHN,PIT,3.0,4.0,CHI11,boydm001,chanb001
2026,DET202609130,2026-09-13,0,DET,COL,8.0,1.0,DET05,jobej001,mlbam687312
2026,MIA202609130,2026-09-13,0,MIA,LAN,6.0,4.0,MIA02,peree004,sheee001
2026,MIL202609130,2026-09-13,0,MIL,CIN,3.0,4.0,MIL06,gassr001,burnc003
2026,MIN202609130,2026-09-13,0,MIN,CLE,2.0,9.0,MIN04,ryanj002,bibet001
2026,NYA202609130,2026-09-13,0,NYA,NYN,2.0,0.0,NYC21,schlc001,scotc001
2026,SFN202609130,2026-09-13,0,SFN,SDN,4.0,6.0,SFO03,webbl001,piven001
2026,SLN202609130,2026-09-13,0,SLN,CHA,3.0,1.0,STL10,mcgrm001,mlbam689818
2026,TBA202609130,2026-09-13,0,TBA,HOU,14.0,4.0,TAM02,peraf001,wesnh001
2026,TOR202609130,2026-09-13,0,TOR,BAL,8.0,1.0,TOR02,ceasd001,roget003
2026,WAS202609130,2026-09-13,0,WAS,ANA,6.0,5.0,WAS11,mlbam683000,rodrg003
2026,ANA202609140,2026-09-14,0,ANA,SEA,6.0,4.0,ANA01,detmr001,mlbam807739
2026,ARI202609140,2026-09-14,0,ARI,MIA,8.0,7.0,PHO01,burnc002,alcas001
2026,CHN202609140,2026-09-14,0,CHN,ATL,7.0,3.0,CHI11,peted003,loper003
2026,CIN202609140,2026-09-14,0,CIN,LAN,1.0,4.0,CIN09,lodon001,skubt001
2026,CLE202609140,2026-09-14,0,CLE,CHA,3.0,7.0,CLE08,willg004,newcs001
2026,COL202609140,2026-09-14,0,COL,SDN,7.0,8.0,DEN02,sugat001,mizec001
2026,MIN202609140,2026-09-14,0,MIN,NYA,3.0,8.0,MIN04,kremd001,warrw001
2026,NYN202609140,2026-09-14,0,NYN,BAL,1.0,2.0,NYC20,tongj001,younb001
2026,SLN202609140,2026-09-14,0,SLN,SFN,2.0,1.0,STL10,mlbam687273,roupl001
2026,TOR202609140,2026-09-14,0,TOR,DET,5.0,6.0,TOR02,sorij002,meltt001
2026,ANA202609150,2026-09-15,0,ANA,SEA,2.0,1.0,ANA01,johnr010,gilbl002
2026,ARI202609150,2026-09-15,0,ARI,MIA,2.0,4.0,PHO01,sorom001,junkj001
2026,CHN202609150,2026-09-15,0,CHN,ATL,3.0,6.0,CHI11,gausk001,perem004
2026,CIN202609150,2026-09-15,0,CIN,LAN,0.0,4.0,CIN09,lowdr001,yamay001
2026,CLE202609150,2026-09-15,0,CLE,CHA,7.0,6.0,CLE08,griff001,murpc001
2026,COL202609150,2026-09-15,0,COL,SDN,9.0,3.0,DEN02,freek001,buehw001
2026,HOU202609150,2026-09-15,0,HOU,KCA,4.0,2.0,HOU03,browh001,wachm001
2026,MIN202609150,2026-09-15,0,MIN,NYA,1.0,8.0,MIN04,oberb002,friem001
2026,NYN202609150,2026-09-15,0,NYN,BAL,5.0,7.0,NYC20,manas001,baz-s001
2026,PIT202609150,2026-09-15,0,PIT,MIL,1.0,5.0,PIT08,bachl001,misij001
2026,SLN202609150,2026-09-15,0,SLN,SFN,3.0,10.0,STL10,palla001,tidwb001
2026,TBA202609150,2026-09-15,0,TBA,ATH,2.0,1.0,TAM02,jax-g001,perkj001
2026,TEX202609150,2026-09-15,0,TEX,BOS,4.0,2.0,ARL03,degrj001,sandp002
2026,TOR202609150,2026-09-15,0,TOR,DET,1.0,10.0,TOR02,fishb002,anded003
2026,WAS202609150,2026-09-15,0,WAS,PHI,6.0,3.0,WAS11,mlbam800600,sancc002
2026,ANA202609160,2026-09-16,0,ANA,SEA,2.0,7.0,ANA01,kikuy001,kirbg001
2026,ARI202609160,2026-09-16,0,ARI,MIA,3.0,4.0,PHO01,kellm002,gustr001
2026,CHN202609160,2026-09-16,0,CHN,ATL,8.0,4.0,CHI11,imans001,mlbam702275
2026,CIN202609160,2026-09-16,0,CIN,LAN,6.0,2.0,CIN09,abboa001,snelb001
2026,CLE202609160,2026-09-16,0,CLE,CHA,6.0,3.0,CLE08,messp001,kay-a001
2026,COL202609160,2026-09-16,0,COL,SDN,3.0,9.0,DEN02,mlbam690279,ray-r002
2026,HOU202609160,2026-09-16,0,HOU,KCA,2.0,5.0,HOU03,javic001,lyncd001
2026,MIN202609160,2026-09-16,0,MIN,NYA,5.0,4.0,MIN04,mattz001,rodoc001
2026,NYN202609160,2026-09-16,0,NYN,BAL,1.0,7.0,NYC20,currx001,bassc001
2026,PIT202609160,2026-09-16,0,PIT,MIL,4.0,5.0,PIT08,jonej008,hendl002
2026,SLN202609160,2026-09-16,0,SLN,SFN,5.0,6.0,STL10,libem001,molia001
2026,TBA202609160,2026-09-16,0,TBA,ATH,4.0,3.0,TAM02,martn002,bassb002
2026,TEX202609160,2026-09-16,0,TEX,BOS,7.0,3.0,ARL03,gorem001,mlbam687562
2026,TOR202609160,2026-09-16,0,TOR,DET,5.0,1.0,TOR02,schem001,montk001
2026,WAS202609160,2026-09-16,0,WAS,PHI,0.0,3.0,WAS11,mlbam688692,wheez001
2026,ANA202609170,2026-09-17,0,ANA,MIN,5.0,4.0,ANA01,mlbam700712,bradt002
2026,CHA202609170,2026-09-17,0,CHA,DET,3.0,1.0,CHI12,fedde001,valdf001
2026,CIN202609170,2026-09-17,0,CIN,LAN,2.0,8.0,CIN09,singb001,wrobj001
2026,COL202609170,2026-09-17,0,COL,SDN,2.0,9.0,DEN02,gordt002,kingm002
2026,HOU202609170,2026-09-17,0,HOU,KCA,6.0,2.0,HOU03,mlbam699044,lugos001
2026,NYN202609170,2026-09-17,0,NYN,PHI,0.0,3.0,NYC20,mclen001,nolaa001
2026,PIT202609170,2026-09-17,0,PIT,MIL,7.0,4.0,PIT08,mlbam696062,harrk001
2026,TBA202609170,2026-09-17,0,TBA,ATH,10.0,1.0,TAM02,rasmd002,sprij001
2026,TEX202609170,2026-09-17,0,TEX,BOS,3.0,4.0,ARL03,alext001,grays001
2026,ANA202609180,2026-09-18,0,ANA,MIN,0.0,3.0,ANA01,rodrg003,mlbam687570
2026,ARI202609180,2026-09-18,0,ARI,NYA,2.0,9.0,PHO01,rodre004,coleg001
2026,BAL202609180,2026-09-18,0,BAL,MIL,5.0,6.0,BAL12,povic001,may-d003
2026,CHA202609180,2026-09-18,0,CHA,DET,8.0,11.0,CHI12,mlbam689818,mlbam808825
2026,CIN202609180,2026-09-18,0,CIN,CHN,6.0,4.0,CIN09,burnc003,holmc001
2026,CLE202609180,2026-09-18,0,CLE,ATH,5.0,3.0,CLE08,mlbam682982,barnm002
2026,COL202609180,2026-09-18,0,COL,SEA,4.0,5.0,DEN02,mlbam687312,woo-b001
2026,HOU202609180,2026-09-18,0,HOU,ATL,2.0,6.0,HOU03,lambp001,mahlt001
2026,LAN202609180,2026-09-18,0,LAN,SFN,8.0,2.0,LOS03,glast001,mlbam702885
2026,NYN202609180,2026-09-18,0,NYN,PHI,6.0,3.0,NYC20,mlbam804267,mayzt001
2026,PIT202609180,2026-09-18,0,PIT,KCA,8.0,5.0,PIT08,skenp001,dobnr001
2026,SDN202609180,2026-09-18,0,SDN,MIA,8.0,2.0,SAN02,piven001,philt002
2026,SLN202609180,2026-09-18,0,SLN,WAS,1.0,9.0,STL10,leahk001,cavac001
2026,TBA202609180,2026-09-18,0,TBA,BOS,2.0,4.0,TAM02,seymi001,suarr001
2026,TEX202609180,2026-09-18,0,TEX,TOR,7.0,1.0,ARL03,rockk001,ceasd001
2026,ANA202609190,2026-09-19,0,ANA,MIN,6.0,5.0,ANA01,detmr001,ryanj002
2026,ARI202609190,2026-09-19,0,ARI,NYA,5.0,3.0,PHO01,pfaab001,schlc001
2026,BAL202609190,2026-09-19,0,BAL,MIL,0.0,1.0,BAL12,roget003,gassr001
2026,CHA202609190,2026-09-19,0,CHA,DET,3.0,1.0,CHI12,burks001,jobej001
2026,CIN202609190,2026-09-19,0,CIN,CHN,2.0,5.0,CIN09,lodon001,boydm001
2026,CLE202609190,2026-09-19,0,CLE,ATH,12.0,6.0,CLE08,bibet001,lopej007
2026,COL202609190,2026-09-19,0,COL,SEA,5.0,3.0,DEN02,quinj001,millb004
2026,HOU202609190,2026-09-19,0,HOU,ATL,3.0,6.0,HOU03,wesnh001,holmg001
2026,LAN202609190,2026-09-19,0,LAN,SFN,10.0,4.0,LOS03,skubt001,mlbam805074
2026,NYN202609190,2026-09-19,0,NYN,PHI,10.0,3.0,NYC20,scotc001,mlbam691725
2026,PIT202609190,2026-09-19,0,PIT,KCA,6.0,5.0,PIT08,chanb001,camen001
2026,SDN202609190,2026-09-19,0,SDN,MIA,7.0,6.0,SAN02,mizec001,peree004
2026,SLN202609190,2026-09-19,0,SLN,WAS,5.0,8.0,STL10,mcgrm001,alvaa003
2026,TBA202609190,2026-09-19,0,TBA,BOS,2.0,1.0,TAM02,peraf001,bellb002
2026,TEX202609190,2026-09-19,0,TEX,TOR,6.0,2.0,ARL03,quanc001,sorij002
2026,ANA202609200,2026-09-20,0,ANA,MIN,0.0,8.0,ANA01,johnr010,kremd001
2026,ARI202609200,2026-09-20,0,ARI,NYA,8.0,4.0,PHO01,burnc002,warrw001
2026,BAL202609200,2026-09-20,0,BAL,MIL,0.0,3.0,BAL12,younb001,misij001
2026,CHA202609200,2026-09-20,0,CHA,DET,8.0,1.0,CHI12,martd006,meltt001
2026,CIN202609200,2026-09-20,0,CIN,CHN,1.0,9.0,CIN09,lowdr001,peted003
2026,CLE202609200,2026-09-20,0,CLE,ATH,1.0,0.0,CLE08,willg004,perkj001
2026,COL202609200,2026-09-20,0,COL,SEA,1.0,2.0,DEN02,sugat001,mlbam807739
2026,HOU202609200,2026-09-20,0,HOU,ATL,2.0,4.0,HOU03,browh001,perem004
2026,LAN202609200,2026-09-20,0,LAN,SFN,3.0,1.0,LOS03,dreyj001,mlbam683363
2026,NYN202609200,2026-09-20,0,NYN,PHI,2.0,7.0,NYC20,tongj001,sancc002
2026,PIT202609200,2026-09-20,0,PIT,KCA,4.0,3.0,PIT08,bachl001,wachm001
2026,SDN202609200,2026-09-20,0,SDN,MIA,7.0,3.0,SAN02,buehw001,alcas001
2026,SLN202609200,2026-09-20,0,SLN,WAS,5.0,3.0,STL10,mlbam687273,irvij001
2026,TBA202609200,2026-09-20,0,TBA,BOS,5.0,1.0,TAM02,jax-g001,sandp002
2026,TEX202609200,2026-09-20,0,TEX,TOR,2.0,7.0,ARL03,degrj001,mlbam693686
2026,BAL202609210,2026-09-21,0,BAL,TOR,4.0,3.0,BAL12,baz-s001,yesat001
2026,DET202609210,2026-09-21,0,DET,WAS,9.0,2.0,DET05,ryanr003,herzd001
2026,SFN202609210,2026-09-21,0,SFN,MIN,5.0,2.0,SFO03,tidwb001,mattz001
2026,ATH202609220,2026-09-22,0,ATH,ANA,9.0,7.0,SAC01,bassb002,kikuy001
2026,ATL202609220,2026-09-22,0,ATL,CIN,0.0,4.0,ATL03,mlbam702275,willb003
2026,BAL202609220,2026-09-22,0,BAL,TOR,,,BAL12,bassc001,schem001
2026,BOS202609220,2026-09-22,0,BOS,CLE,2.0,3.0,BOS07,tollp001,messp001
2026,CHN202609220,2026-09-22,0,CHN,MIA,2.0,8.0,CHI11,imans001,junkj001
2026,COL202609220,2026-09-22,0,COL,ARI,2.0,7.0,DEN02,freek001,sorom001
2026,DET202609220,2026-09-22,0,DET,WAS,1.0,3.0,DET05,anded003,mlbam683000
2026,KCA202609220,2026-09-22,0,KCA,CHA,11.0,14.0,KAN06,lyncd001,kay-a001
2026,LAN202609220,2026-09-22,0,LAN,SDN,7.0,0.0,LOS03,stewb001,kingm002
2026,NYA202609220,2026-09-22,0,NYA,TBA,2.0,0.0,NYC21,rodoc001,martn002
2026,NYA202609221,2026-09-22,1,NYA,TBA,1.0,6.0,NYC21,friem001,rasmd002
2026,PHI202609220,2026-09-22,0,PHI,MIL,6.0,4.0,PHI13,wheez001,may-d003
2026,PIT202609220,2026-09-22,0,PIT,SLN,2.0,0.0,PIT08,jonej008,palla001
2026,SEA202609220,2026-09-22,0,SEA,HOU,0.0,7.0,SEA03,gilbl002,javic001
2026,SFN202609220,2026-09-22,0,SFN,MIN,2.0,3.0,SFO03,molia001,bradt002
2026,TEX202609220,2026-09-22,0,TEX,NYN,3.0,6.0,ARL03,gorem001,manas001
2026,ATH202609230,2026-09-23,0,ATH,ANA,7.0,3.0,SAC01,sprij001,mlbam700712
2026,ATL202609230,2026-09-23,0,ATL,CIN,3.0,2.0,ATL03,salec001,abboa001
2026,BAL202609230,2026-09-23,0,BAL,TOR,4.0,2.0,BAL12,bassc001,schem001
2026,BAL202609231,2026-09-23,1,BAL,TOR,4.0,2.0,BAL12,mlbam694346,mlbam669310
2026,BOS202609230,2026-09-23,0,BOS,CLE,1.0,0.0,BOS07,grays001,griff001
2026,CHN202609230,2026-09-23,0,CHN,MIA,2.0,3.0,CHI11,gausk001,gustr001
2026,COL202609230,2026-09-23,0,COL,ARI,3.0,5.0,DEN02,mlbam690279,kellm002
2026,DET202609230,2026-09-23,0,DET,WAS,2.0,4.0,DET05,valdf001,lover001
2026,KCA202609230,2026-09-23,0,KCA,CHA,5.0,4.0,KAN06,lugos001,hudsb001
2026,LAN202609230,2026-09-23,0,LAN,SDN,1.0,5.0,LOS03,yamay001,ray-r002
2026,NYA202609230,2026-09-23,0,NYA,TBA,9.0,2.0,NYC21,coleg001,englm001
2026,PHI202609230,2026-09-23,0,PHI,MIL,1.0,4.0,PHI13,nolaa001,hendl002
2026,PIT202609230,2026-09-23,0,PIT,SLN,1.0,5.0,PIT08,bachl001,libem001
2026,SEA202609230,2026-09-23,0,SEA,HOU,6.0,5.0,SEA03,kirbg001,mlbam814490
2026,SFN202609230,2026-09-23,0,SFN,MIN,2.0,4.0,SFO03,mlbam702885,mlbam687570
2026,TEX202609230,2026-09-23,0,TEX,NYN,2.0,7.0,ARL03,bradc003,mclen001
2026,ATH202609240,2026-09-24,0,ATH,HOU,5.0,7.0,SAC01,barnm002,lambp001
2026,ATL202609240,2026-09-24,0,ATL,CIN,6.0,7.0,ATL03,mahlt001,singb001
2026,BOS202609240,2026-09-24,0,BOS,CLE,0.0,1.0,BOS07,suarr001,mlbam682982
2026,CHN202609240,2026-09-24,0,CHN,MIA,2.0,1.0,CHI11,boydm001,philt002
2026,COL202609240,2026-09-24,0,COL,ARI,8.0,12.0,DEN02,gordt002,rodre004
2026,KCA202609240,2026-09-24,0,KCA,CHA,1.0,9.0,KAN06,dobnr001,mlbam689818
2026,LAN202609240,2026-09-24,0,LAN,SDN,2.0,4.0,LOS03,glast001,piven001
2026,NYA202609240,2026-09-24,0,NYA,TBA,6.0,4.0,NYC21,schlc001,seymi001
2026,PHI202609240,2026-09-24,0,PHI,MIL,1.0,5.0,PHI13,mlbam691725,mlbam675660
2026,PIT202609240,2026-09-24,0,PIT,SLN,2.0,1.0,PIT08,skenp001,leahk001
2026,SEA202609240,2026-09-24,0,SEA,ANA,4.0,6.0,SEA03,woo-b001,rodrg003
2026,TEX202609240,2026-09-24,0,TEX,NYN,3.0,1.0,ARL03,rockk001,mlbam804267
2026,ATH202609250,2026-09-25,0,ATH,HOU,6.0,5.0,SAC01,lopej007,browh001
2026,BOS202609250,2026-09-25,0,BOS,CHN,4.0,3.0,BOS07,mlbam687941,holmc001
2026,BOS202609251,2026-09-25,1,BOS,CHN,2.0,0.0,BOS07,bellb002,peted003
2026,CHA202609250,2026-09-25,0,CHA,COL,6.0,1.0,CHI12,burks001,sugat001
2026,DET202609250,2026-09-25,0,DET,PIT,8.0,7.0,DET05,jobej001,chanb001
2026,KCA202609250,2026-09-25,0,KCA,CLE,9.0,12.0,KAN06,camen001,willg004
2026,MIA202609250,2026-09-25,0,MIA,ATL,3.0,0.0,MIA02,peree004,kerrr001
2026,MIL202609250,2026-09-25,0,MIL,SLN,8.0,4.0,MIL06,gassr001,mcgrm001
2026,MIN202609250,2026-09-25,0,MIN,TEX,10.0,2.0,MIN04,ryanj002,degrj001
2026,NYA202609250,2026-09-25,0,NYA,BAL,2.0,10.0,NYC21,mlbam694341,roget003
2026,NYA202609251,2026-09-25,1,NYA,BAL,6.0,3.0,NYC21,yarbr001,younb001
2026,PHI202609250,2026-09-25,0,PHI,TBA,0.0,2.0,PHI13,sancc002,peraf001
2026,SDN202609250,2026-09-25,0,SDN,ARI,4.0,11.0,SAN02,mizec001,pfaab001
2026,SEA202609250,2026-09-25,0,SEA,ANA,5.0,7.0,SEA03,millb004,detmr001
2026,SFN202609250,2026-09-25,0,SFN,LAN,0.0,2.0,SFO03,mlbam805074,skubt001
2026,TOR202609250,2026-09-25,0,TOR,CIN,6.0,5.0,TOR02,sorij002,lodon001
2026,WAS202609250,2026-09-25,0,WAS,NYN,7.0,6.0,WAS11,alvaa003,mlbam642376
