season,week,iterations,regression,rating_diff,actual_margin,actual_home_win
2014,4,1,0.5,0.2085426546262647,-31.0,False
2014,4,1,0.5,-0.1401830804521147,28.0,True
2014,4,1,0.5,-0.0906494530678878,-21.0,False
2014,4,1,0.5,-0.0115172795144259,6.0,True
2014,4,1,0.5,-0.0582587968657105,24.0,True
2014,4,1,0.5,0.1549472171927487,-7.0,False
2014,4,1,0.5,0.4872835664620718,-3.0,False
2014,4,1,0.5,-0.4704352993899507,13.0,True
2014,4,1,0.5,0.0572573777257838,5.0,True
2014,4,1,0.5,-0.2611566318934212,21.0,True
2014,4,1,0.5,-0.2457904877981162,27.0,True
2014,4,2,0.5,0.2194477610492827,-31.0,False
2014,4,2,0.5,-0.0503333779180983,28.0,True
2014,4,2,0.5,-0.0966664764744481,-21.0,False
2014,4,2,0.5,-0.033503244525825,6.0,True
2014,4,2,0.5,-0.0082636075022028,24.0,True
2014,4,2,0.5,0.1694131203431064,-7.0,False
2014,4,2,0.5,0.3430742267304517,-3.0,False
2014,4,2,0.5,-0.3842334269232361,13.0,True
2014,4,2,0.5,0.0716861255169427,5.0,True
2014,4,2,0.5,-0.1804484386077978,21.0,True
2014,4,2,0.5,-0.1392839594660804,27.0,True
2014,4,3,0.5,0.2249003142607917,-31.0,False
2014,4,3,0.5,-0.0054085266510899,28.0,True
2014,4,3,0.5,-0.0996749881777281,-21.0,False
2014,4,3,0.5,-0.0444962270315247,6.0,True
2014,4,3,0.5,0.0167339871795508,24.0,True
2014,4,3,0.5,0.1766460719182854,-7.0,False
2014,4,3,0.5,0.2709695568646417,-3.0,False
2014,4,3,0.5,-0.3411324906898786,13.0,True
2014,4,3,0.5,0.0789004994125223,5.0,True
2014,4,3,0.5,-0.1400943419649861,21.0,True
2014,4,3,0.5,-0.0860306953000626,27.0,True
2014,4,5,0.5,0.2289897291694235,-31.0,False
2014,4,5,0.5,0.0282851117991662,28.0,True
2014,4,5,0.5,-0.1019313719551882,-21.0,False
2014,4,5,0.5,-0.0527409639107993,6.0,True
2014,4,5,0.5,0.0354821831908662,24.0,True
2014,4,5,0.5,0.1820707855996695,-7.0,False
2014,4,5,0.5,0.216891054465284,-3.0,False
2014,4,5,0.5,-0.3088067885148607,13.0,True
2014,4,5,0.5,0.084311279834207,5.0,True
2014,4,5,0.5,-0.1098287694828774,21.0,True
2014,4,5,0.5,-0.046090747175549,27.0,True
2014,5,1,0.5,0.25112136614012,32.0,True
2014,5,1,0.5,0.067509765381938,7.0,True
2014,5,1,0.5,0.0633104285140176,3.0,True
2014,5,1,0.5,0.0452185942232832,-3.0,False
2014,5,1,0.5,-0.1047678656259791,7.0,True
2014,5,1,0.5,-0.3348082267368361,-8.0,False
2014,5,1,0.5,0.3052427640114647,6.0,True
2014,5,1,0.5,-0.049628353540701,10.0,True
2014,5,1,0.5,-0.1900572743079547,-1.0,False
2014,5,1,0.5,-0.1253815670399462,21.0,True
2014,5,1,0.5,0.0461833583669652,5.0,True
2014,5,1,0.5,-0.2584147937767972,26.0,True
2014,5,1,0.5,-0.2339642795723477,-10.0,False
2014,5,2,0.5,0.2539742425462095,32.0,True
2014,5,2,0.5,0.0707618663562685,7.0,True
2014,5,2,0.5,0.0890106285770584,3.0,True
2014,5,2,0.5,-0.0094963813482759,-3.0,False
2014,5,2,0.5,-0.1585478101173928,7.0,True
2014,5,2,0.5,-0.231437980681628,-8.0,False
2014,5,2,0.5,0.2375838442856447,6.0,True
2014,5,2,0.5,-0.0414454734114349,10.0,True
2014,5,2,0.5,-0.1862239723235233,-1.0,False
2014,5,2,0.5,-0.1004004744877837,21.0,True
2014,5,2,0.5,-0.0394018270246179,5.0,True
2014,5,2,0.5,-0.2051014960741248,26.0,True
2014,5,2,0.5,-0.1859281812818653,-10.0,False
2014,5,3,0.5,0.2554006807492543,32.0,True
2014,5,3,0.5,0.0723879168434337,7.0,True
2014,5,3,0.5,0.1018607286085786,3.0,True
2014,5,3,0.5,-0.0368538691340554,-3.0,False
2014,5,3,0.5,-0.1854377823630997,7.0,True
2014,5,3,0.5,-0.1797528576540239,-8.0,False
2014,5,3,0.5,0.2037543844227349,6.0,True
2014,5,3,0.5,-0.0373540333468018,10.0,True
2014,5,3,0.5,-0.1843073213313074,-1.0,False
2014,5,3,0.5,-0.0879099282117026,21.0,True
2014,5,3,0.5,-0.0821944197204095,5.0,True
2014,5,3,0.5,-0.1784448472227885,26.0,True
2014,5,3,0.5,-0.161910132136624,-10.0,False
2014,5,5,0.5,0.2564705094015379,32.0,True
2014,5,5,0.5,0.0736074547088077,7.0,True
2014,5,5,0.5,0.111498303632219,3.0,True
2014,5,5,0.5,-0.0573719849733901,-3.0,False
2014,5,5,0.5,-0.2056052615473798,7.0,True
2014,5,5,0.5,-0.1409890153833209,-8.0,False
2014,5,5,0.5,0.1783822895255524,6.0,True
2014,5,5,0.5,-0.0342854532983269,10.0,True
2014,5,5,0.5,-0.1828698330871456,-1.0,False
2014,5,5,0.5,-0.0785420185046417,21.0,True
2014,5,5,0.5,-0.1142888642422532,5.0,True
2014,5,5,0.5,-0.1584523605842864,26.0,True
2014,5,5,0.5,-0.1438965952776932,-10.0,False
2014,6,1,0.5,-0.0347576880925972,-5.0,False
2014,6,1,0.5,-0.0701379860509064,-15.0,False
2014,6,1,0.5,0.1033682702434901,0.0,False
2014,6,1,0.5,-0.0921369493441744,21.0,True
2014,6,1,0.5,-0.0921345830164764,-3.0,False
2014,6,1,0.5,-0.216882760678053,-14.0,False
2014,6,1,0.5,-0.1602270052288393,-14.0,False
2014,6,1,0.5,-0.2550458896616026,-31.0,False
2014,6,1,0.5,0.2068360157941738,2.0,True
2014,6,1,0.5,0.0721110902773509,10.0,True
2014,6,1,0.5,-0.0893328764722825,-14.0,False
2014,6,1,0.5,0.3196908109686016,-7.0,False
2014,6,1,0.5,-0.2659774804436519,27.0,True
2014,6,2,0.5,0.0375137112289738,-5.0,False
2014,6,2,0.5,-0.062579141228208,-15.0,False
2014,6,2,0.5,0.0719751383573355,0.0,False
2014,6,2,0.5,-0.0051081692230325,21.0,True
2014,6,2,0.5,-0.1161668100604792,-3.0,False
2014,6,2,0.5,-0.1469377447268421,-14.0,False
2014,6,2,0.5,-0.1346785687960354,-14.0,False
2014,6,2,0.5,-0.2668110808704484,-31.0,False
2014,6,2,0.5,0.1401588264787821,2.0,True
2014,6,2,0.5,0.033761309820377,10.0,True
2014,6,2,0.5,-0.0711263104420291,-14.0,False
2014,6,2,0.5,0.2545722232017274,-7.0,False
2014,6,2,0.5,-0.2211434630991256,27.0,True
2014,6,3,0.5,0.0736494108897593,-5.0,False
2014,6,3,0.5,-0.0587997188168586,-15.0,False
2014,6,3,0.5,0.0562785724142582,0.0,False
2014,6,3,0.5,0.0384062208375384,21.0,True
2014,6,3,0.5,-0.1281829235824808,-3.0,False
2014,6,3,0.5,-0.1119652367512367,-14.0,False
2014,6,3,0.5,-0.1219043505796336,-14.0,False
2014,6,3,0.5,-0.2726936764748714,-31.0,False
2014,6,3,0.5,0.1068202318210862,2.0,True
2014,6,3,0.5,0.0145864195918901,10.0,True
2014,6,3,0.5,-0.0620230274269024,-14.0,False
2014,6,3,0.5,0.2220129293182905,-7.0,False
2014,6,3,0.5,-0.1987264544268624,27.0,True
2014,6,5,0.5,0.1007511856353485,-5.0,False
2014,6,5,0.5,-0.0559651520083466,-15.0,False
2014,6,5,0.5,0.0445061479569501,0.0,False
2014,6,5,0.5,0.0710420133829667,21.0,True
2014,6,5,0.5,-0.1371950087239819,-3.0,False
2014,6,5,0.5,-0.0857358557695327,-14.0,False
2014,6,5,0.5,-0.1123236869173321,-14.0,False
2014,6,5,0.5,-0.2771056231781887,-31.0,False
2014,6,5,0.5,0.0818162858278143,2.0,True
2014,6,5,0.5,0.0002052519205248,10.0,True
2014,6,5,0.5,-0.0551955651655573,-14.0,False
2014,6,5,0.5,0.1975934589057127,-7.0,False
2014,6,5,0.5,-0.1819136979226652,27.0,True
2014,7,1,0.5,0.2118567927049091,2.0,True
2014,7,1,0.5,0.0687697443908172,22.0,True
2014,7,1,0.5,0.2609721027704328,1.0,True
2014,7,1,0.5,-0.0048004306375497,-13.0,False
2014,7,1,0.5,0.0358118446295325,1.0,True
2014,7,1,0.5,0.1308305099831228,21.0,True
2014,7,1,0.5,-0.0212886038640655,27.0,True
2014,7,1,0.5,-0.3981533774310905,18.0,True
2014,7,1,0.5,0.0134507524727309,2.0,True
2014,7,1,0.5,0.0683629066600298,10.0,True
2014,7,1,0.5,0.0475064366372785,25.0,True
2014,7,1,0.5,0.0172255605122976,7.0,True
2014,7,2,0.5,0.1547082892958732,2.0,True
2014,7,2,0.5,0.0362120096175919,22.0,True
2014,7,2,0.5,0.2230380237187693,1.0,True
2014,7,2,0.5,0.0041273900224642,-13.0,False
2014,7,2,0.5,-0.02522267652868,1.0,True
2014,7,2,0.5,0.0907064473498822,21.0,True
2014,7,2,0.5,-0.040937355571753,27.0,True
2014,7,2,0.5,-0.3718035174994332,18.0,True
2014,7,2,0.5,0.0725508601369943,2.0,True
2014,7,2,0.5,0.1028610743171151,10.0,True
2014,7,2,0.5,0.0647727069470339,25.0,True
2014,7,2,0.5,-0.0271304306498859,7.0,True
2014,7,3,0.5,0.1261340375913553,2.0,True
2014,7,3,0.5,0.0199331422309793,22.0,True
2014,7,3,0.5,0.2040709841929375,1.0,True
2014,7,3,0.5,0.0085913003524713,-13.0,False
2014,7,3,0.5,-0.0557399371077862,1.0,True
2014,7,3,0.5,0.0706444160332619,21.0,True
2014,7,3,0.5,-0.0507617314255968,27.0,True
2014,7,3,0.5,-0.3586285875336046,18.0,True
2014,7,3,0.5,0.102100913969126,2.0,True
2014,7,3,0.5,0.1201101581456578,10.0,True
2014,7,3,0.5,0.0734058421019116,25.0,True
2014,7,3,0.5,-0.0493084262309776,7.0,True
2014,7,5,0.5,0.1047033488129669,2.0,True
2014,7,5,0.5,0.0077239916910198,22.0,True
2014,7,5,0.5,0.1898457045485636,1.0,True
2014,7,5,0.5,0.0119392330999765,-13.0,False
2014,7,5,0.5,-0.0786278825421159,1.0,True
2014,7,5,0.5,0.0555978925457967,21.0,True
2014,7,5,0.5,-0.0581300133159795,27.0,True
2014,7,5,0.5,-0.348747390059233,18.0,True
2014,7,5,0.5,0.1242634543432248,2.0,True
2014,7,5,0.5,0.1330469710170648,10.0,True
2014,7,5,0.5,0.0798806934680698,25.0,True
2014,7,5,0.5,-0.0659419229167965,7.0,True
2014,8,1,0.5,-0.0062650208737733,-1.0,False
2014,8,1,0.5,-0.2289510934282869,-4.0,False
2014,8,1,0.5,-0.0595335304831126,3.0,True
2014,8,1,0.5,-0.3742674890766921,-14.0,False
2014,8,1,0.5,0.1087063048656002,28.0,True
2014,8,1,0.5,-0.0291099453007543,-20.0,False
2014,8,1,0.5,-0.1237156768022333,-6.0,False
2014,8,1,0.5,-0.0029800670711398,-14.0,False
2014,8,1,0.5,0.0844311302078237,4.0,True
2014,8,1,0.5,-0.1251402589973685,17.0,True
2014,8,1,0.5,-0.1813412714639975,21.0,True
2014,8,1,0.5,0.1574231808712719,-3.0,False
2014,8,2,0.5,0.0799427686038507,-1.0,False
2014,8,2,0.5,-0.1934720160296174,-4.0,False
2014,8,2,0.5,-0.0237043126066549,3.0,True
2014,8,2,0.5,-0.3367913605543222,-14.0,False
2014,8,2,0.5,0.0805060123017035,28.0,True
2014,8,2,0.5,0.006414872801649,-20.0,False
2014,8,2,0.5,-0.1186199160329926,-6.0,False
2014,8,2,0.5,-0.0330125057056494,-14.0,False
2014,8,2,0.5,0.0594985818593466,4.0,True
2014,8,2,0.5,-0.095397957922076,17.0,True
2014,8,2,0.5,-0.1483875082034616,21.0,True
2014,8,2,0.5,0.1387890704416323,-3.0,False
2014,8,3,0.5,0.1230466633426627,-1.0,False
2014,8,3,0.5,-0.1757324773302827,-4.0,False
2014,8,3,0.5,-0.0057897036684259,3.0,True
2014,8,3,0.5,-0.3180532962931373,-14.0,False
2014,8,3,0.5,0.0664058660197551,28.0,True
2014,8,3,0.5,0.0241772818528507,-20.0,False
2014,8,3,0.5,-0.1160720356483721,-6.0,False
2014,8,3,0.5,-0.0480287250229041,-14.0,False
2014,8,3,0.5,0.0470323076851079,4.0,True
2014,8,3,0.5,-0.0805268073844297,17.0,True
2014,8,3,0.5,-0.1319106265731937,21.0,True
2014,8,3,0.5,0.1294720152268125,-3.0,False
2014,8,5,0.5,0.1553745843967718,-1.0,False
2014,8,5,0.5,-0.1624278233057817,-4.0,False
2014,8,5,0.5,0.0076462530352457,3.0,True
2014,8,5,0.5,-0.3039997480972486,-14.0,False
2014,8,5,0.5,0.0558307563082939,28.0,True
2014,8,5,0.5,0.037499088641252,-20.0,False
2014,8,5,0.5,-0.1141611253599069,-6.0,False
2014,8,5,0.5,-0.0592908895108452,-14.0,False
2014,8,5,0.5,0.037682602054429,4.0,True
2014,8,5,0.5,-0.069373444481195,17.0,True
2014,8,5,0.5,-0.1195529653504927,21.0,True
2014,8,5,0.5,0.1224842238156975,-3.0,False
2014,9,1,0.5,-0.1419777644950869,-18.0,False
2014,9,1,0.5,0.3084757500262555,10.0,True
2014,9,1,0.5,0.3720150506645886,5.0,True
2014,9,1,0.5,0.0054548363976607,-11.0,False
2014,9,1,0.5,-0.0234520295524515,-10.0,False
2014,9,1,0.5,0.1840195791958655,14.0,True
2014,9,1,0.5,-0.2075711782136025,3.0,True
2014,9,1,0.5,-0.1315518162473732,22.0,True
2014,9,1,0.5,0.0654920313453248,20.0,True
2014,9,1,0.5,-0.1668440034485753,-16.0,False
2014,9,2,0.5,-0.1335531799594585,-18.0,False
2014,9,2,0.5,0.3097474436722153,10.0,True
2014,9,2,0.5,0.3409672195629774,5.0,True
2014,9,2,0.5,0.0833629111227752,-11.0,False
2014,9,2,0.5,-0.0060303537954806,-10.0,False
2014,9,2,0.5,0.1756530084951749,14.0,True
2014,9,2,0.5,-0.1934040608538176,3.0,True
2014,9,2,0.5,-0.1155035860837063,22.0,True
2014,9,2,0.5,0.0646182346433526,20.0,True
2014,9,2,0.5,-0.1492470006707282,-16.0,False
2014,9,3,0.5,-0.1293408876916442,-18.0,False
2014,9,3,0.5,0.3103832904951953,10.0,True
2014,9,3,0.5,0.3254433040121717,5.0,True
2014,9,3,0.5,0.1223169484853325,-11.0,False
2014,9,3,0.5,0.0026804840830048,-10.0,False
2014,9,3,0.5,0.1714697231448297,14.0,True
2014,9,3,0.5,-0.1863205021739252,3.0,True
2014,9,3,0.5,-0.1074794710018729,22.0,True
2014,9,3,0.5,0.0641813362923665,20.0,True
2014,9,3,0.5,-0.1404484992818047,-16.0,False
2014,9,5,0.5,-0.1261816684907836,-18.0,False
2014,9,5,0.5,0.3108601756124303,10.0,True
2014,9,5,0.5,0.3138003673490674,5.0,True
2014,9,5,0.5,0.1515324765072504,-11.0,False
2014,9,5,0.5,0.0092136124918689,-10.0,False
2014,9,5,0.5,0.1683322591320706,14.0,True
2014,9,5,0.5,-0.181007833164006,3.0,True
2014,9,5,0.5,-0.1014613846904978,22.0,True
2014,9,5,0.5,0.0638536625291269,20.0,True
2014,9,5,0.5,-0.1338496232401121,-16.0,False
2014,10,1,0.5,0.0860397047000647,-21.0,False
2014,10,1,0.5,0.1018126894503563,14.0,True
2014,10,1,0.5,-0.1189191744756216,-4.0,False
2014,10,1,0.5,-0.1685588641113708,4.0,True
2014,10,1,0.5,-0.3158774017188719,-14.0,False
2014,10,1,0.5,0.0348535291000765,-3.0,False
2014,10,1,0.5,-0.2770885677141039,7.0,True
2014,10,1,0.5,-0.2980484143229558,-10.0,False
2014,10,1,0.5,0.3013960436116597,21.0,True
2014,10,1,0.5,0.1659224823796134,41.0,True
2014,10,1,0.5,0.0729985162378882,24.0,True
2014,10,2,0.5,0.0886602084696077,-21.0,False
2014,10,2,0.5,0.1138229120711687,14.0,True
2014,10,2,0.5,-0.1667633882808872,-4.0,False
2014,10,2,0.5,-0.1865071145710314,4.0,True
2014,10,2,0.5,-0.3214985498226828,-14.0,False
2014,10,2,0.5,0.0637053974807192,-3.0,False
2014,10,2,0.5,-0.2412723582690356,7.0,True
2014,10,2,0.5,-0.3043058032964429,-10.0,False
2014,10,2,0.5,0.2512011595221257,21.0,True
2014,10,2,0.5,0.1364231084865238,41.0,True
2014,10,2,0.5,0.0541153856761542,24.0,True
2014,10,3,0.5,0.0899704603543793,-21.0,False
2014,10,3,0.5,0.1198280233815749,14.0,True
2014,10,3,0.5,-0.1906854951835201,-4.0,False
2014,10,3,0.5,-0.1954812398008618,4.0,True
2014,10,3,0.5,-0.3243091238745882,-14.0,False
2014,10,3,0.5,0.0781313316710405,-3.0,False
2014,10,3,0.5,-0.2233642535465014,7.0,True
2014,10,3,0.5,-0.3074344977831865,-10.0,False
2014,10,3,0.5,0.2261037174773586,21.0,True
2014,10,3,0.5,0.1216734215399791,41.0,True
2014,10,3,0.5,0.0446738203952873,24.0,True
2014,10,5,0.5,0.0909531492679579,-21.0,False
2014,10,5,0.5,0.1243318568643794,14.0,True
2014,10,5,0.5,-0.2086270753604947,-4.0,False
2014,10,5,0.5,-0.2022118337232346,4.0,True
2014,10,5,0.5,-0.3264170544135172,-14.0,False
2014,10,5,0.5,0.0889507823137815,-3.0,False
2014,10,5,0.5,-0.2099331750046008,7.0,True
2014,10,5,0.5,-0.3097810186482441,-10.0,False
2014,10,5,0.5,0.2072806359437833,21.0,True
2014,10,5,0.5,0.1106111563300705,41.0,True
2014,10,5,0.5,0.0375926464346371,24.0,True
2014,11,1,0.5,0.1124100429424133,13.0,True
2014,11,1,0.5,-0.1635013497636515,-2.0,False
2014,11,1,0.5,0.0549929402675801,8.0,True
2014,11,1,0.5,0.0318694515583219,-16.0,False
2014,11,1,0.5,-0.1267416156248584,4.0,True
2014,11,1,0.5,0.129188012477371,-17.0,False
2014,11,1,0.5,-0.1236893938851953,-6.0,False
2014,11,1,0.5,0.2216857150346877,-20.0,False
2014,11,1,0.5,0.0582927083668291,8.0,True
2014,11,1,0.5,0.1294298668926768,33.0,True
2014,11,1,0.5,-0.0385832030772639,-22.0,False
2014,11,1,0.5,-0.1531583166938211,-3.0,False
2014,11,2,0.5,0.1299685635599362,13.0,True
2014,11,2,0.5,-0.1714868980221392,-2.0,False
2014,11,2,0.5,0.0980286922936829,8.0,True
2014,11,2,0.5,0.0162863012485948,-16.0,False
2014,11,2,0.5,-0.0823795080590813,4.0,True
2014,11,2,0.5,0.1162577350547071,-17.0,False
2014,11,2,0.5,-0.0727688494919373,-6.0,False
2014,11,2,0.5,0.2167567859620547,-20.0,False
2014,11,2,0.5,0.0640293875873301,8.0,True
2014,11,2,0.5,0.1454954762535827,33.0,True
2014,11,2,0.5,-0.038678105508246,-22.0,False
2014,11,2,0.5,-0.1599012169885327,-3.0,False
2014,11,3,0.5,0.1387478238686977,13.0,True
2014,11,3,0.5,-0.1754796721513829,-2.0,False
2014,11,3,0.5,0.1195465683067343,8.0,True
2014,11,3,0.5,0.0084947260937312,-16.0,False
2014,11,3,0.5,-0.0601984542761928,4.0,True
2014,11,3,0.5,0.1097925963433751,-17.0,False
2014,11,3,0.5,-0.0473085772953083,-6.0,False
2014,11,3,0.5,0.2142923214257381,-20.0,False
2014,11,3,0.5,0.0668977271975806,8.0,True
2014,11,3,0.5,0.1535282809340357,33.0,True
2014,11,3,0.5,-0.038725556723737,-22.0,False
2014,11,3,0.5,-0.1632726671358885,-3.0,False
2014,11,5,0.5,0.1453322691002687,13.0,True
2014,11,5,0.5,-0.1784742527483159,-2.0,False
2014,11,5,0.5,0.1356849753165229,8.0,True
2014,11,5,0.5,0.0026510447275835,-16.0,False
2014,11,5,0.5,-0.0435626639390264,4.0,True
2014,11,5,0.5,0.1049437423098761,-17.0,False
2014,11,5,0.5,-0.0282133731478366,-6.0,False
2014,11,5,0.5,0.2124439730235008,-20.0,False
2014,11,5,0.5,0.0690489819052685,8.0,True
2014,11,5,0.5,0.1595528844443755,33.0,True
2014,11,5,0.5,-0.0387611451353553,-22.0,False
2014,11,5,0.5,-0.1658012547464054,-3.0,False
2014,12,1,0.5,0.0905959502998856,-2.0,False
2014,12,1,0.5,0.1457856409169096,8.0,True
2014,12,1,0.5,-0.0138967620016459,-9.0,False
2014,12,1,0.5,0.3831796703286542,20.0,True
2014,12,1,0.5,-0.3818801627141547,-3.0,False
2014,12,1,0.5,0.2273615846552615,25.0,True
2014,12,1,0.5,0.1014214665895662,19.0,True
2014,12,1,0.5,0.1317597300922859,16.0,True
2014,12,1,0.5,0.1231781741931436,3.0,True
2014,12,1,0.5,0.1244098786723721,4.0,True
2014,12,1,0.5,-0.1847409238926943,-3.0,False
2014,12,1,0.5,0.0495361145236869,35.0,True
2014,12,1,0.5,0.0110887210959856,-7.0,False
2014,12,2,0.5,0.1179759333914702,-2.0,False
2014,12,2,0.5,0.1710034133815916,8.0,True
2014,12,2,0.5,-0.0309039767212061,-9.0,False
2014,12,2,0.5,0.3523365889104555,20.0,True
2014,12,2,0.5,-0.3923678773648179,-3.0,False
2014,12,2,0.5,0.2574113567751592,25.0,True
2014,12,2,0.5,0.1009019371405328,19.0,True
2014,12,2,0.5,0.1613824445049266,16.0,True
2014,12,2,0.5,0.1140055950916935,3.0,True
2014,12,2,0.5,0.0588752737128588,4.0,True
2014,12,2,0.5,-0.1791892799197319,-3.0,False
2014,12,2,0.5,0.0137121760762531,35.0,True
2014,12,2,0.5,0.0450115767958768,-7.0,False
2014,12,3,0.5,0.1316659249372626,-2.0,False
2014,12,3,0.5,0.1836122996139326,8.0,True
2014,12,3,0.5,-0.0394075840809863,-9.0,False
2014,12,3,0.5,0.3369150482013562,20.0,True
2014,12,3,0.5,-0.3976117346901495,-3.0,False
2014,12,3,0.5,0.2724362428351082,25.0,True
2014,12,3,0.5,0.1006421724160161,19.0,True
2014,12,3,0.5,0.176193801711247,16.0,True
2014,12,3,0.5,0.1094193055409684,3.0,True
2014,12,3,0.5,0.0261079712331022,4.0,True
2014,12,3,0.5,-0.1764134579332506,-3.0,False
2014,12,3,0.5,-0.0041997931474637,35.0,True
2014,12,3,0.5,0.0619730046458225,-7.0,False
2014,12,5,0.5,0.1419334185966068,-2.0,False
2014,12,5,0.5,0.1930689642881883,8.0,True
2014,12,5,0.5,-0.0457852896008213,-9.0,False
2014,12,5,0.5,0.3253488926695316,20.0,True
2014,12,5,0.5,-0.4015446276841482,-3.0,False
2014,12,5,0.5,0.2837049073800698,25.0,True
2014,12,5,0.5,0.1004473488726286,19.0,True
2014,12,5,0.5,0.1873023196159872,16.0,True
2014,12,5,0.5,0.1059795883779246,3.0,True
2014,12,5,0.5,0.0015324943732847,4.0,True
2014,12,5,0.5,-0.1743315914433897,-3.0,False
2014,12,5,0.5,-0.0176337700652513,35.0,True
2014,12,5,0.5,0.0746940755332816,-7.0,False
2014,13,1,0.5,-0.0360823821262543,17.0,True
2014,13,1,0.5,0.0456139197871462,-23.0,False
2014,13,1,0.5,-0.1029246351757678,-16.0,False
2014,13,1,0.5,0.0364870007968769,16.0,True
2014,13,1,0.5,0.0607044948133497,24.0,True
2014,13,1,0.5,0.1746879304236775,22.0,True
2014,13,1,0.5,-0.1788506906031931,1.0,True
2014,13,1,0.5,-0.0252745365988966,18.0,True
2014,13,1,0.5,-0.0012546041222215,-3.0,False
2014,13,1,0.5,-0.2412353251811402,-1.0,False
2014,13,1,0.5,-0.0242907587906432,11.0,True
2014,13,1,0.5,0.0241919223692156,5.0,True
2014,13,1,0.5,-0.1246592198581039,-13.0,False
2014,13,1,0.5,-0.2145292924423989,-3.0,False
2014,13,2,0.5,-0.0891842953755468,17.0,True
2014,13,2,0.5,0.0697611766979955,-23.0,False
2014,13,2,0.5,-0.1307305624254316,-16.0,False
2014,13,2,0.5,0.0109837105761303,16.0,True
2014,13,2,0.5,0.0589356865293845,24.0,True
2014,13,2,0.5,0.1382612907771642,22.0,True
2014,13,2,0.5,-0.1881862078694569,1.0,True
2014,13,2,0.5,-0.0376586061282091,18.0,True
2014,13,2,0.5,-0.0180083961262535,-3.0,False
2014,13,2,0.5,-0.2457565737596379,-1.0,False
2014,13,2,0.5,0.04454188165639,11.0,True
2014,13,2,0.5,0.0319802079788067,5.0,True
2014,13,2,0.5,-0.0961812517030135,-13.0,False
2014,13,2,0.5,-0.1958698512498943,-3.0,False
2014,13,3,0.5,-0.115735252000193,17.0,True
2014,13,3,0.5,0.08183480515342,-23.0,False
2014,13,3,0.5,-0.1446335260502635,-16.0,False
2014,13,3,0.5,-0.0017679345342428,16.0,True
2014,13,3,0.5,0.0580512823874019,24.0,True
2014,13,3,0.5,0.1200479709539076,22.0,True
2014,13,3,0.5,-0.1928539665025888,1.0,True
2014,13,3,0.5,-0.0438506408928652,18.0,True
2014,13,3,0.5,-0.0263852921282694,-3.0,False
2014,13,3,0.5,-0.2480171980488867,-1.0,False
2014,13,3,0.5,0.0789582018799066,11.0,True
2014,13,3,0.5,0.0358743507836022,5.0,True
2014,13,3,0.5,-0.0819422676254683,-13.0,False
2014,13,3,0.5,-0.1865401306536419,-3.0,False
2014,13,5,0.5,-0.1356484694686777,17.0,True
2014,13,5,0.5,0.0908900264949885,-23.0,False
2014,13,5,0.5,-0.1550607487688875,-16.0,False
2014,13,5,0.5,-0.0113316683670228,16.0,True
2014,13,5,0.5,0.0573879792809148,24.0,True
2014,13,5,0.5,0.1063879810864651,22.0,True
2014,13,5,0.5,-0.1963547854774378,1.0,True
2014,13,5,0.5,-0.0484946669663574,18.0,True
2014,13,5,0.5,-0.0326679641297814,-3.0,False
2014,13,5,0.5,-0.2497126662658233,-1.0,False
2014,13,5,0.5,0.1047704420475441,11.0,True
2014,13,5,0.5,0.038794957887199,5.0,True
2014,13,5,0.5,-0.0712630295673095,-13.0,False
2014,13,5,0.5,-0.1795428402064527,-3.0,False
2014,14,1,0.5,-0.1102237711309677,-13.0,False
2014,14,1,0.5,-0.0119970001779689,-21.0,False
2014,14,1,0.5,-0.1716681297187645,-1.0,False
2014,14,1,0.5,0.171733535289131,17.0,True
2014,14,1,0.5,-0.3078965020850513,-14.0,False
2014,14,1,0.5,0.0226948125794299,-15.0,False
2014,14,1,0.5,-0.0139155643178215,6.0,True
2014,14,1,0.5,0.2294465400274745,-31.0,False
2014,14,1,0.5,-0.0261643480520348,-29.0,False
2014,14,1,0.5,-0.0588341468900505,3.0,True
2014,14,1,0.5,0.2134047082463585,7.0,True
2014,14,1,0.5,-0.1269346291343754,-10.0,False
2014,14,1,0.5,0.168559894172057,6.0,True
2014,14,2,0.5,-0.1013394078781062,-13.0,False
2014,14,2,0.5,-0.0250614097991176,-21.0,False
2014,14,2,0.5,-0.1577823043449624,-1.0,False
2014,14,2,0.5,0.1325035373016004,17.0,True
2014,14,2,0.5,-0.2809665112223207,-14.0,False
2014,14,2,0.5,0.0246194631568108,-15.0,False
2014,14,2,0.5,-0.0330956528629515,6.0,True
2014,14,2,0.5,0.2320320738619804,-31.0,False
2014,14,2,0.5,-0.050303520768559,-29.0,False
2014,14,2,0.5,-0.1116115718590665,3.0,True
2014,14,2,0.5,0.2347662365789791,7.0,True
2014,14,2,0.5,-0.1138371739929178,-10.0,False
2014,14,2,0.5,0.1413987835845587,6.0,True
2014,14,3,0.5,-0.0968972262516755,-13.0,False
2014,14,3,0.5,-0.031593614609692,-21.0,False
2014,14,3,0.5,-0.1508393916580614,-1.0,False
2014,14,3,0.5,0.1128885383078352,17.0,True
2014,14,3,0.5,-0.2675015157909555,-14.0,False
2014,14,3,0.5,0.0255817884455012,-15.0,False
2014,14,3,0.5,-0.0426856971355165,6.0,True
2014,14,3,0.5,0.2333248407792333,-31.0,False
2014,14,3,0.5,-0.0623731071268211,-29.0,False
2014,14,3,0.5,-0.1380002843435745,3.0,True
2014,14,3,0.5,0.2454470007452894,7.0,True
2014,14,3,0.5,-0.1072884464221891,-10.0,False
2014,14,3,0.5,0.1278182282908095,6.0,True
2014,14,5,0.5,-0.0935655900318524,-13.0,False
2014,14,5,0.5,-0.0364927682176227,-21.0,False
2014,14,5,0.5,-0.1456322071428856,-1.0,False
2014,14,5,0.5,0.0981772890625111,17.0,True
2014,14,5,0.5,-0.2574027692174314,-14.0,False
2014,14,5,0.5,0.026303532412019,-15.0,False
2014,14,5,0.5,-0.0498782303399403,6.0,True
2014,14,5,0.5,0.234294415967173,-31.0,False
2014,14,5,0.5,-0.0714252968955177,-29.0,False
2014,14,5,0.5,-0.1577918187069555,3.0,True
2014,14,5,0.5,0.2534575738700221,7.0,True
2014,14,5,0.5,-0.1023769007441426,-10.0,False
2014,14,5,0.5,0.1176328118204977,6.0,True
2014,15,1,0.5,-0.007193965949511,-7.0,False
2014,15,1,0.5,0.3706769727076395,8.0,True
2014,15,1,0.5,-0.2651411009881753,8.0,True
2014,15,1,0.5,0.168591341352308,2.0,True
2014,15,1,0.5,-0.0940775559715917,-30.0,False
2014,15,1,0.5,0.0740078749282987,7.0,True
2014,15,1,0.5,0.1492387966502434,28.0,True
2014,15,1,0.5,0.0465590289316896,11.0,True
2014,15,1,0.5,-0.0194093310459244,-5.0,False
2014,15,1,0.5,0.1030647470302805,2.0,True
2014,15,1,0.5,0.1819410009156452,10.0,True
2014,15,1,0.5,-0.0632052593420246,-11.0,False
2014,15,1,0.5,-0.1282499457512489,-16.0,False
2014,15,2,0.5,0.0088695927056881,-7.0,False
2014,15,2,0.5,0.3427511865516301,8.0,True
2014,15,2,0.5,-0.2894038632384541,8.0,True
2014,15,2,0.5,0.1647008096455509,2.0,True
2014,15,2,0.5,-0.1079804091221771,-30.0,False
2014,15,2,0.5,0.0688215918098395,7.0,True
2014,15,2,0.5,0.126345807457928,28.0,True
2014,15,2,0.5,0.0409783600961975,11.0,True
2014,15,2,0.5,-0.0251497690477922,-5.0,False
2014,15,2,0.5,0.0601517758195778,2.0,True
2014,15,2,0.5,0.1862990081688396,10.0,True
2014,15,2,0.5,-0.0860391639413973,-11.0,False
2014,15,2,0.5,-0.1202994770629406,-16.0,False
2014,15,3,0.5,0.0169013720332877,-7.0,False
2014,15,3,0.5,0.3287882934736255,8.0,True
2014,15,3,0.5,-0.3015352443635934,8.0,True
2014,15,3,0.5,0.1627555437921723,2.0,True
2014,15,3,0.5,-0.1149318356974698,-30.0,False
2014,15,3,0.5,0.0662284502506101,7.0,True
2014,15,3,0.5,0.1148993128617702,28.0,True
2014,15,3,0.5,0.0381880256784514,11.0,True
2014,15,3,0.5,-0.0280199880487261,-5.0,False
2014,15,3,0.5,0.0386952902142265,2.0,True
2014,15,3,0.5,0.1884780117954367,10.0,True
2014,15,3,0.5,-0.0974561162410836,-11.0,False
2014,15,3,0.5,-0.1163242427187864,-16.0,False
2014,15,5,0.5,0.0229252065289874,-7.0,False
2014,15,5,0.5,0.318316123665122,8.0,True
2014,15,5,0.5,-0.310633780207448,8.0,True
2014,15,5,0.5,0.1612965944021384,2.0,True
2014,15,5,0.5,-0.1201454056289393,-30.0,False
2014,15,5,0.5,0.0642835940811878,7.0,True
2014,15,5,0.5,0.1063144419146519,28.0,True
2014,15,5,0.5,0.0360952748651418,11.0,True
2014,15,5,0.5,-0.0301726522994265,-5.0,False
2014,15,5,0.5,0.022602926010213,2.0,True
2014,15,5,0.5,0.1901122645153846,10.0,True
2014,15,5,0.5,-0.1060188304658484,-11.0,False
2014,15,5,0.5,-0.1133428169606708,-16.0,False
2014,16,1,0.5,-0.1874544225270238,8.0,True
2014,16,1,0.5,-0.147438499867176,3.0,True
2014,16,1,0.5,0.0450622902904238,4.0,True
2014,16,1,0.5,-0.1196534292852462,-6.0,False
2014,16,1,0.5,-0.0585631571854276,12.0,True
2014,16,1,0.5,0.1141761388413652,2.0,True
2014,16,1,0.5,0.0763719619507793,-16.0,False
2014,16,1,0.5,-0.3154383618886069,-1.0,False
2014,16,1,0.5,-0.0148161080887916,8.0,True
2014,16,1,0.5,-0.4540244594793905,-17.0,False
2014,16,1,0.5,0.0133325819630109,35.0,True
2014,16,1,0.5,-0.1555793569132287,-29.0,False
2014,16,1,0.5,-0.1795028887927507,9.0,True
2014,16,2,0.5,-0.1726266032248029,8.0,True
2014,16,2,0.5,-0.1107099383365665,3.0,True
2014,16,2,0.5,0.0522806647135477,4.0,True
2014,16,2,0.5,-0.0382819363248383,-6.0,False
2014,16,2,0.5,-0.0631947355228488,12.0,True
2014,16,2,0.5,0.1254840350350097,2.0,True
2014,16,2,0.5,0.0498348775970592,-16.0,False
2014,16,2,0.5,-0.2884588079405099,-1.0,False
2014,16,2,0.5,-0.0081158639040663,8.0,True
2014,16,2,0.5,-0.4374128309221036,-17.0,False
2014,16,2,0.5,0.0516040639741975,35.0,True
2014,16,2,0.5,-0.1604611479426402,-29.0,False
2014,16,2,0.5,-0.1591612630311462,9.0,True
2014,16,3,0.5,-0.1652126935736923,8.0,True
2014,16,3,0.5,-0.0923456575712617,3.0,True
2014,16,3,0.5,0.0558898519251096,4.0,True
2014,16,3,0.5,0.0024038101553655,-6.0,False
2014,16,3,0.5,-0.0655105246915594,12.0,True
2014,16,3,0.5,0.1311379831318319,2.0,True
2014,16,3,0.5,0.0365663354201992,-16.0,False
2014,16,3,0.5,-0.2749690309664614,-1.0,False
2014,16,3,0.5,-0.0047657418117036,8.0,True
2014,16,3,0.5,-0.4291070166434602,-17.0,False
2014,16,3,0.5,0.0707398049797908,35.0,True
2014,16,3,0.5,-0.1629020434573457,-29.0,False
2014,16,3,0.5,-0.1489904501503439,9.0,True
2014,16,5,0.5,-0.1596522613353594,8.0,True
2014,16,5,0.5,-0.0785724469972832,3.0,True
2014,16,5,0.5,0.0585967423337811,4.0,True
2014,16,5,0.5,0.0329181200155185,-6.0,False
2014,16,5,0.5,-0.0672473665680924,12.0,True
2014,16,5,0.5,0.1353784442044486,2.0,True
2014,16,5,0.5,0.0266149287875542,-16.0,False
2014,16,5,0.5,-0.2648516982359251,-1.0,False
2014,16,5,0.5,-0.0022531502424316,8.0,True
2014,16,5,0.5,-0.4228776559344775,-17.0,False
2014,16,5,0.5,0.0850916107339857,35.0,True
2014,16,5,0.5,-0.164732715093375,-29.0,False
2014,16,5,0.5,-0.1413623404897422,9.0,True
2014,17,1,0.5,0.1444557619288772,10.0,True
2014,17,1,0.5,0.3127415011558658,6.0,True
2014,17,1,0.5,0.1474175732027527,-13.0,False
2014,17,1,0.5,0.0390787953148047,4.0,True
2014,17,1,0.5,0.2324876947271916,-8.0,False
2014,17,1,0.5,-0.0598676037504782,-8.0,False
2014,17,1,0.5,-0.3107292077725894,-3.0,False
2014,17,1,0.5,-0.1689785405305817,-17.0,False
2014,17,1,0.5,-0.2604034255262625,-27.0,False
2014,17,1,0.5,0.0858917530881929,-31.0,False
2014,17,1,0.5,0.2137190371473389,10.0,True
2014,17,1,0.5,0.0285139910277182,3.0,True
2014,17,1,0.5,0.0258131870663909,10.0,True
2014,17,2,0.5,0.1384371792676097,10.0,True
2014,17,2,0.5,0.265690512250555,6.0,True
2014,17,2,0.5,0.1530974113573417,-13.0,False
2014,17,2,0.5,0.0041441002628403,4.0,True
2014,17,2,0.5,0.2464218792069888,-8.0,False
2014,17,2,0.5,-0.0286811709929341,-8.0,False
2014,17,2,0.5,-0.3228593031065714,-3.0,False
2014,17,2,0.5,-0.1479672778341106,-17.0,False
2014,17,2,0.5,-0.2357173045505538,-27.0,False
2014,17,2,0.5,0.1191004293801087,-31.0,False
2014,17,2,0.5,0.2482729441035954,10.0,True
2014,17,2,0.5,0.0335194998640686,3.0,True
2014,17,2,0.5,0.045134586075884,10.0,True
2014,17,3,0.5,0.1354278879369759,10.0,True
2014,17,3,0.5,0.2421650177978995,6.0,True
2014,17,3,0.5,0.1559373304346361,-13.0,False
2014,17,3,0.5,-0.0133232472631417,4.0,True
2014,17,3,0.5,0.2533889714468873,-8.0,False
2014,17,3,0.5,-0.013087954614162,-8.0,False
2014,17,3,0.5,-0.3289243507735624,-3.0,False
2014,17,3,0.5,-0.1374616464858751,-17.0,False
2014,17,3,0.5,-0.2233742440626994,-27.0,False
2014,17,3,0.5,0.1357047675260667,-31.0,False
2014,17,3,0.5,0.2655498975817236,10.0,True
2014,17,3,0.5,0.0360222542822437,3.0,True
2014,17,3,0.5,0.0547952855806305,10.0,True
2014,17,5,0.5,0.1331709194390006,10.0,True
2014,17,5,0.5,0.224520896958408,6.0,True
2014,17,5,0.5,0.158067269742607,-13.0,False
2014,17,5,0.5,-0.0264237579076282,4.0,True
2014,17,5,0.5,0.2586142906268112,-8.0,False
2014,17,5,0.5,-0.001393042330083,-8.0,False
2014,17,5,0.5,-0.3334731365238058,-3.0,False
2014,17,5,0.5,-0.1295824229746984,-17.0,False
2014,17,5,0.5,-0.2141169486968086,-27.0,False
2014,17,5,0.5,0.1481580211355352,-31.0,False
2014,17,5,0.5,0.2785076126903199,10.0,True
2014,17,5,0.5,0.037899320095875,3.0,True
2014,17,5,0.5,0.0620408102091905,10.0,True
2015,4,1,0.5,0.2057586358578136,-3.0,False
2015,4,1,0.5,-0.0901731089144542,-13.0,False
2015,4,1,0.5,0.2250186225705708,27.0,True
2015,4,1,0.5,0.2577442773687709,-14.0,False
2015,4,1,0.5,0.1329101861540687,15.0,True
2015,4,1,0.5,-0.2009396728003181,3.0,True
2015,4,1,0.5,-0.2744675346309486,-14.0,False
2015,4,1,0.5,-0.2648808951440829,3.0,True
2015,4,1,0.5,0.148445071695046,3.0,True
2015,4,1,0.5,-0.4749954937874785,-14.0,False
2015,4,1,0.5,-0.2575403656521545,6.0,True
2015,4,1,0.5,0.3018522738282554,3.0,True
2015,4,2,0.5,0.1770639722764025,-3.0,False
2015,4,2,0.5,-0.0469574774988468,-13.0,False
2015,4,2,0.5,0.2220005858037954,27.0,True
2015,4,2,0.5,0.1756454402388599,-14.0,False
2015,4,2,0.5,0.0994996380061042,15.0,True
2015,4,2,0.5,-0.214282775729601,3.0,True
2015,4,2,0.5,-0.1866888712411733,-14.0,False
2015,4,2,0.5,-0.1904985394876854,3.0,True
2015,4,2,0.5,-0.0137907274818206,3.0,True
2015,4,2,0.5,-0.3754603967452861,-14.0,False
2015,4,2,0.5,-0.1887776519400284,6.0,True
2015,4,2,0.5,0.2260820201146287,3.0,True
2015,4,3,0.5,0.1627166404856971,-3.0,False
2015,4,3,0.5,-0.0253496617910433,-13.0,False
2015,4,3,0.5,0.2204915674204078,27.0,True
2015,4,3,0.5,0.1345960216739043,-14.0,False
2015,4,3,0.5,0.0827943639321218,15.0,True
2015,4,3,0.5,-0.2209543271942426,3.0,True
2015,4,3,0.5,-0.1427995395462856,-14.0,False
2015,4,3,0.5,-0.1533073616594866,3.0,True
2015,4,3,0.5,-0.094908627070254,3.0,True
2015,4,3,0.5,-0.32569284822419,-14.0,False
2015,4,3,0.5,-0.1543962950839654,6.0,True
2015,4,3,0.5,0.1881968932578152,3.0,True
2015,4,5,0.5,0.1519561416426679,-3.0,False
2015,4,5,0.5,-0.0091438000101905,-13.0,False
2015,4,5,0.5,0.219359803632867,27.0,True
2015,4,5,0.5,0.1038089577501875,-14.0,False
2015,4,5,0.5,0.0702654083766353,15.0,True
2015,4,5,0.5,-0.2259579907927237,3.0,True
2015,4,5,0.5,-0.1098825407751199,-14.0,False
2015,4,5,0.5,-0.1254139782883375,3.0,True
2015,4,5,0.5,-0.1557470517615791,3.0,True
2015,4,5,0.5,-0.2883671868333679,-14.0,False
2015,4,5,0.5,-0.1286102774419181,6.0,True
2015,4,5,0.5,0.1597830481152051,3.0,True
2015,5,1,0.5,0.0351112338949083,-7.0,False
2015,5,1,0.5,0.2269573574129152,6.0,True
2015,5,1,0.5,-0.0513667193345093,-3.0,False
2015,5,1,0.5,0.3123252448782689,3.0,True
2015,5,1,0.5,0.0951105969162531,-1.0,False
2015,5,1,0.5,-0.0015855094916156,22.0,True
2015,5,1,0.5,-0.1802502843752756,7.0,True
2015,5,1,0.5,-0.1638029258924515,-1.0,False
2015,5,1,0.5,-0.6109750274051742,-25.0,False
2015,5,1,0.5,-0.4653040250339125,-24.0,False
2015,5,1,0.5,0.3438621846875856,3.0,True
2015,5,2,0.5,0.0274438847328338,-7.0,False
2015,5,2,0.5,0.1936202391238201,6.0,True
2015,5,2,0.5,-0.0927656639560431,-3.0,False
2015,5,2,0.5,0.2926846599913429,3.0,True
2015,5,2,0.5,0.0997812883429316,-1.0,False
2015,5,2,0.5,-0.0929343636844027,22.0,True
2015,5,2,0.5,-0.1757562520726049,7.0,True
2015,5,2,0.5,-0.123368866329422,-1.0,False
2015,5,2,0.5,-0.4692348172575183,-25.0,False
2015,5,2,0.5,-0.3848445402828869,-24.0,False
2015,5,2,0.5,0.2938577829493592,3.0,True
2015,5,3,0.5,0.0236102101517966,-7.0,False
2015,5,3,0.5,0.1769516799792727,6.0,True
2015,5,3,0.5,-0.1134651362668101,-3.0,False
2015,5,3,0.5,0.2828643675478798,3.0,True
2015,5,3,0.5,0.1021166340562707,-1.0,False
2015,5,3,0.5,-0.1386087907807963,22.0,True
2015,5,3,0.5,-0.1735092359212694,7.0,True
2015,5,3,0.5,-0.1031518365479072,-1.0,False
2015,5,3,0.5,-0.3983647121836904,-25.0,False
2015,5,3,0.5,-0.3446147979073741,-24.0,False
2015,5,3,0.5,0.268855582080246,3.0,True
2015,5,5,0.5,0.0207349542160186,-7.0,False
2015,5,5,0.5,0.164450260620862,6.0,True
2015,5,5,0.5,-0.1289897404998852,-3.0,False
2015,5,5,0.5,0.2754991482152826,3.0,True
2015,5,5,0.5,0.103868143341275,-1.0,False
2015,5,5,0.5,-0.1728646111030914,22.0,True
2015,5,5,0.5,-0.1718239738077678,7.0,True
2015,5,5,0.5,-0.0879890642117711,-1.0,False
2015,5,5,0.5,-0.3452121333783197,-25.0,False
2015,5,5,0.5,-0.3144424911257396,-24.0,False
2015,5,5,0.5,0.2501039314284111,3.0,True
2015,6,1,0.5,-0.1671124146710235,10.0,True
2015,6,1,0.5,-0.0315546726477635,-13.0,False
2015,6,1,0.5,-0.0224500803097225,-3.0,False
2015,6,1,0.5,-0.1619630434183667,3.0,True
2015,6,1,0.5,0.0209410562510165,-11.0,False
2015,6,1,0.5,-0.0766186603517582,6.0,True
2015,6,1,0.5,0.1082279904498411,14.0,True
2015,6,1,0.5,-0.319982251230101,12.0,True
2015,6,1,0.5,0.166335611552399,-28.0,False
2015,6,1,0.5,-0.0239440560607849,-4.0,False
2015,6,1,0.5,-0.1239022099550237,5.0,True
2015,6,1,0.5,-0.6271973010523759,-7.0,False
2015,6,1,0.5,-0.0971170735215553,20.0,True
2015,6,2,0.5,-0.0774571955366326,10.0,True
2015,6,2,0.5,-0.0754249838115891,-13.0,False
2015,6,2,0.5,0.1265244634266431,-3.0,False
2015,6,2,0.5,-0.1399151716175411,3.0,True
2015,6,2,0.5,0.0107997681771699,-11.0,False
2015,6,2,0.5,-0.0976385441887584,6.0,True
2015,6,2,0.5,0.0003182733749178,14.0,True
2015,6,2,0.5,-0.2363841978498178,12.0,True
2015,6,2,0.5,0.1700712403857597,-28.0,False
2015,6,2,0.5,0.0549210942986664,-4.0,False
2015,6,2,0.5,-0.082279446964624,5.0,True
2015,6,2,0.5,-0.5357713175295762,-7.0,False
2015,6,2,0.5,-0.1431767288546521,20.0,True
2015,6,3,0.5,-0.0326295859694372,10.0,True
2015,6,3,0.5,-0.0973601393935019,-13.0,False
2015,6,3,0.5,0.2010117352948258,-3.0,False
2015,6,3,0.5,-0.1288912357171282,3.0,True
2015,6,3,0.5,0.0057291241402466,-11.0,False
2015,6,3,0.5,-0.1081484861072585,6.0,True
2015,6,3,0.5,-0.0536365851625439,14.0,True
2015,6,3,0.5,-0.1945851711596761,12.0,True
2015,6,3,0.5,0.1719390548024401,-28.0,False
2015,6,3,0.5,0.0943536694783921,-4.0,False
2015,6,3,0.5,-0.0614680654694242,5.0,True
2015,6,3,0.5,-0.4900583257681764,-7.0,False
2015,6,3,0.5,-0.1662065565212006,20.0,True
2015,6,5,0.5,0.0009911212059592,10.0,True
2015,6,5,0.5,-0.1138115060799364,-13.0,False
2015,6,5,0.5,0.256877189195963,-3.0,False
2015,6,5,0.5,-0.1206232837918186,3.0,True
2015,6,5,0.5,0.001926141112554,-11.0,False
2015,6,5,0.5,-0.1160309425461336,6.0,True
2015,6,5,0.5,-0.0941027290656401,14.0,True
2015,6,5,0.5,-0.1632359011420698,12.0,True
2015,6,5,0.5,0.1733399156149503,-28.0,False
2015,6,5,0.5,0.1239281008631865,-4.0,False
2015,6,5,0.5,-0.0458595293480243,5.0,True
2015,6,5,0.5,-0.4557735819471266,-7.0,False
2015,6,5,0.5,-0.1834789272711119,20.0,True
2015,7,1,0.5,-0.2463427413531915,-17.0,False
2015,7,1,0.5,-0.1351903817988689,3.0,True
2015,7,1,0.5,-0.0664948695602127,-9.0,False
2015,7,1,0.5,-0.1539482414762572,-6.0,False
2015,7,1,0.5,-0.0497410662451624,10.0,True
2015,7,1,0.5,0.0090402614550125,18.0,True
2015,7,1,0.5,0.3046120864793438,7.0,True
2015,7,1,0.5,-0.2627890130884153,-3.0,False
2015,7,1,0.5,0.0518348032699934,1.0,True
2015,7,1,0.5,0.0195791551072464,7.0,True
2015,7,1,0.5,0.0496332009228671,11.0,True
2015,7,1,0.5,0.3695101230698266,8.0,True
2015,7,2,0.5,-0.2026850067335333,-17.0,False
2015,7,2,0.5,-0.1151318085950013,3.0,True
2015,7,2,0.5,-0.0352591582193625,-9.0,False
2015,7,2,0.5,-0.1733339756407768,-6.0,False
2015,7,2,0.5,-0.0494072709746043,10.0,True
2015,7,2,0.5,-0.021879161414045,18.0,True
2015,7,2,0.5,0.3372767959330117,7.0,True
2015,7,2,0.5,-0.2267721322689142,-3.0,False
2015,7,2,0.5,0.0762004343757692,1.0,True
2015,7,2,0.5,0.0094272084683544,7.0,True
2015,7,2,0.5,0.023170007903495,11.0,True
2015,7,2,0.5,0.2763295153855996,8.0,True
2015,7,3,0.5,-0.1808561394237043,-17.0,False
2015,7,3,0.5,-0.1051025219930675,3.0,True
2015,7,3,0.5,-0.0196413025489375,-9.0,False
2015,7,3,0.5,-0.1830268427230367,-6.0,False
2015,7,3,0.5,-0.0492403733393253,10.0,True
2015,7,3,0.5,-0.0373388728485738,18.0,True
2015,7,3,0.5,0.3536091506598456,7.0,True
2015,7,3,0.5,-0.2087636918591638,-3.0,False
2015,7,3,0.5,0.0883832499286571,1.0,True
2015,7,3,0.5,0.0043512351489083,7.0,True
2015,7,3,0.5,0.009938411393809,11.0,True
2015,7,3,0.5,0.2297392115434861,8.0,True
2015,7,5,0.5,-0.1644844889413325,-17.0,False
2015,7,5,0.5,-0.0975805570416172,3.0,True
2015,7,5,0.5,-0.0079279107961187,-9.0,False
2015,7,5,0.5,-0.1902964930347316,-6.0,False
2015,7,5,0.5,-0.049115200112866,10.0,True
2015,7,5,0.5,-0.0489336564244703,18.0,True
2015,7,5,0.5,0.365858416704971,7.0,True
2015,7,5,0.5,-0.1952573615518509,-3.0,False
2015,7,5,0.5,0.0975203615933231,1.0,True
2015,7,5,0.5,0.0005442551593238,7.0,True
2015,7,5,0.5,1.4714011544465775e-05,11.0,True
2015,7,5,0.5,0.194796483661901,8.0,True
2015,8,1,0.5,0.2964090213328979,29.0,True
2015,8,1,0.5,0.2784670456079547,35.0,True
2015,8,1,0.5,0.1714661620751102,-3.0,False
2015,8,1,0.5,0.0711615410905429,-3.0,False
2015,8,1,0.5,-0.3205074761908354,-14.0,False
2015,8,1,0.5,0.0036546928598503,14.0,True
2015,8,1,0.5,-0.054334669990049,3.0,True
2015,8,1,0.5,-0.2286777369397932,-6.0,False
2015,8,1,0.5,-0.0422258585952705,-1.0,False
2015,8,1,0.5,-0.2690703463509781,19.0,True
2015,8,1,0.5,0.3073896963944295,3.0,True
2015,8,2,0.5,0.2954781278287081,29.0,True
2015,8,2,0.5,0.2290377289952458,35.0,True
2015,8,2,0.5,0.1322951244371782,-3.0,False
2015,8,2,0.5,0.1123007343068837,-3.0,False
2015,8,2,0.5,-0.2198694544722737,-14.0,False
2015,8,2,0.5,0.0198962686579407,14.0,True
2015,8,2,0.5,-0.046227805415061,3.0,True
2015,8,2,0.5,-0.2273078718047513,-6.0,False
2015,8,2,0.5,-0.0166921134355805,-1.0,False
2015,8,2,0.5,-0.328279245054416,19.0,True
2015,8,2,0.5,0.2141474720989839,3.0,True
2015,8,3,0.5,0.2950126810766131,29.0,True
2015,8,3,0.5,0.2043230706888913,35.0,True
2015,8,3,0.5,0.1127096056182122,-3.0,False
2015,8,3,0.5,0.1328703309150541,-3.0,False
2015,8,3,0.5,-0.1695504436129929,-14.0,False
2015,8,3,0.5,0.0280170565569859,14.0,True
2015,8,3,0.5,-0.0421743731275671,3.0,True
2015,8,3,0.5,-0.2266229392372304,-6.0,False
2015,8,3,0.5,-0.0039252408557356,-1.0,False
2015,8,3,0.5,-0.3578836944061349,19.0,True
2015,8,3,0.5,0.1675263599512612,3.0,True
2015,8,5,0.5,0.2946635960125419,29.0,True
2015,8,5,0.5,0.1857870769591255,35.0,True
2015,8,5,0.5,0.0980204665039879,-3.0,False
2015,8,5,0.5,0.1482975283711818,-3.0,False
2015,8,5,0.5,-0.1318111854685323,-14.0,False
2015,8,5,0.5,0.0341076474812698,14.0,True
2015,8,5,0.5,-0.0391342989119466,3.0,True
2015,8,5,0.5,-0.2261092398115898,-6.0,False
2015,8,5,0.5,0.0056499135791481,-1.0,False
2015,8,5,0.5,-0.380087031419924,19.0,True
2015,8,5,0.5,0.1325605258404691,3.0,True
2015,9,1,0.5,0.1869900178195055,21.0,True
2015,9,1,0.5,-0.0512022166544347,16.0,True
2015,9,1,0.5,-0.0922495696671871,8.0,True
2015,9,1,0.5,0.4583855638684966,17.0,True
2015,9,1,0.5,0.2616663105596156,-6.0,False
2015,9,1,0.5,0.0542670229034812,5.0,True
2015,9,1,0.5,-0.2941759222362828,1.0,True
2015,9,1,0.5,-0.1124858722937648,-14.0,False
2015,9,1,0.5,-0.2695096471090595,3.0,True
2015,9,1,0.5,0.0409091704410801,-6.0,False
2015,9,2,0.5,0.1486369633162735,21.0,True
2015,9,2,0.5,-0.0335414409258125,16.0,True
2015,9,2,0.5,-0.1489290599814074,8.0,True
2015,9,2,0.5,0.3808868553699571,17.0,True
2015,9,2,0.5,0.2647502112967935,-6.0,False
2015,9,2,0.5,0.0190017829776821,5.0,True
2015,9,2,0.5,-0.2388419729419107,1.0,True
2015,9,2,0.5,-0.1137526320453988,-14.0,False
2015,9,2,0.5,-0.140773028771617,3.0,True
2015,9,2,0.5,0.0909309148368807,-6.0,False
2015,9,3,0.5,0.1294604360646576,21.0,True
2015,9,3,0.5,-0.0247110530615013,16.0,True
2015,9,3,0.5,-0.1772688051385175,8.0,True
2015,9,3,0.5,0.3421375011206874,17.0,True
2015,9,3,0.5,0.2662921616653825,-6.0,False
2015,9,3,0.5,0.0013691630147825,5.0,True
2015,9,3,0.5,-0.2111749982947248,1.0,True
2015,9,3,0.5,-0.1143860119212158,-14.0,False
2015,9,3,0.5,-0.0764047196028958,3.0,True
2015,9,3,0.5,0.115941787034781,-6.0,False
2015,9,5,0.5,0.1150780406259455,21.0,True
2015,9,5,0.5,-0.018088262163268,16.0,True
2015,9,5,0.5,-0.1985236140063502,8.0,True
2015,9,5,0.5,0.3130754854337352,17.0,True
2015,9,5,0.5,0.2674486244418242,-6.0,False
2015,9,5,0.5,-0.0118553019573919,5.0,True
2015,9,5,0.5,-0.1904247673093352,1.0,True
2015,9,5,0.5,-0.1148610468280786,-14.0,False
2015,9,5,0.5,-0.0281284877263549,3.0,True
2015,9,5,0.5,0.1346999411832062,-6.0,False
2015,10,1,0.5,-0.0073246613489046,-5.0,False
2015,10,1,0.5,-0.0880867795256382,-2.0,False
2015,10,1,0.5,0.4277174810441193,-2.0,False
2015,10,1,0.5,0.0191734262727487,-1.0,False
2015,10,1,0.5,0.079437242222959,21.0,True
2015,10,1,0.5,-0.096892031503284,4.0,True
2015,10,1,0.5,-0.329443969879825,-17.0,False
2015,10,1,0.5,-0.166691109696967,33.0,True
2015,10,1,0.5,-0.078067905323327,-16.0,False
2015,10,1,0.5,-0.3260720493416776,-1.0,False
2015,10,1,0.5,-0.1813474849506774,-7.0,False
2015,10,1,0.5,0.2267374166580889,-4.0,False
2015,10,2,0.5,-0.0520942504287496,-5.0,False
2015,10,2,0.5,-0.0527553183835668,-2.0,False
2015,10,2,0.5,0.3854305728491864,-2.0,False
2015,10,2,0.5,-0.0170881136922729,-1.0,False
2015,10,2,0.5,0.0434528939464108,21.0,True
2015,10,2,0.5,-0.110788243048302,4.0,True
2015,10,2,0.5,-0.2503262775356791,-17.0,False
2015,10,2,0.5,-0.1643995147948884,33.0,True
2015,10,2,0.5,-0.1638700100011541,-16.0,False
2015,10,2,0.5,-0.2618389349577895,-1.0,False
2015,10,2,0.5,-0.1369711859562203,-7.0,False
2015,10,2,0.5,0.2031032790649982,-4.0,False
2015,10,3,0.5,-0.0744790449686721,-5.0,False
2015,10,3,0.5,-0.035089587812531,-2.0,False
2015,10,3,0.5,0.36428711875172,-2.0,False
2015,10,3,0.5,-0.0352188836747837,-1.0,False
2015,10,3,0.5,0.0254607198081366,21.0,True
2015,10,3,0.5,-0.117736348820811,4.0,True
2015,10,3,0.5,-0.2107674313636061,-17.0,False
2015,10,3,0.5,-0.1632537173438491,33.0,True
2015,10,3,0.5,-0.2067710623400677,-16.0,False
2015,10,3,0.5,-0.2297223777658454,-1.0,False
2015,10,3,0.5,-0.1147830364589917,-7.0,False
2015,10,3,0.5,0.1912862102684529,-4.0,False
2015,10,5,0.5,-0.091267640873614,-5.0,False
2015,10,5,0.5,-0.0218402898842542,-2.0,False
2015,10,5,0.5,0.3484295281786201,-2.0,False
2015,10,5,0.5,-0.0488169611616668,-1.0,False
2015,10,5,0.5,0.0119665892044309,21.0,True
2015,10,5,0.5,-0.1229474281501927,4.0,True
2015,10,5,0.5,-0.1810982967345513,-17.0,False
2015,10,5,0.5,-0.1623943692555696,33.0,True
2015,10,5,0.5,-0.2389468515942528,-16.0,False
2015,10,5,0.5,-0.2056349598718874,-1.0,False
2015,10,5,0.5,-0.0981419243360702,-7.0,False
2015,10,5,0.5,0.1824234086710439,-4.0,False
2015,11,1,0.5,0.059663087848819,6.0,True
2015,11,1,0.5,0.1771318078669241,-3.0,False
2015,11,1,0.5,0.2678278696224728,28.0,True
2015,11,1,0.5,0.0609013981711305,-2.0,False
2015,11,1,0.5,-0.0117371939237633,7.0,True
2015,11,1,0.5,-0.0216044406614786,-10.0,False
2015,11,1,0.5,0.0584339841548639,-28.0,False
2015,11,1,0.5,-0.2541196215198468,-17.0,False
2015,11,1,0.5,0.2905778713876733,16.0,True
2015,11,1,0.5,0.1530066444962091,3.0,True
2015,11,1,0.5,0.2610072631062471,7.0,True
2015,11,2,0.5,0.046697686387753,6.0,True
2015,11,2,0.5,0.1154536351086717,-3.0,False
2015,11,2,0.5,0.1686518422320832,28.0,True
2015,11,2,0.5,0.1469695390190878,-2.0,False
2015,11,2,0.5,0.0396581333841901,7.0,True
2015,11,2,0.5,-0.0254262393580992,-10.0,False
2015,11,2,0.5,0.0375842144549621,-28.0,False
2015,11,2,0.5,-0.2348739018062959,-17.0,False
2015,11,2,0.5,0.2660838774559134,16.0,True
2015,11,2,0.5,0.1150664892469044,3.0,True
2015,11,2,0.5,0.2255058108990516,7.0,True
2015,11,3,0.5,0.0402149856572199,6.0,True
2015,11,3,0.5,0.0846145487295455,-3.0,False
2015,11,3,0.5,0.1190638285368884,28.0,True
2015,11,3,0.5,0.1900036094430664,-2.0,False
2015,11,3,0.5,0.0653557970381669,7.0,True
2015,11,3,0.5,-0.0273371387064095,-10.0,False
2015,11,3,0.5,0.0271593296050113,-28.0,False
2015,11,3,0.5,-0.2252510419495203,-17.0,False
2015,11,3,0.5,0.2538368804900333,16.0,True
2015,11,3,0.5,0.0960964116222523,3.0,True
2015,11,3,0.5,0.2077550847954539,7.0,True
2015,11,5,0.5,0.0353529601093201,6.0,True
2015,11,5,0.5,0.0614852339452009,-3.0,False
2015,11,5,0.5,0.0818728182654923,28.0,True
2015,11,5,0.5,0.2222791622610504,-2.0,False
2015,11,5,0.5,0.0846290447786495,7.0,True
2015,11,5,0.5,-0.0287703132176423,-10.0,False
2015,11,5,0.5,0.0193406659675482,-28.0,False
2015,11,5,0.5,-0.2180338970569387,-17.0,False
2015,11,5,0.5,0.2446516327656233,16.0,True
2015,11,5,0.5,0.0818688534037629,3.0,True
2015,11,5,0.5,0.1944420402177556,7.0,True
2015,12,1,0.5,-0.1702325969599797,31.0,True
2015,12,1,0.5,-0.1148134374183282,-19.0,False
2015,12,1,0.5,0.1213063588026927,-4.0,False
2015,12,1,0.5,0.1218477771531284,-10.0,False
2015,12,1,0.5,-0.0249374194917308,18.0,True
2015,12,1,0.5,-0.1287211383412283,13.0,True
2015,12,1,0.5,0.1562239619294676,8.0,True
2015,12,1,0.5,-0.0438377832506731,18.0,True
2015,12,1,0.5,-0.1376565965573818,6.0,True
2015,12,1,0.5,-0.4651432604245143,-6.0,False
2015,12,1,0.5,0.1248836719918842,9.0,True
2015,12,1,0.5,-0.2462842191181087,6.0,True
2015,12,1,0.5,-0.0268942664301179,-6.0,False
2015,12,2,0.5,-0.1300737280375484,31.0,True
2015,12,2,0.5,-0.0477651094868356,-19.0,False
2015,12,2,0.5,0.0808102386388839,-4.0,False
2015,12,2,0.5,0.0852182615043734,-10.0,False
2015,12,2,0.5,-0.0498168684557073,18.0,True
2015,12,2,0.5,-0.1055709470964939,13.0,True
2015,12,2,0.5,0.1245442588211089,8.0,True
2015,12,2,0.5,-0.0759778480115318,18.0,True
2015,12,2,0.5,-0.1338369525695474,6.0,True
2015,12,2,0.5,-0.3725575607754547,-6.0,False
2015,12,2,0.5,0.1302940954030125,9.0,True
2015,12,2,0.5,-0.2747968655581921,6.0,True
2015,12,2,0.5,0.0007253813439678,-6.0,False
2015,12,3,0.5,-0.1099942935763328,31.0,True
2015,12,3,0.5,-0.0142409455210893,-19.0,False
2015,12,3,0.5,0.0605621785569795,-4.0,False
2015,12,3,0.5,0.0669035036799958,-10.0,False
2015,12,3,0.5,-0.0622565929376954,18.0,True
2015,12,3,0.5,-0.0939958514741267,13.0,True
2015,12,3,0.5,0.1087044072669295,8.0,True
2015,12,3,0.5,-0.0920478803919613,18.0,True
2015,12,3,0.5,-0.1319271305756302,6.0,True
2015,12,3,0.5,-0.3262647109509251,-6.0,False
2015,12,3,0.5,0.1329993071085767,9.0,True
2015,12,3,0.5,-0.2890531887782338,6.0,True
2015,12,3,0.5,0.0145352052310107,-6.0,False
2015,12,5,0.5,-0.0949347177304211,31.0,True
2015,12,5,0.5,0.0109021774532204,-19.0,False
2015,12,5,0.5,0.0453761334955512,-4.0,False
2015,12,5,0.5,0.0531674353117126,-10.0,False
2015,12,5,0.5,-0.0715863862991865,18.0,True
2015,12,5,0.5,-0.0853145297573514,13.0,True
2015,12,5,0.5,0.096824518601295,8.0,True
2015,12,5,0.5,-0.1041004046772833,18.0,True
2015,12,5,0.5,-0.1304947640801922,6.0,True
2015,12,5,0.5,-0.2915450735825277,-6.0,False
2015,12,5,0.5,0.1350282158877497,9.0,True
2015,12,5,0.5,-0.299745431193265,6.0,True
2015,12,5,0.5,0.0248925731462928,-6.0,False
2015,13,1,0.5,-0.2523393005856856,-4.0,False
2015,13,1,0.5,-0.0011183720525271,9.0,True
2015,13,1,0.5,0.2189473757946752,-6.0,False
2015,13,1,0.5,-0.2550930389193609,-34.0,False
2015,13,1,0.5,0.0022062401221487,2.0,True
2015,13,1,0.5,-0.2511577482217406,-31.0,False
2015,13,1,0.5,-0.0380698115371477,-3.0,False
2015,13,1,0.5,0.0189927105643172,4.0,True
2015,13,1,0.5,-0.057806045050195,3.0,True
2015,13,1,0.5,0.3329433807292482,-7.0,False
2015,13,1,0.5,-0.2248171444458459,-3.0,False
2015,13,1,0.5,0.1155655160640467,35.0,True
2015,13,1,0.5,-0.0756848592673795,-3.0,False
2015,13,2,0.5,-0.208443051303641,-4.0,False
2015,13,2,0.5,0.0150295429201022,9.0,True
2015,13,2,0.5,0.1942166924450926,-6.0,False
2015,13,2,0.5,-0.2139289059750403,-34.0,False
2015,13,2,0.5,0.0054439625093087,2.0,True
2015,13,2,0.5,-0.2582718929503801,-31.0,False
2015,13,2,0.5,0.0255710878772478,-3.0,False
2015,13,2,0.5,0.0369778637698191,4.0,True
2015,13,2,0.5,-0.050467818655049,3.0,True
2015,13,2,0.5,0.3019717849989602,-7.0,False
2015,13,2,0.5,-0.1148100629668026,-3.0,False
2015,13,2,0.5,0.1052737789003308,35.0,True
2015,13,2,0.5,-0.0598460865707761,-3.0,False
2015,13,3,0.5,-0.1864949266626187,-4.0,False
2015,13,3,0.5,0.0231035004064169,9.0,True
2015,13,3,0.5,0.1818513507703013,-6.0,False
2015,13,3,0.5,-0.19334683950288,-34.0,False
2015,13,3,0.5,0.0070628237028888,2.0,True
2015,13,3,0.5,-0.2618289653146998,-31.0,False
2015,13,3,0.5,0.0573915375844456,-3.0,False
2015,13,3,0.5,0.0459704403725701,4.0,True
2015,13,3,0.5,-0.0467987054574761,3.0,True
2015,13,3,0.5,0.2864859871338163,-7.0,False
2015,13,3,0.5,-0.059806522227281,-3.0,False
2015,13,3,0.5,0.1001279103184728,35.0,True
2015,13,3,0.5,-0.0519267002224745,-3.0,False
2015,13,5,0.5,-0.170033833181852,-4.0,False
2015,13,5,0.5,0.0291589685211529,9.0,True
2015,13,5,0.5,0.1725773445142079,-6.0,False
2015,13,5,0.5,-0.1779102896487598,-34.0,False
2015,13,5,0.5,0.0082769695980739,2.0,True
2015,13,5,0.5,-0.2644967695879396,-31.0,False
2015,13,5,0.5,0.0812568748648439,-3.0,False
2015,13,5,0.5,0.0527148728246333,4.0,True
2015,13,5,0.5,-0.0440468705592964,3.0,True
2015,13,5,0.5,0.2748716387349582,-7.0,False
2015,13,5,0.5,-0.0185538666726398,-3.0,False
2015,13,5,0.5,0.0962685088820793,35.0,True
2015,13,5,0.5,-0.0459871604612482,-3.0,False
2015,14,1,0.5,0.3201560994121686,3.0,True
2015,14,1,0.5,-0.3172983324443235,-29.0,False
2015,14,1,0.5,0.2292234120874677,38.0,True
2015,14,1,0.5,0.0894809159174884,-3.0,False
2015,14,1,0.5,0.144383426736299,-13.0,False
2015,14,1,0.5,0.0754223933185809,14.0,True
2015,14,1,0.5,0.0754437379850064,35.0,True
2015,14,1,0.5,0.1516744867090017,22.0,True
2015,14,1,0.5,-0.1064262321447324,3.0,True
2015,14,1,0.5,0.045521949456481,-7.0,False
2015,14,1,0.5,0.1148674684593388,21.0,True
2015,14,1,0.5,-0.1905394525272521,-21.0,False
2015,14,1,0.5,-0.0064892286976454,-7.0,False
2015,14,2,0.5,0.2640661846437442,3.0,True
2015,14,2,0.5,-0.312580748064083,-29.0,False
2015,14,2,0.5,0.1709860492762982,38.0,True
2015,14,2,0.5,0.0931226780614253,-3.0,False
2015,14,2,0.5,0.1283531157138956,-13.0,False
2015,14,2,0.5,0.0684859261037873,14.0,True
2015,14,2,0.5,0.0607760710927172,35.0,True
2015,14,2,0.5,0.102532307636172,22.0,True
2015,14,2,0.5,-0.1189798585438658,3.0,True
2015,14,2,0.5,-0.0013747902403565,-7.0,False
2015,14,2,0.5,0.1066546997328258,21.0,True
2015,14,2,0.5,-0.1692673940638601,-21.0,False
2015,14,2,0.5,-0.0399748914220363,-7.0,False
2015,14,3,0.5,0.236021227259532,3.0,True
2015,14,3,0.5,-0.3102219558739627,-29.0,False
2015,14,3,0.5,0.1418673678707135,38.0,True
2015,14,3,0.5,0.0949435591333938,-3.0,False
2015,14,3,0.5,0.1203379602026938,-13.0,False
2015,14,3,0.5,0.0650176924963905,14.0,True
2015,14,3,0.5,0.0534422376465725,35.0,True
2015,14,3,0.5,0.077961218099757,22.0,True
2015,14,3,0.5,-0.1252566717434325,3.0,True
2015,14,3,0.5,-0.0248231600887753,-7.0,False
2015,14,3,0.5,0.1025483153695693,21.0,True
2015,14,3,0.5,-0.1586313648321642,-21.0,False
2015,14,3,0.5,-0.0567177227842319,-7.0,False
2015,14,5,0.5,0.2149875092213728,3.0,True
2015,14,5,0.5,-0.3084528617313725,-29.0,False
2015,14,5,0.5,0.1200283568165249,38.0,True
2015,14,5,0.5,0.0963092199373701,-3.0,False
2015,14,5,0.5,0.1143265935692925,-13.0,False
2015,14,5,0.5,0.0624165172908429,14.0,True
2015,14,5,0.5,0.0479418625619641,35.0,True
2015,14,5,0.5,0.0595329009474459,22.0,True
2015,14,5,0.5,-0.1299642816431075,3.0,True
2015,14,5,0.5,-0.0424094374750894,-7.0,False
2015,14,5,0.5,0.099468527097127,21.0,True
2015,14,5,0.5,-0.1506543429083921,-21.0,False
2015,14,5,0.5,-0.0692748463058785,-7.0,False
2015,15,1,0.5,-0.0832427169376297,-3.0,False
2015,15,1,0.5,-0.2529879379960689,-20.0,False
2015,15,1,0.5,-0.1175549380882854,-6.0,False
2015,15,1,0.5,-0.0122330108242281,-6.0,False
2015,15,1,0.5,-0.1111254920716978,21.0,True
2015,15,1,0.5,0.3752712321774749,17.0,True
2015,15,1,0.5,-0.2656945978937458,-3.0,False
2015,15,1,0.5,-0.1081170617940759,10.0,True
2015,15,1,0.5,0.3200532476078169,17.0,True
2015,15,1,0.5,0.0311575054832239,7.0,True
2015,15,1,0.5,-0.3702160022231598,-10.0,False
2015,15,1,0.5,-0.3235048089250018,-23.0,False
2015,15,1,0.5,0.0911280786564888,-8.0,False
2015,15,2,0.5,-0.0422118070609595,-3.0,False
2015,15,2,0.5,-0.212274297221597,-20.0,False
2015,15,2,0.5,-0.1072433151750374,-6.0,False
2015,15,2,0.5,-0.0114092700622361,-6.0,False
2015,15,2,0.5,-0.1058238542922357,21.0,True
2015,15,2,0.5,0.3265741233433976,17.0,True
2015,15,2,0.5,-0.1592957495103364,-3.0,False
2015,15,2,0.5,-0.1123843776960709,10.0,True
2015,15,2,0.5,0.296528505761963,17.0,True
2015,15,2,0.5,0.0914271968096112,7.0,True
2015,15,2,0.5,-0.3201403180811701,-10.0,False
2015,15,2,0.5,-0.2723218640146549,-23.0,False
2015,15,2,0.5,0.1068923685902382,-8.0,False
2015,15,3,0.5,-0.0216963521226245,-3.0,False
2015,15,3,0.5,-0.1919174768343611,-20.0,False
2015,15,3,0.5,-0.1020875037184134,-6.0,False
2015,15,3,0.5,-0.01099739968124,-6.0,False
2015,15,3,0.5,-0.1031730354025047,21.0,True
2015,15,3,0.5,0.302225568926359,17.0,True
2015,15,3,0.5,-0.1060963253186316,-3.0,False
2015,15,3,0.5,-0.1145180356470683,10.0,True
2015,15,3,0.5,0.284766134839036,17.0,True
2015,15,3,0.5,0.1215620424728049,7.0,True
2015,15,3,0.5,-0.2951024760101755,-10.0,False
2015,15,3,0.5,-0.2467303915594815,-23.0,False
2015,15,3,0.5,0.1147745135571129,-8.0,False
2015,15,5,0.5,-0.0063097609188731,-3.0,False
2015,15,5,0.5,-0.1766498615439341,-20.0,False
2015,15,5,0.5,-0.0982206451259454,-6.0,False
2015,15,5,0.5,-0.0106884968954931,-6.0,False
2015,15,5,0.5,-0.1011849212352065,21.0,True
2015,15,5,0.5,0.28396415311358,17.0,True
2015,15,5,0.5,-0.0661967571748532,-3.0,False
2015,15,5,0.5,-0.1161182791103166,10.0,True
2015,15,5,0.5,0.2759443566468409,17.0,True
2015,15,5,0.5,0.1441631767202002,7.0,True
2015,15,5,0.5,-0.2763240944569293,-10.0,False
2015,15,5,0.5,-0.2275367872181014,-23.0,False
2015,15,5,0.5,0.1206861222822689,-8.0,False
2015,16,1,0.5,-0.058678083043552,-14.0,False
2015,16,1,0.5,-0.2532876521571868,7.0,True
2015,16,1,0.5,-0.1566992926383553,3.0,True
2015,16,1,0.5,0.0752231413239865,10.0,True
2015,16,1,0.5,0.1841235261809247,15.0,True
2015,16,1,0.5,0.249053533478563,4.0,True
2015,16,1,0.5,0.0610991364918222,-6.0,False
2015,16,1,0.5,-0.1631656193243151,6.0,True
2015,16,1,0.5,-0.0040028299007589,-5.0,False
2015,16,1,0.5,-0.137799028601792,-28.0,False
2015,16,1,0.5,0.0022347013400784,11.0,True
2015,16,1,0.5,0.1567432609475294,30.0,True
2015,16,1,0.5,-0.0030030093889893,32.0,True
2015,16,1,0.5,-0.1737774018598744,3.0,True
2015,16,2,0.5,-0.0531048781017234,-14.0,False
2015,16,2,0.5,-0.1817158017559186,7.0,True
2015,16,2,0.5,-0.1472388383504112,3.0,True
2015,16,2,0.5,0.0915986807128257,10.0,True
2015,16,2,0.5,0.1704014984316047,15.0,True
2015,16,2,0.5,0.2019946903441207,4.0,True
2015,16,2,0.5,0.0532868590494666,-6.0,False
2015,16,2,0.5,-0.1796428018252537,6.0,True
2015,16,2,0.5,-0.0203696292238108,-5.0,False
2015,16,2,0.5,-0.1066387256451908,-28.0,False
2015,16,2,0.5,0.0488473498817352,11.0,True
2015,16,2,0.5,0.129696412455707,30.0,True
2015,16,2,0.5,-0.0311362389790565,32.0,True
2015,16,2,0.5,-0.1976920059151945,3.0,True
2015,16,3,0.5,-0.050318275630809,-14.0,False
2015,16,3,0.5,-0.1459298765552845,7.0,True
2015,16,3,0.5,-0.1425086112064391,3.0,True
2015,16,3,0.5,0.0997864504072453,10.0,True
2015,16,3,0.5,0.1635404845569447,15.0,True
2015,16,3,0.5,0.1784652687768996,4.0,True
2015,16,3,0.5,0.0493807203282888,-6.0,False
2015,16,3,0.5,-0.187881393075723,6.0,True
2015,16,3,0.5,-0.0285530288853368,-5.0,False
2015,16,3,0.5,-0.0910585741668902,-28.0,False
2015,16,3,0.5,0.0721536741525636,11.0,True
2015,16,3,0.5,0.1161729882097958,30.0,True
2015,16,3,0.5,-0.04520285377409,32.0,True
2015,16,3,0.5,-0.2096493079428546,3.0,True
2015,16,5,0.5,-0.0482283237776233,-14.0,False
2015,16,5,0.5,-0.119090432654809,7.0,True
2015,16,5,0.5,-0.1389609408484601,3.0,True
2015,16,5,0.5,0.1059272776780599,10.0,True
2015,16,5,0.5,0.1583947241509498,15.0,True
2015,16,5,0.5,0.1608182026014838,4.0,True
2015,16,5,0.5,0.0464511162874055,-6.0,False
2015,16,5,0.5,-0.1940603365135749,6.0,True
2015,16,5,0.5,-0.0346905786314813,-5.0,False
2015,16,5,0.5,-0.0793734605581649,-28.0,False
2015,16,5,0.5,0.0896334173556849,11.0,True
2015,16,5,0.5,0.1060304200253625,30.0,True
2015,16,5,0.5,-0.0557528148703652,32.0,True
2015,16,5,0.5,-0.2186172844635996,3.0,True
2015,17,1,0.5,-0.0152372107973468,-3.0,False
2015,17,1,0.5,-0.0621741503171235,5.0,True
2015,17,1,0.5,0.0745325026746251,-4.0,False
2015,17,1,0.5,0.2378731040675567,8.0,True
2015,17,1,0.5,-0.1397528186061216,-16.0,False
2015,17,1,0.5,-0.0643339513100921,-11.0,False
2015,17,1,0.5,0.0646034705202986,24.0,True
2015,17,1,0.5,0.0634832961716355,6.0,True
2015,17,1,0.5,-0.2934222728645502,10.0,True
2015,17,1,0.5,0.0350854719397847,-5.0,False
2015,17,1,0.5,0.0614860522629264,-30.0,False
2015,17,1,0.5,0.1898105526504218,28.0,True
2015,17,1,0.5,0.0905044161369232,-7.0,False
2015,17,2,0.5,-0.0551161124123521,-3.0,False
2015,17,2,0.5,-0.0058075774032379,5.0,True
2015,17,2,0.5,0.0680091472912687,-4.0,False
2015,17,2,0.5,0.2105242005053474,8.0,True
2015,17,2,0.5,-0.1207150516748434,-16.0,False
2015,17,2,0.5,-0.0615622297411311,-11.0,False
2015,17,2,0.5,0.0438831386256245,24.0,True
2015,17,2,0.5,0.0364291501644845,6.0,True
2015,17,2,0.5,-0.2629045286601131,10.0,True
2015,17,2,0.5,0.0616747753751531,-5.0,False
2015,17,2,0.5,0.0221981216232934,-30.0,False
2015,17,2,0.5,0.1231620437100823,28.0,True
2015,17,2,0.5,0.0755259038959721,-7.0,False
2015,17,3,0.5,-0.0750555632198549,-3.0,False
2015,17,3,0.5,0.0223757090537048,5.0,True
2015,17,3,0.5,0.0647474695995905,-4.0,False
2015,17,3,0.5,0.1968497487242426,8.0,True
2015,17,3,0.5,-0.1111961682092043,-16.0,False
2015,17,3,0.5,-0.0601763689566505,-11.0,False
2015,17,3,0.5,0.0335229726782874,24.0,True
2015,17,3,0.5,0.0229020771609091,6.0,True
2015,17,3,0.5,-0.2476456565578945,10.0,True
2015,17,3,0.5,0.0749694270928372,-5.0,False
2015,17,3,0.5,0.0025541563034769,-30.0,False
2015,17,3,0.5,0.0898377892399127,28.0,True
2015,17,3,0.5,0.0680366477754966,-7.0,False
2015,17,5,0.5,-0.0900101513254819,-3.0,False
2015,17,5,0.5,0.0435131738964121,5.0,True
2015,17,5,0.5,0.0623012113308318,-4.0,False
2015,17,5,0.5,0.1865939098884141,8.0,True
2015,17,5,0.5,-0.104057005609975,-16.0,False
2015,17,5,0.5,-0.0591369733682902,-11.0,False
2015,17,5,0.5,0.0257528482177847,24.0,True
2015,17,5,0.5,0.0127567724082275,6.0,True
2015,17,5,0.5,-0.2362015024812305,10.0,True
2015,17,5,0.5,0.0849404158811003,-5.0,False
2015,17,5,0.5,-0.0121788176863854,-30.0,False
2015,17,5,0.5,0.0648445983872855,28.0,True
2015,17,5,0.5,0.0624197056851399,-7.0,False
2016,4,1,0.5,0.0050018721548535,15.0,True
2016,4,1,0.5,-0.1556496206029854,3.0,True
2016,4,1,0.5,0.0516709956964143,15.0,True
2016,4,1,0.5,-0.1064663512102553,3.0,True
2016,4,1,0.5,0.026243437785966,7.0,True
2016,4,1,0.5,0.4261247183807066,-16.0,False
2016,4,1,0.5,-0.0758859309385861,-10.0,False
2016,4,1,0.5,0.2397534356104007,11.0,True
2016,4,1,0.5,-0.1404875886291268,-20.0,False
2016,4,1,0.5,0.2880410445449311,-4.0,False
2016,4,1,0.5,-0.1759466156382385,-7.0,False
2016,4,1,0.5,-0.0421799347155032,29.0,True
2016,4,1,0.5,0.2369831440603336,14.0,True
2016,4,2,0.5,-0.0580922107450553,15.0,True
2016,4,2,0.5,-0.1368439058500481,3.0,True
2016,4,2,0.5,0.0342633122177376,15.0,True
2016,4,2,0.5,-0.1235826859408093,3.0,True
2016,4,2,0.5,0.0336918320071956,7.0,True
2016,4,2,0.5,0.3586150659241611,-16.0,False
2016,4,2,0.5,7.91863575486107e-05,-10.0,False
2016,4,2,0.5,0.2040015069397106,11.0,True
2016,4,2,0.5,-0.0890407771037707,-20.0,False
2016,4,2,0.5,0.2649625248691201,-4.0,False
2016,4,2,0.5,-0.0995242536205275,-7.0,False
2016,4,2,0.5,0.0042246547130666,29.0,True
2016,4,2,0.5,0.1628776272238612,14.0,True
2016,4,3,0.5,-0.0896392521950097,15.0,True
2016,4,3,0.5,-0.1274410484735795,3.0,True
2016,4,3,0.5,0.0255594704783991,15.0,True
2016,4,3,0.5,-0.1321408533060864,3.0,True
2016,4,3,0.5,0.0374160291178105,7.0,True
2016,4,3,0.5,0.3248602396958882,-16.0,False
2016,4,3,0.5,0.0380617450056159,-10.0,False
2016,4,3,0.5,0.1861255426043654,11.0,True
2016,4,3,0.5,-0.0633173713410927,-20.0,False
2016,4,3,0.5,0.2534232650312145,-4.0,False
2016,4,3,0.5,-0.061313072611672,-7.0,False
2016,4,3,0.5,0.0274269494273516,29.0,True
2016,4,3,0.5,0.125824868805625,14.0,True
2016,4,5,0.5,-0.1132995332824756,15.0,True
2016,4,5,0.5,-0.1203889054412279,3.0,True
2016,4,5,0.5,0.0190315891738954,15.0,True
2016,4,5,0.5,-0.1385594788300442,3.0,True
2016,4,5,0.5,0.0402091769507716,7.0,True
2016,4,5,0.5,0.2995441200246835,-16.0,False
2016,4,5,0.5,0.0665486639916664,-10.0,False
2016,4,5,0.5,0.1727185693528566,11.0,True
2016,4,5,0.5,-0.0440248170190842,-20.0,False
2016,4,5,0.5,0.2447688201527854,-4.0,False
2016,4,5,0.5,-0.0326546868550305,-7.0,False
2016,4,5,0.5,0.0448286704630653,29.0,True
2016,4,5,0.5,0.0980352999919478,14.0,True
2016,5,1,0.5,-0.1581643889612219,-12.0,False
2016,5,1,0.5,-0.1181985968355961,-6.0,False
2016,5,1,0.5,-0.3586954214908914,-20.0,False
2016,5,1,0.5,-0.4016655221403121,1.0,True
2016,5,1,0.5,-0.187139351899644,6.0,True
2016,5,1,0.5,-0.1257560798190913,-13.0,False
2016,5,1,0.5,0.1642071076973201,18.0,True
2016,5,1,0.5,0.1460366402502177,18.0,True
2016,5,1,0.5,-0.0852490635651636,-7.0,False
2016,5,1,0.5,0.1411167844251256,14.0,True
2016,5,1,0.5,-0.1490485707067398,-11.0,False
2016,5,1,0.5,0.1162823218497746,7.0,True
2016,5,1,0.5,0.0412026597360011,-3.0,False
2016,5,2,0.5,-0.1389417086621485,-12.0,False
2016,5,2,0.5,-0.1769844733789938,-6.0,False
2016,5,2,0.5,-0.2855372689011677,-20.0,False
2016,5,2,0.5,-0.2457756357434715,1.0,True
2016,5,2,0.5,-0.1282614113042255,6.0,True
2016,5,2,0.5,-0.0430104307146795,-13.0,False
2016,5,2,0.5,0.1033065629771722,18.0,True
2016,5,2,0.5,0.1198479425158454,18.0,True
2016,5,2,0.5,-0.1687834267221006,-7.0,False
2016,5,2,0.5,0.1332730663940337,14.0,True
2016,5,2,0.5,-0.1543479552621551,-11.0,False
2016,5,2,0.5,0.0761330911552255,7.0,True
2016,5,2,0.5,0.0437394700537681,-3.0,False
2016,5,3,0.5,-0.1293303685126117,-12.0,False
2016,5,3,0.5,-0.2063774116506926,-6.0,False
2016,5,3,0.5,-0.2489581926063059,-20.0,False
2016,5,3,0.5,-0.1678306925450514,1.0,True
2016,5,3,0.5,-0.0988224410065163,6.0,True
2016,5,3,0.5,-0.0016376061624736,-13.0,False
2016,5,3,0.5,0.0728562906170983,18.0,True
2016,5,3,0.5,0.1067535936486592,18.0,True
2016,5,3,0.5,-0.2105506083005689,-7.0,False
2016,5,3,0.5,0.1293512073784878,14.0,True
2016,5,3,0.5,-0.1569976475398629,-11.0,False
2016,5,3,0.5,0.0560584758079509,7.0,True
2016,5,3,0.5,0.0450078752126516,-3.0,False
2016,5,5,0.5,-0.1221218634004592,-12.0,False
2016,5,5,0.5,-0.2284221153544668,-6.0,False
2016,5,5,0.5,-0.2215238853851594,-20.0,False
2016,5,5,0.5,-0.109371985146236,1.0,True
2016,5,5,0.5,-0.0767432132832343,6.0,True
2016,5,5,0.5,0.0293920122516808,-13.0,False
2016,5,5,0.5,0.0500185863470429,18.0,True
2016,5,5,0.5,0.0969328319982696,18.0,True
2016,5,5,0.5,-0.2418759944844202,-7.0,False
2016,5,5,0.5,0.1264098131168283,14.0,True
2016,5,5,0.5,-0.1589849167481436,-11.0,False
2016,5,5,0.5,0.041002514297495,7.0,True
2016,5,5,0.5,0.0459591790818142,-3.0,False
2016,6,1,0.5,0.237917586041466,29.0,True
2016,6,1,0.5,0.2092971120579136,-1.0,False
2016,6,1,0.5,-0.0467861109221907,3.0,True
2016,6,1,0.5,-0.3191288601236024,15.0,True
2016,6,1,0.5,0.382274331417769,18.0,True
2016,6,1,0.5,-0.043931396746091,3.0,True
2016,6,1,0.5,-0.0313518433172642,4.0,True
2016,6,1,0.5,0.2074322422482525,2.0,True
2016,6,1,0.5,-0.011160243159403,7.0,True
2016,6,1,0.5,-0.1127420554338192,-14.0,False
2016,6,1,0.5,-0.0982781887758415,2.0,True
2016,6,1,0.5,0.1370702262504046,3.0,True
2016,6,1,0.5,0.1822968018652671,25.0,True
2016,6,2,0.5,0.1914406556253507,29.0,True
2016,6,2,0.5,0.2226052033513897,-1.0,False
2016,6,2,0.5,0.0188323492065149,3.0,True
2016,6,2,0.5,-0.2775094150458825,15.0,True
2016,6,2,0.5,0.3538593990449314,18.0,True
2016,6,2,0.5,-0.0373894944376049,3.0,True
2016,6,2,0.5,0.0418974698183384,4.0,True
2016,6,2,0.5,0.1107584641639052,2.0,True
2016,6,2,0.5,0.0839092256084677,7.0,True
2016,6,2,0.5,-0.1189727288110878,-14.0,False
2016,6,2,0.5,-0.1682913287234922,2.0,True
2016,6,2,0.5,0.0858078515234858,3.0,True
2016,6,2,0.5,0.1100484286258762,25.0,True
2016,6,3,0.5,0.168202190417293,29.0,True
2016,6,3,0.5,0.2292592489981277,-1.0,False
2016,6,3,0.5,0.0516415792708678,3.0,True
2016,6,3,0.5,-0.2566996925070226,15.0,True
2016,6,3,0.5,0.3396519328585127,18.0,True
2016,6,3,0.5,-0.0341185432833618,3.0,True
2016,6,3,0.5,0.0785221263861398,4.0,True
2016,6,3,0.5,0.0624215751217315,2.0,True
2016,6,3,0.5,0.1314439599924031,7.0,True
2016,6,3,0.5,-0.122088065499722,-14.0,False
2016,6,3,0.5,-0.2032978986973176,2.0,True
2016,6,3,0.5,0.0601766641600264,3.0,True
2016,6,3,0.5,0.0739242420061809,25.0,True
2016,6,5,0.5,0.1507733415112498,29.0,True
2016,6,5,0.5,0.2342497832331812,-1.0,False
2016,6,5,0.5,0.0762485018191324,3.0,True
2016,6,5,0.5,-0.2410924006028776,15.0,True
2016,6,5,0.5,0.3289963332186985,18.0,True
2016,6,5,0.5,-0.0316653299176796,3.0,True
2016,6,5,0.5,0.1059906188119909,4.0,True
2016,6,5,0.5,0.0261689083401012,2.0,True
2016,6,5,0.5,0.1670950107803546,7.0,True
2016,6,5,0.5,-0.1244245680161977,-14.0,False
2016,6,5,0.5,-0.2295528261776865,2.0,True
2016,6,5,0.5,0.0409532736374318,3.0,True
2016,6,5,0.5,0.0468311020414092,25.0,True
2016,7,1,0.5,-0.0349558694567866,16.0,True
2016,7,1,0.5,-0.0457832595026685,-7.0,False
2016,7,1,0.5,0.1249750645826492,14.0,True
2016,7,1,0.5,-0.2787244711904212,3.0,True
2016,7,1,0.5,-0.0959113131692831,6.0,True
2016,7,1,0.5,-0.2758795009068242,3.0,True
2016,7,1,0.5,-0.049703165531716,8.0,True
2016,7,1,0.5,-0.1254775860154601,11.0,True
2016,7,1,0.5,0.2270788958618646,-8.0,False
2016,7,1,0.5,0.0300614381014213,-17.0,False
2016,7,1,0.5,-0.2909947173423745,-11.0,False
2016,7,1,0.5,-0.0536827011635061,0.0,False
2016,7,1,0.5,-0.0399456196972733,18.0,True
2016,7,2,0.5,-0.0532663994324821,16.0,True
2016,7,2,0.5,-0.0775658725939007,-7.0,False
2016,7,2,0.5,0.0657623898611673,14.0,True
2016,7,2,0.5,-0.2239369262116788,3.0,True
2016,7,2,0.5,-0.1313903215710495,6.0,True
2016,7,2,0.5,-0.1979067990187201,3.0,True
2016,7,2,0.5,0.0385824300258086,8.0,True
2016,7,2,0.5,-0.1210505248353435,11.0,True
2016,7,2,0.5,0.1282951839635152,-8.0,False
2016,7,2,0.5,0.0307756641990435,-17.0,False
2016,7,2,0.5,-0.2319768775039653,-11.0,False
2016,7,2,0.5,-0.0492451981399179,0.0,False
2016,7,2,0.5,-0.0934488984447473,18.0,True
2016,7,3,0.5,-0.0624216644203298,16.0,True
2016,7,3,0.5,-0.0934571791395167,-7.0,False
2016,7,3,0.5,0.0361560525004263,14.0,True
2016,7,3,0.5,-0.1965431537223076,3.0,True
2016,7,3,0.5,-0.1491298257719328,6.0,True
2016,7,3,0.5,-0.158920448074668,3.0,True
2016,7,3,0.5,0.0827252278045711,8.0,True
2016,7,3,0.5,-0.1188369942452852,11.0,True
2016,7,3,0.5,0.0789033280143404,-8.0,False
2016,7,3,0.5,0.0311327772478547,-17.0,False
2016,7,3,0.5,-0.2024679575847609,-11.0,False
2016,7,3,0.5,-0.0470264466281238,0.0,False
2016,7,3,0.5,-0.1202005378184843,18.0,True
2016,7,5,0.5,-0.0692881131612157,16.0,True
2016,7,5,0.5,-0.1053756590487288,-7.0,False
2016,7,5,0.5,0.0139512994798706,14.0,True
2016,7,5,0.5,-0.1759978243552792,3.0,True
2016,7,5,0.5,-0.1624344539225951,6.0,True
2016,7,5,0.5,-0.129680684866629,3.0,True
2016,7,5,0.5,0.1158323261386428,8.0,True
2016,7,5,0.5,-0.1171768463027415,11.0,True
2016,7,5,0.5,0.0418594360524594,-8.0,False
2016,7,5,0.5,0.031400612034463,-17.0,False
2016,7,5,0.5,-0.1803362676453574,-11.0,False
2016,7,5,0.5,-0.0453623829942782,0.0,False
2016,7,5,0.5,-0.140264267348787,18.0,True
2016,8,1,0.5,0.1868957923128484,14.0,True
2016,8,1,0.5,-0.1336345349127222,0.0,False
2016,8,1,0.5,-0.1970993473711131,-16.0,False
2016,8,1,0.5,-0.1279591541356161,10.0,True
2016,8,1,0.5,-0.1698813234264635,-3.0,False
2016,8,1,0.5,0.0094919232658646,7.0,True
2016,8,1,0.5,-0.0527489518303076,-16.0,False
2016,8,1,0.5,-0.0376490170384785,5.0,True
2016,8,1,0.5,0.110161209402362,1.0,True
2016,8,1,0.5,0.159717807802219,6.0,True
2016,8,1,0.5,-0.0924438617946598,10.0,True
2016,8,2,0.5,0.1685755356571751,14.0,True
2016,8,2,0.5,-0.1310071116318544,0.0,False
2016,8,2,0.5,-0.1727022645493487,-16.0,False
2016,8,2,0.5,-0.0570956259203191,10.0,True
2016,8,2,0.5,-0.1251486684674369,-3.0,False
2016,8,2,0.5,-0.0361213131563068,7.0,True
2016,8,2,0.5,0.0054119043687363,-16.0,False
2016,8,2,0.5,0.0222387055083626,5.0,True
2016,8,2,0.5,0.166403176070269,1.0,True
2016,8,2,0.5,0.2023944972888078,6.0,True
2016,8,2,0.5,-0.0064494631683248,10.0,True
2016,8,3,0.5,0.1594154073293386,14.0,True
2016,8,3,0.5,-0.1296933999914205,0.0,False
2016,8,3,0.5,-0.1605037231384666,-16.0,False
2016,8,3,0.5,-0.0216638618126707,10.0,True
2016,8,3,0.5,-0.1027823409879236,-3.0,False
2016,8,3,0.5,-0.0589279313673926,7.0,True
2016,8,3,0.5,0.0344923324682583,-16.0,False
2016,8,3,0.5,0.0521825667817833,5.0,True
2016,8,3,0.5,0.1945241594042223,1.0,True
2016,8,3,0.5,0.2237328420321022,6.0,True
2016,8,3,0.5,0.0365477361448428,10.0,True
2016,8,5,0.5,0.1525453110834612,14.0,True
2016,8,5,0.5,-0.1287081162610951,0.0,False
2016,8,5,0.5,-0.1513548170803049,-16.0,False
2016,8,5,0.5,0.0049099612680656,10.0,True
2016,8,5,0.5,-0.0860075953782885,-3.0,False
2016,8,5,0.5,-0.0760328950257068,7.0,True
2016,8,5,0.5,0.0563026535428999,-16.0,False
2016,8,5,0.5,0.0746404627368487,5.0,True
2016,8,5,0.5,0.2156148969046874,1.0,True
2016,8,5,0.5,0.2397366005895731,6.0,True
2016,8,5,0.5,0.0687956356297184,10.0,True
2016,9,1,0.5,-0.2697246785515366,-15.0,False
2016,9,1,0.5,-0.0762771001190499,7.0,True
2016,9,1,0.5,-0.4344428435230542,-25.0,False
2016,9,1,0.5,0.21954910852751,5.0,True
2016,9,1,0.5,-0.0785830715881411,4.0,True
2016,9,1,0.5,0.1221749819931758,-6.0,False
2016,9,1,0.5,-0.0753368216769846,5.0,True
2016,9,1,0.5,-0.1653332948857738,-3.0,False
2016,9,1,0.5,-0.2370772037986765,-18.0,False
2016,9,1,0.5,0.121428946073311,-5.0,False
2016,9,1,0.5,0.0963124421151539,6.0,True
2016,9,2,0.5,-0.2786154708214625,-15.0,False
2016,9,2,0.5,-0.1622616508855287,7.0,True
2016,9,2,0.5,-0.3421917988517278,-25.0,False
2016,9,2,0.5,0.2073429118047465,5.0,True
2016,9,2,0.5,-0.0519367468539461,4.0,True
2016,9,2,0.5,0.0258070149301347,-6.0,False
2016,9,2,0.5,-0.0343927325520439,5.0,True
2016,9,2,0.5,-0.1862110759224349,-3.0,False
2016,9,2,0.5,-0.2336542792371846,-18.0,False
2016,9,2,0.5,0.0463495525779806,-5.0,False
2016,9,2,0.5,0.0576601159719376,6.0,True
2016,9,3,0.5,-0.2830608669564253,-15.0,False
2016,9,3,0.5,-0.2052539262687682,7.0,True
2016,9,3,0.5,-0.2960662765160646,-25.0,False
2016,9,3,0.5,0.2012398134433648,5.0,True
2016,9,3,0.5,-0.0386135844868485,4.0,True
2016,9,3,0.5,-0.0223769686013857,-6.0,False
2016,9,3,0.5,-0.0139206879895735,5.0,True
2016,9,3,0.5,-0.1966499664407656,-3.0,False
2016,9,3,0.5,-0.2319428169564387,-18.0,False
2016,9,3,0.5,0.0088098558303154,-5.0,False
2016,9,3,0.5,0.0383339529003295,6.0,True
2016,9,5,0.5,-0.2863949140576475,-15.0,False
2016,9,5,0.5,-0.2374981328061978,7.0,True
2016,9,5,0.5,-0.2614721347643172,-25.0,False
2016,9,5,0.5,0.1966624896723285,5.0,True
2016,9,5,0.5,-0.0286212127115253,4.0,True
2016,9,5,0.5,-0.058514956250026,-6.0,False
2016,9,5,0.5,0.0014333454322792,5.0,True
2016,9,5,0.5,-0.2044791343295135,-3.0,False
2016,9,5,0.5,-0.2306592202458793,-18.0,False
2016,9,5,0.5,-0.0193449167304333,-5.0,False
2016,9,5,0.5,0.0238393305966234,6.0,True
2016,10,1,0.5,0.1114742988067213,21.0,True
2016,10,1,0.5,0.0049658854448364,-3.0,False
2016,10,1,0.5,-0.0989708818713756,-3.0,False
2016,10,1,0.5,0.1007070063313588,-2.0,False
2016,10,1,0.5,0.103575021414231,-3.0,False
2016,10,1,0.5,-0.1711924075836944,9.0,True
2016,10,1,0.5,-0.1532041526121877,26.0,True
2016,10,1,0.5,0.0784857662059544,22.0,True
2016,10,1,0.5,0.0684789198295564,6.0,True
2016,10,1,0.5,0.1930241315138585,3.0,True
2016,10,1,0.5,-0.2833583783959019,-5.0,False
2016,10,1,0.5,0.2090916293250551,-7.0,False
2016,10,1,0.5,-0.0548889981739544,1.0,True
2016,10,2,0.5,-0.021323909744272,21.0,True
2016,10,2,0.5,0.0197541619287798,-3.0,False
2016,10,2,0.5,-0.1129645913042919,-3.0,False
2016,10,2,0.5,0.1582857378624789,-2.0,False
2016,10,2,0.5,0.1289003211903322,-3.0,False
2016,10,2,0.5,-0.2191032766045478,9.0,True
2016,10,2,0.5,-0.1343564680205317,26.0,True
2016,10,2,0.5,0.0781661304536274,22.0,True
2016,10,2,0.5,0.1279419331164077,6.0,True
2016,10,2,0.5,0.1034982461775435,3.0,True
2016,10,2,0.5,-0.2175562319514398,-5.0,False
2016,10,2,0.5,0.197061333127743,-7.0,False
2016,10,2,0.5,-0.0681053550996966,1.0,True
2016,10,3,0.5,-0.0877230140197687,21.0,True
2016,10,3,0.5,0.0271483001707516,-3.0,False
2016,10,3,0.5,-0.11996144602075,-3.0,False
2016,10,3,0.5,0.187075103628039,-2.0,False
2016,10,3,0.5,0.1415629710783827,-3.0,False
2016,10,3,0.5,-0.2430587111149745,9.0,True
2016,10,3,0.5,-0.1249326257247036,26.0,True
2016,10,3,0.5,0.0780063125774639,22.0,True
2016,10,3,0.5,0.1576734397598333,6.0,True
2016,10,3,0.5,0.058735303509386,3.0,True
2016,10,3,0.5,-0.1846551587292089,-5.0,False
2016,10,3,0.5,0.1910461850290871,-7.0,False
2016,10,3,0.5,-0.0747135335625678,1.0,True
2016,10,5,0.5,-0.1375223422263912,21.0,True
2016,10,5,0.5,0.0326939038522304,-3.0,False
2016,10,5,0.5,-0.1252090870580936,-3.0,False
2016,10,5,0.5,0.2086671279522091,-2.0,False
2016,10,5,0.5,0.1510599584944207,-3.0,False
2016,10,5,0.5,-0.2610252869977946,9.0,True
2016,10,5,0.5,-0.1178647440028326,26.0,True
2016,10,5,0.5,0.0778864491703413,22.0,True
2016,10,5,0.5,0.1799720697424025,6.0,True
2016,10,5,0.5,0.025163096508268,3.0,True
2016,10,5,0.5,-0.1599793538125357,-5.0,False
2016,10,5,0.5,0.186534823955095,-7.0,False
2016,10,5,0.5,-0.0796696674097212,1.0,True
2016,11,1,0.5,-0.0880588510099608,3.0,True
2016,11,1,0.5,-0.013851168740849,-4.0,False
2016,11,1,0.5,-0.221005329267571,-15.0,False
2016,11,1,0.5,0.3457816476825557,10.0,True
2016,11,1,0.5,0.125382650802114,7.0,True
2016,11,1,0.5,-0.2176142721777866,7.0,True
2016,11,1,0.5,0.0110652100984739,-2.0,False
2016,11,1,0.5,0.0323912201926193,6.0,True
2016,11,1,0.5,-0.0518357325211683,6.0,True
2016,11,1,0.5,-0.0507165136491345,-4.0,False
2016,11,1,0.5,0.0663216102049011,11.0,True
2016,11,1,0.5,-0.409533881042837,-13.0,False
2016,11,1,0.5,0.1825262322095797,18.0,True
2016,11,2,0.5,-0.1321987560522688,3.0,True
2016,11,2,0.5,-0.0266264629950505,-4.0,False
2016,11,2,0.5,-0.1924047117731308,-15.0,False
2016,11,2,0.5,0.3959484165632911,10.0,True
2016,11,2,0.5,0.1788356938849906,7.0,True
2016,11,2,0.5,-0.1510616240661891,7.0,True
2016,11,2,0.5,-0.0178442162395072,-2.0,False
2016,11,2,0.5,0.0337419491817358,6.0,True
2016,11,2,0.5,-0.0660038721571864,6.0,True
2016,11,2,0.5,-0.086903874282527,-4.0,False
2016,11,2,0.5,0.0886115016611348,11.0,True
2016,11,2,0.5,-0.3440835910885341,-13.0,False
2016,11,2,0.5,0.1927509454966058,18.0,True
2016,11,3,0.5,-0.1542687085734228,3.0,True
2016,11,3,0.5,-0.0330141101221512,-4.0,False
2016,11,3,0.5,-0.1781044030259106,-15.0,False
2016,11,3,0.5,0.4210318010036588,10.0,True
2016,11,3,0.5,0.2055622154264288,7.0,True
2016,11,3,0.5,-0.1177853000103903,7.0,True
2016,11,3,0.5,-0.0322989294084978,-2.0,False
2016,11,3,0.5,0.0344173136762941,6.0,True
2016,11,3,0.5,-0.0730879419751955,6.0,True
2016,11,3,0.5,-0.1049975545992232,-4.0,False
2016,11,3,0.5,0.0997564473892515,11.0,True
2016,11,3,0.5,-0.3113584461113825,-13.0,False
2016,11,3,0.5,0.1978633021401188,18.0,True
2016,11,5,0.5,-0.1708211729642883,3.0,True
2016,11,5,0.5,-0.0378048454674768,-4.0,False
2016,11,5,0.5,-0.1673791714654955,-15.0,False
2016,11,5,0.5,0.4398443393339345,10.0,True
2016,11,5,0.5,0.2256071065825075,7.0,True
2016,11,5,0.5,-0.0928280569685412,7.0,True
2016,11,5,0.5,-0.0431399642852407,-2.0,False
2016,11,5,0.5,0.0349238370472129,6.0,True
2016,11,5,0.5,-0.0784009943387023,6.0,True
2016,11,5,0.5,-0.1185678148367453,-4.0,False
2016,11,5,0.5,0.1081151566853391,11.0,True
2016,11,5,0.5,-0.2868145873785189,-13.0,False
2016,11,5,0.5,0.2016975696227536,18.0,True
2016,12,1,0.5,-0.0747945677915595,3.0,True
2016,12,1,0.5,0.1114332498309624,5.0,True
2016,12,1,0.5,-0.0546097637678097,-21.0,False
2016,12,1,0.5,0.2152230544580099,19.0,True
2016,12,1,0.5,-0.061244506497237,5.0,True
2016,12,1,0.5,0.1941332540011443,7.0,True
2016,12,1,0.5,-0.1273649573579147,-6.0,False
2016,12,1,0.5,-0.2876758302287983,-14.0,False
2016,12,1,0.5,0.0911859623900873,7.0,True
2016,12,1,0.5,0.2517201114519051,28.0,True
2016,12,1,0.5,-0.2101199025290155,9.0,True
2016,12,1,0.5,-0.2908449707596038,-5.0,False
2016,12,1,0.5,-0.0196323156431072,-3.0,False
2016,12,1,0.5,0.0274446315678883,-14.0,False
2016,12,2,0.5,0.0138076817139051,3.0,True
2016,12,2,0.5,0.0971249059666075,5.0,True
2016,12,2,0.5,-0.037965709436131,-21.0,False
2016,12,2,0.5,0.2706322086954817,19.0,True
2016,12,2,0.5,-0.1185031653640732,5.0,True
2016,12,2,0.5,0.2217266209456564,7.0,True
2016,12,2,0.5,-0.0965900462055646,-6.0,False
2016,12,2,0.5,-0.2040347723882814,-14.0,False
2016,12,2,0.5,0.0593188984773425,7.0,True
2016,12,2,0.5,0.2979923946991554,28.0,True
2016,12,2,0.5,-0.1718959611919641,9.0,True
2016,12,2,0.5,-0.2665434668843807,-5.0,False
2016,12,2,0.5,-0.0354584143664967,-3.0,False
2016,12,2,0.5,-0.0008476566829549,-14.0,False
2016,12,3,0.5,0.0581088064666375,3.0,True
2016,12,3,0.5,0.08997073403443,5.0,True
2016,12,3,0.5,-0.0296436822702915,-21.0,False
2016,12,3,0.5,0.2983367858142177,19.0,True
2016,12,3,0.5,-0.1471324947974912,5.0,True
2016,12,3,0.5,0.2355233044179125,7.0,True
2016,12,3,0.5,-0.0812025906293895,-6.0,False
2016,12,3,0.5,-0.1622142434680229,-14.0,False
2016,12,3,0.5,0.0433853665209701,7.0,True
2016,12,3,0.5,0.3211285363227806,28.0,True
2016,12,3,0.5,-0.1527839905234384,9.0,True
2016,12,3,0.5,-0.2543927149467691,-5.0,False
2016,12,3,0.5,-0.0433714637281914,-3.0,False
2016,12,3,0.5,-0.0149938008083767,-14.0,False
2016,12,5,0.5,0.0913346500311867,3.0,True
2016,12,5,0.5,0.0846051050852969,5.0,True
2016,12,5,0.5,-0.023402161895912,-21.0,False
2016,12,5,0.5,0.3191152186532697,19.0,True
2016,12,5,0.5,-0.1686044918725548,5.0,True
2016,12,5,0.5,0.2458708170221046,7.0,True
2016,12,5,0.5,-0.0696619989472582,-6.0,False
2016,12,5,0.5,-0.1308488467778291,-14.0,False
2016,12,5,0.5,0.0314352175536909,7.0,True
2016,12,5,0.5,0.3384806425404994,28.0,True
2016,12,5,0.5,-0.138450012522044,9.0,True
2016,12,5,0.5,-0.2452796509935604,-5.0,False
2016,12,5,0.5,-0.0493062507494624,-3.0,False
2016,12,5,0.5,-0.0256034089024429,-14.0,False
2016,13,1,0.5,-0.258521826518068,-2.0,False
2016,13,1,0.5,0.1881618341477011,-1.0,False
2016,13,1,0.5,-0.0210979859589379,32.0,True
2016,13,1,0.5,0.1153115336573705,20.0,True
2016,13,1,0.5,-0.0213179763361292,18.0,True
2016,13,1,0.5,0.1003405284969865,8.0,True
2016,13,1,0.5,-0.1228112548280365,-10.0,False
2016,13,1,0.5,0.3548508743211931,16.0,True
2016,13,1,0.5,0.187763185624337,-15.0,False
2016,13,1,0.5,-0.1617751840105947,8.0,True
2016,13,1,0.5,0.0560604891950843,10.0,True
2016,13,1,0.5,0.1113405535272242,33.0,True
2016,13,1,0.5,0.0807565203289279,-31.0,False
2016,13,2,0.5,-0.3075164180792448,-2.0,False
2016,13,2,0.5,0.214726586868833,-1.0,False
2016,13,2,0.5,-0.0674196405966301,32.0,True
2016,13,2,0.5,0.0897521104720436,20.0,True
2016,13,2,0.5,0.0045876819471841,18.0,True
2016,13,2,0.5,0.0999314975590234,8.0,True
2016,13,2,0.5,-0.1162485379272278,-10.0,False
2016,13,2,0.5,0.3624387152286772,16.0,True
2016,13,2,0.5,0.173373450460312,-15.0,False
2016,13,2,0.5,-0.209729649673575,8.0,True
2016,13,2,0.5,0.0887050005069346,10.0,True
2016,13,2,0.5,0.0981988727777421,33.0,True
2016,13,2,0.5,0.0401098692018436,-31.0,False
2016,13,3,0.5,-0.3320137138598331,-2.0,False
2016,13,3,0.5,0.228008963229399,-1.0,False
2016,13,3,0.5,-0.0905804679154761,32.0,True
2016,13,3,0.5,0.0769723988793801,20.0,True
2016,13,3,0.5,0.0175405110888408,18.0,True
2016,13,3,0.5,0.0997269820900419,8.0,True
2016,13,3,0.5,-0.1129671794768234,-10.0,False
2016,13,3,0.5,0.3662326356824191,16.0,True
2016,13,3,0.5,0.1661785828782995,-15.0,False
2016,13,3,0.5,-0.2337068825050651,8.0,True
2016,13,3,0.5,0.1050272561628597,10.0,True
2016,13,3,0.5,0.091628032403001,33.0,True
2016,13,3,0.5,0.0197865436383014,-31.0,False
2016,13,5,0.5,-0.3503866856952744,-2.0,False
2016,13,5,0.5,0.2379707454998235,-1.0,False
2016,13,5,0.5,-0.1079510884046107,32.0,True
2016,13,5,0.5,0.0673876151848825,20.0,True
2016,13,5,0.5,0.0272551329450834,18.0,True
2016,13,5,0.5,0.0995735954883057,8.0,True
2016,13,5,0.5,-0.1105061606390202,-10.0,False
2016,13,5,0.5,0.3690780760227256,16.0,True
2016,13,5,0.5,0.1607824321917902,-15.0,False
2016,13,5,0.5,-0.2516898071286828,8.0,True
2016,13,5,0.5,0.1172689479048035,10.0,True
2016,13,5,0.5,0.0866999021219452,33.0,True
2016,13,5,0.5,0.0045440494656448,-31.0,False
2016,14,1,0.5,-0.036317239756161,-7.0,False
2016,14,1,0.5,-0.2691119968884932,-13.0,False
2016,14,1,0.5,-0.0009759389425114,3.0,True
2016,14,1,0.5,0.0721063868974441,-5.0,False
2016,14,1,0.5,-0.1428635997777135,-9.0,False
2016,14,1,0.5,-0.0251304089635596,3.0,True
2016,14,1,0.5,-0.1620018111833678,-5.0,False
2016,14,1,0.5,0.177803897362225,3.0,True
2016,14,1,0.5,-0.133555125550543,-6.0,False
2016,14,1,0.5,-0.0502064982772162,28.0,True
2016,14,1,0.5,-0.3142108951692435,-28.0,False
2016,14,1,0.5,-0.1090166670205802,5.0,True
2016,14,1,0.5,-0.283292517207564,3.0,True
2016,14,1,0.5,0.2739619125431676,7.0,True
2016,14,2,0.5,-0.02127887656576,-7.0,False
2016,14,2,0.5,-0.2250998022648976,-13.0,False
2016,14,2,0.5,0.0125033836431585,3.0,True
2016,14,2,0.5,0.1051570924862694,-5.0,False
2016,14,2,0.5,-0.1155357892872791,-9.0,False
2016,14,2,0.5,0.0125479702763299,3.0,True
2016,14,2,0.5,-0.1882007375085907,-5.0,False
2016,14,2,0.5,0.1813172962918448,3.0,True
2016,14,2,0.5,-0.0969207012172645,-6.0,False
2016,14,2,0.5,-0.0326698595433209,28.0,True
2016,14,2,0.5,-0.3661200550162145,-28.0,False
2016,14,2,0.5,-0.1261344515577008,5.0,True
2016,14,2,0.5,-0.3102274686744553,3.0,True
2016,14,2,0.5,0.3031324396773244,7.0,True
2016,14,3,0.5,-0.0137596949705596,-7.0,False
2016,14,3,0.5,-0.2030937049530998,-13.0,False
2016,14,3,0.5,0.0192430449359936,3.0,True
2016,14,3,0.5,0.1216824452806822,-5.0,False
2016,14,3,0.5,-0.1018718840420617,-9.0,False
2016,14,3,0.5,0.0313871598962747,3.0,True
2016,14,3,0.5,-0.2013002006712021,-5.0,False
2016,14,3,0.5,0.1830739957566546,3.0,True
2016,14,3,0.5,-0.0786034890506253,-6.0,False
2016,14,3,0.5,-0.0239015401763732,28.0,True
2016,14,3,0.5,-0.3920746349397001,-28.0,False
2016,14,3,0.5,-0.134693343826261,5.0,True
2016,14,3,0.5,-0.3236949444079008,3.0,True
2016,14,3,0.5,0.3177177032444027,7.0,True
2016,14,5,0.5,-0.0081203087741591,-7.0,False
2016,14,5,0.5,-0.1865891319692516,-13.0,False
2016,14,5,0.5,0.0242977909056198,3.0,True
2016,14,5,0.5,0.1340764598764917,-5.0,False
2016,14,5,0.5,-0.0916239551081488,-9.0,False
2016,14,5,0.5,0.0455165521112333,3.0,True
2016,14,5,0.5,-0.2111247980431607,-5.0,False
2016,14,5,0.5,0.1843915203552621,3.0,True
2016,14,5,0.5,-0.0648655799256458,-6.0,False
2016,14,5,0.5,-0.0173253006511624,28.0,True
2016,14,5,0.5,-0.4115405698823142,-28.0,False
2016,14,5,0.5,-0.1411125130276812,5.0,True
2016,14,5,0.5,-0.333795551207985,3.0,True
2016,14,5,0.5,0.3286566509197116,7.0,True
2016,15,1,0.5,0.2320827757844551,21.0,True
2016,15,1,0.5,-0.0042542013551504,-21.0,False
2016,15,1,0.5,0.0194933169657876,1.0,True
2016,15,1,0.5,0.2756161936691666,20.0,True
2016,15,1,0.5,-0.0726159655175855,-3.0,False
2016,15,1,0.5,-0.089779985482869,-4.0,False
2016,15,1,0.5,0.0135373189683275,1.0,True
2016,15,1,0.5,-0.1509279555961818,-2.0,False
2016,15,1,0.5,0.0599042655244955,-28.0,False
2016,15,1,0.5,-0.0121719618364245,11.0,True
2016,15,1,0.5,-0.1245767644890649,-7.0,False
2016,15,1,0.5,0.3176197263406379,28.0,True
2016,15,1,0.5,-0.2606752904004498,-13.0,False
2016,15,1,0.5,0.2119752328326588,6.0,True
2016,15,1,0.5,0.1615119006562932,-11.0,False
2016,15,2,0.5,0.2358945278239614,21.0,True
2016,15,2,0.5,-0.0024839994518745,-21.0,False
2016,15,2,0.5,-0.0233531794187331,1.0,True
2016,15,2,0.5,0.2347231794259976,20.0,True
2016,15,2,0.5,-0.0548435884491856,-3.0,False
2016,15,2,0.5,-0.0807799006099618,-4.0,False
2016,15,2,0.5,0.0319944688099913,1.0,True
2016,15,2,0.5,-0.1353805299023645,-2.0,False
2016,15,2,0.5,-0.021621003840742,-28.0,False
2016,15,2,0.5,-0.0681905013051865,11.0,True
2016,15,2,0.5,-0.1740324970544361,-7.0,False
2016,15,2,0.5,0.3026164523978454,28.0,True
2016,15,2,0.5,-0.2665309764454227,-13.0,False
2016,15,2,0.5,0.2086360537964953,6.0,True
2016,15,2,0.5,0.1908288408624547,-11.0,False
2016,15,3,0.5,0.2378004038437144,21.0,True
2016,15,3,0.5,-0.0015988985002366,-21.0,False
2016,15,3,0.5,-0.0447764276109935,1.0,True
2016,15,3,0.5,0.2142766723044132,20.0,True
2016,15,3,0.5,-0.0459573999149856,-3.0,False
2016,15,3,0.5,-0.0762798581735082,-4.0,False
2016,15,3,0.5,0.0412230437308233,1.0,True
2016,15,3,0.5,-0.1276068170554559,-2.0,False
2016,15,3,0.5,-0.0623836385233607,-28.0,False
2016,15,3,0.5,-0.0961997710395674,11.0,True
2016,15,3,0.5,-0.1987603633371218,-7.0,False
2016,15,3,0.5,0.2951148154264492,28.0,True
2016,15,3,0.5,-0.2694588194679092,-13.0,False
2016,15,3,0.5,0.2069664642784136,6.0,True
2016,15,3,0.5,0.2054873109655355,-11.0,False
2016,15,5,0.5,0.2392298108585294,21.0,True
2016,15,5,0.5,-0.0009350727865081,-21.0,False
2016,15,5,0.5,-0.0608438637551887,1.0,True
2016,15,5,0.5,0.1989417919632249,20.0,True
2016,15,5,0.5,-0.0392927585143357,-3.0,False
2016,15,5,0.5,-0.0729048263461681,-4.0,False
2016,15,5,0.5,0.0481444749214472,1.0,True
2016,15,5,0.5,-0.1217765324202744,-2.0,False
2016,15,5,0.5,-0.0929556145353248,-28.0,False
2016,15,5,0.5,-0.1172067233403532,11.0,True
2016,15,5,0.5,-0.2173062630491359,-7.0,False
2016,15,5,0.5,0.2894885876979021,28.0,True
2016,15,5,0.5,-0.271654701734774,-13.0,False
2016,15,5,0.5,0.2057142721398522,6.0,True
2016,15,5,0.5,0.216481163542846,-11.0,False
2016,16,1,0.5,-0.0517006109670032,5.0,True
2016,16,1,0.5,0.0451508871613036,-3.0,False
2016,16,1,0.5,-0.1972933075566729,-17.0,False
2016,16,1,0.5,-0.1301044283233801,-20.0,False
2016,16,1,0.5,0.1012130583659673,13.0,True
2016,16,1,0.5,-0.296097328095442,21.0,True
2016,16,1,0.5,0.3124083914682525,38.0,True
2016,16,1,0.5,-0.039776912715091,-1.0,False
2016,16,1,0.5,0.1374556666884502,7.0,True
2016,16,1,0.5,0.1140910276056325,-3.0,False
2016,16,1,0.5,-0.0699670808015482,2.0,True
2016,16,1,0.5,0.1410719560210539,4.0,True
2016,16,1,0.5,0.0526858496772582,23.0,True
2016,16,1,0.5,0.2664374228954244,21.0,True
2016,16,2,0.5,-0.0060746995313546,5.0,True
2016,16,2,0.5,0.0574041641683482,-3.0,False
2016,16,2,0.5,-0.2356875064030769,-17.0,False
2016,16,2,0.5,-0.1361655617180874,-20.0,False
2016,16,2,0.5,0.1278228915537501,13.0,True
2016,16,2,0.5,-0.2893987287883992,21.0,True
2016,16,2,0.5,0.2842364828611869,38.0,True
2016,16,2,0.5,-0.1024933144047703,-1.0,False
2016,16,2,0.5,0.1586531242053299,7.0,True
2016,16,2,0.5,0.1161636485192068,-3.0,False
2016,16,2,0.5,-0.0845777375710081,2.0,True
2016,16,2,0.5,0.1692492687849642,4.0,True
2016,16,2,0.5,0.0701548957192661,23.0,True
2016,16,2,0.5,0.2256876897768686,21.0,True
2016,16,3,0.5,0.0167382561864696,5.0,True
2016,16,3,0.5,0.0635308026718704,-3.0,False
2016,16,3,0.5,-0.254884605826279,-17.0,False
2016,16,3,0.5,-0.1391961284154411,-20.0,False
2016,16,3,0.5,0.1411278081476413,13.0,True
2016,16,3,0.5,-0.2860494291348778,21.0,True
2016,16,3,0.5,0.2701505285576542,38.0,True
2016,16,3,0.5,-0.13385151524961,-1.0,False
2016,16,3,0.5,0.1692518529637697,7.0,True
2016,16,3,0.5,0.1171999589759939,-3.0,False
2016,16,3,0.5,-0.091883065955738,2.0,True
2016,16,3,0.5,0.1833379251669195,4.0,True
2016,16,3,0.5,0.0788894187402701,23.0,True
2016,16,3,0.5,0.2053128232175907,21.0,True
2016,16,5,0.5,0.0338479729748378,5.0,True
2016,16,5,0.5,0.0681257815495121,-3.0,False
2016,16,5,0.5,-0.2692824303936806,-17.0,False
2016,16,5,0.5,-0.1414690534384564,-20.0,False
2016,16,5,0.5,0.1511064955930599,13.0,True
2016,16,5,0.5,-0.2835374543947367,21.0,True
2016,16,5,0.5,0.2595860628300046,38.0,True
2016,16,5,0.5,-0.1573701658832398,-1.0,False
2016,16,5,0.5,0.1772008995325996,7.0,True
2016,16,5,0.5,0.1179771918185843,-3.0,False
2016,16,5,0.5,-0.0973620622442855,2.0,True
2016,16,5,0.5,0.1939044174533858,4.0,True
2016,16,5,0.5,0.0854403110060232,23.0,True
2016,16,5,0.5,0.1900316732981322,21.0,True
2016,17,1,0.5,-0.0027684528264789,17.0,True
2016,17,1,0.5,0.0906702981246757,4.0,True
2016,17,1,0.5,-0.2700308336047269,-21.0,False
2016,17,1,0.5,0.0246233879193508,28.0,True
2016,17,1,0.5,-0.1411376425931053,20.0,True
2016,17,1,0.5,-0.3115147840862454,14.0,True
2016,17,1,0.5,0.4092672651278491,3.0,True
2016,17,1,0.5,-0.0083454339043051,1.0,True
2016,17,1,0.5,0.2229056872940893,7.0,True
2016,17,1,0.5,0.0791487352027123,6.0,True
2016,17,1,0.5,-0.2031746216916409,-38.0,False
2016,17,1,0.5,-0.199474013469121,-2.0,False
2016,17,1,0.5,0.1740772817948501,-9.0,False
2016,17,1,0.5,-0.1437664272067494,-7.0,False
2016,17,2,0.5,0.0369980559620474,17.0,True
2016,17,2,0.5,0.1435970957077983,4.0,True
2016,17,2,0.5,-0.2409827751427639,-21.0,False
2016,17,2,0.5,-0.0195007098534325,28.0,True
2016,17,2,0.5,-0.1419454209215012,20.0,True
2016,17,2,0.5,-0.2898087559153645,14.0,True
2016,17,2,0.5,0.3460477760919256,3.0,True
2016,17,2,0.5,0.0095415070748015,1.0,True
2016,17,2,0.5,0.2167390135415808,7.0,True
2016,17,2,0.5,0.0763548187953951,6.0,True
2016,17,2,0.5,-0.1964443273457592,-38.0,False
2016,17,2,0.5,-0.1521660831123048,-2.0,False
2016,17,2,0.5,0.2216566216477393,-9.0,False
2016,17,2,0.5,-0.1044510489938692,-7.0,False
2016,17,3,0.5,0.0568813103563106,17.0,True
2016,17,3,0.5,0.1700604944993597,4.0,True
2016,17,3,0.5,-0.2264587459117823,-21.0,False
2016,17,3,0.5,-0.0415627587398242,28.0,True
2016,17,3,0.5,-0.1423493100856991,20.0,True
2016,17,3,0.5,-0.278955741829924,14.0,True
2016,17,3,0.5,0.3144380315739639,3.0,True
2016,17,3,0.5,0.0184849775643548,1.0,True
2016,17,3,0.5,0.2136556766653265,7.0,True
2016,17,3,0.5,0.0749578605917362,6.0,True
2016,17,3,0.5,-0.1930791801728185,-38.0,False
2016,17,3,0.5,-0.1285121179338967,-2.0,False
2016,17,3,0.5,0.2454462915741839,-9.0,False
2016,17,3,0.5,-0.0847933598874292,-7.0,False
2016,17,5,0.5,0.071793751152008,17.0,True
2016,17,5,0.5,0.1899080435930307,4.0,True
2016,17,5,0.5,-0.2155657239885462,-21.0,False
2016,17,5,0.5,-0.0581092954046179,28.0,True
2016,17,5,0.5,-0.1426522269588475,20.0,True
2016,17,5,0.5,-0.2708159812658437,14.0,True
2016,17,5,0.5,0.2907307231854926,3.0,True
2016,17,5,0.5,0.0251925804315199,1.0,True
2016,17,5,0.5,0.2113431740081358,7.0,True
2016,17,5,0.5,0.0739101419389923,6.0,True
2016,17,5,0.5,-0.190555319793113,-38.0,False
2016,17,5,0.5,-0.1107716440500906,-2.0,False
2016,17,5,0.5,0.2632885440190173,-9.0,False
2016,17,5,0.5,-0.0700500930575991,-7.0,False
2017,4,1,0.5,-0.0373196952669563,21.0,True
2017,4,1,0.5,0.1459597852095622,-6.0,False
2017,4,1,0.5,-0.1316118662649577,-17.0,False
2017,4,1,0.5,-0.1483049825085285,-24.0,False
2017,4,1,0.5,-0.1689900779868331,-5.0,False
2017,4,1,0.5,-0.2143869778499674,43.0,True
2017,4,1,0.5,0.2093244936777641,-7.0,False
2017,4,1,0.5,0.1708132609209693,-3.0,False
2017,4,1,0.5,-0.2700708808581891,3.0,True
2017,4,1,0.5,-0.0177878407357831,3.0,True
2017,4,1,0.5,-0.1402681900397588,-2.0,False
2017,4,1,0.5,0.0329029336894754,2.0,True
2017,4,1,0.5,0.1129652911778579,28.0,True
2017,4,1,0.5,-0.341381349857403,-20.0,False
2017,4,1,0.5,0.1598399071015954,9.0,True
2017,4,2,0.5,-0.0764724404577239,21.0,True
2017,4,2,0.5,0.1533865003926756,-6.0,False
2017,4,2,0.5,-0.108759133412647,-17.0,False
2017,4,2,0.5,-0.1079382688239256,-24.0,False
2017,4,2,0.5,-0.1094024863911759,-5.0,False
2017,4,2,0.5,-0.1916928207321352,43.0,True
2017,4,2,0.5,0.2225071382333397,-7.0,False
2017,4,2,0.5,0.2030680606538842,-3.0,False
2017,4,2,0.5,-0.1870440479969867,3.0,True
2017,4,2,0.5,-0.0551549461516621,3.0,True
2017,4,2,0.5,-0.1371923782821414,-2.0,False
2017,4,2,0.5,-0.0119388260972888,2.0,True
2017,4,2,0.5,0.1386118437822545,28.0,True
2017,4,2,0.5,-0.3353394556445315,-20.0,False
2017,4,2,0.5,0.1204603232156164,9.0,True
2017,4,3,0.5,-0.0960488130531075,21.0,True
2017,4,3,0.5,0.1570998579842324,-6.0,False
2017,4,3,0.5,-0.0973327669864917,-17.0,False
2017,4,3,0.5,-0.0877549119816242,-24.0,False
2017,4,3,0.5,-0.0796086905933473,-5.0,False
2017,4,3,0.5,-0.1803457421732192,43.0,True
2017,4,3,0.5,0.2290984605111275,-7.0,False
2017,4,3,0.5,0.2191954605203417,-3.0,False
2017,4,3,0.5,-0.1455306315663854,3.0,True
2017,4,3,0.5,-0.0738384988596017,3.0,True
2017,4,3,0.5,-0.1356544724033327,-2.0,False
2017,4,3,0.5,-0.034359705990671,2.0,True
2017,4,3,0.5,0.1514351200844528,28.0,True
2017,4,3,0.5,-0.3323185085380957,-20.0,False
2017,4,3,0.5,0.1007705312726269,9.0,True
2017,4,5,0.5,-0.1107310924996455,21.0,True
2017,4,5,0.5,0.1598848761778999,-6.0,False
2017,4,5,0.5,-0.0887629921668751,-17.0,False
2017,4,5,0.5,-0.072617394349898,-24.0,False
2017,4,5,0.5,-0.0572633437449758,-5.0,False
2017,4,5,0.5,-0.1718354332540322,43.0,True
2017,4,5,0.5,0.2340419522194683,-7.0,False
2017,4,5,0.5,0.2312910104201848,-3.0,False
2017,4,5,0.5,-0.1143955692434346,3.0,True
2017,4,5,0.5,-0.0878511633905563,3.0,True
2017,4,5,0.5,-0.1345010429942261,-2.0,False
2017,4,5,0.5,-0.0511753659107076,2.0,True
2017,4,5,0.5,0.1610525773111014,28.0,True
2017,4,5,0.5,-0.3300527982082689,-20.0,False
2017,4,5,0.5,0.0860031873153848,9.0,True
2017,5,1,0.5,0.0281671769134513,-5.0,False
2017,5,1,0.5,0.0039165318458149,4.0,True
2017,5,1,0.5,-0.2980809914258253,-3.0,False
2017,5,1,0.5,0.0916540048604794,-3.0,False
2017,5,1,0.5,-0.0509373976140361,3.0,True
2017,5,1,0.5,-0.3626298017621633,6.0,True
2017,5,1,0.5,-0.0457306326938508,-5.0,False
2017,5,1,0.5,0.1104534758227881,27.0,True
2017,5,1,0.5,-0.0164577499784866,-21.0,False
2017,5,1,0.5,0.1657250851790807,-6.0,False
2017,5,1,0.5,0.1580793050616555,-4.0,False
2017,5,1,0.5,-0.1929103754571199,-8.0,False
2017,5,1,0.5,-0.4608456213231977,-3.0,False
2017,5,2,0.5,-0.0303036598109983,-5.0,False
2017,5,2,0.5,0.0044605566066687,4.0,True
2017,5,2,0.5,-0.2512415053718639,-3.0,False
2017,5,2,0.5,0.0717717978100649,-3.0,False
2017,5,2,0.5,-0.0670344639564318,3.0,True
2017,5,2,0.5,-0.3763683406065697,6.0,True
2017,5,2,0.5,0.0035681033565432,-5.0,False
2017,5,2,0.5,0.1291402835392415,27.0,True
2017,5,2,0.5,-0.0129010756083387,-21.0,False
2017,5,2,0.5,0.1169364436855374,-6.0,False
2017,5,2,0.5,0.1871361862802858,-4.0,False
2017,5,2,0.5,-0.1282536092940866,-8.0,False
2017,5,2,0.5,-0.3775309930302551,-3.0,False
2017,5,3,0.5,-0.0595390781732231,-5.0,False
2017,5,3,0.5,0.0047325689870956,4.0,True
2017,5,3,0.5,-0.227821762344883,-3.0,False
2017,5,3,0.5,0.0618306942848576,-3.0,False
2017,5,3,0.5,-0.0750829971276297,3.0,True
2017,5,3,0.5,-0.3832376100287731,6.0,True
2017,5,3,0.5,0.0282174713817403,-5.0,False
2017,5,3,0.5,0.1384836873974682,27.0,True
2017,5,3,0.5,-0.0111227384232647,-21.0,False
2017,5,3,0.5,0.0925421229387656,-6.0,False
2017,5,3,0.5,0.2016646268896008,-4.0,False
2017,5,3,0.5,-0.09592522621257,-8.0,False
2017,5,3,0.5,-0.3358736788837839,-3.0,False
2017,5,5,0.5,-0.0814656419448917,-5.0,False
2017,5,5,0.5,0.0049365782724157,4.0,True
2017,5,5,0.5,-0.2102569550746474,-3.0,False
2017,5,5,0.5,0.0543748666409523,-3.0,False
2017,5,5,0.5,-0.0811193970060281,3.0,True
2017,5,5,0.5,-0.3883895620954255,6.0,True
2017,5,5,0.5,0.0467044974006381,-5.0,False
2017,5,5,0.5,0.1454912402911381,27.0,True
2017,5,5,0.5,-0.0097889855344592,-21.0,False
2017,5,5,0.5,0.0742463823786869,-6.0,False
2017,5,5,0.5,0.212560957346587,-4.0,False
2017,5,5,0.5,-0.0716789389014325,-8.0,False
2017,5,5,0.5,-0.3046306932739305,-3.0,False
2017,6,1,0.5,-0.0089923171571762,-5.0,False
2017,6,1,0.5,0.4688579680567777,-3.0,False
2017,6,1,0.5,0.1374129773048502,-3.0,False
2017,6,1,0.5,0.2883731441487526,16.0,True
2017,6,1,0.5,0.1431874578051418,13.0,True
2017,6,1,0.5,-0.0304112371690114,14.0,True
2017,6,1,0.5,0.0083414538505806,-7.0,False
2017,6,1,0.5,0.2889182688932279,2.0,True
2017,6,1,0.5,-0.2108718848631103,5.0,True
2017,6,1,0.5,0.0025842573444027,-10.0,False
2017,6,1,0.5,0.2192113037092518,-6.0,False
2017,6,1,0.5,0.2686223938971999,-13.0,False
2017,6,1,0.5,0.1519007736729251,14.0,True
2017,6,2,0.5,-0.0063107439513681,-5.0,False
2017,6,2,0.5,0.465198293640815,-3.0,False
2017,6,2,0.5,0.0999874310433927,-3.0,False
2017,6,2,0.5,0.313754191289802,16.0,True
2017,6,2,0.5,0.1011833318413582,13.0,True
2017,6,2,0.5,0.0259236586394946,14.0,True
2017,6,2,0.5,-0.0171709151810489,-7.0,False
2017,6,2,0.5,0.2540641234185395,2.0,True
2017,6,2,0.5,-0.1968232121233657,5.0,True
2017,6,2,0.5,-0.025840634615147,-10.0,False
2017,6,2,0.5,0.2123340990438318,-6.0,False
2017,6,2,0.5,0.1692191440965905,-13.0,False
2017,6,2,0.5,0.1580677017402009,14.0,True
2017,6,3,0.5,-0.004969957348464,-5.0,False
2017,6,3,0.5,0.4633684564328335,-3.0,False
2017,6,3,0.5,0.081274657912664,-3.0,False
2017,6,3,0.5,0.3264447148603266,16.0,True
2017,6,3,0.5,0.0801812688594663,13.0,True
2017,6,3,0.5,0.0540911065437476,14.0,True
2017,6,3,0.5,-0.0299270996968636,-7.0,False
2017,6,3,0.5,0.2366370506811952,2.0,True
2017,6,3,0.5,-0.1897988757534933,5.0,True
2017,6,3,0.5,-0.0400530805949218,-10.0,False
2017,6,3,0.5,0.208895496711122,-6.0,False
2017,6,3,0.5,0.1195175191962859,-13.0,False
2017,6,3,0.5,0.1611511657738388,14.0,True
2017,6,5,0.5,-0.003964367396286,-5.0,False
2017,6,5,0.5,0.4619960785268475,-3.0,False
2017,6,5,0.5,0.0672400780646173,-3.0,False
2017,6,5,0.5,0.3359626075382201,16.0,True
2017,6,5,0.5,0.0644297216230474,13.0,True
2017,6,5,0.5,0.0752166924719373,14.0,True
2017,6,5,0.5,-0.0394942380837247,-7.0,False
2017,6,5,0.5,0.223566746128187,2.0,True
2017,6,5,0.5,-0.184530623476089,5.0,True
2017,6,5,0.5,-0.0507124150797529,-10.0,False
2017,6,5,0.5,0.2063165449615894,-6.0,False
2017,6,5,0.5,0.0822413005210573,-13.0,False
2017,6,5,0.5,0.1634637637990672,14.0,True
2017,7,1,0.5,0.0499489228330854,3.0,True
2017,7,1,0.5,-0.0435572526867196,14.0,True
2017,7,1,0.5,-0.320843962696287,-3.0,False
2017,7,1,0.5,-0.0843969842753946,-9.0,False
2017,7,1,0.5,-0.2365830003815825,-27.0,False
2017,7,1,0.5,0.1639361460741794,33.0,True
2017,7,1,0.5,-0.1864962722454893,3.0,True
2017,7,1,0.5,0.2778122606352238,8.0,True
2017,7,1,0.5,-0.2266831532334549,-30.0,False
2017,7,1,0.5,-0.0431138454287602,21.0,True
2017,7,1,0.5,-0.0328328161285732,-17.0,False
2017,7,1,0.5,-0.0226738303246501,15.0,True
2017,7,1,0.5,-0.1546917857696375,16.0,True
2017,7,1,0.5,-0.0381328456872082,10.0,True
2017,7,2,0.5,-0.0014975483605159,3.0,True
2017,7,2,0.5,-0.0593099368895887,14.0,True
2017,7,2,0.5,-0.2985679989156301,-3.0,False
2017,7,2,0.5,-0.0750276775952118,-9.0,False
2017,7,2,0.5,-0.1664878278280538,-27.0,False
2017,7,2,0.5,0.1507680485967329,33.0,True
2017,7,2,0.5,-0.1718496588980805,3.0,True
2017,7,2,0.5,0.2123783169509393,8.0,True
2017,7,2,0.5,-0.2546961084591742,-30.0,False
2017,7,2,0.5,0.0103542421778617,21.0,True
2017,7,2,0.5,0.0085196868738898,-17.0,False
2017,7,2,0.5,-0.0051096918754253,15.0,True
2017,7,2,0.5,-0.1306118675083705,16.0,True
2017,7,2,0.5,-0.0434003619778268,10.0,True
2017,7,3,0.5,-0.0272207839573165,3.0,True
2017,7,3,0.5,-0.0671862789910232,14.0,True
2017,7,3,0.5,-0.2874300170253016,-3.0,False
2017,7,3,0.5,-0.0703430242551203,-9.0,False
2017,7,3,0.5,-0.1314402415512893,-27.0,False
2017,7,3,0.5,0.1441839998580096,33.0,True
2017,7,3,0.5,-0.164526352224376,3.0,True
2017,7,3,0.5,0.179661345108797,8.0,True
2017,7,3,0.5,-0.2687025860720337,-30.0,False
2017,7,3,0.5,0.0370882859811727,21.0,True
2017,7,3,0.5,0.0291959383751214,-17.0,False
2017,7,3,0.5,0.0036723773491869,15.0,True
2017,7,3,0.5,-0.1185719083777369,16.0,True
2017,7,3,0.5,-0.046034120123136,10.0,True
2017,7,5,0.5,-0.046513210654917,3.0,True
2017,7,5,0.5,-0.0730935355670991,14.0,True
2017,7,5,0.5,-0.2790765306075553,-3.0,False
2017,7,5,0.5,-0.0668295342500517,-9.0,False
2017,7,5,0.5,-0.1051545518437159,-27.0,False
2017,7,5,0.5,0.1392459633039673,33.0,True
2017,7,5,0.5,-0.1590338722190978,3.0,True
2017,7,5,0.5,0.1551236162271904,8.0,True
2017,7,5,0.5,-0.2792074442816785,-30.0,False
2017,7,5,0.5,0.0571388188336559,21.0,True
2017,7,5,0.5,0.044703127001045,-17.0,False
2017,7,5,0.5,0.0102589292676463,15.0,True
2017,7,5,0.5,-0.1095419390297618,16.0,True
2017,7,5,0.5,-0.0480094387321179,10.0,True
2017,8,1,0.5,0.0525538401584163,40.0,True
2017,8,1,0.5,0.1680704836718227,1.0,True
2017,8,1,0.5,0.1011811826639202,8.0,True
2017,8,1,0.5,0.1983137161838816,8.0,True
2017,8,1,0.5,-0.1628999071908982,-5.0,False
2017,8,1,0.5,0.2762926504910054,23.0,True
2017,8,1,0.5,0.1153787848286309,-14.0,False
2017,8,1,0.5,-0.0930845123067312,3.0,True
2017,8,1,0.5,-0.0455871425839956,-14.0,False
2017,8,1,0.5,-0.145870574950402,-5.0,False
2017,8,1,0.5,-0.5143538445128883,-17.0,False
2017,8,1,0.5,0.2343400392111496,10.0,True
2017,8,2,0.5,0.0577954448068888,40.0,True
2017,8,2,0.5,0.1069522660559988,1.0,True
2017,8,2,0.5,0.1348631767802846,8.0,True
2017,8,2,0.5,0.2165654647388623,8.0,True
2017,8,2,0.5,-0.1704322016596447,-5.0,False
2017,8,2,0.5,0.2422595029880503,23.0,True
2017,8,2,0.5,0.1549711215675886,-14.0,False
2017,8,2,0.5,-0.1327783618667952,3.0,True
2017,8,2,0.5,-0.0801254605410873,-14.0,False
2017,8,2,0.5,-0.1199746736568405,-5.0,False
2017,8,2,0.5,-0.4508897206811024,-17.0,False
2017,8,2,0.5,0.2850666949085077,10.0,True
2017,8,3,0.5,0.060416247131125,40.0,True
2017,8,3,0.5,0.0763931572480869,1.0,True
2017,8,3,0.5,0.1517041738384668,8.0,True
2017,8,3,0.5,0.2256913390163526,8.0,True
2017,8,3,0.5,-0.1741983488940178,-5.0,False
2017,8,3,0.5,0.2252429292365728,23.0,True
2017,8,3,0.5,0.1747672899370675,-14.0,False
2017,8,3,0.5,-0.1526252866468273,3.0,True
2017,8,3,0.5,-0.0973946195196332,-14.0,False
2017,8,3,0.5,-0.1070267230100597,-5.0,False
2017,8,3,0.5,-0.4191576587652094,-17.0,False
2017,8,3,0.5,0.3104300227571869,10.0,True
2017,8,5,0.5,0.0623818488743022,40.0,True
2017,8,5,0.5,0.053473825642153,1.0,True
2017,8,5,0.5,0.1643349216321035,8.0,True
2017,8,5,0.5,0.2325357447244704,8.0,True
2017,8,5,0.5,-0.1770229593197978,-5.0,False
2017,8,5,0.5,0.2124804989229646,23.0,True
2017,8,5,0.5,0.1896144162141765,-14.0,False
2017,8,5,0.5,-0.1675104802318514,3.0,True
2017,8,5,0.5,-0.1103464887535426,-14.0,False
2017,8,5,0.5,-0.0973157600249742,-5.0,False
2017,8,5,0.5,-0.3953586123282897,-17.0,False
2017,8,5,0.5,0.3294525186436962,10.0,True
2017,9,1,0.5,-0.0355665733994475,13.0,True
2017,9,1,0.5,-0.1767023693182313,3.0,True
2017,9,1,0.5,0.2129021758520111,-6.0,False
2017,9,1,0.5,0.1362118898957857,16.0,True
2017,9,1,0.5,0.2173561386271181,20.0,True
2017,9,1,0.5,-0.2664517166570354,-34.0,False
2017,9,1,0.5,0.1882146773421318,28.0,True
2017,9,1,0.5,0.1088188532195562,3.0,True
2017,9,1,0.5,-0.0111659054331693,-3.0,False
2017,9,1,0.5,-0.1412780096939221,-10.0,False
2017,9,1,0.5,-0.0008900041931522,11.0,True
2017,9,1,0.5,-0.0104801779012196,-13.0,False
2017,9,2,0.5,-0.0017895732717931,13.0,True
2017,9,2,0.5,-0.189753906214321,3.0,True
2017,9,2,0.5,0.1978179773200741,-6.0,False
2017,9,2,0.5,0.095048043470889,16.0,True
2017,9,2,0.5,0.1591696770066237,20.0,True
2017,9,2,0.5,-0.2059330676983211,-34.0,False
2017,9,2,0.5,0.2050420958361435,28.0,True
2017,9,2,0.5,0.1002357389101482,3.0,True
2017,9,2,0.5,-0.0402365752353545,-3.0,False
2017,9,2,0.5,-0.1269647181232933,-10.0,False
2017,9,2,0.5,0.0244288181355416,11.0,True
2017,9,2,0.5,0.0069817548476654,-13.0,False
2017,9,3,0.5,0.0150989267920341,13.0,True
2017,9,3,0.5,-0.196279674662366,3.0,True
2017,9,3,0.5,0.1902758780541055,-6.0,False
2017,9,3,0.5,0.0744661202584407,16.0,True
2017,9,3,0.5,0.1300764461963764,20.0,True
2017,9,3,0.5,-0.1756737432189639,-34.0,False
2017,9,3,0.5,0.2134558050831493,28.0,True
2017,9,3,0.5,0.0959441817554441,3.0,True
2017,9,3,0.5,-0.054771910136447,-3.0,False
2017,9,3,0.5,-0.119808072337979,-10.0,False
2017,9,3,0.5,0.0370882292998886,11.0,True
2017,9,3,0.5,0.015712721222108,-13.0,False
2017,9,5,0.5,0.0277653018399046,13.0,True
2017,9,5,0.5,-0.2011740009983996,3.0,True
2017,9,5,0.5,0.1846193036046293,-6.0,False
2017,9,5,0.5,0.0590296778491043,16.0,True
2017,9,5,0.5,0.108256523088691,20.0,True
2017,9,5,0.5,-0.1529792498594461,-34.0,False
2017,9,5,0.5,0.2197660870184037,28.0,True
2017,9,5,0.5,0.0927255138894161,3.0,True
2017,9,5,0.5,-0.0656734113122664,-3.0,False
2017,9,5,0.5,-0.1144405879989932,-10.0,False
2017,9,5,0.5,0.0465827876731488,11.0,True
2017,9,5,0.5,0.0222609460029398,-13.0,False
2017,10,1,0.5,-0.1154314836886292,-6.0,False
2017,10,1,0.5,-0.2739821819161138,-37.0,False
2017,10,1,0.5,-0.103314424288791,-7.0,False
2017,10,1,0.5,0.3053828594865577,14.0,True
2017,10,1,0.5,-0.2016176643869097,-3.0,False
2017,10,1,0.5,0.1844077126566957,3.0,True
2017,10,1,0.5,-0.1185652228759574,5.0,True
2017,10,1,0.5,0.0317844242171847,4.0,True
2017,10,1,0.5,-0.1660604143066792,-8.0,False
2017,10,1,0.5,0.2036403882226034,26.0,True
2017,10,1,0.5,-0.0732872553713219,20.0,True
2017,10,1,0.5,-0.0555508944626182,10.0,True
2017,10,1,0.5,-0.1669282597283725,-25.0,False
2017,10,1,0.5,0.1491147038161626,24.0,True
2017,10,2,0.5,-0.0841532208796262,-6.0,False
2017,10,2,0.5,-0.2806237271424184,-37.0,False
2017,10,2,0.5,-0.1409072548196784,-7.0,False
2017,10,2,0.5,0.2961470796371438,14.0,True
2017,10,2,0.5,-0.1429332326125238,-3.0,False
2017,10,2,0.5,0.1532444412953449,3.0,True
2017,10,2,0.5,-0.0558394839409217,5.0,True
2017,10,2,0.5,0.0325165171884301,4.0,True
2017,10,2,0.5,-0.1136043186684755,-8.0,False
2017,10,2,0.5,0.1521383844084486,26.0,True
2017,10,2,0.5,-0.0888019713752993,20.0,True
2017,10,2,0.5,-0.0789530488642119,10.0,True
2017,10,2,0.5,-0.20910546382244,-25.0,False
2017,10,2,0.5,0.1064755615850035,24.0,True
2017,10,3,0.5,-0.0685140894751247,-6.0,False
2017,10,3,0.5,-0.2839444997555708,-37.0,False
2017,10,3,0.5,-0.1597036700851222,-7.0,False
2017,10,3,0.5,0.2915291897124368,14.0,True
2017,10,3,0.5,-0.1135910167253309,-3.0,False
2017,10,3,0.5,0.1376628056146696,3.0,True
2017,10,3,0.5,-0.0244766144734038,5.0,True
2017,10,3,0.5,0.0328825636740528,4.0,True
2017,10,3,0.5,-0.0873762708493738,-8.0,False
2017,10,3,0.5,0.1263873825013713,26.0,True
2017,10,3,0.5,-0.096559329377288,20.0,True
2017,10,3,0.5,-0.0906541260650088,10.0,True
2017,10,3,0.5,-0.2301940658694739,-25.0,False
2017,10,3,0.5,0.085155990469424,24.0,True
2017,10,5,0.5,-0.0567847409217486,-6.0,False
2017,10,5,0.5,-0.286435079215435,-37.0,False
2017,10,5,0.5,-0.1738009815342049,-7.0,False
2017,10,5,0.5,0.2880657722689066,14.0,True
2017,10,5,0.5,-0.0915843548099362,-3.0,False
2017,10,5,0.5,0.125976578854163,3.0,True
2017,10,5,0.5,-0.0009544623727654,5.0,True
2017,10,5,0.5,0.0331570985382698,4.0,True
2017,10,5,0.5,-0.0677052349850474,-8.0,False
2017,10,5,0.5,0.1070741310710634,26.0,True
2017,10,5,0.5,-0.1023773478787795,20.0,True
2017,10,5,0.5,-0.0994299339656064,10.0,True
2017,10,5,0.5,-0.2460105174047493,-25.0,False
2017,10,5,0.5,0.0691663121327393,24.0,True
2017,11,1,0.5,0.124680336970823,23.0,True
2017,11,1,0.5,-0.1983425308568857,-3.0,False
2017,11,1,0.5,-0.3323830528452958,-12.0,False
2017,11,1,0.5,0.1281454299121964,-23.0,False
2017,11,1,0.5,0.0592116223167759,10.0,True
2017,11,1,0.5,-0.1378330733909825,-10.0,False
2017,11,1,0.5,0.0034913650171593,17.0,True
2017,11,1,0.5,0.2475588929003221,3.0,True
2017,11,1,0.5,-0.2289979081982853,3.0,True
2017,11,1,0.5,0.0759715964163689,30.0,True
2017,11,1,0.5,-0.1238921907971846,-3.0,False
2017,11,1,0.5,-0.0351119635655737,-28.0,False
2017,11,1,0.5,-0.0032894214078571,-3.0,False
2017,11,2,0.5,0.1014733355797716,23.0,True
2017,11,2,0.5,-0.1978100056385519,-3.0,False
2017,11,2,0.5,-0.2673905024517081,-12.0,False
2017,11,2,0.5,0.1566496816994795,-23.0,False
2017,11,2,0.5,0.0829582045765375,10.0,True
2017,11,2,0.5,-0.1158998515458352,-10.0,False
2017,11,2,0.5,0.0077070646402718,17.0,True
2017,11,2,0.5,0.1995000626095519,3.0,True
2017,11,2,0.5,-0.1801693483818458,3.0,True
2017,11,2,0.5,0.0670681253151562,30.0,True
2017,11,2,0.5,-0.1251069422199749,-3.0,False
2017,11,2,0.5,0.018117920297395,-28.0,False
2017,11,2,0.5,-0.0355726240042617,-3.0,False
2017,11,3,0.5,0.0898698348842459,23.0,True
2017,11,3,0.5,-0.1975437430293849,-3.0,False
2017,11,3,0.5,-0.2348942272549142,-12.0,False
2017,11,3,0.5,0.170901807593121,-23.0,False
2017,11,3,0.5,0.0948314957064183,10.0,True
2017,11,3,0.5,-0.1049332406232617,-10.0,False
2017,11,3,0.5,0.0098149144518282,17.0,True
2017,11,3,0.5,0.1754706474641668,3.0,True
2017,11,3,0.5,-0.155755068473626,3.0,True
2017,11,3,0.5,0.0626163897645497,30.0,True
2017,11,3,0.5,-0.12571431793137,-3.0,False
2017,11,3,0.5,0.0447328622288795,-28.0,False
2017,11,3,0.5,-0.0517142253024641,-3.0,False
2017,11,5,0.5,0.0811672093626017,23.0,True
2017,11,5,0.5,-0.1973440460725097,-3.0,False
2017,11,5,0.5,-0.2105220208573187,-12.0,False
2017,11,5,0.5,0.1815909020133523,-23.0,False
2017,11,5,0.5,0.103736464053829,10.0,True
2017,11,5,0.5,-0.0967082824313315,-10.0,False
2017,11,5,0.5,0.0113958018104953,17.0,True
2017,11,5,0.5,0.157448586105128,3.0,True
2017,11,5,0.5,-0.1374443585424612,3.0,True
2017,11,5,0.5,0.059277588101595,30.0,True
2017,11,5,0.5,-0.1261698497149163,-3.0,False
2017,11,5,0.5,0.0646940686774928,-28.0,False
2017,11,5,0.5,-0.0638204262761158,-3.0,False
2017,12,1,0.5,-0.1980758889681725,-7.0,False
2017,12,1,0.5,0.0305515533621074,-22.0,False
2017,12,1,0.5,0.0989580504375213,10.0,True
2017,12,1,0.5,0.1956158290747113,14.0,True
2017,12,1,0.5,0.2286833744209385,14.0,True
2017,12,1,0.5,-0.083409185871308,-4.0,False
2017,12,1,0.5,0.2249842759116459,-6.0,False
2017,12,1,0.5,0.3342188464890966,18.0,True
2017,12,1,0.5,-0.0418721919871076,-8.0,False
2017,12,1,0.5,0.3204138312161386,28.0,True
2017,12,1,0.5,-0.2317941271811937,-11.0,False
2017,12,1,0.5,-0.198715958977188,3.0,True
2017,12,1,0.5,-0.0634435134134142,6.0,True
2017,12,1,0.5,0.1751209086883475,3.0,True
2017,12,1,0.5,-0.1722422571166419,7.0,True
2017,12,2,0.5,-0.144111679171807,-7.0,False
2017,12,2,0.5,0.0901544187012341,-22.0,False
2017,12,2,0.5,0.0843592542456073,10.0,True
2017,12,2,0.5,0.1743750009261073,14.0,True
2017,12,2,0.5,0.2058260794666797,14.0,True
2017,12,2,0.5,-0.0554113842837038,-4.0,False
2017,12,2,0.5,0.2422738210291816,-6.0,False
2017,12,2,0.5,0.33319610055293,18.0,True
2017,12,2,0.5,-0.045689134569652,-8.0,False
2017,12,2,0.5,0.2653652129844008,28.0,True
2017,12,2,0.5,-0.1929443239509578,-11.0,False
2017,12,2,0.5,-0.1376201581492674,3.0,True
2017,12,2,0.5,-0.0751800725571881,6.0,True
2017,12,2,0.5,0.1252572714806024,3.0,True
2017,12,2,0.5,-0.2104969645372029,7.0,True
2017,12,3,0.5,-0.1171295742736243,-7.0,False
2017,12,3,0.5,0.1199558513707975,-22.0,False
2017,12,3,0.5,0.0770598561496502,10.0,True
2017,12,3,0.5,0.1637545868518053,14.0,True
2017,12,3,0.5,0.1943974319895502,14.0,True
2017,12,3,0.5,-0.0414124834899018,-4.0,False
2017,12,3,0.5,0.2509185935879494,-6.0,False
2017,12,3,0.5,0.3326847275848467,18.0,True
2017,12,3,0.5,-0.0475976058609241,-8.0,False
2017,12,3,0.5,0.237840903868532,28.0,True
2017,12,3,0.5,-0.1735194223358398,-11.0,False
2017,12,3,0.5,-0.1070722577353071,3.0,True
2017,12,3,0.5,-0.0810483521290752,6.0,True
2017,12,3,0.5,0.1003254528767298,3.0,True
2017,12,3,0.5,-0.2296243182474835,7.0,True
2017,12,5,0.5,-0.0968929955999874,-7.0,False
2017,12,5,0.5,0.1423069258729701,-22.0,False
2017,12,5,0.5,0.0715853075776825,10.0,True
2017,12,5,0.5,0.1557892762960788,14.0,True
2017,12,5,0.5,0.1858259463817032,14.0,True
2017,12,5,0.5,-0.0309133078945502,-4.0,False
2017,12,5,0.5,0.2574021730070251,-6.0,False
2017,12,5,0.5,0.3323011978587842,18.0,True
2017,12,5,0.5,-0.0490289593293782,-8.0,False
2017,12,5,0.5,0.2171976720316303,28.0,True
2017,12,5,0.5,-0.1589507461245013,-11.0,False
2017,12,5,0.5,-0.0841613324248369,3.0,True
2017,12,5,0.5,-0.0854495618079904,6.0,True
2017,12,5,0.5,0.0816265889238256,3.0,True
2017,12,5,0.5,-0.2439698335301939,7.0,True
2017,13,1,0.5,0.021682858126429,24.0,True
2017,13,1,0.5,-0.0970513283086395,-5.0,False
2017,13,1,0.5,-0.1453133506451145,24.0,True
2017,13,1,0.5,-0.266601171948128,-20.0,False
2017,13,1,0.5,0.0046598031047007,-1.0,False
2017,13,1,0.5,0.0895626969471397,6.0,True
2017,13,1,0.5,0.1773030661748616,20.0,True
2017,13,1,0.5,-0.0949766885172122,26.0,True
2017,13,1,0.5,-0.0938192240355379,7.0,True
2017,13,1,0.5,-0.0584199967438022,11.0,True
2017,13,1,0.5,0.3398857108416947,9.0,True
2017,13,1,0.5,-0.1962171474943156,-16.0,False
2017,13,1,0.5,0.2175024381123717,10.0,True
2017,13,1,0.5,-0.1497280375002687,14.0,True
2017,13,1,0.5,-0.0997606667175614,-3.0,False
2017,13,2,0.5,0.0580497921468502,24.0,True
2017,13,2,0.5,-0.0676449134036292,-5.0,False
2017,13,2,0.5,-0.1956265292718517,24.0,True
2017,13,2,0.5,-0.308414796767346,-20.0,False
2017,13,2,0.5,0.0018578433361243,-1.0,False
2017,13,2,0.5,0.0762375405471864,6.0,True
2017,13,2,0.5,0.1020289940344729,20.0,True
2017,13,2,0.5,-0.0635086461279364,26.0,True
2017,13,2,0.5,-0.1161844071245488,7.0,True
2017,13,2,0.5,-0.0916220500614399,11.0,True
2017,13,2,0.5,0.2819111593049802,9.0,True
2017,13,2,0.5,-0.1693135643833979,-16.0,False
2017,13,2,0.5,0.2196623335659329,10.0,True
2017,13,2,0.5,-0.1378162082408843,14.0,True
2017,13,2,0.5,-0.0774973853225818,-3.0,False
2017,13,3,0.5,0.0762332591570608,24.0,True
2017,13,3,0.5,-0.0529417059511242,-5.0,False
2017,13,3,0.5,-0.2207831185852203,24.0,True
2017,13,3,0.5,-0.3293216091769551,-20.0,False
2017,13,3,0.5,0.0004568634518362,-1.0,False
2017,13,3,0.5,0.0695749623472098,6.0,True
2017,13,3,0.5,0.0643919579642785,20.0,True
2017,13,3,0.5,-0.0477746249332985,26.0,True
2017,13,3,0.5,-0.1273669986690542,7.0,True
2017,13,3,0.5,-0.1082230767202588,11.0,True
2017,13,3,0.5,0.2529238835366229,9.0,True
2017,13,3,0.5,-0.1558617728279391,-16.0,False
2017,13,3,0.5,0.2207422812927135,10.0,True
2017,13,3,0.5,-0.1318602936111921,14.0,True
2017,13,3,0.5,-0.0663657446250921,-3.0,False
2017,13,5,0.5,0.0898708594147187,24.0,True
2017,13,5,0.5,-0.0419143003617453,-5.0,False
2017,13,5,0.5,-0.2396505605702467,24.0,True
2017,13,5,0.5,-0.3450017184841618,-20.0,False
2017,13,5,0.5,-0.0005938714613798,-1.0,False
2017,13,5,0.5,0.0645780286972273,6.0,True
2017,13,5,0.5,0.0361641809116328,20.0,True
2017,13,5,0.5,-0.03597410903732,26.0,True
2017,13,5,0.5,-0.1357539423274333,7.0,True
2017,13,5,0.5,-0.1206738467143729,11.0,True
2017,13,5,0.5,0.2311834267103549,9.0,True
2017,13,5,0.5,-0.145772929161345,-16.0,False
2017,13,5,0.5,0.221552242087799,10.0,True
2017,13,5,0.5,-0.1273933576389229,14.0,True
2017,13,5,0.5,-0.0580170141019747,-3.0,False
2017,14,1,0.5,-0.1149318784538116,3.0,True
2017,14,1,0.5,-0.023950109634532,6.0,True
2017,14,1,0.5,-0.2369113946660047,7.0,True
2017,14,1,0.5,0.1873599564114304,-26.0,False
2017,14,1,0.5,-0.2438833063477864,-6.0,False
2017,14,1,0.5,0.1539720905435862,-10.0,False
2017,14,1,0.5,-0.1890885384597766,-20.0,False
2017,14,1,0.5,-0.0894204644175668,-3.0,False
2017,14,1,0.5,-0.0581709674998828,5.0,True
2017,14,1,0.5,-0.1613447050166007,23.0,True
2017,14,1,0.5,0.1212161707150456,17.0,True
2017,14,1,0.5,-0.0067788323710116,6.0,True
2017,14,1,0.5,-0.0790760066199539,-8.0,False
2017,14,1,0.5,0.203507241104822,1.0,True
2017,14,1,0.5,-0.348664627400158,7.0,True
2017,14,2,0.5,-0.1060532769500132,3.0,True
2017,14,2,0.5,-0.0725686647231191,6.0,True
2017,14,2,0.5,-0.2111058603953089,7.0,True
2017,14,2,0.5,0.1723050574368635,-26.0,False
2017,14,2,0.5,-0.2306766839608667,-6.0,False
2017,14,2,0.5,0.1680081368189605,-10.0,False
2017,14,2,0.5,-0.1922599422025535,-20.0,False
2017,14,2,0.5,-0.0869155712531545,-3.0,False
2017,14,2,0.5,-0.0420062402546593,5.0,True
2017,14,2,0.5,-0.1458973118792312,23.0,True
2017,14,2,0.5,0.0790054125418101,17.0,True
2017,14,2,0.5,-0.0363027620269725,6.0,True
2017,14,2,0.5,-0.0738384613827432,-8.0,False
2017,14,2,0.5,0.2112433428206354,1.0,True
2017,14,2,0.5,-0.3493930114273512,7.0,True
2017,14,3,0.5,-0.1016139761981141,3.0,True
2017,14,3,0.5,-0.0968779422674127,6.0,True
2017,14,3,0.5,-0.198203093259961,7.0,True
2017,14,3,0.5,0.1647776079495801,-26.0,False
2017,14,3,0.5,-0.2240733727674068,-6.0,False
2017,14,3,0.5,0.1750261599566477,-10.0,False
2017,14,3,0.5,-0.1938456440739419,-20.0,False
2017,14,3,0.5,-0.0856631246709484,-3.0,False
2017,14,3,0.5,-0.0339238766320475,5.0,True
2017,14,3,0.5,-0.1381736153105465,23.0,True
2017,14,3,0.5,0.0579000334551923,17.0,True
2017,14,3,0.5,-0.051064726854953,6.0,True
2017,14,3,0.5,-0.0712196887641379,-8.0,False
2017,14,3,0.5,0.2151113936785421,1.0,True
2017,14,3,0.5,-0.3497572034409479,7.0,True
2017,14,5,0.5,-0.0982845006341896,3.0,True
2017,14,5,0.5,-0.115109900425633,6.0,True
2017,14,5,0.5,-0.1885260179084502,7.0,True
2017,14,5,0.5,0.1591320208341174,-26.0,False
2017,14,5,0.5,-0.2191208893723118,-6.0,False
2017,14,5,0.5,0.1802896773099131,-10.0,False
2017,14,5,0.5,-0.1950349204774833,-20.0,False
2017,14,5,0.5,-0.0847237897342938,-3.0,False
2017,14,5,0.5,-0.0278621039150886,5.0,True
2017,14,5,0.5,-0.1323808428840329,23.0,True
2017,14,5,0.5,0.042070999140229,17.0,True
2017,14,5,0.5,-0.0621362004759383,6.0,True
2017,14,5,0.5,-0.0692556093001838,-8.0,False
2017,14,5,0.5,0.2180124318219722,1.0,True
2017,14,5,0.5,-0.3500303474511453,7.0,True
2017,15,1,0.5,0.0171934560133702,-12.0,False
2017,15,1,0.5,0.102474859372733,10.0,True
2017,15,1,0.5,-0.0180280154461168,17.0,True
2017,15,1,0.5,-0.0052986131470658,8.0,True
2017,15,1,0.5,-0.0156047168030121,7.0,True
2017,15,1,0.5,-0.1869388851231789,-17.0,False
2017,15,1,0.5,0.1126165843496898,38.0,True
2017,15,1,0.5,0.1583628215491165,27.0,True
2017,15,1,0.5,0.2554203112542671,12.0,True
2017,15,1,0.5,-0.3157529566882239,-5.0,False
2017,15,1,0.5,0.0202246835988415,5.0,True
2017,15,1,0.5,-0.0742708536109232,-35.0,False
2017,15,1,0.5,-0.0036102224387039,-3.0,False
2017,15,1,0.5,-0.1005476650785559,2.0,True
2017,15,1,0.5,-0.1674565482944262,-3.0,False
2017,15,2,0.5,0.0442879384652831,-12.0,False
2017,15,2,0.5,0.1128803788327941,10.0,True
2017,15,2,0.5,0.0116342899380115,17.0,True
2017,15,2,0.5,-0.028513194196032,8.0,True
2017,15,2,0.5,-0.0309677590700168,7.0,True
2017,15,2,0.5,-0.1479745527873126,-17.0,False
2017,15,2,0.5,0.0281680500808138,38.0,True
2017,15,2,0.5,0.123214142765745,27.0,True
2017,15,2,0.5,0.2465951273794775,12.0,True
2017,15,2,0.5,-0.2689211299009424,-5.0,False
2017,15,2,0.5,0.0380672303273184,5.0,True
2017,15,2,0.5,-0.0680613812104482,-35.0,False
2017,15,2,0.5,-0.0421838514022793,-3.0,False
2017,15,2,0.5,-0.081697937675459,2.0,True
2017,15,2,0.5,-0.1452400804692117,-3.0,False
2017,15,3,0.5,0.0578351796912395,-12.0,False
2017,15,3,0.5,0.1180831385628246,10.0,True
2017,15,3,0.5,0.0264654426300758,17.0,True
2017,15,3,0.5,-0.0401204847205151,8.0,True
2017,15,3,0.5,-0.0386492802035191,7.0,True
2017,15,3,0.5,-0.1284923866193794,-17.0,False
2017,15,3,0.5,-0.0140562170536241,38.0,True
2017,15,3,0.5,0.1056398033740593,27.0,True
2017,15,3,0.5,0.2421825354420827,12.0,True
2017,15,3,0.5,-0.2455052165073018,-5.0,False
2017,15,3,0.5,0.0469885036915569,5.0,True
2017,15,3,0.5,-0.0649566450102107,-35.0,False
2017,15,3,0.5,-0.061470665884067,-3.0,False
2017,15,3,0.5,-0.0722730739739106,2.0,True
2017,15,3,0.5,-0.1341318465566044,-3.0,False
2017,15,5,0.5,0.0679956106107068,-12.0,False
2017,15,5,0.5,0.1219852083603476,10.0,True
2017,15,5,0.5,0.037588807149124,17.0,True
2017,15,5,0.5,-0.0488259526138774,8.0,True
2017,15,5,0.5,-0.0444104210536458,7.0,True
2017,15,5,0.5,-0.1138807619934296,-17.0,False
2017,15,5,0.5,-0.0457244174044527,38.0,True
2017,15,5,0.5,0.092459048830295,27.0,True
2017,15,5,0.5,0.2388730914890365,12.0,True
2017,15,5,0.5,-0.2279432814620712,-5.0,False
2017,15,5,0.5,0.0536794587147357,5.0,True
2017,15,5,0.5,-0.0626280928600325,-35.0,False
2017,15,5,0.5,-0.0759357767454078,-3.0,False
2017,15,5,0.5,-0.0652044261977493,2.0,True
2017,15,5,0.5,-0.125800671122149,-3.0,False
2017,16,1,0.5,0.1108686506555242,7.0,True
2017,16,1,0.5,-0.2288786011887863,-16.0,False
2017,16,1,0.5,0.0788793855233091,3.0,True
2017,16,1,0.5,0.1486608357335163,17.0,True
2017,16,1,0.5,-0.0334864290980279,9.0,True
2017,16,1,0.5,0.2690769569435455,16.0,True
2017,16,1,0.5,0.20796595663713,21.0,True
2017,16,1,0.5,0.1157581772358964,10.0,True
2017,16,1,0.5,-0.1654937881920129,-7.0,False
2017,16,1,0.5,-0.1785227123828831,-4.0,False
2017,16,1,0.5,0.0959208588137411,16.0,True
2017,16,1,0.5,-0.2742897494509891,11.0,True
2017,16,1,0.5,0.058393615108046,23.0,True
2017,16,1,0.5,0.0164910250875384,-9.0,False
2017,16,1,0.5,-0.1075167403759776,-28.0,False
2017,16,2,0.5,0.0590479598356238,7.0,True
2017,16,2,0.5,-0.1811365549831889,-16.0,False
2017,16,2,0.5,0.0346006823177564,3.0,True
2017,16,2,0.5,0.1311993768540326,17.0,True
2017,16,2,0.5,-0.0402288087972288,9.0,True
2017,16,2,0.5,0.2526366747870717,16.0,True
2017,16,2,0.5,0.2596127570058713,21.0,True
2017,16,2,0.5,0.093915395425766,10.0,True
2017,16,2,0.5,-0.1467183417437639,-7.0,False
2017,16,2,0.5,-0.1662955126091676,-4.0,False
2017,16,2,0.5,0.1063452432030294,16.0,True
2017,16,2,0.5,-0.1974072137732495,11.0,True
2017,16,2,0.5,0.0243704161034886,23.0,True
2017,16,2,0.5,0.0460752522831208,-9.0,False
2017,16,2,0.5,-0.0708641191371447,-28.0,False
2017,16,3,0.5,0.0331376144256736,7.0,True
2017,16,3,0.5,-0.1572655318803901,-16.0,False
2017,16,3,0.5,0.0124613307149802,3.0,True
2017,16,3,0.5,0.1224686474142908,17.0,True
2017,16,3,0.5,-0.0435999986468292,9.0,True
2017,16,3,0.5,0.2444165337088349,16.0,True
2017,16,3,0.5,0.2854361571902419,21.0,True
2017,16,3,0.5,0.0829940045207007,10.0,True
2017,16,3,0.5,-0.1373306185196394,-7.0,False
2017,16,3,0.5,-0.1601819127223099,-4.0,False
2017,16,3,0.5,0.1115574353976735,16.0,True
2017,16,3,0.5,-0.1589659459343797,11.0,True
2017,16,3,0.5,0.0073588166012098,23.0,True
2017,16,3,0.5,0.0608673658809121,-9.0,False
2017,16,3,0.5,-0.0525378085177282,-28.0,False
2017,16,5,0.5,0.013704855368211,7.0,True
2017,16,5,0.5,-0.139362264553291,-16.0,False
2017,16,5,0.5,-0.0041431829871019,3.0,True
2017,16,5,0.5,0.1159206003344844,17.0,True
2017,16,5,0.5,-0.0461283910340297,9.0,True
2017,16,5,0.5,0.2382514279001573,16.0,True
2017,16,5,0.5,0.3048037073285199,21.0,True
2017,16,5,0.5,0.0748029613419019,10.0,True
2017,16,5,0.5,-0.130289826101546,-7.0,False
2017,16,5,0.5,-0.1555967128071667,-4.0,False
2017,16,5,0.5,0.1154665795436567,16.0,True
2017,16,5,0.5,-0.1301349950552273,11.0,True
2017,16,5,0.5,-0.0053998830254991,23.0,True
2017,16,5,0.5,0.0719614510792554,-9.0,False
2017,16,5,0.5,-0.0387930755531658,-28.0,False
2017,17,1,0.5,0.0637605974555828,24.0,True
2017,17,1,0.5,-0.0845030659703237,9.0,True
2017,17,1,0.5,0.2795027090557465,13.0,True
2017,17,1,0.5,0.2175603374203168,20.0,True
2017,17,1,0.5,-0.1439831481539941,8.0,True
2017,17,1,0.5,0.139074642305373,-6.0,False
2017,17,1,0.5,0.3846113165495042,4.0,True
2017,17,1,0.5,0.0444196345592753,12.0,True
2017,17,1,0.5,0.0055176639659965,-4.0,False
2017,17,1,0.5,-0.2539986756861655,-3.0,False
2017,17,1,0.5,0.2747459669394478,-21.0,False
2017,17,1,0.5,-0.0338063176040194,-6.0,False
2017,17,1,0.5,0.0843223997357697,-2.0,False
2017,17,1,0.5,-0.2488713572086904,7.0,True
2017,17,1,0.5,-0.1588534011793067,5.0,True
2017,17,2,0.5,0.0572764377713344,24.0,True
2017,17,2,0.5,-0.0833738616231745,9.0,True
2017,17,2,0.5,0.2378324180580447,13.0,True
2017,17,2,0.5,0.2478525822703073,20.0,True
2017,17,2,0.5,-0.118236273779614,8.0,True
2017,17,2,0.5,0.0915930482264304,-6.0,False
2017,17,2,0.5,0.3453356319718102,4.0,True
2017,17,2,0.5,0.0703617273972106,12.0,True
2017,17,2,0.5,-0.0161578878552512,-4.0,False
2017,17,2,0.5,-0.2530982889931956,-3.0,False
2017,17,2,0.5,0.240580173560599,-21.0,False
2017,17,2,0.5,0.0035573307834519,-6.0,False
2017,17,2,0.5,0.0770271573878386,-2.0,False
2017,17,2,0.5,-0.2106880966807245,7.0,True
2017,17,2,0.5,-0.1021331167244797,5.0,True
2017,17,3,0.5,0.0540343579292102,24.0,True
2017,17,3,0.5,-0.0828092594495999,9.0,True
2017,17,3,0.5,0.2169972725591938,13.0,True
2017,17,3,0.5,0.2629987046953025,20.0,True
2017,17,3,0.5,-0.105362836592424,8.0,True
2017,17,3,0.5,0.0678522511869589,-6.0,False
2017,17,3,0.5,0.3256977896829631,4.0,True
2017,17,3,0.5,0.0833327738161782,12.0,True
2017,17,3,0.5,-0.026995663765875,-4.0,False
2017,17,3,0.5,-0.2526480956467108,-3.0,False
2017,17,3,0.5,0.2234972768711745,-21.0,False
2017,17,3,0.5,0.0222391549771876,-6.0,False
2017,17,3,0.5,0.073379536213873,-2.0,False
2017,17,3,0.5,-0.1915964664167417,7.0,True
2017,17,3,0.5,-0.0737729744970663,5.0,True
2017,17,5,0.5,0.0516027980476171,24.0,True
2017,17,5,0.5,-0.082385807819419,9.0,True
2017,17,5,0.5,0.2013709134350557,13.0,True
2017,17,5,0.5,0.2743582965140489,20.0,True
2017,17,5,0.5,-0.0957077587020314,8.0,True
2017,17,5,0.5,0.0500466534073555,-6.0,False
2017,17,5,0.5,0.3109694079663278,4.0,True
2017,17,5,0.5,0.0930610586304039,12.0,True
2017,17,5,0.5,-0.035123995698843,-4.0,False
2017,17,5,0.5,-0.2523104506368471,-3.0,False
2017,17,5,0.5,0.2106851043541062,-21.0,False
2017,17,5,0.5,0.0362505231224894,-6.0,False
2017,17,5,0.5,0.0706438203333989,-2.0,False
2017,17,5,0.5,-0.1772777437187545,7.0,True
2017,17,5,0.5,-0.0525028678265062,5.0,True
2018,4,1,0.5,0.1950198593662132,7.0,True
2018,4,1,0.5,-0.0465264317531572,-1.0,False
2018,4,1,0.5,0.0741951499179016,38.0,True
2018,4,1,0.5,-0.0545693498623545,2.0,True
2018,4,1,0.5,0.4289228206987022,22.0,True
2018,4,1,0.5,0.0282200204319147,-3.0,False
2018,4,1,0.5,0.1939683044993898,19.0,True
2018,4,1,0.5,-0.250811658486329,31.0,True
2018,4,1,0.5,-0.0236885543393887,3.0,True
2018,4,1,0.5,-0.3467248280613655,-3.0,False
2018,4,1,0.5,0.4021525380707726,2.0,True
2018,4,1,0.5,-0.1548001181267811,-15.0,False
2018,4,1,0.5,0.0438811962307239,-12.0,False
2018,4,1,0.5,-0.4984367039313208,-4.0,False
2018,4,2,0.5,0.2177224490035431,7.0,True
2018,4,2,0.5,-0.0563289021795684,-1.0,False
2018,4,2,0.5,-0.0533355660015469,38.0,True
2018,4,2,0.5,0.0054279368471582,2.0,True
2018,4,2,0.5,0.4819906738197553,22.0,True
2018,4,2,0.5,-0.0072926277253306,-3.0,False
2018,4,2,0.5,0.1537663157542461,19.0,True
2018,4,2,0.5,-0.1344735855721076,31.0,True
2018,4,2,0.5,0.0599614530490907,3.0,True
2018,4,2,0.5,-0.2727510204384681,-3.0,False
2018,4,2,0.5,0.3695841449015592,2.0,True
2018,4,2,0.5,-0.2337078872830477,-15.0,False
2018,4,2,0.5,0.1104560785093419,-12.0,False
2018,4,2,0.5,-0.4842514053714287,-4.0,False
2018,4,3,0.5,0.2290737438222081,7.0,True
2018,4,3,0.5,-0.061230137392774,-1.0,False
2018,4,3,0.5,-0.1171009239612712,38.0,True
2018,4,3,0.5,0.0354265802019146,2.0,True
2018,4,3,0.5,0.5085246003802816,22.0,True
2018,4,3,0.5,-0.0250489518039532,-3.0,False
2018,4,3,0.5,0.1336653213816743,19.0,True
2018,4,3,0.5,-0.0763045491149969,31.0,True
2018,4,3,0.5,0.1017864567433305,3.0,True
2018,4,3,0.5,-0.2357641166270192,-3.0,False
2018,4,3,0.5,0.3532999483169525,2.0,True
2018,4,3,0.5,-0.2731617718611812,-15.0,False
2018,4,3,0.5,0.143743519648651,-12.0,False
2018,4,3,0.5,-0.4771587560914825,-4.0,False
2018,4,5,0.5,0.2375872149362068,7.0,True
2018,4,5,0.5,-0.0649060638026781,-1.0,False
2018,4,5,0.5,-0.1649249424310644,38.0,True
2018,4,5,0.5,0.0579255627179818,2.0,True
2018,4,5,0.5,0.5284250453006764,22.0,True
2018,4,5,0.5,-0.0383661948629203,-3.0,False
2018,4,5,0.5,0.1185895756022454,19.0,True
2018,4,5,0.5,-0.032677771772164,31.0,True
2018,4,5,0.5,0.1331552095140104,3.0,True
2018,4,5,0.5,-0.2080239387684328,-3.0,False
2018,4,5,0.5,0.3410868008784974,2.0,True
2018,4,5,0.5,-0.302752185294781,-15.0,False
2018,4,5,0.5,0.1687091005031329,-12.0,False
2018,4,5,0.5,-0.4718392691315231,-4.0,False
2018,5,1,0.5,0.0695795929148376,14.0,True
2018,5,1,0.5,-0.3721105205490781,1.0,True
2018,5,1,0.5,0.2593240347373396,2.0,True
2018,5,1,0.5,-0.0677992335188634,10.0,True
2018,5,1,0.5,-0.2463289345066925,3.0,True
2018,5,1,0.5,-0.0210198195855579,8.0,True
2018,5,1,0.5,0.2330851870970951,16.0,True
2018,5,1,0.5,-0.1515714771361687,18.0,True
2018,5,1,0.5,-0.082012894840175,24.0,True
2018,5,1,0.5,-0.1134441560604848,-2.0,False
2018,5,1,0.5,-0.4483460429564195,-2.0,False
2018,5,1,0.5,0.0857309810711499,-10.0,False
2018,5,1,0.5,-0.0007540074967808,3.0,True
2018,5,1,0.5,-0.0893930590448288,24.0,True
2018,5,2,0.5,0.1057310892471993,14.0,True
2018,5,2,0.5,-0.3802657334301616,1.0,True
2018,5,2,0.5,0.2079679387789243,2.0,True
2018,5,2,0.5,0.0210727574328123,10.0,True
2018,5,2,0.5,-0.220077696979442,3.0,True
2018,5,2,0.5,-0.0527294889508396,8.0,True
2018,5,2,0.5,0.2651765224883776,16.0,True
2018,5,2,0.5,-0.1717860011233063,18.0,True
2018,5,2,0.5,-0.1005764041185018,24.0,True
2018,5,2,0.5,-0.1646074376647761,-2.0,False
2018,5,2,0.5,-0.4229567620273316,-2.0,False
2018,5,2,0.5,0.038614821166562,-10.0,False
2018,5,2,0.5,0.0320744107368379,3.0,True
2018,5,2,0.5,-0.0285695410247271,24.0,True
2018,5,3,0.5,0.12380683741338,14.0,True
2018,5,3,0.5,-0.3843433398707033,1.0,True
2018,5,3,0.5,0.1822898907997165,2.0,True
2018,5,3,0.5,0.0655087529086501,10.0,True
2018,5,3,0.5,-0.2069520782158168,3.0,True
2018,5,3,0.5,-0.0685843236334804,8.0,True
2018,5,3,0.5,0.2812221901840189,16.0,True
2018,5,3,0.5,-0.1818932631168751,18.0,True
2018,5,3,0.5,-0.1098581587576652,24.0,True
2018,5,3,0.5,-0.1901890784669216,-2.0,False
2018,5,3,0.5,-0.4102621215627877,-2.0,False
2018,5,3,0.5,0.015056741214268,-10.0,False
2018,5,3,0.5,0.0484886198536472,3.0,True
2018,5,3,0.5,0.0018422179853236,24.0,True
2018,5,5,0.5,0.1373636485380157,14.0,True
2018,5,5,0.5,-0.3874015447011097,1.0,True
2018,5,5,0.5,0.1630313548153107,2.0,True
2018,5,5,0.5,0.0988357495155285,10.0,True
2018,5,5,0.5,-0.1971078641430979,3.0,True
2018,5,5,0.5,-0.0804754496454611,8.0,True
2018,5,5,0.5,0.2932564409557497,16.0,True
2018,5,5,0.5,-0.1894737096120517,18.0,True
2018,5,5,0.5,-0.1168194747370377,24.0,True
2018,5,5,0.5,-0.2093753090685309,-2.0,False
2018,5,5,0.5,-0.4007411412143796,-2.0,False
2018,5,5,0.5,-0.0026118187499524,-10.0,False
2018,5,5,0.5,0.0607992766912543,3.0,True
2018,5,5,0.5,0.0246510372428618,24.0,True
2018,6,1,0.5,0.0192895727001942,-21.0,False
2018,6,1,0.5,0.0787991208847945,5.0,True
2018,6,1,0.5,-0.0503572477151051,-7.0,False
2018,6,1,0.5,-0.1709535381192487,-24.0,False
2018,6,1,0.5,0.2984662880477783,7.0,True
2018,6,1,0.5,-0.1723400652386113,3.0,True
2018,6,1,0.5,0.2985266794790703,10.0,True
2018,6,1,0.5,-0.0137070544191013,8.0,True
2018,6,1,0.5,-0.0221695596901471,6.0,True
2018,6,1,0.5,-0.3688967061456942,-3.0,False
2018,6,1,0.5,-0.2481044308631795,33.0,True
2018,6,1,0.5,-0.1670499502033194,-21.0,False
2018,6,1,0.5,-0.2817687366135483,3.0,True
2018,6,1,0.5,0.2391868612354725,3.0,True
2018,6,2,0.5,0.0585849270205234,-21.0,False
2018,6,2,0.5,0.0338801676902656,5.0,True
2018,6,2,0.5,-0.026165883522906,-7.0,False
2018,6,2,0.5,-0.1968573752401378,-24.0,False
2018,6,2,0.5,0.30118391211531,7.0,True
2018,6,2,0.5,-0.1352743556744968,3.0,True
2018,6,2,0.5,0.2789421283650752,10.0,True
2018,6,2,0.5,-0.0326481202245109,8.0,True
2018,6,2,0.5,0.0050956263821334,6.0,True
2018,6,2,0.5,-0.3509475498749986,-3.0,False
2018,6,2,0.5,-0.2082667502265634,33.0,True
2018,6,2,0.5,-0.0997621794413905,-21.0,False
2018,6,2,0.5,-0.2419799839785327,3.0,True
2018,6,2,0.5,0.2353540060320839,3.0,True
2018,6,3,0.5,0.078232604180688,-21.0,False
2018,6,3,0.5,0.011420691093001,5.0,True
2018,6,3,0.5,-0.0140702014268065,-7.0,False
2018,6,3,0.5,-0.2098092938005824,-24.0,False
2018,6,3,0.5,0.3025427241490758,7.0,True
2018,6,3,0.5,-0.1167415008924395,3.0,True
2018,6,3,0.5,0.2691498528080777,10.0,True
2018,6,3,0.5,-0.0421186531272158,8.0,True
2018,6,3,0.5,0.0187282194182736,6.0,True
2018,6,3,0.5,-0.3419729717396509,-3.0,False
2018,6,3,0.5,-0.1883479099082554,33.0,True
2018,6,3,0.5,-0.0661182940604261,-21.0,False
2018,6,3,0.5,-0.2220856076610248,3.0,True
2018,6,3,0.5,0.2334375784303895,3.0,True
2018,6,5,0.5,0.0929683620508115,-21.0,False
2018,6,5,0.5,-0.0054239163549474,5.0,True
2018,6,5,0.5,-0.0049984398547318,-7.0,False
2018,6,5,0.5,-0.2195232327209158,-24.0,False
2018,6,5,0.5,0.3035618331744002,7.0,True
2018,6,5,0.5,-0.1028418598058966,3.0,True
2018,6,5,0.5,0.2618056461403295,10.0,True
2018,6,5,0.5,-0.0492215528042444,8.0,True
2018,6,5,0.5,0.0289526641953787,6.0,True
2018,6,5,0.5,-0.3352420381381399,-3.0,False
2018,6,5,0.5,-0.1734087796695244,33.0,True
2018,6,5,0.5,-0.0408853800247028,-21.0,False
2018,6,5,0.5,-0.2071648254228939,3.0,True
2018,6,5,0.5,0.2320002577291187,3.0,True
2018,7,1,0.5,-0.2422386156044529,-35.0,False
2018,7,1,0.5,0.0819706430105214,-7.0,False
2018,7,1,0.5,0.2167240458977246,32.0,True
2018,7,1,0.5,0.0696245471589452,-13.0,False
2018,7,1,0.5,0.0606773992585548,-11.0,False
2018,7,1,0.5,-0.1343245759436157,-20.0,False
2018,7,1,0.5,-0.0426167671212175,-4.0,False
2018,7,1,0.5,0.0725691939716976,3.0,True
2018,7,1,0.5,0.0357503959613817,-1.0,False
2018,7,1,0.5,-0.4328485402363739,-29.0,False
2018,7,1,0.5,0.0784407267326515,3.0,True
2018,7,1,0.5,0.277495667293704,35.0,True
2018,7,1,0.5,0.2799367042915403,1.0,True
2018,7,1,0.5,0.185817986891209,3.0,True
2018,7,2,0.5,-0.2412117273558744,-35.0,False
2018,7,2,0.5,0.0339732118340853,-7.0,False
2018,7,2,0.5,0.2725805808023308,32.0,True
2018,7,2,0.5,0.0392832308212718,-13.0,False
2018,7,2,0.5,0.0378463346924708,-11.0,False
2018,7,2,0.5,-0.1647128353995232,-20.0,False
2018,7,2,0.5,-0.069131923964181,-4.0,False
2018,7,2,0.5,0.1559884647691073,3.0,True
2018,7,2,0.5,-0.0350704508791644,-1.0,False
2018,7,2,0.5,-0.4236365046693839,-29.0,False
2018,7,2,0.5,0.0833014255114421,3.0,True
2018,7,2,0.5,0.2431165277446439,35.0,True
2018,7,2,0.5,0.22867814369558,1.0,True
2018,7,2,0.5,0.1883227012709367,3.0,True
2018,7,3,0.5,-0.2406982832315852,-35.0,False
2018,7,3,0.5,0.0099744962458674,-7.0,False
2018,7,3,0.5,0.300508848254634,32.0,True
2018,7,3,0.5,0.0241125726524351,-13.0,False
2018,7,3,0.5,0.0264308024094288,-11.0,False
2018,7,3,0.5,-0.1799069651274769,-20.0,False
2018,7,3,0.5,-0.0823895023856626,-4.0,False
2018,7,3,0.5,0.197698100167812,3.0,True
2018,7,3,0.5,-0.0704808742994375,-1.0,False
2018,7,3,0.5,-0.419030486885889,-29.0,False
2018,7,3,0.5,0.0857317749008376,3.0,True
2018,7,3,0.5,0.2259269579701139,35.0,True
2018,7,3,0.5,0.2030488633975999,1.0,True
2018,7,3,0.5,0.1895750584608005,3.0,True
2018,7,5,0.5,-0.2403132001383682,-35.0,False
2018,7,5,0.5,-0.0080245404452961,-7.0,False
2018,7,5,0.5,0.3214550488438614,32.0,True
2018,7,5,0.5,0.0127345790258076,-13.0,False
2018,7,5,0.5,0.0178691531971473,-11.0,False
2018,7,5,0.5,-0.191302562423442,-20.0,False
2018,7,5,0.5,-0.092332686201774,-4.0,False
2018,7,5,0.5,0.2289803267168407,3.0,True
2018,7,5,0.5,-0.0970386918646423,-1.0,False
2018,7,5,0.5,-0.4155759735482678,-29.0,False
2018,7,5,0.5,0.0875545369428841,3.0,True
2018,7,5,0.5,0.2130347806392164,35.0,True
2018,7,5,0.5,0.1838269031741147,1.0,True
2018,7,5,0.5,0.1905143263531983,3.0,True
2018,8,1,0.5,-0.0242254968226432,19.0,True
2018,8,1,0.5,-0.0962272533099773,15.0,True
2018,8,1,0.5,0.2180163041665791,14.0,True
2018,8,1,0.5,-0.0312878367443346,3.0,True
2018,8,1,0.5,0.0978098485898624,-14.0,False
2018,8,1,0.5,0.3254393753123987,7.0,True
2018,8,1,0.5,-0.1873788935772133,-7.0,False
2018,8,1,0.5,0.1849720342860762,15.0,True
2018,8,1,0.5,-0.1287447072701806,3.0,True
2018,8,1,0.5,0.3031173527975897,2.0,True
2018,8,1,0.5,-0.0053327558778195,-10.0,False
2018,8,1,0.5,-0.0612961927973201,-6.0,False
2018,8,1,0.5,-0.4333805038579006,-19.0,False
2018,8,2,0.5,-0.0190829472034745,19.0,True
2018,8,2,0.5,-0.0510873574877911,15.0,True
2018,8,2,0.5,0.2142717636101053,14.0,True
2018,8,2,0.5,-0.0575885535113411,3.0,True
2018,8,2,0.5,0.1061913006192018,-14.0,False
2018,8,2,0.5,0.2885004494245095,7.0,True
2018,8,2,0.5,-0.175644325147793,-7.0,False
2018,8,2,0.5,0.1975982159339833,15.0,True
2018,8,2,0.5,-0.1055577210537326,3.0,True
2018,8,2,0.5,0.2680725284343855,2.0,True
2018,8,2,0.5,-0.0509280680886136,-10.0,False
2018,8,2,0.5,-0.0226597873404572,-6.0,False
2018,8,2,0.5,-0.4516230269106361,-19.0,False
2018,8,3,0.5,-0.0165116723938902,19.0,True
2018,8,3,0.5,-0.0285174095766979,15.0,True
2018,8,3,0.5,0.2123994933318684,14.0,True
2018,8,3,0.5,-0.0707389118948441,3.0,True
2018,8,3,0.5,0.1103820266338715,-14.0,False
2018,8,3,0.5,0.270030986480565,7.0,True
2018,8,3,0.5,-0.1697770409330828,-7.0,False
2018,8,3,0.5,0.2039113067579369,15.0,True
2018,8,3,0.5,-0.0939642279455087,3.0,True
2018,8,3,0.5,0.2505501162527834,2.0,True
2018,8,3,0.5,-0.0737257241940107,-10.0,False
2018,8,3,0.5,-0.0033415846120258,-6.0,False
2018,8,3,0.5,-0.4607442884370039,-19.0,False
2018,8,5,0.5,-0.014583216286702,19.0,True
2018,8,5,0.5,-0.011589948643378,15.0,True
2018,8,5,0.5,0.2109952906231907,14.0,True
2018,8,5,0.5,-0.0806016806824715,3.0,True
2018,8,5,0.5,0.1135250711448738,-14.0,False
2018,8,5,0.5,0.2561788892726065,7.0,True
2018,8,5,0.5,-0.1653765777720502,-7.0,False
2018,8,5,0.5,0.208646124875902,15.0,True
2018,8,5,0.5,-0.0852691081143407,3.0,True
2018,8,5,0.5,0.2374083071165818,2.0,True
2018,8,5,0.5,-0.0908239662730584,-10.0,False
2018,8,5,0.5,0.0111470674342977,-6.0,False
2018,8,5,0.5,-0.4675852345817797,-19.0,False
2018,9,1,0.5,-0.1143102041510775,-7.0,False
2018,9,1,0.5,-0.4403813956944111,-32.0,False
2018,9,1,0.5,0.2180173083368546,14.0,True
2018,9,1,0.5,-0.4830149626903756,-16.0,False
2018,9,1,0.5,0.1703871462628746,7.0,True
2018,9,1,0.5,0.0392089163451802,15.0,True
2018,9,1,0.5,0.0323791526822652,-24.0,False
2018,9,1,0.5,-0.0716224994065436,-2.0,False
2018,9,1,0.5,-0.0879748769162447,-8.0,False
2018,9,1,0.5,-0.1356381670348484,10.0,True
2018,9,1,0.5,0.1140184035823725,14.0,True
2018,9,1,0.5,0.0598499008090889,-14.0,False
2018,9,2,0.5,-0.1219443483334814,-7.0,False
2018,9,2,0.5,-0.4209930923026333,-32.0,False
2018,9,2,0.5,0.1415599806302553,14.0,True
2018,9,2,0.5,-0.4830040223016588,-16.0,False
2018,9,2,0.5,0.1896208351894528,7.0,True
2018,9,2,0.5,-0.005460199504378,15.0,True
2018,9,2,0.5,-0.0101291621361503,-24.0,False
2018,9,2,0.5,-0.0394456793425314,-2.0,False
2018,9,2,0.5,-0.090268814918437,-8.0,False
2018,9,2,0.5,-0.1191557666819961,10.0,True
2018,9,2,0.5,0.0771250083542218,14.0,True
2018,9,2,0.5,0.0439523356160646,-14.0,False
2018,9,3,0.5,-0.1257614204246833,-7.0,False
2018,9,3,0.5,-0.4112989406067444,-32.0,False
2018,9,3,0.5,0.1033313167769556,14.0,True
2018,9,3,0.5,-0.4829985521073005,-16.0,False
2018,9,3,0.5,0.1992376796527419,7.0,True
2018,9,3,0.5,-0.0277947574291572,15.0,True
2018,9,3,0.5,-0.0313833195453581,-24.0,False
2018,9,3,0.5,-0.0233572693105253,-2.0,False
2018,9,3,0.5,-0.0914157839195331,-8.0,False
2018,9,3,0.5,-0.1109145665055701,10.0,True
2018,9,3,0.5,0.0586783107401464,14.0,True
2018,9,3,0.5,0.0360035530195525,-14.0,False
2018,9,5,0.5,-0.1286242244930849,-7.0,False
2018,9,5,0.5,-0.4040283268348277,-32.0,False
2018,9,5,0.5,0.0746598188869809,14.0,True
2018,9,5,0.5,-0.4829944494615317,-16.0,False
2018,9,5,0.5,0.2064503130002087,7.0,True
2018,9,5,0.5,-0.0445456758727414,15.0,True
2018,9,5,0.5,-0.047323937602264,-24.0,False
2018,9,5,0.5,-0.0112909617865207,-2.0,False
2018,9,5,0.5,-0.092276010670355,-8.0,False
2018,9,5,0.5,-0.1047336663732504,10.0,True
2018,9,5,0.5,0.0448432875295899,14.0,True
2018,9,5,0.5,0.0300419660721684,-14.0,False
2018,10,1,0.5,-0.0255019440883376,31.0,True
2018,10,1,0.5,0.173593161593598,12.0,True
2018,10,1,0.5,-0.161680575410722,-37.0,False
2018,10,1,0.5,-0.2842372311403652,12.0,True
2018,10,1,0.5,0.1101121921583675,3.0,True
2018,10,1,0.5,0.6240156006893186,12.0,True
2018,10,1,0.5,0.1913022751628379,-31.0,False
2018,10,1,0.5,-0.207584516106096,-13.0,False
2018,10,1,0.5,-0.2483915670921217,24.0,True
2018,10,1,0.5,0.044475227914618,19.0,True
2018,10,1,0.5,0.2236081749945878,5.0,True
2018,10,1,0.5,0.0576325461918007,-7.0,False
2018,10,1,0.5,0.051603572979361,-4.0,False
2018,10,2,0.5,-0.0159787905703787,31.0,True
2018,10,2,0.5,0.1087532493245408,12.0,True
2018,10,2,0.5,-0.1775551290314547,-37.0,False
2018,10,2,0.5,-0.2982208893266196,12.0,True
2018,10,2,0.5,0.1122713390330563,3.0,True
2018,10,2,0.5,0.5932948315649319,12.0,True
2018,10,2,0.5,0.1715430250434026,-31.0,False
2018,10,2,0.5,-0.1268081975556108,-13.0,False
2018,10,2,0.5,-0.2356723257395535,24.0,True
2018,10,2,0.5,0.0753140104977402,19.0,True
2018,10,2,0.5,0.247525656906181,5.0,True
2018,10,2,0.5,0.0260246672702311,-7.0,False
2018,10,2,0.5,0.0411684354344266,-4.0,False
2018,10,3,0.5,-0.0112172138113992,31.0,True
2018,10,3,0.5,0.0763332931900122,12.0,True
2018,10,3,0.5,-0.185492405841821,-37.0,False
2018,10,3,0.5,-0.3052127184197468,12.0,True
2018,10,3,0.5,0.1133509124704007,3.0,True
2018,10,3,0.5,0.5779344470027385,12.0,True
2018,10,3,0.5,0.1616633999836849,-31.0,False
2018,10,3,0.5,-0.0864200382803682,-13.0,False
2018,10,3,0.5,-0.2293127050632695,24.0,True
2018,10,3,0.5,0.0907334017893012,19.0,True
2018,10,3,0.5,0.2594843978619774,5.0,True
2018,10,3,0.5,0.0102207278094463,-7.0,False
2018,10,3,0.5,0.0359508666619595,-4.0,False
2018,10,5,0.5,-0.0076460312421646,31.0,True
2018,10,5,0.5,0.0520183260891157,12.0,True
2018,10,5,0.5,-0.1914453634495957,-37.0,False
2018,10,5,0.5,-0.3104565902395923,12.0,True
2018,10,5,0.5,0.1141605925484089,3.0,True
2018,10,5,0.5,0.5664141585810936,12.0,True
2018,10,5,0.5,0.1542536811888966,-31.0,False
2018,10,5,0.5,-0.0561289188239362,-13.0,False
2018,10,5,0.5,-0.2245429895560564,24.0,True
2018,10,5,0.5,0.1022979452579721,19.0,True
2018,10,5,0.5,0.2684534535788248,5.0,True
2018,10,5,0.5,-0.0016322267861422,-7.0,False
2018,10,5,0.5,0.0320376900826092,-4.0,False
2018,11,1,0.5,-0.1277403822330298,3.0,True
2018,11,1,0.5,0.0942371186149322,-3.0,False
2018,11,1,0.5,0.0470624967912921,3.0,True
2018,11,1,0.5,-0.2043383434310061,1.0,True
2018,11,1,0.5,0.070494543510897,28.0,True
2018,11,1,0.5,-0.2698307241878666,-4.0,False
2018,11,1,0.5,-0.059227496323305,3.0,True
2018,11,1,0.5,-0.0304703112058572,-2.0,False
2018,11,1,0.5,0.2372759142268811,-1.0,False
2018,11,1,0.5,0.1480087192088445,41.0,True
2018,11,1,0.5,0.0986987072608448,5.0,True
2018,11,1,0.5,-0.0847788338705387,3.0,True
2018,11,2,0.5,-0.1369273083256815,3.0,True
2018,11,2,0.5,0.1079164212366106,-3.0,False
2018,11,2,0.5,0.0091918248848014,3.0,True
2018,11,2,0.5,-0.1364443413170374,1.0,True
2018,11,2,0.5,0.0754245525147512,28.0,True
2018,11,2,0.5,-0.2383789914859476,-4.0,False
2018,11,2,0.5,-0.1135278651875723,3.0,True
2018,11,2,0.5,-0.0386396944632709,-2.0,False
2018,11,2,0.5,0.212101082511238,-1.0,False
2018,11,2,0.5,0.1883220033875405,41.0,True
2018,11,2,0.5,0.0963508134292711,5.0,True
2018,11,2,0.5,-0.0536806870804262,3.0,True
2018,11,3,0.5,-0.1415207713720074,3.0,True
2018,11,3,0.5,0.1147560725474499,-3.0,False
2018,11,3,0.5,-0.0097435110684439,3.0,True
2018,11,3,0.5,-0.1024973402600531,1.0,True
2018,11,3,0.5,0.0778895570166782,28.0,True
2018,11,3,0.5,-0.2226531251349882,-4.0,False
2018,11,3,0.5,-0.1406780496197059,3.0,True
2018,11,3,0.5,-0.0427243860919777,-2.0,False
2018,11,3,0.5,0.1995136666534164,-1.0,False
2018,11,3,0.5,0.2084786454768886,41.0,True
2018,11,3,0.5,0.0951768665134843,5.0,True
2018,11,3,0.5,-0.0381316136853699,3.0,True
2018,11,5,0.5,-0.1449658686567519,3.0,True
2018,11,5,0.5,0.1198858110305793,-3.0,False
2018,11,5,0.5,-0.0239450130333779,3.0,True
2018,11,5,0.5,-0.0770370894673148,1.0,True
2018,11,5,0.5,0.0797383103931236,28.0,True
2018,11,5,0.5,-0.2108587253717685,-4.0,False
2018,11,5,0.5,-0.1610406879438062,3.0,True
2018,11,5,0.5,-0.0457879048135079,-2.0,False
2018,11,5,0.5,0.1900731047600501,-1.0,False
2018,11,5,0.5,0.2235961270438995,41.0,True
2018,11,5,0.5,0.0942964063266442,5.0,True
2018,11,5,0.5,-0.0264698086390778,3.0,True
2018,12,1,0.5,-0.3012926601099176,-7.0,False
2018,12,1,0.5,-0.0209422221445463,8.0,True
2018,12,1,0.5,0.1330986140133346,14.0,True
2018,12,1,0.5,-0.1546792817017555,3.0,True
2018,12,1,0.5,0.1764037221175557,-3.0,False
2018,12,1,0.5,0.0751320159562351,-15.0,False
2018,12,1,0.5,-0.3420078565069123,-14.0,False
2018,12,1,0.5,0.1499791511854368,3.0,True
2018,12,1,0.5,-0.0157652390027396,18.0,True
2018,12,1,0.5,0.4399401576729951,35.0,True
2018,12,1,0.5,-0.1433495789580732,7.0,True
2018,12,1,0.5,0.1123139448847998,3.0,True
2018,12,1,0.5,-0.0697735657420437,7.0,True
2018,12,1,0.5,0.0759688648162997,17.0,True
2018,12,2,0.5,-0.1960327403439959,-7.0,False
2018,12,2,0.5,0.0048662459240264,8.0,True
2018,12,2,0.5,0.1271152614775332,14.0,True
2018,12,2,0.5,-0.161036237087754,3.0,True
2018,12,2,0.5,0.146103015948412,-3.0,False
2018,12,2,0.5,0.1027743251180125,-15.0,False
2018,12,2,0.5,-0.3583187873729004,-14.0,False
2018,12,2,0.5,0.1477620745237176,3.0,True
2018,12,2,0.5,0.0469833133075553,18.0,True
2018,12,2,0.5,0.4070046353035638,35.0,True
2018,12,2,0.5,-0.1218602236907918,7.0,True
2018,12,2,0.5,0.1125343477978411,3.0,True
2018,12,2,0.5,-0.123094286669538,7.0,True
2018,12,2,0.5,0.0546190647321526,17.0,True
2018,12,3,0.5,-0.1434027804610351,-7.0,False
2018,12,3,0.5,0.0177704799583128,8.0,True
2018,12,3,0.5,0.1241235852096324,14.0,True
2018,12,3,0.5,-0.1642147147807532,3.0,True
2018,12,3,0.5,0.1309526628638402,-3.0,False
2018,12,3,0.5,0.1165954796989012,-15.0,False
2018,12,3,0.5,-0.3664742528058943,-14.0,False
2018,12,3,0.5,0.1466535361928579,3.0,True
2018,12,3,0.5,0.0783575894627028,18.0,True
2018,12,3,0.5,0.3905368741188482,35.0,True
2018,12,3,0.5,-0.1111155460571511,7.0,True
2018,12,3,0.5,0.1126445492543617,3.0,True
2018,12,3,0.5,-0.1497546471332853,7.0,True
2018,12,3,0.5,0.043944164690079,17.0,True
2018,12,5,0.5,-0.1039303105488144,-7.0,False
2018,12,5,0.5,0.0274486554840277,8.0,True
2018,12,5,0.5,0.1218798280087068,14.0,True
2018,12,5,0.5,-0.1665985730505027,3.0,True
2018,12,5,0.5,0.1195898980504112,-3.0,False
2018,12,5,0.5,0.1269613456345677,-15.0,False
2018,12,5,0.5,-0.37259085188064,-14.0,False
2018,12,5,0.5,0.1458221324447132,3.0,True
2018,12,5,0.5,0.1018882965790634,18.0,True
2018,12,5,0.5,0.3781860532303114,35.0,True
2018,12,5,0.5,-0.1030570378319206,7.0,True
2018,12,5,0.5,0.1127272003467523,3.0,True
2018,12,5,0.5,-0.1697499174810957,7.0,True
2018,12,5,0.5,0.0359379896585238,17.0,True
2018,13,1,0.5,-0.2218382974499645,3.0,True
2018,13,1,0.5,0.0353491778905658,-10.0,False
2018,13,1,0.5,-0.0803934855584814,-14.0,False
2018,13,1,0.5,-0.2904558879704816,-14.0,False
2018,13,1,0.5,0.3661707217256014,-3.0,False
2018,13,1,0.5,0.1163379323469616,16.0,True
2018,13,1,0.5,-0.1792611553785992,6.0,True
2018,13,1,0.5,0.1420051994076611,4.0,True
2018,13,1,0.5,-0.3216316146933512,3.0,True
2018,13,1,0.5,-0.2447721686558523,7.0,True
2018,13,1,0.5,0.1267905329770178,4.0,True
2018,13,1,0.5,0.0486146335004391,14.0,True
2018,13,1,0.5,0.1212848415274219,27.0,True
2018,13,1,0.5,-0.0756200717405372,-3.0,False
2018,13,1,0.5,0.0205671373754245,15.0,True
2018,13,2,0.5,-0.2207324450395776,3.0,True
2018,13,2,0.5,0.0887174427781595,-10.0,False
2018,13,2,0.5,-0.0485855994331803,-14.0,False
2018,13,2,0.5,-0.2615198665912325,-14.0,False
2018,13,2,0.5,0.3698080546529887,-3.0,False
2018,13,2,0.5,0.1053495159077809,16.0,True
2018,13,2,0.5,-0.1814414865404912,6.0,True
2018,13,2,0.5,0.157366378073735,4.0,True
2018,13,2,0.5,-0.2641768367762074,3.0,True
2018,13,2,0.5,-0.1800321178369964,7.0,True
2018,13,2,0.5,0.135480100963078,4.0,True
2018,13,2,0.5,0.098189732553721,14.0,True
2018,13,2,0.5,0.1305081217314333,27.0,True
2018,13,2,0.5,-0.0754479280026611,-3.0,False
2018,13,2,0.5,0.0296643388640107,15.0,True
2018,13,3,0.5,-0.2201795188343842,3.0,True
2018,13,3,0.5,0.1154015752219562,-10.0,False
2018,13,3,0.5,-0.0326816563705298,-14.0,False
2018,13,3,0.5,-0.247051855901608,-14.0,False
2018,13,3,0.5,0.3716267211166824,-3.0,False
2018,13,3,0.5,0.0998553076881905,16.0,True
2018,13,3,0.5,-0.1825316521214373,6.0,True
2018,13,3,0.5,0.165046967406772,4.0,True
2018,13,3,0.5,-0.2354494478176355,3.0,True
2018,13,3,0.5,-0.1476620924275684,7.0,True
2018,13,3,0.5,0.1398248849561081,4.0,True
2018,13,3,0.5,0.1229772820803621,14.0,True
2018,13,3,0.5,0.135119761833439,27.0,True
2018,13,3,0.5,-0.0753618561337231,-3.0,False
2018,13,3,0.5,0.0342129396083039,15.0,True
2018,13,5,0.5,-0.2197648241804891,3.0,True
2018,13,5,0.5,0.1354146745548039,-10.0,False
2018,13,5,0.5,-0.0207536990735418,-14.0,False
2018,13,5,0.5,-0.2362008478843896,-14.0,False
2018,13,5,0.5,0.3729907209644526,-3.0,False
2018,13,5,0.5,0.0957346515234976,16.0,True
2018,13,5,0.5,-0.1833492763071467,6.0,True
2018,13,5,0.5,0.1708074094065497,4.0,True
2018,13,5,0.5,-0.2139039060987066,3.0,True
2018,13,5,0.5,-0.1233845733704974,7.0,True
2018,13,5,0.5,0.1430834729508807,4.0,True
2018,13,5,0.5,0.1415679442253428,14.0,True
2018,13,5,0.5,0.1385784919099432,27.0,True
2018,13,5,0.5,-0.0752973022320195,-3.0,False
2018,13,5,0.5,0.0376243901665237,15.0,True
2018,14,1,0.5,0.023434722438519,21.0,True
2018,14,1,0.5,0.0604981452566014,-4.0,False
2018,14,1,0.5,-0.2351083192834767,6.0,True
2018,14,1,0.5,0.0600740675317596,14.0,True
2018,14,1,0.5,0.05241599491328,-3.0,False
2018,14,1,0.5,0.3102439261334828,3.0,True
2018,14,1,0.5,-0.2336396712093554,1.0,True
2018,14,1,0.5,-0.2743102264684174,-14.0,False
2018,14,1,0.5,0.0459133346566686,-24.0,False
2018,14,1,0.5,0.2965109447541955,5.0,True
2018,14,1,0.5,-0.1847955560975816,6.0,True
2018,14,1,0.5,-0.1563357900950452,-14.0,False
2018,14,1,0.5,-0.0240311382314197,6.0,True
2018,14,1,0.5,-0.0729403507973224,9.0,True
2018,14,1,0.5,-0.0874259517609287,14.0,True
2018,14,2,0.5,0.0434675179644235,21.0,True
2018,14,2,0.5,0.0306321354057968,-4.0,False
2018,14,2,0.5,-0.2290922004862776,6.0,True
2018,14,2,0.5,0.0438203201453101,14.0,True
2018,14,2,0.5,0.0170413609863823,-3.0,False
2018,14,2,0.5,0.3308028769922951,3.0,True
2018,14,2,0.5,-0.2339396131440457,1.0,True
2018,14,2,0.5,-0.2405403619314362,-14.0,False
2018,14,2,0.5,0.0495005173889963,-24.0,False
2018,14,2,0.5,0.2523287192492441,5.0,True
2018,14,2,0.5,-0.1687213921179806,6.0,True
2018,14,2,0.5,-0.1869207513531502,-14.0,False
2018,14,2,0.5,-0.0203256375528611,6.0,True
2018,14,2,0.5,-0.1449337409166025,9.0,True
2018,14,2,0.5,-0.0449575749380957,14.0,True
2018,14,3,0.5,0.0534839157273757,21.0,True
2018,14,3,0.5,0.0156991304803944,-4.0,False
2018,14,3,0.5,-0.226084141087678,6.0,True
2018,14,3,0.5,0.0356934464520854,14.0,True
2018,14,3,0.5,-0.0006459559770665,-3.0,False
2018,14,3,0.5,0.3410823524217014,3.0,True
2018,14,3,0.5,-0.2340895841113908,1.0,True
2018,14,3,0.5,-0.2236554296629456,-14.0,False
2018,14,3,0.5,0.0512941087551602,-24.0,False
2018,14,3,0.5,0.2302376064967683,5.0,True
2018,14,3,0.5,-0.16068431012818,6.0,True
2018,14,3,0.5,-0.2022132319822029,-14.0,False
2018,14,3,0.5,-0.0184728872135818,6.0,True
2018,14,3,0.5,-0.1809304359762427,9.0,True
2018,14,3,0.5,-0.0237233865266792,14.0,True
2018,14,5,0.5,0.0609962140495899,21.0,True
2018,14,5,0.5,0.0044993767863426,-4.0,False
2018,14,5,0.5,-0.2238280965387284,6.0,True
2018,14,5,0.5,0.0295982911821669,14.0,True
2018,14,5,0.5,-0.0139114436996532,-3.0,False
2018,14,5,0.5,0.3487919589937561,3.0,True
2018,14,5,0.5,-0.2342020623368997,1.0,True
2018,14,5,0.5,-0.2109917304615776,-14.0,False
2018,14,5,0.5,0.0526393022797831,-24.0,False
2018,14,5,0.5,0.2136692719324115,5.0,True
2018,14,5,0.5,-0.1546564986358296,6.0,True
2018,14,5,0.5,-0.2136825924539924,-14.0,False
2018,14,5,0.5,-0.0170833244591223,6.0,True
2018,14,5,0.5,-0.2079279572709727,9.0,True
2018,14,5,0.5,-0.0077977452181169,14.0,True
2018,15,1,0.5,0.089285889344855,-1.0,False
2018,15,1,0.5,-0.2739298268946944,-7.0,False
2018,15,1,0.5,0.068302622082542,-1.0,False
2018,15,1,0.5,0.2555038873409542,26.0,True
2018,15,1,0.5,0.1005541153340918,8.0,True
2018,15,1,0.5,-0.0617901209838285,1.0,True
2018,15,1,0.5,0.0524354789897007,7.0,True
2018,15,1,0.5,0.032163531500836,23.0,True
2018,15,1,0.5,-0.0264009648357375,-3.0,False
2018,15,1,0.5,0.0935907626252998,24.0,True
2018,15,1,0.5,-0.0404104956475951,-17.0,False
2018,15,1,0.5,-0.1170954273981465,3.0,True
2018,15,1,0.5,-0.0915013676845097,7.0,True
2018,15,1,0.5,0.1380125859916401,-7.0,False
2018,15,1,0.5,-0.0889467057439617,-3.0,False
2018,15,2,0.5,0.0903234398544262,-1.0,False
2018,15,2,0.5,-0.2461785328533725,-7.0,False
2018,15,2,0.5,0.075533681219894,-1.0,False
2018,15,2,0.5,0.28577412497153,26.0,True
2018,15,2,0.5,0.0358727936453829,8.0,True
2018,15,2,0.5,-0.1137445813164102,1.0,True
2018,15,2,0.5,-0.0308598025452588,7.0,True
2018,15,2,0.5,0.0368530278079727,23.0,True
2018,15,2,0.5,-0.0271869962413496,-3.0,False
2018,15,2,0.5,0.053029076457539,24.0,True
2018,15,2,0.5,-0.0626171455769989,-17.0,False
2018,15,2,0.5,-0.1229476576996241,3.0,True
2018,15,2,0.5,-0.1149782002165021,7.0,True
2018,15,2,0.5,0.1567145248253559,-7.0,False
2018,15,2,0.5,-0.09407397897231,-3.0,False
2018,15,3,0.5,0.0908422151092118,-1.0,False
2018,15,3,0.5,-0.2323028858327117,-7.0,False
2018,15,3,0.5,0.0791492107885699,-1.0,False
2018,15,3,0.5,0.3009092437868178,26.0,True
2018,15,3,0.5,0.0035321328010284,8.0,True
2018,15,3,0.5,-0.139721811482701,1.0,True
2018,15,3,0.5,-0.0725074433127387,7.0,True
2018,15,3,0.5,0.0391977759615409,23.0,True
2018,15,3,0.5,-0.0275800119441557,-3.0,False
2018,15,3,0.5,0.0327482333736586,24.0,True
2018,15,3,0.5,-0.0737204705417009,-17.0,False
2018,15,3,0.5,-0.1258737728503629,3.0,True
2018,15,3,0.5,-0.1267166164824982,7.0,True
2018,15,3,0.5,0.1660654942422139,-7.0,False
2018,15,3,0.5,-0.0966376155864841,-3.0,False
2018,15,5,0.5,0.0912312965503009,-1.0,False
2018,15,5,0.5,-0.2218961505672159,-7.0,False
2018,15,5,0.5,0.081860857965077,-1.0,False
2018,15,5,0.5,0.3122605828982838,26.0,True
2018,15,5,0.5,-0.0207233628322374,8.0,True
2018,15,5,0.5,-0.1592047341074191,1.0,True
2018,15,5,0.5,-0.1037431738883485,7.0,True
2018,15,5,0.5,0.0409563370767171,23.0,True
2018,15,5,0.5,-0.0278747737212602,-3.0,False
2018,15,5,0.5,0.0175376010607483,24.0,True
2018,15,5,0.5,-0.0820479642652273,-17.0,False
2018,15,5,0.5,-0.128068359213417,3.0,True
2018,15,5,0.5,-0.1355204286819954,7.0,True
2018,15,5,0.5,0.1730787213048573,-7.0,False
2018,15,5,0.5,-0.0985603430471147,-3.0,False
2018,16,1,0.5,0.05624698854243,9.0,True
2018,16,1,0.5,0.1342319204232193,-12.0,False
2018,16,1,0.5,0.0474690548687909,-14.0,False
2018,16,1,0.5,0.0326818034667865,8.0,True
2018,16,1,0.5,0.0832296494304324,7.0,True
2018,16,1,0.5,-0.1849298141892115,-18.0,False
2018,16,1,0.5,0.1908493872832079,1.0,True
2018,16,1,0.5,0.0816182118713341,-10.0,False
2018,16,1,0.5,0.3177276602523625,12.0,True
2018,16,1,0.5,-0.2453891652709927,-6.0,False
2018,16,1,0.5,-1.834780182743273e-05,2.0,True
2018,16,1,0.5,-0.4627766165766422,-22.0,False
2018,16,1,0.5,-0.2421761567340086,-5.0,False
2018,16,1,0.5,0.0751322732724249,3.0,True
2018,16,1,0.5,-0.2683749268405007,7.0,True
2018,16,2,0.5,0.0573240132514166,9.0,True
2018,16,2,0.5,0.158725655269354,-12.0,False
2018,16,2,0.5,0.0151333801727536,-14.0,False
2018,16,2,0.5,-0.0051529366014497,8.0,True
2018,16,2,0.5,0.0547714923490438,7.0,True
2018,16,2,0.5,-0.1205314509243049,-18.0,False
2018,16,2,0.5,0.2098751035883643,1.0,True
2018,16,2,0.5,0.1113135480352142,-10.0,False
2018,16,2,0.5,0.3493153120237273,12.0,True
2018,16,2,0.5,-0.2656217956727843,-6.0,False
2018,16,2,0.5,0.01925556573783,2.0,True
2018,16,2,0.5,-0.4766873659036802,-22.0,False
2018,16,2,0.5,-0.1717471533556117,-5.0,False
2018,16,2,0.5,0.0771152729909697,3.0,True
2018,16,2,0.5,-0.2516660091895021,7.0,True
2018,16,3,0.5,0.05786252560591,9.0,True
2018,16,3,0.5,0.1709725226924213,-12.0,False
2018,16,3,0.5,-0.0010344571752649,-14.0,False
2018,16,3,0.5,-0.0240703066355678,8.0,True
2018,16,3,0.5,0.0405424138083495,7.0,True
2018,16,3,0.5,-0.0883322692918516,-18.0,False
2018,16,3,0.5,0.2193879617409426,1.0,True
2018,16,3,0.5,0.1261612161171544,-10.0,False
2018,16,3,0.5,0.3651091379094097,12.0,True
2018,16,3,0.5,-0.2757381108736802,-6.0,False
2018,16,3,0.5,0.0288925225076588,2.0,True
2018,16,3,0.5,-0.4836427405671992,-22.0,False
2018,16,3,0.5,-0.1365326516664133,-5.0,False
2018,16,3,0.5,0.0781067728502421,3.0,True
2018,16,3,0.5,-0.2433115503640028,7.0,True
2018,16,5,0.5,0.05826640987178,9.0,True
2018,16,5,0.5,0.1801576732597218,-12.0,False
2018,16,5,0.5,-0.0131603351862789,-14.0,False
2018,16,5,0.5,-0.0382583341611564,8.0,True
2018,16,5,0.5,0.0298706049028288,7.0,True
2018,16,5,0.5,-0.0641828830675117,-18.0,False
2018,16,5,0.5,0.2265226053553763,1.0,True
2018,16,5,0.5,0.1372969671786094,-10.0,False
2018,16,5,0.5,0.3769545073236714,12.0,True
2018,16,5,0.5,-0.2833253472743521,-6.0,False
2018,16,5,0.5,0.0361202400850303,2.0,True
2018,16,5,0.5,-0.4888592715648385,-22.0,False
2018,16,5,0.5,-0.1101217753995144,-5.0,False
2018,16,5,0.5,0.0788503977446964,3.0,True
2018,16,5,0.5,-0.2370457062448784,7.0,True
2018,17,1,0.5,-0.0994090423272344,25.0,True
2018,17,1,0.5,0.1285397497685942,-31.0,False
2018,17,1,0.5,0.2049115238507146,17.0,True
2018,17,1,0.5,0.3517336232504179,35.0,True
2018,17,1,0.5,0.1203565926969269,-19.0,False
2018,17,1,0.5,-0.1040705111834504,-1.0,False
2018,17,1,0.5,-0.1238128600111375,-2.0,False
2018,17,1,0.5,0.0757447296609298,2.0,True
2018,17,1,0.5,-0.1774696337254068,-14.0,False
2018,17,1,0.5,0.2850425698350063,16.0,True
2018,17,1,0.5,0.0026329798593279,-14.0,False
2018,17,1,0.5,0.210083935080399,3.0,True
2018,17,1,0.5,0.3294562489978933,3.0,True
2018,17,1,0.5,-0.1265732659969517,-24.0,False
2018,17,1,0.5,-0.0760953764206372,-16.0,False
2018,17,2,0.5,-0.1322873538091647,25.0,True
2018,17,2,0.5,0.1264132299555916,-31.0,False
2018,17,2,0.5,0.1982607209134405,17.0,True
2018,17,2,0.5,0.3480364069024368,35.0,True
2018,17,2,0.5,0.1199039593199568,-19.0,False
2018,17,2,0.5,-0.1143434325650625,-1.0,False
2018,17,2,0.5,-0.1035552871435123,-2.0,False
2018,17,2,0.5,0.0641552111425102,2.0,True
2018,17,2,0.5,-0.1639321621965367,-14.0,False
2018,17,2,0.5,0.2862643109798625,16.0,True
2018,17,2,0.5,0.0260982210676736,-14.0,False
2018,17,2,0.5,0.1805852106054387,3.0,True
2018,17,2,0.5,0.3313120898387052,3.0,True
2018,17,2,0.5,-0.1377660515276364,-24.0,False
2018,17,2,0.5,-0.0903596320326454,-16.0,False
2018,17,3,0.5,-0.1487265095501297,25.0,True
2018,17,3,0.5,0.1253499700490904,-31.0,False
2018,17,3,0.5,0.1949353194448034,17.0,True
2018,17,3,0.5,0.3461877987284464,35.0,True
2018,17,3,0.5,0.1196776426314717,-19.0,False
2018,17,3,0.5,-0.1194798932558686,-1.0,False
2018,17,3,0.5,-0.0934265007096997,-2.0,False
2018,17,3,0.5,0.0583604518833005,2.0,True
2018,17,3,0.5,-0.1571634264321017,-14.0,False
2018,17,3,0.5,0.2868751815522906,16.0,True
2018,17,3,0.5,0.0378308416718465,-14.0,False
2018,17,3,0.5,0.1658358483679586,3.0,True
2018,17,3,0.5,0.3322400102591112,3.0,True
2018,17,3,0.5,-0.1433624442929788,-24.0,False
2018,17,3,0.5,-0.0974917598386495,-16.0,False
2018,17,5,0.5,-0.1610558763558535,25.0,True
2018,17,5,0.5,0.1245525251192144,-31.0,False
2018,17,5,0.5,0.1924412683433257,17.0,True
2018,17,5,0.5,0.3448013425979536,35.0,True
2018,17,5,0.5,0.119507905115108,-19.0,False
2018,17,5,0.5,-0.1233322387739731,-1.0,False
2018,17,5,0.5,-0.0858299108843403,-2.0,False
2018,17,5,0.5,0.0540143824388931,2.0,True
2018,17,5,0.5,-0.1520868746087754,-14.0,False
2018,17,5,0.5,0.2873333344816116,16.0,True
2018,17,5,0.5,0.0466303071249761,-14.0,False
2018,17,5,0.5,0.1547738266898485,3.0,True
2018,17,5,0.5,0.3329359505744156,3.0,True
2018,17,5,0.5,-0.1475597388669856,-24.0,False
2018,17,5,0.5,-0.1028408556931526,-16.0,False
2019,4,1,0.5,0.1162075274912063,-7.0,False
2019,4,1,0.5,0.0882543790253363,-14.0,False
2019,4,1,0.5,0.1196868449135749,-15.0,False
2019,4,1,0.5,-0.5814185058037337,-6.0,False
2019,4,1,0.5,-0.2029248013659675,-4.0,False
2019,4,1,0.5,-0.0775997786961092,-6.0,False
2019,4,1,0.5,-0.5167364373267378,-20.0,False
2019,4,1,0.5,0.267773461269719,21.0,True
2019,4,1,0.5,-0.2784124957025208,-17.0,False
2019,4,1,0.5,0.1804764216975875,-15.0,False
2019,4,1,0.5,-0.1875600190145217,10.0,True
2019,4,1,0.5,-0.2338429281577422,-2.0,False
2019,4,1,0.5,-0.2683592977040889,2.0,True
2019,4,1,0.5,0.0369001920603028,24.0,True
2019,4,2,0.5,0.1089351762012297,-7.0,False
2019,4,2,0.5,0.0830758627283787,-14.0,False
2019,4,2,0.5,0.0779027361087494,-15.0,False
2019,4,2,0.5,-0.421249354553572,-6.0,False
2019,4,2,0.5,-0.2843338618250062,-4.0,False
2019,4,2,0.5,-0.1110243772388419,-6.0,False
2019,4,2,0.5,-0.3992643683340167,-20.0,False
2019,4,2,0.5,0.2207192821064867,21.0,True
2019,4,2,0.5,-0.210370038776035,-17.0,False
2019,4,2,0.5,0.1490630524839612,-15.0,False
2019,4,2,0.5,-0.2325296315743932,10.0,True
2019,4,2,0.5,-0.092406278553481,-2.0,False
2019,4,2,0.5,-0.1767922856962526,2.0,True
2019,4,2,0.5,0.0798386587609676,24.0,True
2019,4,3,0.5,0.1052990005562414,-7.0,False
2019,4,3,0.5,0.0804866045798999,-14.0,False
2019,4,3,0.5,0.0570106817063367,-15.0,False
2019,4,3,0.5,-0.3411647789284911,-6.0,False
2019,4,3,0.5,-0.3250383920545253,-4.0,False
2019,4,3,0.5,-0.1277366765102083,-6.0,False
2019,4,3,0.5,-0.3405283338376563,-20.0,False
2019,4,3,0.5,0.1971921925248703,21.0,True
2019,4,3,0.5,-0.1763488103127919,-17.0,False
2019,4,3,0.5,0.1333563678771481,-15.0,False
2019,4,3,0.5,-0.2550144378543289,10.0,True
2019,4,3,0.5,-0.0216879537513505,-2.0,False
2019,4,3,0.5,-0.1310087796923345,2.0,True
2019,4,3,0.5,0.1013078921113001,24.0,True
2019,4,5,0.5,0.1025718688225002,-7.0,False
2019,4,5,0.5,0.0785446609685408,-14.0,False
2019,4,5,0.5,0.0413416409045271,-15.0,False
2019,4,5,0.5,-0.2811013472096806,-6.0,False
2019,4,5,0.5,-0.3555667897266649,-4.0,False
2019,4,5,0.5,-0.1402709009637329,-6.0,False
2019,4,5,0.5,-0.2964763079653859,-20.0,False
2019,4,5,0.5,0.1795468753386582,21.0,True
2019,4,5,0.5,-0.1508328889653596,-17.0,False
2019,4,5,0.5,0.1215763544220382,-15.0,False
2019,4,5,0.5,-0.2718780425642807,10.0,True
2019,4,5,0.5,0.0313507898502475,-2.0,False
2019,4,5,0.5,-0.0966711501893958,2.0,True
2019,4,5,0.5,0.1174098171240495,24.0,True
2019,5,1,0.5,-0.06933794180413,1.0,True
2019,5,1,0.5,-0.0026515644827911,7.0,True
2019,5,1,0.5,0.1174458523499364,-3.0,False
2019,5,1,0.5,0.1333617648847177,21.0,True
2019,5,1,0.5,-0.0885990806432862,7.0,True
2019,5,1,0.5,-0.0391536282658849,-18.0,False
2019,5,1,0.5,0.3038407533379421,25.0,True
2019,5,1,0.5,-0.0497697487286288,-3.0,False
2019,5,1,0.5,0.019242011743656,-7.0,False
2019,5,1,0.5,-0.8273769249931435,-26.0,False
2019,5,1,0.5,0.0417628327225676,-7.0,False
2019,5,1,0.5,0.2072807076298412,-10.0,False
2019,5,1,0.5,0.3020027697829194,-6.0,False
2019,5,1,0.5,0.1760948790893083,28.0,True
2019,5,2,0.5,-0.0780821171331476,1.0,True
2019,5,2,0.5,0.0355243144976385,7.0,True
2019,5,2,0.5,0.1333965447735901,-3.0,False
2019,5,2,0.5,0.0696653335034056,21.0,True
2019,5,2,0.5,-0.065216517258011,7.0,True
2019,5,2,0.5,-0.0020182923278092,-18.0,False
2019,5,2,0.5,0.2081606412104066,25.0,True
2019,5,2,0.5,-0.018340209891945,-3.0,False
2019,5,2,0.5,0.0005714827329543,-7.0,False
2019,5,2,0.5,-0.548130511671867,-26.0,False
2019,5,2,0.5,-0.013342166591894,-7.0,False
2019,5,2,0.5,0.1709554791410936,-10.0,False
2019,5,2,0.5,0.2988640242955465,-6.0,False
2019,5,2,0.5,0.1004212564338296,28.0,True
2019,5,3,0.5,-0.0824542047976562,1.0,True
2019,5,3,0.5,0.0546122539878533,7.0,True
2019,5,3,0.5,0.141371890985417,-3.0,False
2019,5,3,0.5,0.0378171178127495,21.0,True
2019,5,3,0.5,-0.0535252355653734,7.0,True
2019,5,3,0.5,0.0165493756412288,-18.0,False
2019,5,3,0.5,0.1603205851466388,25.0,True
2019,5,3,0.5,-0.0026254404736031,-3.0,False
2019,5,3,0.5,-0.0087637817723964,-7.0,False
2019,5,3,0.5,-0.4085073050112287,-26.0,False
2019,5,3,0.5,-0.0408946662491248,-7.0,False
2019,5,3,0.5,0.1527928648967197,-10.0,False
2019,5,3,0.5,0.2972946515518601,-6.0,False
2019,5,3,0.5,0.0625844451060902,28.0,True
2019,5,5,0.5,-0.0857332705460378,1.0,True
2019,5,5,0.5,0.0689282086055143,7.0,True
2019,5,5,0.5,0.147353400644287,-3.0,False
2019,5,5,0.5,0.0139309560447574,21.0,True
2019,5,5,0.5,-0.0447567742958952,7.0,True
2019,5,5,0.5,0.0304751266180072,-18.0,False
2019,5,5,0.5,0.1244405430988132,25.0,True
2019,5,5,0.5,0.0091606365901532,-3.0,False
2019,5,5,0.5,-0.0157652301514096,-7.0,False
2019,5,5,0.5,-0.3037899000157499,-26.0,False
2019,5,5,0.5,-0.0615590409920479,-7.0,False
2019,5,5,0.5,0.1391709042134395,-10.0,False
2019,5,5,0.5,0.2961176219940953,-6.0,False
2019,5,5,0.5,0.0342068366102857,28.0,True
2019,6,1,0.5,0.4587802290283512,21.0,True
2019,6,1,0.5,-0.0117203814320495,-11.0,False
2019,6,1,0.5,0.1551270372796417,6.0,True
2019,6,1,0.5,-0.0938905990359404,-4.0,False
2019,6,1,0.5,-0.0736382502596338,-7.0,False
2019,6,1,0.5,0.1044337613621186,-7.0,False
2019,6,1,0.5,-0.1292382218502724,-1.0,False
2019,6,1,0.5,0.0021064852787941,18.0,True
2019,6,1,0.5,-0.0727861768295928,1.0,True
2019,6,1,0.5,-0.2955562027365941,-13.0,False
2019,6,1,0.5,0.0506934896814932,16.0,True
2019,6,1,0.5,-0.5461189073823141,2.0,True
2019,6,1,0.5,-0.1294697240173481,-7.0,False
2019,6,1,0.5,-0.078242865495361,1.0,True
2019,6,2,0.5,0.2427308603080996,21.0,True
2019,6,2,0.5,-0.0211169984146068,-11.0,False
2019,6,2,0.5,0.096007427279188,6.0,True
2019,6,2,0.5,-0.0468749644245298,-4.0,False
2019,6,2,0.5,-0.0629775670588015,-7.0,False
2019,6,2,0.5,0.1590699737774799,-7.0,False
2019,6,2,0.5,-0.109383439934759,-1.0,False
2019,6,2,0.5,0.0056963921706467,18.0,True
2019,6,2,0.5,-0.0803105946864811,1.0,True
2019,6,2,0.5,-0.1905368620044762,-13.0,False
2019,6,2,0.5,0.0982921707302465,16.0,True
2019,6,2,0.5,-0.4392513859325536,2.0,True
2019,6,2,0.5,-0.1183989789685622,-7.0,False
2019,6,2,0.5,-0.045379759231019,1.0,True
2019,6,3,0.5,0.1347061759479739,21.0,True
2019,6,3,0.5,-0.0258153069058854,-11.0,False
2019,6,3,0.5,0.0664476222789612,6.0,True
2019,6,3,0.5,-0.0233671471188245,-4.0,False
2019,6,3,0.5,-0.0576472254583853,-7.0,False
2019,6,3,0.5,0.1863880799851606,-7.0,False
2019,6,3,0.5,-0.0994560489770023,-1.0,False
2019,6,3,0.5,0.0074913456165731,18.0,True
2019,6,3,0.5,-0.0840728036149252,1.0,True
2019,6,3,0.5,-0.1380271916384172,-13.0,False
2019,6,3,0.5,0.1220915112546231,16.0,True
2019,6,3,0.5,-0.3858176252076735,2.0,True
2019,6,3,0.5,-0.1128636064441692,-7.0,False
2019,6,3,0.5,-0.0289482060988481,1.0,True
2019,6,5,0.5,0.0536876626778796,21.0,True
2019,6,5,0.5,-0.0293390382743444,-11.0,False
2019,6,5,0.5,0.044277768528791,6.0,True
2019,6,5,0.5,-0.0057362841395455,-4.0,False
2019,6,5,0.5,-0.053649469258073,-7.0,False
2019,6,5,0.5,0.206876659640921,-7.0,False
2019,6,5,0.5,-0.0920105057586847,-1.0,False
2019,6,5,0.5,0.0088375607010178,18.0,True
2019,6,5,0.5,-0.0868944603112584,1.0,True
2019,6,5,0.5,-0.0986449388638729,-13.0,False
2019,6,5,0.5,0.1399410166479056,16.0,True
2019,6,5,0.5,-0.3457423046640133,2.0,True
2019,6,5,0.5,-0.1087120770508745,-7.0,False
2019,6,5,0.5,-0.0166245412497198,1.0,True
2019,7,1,0.5,-0.086289677752475,-24.0,False
2019,7,1,0.5,-0.1101972455504192,-27.0,False
2019,7,1,0.5,0.5986306859231112,10.0,True
2019,7,1,0.5,-0.2254307364417689,-10.0,False
2019,7,1,0.5,0.0179398654249868,-12.0,False
2019,7,1,0.5,-0.1287580345915501,7.0,True
2019,7,1,0.5,0.057848200305033,-6.0,False
2019,7,1,0.5,-0.4983611931634265,-9.0,False
2019,7,1,0.5,-0.0390161585933853,3.0,True
2019,7,1,0.5,-0.0521593389027639,-11.0,False
2019,7,1,0.5,0.0543193579823663,-14.0,False
2019,7,1,0.5,0.0595986381036331,27.0,True
2019,7,1,0.5,-0.580416924440445,-33.0,False
2019,7,2,0.5,-0.1281623822718887,-24.0,False
2019,7,2,0.5,-0.0782769469445866,-27.0,False
2019,7,2,0.5,0.4773188613813874,10.0,True
2019,7,2,0.5,-0.1880262572377849,-10.0,False
2019,7,2,0.5,0.035117713698306,-12.0,False
2019,7,2,0.5,-0.0972039510177654,7.0,True
2019,7,2,0.5,0.07844598071425,-6.0,False
2019,7,2,0.5,-0.3479537818387799,-9.0,False
2019,7,2,0.5,-0.0781574130097977,3.0,True
2019,7,2,0.5,-0.0709414449589892,-11.0,False
2019,7,2,0.5,0.0566237022422551,-14.0,False
2019,7,2,0.5,0.0659037795999673,27.0,True
2019,7,2,0.5,-0.3632486168912257,-33.0,False
2019,7,3,0.5,-0.1490987345315955,-24.0,False
2019,7,3,0.5,-0.0623167976416703,-27.0,False
2019,7,3,0.5,0.4166629491105253,10.0,True
2019,7,3,0.5,-0.1693240176357931,-10.0,False
2019,7,3,0.5,0.0437066378349656,-12.0,False
2019,7,3,0.5,-0.0814269092308729,7.0,True
2019,7,3,0.5,0.0887448709188586,-6.0,False
2019,7,3,0.5,-0.2727500761764566,-9.0,False
2019,7,3,0.5,-0.0977280402180039,3.0,True
2019,7,3,0.5,-0.0803324979871018,-11.0,False
2019,7,3,0.5,0.0577758743721995,-14.0,False
2019,7,3,0.5,0.0690563503481345,27.0,True
2019,7,3,0.5,-0.2546644631166159,-33.0,False
2019,7,5,0.5,-0.1648009987263756,-24.0,False
2019,7,5,0.5,-0.0503466856644831,-27.0,False
2019,7,5,0.5,0.3711710149073787,10.0,True
2019,7,5,0.5,-0.1552973379342991,-10.0,False
2019,7,5,0.5,0.0501483309374603,-12.0,False
2019,7,5,0.5,-0.0695941278907036,7.0,True
2019,7,5,0.5,0.096469038572315,-6.0,False
2019,7,5,0.5,-0.2163472969297141,-9.0,False
2019,7,5,0.5,-0.1124060106241586,3.0,True
2019,7,5,0.5,-0.0873757877581861,-11.0,False
2019,7,5,0.5,0.0586400034696578,-14.0,False
2019,7,5,0.5,0.0714207784092597,27.0,True
2019,7,5,0.5,-0.1732263477856586,-33.0,False
2019,8,1,0.5,0.2957718461043351,10.0,True
2019,8,1,0.5,-0.1765287795672995,-7.0,False
2019,8,1,0.5,0.0441533997036707,-18.0,False
2019,8,1,0.5,0.1079450383015908,-1.0,False
2019,8,1,0.5,0.3191289663118418,5.0,True
2019,8,1,0.5,-0.0962945740086498,2.0,True
2019,8,1,0.5,0.3512097488779113,14.0,True
2019,8,1,0.5,0.307462018560119,14.0,True
2019,8,1,0.5,0.3606860713386001,22.0,True
2019,8,1,0.5,-0.0673114127706398,4.0,True
2019,8,1,0.5,0.1061574070387527,38.0,True
2019,8,1,0.5,0.441055847558748,14.0,True
2019,8,1,0.5,-0.0117256199510143,-7.0,False
2019,8,1,0.5,0.5867008686466697,13.0,True
2019,8,2,0.5,0.2322575746825778,10.0,True
2019,8,2,0.5,-0.1455285653245067,-7.0,False
2019,8,2,0.5,0.0161172133307377,-18.0,False
2019,8,2,0.5,0.0597740979965112,-1.0,False
2019,8,2,0.5,0.2862648189344665,5.0,True
2019,8,2,0.5,-0.0594819104581627,2.0,True
2019,8,2,0.5,0.2745119594387082,14.0,True
2019,8,2,0.5,0.2279669075966382,14.0,True
2019,8,2,0.5,0.3191720375304013,22.0,True
2019,8,2,0.5,-0.0993072969023116,4.0,True
2019,8,2,0.5,0.0385673118611983,38.0,True
2019,8,2,0.5,0.254410581808496,14.0,True
2019,8,2,0.5,0.0253611959354358,-7.0,False
2019,8,2,0.5,0.455856882185818,13.0,True
2019,8,3,0.5,0.2005004389716991,10.0,True
2019,8,3,0.5,-0.1300284582031103,-7.0,False
2019,8,3,0.5,0.002099120144271,-18.0,False
2019,8,3,0.5,0.0356886278439714,-1.0,False
2019,8,3,0.5,0.2698327452457789,5.0,True
2019,8,3,0.5,-0.0410755786829193,2.0,True
2019,8,3,0.5,0.2361630647191068,14.0,True
2019,8,3,0.5,0.1882193521148978,14.0,True
2019,8,3,0.5,0.298415020626302,22.0,True
2019,8,3,0.5,-0.1153052389681476,4.0,True
2019,8,3,0.5,0.0047722642724211,38.0,True
2019,8,3,0.5,0.16108794893337,14.0,True
2019,8,3,0.5,0.0439046038786609,-7.0,False
2019,8,3,0.5,0.3904348889553923,13.0,True
2019,8,5,0.5,0.1766825871885401,10.0,True
2019,8,5,0.5,-0.118403377862063,-7.0,False
2019,8,5,0.5,-0.0084144497455788,-18.0,False
2019,8,5,0.5,0.0176245252295666,-1.0,False
2019,8,5,0.5,0.2575086899792632,5.0,True
2019,8,5,0.5,-0.0272708298514866,2.0,True
2019,8,5,0.5,0.2074013936794057,14.0,True
2019,8,5,0.5,0.1584086855035924,14.0,True
2019,8,5,0.5,0.2828472579482274,22.0,True
2019,8,5,0.5,-0.1273036955175245,4.0,True
2019,8,5,0.5,-0.0205740214191617,38.0,True
2019,8,5,0.5,0.0910959742770254,14.0,True
2019,8,5,0.5,0.0578121598360796,-7.0,False
2019,8,5,0.5,0.3413683940325729,13.0,True
2019,9,1,0.5,-0.3989224652396405,-3.0,False
2019,9,1,0.5,0.0136466152143492,-23.0,False
2019,9,1,0.5,0.2213488624334646,15.0,True
2019,9,1,0.5,0.0770489935941942,10.0,True
2019,9,1,0.5,-0.0159374355162061,3.0,True
2019,9,1,0.5,-0.1114580853729876,8.0,True
2019,9,1,0.5,0.041196684880308,8.0,True
2019,9,1,0.5,0.1641102928246715,2.0,True
2019,9,1,0.5,0.0915554502051907,6.0,True
2019,9,1,0.5,0.0765585516756387,5.0,True
2019,9,1,0.5,-0.222384399680588,15.0,True
2019,9,1,0.5,-0.2817655181686715,17.0,True
2019,9,1,0.5,-0.312994939083963,-19.0,False
2019,9,2,0.5,-0.289614339035912,-3.0,False
2019,9,2,0.5,0.0031827753393014,-23.0,False
2019,9,2,0.5,0.1433155361671554,15.0,True
2019,9,2,0.5,0.0954008134551678,10.0,True
2019,9,2,0.5,0.0300313464161764,3.0,True
2019,9,2,0.5,-0.0752553478705366,8.0,True
2019,9,2,0.5,0.0754774074360359,8.0,True
2019,9,2,0.5,0.1177352748862739,2.0,True
2019,9,2,0.5,0.088542845113133,6.0,True
2019,9,2,0.5,0.0035046359143072,5.0,True
2019,9,2,0.5,-0.1857145652360064,15.0,True
2019,9,2,0.5,-0.1370651543813353,17.0,True
2019,9,2,0.5,-0.2600042352351928,-19.0,False
2019,9,3,0.5,-0.2349602759340477,-3.0,False
2019,9,3,0.5,-0.0020491445982224,-23.0,False
2019,9,3,0.5,0.1042988730340008,15.0,True
2019,9,3,0.5,0.1045767233856546,10.0,True
2019,9,3,0.5,0.0530157373823678,3.0,True
2019,9,3,0.5,-0.057153979119311,8.0,True
2019,9,3,0.5,0.0926177687138998,8.0,True
2019,9,3,0.5,0.094547765917075,2.0,True
2019,9,3,0.5,0.0870365425671041,6.0,True
2019,9,3,0.5,-0.0330223219663585,5.0,True
2019,9,3,0.5,-0.1673796480137155,15.0,True
2019,9,3,0.5,-0.0647149724876673,17.0,True
2019,9,3,0.5,-0.2335088833108077,-19.0,False
2019,9,5,0.5,-0.1939697286076495,-3.0,False
2019,9,5,0.5,-0.0059730845513653,-23.0,False
2019,9,5,0.5,0.0750363756841348,15.0,True
2019,9,5,0.5,0.1114586558335198,10.0,True
2019,9,5,0.5,0.0702540306070113,3.0,True
2019,9,5,0.5,-0.0435779525558919,8.0,True
2019,9,5,0.5,0.1054730396722978,8.0,True
2019,9,5,0.5,0.0771571341901759,2.0,True
2019,9,5,0.5,0.0859068156575826,6.0,True
2019,9,5,0.5,-0.0604175403768579,5.0,True
2019,9,5,0.5,-0.1536284600969974,15.0,True
2019,9,5,0.5,-0.0104523360674164,17.0,True
2019,9,5,0.5,-0.2136373693675189,-19.0,False
2019,10,1,0.5,-0.1603065156363005,7.0,True
2019,10,1,0.5,-0.4063781760790584,-36.0,False
2019,10,1,0.5,-0.1195879013759567,3.0,True
2019,10,1,0.5,0.3358954096128439,-17.0,False
2019,10,1,0.5,-0.1317727238568004,7.0,True
2019,10,1,0.5,0.1113089730143017,3.0,True
2019,10,1,0.5,-0.2280541144960191,3.0,True
2019,10,1,0.5,0.3393496694976747,-4.0,False
2019,10,1,0.5,0.0437037237951576,8.0,True
2019,10,1,0.5,-0.0315983652959671,5.0,True
2019,10,1,0.5,0.076837530124977,-4.0,False
2019,10,1,0.5,0.1501885074101352,-3.0,False
2019,10,2,0.5,-0.1838615504209843,7.0,True
2019,10,2,0.5,-0.3261527108445177,-36.0,False
2019,10,2,0.5,-0.0264733498743319,3.0,True
2019,10,2,0.5,0.2588917302547023,-17.0,False
2019,10,2,0.5,-0.1240634668183263,7.0,True
2019,10,2,0.5,0.0827830801751647,3.0,True
2019,10,2,0.5,-0.239040261336824,3.0,True
2019,10,2,0.5,0.2608853374713463,-4.0,False
2019,10,2,0.5,0.0469723378697204,8.0,True
2019,10,2,0.5,-0.0499575155002661,5.0,True
2019,10,2,0.5,0.077498102876956,-4.0,False
2019,10,2,0.5,0.0709752959514083,-3.0,False
2019,10,3,0.5,-0.1956390678133262,7.0,True
2019,10,3,0.5,-0.2860399782272474,-36.0,False
2019,10,3,0.5,0.0200839258764805,3.0,True
2019,10,3,0.5,0.2203898905756315,-17.0,False
2019,10,3,0.5,-0.1202088382990893,7.0,True
2019,10,3,0.5,0.0685201337555962,3.0,True
2019,10,3,0.5,-0.2445333347572264,3.0,True
2019,10,3,0.5,0.2216531714581822,-4.0,False
2019,10,3,0.5,0.0486066449070018,8.0,True
2019,10,3,0.5,-0.0591370906024156,5.0,True
2019,10,3,0.5,0.0778283892529455,-4.0,False
2019,10,3,0.5,0.0313686902220449,-3.0,False
2019,10,5,0.5,-0.2044722058575826,7.0,True
2019,10,5,0.5,-0.2559554287642948,-36.0,False
2019,10,5,0.5,0.0550018826895898,3.0,True
2019,10,5,0.5,0.1915135108163285,-17.0,False
2019,10,5,0.5,-0.1173178669096615,7.0,True
2019,10,5,0.5,0.0578229239409199,3.0,True
2019,10,5,0.5,-0.2486531398225283,3.0,True
2019,10,5,0.5,0.1922290469483091,-4.0,False
2019,10,5,0.5,0.0498323751849628,8.0,True
2019,10,5,0.5,-0.0660217719290277,5.0,True
2019,10,5,0.5,0.0780761040349375,-4.0,False
2019,10,5,0.5,0.0016637359250223,-3.0,False
2019,11,1,0.5,-0.1036313183843954,14.0,True
2019,11,1,0.5,0.0748230387529089,34.0,True
2019,11,1,0.5,0.1434307762976163,-26.0,False
2019,11,1,0.5,-0.1569946667761868,-8.0,False
2019,11,1,0.5,-0.0639575235506323,20.0,True
2019,11,1,0.5,-0.3392563455121075,-17.0,False
2019,11,1,0.5,0.0869126874117355,4.0,True
2019,11,1,0.5,-0.2283078461013976,-17.0,False
2019,11,1,0.5,0.0997236035300768,-17.0,False
2019,11,1,0.5,0.2893470332317095,10.0,True
2019,11,1,0.5,-0.2159049841273276,-7.0,False
2019,11,1,0.5,0.0965854023324509,10.0,True
2019,11,1,0.5,-0.2509204502741393,-7.0,False
2019,11,2,0.5,-0.0100753509333935,14.0,True
2019,11,2,0.5,0.0664649322843058,34.0,True
2019,11,2,0.5,0.099441268524838,-26.0,False
2019,11,2,0.5,-0.1212262685024197,-8.0,False
2019,11,2,0.5,-0.0742882814181168,20.0,True
2019,11,2,0.5,-0.237195217746342,-17.0,False
2019,11,2,0.5,0.0852225435267123,4.0,True
2019,11,2,0.5,-0.2049090109414048,-17.0,False
2019,11,2,0.5,0.1152102111489715,-17.0,False
2019,11,2,0.5,0.2006209222751389,10.0,True
2019,11,2,0.5,-0.1337750060455446,-7.0,False
2019,11,2,0.5,0.0942803307881561,10.0,True
2019,11,2,0.5,-0.2349528619303187,-7.0,False
2019,11,3,0.5,0.0367026327921074,14.0,True
2019,11,3,0.5,0.0622858790500042,34.0,True
2019,11,3,0.5,0.0774465146384489,-26.0,False
2019,11,3,0.5,-0.1033420693655361,-8.0,False
2019,11,3,0.5,-0.079453660351859,20.0,True
2019,11,3,0.5,-0.1861646538634592,-17.0,False
2019,11,3,0.5,0.0843774715842007,4.0,True
2019,11,3,0.5,-0.1932095933614084,-17.0,False
2019,11,3,0.5,0.1229535149584188,-17.0,False
2019,11,3,0.5,0.1562578667968537,10.0,True
2019,11,3,0.5,-0.092710017004653,-7.0,False
2019,11,3,0.5,0.0931277950160087,10.0,True
2019,11,3,0.5,-0.2269690677584085,-7.0,False
2019,11,5,0.5,0.0717861205862332,14.0,True
2019,11,5,0.5,0.059151589124278,34.0,True
2019,11,5,0.5,0.0609504492236571,-26.0,False
2019,11,5,0.5,-0.0899289200128733,-8.0,False
2019,11,5,0.5,-0.0833276945521656,20.0,True
2019,11,5,0.5,-0.1478917309512971,-17.0,False
2019,11,5,0.5,0.0837436676273171,4.0,True
2019,11,5,0.5,-0.1844350301764111,-17.0,False
2019,11,5,0.5,0.1287609928155043,-17.0,False
2019,11,5,0.5,0.1229855751881397,10.0,True
2019,11,5,0.5,-0.0619112752239844,-7.0,False
2019,11,5,0.5,0.0922633931868981,10.0,True
2019,11,5,0.5,-0.2209812221294758,-7.0,False
2019,12,1,0.5,0.0843268121634218,3.0,True
2019,12,1,0.5,0.0134780822788903,-13.0,False
2019,12,1,0.5,0.0553807773668366,17.0,True
2019,12,1,0.5,0.1395305184643497,5.0,True
2019,12,1,0.5,-0.2947682717915564,-6.0,False
2019,12,1,0.5,0.3219540059074923,17.0,True
2019,12,1,0.5,0.2226174907189201,3.0,True
2019,12,1,0.5,-0.0341645542405688,-8.0,False
2019,12,1,0.5,-0.2521119719295827,3.0,True
2019,12,1,0.5,-0.033621695102158,22.0,True
2019,12,1,0.5,0.0192680671758386,4.0,True
2019,12,1,0.5,0.0639441257671121,29.0,True
2019,12,1,0.5,-0.1590341561482783,-39.0,False
2019,12,2,0.5,0.1129017695620232,3.0,True
2019,12,2,0.5,0.0375758550092822,-13.0,False
2019,12,2,0.5,0.0075801944211678,17.0,True
2019,12,2,0.5,0.0834153398798947,5.0,True
2019,12,2,0.5,-0.1711821635427278,-6.0,False
2019,12,2,0.5,0.2805749346577346,17.0,True
2019,12,2,0.5,0.1947874013531478,3.0,True
2019,12,2,0.5,-0.0455562526748251,-8.0,False
2019,12,2,0.5,-0.2350374214482985,3.0,True
2019,12,2,0.5,-0.0262643471256035,22.0,True
2019,12,2,0.5,-0.0488958211453423,4.0,True
2019,12,2,0.5,0.0037708504897362,29.0,True
2019,12,2,0.5,-0.1733864390602644,-39.0,False
2019,12,3,0.5,0.1271892482613238,3.0,True
2019,12,3,0.5,0.0496247413744782,-13.0,False
2019,12,3,0.5,-0.0163200970516666,17.0,True
2019,12,3,0.5,0.0553577505876672,5.0,True
2019,12,3,0.5,-0.1093891094183135,-6.0,False
2019,12,3,0.5,0.2598853990328556,17.0,True
2019,12,3,0.5,0.1808723566702617,3.0,True
2019,12,3,0.5,-0.0512521018919533,-8.0,False
2019,12,3,0.5,-0.2265001462076564,3.0,True
2019,12,3,0.5,-0.0225856731373262,22.0,True
2019,12,3,0.5,-0.0829777653059327,4.0,True
2019,12,3,0.5,-0.0263157871489517,29.0,True
2019,12,3,0.5,-0.1805625805162575,-39.0,False
2019,12,5,0.5,0.1379048572857994,3.0,True
2019,12,5,0.5,0.0586614061483751,-13.0,False
2019,12,5,0.5,-0.0342453156562924,17.0,True
2019,12,5,0.5,0.0343145586184967,5.0,True
2019,12,5,0.5,-0.0630443188250028,-6.0,False
2019,12,5,0.5,0.2443682473141965,17.0,True
2019,12,5,0.5,0.1704360731580971,3.0,True
2019,12,5,0.5,-0.0555239888047994,-8.0,False
2019,12,5,0.5,-0.2200971897771749,3.0,True
2019,12,5,0.5,-0.0198266676461183,22.0,True
2019,12,5,0.5,-0.1085392234263755,4.0,True
2019,12,5,0.5,-0.0488807653779676,29.0,True
2019,12,5,0.5,-0.1859446866082522,-39.0,False
2019,13,1,0.5,0.0748836209800277,-4.0,False
2019,13,1,0.5,0.0927577196392936,-11.0,False
2019,13,1,0.5,-0.3093449686822931,-8.0,False
2019,13,1,0.5,0.0867333439244537,3.0,True
2019,13,1,0.5,0.1884956162945865,-8.0,False
2019,13,1,0.5,-0.1219184365773327,16.0,True
2019,13,1,0.5,-0.0256799916663407,-14.0,False
2019,13,1,0.5,0.011584753793521,-17.0,False
2019,13,1,0.5,-0.3957991028187172,6.0,True
2019,13,1,0.5,-0.2428381742344716,-18.0,False
2019,13,1,0.5,-0.0354288074075046,7.0,True
2019,13,1,0.5,-0.1036895073449616,-27.0,False
2019,13,1,0.5,0.1024490800827206,3.0,True
2019,13,1,0.5,-0.1461984538891576,6.0,True
2019,13,1,0.5,-0.0249910327922556,7.0,True
2019,13,2,0.5,0.1211827783582286,-4.0,False
2019,13,2,0.5,0.1388862986318416,-11.0,False
2019,13,2,0.5,-0.2537365491000172,-8.0,False
2019,13,2,0.5,0.1402453299418823,3.0,True
2019,13,2,0.5,0.1738229970406889,-8.0,False
2019,13,2,0.5,-0.0654086702574775,16.0,True
2019,13,2,0.5,-0.0465261188468916,-14.0,False
2019,13,2,0.5,0.0230506865556792,-17.0,False
2019,13,2,0.5,-0.3143296260549647,6.0,True
2019,13,2,0.5,-0.2044672560369832,-18.0,False
2019,13,2,0.5,-0.1033039138363232,7.0,True
2019,13,2,0.5,-0.062814136672203,-27.0,False
2019,13,2,0.5,0.0798219774634751,3.0,True
2019,13,2,0.5,-0.0597577268343751,6.0,True
2019,13,2,0.5,-0.0117893532345901,7.0,True
2019,13,3,0.5,0.1443323570473291,-4.0,False
2019,13,3,0.5,0.1619505881281156,-11.0,False
2019,13,3,0.5,-0.2259323393088793,-8.0,False
2019,13,3,0.5,0.1670013229505965,3.0,True
2019,13,3,0.5,0.1664866874137402,-8.0,False
2019,13,3,0.5,-0.0371537870975498,16.0,True
2019,13,3,0.5,-0.0569491824371671,-14.0,False
2019,13,3,0.5,0.0287836529367583,-17.0,False
2019,13,3,0.5,-0.2735948876730885,6.0,True
2019,13,3,0.5,-0.1852817969382389,-18.0,False
2019,13,3,0.5,-0.1372414670507325,7.0,True
2019,13,3,0.5,-0.0423764513358237,-27.0,False
2019,13,3,0.5,0.0685084261538524,3.0,True
2019,13,3,0.5,-0.0165373633069839,6.0,True
2019,13,3,0.5,-0.0051885134557574,7.0,True
2019,13,5,0.5,0.1616945410641544,-4.0,False
2019,13,5,0.5,0.1792488052503212,-11.0,False
2019,13,5,0.5,-0.2050791819655258,-8.0,False
2019,13,5,0.5,0.1870683177071324,3.0,True
2019,13,5,0.5,0.1609844551935285,-8.0,False
2019,13,5,0.5,-0.0159626247276041,16.0,True
2019,13,5,0.5,-0.0647664801298737,-14.0,False
2019,13,5,0.5,0.0330833777225676,-17.0,False
2019,13,5,0.5,-0.2430438338866813,6.0,True
2019,13,5,0.5,-0.1708927026141808,-18.0,False
2019,13,5,0.5,-0.1626946319615395,7.0,True
2019,13,5,0.5,-0.0270481873335392,-27.0,False
2019,13,5,0.5,0.0600232626716353,3.0,True
2019,13,5,0.5,0.0158779093385594,6.0,True
2019,13,5,0.5,-0.0002378836216329,7.0,True
2019,14,1,0.5,-0.2037025490560778,7.0,True
2019,14,1,0.5,-0.085041654131348,20.0,True
2019,14,1,0.5,-0.1117332727962985,-7.0,False
2019,14,1,0.5,0.2283644250021005,8.0,True
2019,14,1,0.5,0.2734660144118205,5.0,True
2019,14,1,0.5,0.1305941340451785,-14.0,False
2019,14,1,0.5,0.1131934291634331,13.0,True
2019,14,1,0.5,0.0421895400639858,-2.0,False
2019,14,1,0.5,0.1381069052835835,1.0,True
2019,14,1,0.5,0.0169254258496142,3.0,True
2019,14,1,0.5,0.0382740044519953,-35.0,False
2019,14,1,0.5,-0.1056518326364397,-6.0,False
2019,14,1,0.5,-0.0577669213495073,-7.0,False
2019,14,1,0.5,-0.0312415815582571,16.0,True
2019,14,1,0.5,0.2288129535048237,6.0,True
2019,14,2,0.5,-0.2356746295422189,7.0,True
2019,14,2,0.5,-0.0575900719729604,20.0,True
2019,14,2,0.5,-0.1651140582902157,-7.0,False
2019,14,2,0.5,0.1866089726296255,8.0,True
2019,14,2,0.5,0.2456996427081553,5.0,True
2019,14,2,0.5,0.1371789767880036,-14.0,False
2019,14,2,0.5,0.0793727279458615,13.0,True
2019,14,2,0.5,0.0664071359357744,-2.0,False
2019,14,2,0.5,0.07960445891143,1.0,True
2019,14,2,0.5,0.0195610592620944,3.0,True
2019,14,2,0.5,0.0271347867777044,-35.0,False
2019,14,2,0.5,-0.0170473694355058,-6.0,False
2019,14,2,0.5,-0.1150296711836737,-7.0,False
2019,14,2,0.5,-0.0456075144075327,16.0,True
2019,14,2,0.5,0.1888767986714104,6.0,True
2019,14,3,0.5,-0.2516606697852894,7.0,True
2019,14,3,0.5,-0.0438642808937667,20.0,True
2019,14,3,0.5,-0.1918044510371742,-7.0,False
2019,14,3,0.5,0.165731246443388,8.0,True
2019,14,3,0.5,0.2318164568563228,5.0,True
2019,14,3,0.5,0.1404713981594163,-14.0,False
2019,14,3,0.5,0.0624623773370757,13.0,True
2019,14,3,0.5,0.0785159338716688,-2.0,False
2019,14,3,0.5,0.0503532357253533,1.0,True
2019,14,3,0.5,0.0208788759683343,3.0,True
2019,14,3,0.5,0.0215651779405591,-35.0,False
2019,14,3,0.5,0.027254862164961,-6.0,False
2019,14,3,0.5,-0.1436610461007568,-7.0,False
2019,14,3,0.5,-0.0527904808321705,16.0,True
2019,14,3,0.5,0.1689087212547038,6.0,True
2019,14,5,0.5,-0.2636501999675923,7.0,True
2019,14,5,0.5,-0.0335699375843714,20.0,True
2019,14,5,0.5,-0.2118222455973931,-7.0,False
2019,14,5,0.5,0.15007295180371,8.0,True
2019,14,5,0.5,0.2214040674674483,5.0,True
2019,14,5,0.5,0.1429407141879757,-14.0,False
2019,14,5,0.5,0.0497796143804863,13.0,True
2019,14,5,0.5,0.0875975323235896,-2.0,False
2019,14,5,0.5,0.0284148183357957,1.0,True
2019,14,5,0.5,0.0218672384980144,3.0,True
2019,14,5,0.5,0.0173879713127,-35.0,False
2019,14,5,0.5,0.0604815358653112,-6.0,False
2019,14,5,0.5,-0.1651345772885692,-7.0,False
2019,14,5,0.5,-0.0581777056506489,16.0,True
2019,14,5,0.5,0.1539326631921737,6.0,True
2019,15,1,0.5,0.422415987314382,21.0,True
2019,15,1,0.5,-0.1830985458186951,-6.0,False
2019,15,1,0.5,-0.3235006858331798,-21.0,False
2019,15,1,0.5,-0.0390527427177052,-21.0,False
2019,15,1,0.5,0.0774624072890601,8.0,True
2019,15,1,0.5,0.2046429354397388,20.0,True
2019,15,1,0.5,0.0925847702640209,16.0,True
2019,15,1,0.5,-0.0026884948794281,-3.0,False
2019,15,1,0.5,-0.2266369980045898,-10.0,False
2019,15,1,0.5,-0.1073627295063149,14.0,True
2019,15,1,0.5,-0.1712611698222036,-29.0,False
2019,15,1,0.5,0.0726768934080788,23.0,True
2019,15,1,0.5,0.2625450593598903,-7.0,False
2019,15,1,0.5,-0.0925777817700172,-7.0,False
2019,15,1,0.5,0.2476371647919642,27.0,True
2019,15,2,0.5,0.4066938659058477,21.0,True
2019,15,2,0.5,-0.1726246243592415,-6.0,False
2019,15,2,0.5,-0.2138867636883901,-21.0,False
2019,15,2,0.5,0.0099441673128628,-21.0,False
2019,15,2,0.5,0.0894165280311943,8.0,True
2019,15,2,0.5,0.2055269081059811,20.0,True
2019,15,2,0.5,0.0571108639975911,16.0,True
2019,15,2,0.5,-0.0180904028162168,-3.0,False
2019,15,2,0.5,-0.2120414315085683,-10.0,False
2019,15,2,0.5,-0.0837676697662494,14.0,True
2019,15,2,0.5,-0.1365417994796217,-29.0,False
2019,15,2,0.5,0.099082660886259,23.0,True
2019,15,2,0.5,0.1860337347870266,-7.0,False
2019,15,2,0.5,-0.0883815131493014,-7.0,False
2019,15,2,0.5,0.2350285739271132,27.0,True
2019,15,3,0.5,0.3988328052015806,21.0,True
2019,15,3,0.5,-0.1673876636295148,-6.0,False
2019,15,3,0.5,-0.1590798026159952,-21.0,False
2019,15,3,0.5,0.0344426223281469,-21.0,False
2019,15,3,0.5,0.0953935884022614,8.0,True
2019,15,3,0.5,0.2059688944391024,20.0,True
2019,15,3,0.5,0.0393739108643761,16.0,True
2019,15,3,0.5,-0.0257913567846112,-3.0,False
2019,15,3,0.5,-0.2047436482605577,-10.0,False
2019,15,3,0.5,-0.0719701398962166,14.0,True
2019,15,3,0.5,-0.1191821143083307,-29.0,False
2019,15,3,0.5,0.1122855446253492,23.0,True
2019,15,3,0.5,0.1477780725005947,-7.0,False
2019,15,3,0.5,-0.0862833788389434,-7.0,False
2019,15,3,0.5,0.2287242784946877,27.0,True
2019,15,5,0.5,0.3929370096733803,21.0,True
2019,15,5,0.5,-0.1634599430822197,-6.0,False
2019,15,5,0.5,-0.117974581811699,-21.0,False
2019,15,5,0.5,0.0528164635896099,-21.0,False
2019,15,5,0.5,0.0998763836805618,8.0,True
2019,15,5,0.5,0.2063003841889432,20.0,True
2019,15,5,0.5,0.026071196014465,16.0,True
2019,15,5,0.5,-0.031567072260907,-3.0,False
2019,15,5,0.5,-0.1992703108245496,-10.0,False
2019,15,5,0.5,-0.063121992493692,14.0,True
2019,15,5,0.5,-0.1061623504298625,-29.0,False
2019,15,5,0.5,0.1221877074296668,23.0,True
2019,15,5,0.5,0.1190863257857707,-7.0,False
2019,15,5,0.5,-0.084709778106175,-7.0,False
2019,15,5,0.5,0.2239960569203685,27.0,True
2019,16,1,0.5,-0.0525544123757269,-3.0,False
2019,16,1,0.5,0.0031051055612932,7.0,True
2019,16,1,0.5,0.0914216933082599,3.0,True
2019,16,1,0.5,0.0419280329500527,12.0,True
2019,16,1,0.5,-0.3052769316629055,-16.0,False
2019,16,1,0.5,0.0510230363351587,32.0,True
2019,16,1,0.5,-0.0766525362499028,3.0,True
2019,16,1,0.5,-0.1056857082660276,6.0,True
2019,16,1,0.5,-0.1979761244313491,-10.0,False
2019,16,1,0.5,-0.0055205431103627,-6.0,False
2019,16,1,0.5,0.0421406613596447,10.0,True
2019,16,1,0.5,-0.1794500919766134,8.0,True
2019,16,1,0.5,0.1787447507578312,-14.0,False
2019,16,1,0.5,-0.2453467877815985,-23.0,False
2019,16,1,0.5,-0.0327484718682569,-13.0,False
2019,16,2,0.5,-0.0894893919327312,-3.0,False
2019,16,2,0.5,0.0120785427574299,7.0,True
2019,16,2,0.5,0.0618507441962756,3.0,True
2019,16,2,0.5,0.0550065618002346,12.0,True
2019,16,2,0.5,-0.269522351669824,-16.0,False
2019,16,2,0.5,0.0285922229754887,32.0,True
2019,16,2,0.5,-0.0723555674438748,3.0,True
2019,16,2,0.5,-0.0549152774805254,6.0,True
2019,16,2,0.5,-0.1722188319242893,-10.0,False
2019,16,2,0.5,-0.0134114673570802,-6.0,False
2019,16,2,0.5,0.0139637281029637,10.0,True
2019,16,2,0.5,-0.1841273188606584,8.0,True
2019,16,2,0.5,0.1395870762139934,-14.0,False
2019,16,2,0.5,-0.2675088429403484,-23.0,False
2019,16,2,0.5,-0.0209196875628072,-13.0,False
2019,16,3,0.5,-0.1079568817112334,-3.0,False
2019,16,3,0.5,0.0165652613554984,7.0,True
2019,16,3,0.5,0.0470652696402835,3.0,True
2019,16,3,0.5,0.0615458262253256,12.0,True
2019,16,3,0.5,-0.2516450616732831,-16.0,False
2019,16,3,0.5,0.0173768162956537,32.0,True
2019,16,3,0.5,-0.0702070830408608,3.0,True
2019,16,3,0.5,-0.0295300620877743,6.0,True
2019,16,3,0.5,-0.1593401856707594,-10.0,False
2019,16,3,0.5,-0.0173569294804389,-6.0,False
2019,16,3,0.5,-0.0001247385253767,10.0,True
2019,16,3,0.5,-0.186465932302681,8.0,True
2019,16,3,0.5,0.1200082389420746,-14.0,False
2019,16,3,0.5,-0.2785898705197234,-23.0,False
2019,16,3,0.5,-0.0150052954100824,-13.0,False
2019,16,5,0.5,-0.1218074990451101,-3.0,False
2019,16,5,0.5,0.0199303003040496,7.0,True
2019,16,5,0.5,0.0359761637232895,3.0,True
2019,16,5,0.5,0.0664502745441437,12.0,True
2019,16,5,0.5,-0.2382370941758776,-16.0,False
2019,16,5,0.5,0.0089652612857775,32.0,True
2019,16,5,0.5,-0.0685957197386003,3.0,True
2019,16,5,0.5,-0.010491150543211,6.0,True
2019,16,5,0.5,-0.1496812009806119,-10.0,False
2019,16,5,0.5,-0.0203160260729581,-6.0,False
2019,16,5,0.5,-0.0106910884966321,10.0,True
2019,16,5,0.5,-0.1882198923841979,8.0,True
2019,16,5,0.5,0.1053241109881354,-14.0,False
2019,16,5,0.5,-0.2869006412042546,-23.0,False
2019,16,5,0.5,-0.0105695012955389,-13.0,False
2019,17,1,0.5,0.2060418002854195,-7.0,False
2019,17,1,0.5,-0.3582983710840141,-32.0,False
2019,17,1,0.5,-0.1640709268849708,10.0,True
2019,17,1,0.5,-0.2184389982068703,-3.0,False
2019,17,1,0.5,0.2971178175969572,10.0,True
2019,17,1,0.5,0.1139163981459712,-2.0,False
2019,17,1,0.5,0.3563259515859954,-3.0,False
2019,17,1,0.5,0.0562061987931109,-6.0,False
2019,17,1,0.5,0.3879129043014715,18.0,True
2019,17,1,0.5,0.3348494826291368,31.0,True
2019,17,1,0.5,0.0144057164731775,-21.0,False
2019,17,1,0.5,-0.1090109331360397,18.0,True
2019,17,1,0.5,0.104488742731547,7.0,True
2019,17,1,0.5,-0.1352045556173541,-17.0,False
2019,17,1,0.5,-0.0603545470297277,-5.0,False
2019,17,2,0.5,0.1504300968786417,-7.0,False
2019,17,2,0.5,-0.3098871372370816,-32.0,False
2019,17,2,0.5,-0.133856620329017,10.0,True
2019,17,2,0.5,-0.1464917277840245,-3.0,False
2019,17,2,0.5,0.2755521537100414,10.0,True
2019,17,2,0.5,0.1180975478543095,-2.0,False
2019,17,2,0.5,0.262094541775201,-3.0,False
2019,17,2,0.5,-0.0037469963431987,-6.0,False
2019,17,2,0.5,0.3984835759748943,18.0,True
2019,17,2,0.5,0.3278635055509676,31.0,True
2019,17,2,0.5,0.0163010175449721,-21.0,False
2019,17,2,0.5,-0.0797376906057372,18.0,True
2019,17,2,0.5,0.0687621421802946,7.0,True
2019,17,2,0.5,-0.112117156560411,-17.0,False
2019,17,2,0.5,-0.0291716387731254,-5.0,False
2019,17,3,0.5,0.1226242451752528,-7.0,False
2019,17,3,0.5,-0.2856815203136154,-32.0,False
2019,17,3,0.5,-0.11874946705104,10.0,True
2019,17,3,0.5,-0.1105180925726016,-3.0,False
2019,17,3,0.5,0.2647693217665836,10.0,True
2019,17,3,0.5,0.1201881227084786,-2.0,False
2019,17,3,0.5,0.2149788368698039,-3.0,False
2019,17,3,0.5,-0.0337235939113535,-6.0,False
2019,17,3,0.5,0.4037689118116057,18.0,True
2019,17,3,0.5,0.3243705170118831,31.0,True
2019,17,3,0.5,0.0172486680808694,-21.0,False
2019,17,3,0.5,-0.065101069340586,18.0,True
2019,17,3,0.5,0.0508988419046684,7.0,True
2019,17,3,0.5,-0.1005734570319396,-17.0,False
2019,17,3,0.5,-0.0135801846448243,-5.0,False
2019,17,5,0.5,0.1017698563977111,-7.0,False
2019,17,5,0.5,-0.2675273076210156,-32.0,False
2019,17,5,0.5,-0.1074191020925574,10.0,True
2019,17,5,0.5,-0.0835378661640344,-3.0,False
2019,17,5,0.5,0.2566821978089902,10.0,True
2019,17,5,0.5,0.1217560538491055,-2.0,False
2019,17,5,0.5,0.1796420581907561,-3.0,False
2019,17,5,0.5,-0.0562060420874696,-6.0,False
2019,17,5,0.5,0.4077329136891393,18.0,True
2019,17,5,0.5,0.3217507756075696,31.0,True
2019,17,5,0.5,0.0179594059827925,-21.0,False
2019,17,5,0.5,-0.0541236033917226,18.0,True
2019,17,5,0.5,0.0375013666979488,7.0,True
2019,17,5,0.5,-0.0919156823855859,-17.0,False
2019,17,5,0.5,-0.0018865940485985,-5.0,False
2020,4,1,0.5,-0.0023486271309947,-9.0,False
2020,4,1,0.5,0.0173978037774503,10.0,True
2020,4,1,0.5,-0.1428667269645884,8.0,True
2020,4,1,0.5,-0.2581308851698077,-11.0,False
2020,4,1,0.5,-0.1191506673974296,-6.0,False
2020,4,1,0.5,0.0537171447761538,-8.0,False
2020,4,1,0.5,-0.3614504166653894,-8.0,False
2020,4,1,0.5,0.0878357370314749,7.0,True
2020,4,1,0.5,-0.2087177870676488,-14.0,False
2020,4,1,0.5,0.316056631554665,8.0,True
2020,4,1,0.5,-0.1654802399573627,-8.0,False
2020,4,1,0.5,-0.1726018477535457,-7.0,False
2020,4,1,0.5,0.2531813927137517,-5.0,False
2020,4,1,0.5,0.2642731173449398,16.0,True
2020,4,1,0.5,0.2228885963496719,14.0,True
2020,4,2,0.5,0.0384964557130272,-9.0,False
2020,4,2,0.5,0.0900087511012636,10.0,True
2020,4,2,0.5,-0.1303698139677571,8.0,True
2020,4,2,0.5,-0.2383878698939008,-11.0,False
2020,4,2,0.5,-0.107049628871909,-6.0,False
2020,4,2,0.5,0.038176712878031,-8.0,False
2020,4,2,0.5,-0.236096518741472,-8.0,False
2020,4,2,0.5,0.0213513962825993,7.0,True
2020,4,2,0.5,-0.2441801646061471,-14.0,False
2020,4,2,0.5,0.2883856339875375,8.0,True
2020,4,2,0.5,-0.0517963809802565,-8.0,False
2020,4,2,0.5,-0.0888991275552039,-7.0,False
2020,4,2,0.5,0.2587690013933292,-5.0,False
2020,4,2,0.5,0.2615657683366637,16.0,True
2020,4,2,0.5,0.212260962986867,14.0,True
2020,4,3,0.5,0.0589189971350382,-9.0,False
2020,4,3,0.5,0.1263142247631702,10.0,True
2020,4,3,0.5,-0.1241213574693414,8.0,True
2020,4,3,0.5,-0.2285163622559474,-11.0,False
2020,4,3,0.5,-0.1009991096091488,-6.0,False
2020,4,3,0.5,0.0304064969289697,-8.0,False
2020,4,3,0.5,-0.1734195697795131,-8.0,False
2020,4,3,0.5,-0.0118907740918385,7.0,True
2020,4,3,0.5,-0.2619113533753962,-14.0,False
2020,4,3,0.5,0.2745501352039737,8.0,True
2020,4,3,0.5,0.0050455485082964,-8.0,False
2020,4,3,0.5,-0.0470477674560331,-7.0,False
2020,4,3,0.5,0.2615628057331179,-5.0,False
2020,4,3,0.5,0.2602120938325257,16.0,True
2020,4,3,0.5,0.2069471463054648,14.0,True
2020,4,5,0.5,0.0742359032015465,-9.0,False
2020,4,5,0.5,0.1535433300096002,10.0,True
2020,4,5,0.5,-0.1194350150955297,8.0,True
2020,4,5,0.5,-0.2211127315274822,-11.0,False
2020,4,5,0.5,-0.0964612201620785,-6.0,False
2020,4,5,0.5,0.0245788349671735,-8.0,False
2020,4,5,0.5,-0.1264118580580441,-8.0,False
2020,4,5,0.5,-0.0368224018726669,7.0,True
2020,4,5,0.5,-0.275209744952333,-14.0,False
2020,4,5,0.5,0.2641735111163009,8.0,True
2020,4,5,0.5,0.0476769956247113,-8.0,False
2020,4,5,0.5,-0.0156592473816549,-7.0,False
2020,4,5,0.5,0.2636581589879594,-5.0,False
2020,4,5,0.5,0.2591968379544222,16.0,True
2020,4,5,0.5,0.2029617837944131,14.0,True
2020,5,1,0.5,-0.2195387861806491,1.0,True
2020,5,1,0.5,-0.1815377787896089,-7.0,False
2020,5,1,0.5,0.1877522313596717,24.0,True
2020,5,1,0.5,-0.0985231978706485,16.0,True
2020,5,1,0.5,0.2291770878400926,-8.0,False
2020,5,1,0.5,-0.1197567207863254,-20.0,False
2020,5,1,0.5,0.3176684813381433,9.0,True
2020,5,1,0.5,-0.2942871999163091,-20.0,False
2020,5,1,0.5,0.2409158907082252,-26.0,False
2020,5,1,0.5,0.167663982391665,9.0,True
2020,5,1,0.5,0.1473502695467093,3.0,True
2020,5,1,0.5,0.2076787202505947,1.0,True
2020,5,1,0.5,0.1290067608515477,3.0,True
2020,5,1,0.5,-0.2248026504547238,26.0,True
2020,5,2,0.5,-0.1563885808116523,1.0,True
2020,5,2,0.5,-0.1487224289131672,-7.0,False
2020,5,2,0.5,0.1785877654871582,24.0,True
2020,5,2,0.5,-0.0846790957552623,16.0,True
2020,5,2,0.5,0.1386269416657179,-8.0,False
2020,5,2,0.5,-0.0557285357872437,-20.0,False
2020,5,2,0.5,0.2454994386953501,9.0,True
2020,5,2,0.5,-0.2730958353757988,-20.0,False
2020,5,2,0.5,0.1585587459336024,-26.0,False
2020,5,2,0.5,0.2453428541428879,9.0,True
2020,5,2,0.5,0.1699098767554323,3.0,True
2020,5,2,0.5,0.141079374506933,1.0,True
2020,5,2,0.5,0.1083153904697711,3.0,True
2020,5,2,0.5,-0.1721602129907165,26.0,True
2020,5,3,0.5,-0.1248134781271539,1.0,True
2020,5,3,0.5,-0.1323147539749464,-7.0,False
2020,5,3,0.5,0.1740055325509013,24.0,True
2020,5,3,0.5,-0.0777570446975691,16.0,True
2020,5,3,0.5,0.0933518685785307,-8.0,False
2020,5,3,0.5,-0.0237144432877028,-20.0,False
2020,5,3,0.5,0.2094149173739534,9.0,True
2020,5,3,0.5,-0.2625001531055435,-20.0,False
2020,5,3,0.5,0.1173801735462909,-26.0,False
2020,5,3,0.5,0.2841822900184995,9.0,True
2020,5,3,0.5,0.1811896803597937,3.0,True
2020,5,3,0.5,0.1077797016351021,1.0,True
2020,5,3,0.5,0.0979697052788827,3.0,True
2020,5,3,0.5,-0.145838994258713,26.0,True
2020,5,5,0.5,-0.1011321511137801,1.0,True
2020,5,5,0.5,-0.1200089977712807,-7.0,False
2020,5,5,0.5,0.1705688578487088,24.0,True
2020,5,5,0.5,-0.0725655064042992,16.0,True
2020,5,5,0.5,0.0593955637631401,-8.0,False
2020,5,5,0.5,0.0002961260869527,-20.0,False
2020,5,5,0.5,0.1823515263829059,9.0,True
2020,5,5,0.5,-0.2545533914028521,-20.0,False
2020,5,5,0.5,0.0864962442558074,-26.0,False
2020,5,5,0.5,0.313311866925208,9.0,True
2020,5,5,0.5,0.1896495330630647,3.0,True
2020,5,5,0.5,0.082804946981229,1.0,True
2020,5,5,0.5,0.0902104413857164,3.0,True
2020,5,5,0.5,-0.1260980802097102,26.0,True
2020,6,1,0.5,0.2038169757791584,-7.0,False
2020,6,1,0.5,0.1986214969189907,4.0,True
2020,6,1,0.5,-0.0633677963694643,-18.0,False
2020,6,1,0.5,0.0283791885706579,-17.0,False
2020,6,1,0.5,0.185575721712308,-6.0,False
2020,6,1,0.5,0.0953113877530743,1.0,True
2020,6,1,0.5,-0.2891452454714477,-2.0,False
2020,6,1,0.5,-0.1473872552346004,31.0,True
2020,6,1,0.5,0.1838258116646464,6.0,True
2020,6,1,0.5,0.1411216025317854,24.0,True
2020,6,1,0.5,-0.2164948392584789,28.0,True
2020,6,1,0.5,-0.1150667319118336,8.0,True
2020,6,1,0.5,-0.0521176922142973,-9.0,False
2020,6,1,0.5,0.0372721863242751,-28.0,False
2020,6,2,0.5,0.1966702811174277,-7.0,False
2020,6,2,0.5,0.0934912131233837,4.0,True
2020,6,2,0.5,-0.0373743991156378,-18.0,False
2020,6,2,0.5,0.0017036305700093,-17.0,False
2020,6,2,0.5,0.1582652479921425,-6.0,False
2020,6,2,0.5,0.0964008220079766,1.0,True
2020,6,2,0.5,-0.2564811737348474,-2.0,False
2020,6,2,0.5,-0.1882055791865448,31.0,True
2020,6,2,0.5,0.1237825856548404,6.0,True
2020,6,2,0.5,0.1406634162053208,24.0,True
2020,6,2,0.5,-0.2251170512079349,28.0,True
2020,6,2,0.5,-0.0907379464190149,8.0,True
2020,6,2,0.5,-0.0619948922816854,-9.0,False
2020,6,2,0.5,0.1125260798064523,-28.0,False
2020,6,3,0.5,0.1930969337865622,-7.0,False
2020,6,3,0.5,0.0409260712255802,4.0,True
2020,6,3,0.5,-0.0243777004887245,-18.0,False
2020,6,3,0.5,-0.0116341484303148,-17.0,False
2020,6,3,0.5,0.1446100111320599,-6.0,False
2020,6,3,0.5,0.0969455391354278,1.0,True
2020,6,3,0.5,-0.2401491378665473,-2.0,False
2020,6,3,0.5,-0.2086147411625171,31.0,True
2020,6,3,0.5,0.0937609726499373,6.0,True
2020,6,3,0.5,0.1404343230420885,24.0,True
2020,6,3,0.5,-0.229428157182663,28.0,True
2020,6,3,0.5,-0.0785735536726056,8.0,True
2020,6,3,0.5,-0.0669334923153796,-9.0,False
2020,6,3,0.5,0.1501530265475409,-28.0,False
2020,6,5,0.5,0.1904169232884133,-7.0,False
2020,6,5,0.5,0.0015022148022277,4.0,True
2020,6,5,0.5,-0.0146301765185397,-18.0,False
2020,6,5,0.5,-0.0216374826805581,-17.0,False
2020,6,5,0.5,0.1343685834869978,-6.0,False
2020,6,5,0.5,0.0973540769810161,1.0,True
2020,6,5,0.5,-0.2279001109653222,-2.0,False
2020,6,5,0.5,-0.2239216126444962,31.0,True
2020,6,5,0.5,0.0712447628962601,6.0,True
2020,6,5,0.5,0.1402625031696643,24.0,True
2020,6,5,0.5,-0.232661486663709,28.0,True
2020,6,5,0.5,-0.0694502591127987,8.0,True
2020,6,5,0.5,-0.07063744234065,-9.0,False
2020,6,5,0.5,0.1783732366033575,-28.0,False
2020,7,1,0.5,0.0070051252868269,1.0,True
2020,7,1,0.5,-0.0497181625048581,-1.0,False
2020,7,1,0.5,-0.3410724957989485,-3.0,False
2020,7,1,0.5,-0.2647681384431246,-15.0,False
2020,7,1,0.5,0.1009962327198448,3.0,True
2020,7,1,0.5,-0.31113509637489,-8.0,False
2020,7,1,0.5,-0.1080547133561977,-3.0,False
2020,7,1,0.5,-0.1545130759005568,22.0,True
2020,7,1,0.5,-0.1054995824304526,-25.0,False
2020,7,1,0.5,-0.3908696532805237,-27.0,False
2020,7,1,0.5,0.1468889594884531,10.0,True
2020,7,1,0.5,-0.0398556045073088,-27.0,False
2020,7,1,0.5,-0.0773301562138833,3.0,True
2020,7,1,0.5,0.1011700226206216,14.0,True
2020,7,2,0.5,0.0064617287661779,1.0,True
2020,7,2,0.5,-0.0475662914956994,-1.0,False
2020,7,2,0.5,-0.2823237765435998,-3.0,False
2020,7,2,0.5,-0.2227086791982624,-15.0,False
2020,7,2,0.5,0.0877969452972613,3.0,True
2020,7,2,0.5,-0.2613063521405608,-8.0,False
2020,7,2,0.5,-0.0668957832329709,-3.0,False
2020,7,2,0.5,-0.2104250460246256,22.0,True
2020,7,2,0.5,-0.0166332800725638,-25.0,False
2020,7,2,0.5,-0.3696696509419932,-27.0,False
2020,7,2,0.5,0.1232144442123911,10.0,True
2020,7,2,0.5,-0.058339647504312,-27.0,False
2020,7,2,0.5,-0.0797138489268936,3.0,True
2020,7,2,0.5,0.1009120553443242,14.0,True
2020,7,3,0.5,0.0061900305058534,1.0,True
2020,7,3,0.5,-0.04649035599112,-1.0,False
2020,7,3,0.5,-0.2529494169159255,-3.0,False
2020,7,3,0.5,-0.2016789495758313,-15.0,False
2020,7,3,0.5,0.0811973015859696,3.0,True
2020,7,3,0.5,-0.2363919800233963,-8.0,False
2020,7,3,0.5,-0.0463163181713575,-3.0,False
2020,7,3,0.5,-0.2383810310866601,22.0,True
2020,7,3,0.5,0.0277998711063807,-25.0,False
2020,7,3,0.5,-0.3590696497727279,-27.0,False
2020,7,3,0.5,0.1113771865743602,10.0,True
2020,7,3,0.5,-0.0675816690028136,-27.0,False
2020,7,3,0.5,-0.0809056952833987,3.0,True
2020,7,3,0.5,0.1007830717061756,14.0,True
2020,7,5,0.5,0.0059862568106101,1.0,True
2020,7,5,0.5,-0.0456834043626855,-1.0,False
2020,7,5,0.5,-0.2309186471951698,-3.0,False
2020,7,5,0.5,-0.185906652359008,-15.0,False
2020,7,5,0.5,0.0762475688025008,3.0,True
2020,7,5,0.5,-0.2177062009355229,-8.0,False
2020,7,5,0.5,-0.0308817193751474,-3.0,False
2020,7,5,0.5,-0.2593480198831859,22.0,True
2020,7,5,0.5,0.061124734490589,-25.0,False
2020,7,5,0.5,-0.351119648895779,-27.0,False
2020,7,5,0.5,0.1024992433458368,10.0,True
2020,7,5,0.5,-0.0745131851266898,-27.0,False
2020,7,5,0.5,-0.0817995800507776,3.0,True
2020,7,5,0.5,0.100686333977564,14.0,True
2020,8,1,0.5,0.0713984935340289,-8.0,False
2020,8,1,0.5,-0.0190414865073808,-4.0,False
2020,8,1,0.5,0.1668999930386662,3.0,True
2020,8,1,0.5,-0.1842716334925753,11.0,True
2020,8,1,0.5,0.1718554435805579,-10.0,False
2020,8,1,0.5,-0.0324328658987798,-20.0,False
2020,8,1,0.5,0.4256659258871293,-6.0,False
2020,8,1,0.5,0.4672310533719907,26.0,True
2020,8,1,0.5,-0.104251355662964,11.0,True
2020,8,1,0.5,-0.2250004577811152,1.0,True
2020,8,1,0.5,-0.2320199597871137,-3.0,False
2020,8,1,0.5,0.0593273467621848,10.0,True
2020,8,1,0.5,0.0530947398704692,14.0,True
2020,8,1,0.5,-0.2973602598779932,-2.0,False
2020,8,2,0.5,0.0673333962424554,-8.0,False
2020,8,2,0.5,-0.0033137855458579,-4.0,False
2020,8,2,0.5,0.1475120119497276,3.0,True
2020,8,2,0.5,-0.1191527654361799,11.0,True
2020,8,2,0.5,0.1279085028807056,-10.0,False
2020,8,2,0.5,0.0488251341077719,-20.0,False
2020,8,2,0.5,0.4068789992126297,-6.0,False
2020,8,2,0.5,0.3993597344208075,26.0,True
2020,8,2,0.5,-0.067553575043564,11.0,True
2020,8,2,0.5,-0.2258791573422213,1.0,True
2020,8,2,0.5,-0.2404051238239406,-3.0,False
2020,8,2,0.5,0.0558845257219183,10.0,True
2020,8,2,0.5,-0.0022473687022306,14.0,True
2020,8,2,0.5,-0.2230587455239255,-2.0,False
2020,8,3,0.5,0.0653008475966687,-8.0,False
2020,8,3,0.5,0.0045500649349035,-4.0,False
2020,8,3,0.5,0.1378180214052584,3.0,True
2020,8,3,0.5,-0.0865933314079822,11.0,True
2020,8,3,0.5,0.1059350325307794,-10.0,False
2020,8,3,0.5,0.0894541341110478,-20.0,False
2020,8,3,0.5,0.3974855358753799,-6.0,False
2020,8,3,0.5,0.3654240749452159,26.0,True
2020,8,3,0.5,-0.049204684733864,11.0,True
2020,8,3,0.5,-0.2263185071227742,1.0,True
2020,8,3,0.5,-0.244597705842354,-3.0,False
2020,8,3,0.5,0.054163115201785,10.0,True
2020,8,3,0.5,-0.0299184229885806,14.0,True
2020,8,3,0.5,-0.1859079883468917,-2.0,False
2020,8,5,0.5,0.0637764361123287,-8.0,False
2020,8,5,0.5,0.0104479527954747,-4.0,False
2020,8,5,0.5,0.1305475284969064,3.0,True
2020,8,5,0.5,-0.0621737558868339,11.0,True
2020,8,5,0.5,0.0894549297683347,-10.0,False
2020,8,5,0.5,0.1199258841135046,-20.0,False
2020,8,5,0.5,0.3904404383724426,-6.0,False
2020,8,5,0.5,0.3399723303385222,26.0,True
2020,8,5,0.5,-0.035443017001589,11.0,True
2020,8,5,0.5,-0.226648019458189,1.0,True
2020,8,5,0.5,-0.2477421423561641,-3.0,False
2020,8,5,0.5,0.0528720573116851,10.0,True
2020,8,5,0.5,-0.050671713703343,14.0,True
2020,8,5,0.5,-0.1580449204641164,-2.0,False
2020,9,1,0.5,-0.1855632986720964,-17.0,False
2020,9,1,0.5,0.1876660814373908,7.0,True
2020,9,1,0.5,-0.0467115889647444,10.0,True
2020,9,1,0.5,-0.0854567191147197,-14.0,False
2020,9,1,0.5,-0.0949724302673362,-2.0,False
2020,9,1,0.5,0.2224720542039024,2.0,True
2020,9,1,0.5,-0.0859287913013489,14.0,True
2020,9,1,0.5,0.1646980200396712,7.0,True
2020,9,1,0.5,-0.0344124694440776,-3.0,False
2020,9,1,0.5,0.0050207798847431,-5.0,False
2020,9,1,0.5,0.0684583691635499,-3.0,False
2020,9,1,0.5,-0.261276788147326,-5.0,False
2020,9,1,0.5,-0.0156375709702921,-35.0,False
2020,9,1,0.5,-0.2515591107137626,-3.0,False
2020,9,2,0.5,-0.2091615595045179,-17.0,False
2020,9,2,0.5,0.203998669309892,7.0,True
2020,9,2,0.5,-0.0467867219755463,10.0,True
2020,9,2,0.5,-0.1351036706276637,-14.0,False
2020,9,2,0.5,-0.0967507790860247,-2.0,False
2020,9,2,0.5,0.1850131827453557,2.0,True
2020,9,2,0.5,-0.0959782262898759,14.0,True
2020,9,2,0.5,0.1553800739406823,7.0,True
2020,9,2,0.5,-0.0738991416990761,-3.0,False
2020,9,2,0.5,-0.0266832229364402,-5.0,False
2020,9,2,0.5,0.0442716232026048,-3.0,False
2020,9,2,0.5,-0.1672065148896563,-5.0,False
2020,9,2,0.5,-0.0610586530994702,-35.0,False
2020,9,2,0.5,-0.1995263642291024,-3.0,False
2020,9,3,0.5,-0.2209606899207286,-17.0,False
2020,9,3,0.5,0.2121649632461427,7.0,True
2020,9,3,0.5,-0.0468242884809472,10.0,True
2020,9,3,0.5,-0.1599271463841355,-14.0,False
2020,9,3,0.5,-0.0976399534953688,-2.0,False
2020,9,3,0.5,0.1662837470160824,2.0,True
2020,9,3,0.5,-0.1010029437841394,14.0,True
2020,9,3,0.5,0.1507211008911878,7.0,True
2020,9,3,0.5,-0.0936424778265755,-3.0,False
2020,9,3,0.5,-0.0425352243470319,-5.0,False
2020,9,3,0.5,0.0321782502221322,-3.0,False
2020,9,3,0.5,-0.1201713782608214,-5.0,False
2020,9,3,0.5,-0.0837691941640593,-35.0,False
2020,9,3,0.5,-0.1735099909867724,-3.0,False
2020,9,5,0.5,-0.2298100377328866,-17.0,False
2020,9,5,0.5,0.2182896836983307,7.0,True
2020,9,5,0.5,-0.0468524633599979,10.0,True
2020,9,5,0.5,-0.1785447532014896,-14.0,False
2020,9,5,0.5,-0.098306834302377,-2.0,False
2020,9,5,0.5,0.1522366702191275,2.0,True
2020,9,5,0.5,-0.104771481904837,14.0,True
2020,9,5,0.5,0.147226871104067,7.0,True
2020,9,5,0.5,-0.1084499799221999,-3.0,False
2020,9,5,0.5,-0.0544242254049757,-5.0,False
2020,9,5,0.5,0.0231082204867778,-3.0,False
2020,9,5,0.5,-0.0848950257891953,-5.0,False
2020,9,5,0.5,-0.1008020999625011,-35.0,False
2020,9,5,0.5,-0.1539977110550248,-3.0,False
2020,10,1,0.5,-0.0047215615443086,-17.0,False
2020,10,1,0.5,-0.0706287185452403,-23.0,False
2020,10,1,0.5,0.1947928411789131,3.0,True
2020,10,1,0.5,0.1260287771492005,3.0,True
2020,10,1,0.5,0.3615035927806691,4.0,True
2020,10,1,0.5,-0.0024258877395455,10.0,True
2020,10,1,0.5,-0.0455042239698579,2.0,True
2020,10,1,0.5,0.2799393455969913,25.0,True
2020,10,1,0.5,-0.022662660678688,8.0,True
2020,10,1,0.5,-0.0509856152126191,7.0,True
2020,10,1,0.5,0.2578256977128768,14.0,True
2020,10,1,0.5,0.2058287295721574,26.0,True
2020,10,1,0.5,-0.1884665471229859,6.0,True
2020,10,1,0.5,-0.076642974777369,-6.0,False
2020,10,2,0.5,0.0368833369054704,-17.0,False
2020,10,2,0.5,-0.0261698400410142,-23.0,False
2020,10,2,0.5,0.1625707214284008,3.0,True
2020,10,2,0.5,0.1703732655720604,3.0,True
2020,10,2,0.5,0.3349571811249922,4.0,True
2020,10,2,0.5,0.0258129132356912,10.0,True
2020,10,2,0.5,-0.0523915562843551,2.0,True
2020,10,2,0.5,0.3003967762333346,25.0,True
2020,10,2,0.5,-0.0126739350912836,8.0,True
2020,10,2,0.5,-0.0660395417863725,7.0,True
2020,10,2,0.5,0.2491888247154516,14.0,True
2020,10,2,0.5,0.0978164823281606,26.0,True
2020,10,2,0.5,-0.1627077103045347,6.0,True
2020,10,2,0.5,-0.1047515813754061,-6.0,False
2020,10,3,0.5,0.05768578613036,-17.0,False
2020,10,3,0.5,-0.0039404007889012,-23.0,False
2020,10,3,0.5,0.1464596615531447,3.0,True
2020,10,3,0.5,0.1925455097834903,3.0,True
2020,10,3,0.5,0.3216839752971537,4.0,True
2020,10,3,0.5,0.0399323137233095,10.0,True
2020,10,3,0.5,-0.0558352224416037,2.0,True
2020,10,3,0.5,0.3106254915515062,25.0,True
2020,10,3,0.5,-0.0076795722975814,8.0,True
2020,10,3,0.5,-0.0735665050732491,7.0,True
2020,10,3,0.5,0.244870388216739,14.0,True
2020,10,3,0.5,0.0438103587061623,26.0,True
2020,10,3,0.5,-0.1498282918953091,6.0,True
2020,10,3,0.5,-0.1188058846744246,-6.0,False
2020,10,5,0.5,0.0732876230490272,-17.0,False
2020,10,5,0.5,0.0127316786501835,-23.0,False
2020,10,5,0.5,0.1343763666467026,3.0,True
2020,10,5,0.5,0.2091746929420628,3.0,True
2020,10,5,0.5,0.3117290709262751,4.0,True
2020,10,5,0.5,0.0505218640890234,10.0,True
2020,10,5,0.5,-0.0584179720595402,2.0,True
2020,10,5,0.5,0.318297028040135,25.0,True
2020,10,5,0.5,-0.0039338002023047,8.0,True
2020,10,5,0.5,-0.0792117275384066,7.0,True
2020,10,5,0.5,0.2416315608427046,14.0,True
2020,10,5,0.5,0.0033057659896635,26.0,True
2020,10,5,0.5,-0.14016872808839,6.0,True
2020,10,5,0.5,-0.1293466121486885,-6.0,False
2020,11,1,0.5,-0.0240278780024344,7.0,True
2020,11,1,0.5,0.067254749807551,-6.0,False
2020,11,1,0.5,0.0245561006029601,20.0,True
2020,11,1,0.5,0.2110425053490401,5.0,True
2020,11,1,0.5,-0.0411853321890154,7.0,True
2020,11,1,0.5,-0.2770969703803011,-24.0,False
2020,11,1,0.5,0.1861631917999595,15.0,True
2020,11,1,0.5,-0.1134729981732159,11.0,True
2020,11,1,0.5,-0.2994728694752506,7.0,True
2020,11,1,0.5,0.2357498528896281,6.0,True
2020,11,1,0.5,-0.1229298708188871,3.0,True
2020,11,1,0.5,0.1585430789240294,-3.0,False
2020,11,1,0.5,-0.0847896231614845,-4.0,False
2020,11,1,0.5,0.0400917603802391,-3.0,False
2020,11,2,0.5,0.00164179599445,7.0,True
2020,11,2,0.5,0.0527229411455399,-6.0,False
2020,11,2,0.5,0.0088076741973594,20.0,True
2020,11,2,0.5,0.217932899565154,5.0,True
2020,11,2,0.5,-0.0093014185951139,7.0,True
2020,11,2,0.5,-0.1870271867902466,-24.0,False
2020,11,2,0.5,0.1630476757784331,15.0,True
2020,11,2,0.5,-0.1675742027809031,11.0,True
2020,11,2,0.5,-0.2995983349898347,7.0,True
2020,11,2,0.5,0.1993269337357323,6.0,True
2020,11,2,0.5,-0.1722936961867579,3.0,True
2020,11,2,0.5,0.1165092366889612,-3.0,False
2020,11,2,0.5,-0.0762736367201711,-4.0,False
2020,11,2,0.5,0.0364859519492435,-3.0,False
2020,11,3,0.5,0.0144766329928923,7.0,True
2020,11,3,0.5,0.0454570368145342,-6.0,False
2020,11,3,0.5,0.0009334609945591,20.0,True
2020,11,3,0.5,0.221378096673211,5.0,True
2020,11,3,0.5,0.0066405382018367,7.0,True
2020,11,3,0.5,-0.1419922949952193,-24.0,False
2020,11,3,0.5,0.15148991776767,15.0,True
2020,11,3,0.5,-0.1946248050847467,11.0,True
2020,11,3,0.5,-0.2996610677471268,7.0,True
2020,11,3,0.5,0.1811154741587844,6.0,True
2020,11,3,0.5,-0.1969756088706933,3.0,True
2020,11,3,0.5,0.0954923155714271,-3.0,False
2020,11,3,0.5,-0.0720156434995144,-4.0,False
2020,11,3,0.5,0.0346830477337457,-3.0,False
2020,11,5,0.5,0.024102760741724,7.0,True
2020,11,5,0.5,0.04000760856628,-6.0,False
2020,11,5,0.5,-0.004972198907541,20.0,True
2020,11,5,0.5,0.2239619945042537,5.0,True
2020,11,5,0.5,0.0185970057995497,7.0,True
2020,11,5,0.5,-0.1082161261489489,-24.0,False
2020,11,5,0.5,0.1428215992595977,15.0,True
2020,11,5,0.5,-0.2149127568126294,11.0,True
2020,11,5,0.5,-0.2997081173150958,7.0,True
2020,11,5,0.5,0.1674568794760735,6.0,True
2020,11,5,0.5,-0.2154870433836448,3.0,True
2020,11,5,0.5,0.0797296247332766,-3.0,False
2020,11,5,0.5,-0.0688221485840219,-4.0,False
2020,11,5,0.5,0.0333308695721223,-3.0,False
2020,12,1,0.5,-0.0134711540194215,-16.0,False
2020,12,1,0.5,0.0320700717869451,-25.0,False
2020,12,1,0.5,-0.1323149223601378,37.0,True
2020,12,1,0.5,0.0932110481992378,10.0,True
2020,12,1,0.5,-0.0065508659321857,-2.0,False
2020,12,1,0.5,0.0142914973034374,-19.0,False
2020,12,1,0.5,-0.2485860985576643,-2.0,False
2020,12,1,0.5,-0.0424443150177894,1.0,True
2020,12,1,0.5,-0.0952777561761262,3.0,True
2020,12,1,0.5,-0.2280500472238307,-17.0,False
2020,12,1,0.5,-0.4548160241379252,-28.0,False
2020,12,1,0.5,0.184059417423027,-3.0,False
2020,12,1,0.5,-0.1069176102720138,-3.0,False
2020,12,1,0.5,0.3409959887254381,16.0,True
2020,12,1,0.5,-0.1485228830278296,-6.0,False
2020,12,1,0.5,0.0651008613311617,5.0,True
2020,12,2,0.5,-0.0389183246576646,-16.0,False
2020,12,2,0.5,0.0852698003640752,-25.0,False
2020,12,2,0.5,-0.1243125436948421,37.0,True
2020,12,2,0.5,0.0682035411620199,10.0,True
2020,12,2,0.5,0.0303197479659371,-2.0,False
2020,12,2,0.5,-0.0198725142837581,-19.0,False
2020,12,2,0.5,-0.2134180617057348,-2.0,False
2020,12,2,0.5,-0.0415192687336077,1.0,True
2020,12,2,0.5,-0.0713791670503657,3.0,True
2020,12,2,0.5,-0.1897311362252036,-17.0,False
2020,12,2,0.5,-0.430687472027497,-28.0,False
2020,12,2,0.5,0.155603702133986,-3.0,False
2020,12,2,0.5,-0.145214421889794,-3.0,False
2020,12,2,0.5,0.3572800592579033,16.0,True
2020,12,2,0.5,-0.1615516264434088,-6.0,False
2020,12,2,0.5,0.0051302086120137,5.0,True
2020,12,3,0.5,-0.0516419099767861,-16.0,False
2020,12,3,0.5,0.1118696646526401,-25.0,False
2020,12,3,0.5,-0.1203113543621944,37.0,True
2020,12,3,0.5,0.0556997876434109,10.0,True
2020,12,3,0.5,0.0487550549149985,-2.0,False
2020,12,3,0.5,-0.0369545200773559,-19.0,False
2020,12,3,0.5,-0.1958340432797701,-2.0,False
2020,12,3,0.5,-0.0410567455915168,1.0,True
2020,12,3,0.5,-0.0594298724874855,3.0,True
2020,12,3,0.5,-0.1705716807258901,-17.0,False
2020,12,3,0.5,-0.4186231959722829,-28.0,False
2020,12,3,0.5,0.1413758444894655,-3.0,False
2020,12,3,0.5,-0.164362827698684,-3.0,False
2020,12,3,0.5,0.365422094524136,16.0,True
2020,12,3,0.5,-0.1680659981511985,-6.0,False
2020,12,3,0.5,-0.0248551177475602,5.0,True
2020,12,5,0.5,-0.0611845989661273,-16.0,False
2020,12,5,0.5,0.131819562869064,-25.0,False
2020,12,5,0.5,-0.1173104623627085,37.0,True
2020,12,5,0.5,0.0463219725044541,10.0,True
2020,12,5,0.5,0.0625815351267946,-2.0,False
2020,12,5,0.5,-0.0497660244225542,-19.0,False
2020,12,5,0.5,-0.1826460294602965,-2.0,False
2020,12,5,0.5,-0.0407098532349486,1.0,True
2020,12,5,0.5,-0.0504679015653253,3.0,True
2020,12,5,0.5,-0.1562020891014049,-17.0,False
2020,12,5,0.5,-0.4095749889308723,-28.0,False
2020,12,5,0.5,0.1307049512560751,-3.0,False
2020,12,5,0.5,-0.1787241320553516,-3.0,False
2020,12,5,0.5,0.3715286209738104,16.0,True
2020,12,5,0.5,-0.1729517769320407,-6.0,False
2020,12,5,0.5,-0.0473441125172407,5.0,True
2020,13,1,0.5,-0.2373303746267235,-5.0,False
2020,13,1,0.5,-0.1255252758465311,-4.0,False
2020,13,1,0.5,-0.0148519654305684,-6.0,False
2020,13,1,0.5,0.0918886629751123,12.0,True
2020,13,1,0.5,0.1650088267193206,3.0,True
2020,13,1,0.5,-0.290365423905002,-3.0,False
2020,13,1,0.5,-0.0108350933894528,-6.0,False
2020,13,1,0.5,-0.0007590283196768,-10.0,False
2020,13,1,0.5,0.1747267991540066,-5.0,False
2020,13,1,0.5,0.3679170791536305,14.0,True
2020,13,1,0.5,0.0408102101387391,-45.0,False
2020,13,1,0.5,0.4848218772271878,6.0,True
2020,13,1,0.5,0.3038044645174367,-6.0,False
2020,13,1,0.5,-0.1589033034454458,-10.0,False
2020,13,1,0.5,0.1756789148438331,17.0,True
2020,13,2,0.5,-0.1833493756894194,-5.0,False
2020,13,2,0.5,-0.1542918641070009,-4.0,False
2020,13,2,0.5,0.0413994226716447,-6.0,False
2020,13,2,0.5,0.0526605318576651,12.0,True
2020,13,2,0.5,0.1334858854469642,3.0,True
2020,13,2,0.5,-0.2627172769136707,-3.0,False
2020,13,2,0.5,-0.0104371672707676,-6.0,False
2020,13,2,0.5,0.0127039780207359,-10.0,False
2020,13,2,0.5,0.1747430247107515,-5.0,False
2020,13,2,0.5,0.355068653423896,14.0,True
2020,13,2,0.5,0.0358258126802131,-45.0,False
2020,13,2,0.5,0.509849626630512,6.0,True
2020,13,2,0.5,0.2487492547198546,-6.0,False
2020,13,2,0.5,-0.1457879994203046,-10.0,False
2020,13,2,0.5,0.1267500187051561,17.0,True
2020,13,3,0.5,-0.1563588762207675,-5.0,False
2020,13,3,0.5,-0.1686751582372359,-4.0,False
2020,13,3,0.5,0.0695251167227514,-6.0,False
2020,13,3,0.5,0.0330464662989415,12.0,True
2020,13,3,0.5,0.1177244148107859,3.0,True
2020,13,3,0.5,-0.248893203418005,-3.0,False
2020,13,3,0.5,-0.0102382042114251,-6.0,False
2020,13,3,0.5,0.0194354811909423,-10.0,False
2020,13,3,0.5,0.174751137489124,-5.0,False
2020,13,3,0.5,0.3486444405590287,14.0,True
2020,13,3,0.5,0.0333336139509501,-45.0,False
2020,13,3,0.5,0.5223635013321741,6.0,True
2020,13,3,0.5,0.2212216498210636,-6.0,False
2020,13,3,0.5,-0.139230347407734,-10.0,False
2020,13,3,0.5,0.1022855706358176,17.0,True
2020,13,5,0.5,-0.1361160016192784,-5.0,False
2020,13,5,0.5,-0.1794626288349121,-4.0,False
2020,13,5,0.5,0.0906193872610814,-6.0,False
2020,13,5,0.5,0.0183359171298989,12.0,True
2020,13,5,0.5,0.1059033118336522,3.0,True
2020,13,5,0.5,-0.2385251482962558,-3.0,False
2020,13,5,0.5,-0.010088981916918,-6.0,False
2020,13,5,0.5,0.0244841085685971,-10.0,False
2020,13,5,0.5,0.1747572220729034,-5.0,False
2020,13,5,0.5,0.3438262809103783,14.0,True
2020,13,5,0.5,0.0314644649040028,-45.0,False
2020,13,5,0.5,0.5317489073584205,6.0,True
2020,13,5,0.5,0.2005759461469703,-6.0,False
2020,13,5,0.5,-0.1343121083983061,-10.0,False
2020,13,5,0.5,0.0839372345838138,17.0,True
2020,14,1,0.5,0.156926940985874,21.0,True
2020,14,1,0.5,0.3098890644373629,-5.0,False
2020,14,1,0.5,-0.1768277336483361,29.0,True
2020,14,1,0.5,0.0090410162290976,-23.0,False
2020,14,1,0.5,-0.2148115191722226,-21.0,False
2020,14,1,0.5,-0.2259703581747828,-6.0,False
2020,14,1,0.5,-0.0803359236279941,-19.0,False
2020,14,1,0.5,0.0436901257278588,12.0,True
2020,14,1,0.5,0.0239682996521962,-17.0,False
2020,14,1,0.5,0.2897964414081411,37.0,True
2020,14,1,0.5,-0.3016280383462992,-7.0,False
2020,14,1,0.5,0.0389834073255999,3.0,True
2020,14,1,0.5,-0.3346994002743535,3.0,True
2020,14,1,0.5,0.0404931735049797,-8.0,False
2020,14,1,0.5,0.0061382086578327,11.0,True
2020,14,1,0.5,0.0614312358197811,-5.0,False
2020,14,2,0.5,0.1174117946373109,21.0,True
2020,14,2,0.5,0.3316811331981949,-5.0,False
2020,14,2,0.5,-0.2144444273053279,29.0,True
2020,14,2,0.5,-0.0013079164277082,-23.0,False
2020,14,2,0.5,-0.1899642614685623,-21.0,False
2020,14,2,0.5,-0.2413433519911808,-6.0,False
2020,14,2,0.5,-0.0818016590611171,-19.0,False
2020,14,2,0.5,0.0385807879821769,12.0,True
2020,14,2,0.5,0.0615080901256672,-17.0,False
2020,14,2,0.5,0.2477767075383123,37.0,True
2020,14,2,0.5,-0.2580215376537041,-7.0,False
2020,14,2,0.5,0.0223195692604782,3.0,True
2020,14,2,0.5,-0.280391074964005,3.0,True
2020,14,2,0.5,0.0663373258804555,-8.0,False
2020,14,2,0.5,0.0586325198149432,11.0,True
2020,14,2,0.5,0.0606472292083151,-5.0,False
2020,14,3,0.5,0.0976542214630294,21.0,True
2020,14,3,0.5,0.342577167578611,-5.0,False
2020,14,3,0.5,-0.2332527741338239,29.0,True
2020,14,3,0.5,-0.0064823827561112,-23.0,False
2020,14,3,0.5,-0.1775406326167322,-21.0,False
2020,14,3,0.5,-0.2490298488993799,-6.0,False
2020,14,3,0.5,-0.0825345267776786,-19.0,False
2020,14,3,0.5,0.0360261191093359,12.0,True
2020,14,3,0.5,0.0802779853624027,-17.0,False
2020,14,3,0.5,0.226766840603398,37.0,True
2020,14,3,0.5,-0.2362182873074066,-7.0,False
2020,14,3,0.5,0.0139876502279173,3.0,True
2020,14,3,0.5,-0.2532369123088309,3.0,True
2020,14,3,0.5,0.0792594020681934,-8.0,False
2020,14,3,0.5,0.0848796753934984,11.0,True
2020,14,3,0.5,0.060255225902582,-5.0,False
2020,14,5,0.5,0.0828360415823182,21.0,True
2020,14,5,0.5,0.3507491933639229,-5.0,False
2020,14,5,0.5,-0.2473590342551958,29.0,True
2020,14,5,0.5,-0.0103632325024135,-23.0,False
2020,14,5,0.5,-0.1682229109778595,-21.0,False
2020,14,5,0.5,-0.2547947215805292,-6.0,False
2020,14,5,0.5,-0.0830841775650997,-19.0,False
2020,14,5,0.5,0.0341101174547052,12.0,True
2020,14,5,0.5,0.0943554067899544,-17.0,False
2020,14,5,0.5,0.2110094404022122,37.0,True
2020,14,5,0.5,-0.2198658495476834,-7.0,False
2020,14,5,0.5,0.0077387109534968,3.0,True
2020,14,5,0.5,-0.2328712903174503,3.0,True
2020,14,5,0.5,0.0889509592089968,-8.0,False
2020,14,5,0.5,0.1045650420774148,11.0,True
2020,14,5,0.5,0.0599612234232821,-5.0,False
2020,15,1,0.5,0.0585931076930495,-3.0,False
2020,15,1,0.5,-0.3637785110682414,-29.0,False
2020,15,1,0.5,0.2521102574288036,8.0,True
2020,15,1,0.5,-0.1511955075462104,-4.0,False
2020,15,1,0.5,0.22933486942891,26.0,True
2020,15,1,0.5,-0.0434039546672802,8.0,True
2020,15,1,0.5,0.0460153757700226,7.0,True
2020,15,1,0.5,0.0721654880101301,10.0,True
2020,15,1,0.5,0.1418627934594901,-6.0,False
2020,15,1,0.5,0.1352958595636065,21.0,True
2020,15,1,0.5,-0.2408922133144536,-5.0,False
2020,15,1,0.5,0.1353520590522669,7.0,True
2020,15,1,0.5,0.3367192754731782,-3.0,False
2020,15,1,0.5,-0.0817004180271159,-3.0,False
2020,15,1,0.5,-0.1932705141036631,-14.0,False
2020,15,1,0.5,-0.2279653109286669,10.0,True
2020,15,2,0.5,0.0815884331863038,-3.0,False
2020,15,2,0.5,-0.357665108840133,-29.0,False
2020,15,2,0.5,0.2103745198508904,8.0,True
2020,15,2,0.5,-0.1264332549090483,-4.0,False
2020,15,2,0.5,0.2056606728673777,26.0,True
2020,15,2,0.5,-0.0040371602748131,8.0,True
2020,15,2,0.5,-0.0181362553615682,7.0,True
2020,15,2,0.5,0.0553370670427161,10.0,True
2020,15,2,0.5,0.1477723401106912,-6.0,False
2020,15,2,0.5,0.1004841175008353,21.0,True
2020,15,2,0.5,-0.2556840068999466,-5.0,False
2020,15,2,0.5,0.1191554537900144,7.0,True
2020,15,2,0.5,0.2550323123748118,-3.0,False
2020,15,2,0.5,-0.1157513892207494,-3.0,False
2020,15,2,0.5,-0.1992744211787346,-14.0,False
2020,15,2,0.5,-0.1322738206174231,10.0,True
2020,15,3,0.5,0.0930860959329309,-3.0,False
2020,15,3,0.5,-0.3546084077260787,-29.0,False
2020,15,3,0.5,0.1895066510619338,8.0,True
2020,15,3,0.5,-0.1140521285904672,-4.0,False
2020,15,3,0.5,0.1938235745866115,26.0,True
2020,15,3,0.5,0.0156462369214203,8.0,True
2020,15,3,0.5,-0.0502120709273636,7.0,True
2020,15,3,0.5,0.0469228565590091,10.0,True
2020,15,3,0.5,0.1507271134362918,-6.0,False
2020,15,3,0.5,0.0830782464694497,21.0,True
2020,15,3,0.5,-0.2630799036926932,-5.0,False
2020,15,3,0.5,0.1110571511588881,7.0,True
2020,15,3,0.5,0.2141888308256286,-3.0,False
2020,15,3,0.5,-0.1327768748175662,-3.0,False
2020,15,3,0.5,-0.2022763747162703,-14.0,False
2020,15,3,0.5,-0.0844280754618011,10.0,True
2020,15,5,0.5,0.1017093429929013,-3.0,False
2020,15,5,0.5,-0.3523158818905381,-29.0,False
2020,15,5,0.5,0.1738557494702163,8.0,True
2020,15,5,0.5,-0.1047662838515314,-4.0,False
2020,15,5,0.5,0.1849457508760369,26.0,True
2020,15,5,0.5,0.0304087848185955,8.0,True
2020,15,5,0.5,-0.0742689326017102,7.0,True
2020,15,5,0.5,0.0406121986962289,10.0,True
2020,15,5,0.5,0.1529431934304922,-6.0,False
2020,15,5,0.5,0.0700238431959105,21.0,True
2020,15,5,0.5,-0.2686268262872531,-5.0,False
2020,15,5,0.5,0.1049834241855434,7.0,True
2020,15,5,0.5,0.1835562196637411,-3.0,False
2020,15,5,0.5,-0.1455459890151788,-3.0,False
2020,15,5,0.5,-0.204527839869422,-14.0,False
2020,15,5,0.5,-0.0485437665950847,10.0,True
2020,16,1,0.5,0.1338392230001781,19.0,True
2020,16,1,0.5,-0.1203230129875741,-40.0,False
2020,16,1,0.5,0.1424986844355268,-8.0,False
2020,16,1,0.5,0.0235293766145932,-1.0,False
2020,16,1,0.5,0.1374066230940835,14.0,True
2020,16,1,0.5,0.0875389623493325,-6.0,False
2020,16,1,0.5,-0.0623877398091147,-24.0,False
2020,16,1,0.5,0.3177128101226549,3.0,True
2020,16,1,0.5,-0.342996600068155,7.0,True
2020,16,1,0.5,0.0050141548334433,4.0,True
2020,16,1,0.5,0.2316710147308947,3.0,True
2020,16,1,0.5,-0.1503124043366408,-7.0,False
2020,16,1,0.5,0.0276753573513093,20.0,True
2020,16,1,0.5,0.0425197747599138,11.0,True
2020,16,1,0.5,0.1632381857140526,26.0,True
2020,16,1,0.5,-0.2445960951247549,-29.0,False
2020,16,2,0.5,0.095070407583754,19.0,True
2020,16,2,0.5,-0.0772944108289803,-40.0,False
2020,16,2,0.5,0.1347840579727605,-8.0,False
2020,16,2,0.5,0.0584308226657251,-1.0,False
2020,16,2,0.5,0.1387501269842799,14.0,True
2020,16,2,0.5,0.1117171250264997,-6.0,False
2020,16,2,0.5,-0.0279276922600534,-24.0,False
2020,16,2,0.5,0.2997833428040204,3.0,True
2020,16,2,0.5,-0.3047287205244709,7.0,True
2020,16,2,0.5,-0.0376557000083954,4.0,True
2020,16,2,0.5,0.2305044631764951,3.0,True
2020,16,2,0.5,-0.1871797725068496,-7.0,False
2020,16,2,0.5,0.0436881844305089,20.0,True
2020,16,2,0.5,0.067148655126047,11.0,True
2020,16,2,0.5,0.1419339299127081,26.0,True
2020,16,2,0.5,-0.2171055975296007,-29.0,False
2020,16,3,0.5,0.0756859998755421,19.0,True
2020,16,3,0.5,-0.0557801097496834,-40.0,False
2020,16,3,0.5,0.1309267447413774,-8.0,False
2020,16,3,0.5,0.0758815456912911,-1.0,False
2020,16,3,0.5,0.1394218789293782,14.0,True
2020,16,3,0.5,0.1238062063650833,-6.0,False
2020,16,3,0.5,-0.0106976684855227,-24.0,False
2020,16,3,0.5,0.2908186091447032,3.0,True
2020,16,3,0.5,-0.2855947807526289,7.0,True
2020,16,3,0.5,-0.0589906274293148,4.0,True
2020,16,3,0.5,0.2299211873992953,3.0,True
2020,16,3,0.5,-0.205613456591954,-7.0,False
2020,16,3,0.5,0.0516945979701086,20.0,True
2020,16,3,0.5,0.0794630953091136,11.0,True
2020,16,3,0.5,0.1312818020120357,26.0,True
2020,16,3,0.5,-0.2033603487320235,-29.0,False
2020,16,5,0.5,0.0611476940943831,19.0,True
2020,16,5,0.5,-0.0396443839402107,-40.0,False
2020,16,5,0.5,0.12803375981784,-8.0,False
2020,16,5,0.5,0.0889695879604656,-1.0,False
2020,16,5,0.5,0.1399256928882019,14.0,True
2020,16,5,0.5,0.132873017369021,-6.0,False
2020,16,5,0.5,0.0022248493453752,-24.0,False
2020,16,5,0.5,0.2840950589002153,3.0,True
2020,16,5,0.5,-0.2712443259237473,7.0,True
2020,16,5,0.5,-0.0749918229950044,4.0,True
2020,16,5,0.5,0.2294837305663954,3.0,True
2020,16,5,0.5,-0.2194387196557823,-7.0,False
2020,16,5,0.5,0.0576994081248084,20.0,True
2020,16,5,0.5,0.0886989254464135,11.0,True
2020,16,5,0.5,0.1232927060865316,26.0,True
2020,16,5,0.5,-0.1930514121338407,-29.0,False
2020,17,1,0.5,0.1629189645814521,30.0,True
2020,17,1,0.5,-0.1601606667070985,-35.0,False
2020,17,1,0.5,0.0361256645578083,2.0,True
2020,17,1,0.5,-0.0803926424718892,-2.0,False
2020,17,1,0.5,0.0552046260432134,14.0,True
2020,17,1,0.5,-0.0179617766885188,4.0,True
2020,17,1,0.5,0.1720177851257126,17.0,True
2020,17,1,0.5,-0.1594963242552812,-26.0,False
2020,17,1,0.5,-0.4109680887825808,-19.0,False
2020,17,1,0.5,-0.2304475135770431,-1.0,False
2020,17,1,0.5,-0.0802575490250806,-3.0,False
2020,17,1,0.5,0.2135650652515532,14.0,True
2020,17,1,0.5,0.2372880054432764,-17.0,False
2020,17,1,0.5,0.0478591971910643,11.0,True
2020,17,1,0.5,-0.1884968169598366,-3.0,False
2020,17,1,0.5,0.0486766302623571,-6.0,False
2020,17,2,0.5,0.1623680460163679,30.0,True
2020,17,2,0.5,-0.1345333298936228,-35.0,False
2020,17,2,0.5,0.100671930677769,2.0,True
2020,17,2,0.5,-0.0564338609637782,-2.0,False
2020,17,2,0.5,0.051539322837408,14.0,True
2020,17,2,0.5,-0.0421514630913202,4.0,True
2020,17,2,0.5,0.1418034349114767,17.0,True
2020,17,2,0.5,-0.1168181395624424,-26.0,False
2020,17,2,0.5,-0.3891347160803248,-19.0,False
2020,17,2,0.5,-0.2677439603147403,-1.0,False
2020,17,2,0.5,-0.0345018637295203,-3.0,False
2020,17,2,0.5,0.1761834396977592,14.0,True
2020,17,2,0.5,0.2373184128654858,-17.0,False
2020,17,2,0.5,0.018630885150214,11.0,True
2020,17,2,0.5,-0.1837231315946085,-3.0,False
2020,17,2,0.5,0.0836736159666945,-6.0,False
2020,17,3,0.5,0.1620925867338257,30.0,True
2020,17,3,0.5,-0.1217196614868851,-35.0,False
2020,17,3,0.5,0.1329450637377494,2.0,True
2020,17,3,0.5,-0.0444544702097227,-2.0,False
2020,17,3,0.5,0.0497066712345053,14.0,True
2020,17,3,0.5,-0.054246306292721,4.0,True
2020,17,3,0.5,0.1266962598043587,17.0,True
2020,17,3,0.5,-0.095479047216023,-26.0,False
2020,17,3,0.5,-0.3782180297291969,-19.0,False
2020,17,3,0.5,-0.2863921836835889,-1.0,False
2020,17,3,0.5,-0.0116240210817403,-3.0,False
2020,17,3,0.5,0.1574926269208622,14.0,True
2020,17,3,0.5,0.2373336165765905,-17.0,False
2020,17,3,0.5,0.0040167291297889,11.0,True
2020,17,3,0.5,-0.1813362889119945,-3.0,False
2020,17,3,0.5,0.1011721088188633,-6.0,False
2020,17,5,0.5,0.1618859922719192,30.0,True
2020,17,5,0.5,-0.1121094101818317,-35.0,False
2020,17,5,0.5,0.1571499135327347,2.0,True
2020,17,5,0.5,-0.0354699271441811,-2.0,False
2020,17,5,0.5,0.0483321825323283,14.0,True
2020,17,5,0.5,-0.0633174386937715,4.0,True
2020,17,5,0.5,0.1153658784740202,17.0,True
2020,17,5,0.5,-0.0794747279562085,-26.0,False
2020,17,5,0.5,-0.370030514965851,-19.0,False
2020,17,5,0.5,-0.3003783512102254,-1.0,False
2020,17,5,0.5,0.0055343609040948,-3.0,False
2020,17,5,0.5,0.1434745173381895,14.0,True
2020,17,5,0.5,0.2373450193599191,-17.0,False
2020,17,5,0.5,-0.0069438878855298,11.0,True
2020,17,5,0.5,-0.1795461569000339,-3.0,False
2020,17,5,0.5,0.1142959784579899,-6.0,False
2021,4,1,0.5,0.3365447146664665,3.0,True
2021,4,1,0.5,-0.1749447451449082,-4.0,False
2021,4,1,0.5,0.0950592989383623,40.0,True
2021,4,1,0.5,0.0653031977551487,10.0,True
2021,4,1,0.5,-0.1871079183842482,8.0,True
2021,4,1,0.5,0.1157285592338891,-10.0,False
2021,4,1,0.5,-0.0323318299239726,-7.0,False
2021,4,1,0.5,0.1532266480988451,-6.0,False
2021,4,1,0.5,-0.2661813227978374,3.0,True
2021,4,1,0.5,-0.0966070370629008,-12.0,False
2021,4,1,0.5,0.228920447082892,-17.0,False
2021,4,1,0.5,-0.0784664129208281,-7.0,False
2021,4,1,0.5,0.3711308284809423,-16.0,False
2021,4,1,0.5,0.1114780881840481,10.0,True
2021,4,1,0.5,0.113095879322159,-2.0,False
2021,4,1,0.5,-0.0349946883601627,14.0,True
2021,4,2,0.5,0.1876050566057409,3.0,True
2021,4,2,0.5,-0.203244040537112,-4.0,False
2021,4,2,0.5,0.0315354389979364,40.0,True
2021,4,2,0.5,0.0915124969488908,10.0,True
2021,4,2,0.5,-0.0834758949976534,8.0,True
2021,4,2,0.5,0.1325862265600617,-10.0,False
2021,4,2,0.5,0.003309732115798,-7.0,False
2021,4,2,0.5,0.1527043398038811,-6.0,False
2021,4,2,0.5,-0.1724359790482949,3.0,True
2021,4,2,0.5,-0.1186398604255481,-12.0,False
2021,4,2,0.5,0.2065120425458059,-17.0,False
2021,4,2,0.5,-0.1613434427307586,-7.0,False
2021,4,2,0.5,0.2187330849141815,-16.0,False
2021,4,2,0.5,0.1588117139048246,10.0,True
2021,4,2,0.5,0.0095555665103731,-2.0,False
2021,4,2,0.5,-0.0457544982955393,14.0,True
2021,4,3,0.5,0.1131352275753782,3.0,True
2021,4,3,0.5,-0.2173936882332139,-4.0,False
2021,4,3,0.5,-0.0002264909722762,40.0,True
2021,4,3,0.5,0.1046171465457618,10.0,True
2021,4,3,0.5,-0.0316598833043559,8.0,True
2021,4,3,0.5,0.141015060223148,-10.0,False
2021,4,3,0.5,0.0211305131356834,-7.0,False
2021,4,3,0.5,0.1524431856563992,-6.0,False
2021,4,3,0.5,-0.1255633071735236,3.0,True
2021,4,3,0.5,-0.1296562721068717,-12.0,False
2021,4,3,0.5,0.1953078402772628,-17.0,False
2021,4,3,0.5,-0.2027819576357239,-7.0,False
2021,4,3,0.5,0.1425342131308012,-16.0,False
2021,4,3,0.5,0.1824785267652129,10.0,True
2021,4,3,0.5,-0.0422145898955197,-2.0,False
2021,4,3,0.5,-0.0511344032632277,14.0,True
2021,4,5,0.5,0.0572828558026062,3.0,True
2021,4,5,0.5,-0.2280059240052904,-4.0,False
2021,4,5,0.5,-0.0240479384499359,40.0,True
2021,4,5,0.5,0.1144456337434151,10.0,True
2021,4,5,0.5,0.007202125465617,8.0,True
2021,4,5,0.5,0.1473366854704628,-10.0,False
2021,4,5,0.5,0.0344960989005974,-7.0,False
2021,4,5,0.5,0.1522473200457876,-6.0,False
2021,4,5,0.5,-0.0904088032674452,3.0,True
2021,4,5,0.5,-0.1379185808678645,-12.0,False
2021,4,5,0.5,0.1869046885758556,-17.0,False
2021,4,5,0.5,-0.233860843814448,-7.0,False
2021,4,5,0.5,0.0853850592932658,-16.0,False
2021,4,5,0.5,0.2002286364105041,10.0,True
2021,4,5,0.5,-0.0810422071999394,-2.0,False
2021,4,5,0.5,-0.0551693319889939,14.0,True
2021,5,1,0.5,-0.1500826923696563,-9.0,False
2021,5,1,0.5,0.1621362860002067,7.0,True
2021,5,1,0.5,0.2726503874617463,-3.0,False
2021,5,1,0.5,0.0145334688395179,-3.0,False
2021,5,1,0.5,-0.0920116633235273,-3.0,False
2021,5,1,0.5,-0.0276601726059109,-18.0,False
2021,5,1,0.5,0.1701554507836543,2.0,True
2021,5,1,0.5,-0.2314123941369244,8.0,True
2021,5,1,0.5,0.0458449562701569,28.0,True
2021,5,1,0.5,0.0963522839376962,-11.0,False
2021,5,1,0.5,-0.0841297359035626,5.0,True
2021,5,1,0.5,0.1255632071109427,-11.0,False
2021,5,1,0.5,0.016518673356394,7.0,True
2021,5,1,0.5,0.4023663946883958,24.0,True
2021,5,1,0.5,-0.1713632404467155,-18.0,False
2021,5,1,0.5,0.1091595321437644,6.0,True
2021,5,2,0.5,-0.0938036510631888,-9.0,False
2021,5,2,0.5,0.1502454408567928,7.0,True
2021,5,2,0.5,0.18638011878828,-3.0,False
2021,5,2,0.5,-0.0964759939886689,-3.0,False
2021,5,2,0.5,-0.0359550654883063,-3.0,False
2021,5,2,0.5,0.0367180196816875,-18.0,False
2021,5,2,0.5,0.1618374236341335,2.0,True
2021,5,2,0.5,-0.1067957140843998,8.0,True
2021,5,2,0.5,0.0232771415186215,28.0,True
2021,5,2,0.5,0.1338438715015396,-11.0,False
2021,5,2,0.5,-0.0742862275267871,5.0,True
2021,5,2,0.5,0.1315200793238023,-11.0,False
2021,5,2,0.5,0.0472929925252484,7.0,True
2021,5,2,0.5,0.3467218200419366,24.0,True
2021,5,2,0.5,-0.0173984966430778,-18.0,False
2021,5,2,0.5,0.1335098733099981,6.0,True
2021,5,3,0.5,-0.0656641304099551,-9.0,False
2021,5,3,0.5,0.1443000182850858,7.0,True
2021,5,3,0.5,0.1432449844515468,-3.0,False
2021,5,3,0.5,-0.1519807254027623,-3.0,False
2021,5,3,0.5,-0.0079267665706957,-3.0,False
2021,5,3,0.5,0.0689071158254869,-18.0,False
2021,5,3,0.5,0.1576784100593731,2.0,True
2021,5,3,0.5,-0.0444873740581376,8.0,True
2021,5,3,0.5,0.0119932341428539,28.0,True
2021,5,3,0.5,0.1525896652834613,-11.0,False
2021,5,3,0.5,-0.0693644733383992,5.0,True
2021,5,3,0.5,0.1344985154302322,-11.0,False
2021,5,3,0.5,0.0626801521096756,7.0,True
2021,5,3,0.5,0.3188995327187068,24.0,True
2021,5,3,0.5,0.0595838752587411,-18.0,False
2021,5,3,0.5,0.1456850438931149,6.0,True
2021,5,5,0.5,-0.0445594899200297,-9.0,False
2021,5,5,0.5,0.1398409513563057,7.0,True
2021,5,5,0.5,0.110893633698997,-3.0,False
2021,5,5,0.5,-0.1936092739633324,-3.0,False
2021,5,5,0.5,0.0130944576175121,-3.0,False
2021,5,5,0.5,0.0930489379333364,-18.0,False
2021,5,5,0.5,0.1545591498783028,2.0,True
2021,5,5,0.5,0.0022438809615591,8.0,True
2021,5,5,0.5,0.0035303036110282,28.0,True
2021,5,5,0.5,0.1666490106199025,-11.0,False
2021,5,5,0.5,-0.0656731576971084,5.0,True
2021,5,5,0.5,0.1367323425100545,-11.0,False
2021,5,5,0.5,0.0742205217979959,7.0,True
2021,5,5,0.5,0.2980328172262848,24.0,True
2021,5,5,0.5,0.1173206541851052,-18.0,False
2021,5,5,0.5,0.1548164218304526,6.0,True
2021,6,1,0.5,-0.0806801945017357,-6.0,False
2021,6,1,0.5,-0.1129623376242282,3.0,True
2021,6,1,0.5,-0.0578601218630083,28.0,True
2021,6,1,0.5,0.01454139988852,-6.0,False
2021,6,1,0.5,-0.0950639651052901,-10.0,False
2021,6,1,0.5,-0.1692955113887254,-23.0,False
2021,6,1,0.5,0.163348655221356,28.0,True
2021,6,1,0.5,-0.319446173019299,-27.0,False
2021,6,1,0.5,-0.0001698351973423,-18.0,False
2021,6,1,0.5,-0.0393420934276278,-23.0,False
2021,6,1,0.5,0.0244466543469621,-10.0,False
2021,6,1,0.5,-0.4591133247012766,-6.0,False
2021,6,1,0.5,-0.1600608209199141,3.0,True
2021,6,1,0.5,-0.3036688940786296,3.0,True
2021,6,2,0.5,-0.1119855041353482,-6.0,False
2021,6,2,0.5,-0.0830053365379267,3.0,True
2021,6,2,0.5,-0.0426695217743621,28.0,True
2021,6,2,0.5,-0.0535757044018212,-6.0,False
2021,6,2,0.5,-0.1367619251211577,-10.0,False
2021,6,2,0.5,-0.0828572142054884,-23.0,False
2021,6,2,0.5,0.1640400064585836,28.0,True
2021,6,2,0.5,-0.2563852292402659,-27.0,False
2021,6,2,0.5,-0.0243339919335889,-18.0,False
2021,6,2,0.5,-0.0298758423207941,-23.0,False
2021,6,2,0.5,-0.0306933993639346,-10.0,False
2021,6,2,0.5,-0.441976933756811,-6.0,False
2021,6,2,0.5,-0.159456699305628,3.0,True
2021,6,2,0.5,-0.2340125409420307,3.0,True
2021,6,3,0.5,-0.1276381589521544,-6.0,False
2021,6,3,0.5,-0.0680268359947759,3.0,True
2021,6,3,0.5,-0.0350742217300389,28.0,True
2021,6,3,0.5,-0.0876342565469917,-6.0,False
2021,6,3,0.5,-0.1576109051290915,-10.0,False
2021,6,3,0.5,-0.0396380656138697,-23.0,False
2021,6,3,0.5,0.1643856820771974,28.0,True
2021,6,3,0.5,-0.2248547573507494,-27.0,False
2021,6,3,0.5,-0.0364160703017122,-18.0,False
2021,6,3,0.5,-0.0251427167673774,-23.0,False
2021,6,3,0.5,-0.0582634262193831,-10.0,False
2021,6,3,0.5,-0.4334087382845783,-6.0,False
2021,6,3,0.5,-0.1591546384984848,3.0,True
2021,6,3,0.5,-0.1991843643737313,3.0,True
2021,6,5,0.5,-0.139377650064759,-6.0,False
2021,6,5,0.5,-0.0567929605874128,3.0,True
2021,6,5,0.5,-0.0293777466967965,28.0,True
2021,6,5,0.5,-0.1131781706558696,-6.0,False
2021,6,5,0.5,-0.1732476401350418,-10.0,False
2021,6,5,0.5,-0.0072237041701558,-23.0,False
2021,6,5,0.5,0.1646449387911578,28.0,True
2021,6,5,0.5,-0.2012069034336121,-27.0,False
2021,6,5,0.5,-0.0454776290778046,-18.0,False
2021,6,5,0.5,-0.0215928726023147,-23.0,False
2021,6,5,0.5,-0.0789409463609694,-10.0,False
2021,6,5,0.5,-0.4269825916804037,-6.0,False
2021,6,5,0.5,-0.1589280928931276,3.0,True
2021,6,5,0.5,-0.1730632319475069,3.0,True
2021,7,1,0.5,0.0898017361830498,3.0,True
2021,7,1,0.5,-0.0454224564395109,-24.0,False
2021,7,1,0.5,0.1080004594942173,14.0,True
2021,7,1,0.5,-0.0082891615228762,-2.0,False
2021,7,1,0.5,0.2823920236139851,41.0,True
2021,7,1,0.5,-0.0827644084687342,22.0,True
2021,7,1,0.5,0.0039837309909785,24.0,True
2021,7,1,0.5,0.4475666507470717,9.0,True
2021,7,1,0.5,0.1353498600235163,11.0,True
2021,7,1,0.5,0.4081222599597155,26.0,True
2021,7,1,0.5,0.0790650625970611,35.0,True
2021,7,1,0.5,0.1011913328413677,-12.0,False
2021,7,1,0.5,-0.0382706926712795,-3.0,False
2021,7,2,0.5,0.1151923524509034,3.0,True
2021,7,2,0.5,0.0180842085521246,-24.0,False
2021,7,2,0.5,0.1044294625480717,14.0,True
2021,7,2,0.5,0.0032825158104125,-2.0,False
2021,7,2,0.5,0.2556050519167187,41.0,True
2021,7,2,0.5,-0.0106800814674341,22.0,True
2021,7,2,0.5,-0.0301739650811724,24.0,True
2021,7,2,0.5,0.3562740050631724,9.0,True
2021,7,2,0.5,0.1328220440134134,11.0,True
2021,7,2,0.5,0.3685851039635988,26.0,True
2021,7,2,0.5,0.1113019571134553,35.0,True
2021,7,2,0.5,0.0776174747772116,-12.0,False
2021,7,2,0.5,0.0238422246447692,-3.0,False
2021,7,3,0.5,0.1278876605848301,3.0,True
2021,7,3,0.5,0.0498375410479425,-24.0,False
2021,7,3,0.5,0.1026439640749989,14.0,True
2021,7,3,0.5,0.0090683544770569,-2.0,False
2021,7,3,0.5,0.2422115660680854,41.0,True
2021,7,3,0.5,0.025362082033216,22.0,True
2021,7,3,0.5,-0.0472528131172479,24.0,True
2021,7,3,0.5,0.3106276822212226,9.0,True
2021,7,3,0.5,0.1315581360083619,11.0,True
2021,7,3,0.5,0.3488165259655403,26.0,True
2021,7,3,0.5,0.1274204043716524,35.0,True
2021,7,3,0.5,0.0658305457451335,-12.0,False
2021,7,3,0.5,0.0548986833027936,-3.0,False
2021,7,5,0.5,0.1374091416852752,3.0,True
2021,7,5,0.5,0.0736525404198059,-24.0,False
2021,7,5,0.5,0.1013048402201943,14.0,True
2021,7,5,0.5,0.0134077334770402,-2.0,False
2021,7,5,0.5,0.2321664516816104,41.0,True
2021,7,5,0.5,0.0523937046587036,22.0,True
2021,7,5,0.5,-0.0600619491443046,24.0,True
2021,7,5,0.5,0.2763929400897604,9.0,True
2021,7,5,0.5,0.1306102050045732,11.0,True
2021,7,5,0.5,0.3339900924669965,26.0,True
2021,7,5,0.5,0.1395092398153002,35.0,True
2021,7,5,0.5,0.0569903489710749,-12.0,False
2021,7,5,0.5,0.078191027296312,-3.0,False
2021,8,1,0.5,0.1557793738458838,-3.0,False
2021,8,1,0.5,0.0004140073592919,-6.0,False
2021,8,1,0.5,0.2953779659299759,15.0,True
2021,8,1,0.5,-0.1580553244238547,-11.0,False
2021,8,1,0.5,0.1305837710529794,-5.0,False
2021,8,1,0.5,-0.0420540223070049,-38.0,False
2021,8,1,0.5,-0.4818057625212684,-16.0,False
2021,8,1,0.5,-0.016006310304411,-3.0,False
2021,8,1,0.5,-0.4505969939519192,3.0,True
2021,8,1,0.5,0.0456133579309282,-3.0,False
2021,8,1,0.5,0.1846344080266848,24.0,True
2021,8,1,0.5,-0.1102632423545941,7.0,True
2021,8,1,0.5,-0.0283653989787343,9.0,True
2021,8,1,0.5,-0.150892271674659,-4.0,False
2021,8,1,0.5,0.067571541746289,3.0,True
2021,8,2,0.5,0.1106405460935676,-3.0,False
2021,8,2,0.5,0.0604107440273903,-6.0,False
2021,8,2,0.5,0.2078224503239469,15.0,True
2021,8,2,0.5,-0.1526993496743158,-11.0,False
2021,8,2,0.5,0.1059239543672694,-5.0,False
2021,8,2,0.5,-0.0241342036562539,-38.0,False
2021,8,2,0.5,-0.4189156005378129,-16.0,False
2021,8,2,0.5,-0.0037932367608423,-3.0,False
2021,8,2,0.5,-0.3683359239199895,3.0,True
2021,8,2,0.5,0.0744789788662296,-3.0,False
2021,8,2,0.5,0.1555831674172286,24.0,True
2021,8,2,0.5,-0.1388755097665442,7.0,True
2021,8,2,0.5,-0.0717520094389547,9.0,True
2021,8,2,0.5,-0.1186184678723046,-4.0,False
2021,8,2,0.5,0.0868642436873203,3.0,True
2021,8,3,0.5,0.0880711322174095,-3.0,False
2021,8,3,0.5,0.0904091123614394,-6.0,False
2021,8,3,0.5,0.1640446925209323,15.0,True
2021,8,3,0.5,-0.1500213622995464,-11.0,False
2021,8,3,0.5,0.0935940460244144,-5.0,False
2021,8,3,0.5,-0.0151742943308784,-38.0,False
2021,8,3,0.5,-0.3874705195460851,-16.0,False
2021,8,3,0.5,0.002313300010942,-3.0,False
2021,8,3,0.5,-0.3272053889040247,3.0,True
2021,8,3,0.5,0.0889117893338803,-3.0,False
2021,8,3,0.5,0.1410575471125005,24.0,True
2021,8,3,0.5,-0.1531816434725193,7.0,True
2021,8,3,0.5,-0.0934453146690649,9.0,True
2021,8,3,0.5,-0.1024815659711274,-4.0,False
2021,8,3,0.5,0.0965105946578359,3.0,True
2021,8,5,0.5,0.0711440718102911,-3.0,False
2021,8,5,0.5,0.1129078886119764,-6.0,False
2021,8,5,0.5,0.1312113741686714,15.0,True
2021,8,5,0.5,-0.1480128717684693,-11.0,False
2021,8,5,0.5,0.0843466147672731,-5.0,False
2021,8,5,0.5,-0.0084543623368467,-38.0,False
2021,8,5,0.5,-0.3638867088022892,-16.0,False
2021,8,5,0.5,0.0068932025897804,-3.0,False
2021,8,5,0.5,-0.296357487642051,3.0,True
2021,8,5,0.5,0.0997363971846183,-3.0,False
2021,8,5,0.5,0.1301633318839544,24.0,True
2021,8,5,0.5,-0.1639112437520006,7.0,True
2021,8,5,0.5,-0.1097152935916475,9.0,True
2021,8,5,0.5,-0.0903788895452445,-4.0,False
2021,8,5,0.5,0.1037453578857227,3.0,True
2021,9,1,0.5,0.1883272967040561,15.0,True
2021,9,1,0.5,-0.0707184755137189,3.0,True
2021,9,1,0.5,-0.024028492370098,-18.0,False
2021,9,1,0.5,0.0127445311160605,-25.0,False
2021,9,1,0.5,0.321203770750768,-14.0,False
2021,9,1,0.5,-0.46452632790604,3.0,True
2021,9,1,0.5,0.1748779233998107,8.0,True
2021,9,1,0.5,0.1819492818951384,-2.0,False
2021,9,1,0.5,-0.1678517829567155,7.0,True
2021,9,1,0.5,-0.0539125659868363,-3.0,False
2021,9,1,0.5,-0.1051805706847562,6.0,True
2021,9,1,0.5,-0.089922232674723,-14.0,False
2021,9,1,0.5,0.2155013222513534,-12.0,False
2021,9,1,0.5,0.0949627179064105,2.0,True
2021,9,2,0.5,0.1503098947027744,15.0,True
2021,9,2,0.5,-0.0572037896122703,3.0,True
2021,9,2,0.5,-0.0510301051552266,-18.0,False
2021,9,2,0.5,-0.0302570027198197,-25.0,False
2021,9,2,0.5,0.3190565956100221,-14.0,False
2021,9,2,0.5,-0.3394778723441858,3.0,True
2021,9,2,0.5,0.1757674492572216,8.0,True
2021,9,2,0.5,0.1238697884174085,-2.0,False
2021,9,2,0.5,-0.143948908955445,7.0,True
2021,9,2,0.5,-0.0493192037663491,-3.0,False
2021,9,2,0.5,-0.0846650236982053,6.0,True
2021,9,2,0.5,-0.0853524447031084,-14.0,False
2021,9,2,0.5,0.1920714077740138,-12.0,False
2021,9,2,0.5,0.101055030809212,2.0,True
2021,9,3,0.5,0.1313011937021335,15.0,True
2021,9,3,0.5,-0.0504464466615461,3.0,True
2021,9,3,0.5,-0.0645309115477909,-18.0,False
2021,9,3,0.5,-0.0517577696377599,-25.0,False
2021,9,3,0.5,0.3179830080396493,-14.0,False
2021,9,3,0.5,-0.2769536445632587,3.0,True
2021,9,3,0.5,0.1762122121859272,8.0,True
2021,9,3,0.5,0.0948300416785436,-2.0,False
2021,9,3,0.5,-0.1319974719548098,7.0,True
2021,9,3,0.5,-0.0470225226561055,-3.0,False
2021,9,3,0.5,-0.0744072502049299,6.0,True
2021,9,3,0.5,-0.0830675507173009,-14.0,False
2021,9,3,0.5,0.180356450535344,-12.0,False
2021,9,3,0.5,0.1041011872606129,2.0,True
2021,9,5,0.5,0.1170446679516528,15.0,True
2021,9,5,0.5,-0.0453784394485028,3.0,True
2021,9,5,0.5,-0.074656516342214,-18.0,False
2021,9,5,0.5,-0.0678833448262151,-25.0,False
2021,9,5,0.5,0.3171778173618695,-14.0,False
2021,9,5,0.5,-0.2300604737275635,3.0,True
2021,9,5,0.5,0.1765457843824562,8.0,True
2021,9,5,0.5,0.0730502316243949,-2.0,False
2021,9,5,0.5,-0.1230338942043333,7.0,True
2021,9,5,0.5,-0.0453000118234228,-3.0,False
2021,9,5,0.5,-0.0667139200849733,6.0,True
2021,9,5,0.5,-0.0813538802279454,-14.0,False
2021,9,5,0.5,0.1715702326063416,-12.0,False
2021,9,5,0.5,0.1063858045991635,2.0,True
2021,10,1,0.5,-0.1188977891026799,12.0,True
2021,10,1,0.5,0.342685761117808,40.0,True
2021,10,1,0.5,0.2414774083607907,6.0,True
2021,10,1,0.5,-0.0677421851505802,38.0,True
2021,10,1,0.5,-0.3812794139798199,-28.0,False
2021,10,1,0.5,0.1893165230337043,0.0,False
2021,10,1,0.5,0.0095743915917044,2.0,True
2021,10,1,0.5,-0.1089386154432936,10.0,True
2021,10,1,0.5,0.3390162499515126,-24.0,False
2021,10,1,0.5,-0.022154291918238,-7.0,False
2021,10,1,0.5,0.0417705303846028,-17.0,False
2021,10,1,0.5,-0.0203490061857388,17.0,True
2021,10,1,0.5,0.1095266656240359,-27.0,False
2021,10,1,0.5,-0.1261577124441284,21.0,True
2021,10,2,0.5,-0.1225617555796159,12.0,True
2021,10,2,0.5,0.2864378158418672,40.0,True
2021,10,2,0.5,0.1883344958103177,6.0,True
2021,10,2,0.5,-0.1145330695018042,38.0,True
2021,10,2,0.5,-0.2706753059079918,-28.0,False
2021,10,2,0.5,0.172712452853926,0.0,False
2021,10,2,0.5,4.60559862504855e-05,2.0,True
2021,10,2,0.5,-0.0828562707544081,10.0,True
2021,10,2,0.5,0.3737641021917797,-24.0,False
2021,10,2,0.5,-0.0266469743197392,-7.0,False
2021,10,2,0.5,0.0047967202704046,-17.0,False
2021,10,2,0.5,-0.0400070221143237,17.0,True
2021,10,2,0.5,0.0813456110510546,-27.0,False
2021,10,2,0.5,-0.0930318350095329,21.0,True
2021,10,3,0.5,-0.1243937388180839,12.0,True
2021,10,3,0.5,0.2583138432038968,40.0,True
2021,10,3,0.5,0.161763039535081,6.0,True
2021,10,3,0.5,-0.1379285116774161,38.0,True
2021,10,3,0.5,-0.2153732518720778,-28.0,False
2021,10,3,0.5,0.1644104177640369,0.0,False
2021,10,3,0.5,-0.0047181118164764,2.0,True
2021,10,3,0.5,-0.0698150984099653,10.0,True
2021,10,3,0.5,0.3911380283119132,-24.0,False
2021,10,3,0.5,-0.02889331552049,-7.0,False
2021,10,3,0.5,-0.0136901847866944,-17.0,False
2021,10,3,0.5,-0.0498360300786161,17.0,True
2021,10,3,0.5,0.0672550837645639,-27.0,False
2021,10,3,0.5,-0.0764688962922351,21.0,True
2021,10,5,0.5,-0.1257677262469348,12.0,True
2021,10,5,0.5,0.237220863725419,40.0,True
2021,10,5,0.5,0.1418344473286536,6.0,True
2021,10,5,0.5,-0.1554750933091251,38.0,True
2021,10,5,0.5,-0.1738967113451422,-28.0,False
2021,10,5,0.5,0.15818389144662,0.0,False
2021,10,5,0.5,-0.0082912376685216,2.0,True
2021,10,5,0.5,-0.0600342191516333,10.0,True
2021,10,5,0.5,0.4041684729020134,-24.0,False
2021,10,5,0.5,-0.0305780714210529,-7.0,False
2021,10,5,0.5,-0.0275553635795187,-17.0,False
2021,10,5,0.5,-0.0572077860518355,17.0,True
2021,10,5,0.5,0.056687188299696,-27.0,False
2021,10,5,0.5,-0.0640466922542618,21.0,True
2021,11,1,0.5,-0.1641878201332131,-25.0,False
2021,11,1,0.5,0.1774037150807355,-26.0,False
2021,11,1,0.5,-0.0585506597867589,-6.0,False
2021,11,1,0.5,-0.0896584519189645,-3.0,False
2021,11,1,0.5,0.2345383749999416,3.0,True
2021,11,1,0.5,-0.2754312348168999,-20.0,False
2021,11,1,0.5,0.0386174757586705,3.0,True
2021,11,1,0.5,-0.1908496734902467,-7.0,False
2021,11,1,0.5,-0.0715882143410182,11.0,True
2021,11,1,0.5,0.2955065744297461,-9.0,False
2021,11,1,0.5,0.039988953571478,-19.0,False
2021,11,1,0.5,-0.2431660896142368,10.0,True
2021,11,1,0.5,-0.2026916841201554,-10.0,False
2021,11,1,0.5,0.0956809387477127,4.0,True
2021,11,1,0.5,0.148783205599274,20.0,True
2021,11,2,0.5,-0.0759267776549709,-25.0,False
2021,11,2,0.5,0.1118321706553387,-26.0,False
2021,11,2,0.5,-0.1470636429474552,-6.0,False
2021,11,2,0.5,-0.0958617994127324,-3.0,False
2021,11,2,0.5,0.237826856926124,3.0,True
2021,11,2,0.5,-0.239780080808201,-20.0,False
2021,11,2,0.5,0.0510169828616537,3.0,True
2021,11,2,0.5,-0.1406281838675671,-7.0,False
2021,11,2,0.5,-0.0455070058941678,11.0,True
2021,11,2,0.5,0.259316609762052,-9.0,False
2021,11,2,0.5,0.0665215659475595,-19.0,False
2021,11,2,0.5,-0.207488436245953,10.0,True
2021,11,2,0.5,-0.1549869197121517,-10.0,False
2021,11,2,0.5,0.1020864054640366,4.0,True
2021,11,2,0.5,0.1467521521162413,20.0,True
2021,11,3,0.5,-0.0317962564158498,-25.0,False
2021,11,3,0.5,0.0790463984426403,-26.0,False
2021,11,3,0.5,-0.1913201345278034,-6.0,False
2021,11,3,0.5,-0.0989634731596163,-3.0,False
2021,11,3,0.5,0.2394710978892152,3.0,True
2021,11,3,0.5,-0.2219545038038516,-20.0,False
2021,11,3,0.5,0.0572167364131453,3.0,True
2021,11,3,0.5,-0.1155174390562273,-7.0,False
2021,11,3,0.5,-0.0324664016707426,11.0,True
2021,11,3,0.5,0.2412216274282048,-9.0,False
2021,11,3,0.5,0.0797878721356002,-19.0,False
2021,11,3,0.5,-0.1896496095618112,10.0,True
2021,11,3,0.5,-0.13113453750815,-10.0,False
2021,11,3,0.5,0.1052891388221986,4.0,True
2021,11,3,0.5,0.1457366253747251,20.0,True
2021,11,5,0.5,0.0013016345134909,-25.0,False
2021,11,5,0.5,0.0544570692831164,-26.0,False
2021,11,5,0.5,-0.2245125032130645,-6.0,False
2021,11,5,0.5,-0.1012897284697792,-3.0,False
2021,11,5,0.5,0.2407042786115337,3.0,True
2021,11,5,0.5,-0.2085853210505894,-20.0,False
2021,11,5,0.5,0.061866551576764,3.0,True
2021,11,5,0.5,-0.0966843804477225,-7.0,False
2021,11,5,0.5,-0.0226859485031736,11.0,True
2021,11,5,0.5,0.2276503906778195,-9.0,False
2021,11,5,0.5,0.0897376017766308,-19.0,False
2021,11,5,0.5,-0.1762704895487047,10.0,True
2021,11,5,0.5,-0.1132452508551485,-10.0,False
2021,11,5,0.5,0.10769118884082,4.0,True
2021,11,5,0.5,0.1449749803185879,20.0,True
2021,12,1,0.5,-0.1397971565759468,-2.0,False
2021,12,1,0.5,0.1101686849047917,-3.0,False
2021,12,1,0.5,-0.1808727602238385,-25.0,False
2021,12,1,0.5,0.1043373371402843,31.0,True
2021,12,1,0.5,-0.0167760602668615,-7.0,False
2021,12,1,0.5,-0.0414790348241198,-7.0,False
2021,12,1,0.5,-0.0168102535557195,-7.0,False
2021,12,1,0.5,-0.0257157350529466,23.0,True
2021,12,1,0.5,0.0864133989926742,23.0,True
2021,12,1,0.5,-0.0992474032039425,6.0,True
2021,12,1,0.5,-0.1149316866087475,15.0,True
2021,12,1,0.5,-0.0798896913194741,8.0,True
2021,12,1,0.5,0.0767363688352452,8.0,True
2021,12,1,0.5,-0.0639085416232322,6.0,True
2021,12,1,0.5,0.0187186027404751,2.0,True
2021,12,2,0.5,-0.1293835254558141,-2.0,False
2021,12,2,0.5,0.0897727978397054,-3.0,False
2021,12,2,0.5,-0.1329821535880891,-25.0,False
2021,12,2,0.5,0.0612728483983829,31.0,True
2021,12,2,0.5,-0.0585052690966552,-7.0,False
2021,12,2,0.5,-0.0523451227488482,-7.0,False
2021,12,2,0.5,-0.0140109184978313,-7.0,False
2021,12,2,0.5,0.0278136967417383,23.0,True
2021,12,2,0.5,0.0477267037944599,23.0,True
2021,12,2,0.5,-0.0930299776401605,6.0,True
2021,12,2,0.5,-0.1398742495492038,15.0,True
2021,12,2,0.5,-0.0575411044195741,8.0,True
2021,12,2,0.5,0.0559068806997828,8.0,True
2021,12,2,0.5,-0.0601478182733455,6.0,True
2021,12,2,0.5,0.0314236912705584,2.0,True
2021,12,3,0.5,-0.1241767098957479,-2.0,False
2021,12,3,0.5,0.0795748543071622,-3.0,False
2021,12,3,0.5,-0.1090368502702143,-25.0,False
2021,12,3,0.5,0.0397406040274321,31.0,True
2021,12,3,0.5,-0.0793698735115521,-7.0,False
2021,12,3,0.5,-0.0577781667112124,-7.0,False
2021,12,3,0.5,-0.0126112509688873,-7.0,False
2021,12,3,0.5,0.0545784126390808,23.0,True
2021,12,3,0.5,0.0283833561953528,23.0,True
2021,12,3,0.5,-0.0899212648582696,6.0,True
2021,12,3,0.5,-0.152345531019432,15.0,True
2021,12,3,0.5,-0.0463668109696241,8.0,True
2021,12,3,0.5,0.0454921366320516,8.0,True
2021,12,3,0.5,-0.0582674565984021,6.0,True
2021,12,3,0.5,0.0377762355356,2.0,True
2021,12,5,0.5,-0.1202715982256981,-2.0,False
2021,12,5,0.5,0.0719263966577548,-3.0,False
2021,12,5,0.5,-0.0910778727818082,-25.0,False
2021,12,5,0.5,0.0235914207492191,31.0,True
2021,12,5,0.5,-0.0950183268227247,-7.0,False
2021,12,5,0.5,-0.0618529496829856,-7.0,False
2021,12,5,0.5,-0.0115615003221792,-7.0,False
2021,12,5,0.5,0.0746519495620878,23.0,True
2021,12,5,0.5,0.0138758454960225,23.0,True
2021,12,5,0.5,-0.0875897302718513,6.0,True
2021,12,5,0.5,-0.1616989921221031,15.0,True
2021,12,5,0.5,-0.0379860908821616,8.0,True
2021,12,5,0.5,0.0376810785812532,8.0,True
2021,12,5,0.5,-0.0568571853421946,6.0,True
2021,12,5,0.5,0.0425406437343812,2.0,True
2021,13,1,0.5,-0.1785966632616701,-10.0,False
2021,13,1,0.5,-0.2344388431190715,-13.0,False
2021,13,1,0.5,-0.2910647319187625,-11.0,False
2021,13,1,0.5,-0.0050663944875696,-19.0,False
2021,13,1,0.5,-0.2164727208635606,2.0,True
2021,13,1,0.5,-0.2860355152729119,-31.0,False
2021,13,1,0.5,0.0400941961582324,11.0,True
2021,13,1,0.5,-0.2041357087219582,-15.0,False
2021,13,1,0.5,0.3192395272443581,30.0,True
2021,13,1,0.5,0.0618194451810762,-2.0,False
2021,13,1,0.5,-0.0804131220246803,1.0,True
2021,13,1,0.5,-0.1603563823834507,7.0,True
2021,13,1,0.5,0.0392952640040325,13.0,True
2021,13,1,0.5,0.0986514226395249,-4.0,False
2021,13,2,0.5,-0.1717913410926525,-10.0,False
2021,13,2,0.5,-0.2093673242903727,-13.0,False
2021,13,2,0.5,-0.2628707739841016,-11.0,False
2021,13,2,0.5,-0.0415217637914681,-19.0,False
2021,13,2,0.5,-0.2357574411452282,2.0,True
2021,13,2,0.5,-0.2843364810275234,-31.0,False
2021,13,2,0.5,0.0358078764859431,11.0,True
2021,13,2,0.5,-0.161120498122401,-15.0,False
2021,13,2,0.5,0.2489016024291218,30.0,True
2021,13,2,0.5,0.0398381431074795,-2.0,False
2021,13,2,0.5,-0.060652017597443,1.0,True
2021,13,2,0.5,-0.1360651834152841,7.0,True
2021,13,2,0.5,0.0683361734218113,13.0,True
2021,13,2,0.5,0.080986197224244,-4.0,False
2021,13,3,0.5,-0.1683886800081437,-10.0,False
2021,13,3,0.5,-0.1968315648760232,-13.0,False
2021,13,3,0.5,-0.2487737950167713,-11.0,False
2021,13,3,0.5,-0.0597494484434174,-19.0,False
2021,13,3,0.5,-0.2453998012860621,2.0,True
2021,13,3,0.5,-0.2834869639048291,-31.0,False
2021,13,3,0.5,0.0336647166497984,11.0,True
2021,13,3,0.5,-0.1396128928226225,-15.0,False
2021,13,3,0.5,0.2137326400215036,30.0,True
2021,13,3,0.5,0.0288474920706812,-2.0,False
2021,13,3,0.5,-0.0507714653838242,1.0,True
2021,13,3,0.5,-0.1239195839312008,7.0,True
2021,13,3,0.5,0.0828566281307008,13.0,True
2021,13,3,0.5,0.0721535845166034,-4.0,False
2021,13,5,0.5,-0.1658366841947621,-10.0,False
2021,13,5,0.5,-0.1874297453152612,-13.0,False
2021,13,5,0.5,-0.2382010607912735,-11.0,False
2021,13,5,0.5,-0.0734202119323794,-19.0,False
2021,13,5,0.5,-0.2526315713916875,2.0,True
2021,13,5,0.5,-0.2828498260628084,-31.0,False
2021,13,5,0.5,0.0320573467726899,11.0,True
2021,13,5,0.5,-0.1234821888477886,-15.0,False
2021,13,5,0.5,0.18735591821579,30.0,True
2021,13,5,0.5,0.0206045037930824,-2.0,False
2021,13,5,0.5,-0.0433610512236102,1.0,True
2021,13,5,0.5,-0.1148103843181383,7.0,True
2021,13,5,0.5,0.0937469691623678,13.0,True
2021,13,5,0.5,0.065529124985873,-4.0,False
2021,14,1,0.5,0.1673468056929851,8.0,True
2021,14,1,0.5,0.0612902332477372,-8.0,False
2021,14,1,0.5,0.0943544266943117,2.0,True
2021,14,1,0.5,-0.1907262944514784,-20.0,False
2021,14,1,0.5,-0.0305126471376679,39.0,True
2021,14,1,0.5,-0.1989117415335768,-21.0,False
2021,14,1,0.5,0.2010278635057006,20.0,True
2021,14,1,0.5,-0.1819419892479974,-7.0,False
2021,14,1,0.5,0.13458160486528,28.0,True
2021,14,1,0.5,0.1362796646337096,16.0,True
2021,14,1,0.5,-0.106958831266597,-3.0,False
2021,14,1,0.5,-0.0394292662509682,6.0,True
2021,14,1,0.5,0.1957456111520886,15.0,True
2021,14,1,0.5,0.0992277537520942,-7.0,False
2021,14,2,0.5,0.1657682492760978,8.0,True
2021,14,2,0.5,-0.0088426742267106,-8.0,False
2021,14,2,0.5,0.0803645478215433,2.0,True
2021,14,2,0.5,-0.2106434616961918,-20.0,False
2021,14,2,0.5,-0.03622612895855,39.0,True
2021,14,2,0.5,-0.1444827575107284,-21.0,False
2021,14,2,0.5,0.1421793014511575,20.0,True
2021,14,2,0.5,-0.1292942621136531,-7.0,False
2021,14,2,0.5,0.1178931420876455,28.0,True
2021,14,2,0.5,0.1328768993143621,16.0,True
2021,14,2,0.5,-0.1274523170942928,-3.0,False
2021,14,2,0.5,0.0115573605014806,6.0,True
2021,14,2,0.5,0.1826096759189785,15.0,True
2021,14,2,0.5,0.0973806643490875,-7.0,False
2021,14,3,0.5,0.1649789710676542,8.0,True
2021,14,3,0.5,-0.0439091279639345,-8.0,False
2021,14,3,0.5,0.0733696083851592,2.0,True
2021,14,3,0.5,-0.2206020453185486,-20.0,False
2021,14,3,0.5,-0.039082869868991,39.0,True
2021,14,3,0.5,-0.1172682654993043,-21.0,False
2021,14,3,0.5,0.112755020423886,20.0,True
2021,14,3,0.5,-0.1029703985464809,-7.0,False
2021,14,3,0.5,0.1095489106988283,28.0,True
2021,14,3,0.5,0.1311755166546883,16.0,True
2021,14,3,0.5,-0.1376990600081407,-3.0,False
2021,14,3,0.5,0.0370506738777051,6.0,True
2021,14,3,0.5,0.1760417083024234,15.0,True
2021,14,3,0.5,0.0964571196475841,-7.0,False
2021,14,5,0.5,0.1643870124113214,8.0,True
2021,14,5,0.5,-0.0702089682668525,-8.0,False
2021,14,5,0.5,0.0681234038078711,2.0,True
2021,14,5,0.5,-0.228070983035316,-20.0,False
2021,14,5,0.5,-0.0412254255518218,39.0,True
2021,14,5,0.5,-0.0968573964907362,-21.0,False
2021,14,5,0.5,0.0906868096534324,20.0,True
2021,14,5,0.5,-0.0832275008711018,-7.0,False
2021,14,5,0.5,0.1032907371572154,28.0,True
2021,14,5,0.5,0.129899479659933,16.0,True
2021,14,5,0.5,-0.1453841171935266,-3.0,False
2021,14,5,0.5,0.0561706589098734,6.0,True
2021,14,5,0.5,0.1711157325900071,15.0,True
2021,14,5,0.5,0.0957644611214565,-7.0,False
2021,15,1,0.5,-0.0018237331284692,-6.0,False
2021,15,1,0.5,-0.0235336310527601,10.0,True
2021,15,1,0.5,0.2449811572020517,17.0,True
2021,15,1,0.5,-0.3426884156713048,18.0,True
2021,15,1,0.5,0.0343110795707163,-14.0,False
2021,15,1,0.5,0.2152396303999958,7.0,True
2021,15,1,0.5,-0.3139040177322486,-15.0,False
2021,15,1,0.5,-0.1179853168518021,6.0,True
2021,15,1,0.5,-0.0035462607725614,-5.0,False
2021,15,1,0.5,0.2324995883886972,18.0,True
2021,15,1,0.5,-0.168205832304959,-1.0,False
2021,15,1,0.5,0.1952875468759329,-9.0,False
2021,15,1,0.5,-0.002413109042567,-2.0,False
2021,15,1,0.5,-0.2153416254933034,-8.0,False
2021,15,1,0.5,0.1513559925692337,10.0,True
2021,15,1,0.5,0.0680977527395871,10.0,True
2021,15,2,0.5,0.0062240251904008,-6.0,False
2021,15,2,0.5,0.0052210555252275,10.0,True
2021,15,2,0.5,0.2377132402619121,17.0,True
2021,15,2,0.5,-0.3195241048387942,18.0,True
2021,15,2,0.5,0.0744630482618902,-14.0,False
2021,15,2,0.5,0.1650872941924005,7.0,True
2021,15,2,0.5,-0.2593530718665039,-15.0,False
2021,15,2,0.5,-0.0792310109016352,6.0,True
2021,15,2,0.5,0.0029468784917888,-5.0,False
2021,15,2,0.5,0.2000179037007494,18.0,True
2021,15,2,0.5,-0.1558854016453485,-1.0,False
2021,15,2,0.5,0.2087878665443702,-9.0,False
2021,15,2,0.5,-0.0280250083358916,-2.0,False
2021,15,2,0.5,-0.2130193425489153,-8.0,False
2021,15,2,0.5,0.109886643157305,10.0,True
2021,15,2,0.5,0.0354349265736407,10.0,True
2021,15,3,0.5,0.0102479043498359,-6.0,False
2021,15,3,0.5,0.0195983988142213,10.0,True
2021,15,3,0.5,0.2340792817918423,17.0,True
2021,15,3,0.5,-0.3079419494225389,18.0,True
2021,15,3,0.5,0.0945390326074773,-14.0,False
2021,15,3,0.5,0.1400111260886028,7.0,True
2021,15,3,0.5,-0.2320775989336317,-15.0,False
2021,15,3,0.5,-0.0598538579265518,6.0,True
2021,15,3,0.5,0.0061934481239639,-5.0,False
2021,15,3,0.5,0.1837770613567754,18.0,True
2021,15,3,0.5,-0.1497251863155432,-1.0,False
2021,15,3,0.5,0.215538026378589,-9.0,False
2021,15,3,0.5,-0.0408309579825539,-2.0,False
2021,15,3,0.5,-0.2118582010767213,-8.0,False
2021,15,3,0.5,0.0891519684513407,10.0,True
2021,15,3,0.5,0.0191035134906674,10.0,True
2021,15,5,0.5,0.0132658137194121,-6.0,False
2021,15,5,0.5,0.0303814062809668,10.0,True
2021,15,5,0.5,0.2313538129392899,17.0,True
2021,15,5,0.5,-0.2992553328603474,18.0,True
2021,15,5,0.5,0.1095960208666677,-14.0,False
2021,15,5,0.5,0.1212040000107546,7.0,True
2021,15,5,0.5,-0.2116209942339774,-15.0,False
2021,15,5,0.5,-0.0453209931952392,6.0,True
2021,15,5,0.5,0.0086283753480952,-5.0,False
2021,15,5,0.5,0.171596429598795,18.0,True
2021,15,5,0.5,-0.1451050248181891,-1.0,False
2021,15,5,0.5,0.2206006462542529,-9.0,False
2021,15,5,0.5,-0.0504354202175506,-2.0,False
2021,15,5,0.5,-0.2109873449725757,-8.0,False
2021,15,5,0.5,0.0736009624218674,10.0,True
2021,15,5,0.5,0.0068549536784375,10.0,True
2021,16,1,0.5,-0.1913285646721509,3.0,True
2021,16,1,0.5,0.0828863815910775,2.0,True
2021,16,1,0.5,0.0493005968251902,-6.0,False
2021,16,1,0.5,-0.012645739556086,4.0,True
2021,16,1,0.5,-0.2304150820657258,-26.0,False
2021,16,1,0.5,0.0790203861801766,20.0,True
2021,16,1,0.5,-0.2808290822097089,12.0,True
2021,16,1,0.5,-0.0631029619662869,-7.0,False
2021,16,1,0.5,-0.0867538752411348,-12.0,False
2021,16,1,0.5,-0.0366401048911179,5.0,True
2021,16,1,0.5,0.2037601002272764,24.0,True
2021,16,1,0.5,0.0883386684435989,-1.0,False
2021,16,1,0.5,0.1799015111295788,26.0,True
2021,16,1,0.5,0.0274032445108758,4.0,True
2021,16,1,0.5,0.2897462822951236,42.0,True
2021,16,1,0.5,-0.0094916343818339,-17.0,False
2021,16,2,0.5,-0.1951973534742766,3.0,True
2021,16,2,0.5,0.0981270402893792,2.0,True
2021,16,2,0.5,0.0506170853009675,-6.0,False
2021,16,2,0.5,0.0209478953158709,4.0,True
2021,16,2,0.5,-0.2538140991335317,-26.0,False
2021,16,2,0.5,0.0298583302756825,20.0,True
2021,16,2,0.5,-0.2941850726161397,12.0,True
2021,16,2,0.5,-0.0267804461689449,-7.0,False
2021,16,2,0.5,-0.0802810613763148,-12.0,False
2021,16,2,0.5,-0.03806561659405,5.0,True
2021,16,2,0.5,0.1689509520558156,24.0,True
2021,16,2,0.5,0.0995416483869629,-1.0,False
2021,16,2,0.5,0.1639669460598893,26.0,True
2021,16,2,0.5,0.0598360862245073,4.0,True
2021,16,2,0.5,0.2157914992030577,42.0,True
2021,16,2,0.5,-0.0134029862871294,-17.0,False
2021,16,3,0.5,-0.1971317478753395,3.0,True
2021,16,3,0.5,0.1057473696385299,2.0,True
2021,16,3,0.5,0.0512753295388561,-6.0,False
2021,16,3,0.5,0.0377447127518495,4.0,True
2021,16,3,0.5,-0.2655136076674346,-26.0,False
2021,16,3,0.5,0.0052773023234355,20.0,True
2021,16,3,0.5,-0.3008630678193549,12.0,True
2021,16,3,0.5,-0.0086191882702738,-7.0,False
2021,16,3,0.5,-0.0770446544439048,-12.0,False
2021,16,3,0.5,-0.0387783724455161,5.0,True
2021,16,3,0.5,0.1515463779700853,24.0,True
2021,16,3,0.5,0.1051431383586449,-1.0,False
2021,16,3,0.5,0.1559996635250446,26.0,True
2021,16,3,0.5,0.076052507081323,4.0,True
2021,16,3,0.5,0.1788141076570247,42.0,True
2021,16,3,0.5,-0.0153586622397771,-17.0,False
2021,16,5,0.5,-0.1985825436761366,3.0,True
2021,16,5,0.5,0.1114626166503931,2.0,True
2021,16,5,0.5,0.0517690127172726,-6.0,False
2021,16,5,0.5,0.0503423258288334,4.0,True
2021,16,5,0.5,-0.2742882390678618,-26.0,False
2021,16,5,0.5,-0.0131584686407497,20.0,True
2021,16,5,0.5,-0.3058715642217665,12.0,True
2021,16,5,0.5,0.0050017551537294,-7.0,False
2021,16,5,0.5,-0.0746173492445974,-12.0,False
2021,16,5,0.5,-0.0393129393341157,5.0,True
2021,16,5,0.5,0.1384929474057875,24.0,True
2021,16,5,0.5,0.1093442558374064,-1.0,False
2021,16,5,0.5,0.150024201623911,26.0,True
2021,16,5,0.5,0.0882148227239348,4.0,True
2021,16,5,0.5,0.1510810639975,42.0,True
2021,16,5,0.5,-0.0168254192042629,-17.0,False
2021,17,1,0.5,-0.1849136062359686,-1.0,False
2021,17,1,0.5,0.2765515946852749,14.0,True
2021,17,1,0.5,0.0639084325683671,26.0,True
2021,17,1,0.5,-0.052732773365687,3.0,True
2021,17,1,0.5,0.0523634532932948,-3.0,False
2021,17,1,0.5,0.2519455573130854,40.0,True
2021,17,1,0.5,-0.3709789817554925,-4.0,False
2021,17,1,0.5,-0.0112547849212434,31.0,True
2021,17,1,0.5,-0.1706320421243476,-4.0,False
2021,17,1,0.5,0.0598068850212679,21.0,True
2021,17,1,0.5,0.3499379194281266,16.0,True
2021,17,1,0.5,0.074415438147054,-3.0,False
2021,17,1,0.5,0.0805552988686196,8.0,True
2021,17,1,0.5,0.1018304459509679,22.0,True
2021,17,1,0.5,0.0620501464916139,27.0,True
2021,17,1,0.5,-0.1168010658129538,12.0,True
2021,17,2,0.5,-0.1334000312425585,-1.0,False
2021,17,2,0.5,0.2096694085183917,14.0,True
2021,17,2,0.5,0.0464412781787277,26.0,True
2021,17,2,0.5,-0.0740117780633855,3.0,True
2021,17,2,0.5,0.0368319869327877,-3.0,False
2021,17,2,0.5,0.1913749478465687,40.0,True
2021,17,2,0.5,-0.3265036208392074,-4.0,False
2021,17,2,0.5,-0.0054347665903225,31.0,True
2021,17,2,0.5,-0.1103909037371813,-4.0,False
2021,17,2,0.5,0.0953135247899041,21.0,True
2021,17,2,0.5,0.340640618511827,16.0,True
2021,17,2,0.5,0.0382387147527671,-3.0,False
2021,17,2,0.5,0.0795782143062889,8.0,True
2021,17,2,0.5,0.1110224232045101,22.0,True
2021,17,2,0.5,0.0463642114184326,27.0,True
2021,17,2,0.5,-0.0860712248799458,12.0,True
2021,17,3,0.5,-0.1076432437458535,-1.0,False
2021,17,3,0.5,0.1762283154349501,14.0,True
2021,17,3,0.5,0.0377077009839081,26.0,True
2021,17,3,0.5,-0.0846512804122347,3.0,True
2021,17,3,0.5,0.0290662537525341,-3.0,False
2021,17,3,0.5,0.1610896431133104,40.0,True
2021,17,3,0.5,-0.3042659403810649,-4.0,False
2021,17,3,0.5,-0.0025247574248619,31.0,True
2021,17,3,0.5,-0.0802703345435981,-4.0,False
2021,17,3,0.5,0.1130668446742222,21.0,True
2021,17,3,0.5,0.3359919680536772,16.0,True
2021,17,3,0.5,0.0201503530556236,-3.0,False
2021,17,3,0.5,0.0790896720251235,8.0,True
2021,17,3,0.5,0.1156184118312812,22.0,True
2021,17,3,0.5,0.038521243881842,27.0,True
2021,17,3,0.5,-0.0707063044134418,12.0,True
2021,17,5,0.5,-0.0883256531233247,-1.0,False
2021,17,5,0.5,0.1511474956223689,14.0,True
2021,17,5,0.5,0.0311575180877933,26.0,True
2021,17,5,0.5,-0.0926309071738717,3.0,True
2021,17,5,0.5,0.0232419538673439,-3.0,False
2021,17,5,0.5,0.1383756645633667,40.0,True
2021,17,5,0.5,-0.287587680037458,-4.0,False
2021,17,5,0.5,-0.0003422505507666,31.0,True
2021,17,5,0.5,-0.0576799076484108,-4.0,False
2021,17,5,0.5,0.1263818345874608,21.0,True
2021,17,5,0.5,0.3325054802100649,16.0,True
2021,17,5,0.5,0.006584081782766,-3.0,False
2021,17,5,0.5,0.0787232653142495,8.0,True
2021,17,5,0.5,0.1190654033013595,22.0,True
2021,17,5,0.5,0.032639018229399,27.0,True
2021,17,5,0.5,-0.0591826140635639,12.0,True
2022,4,1,0.5,-0.1969285610113276,12.0,True
2022,4,1,0.5,-0.216482941699059,-3.0,False
2022,4,1,0.5,-0.2750059842305706,3.0,True
2022,4,1,0.5,-0.2740868151027664,-3.0,False
2022,4,1,0.5,0.2246430376234539,15.0,True
2022,4,1,0.5,0.0769846831342638,-3.0,False
2022,4,1,0.5,-0.0506039224012905,-10.0,False
2022,4,1,0.5,-0.1833727880614931,-7.0,False
2022,4,1,0.5,-0.0966677123662249,8.0,True
2022,4,1,0.5,0.3160058867801585,8.0,True
2022,4,1,0.5,0.2516699500036822,-4.0,False
2022,4,1,0.5,0.0320921217231588,-10.0,False
2022,4,1,0.5,0.1002874205169341,3.0,True
2022,4,1,0.5,-0.1908596716724458,9.0,True
2022,4,1,0.5,-0.0104493730725774,-10.0,False
2022,4,1,0.5,-0.0049891400122568,15.0,True
2022,4,2,0.5,-0.2534626325808072,12.0,True
2022,4,2,0.5,-0.2152369882435536,-3.0,False
2022,4,2,0.5,-0.2021517997544857,3.0,True
2022,4,2,0.5,-0.2079168772159048,-3.0,False
2022,4,2,0.5,0.1705267383464021,15.0,True
2022,4,2,0.5,0.02379915437027,-3.0,False
2022,4,2,0.5,-0.0782285321508134,-10.0,False
2022,4,2,0.5,-0.1549692386563902,-7.0,False
2022,4,2,0.5,-0.1204569301965546,8.0,True
2022,4,2,0.5,0.2544094914123287,8.0,True
2022,4,2,0.5,0.189677596906452,-4.0,False
2022,4,2,0.5,-0.0734674851056884,-10.0,False
2022,4,2,0.5,0.1165885961537729,3.0,True
2022,4,2,0.5,-0.1430295608939094,9.0,True
2022,4,2,0.5,-0.007448286197627,-10.0,False
2022,4,2,0.5,-0.0216527839238164,15.0,True
2022,4,3,0.5,-0.2817296683655471,12.0,True
2022,4,3,0.5,-0.2146140115158009,-3.0,False
2022,4,3,0.5,-0.1657247075164432,3.0,True
2022,4,3,0.5,-0.1748319082724739,-3.0,False
2022,4,3,0.5,0.1434685887078762,15.0,True
2022,4,3,0.5,-0.0027936100117268,-3.0,False
2022,4,3,0.5,-0.0920408370255748,-10.0,False
2022,4,3,0.5,-0.1407674639538386,-7.0,False
2022,4,3,0.5,-0.1323515391117196,8.0,True
2022,4,3,0.5,0.2236112937284137,8.0,True
2022,4,3,0.5,0.158681420357837,-4.0,False
2022,4,3,0.5,-0.1262472885201119,-10.0,False
2022,4,3,0.5,0.1247391839721922,3.0,True
2022,4,3,0.5,-0.1191145055046411,9.0,True
2022,4,3,0.5,-0.0059477427601519,-10.0,False
2022,4,3,0.5,-0.0299846058795962,15.0,True
2022,4,5,0.5,-0.3029299452041019,12.0,True
2022,4,5,0.5,-0.2141467789699864,-3.0,False
2022,4,5,0.5,-0.1384043883379114,3.0,True
2022,4,5,0.5,-0.1500181815649008,-3.0,False
2022,4,5,0.5,0.1231749764789818,15.0,True
2022,4,5,0.5,-0.0227381832982246,-3.0,False
2022,4,5,0.5,-0.102400065681646,-10.0,False
2022,4,5,0.5,-0.130116132926925,-7.0,False
2022,4,5,0.5,-0.1412724957980933,8.0,True
2022,4,5,0.5,0.2005126454654775,8.0,True
2022,4,5,0.5,0.1354342879463757,-4.0,False
2022,4,5,0.5,-0.1658321410809296,-10.0,False
2022,4,5,0.5,0.1308521248360069,3.0,True
2022,4,5,0.5,-0.1011782139626899,9.0,True
2022,4,5,0.5,-0.0048223351820455,-10.0,False
2022,4,5,0.5,-0.0362334723464311,15.0,True
2022,5,1,0.5,0.2313213133972845,-3.0,False
2022,5,1,0.5,0.0881301418343807,-5.0,False
2022,5,1,0.5,0.311001178520753,35.0,True
2022,5,1,0.5,-0.0076521717956684,-2.0,False
2022,5,1,0.5,0.2485103157268455,-7.0,False
2022,5,1,0.5,0.0713405907485859,7.0,True
2022,5,1,0.5,0.078400501689178,29.0,True
2022,5,1,0.5,-0.1603557327304158,7.0,True
2022,5,1,0.5,-0.1513389114590084,23.0,True
2022,5,1,0.5,0.131480990594246,6.0,True
2022,5,1,0.5,-0.20054633388927,-4.0,False
2022,5,1,0.5,-0.3836476234738551,-22.0,False
2022,5,1,0.5,-0.4323444768667457,-3.0,False
2022,5,1,0.5,-0.062146395149464,-12.0,False
2022,5,1,0.5,0.0643480874264268,2.0,True
2022,5,1,0.5,0.2771675478038853,1.0,True
2022,5,2,0.5,0.1614781720202243,-3.0,False
2022,5,2,0.5,0.0852106974717387,-5.0,False
2022,5,2,0.5,0.2680884578813669,35.0,True
2022,5,2,0.5,-0.0107095300806343,-2.0,False
2022,5,2,0.5,0.2322326529171209,-7.0,False
2022,5,2,0.5,0.0539430294687984,7.0,True
2022,5,2,0.5,0.0278697735240761,29.0,True
2022,5,2,0.5,-0.1890280142372326,7.0,True
2022,5,2,0.5,-0.1804313656425097,23.0,True
2022,5,2,0.5,0.0568993944788251,6.0,True
2022,5,2,0.5,-0.1594486144423528,-4.0,False
2022,5,2,0.5,-0.3267577671173323,-22.0,False
2022,5,2,0.5,-0.3068766738750636,-3.0,False
2022,5,2,0.5,-0.0245353541426011,-12.0,False
2022,5,2,0.5,0.0848257634820406,2.0,True
2022,5,2,0.5,0.2277370686789508,1.0,True
2022,5,3,0.5,0.1265566013316943,-3.0,False
2022,5,3,0.5,0.0837509752904178,-5.0,False
2022,5,3,0.5,0.2466320975616738,35.0,True
2022,5,3,0.5,-0.0122382092231172,-2.0,False
2022,5,3,0.5,0.2240938215122586,-7.0,False
2022,5,3,0.5,0.0452442488289046,7.0,True
2022,5,3,0.5,0.0026044094415252,29.0,True
2022,5,3,0.5,-0.2033641549906409,7.0,True
2022,5,3,0.5,-0.1949775927342604,23.0,True
2022,5,3,0.5,0.0196085964211146,6.0,True
2022,5,3,0.5,-0.1388997547188941,-4.0,False
2022,5,3,0.5,-0.2983128389390708,-22.0,False
2022,5,3,0.5,-0.2441427723792225,-3.0,False
2022,5,3,0.5,-0.0057298336391697,-12.0,False
2022,5,3,0.5,0.0950646015098474,2.0,True
2022,5,3,0.5,0.2030218291164835,1.0,True
2022,5,5,0.5,0.1003654233152967,-3.0,False
2022,5,5,0.5,0.0826561836544272,-5.0,False
2022,5,5,0.5,0.230539827321904,35.0,True
2022,5,5,0.5,-0.0133847185799795,-2.0,False
2022,5,5,0.5,0.2179896979586117,-7.0,False
2022,5,5,0.5,0.0387201633489843,7.0,True
2022,5,5,0.5,-0.0163446136203879,29.0,True
2022,5,5,0.5,-0.2141162605556972,7.0,True
2022,5,5,0.5,-0.2058872630530734,23.0,True
2022,5,5,0.5,-0.0083595021221681,6.0,True
2022,5,5,0.5,-0.1234881099263001,-4.0,False
2022,5,5,0.5,-0.2769791428053748,-22.0,False
2022,5,5,0.5,-0.1970923462573416,-3.0,False
2022,5,5,0.5,0.0083743067384039,-12.0,False
2022,5,5,0.5,0.1027437300307026,2.0,True
2022,5,5,0.5,0.1844853994446331,1.0,True
2022,6,1,0.5,-0.0390521438168473,-5.0,False
2022,6,1,0.5,-0.2799553942405325,14.0,True
2022,6,1,0.5,0.0779914134583761,-23.0,False
2022,6,1,0.5,0.1443194743383466,-17.0,False
2022,6,1,0.5,-0.2837210585900457,7.0,True
2022,6,1,0.5,-0.009760489826085,-8.0,False
2022,6,1,0.5,-0.0220282922852808,-4.0,False
2022,6,1,0.5,-0.1016181040901312,4.0,True
2022,6,1,0.5,-0.2515673843630433,2.0,True
2022,6,1,0.5,0.1164170668572828,14.0,True
2022,6,1,0.5,0.1818438168274999,10.0,True
2022,6,1,0.5,-0.0703236760410697,-4.0,False
2022,6,1,0.5,0.1497646929334576,9.0,True
2022,6,1,0.5,0.1520717277254561,3.0,True
2022,6,2,0.5,-0.0318161704669418,-5.0,False
2022,6,2,0.5,-0.1718608333253748,14.0,True
2022,6,2,0.5,0.1084798844229481,-23.0,False
2022,6,2,0.5,0.1342585381015105,-17.0,False
2022,6,2,0.5,-0.2752858710523941,7.0,True
2022,6,2,0.5,0.0298571179824601,-8.0,False
2022,6,2,0.5,-0.006297487190348,-4.0,False
2022,6,2,0.5,-0.0941971023455429,4.0,True
2022,6,2,0.5,-0.2073209381044536,2.0,True
2022,6,2,0.5,0.1257416827096277,14.0,True
2022,6,2,0.5,0.1721054744073227,10.0,True
2022,6,2,0.5,-0.029912537722301,-4.0,False
2022,6,2,0.5,0.1104625778068332,9.0,True
2022,6,2,0.5,0.2240178791091442,3.0,True
2022,6,3,0.5,-0.0281981837919891,-5.0,False
2022,6,3,0.5,-0.117813552867796,14.0,True
2022,6,3,0.5,0.1237241199052342,-23.0,False
2022,6,3,0.5,0.1292280699830924,-17.0,False
2022,6,3,0.5,-0.2710682772835682,7.0,True
2022,6,3,0.5,0.0496659218867326,-8.0,False
2022,6,3,0.5,0.0015679153571183,-4.0,False
2022,6,3,0.5,-0.0904866014732487,4.0,True
2022,6,3,0.5,-0.1851977149751588,2.0,True
2022,6,3,0.5,0.1304039906358002,14.0,True
2022,6,3,0.5,0.1672363031972339,10.0,True
2022,6,3,0.5,-0.0097069685629167,-4.0,False
2022,6,3,0.5,0.090811520243521,9.0,True
2022,6,3,0.5,0.2599909548009884,3.0,True
2022,6,5,0.5,-0.0254846937857745,-5.0,False
2022,6,5,0.5,-0.0772780925246118,14.0,True
2022,6,5,0.5,0.1351572965169487,-23.0,False
2022,6,5,0.5,0.125455218894279,-17.0,False
2022,6,5,0.5,-0.2679050819569489,7.0,True
2022,6,5,0.5,0.0645225248149372,-8.0,False
2022,6,5,0.5,0.0074669672677181,-4.0,False
2022,6,5,0.5,-0.0877037258190281,4.0,True
2022,6,5,0.5,-0.1686052976281877,2.0,True
2022,6,5,0.5,0.1339007215804294,14.0,True
2022,6,5,0.5,0.1635844247896674,10.0,True
2022,6,5,0.5,0.0054472083066215,-4.0,False
2022,6,5,0.5,0.0760732270710369,9.0,True
2022,6,5,0.5,0.2869707615698714,3.0,True
2022,7,1,0.5,-0.1331862464308663,8.0,True
2022,7,1,0.5,0.0825028297036145,3.0,True
2022,7,1,0.5,-0.3333343470469963,18.0,True
2022,7,1,0.5,0.0722590031313794,18.0,True
2022,7,1,0.5,0.1294248505058318,18.0,True
2022,7,1,0.5,0.0626941506177251,-6.0,False
2022,7,1,0.5,0.0792270158102423,9.0,True
2022,7,1,0.5,-0.090445682250774,2.0,True
2022,7,1,0.5,0.0780976361854765,-7.0,False
2022,7,1,0.5,0.1277564629380475,18.0,True
2022,7,1,0.5,0.0136090862982168,-14.0,False
2022,7,1,0.5,-0.0218361199632913,-21.0,False
2022,7,1,0.5,-0.0141709098426149,6.0,True
2022,7,1,0.5,0.2031386533568069,-19.0,False
2022,7,2,0.5,-0.1188050629455451,8.0,True
2022,7,2,0.5,0.0339628455226201,3.0,True
2022,7,2,0.5,-0.269098388071026,18.0,True
2022,7,2,0.5,0.0192020203094572,18.0,True
2022,7,2,0.5,0.0392071364159345,18.0,True
2022,7,2,0.5,0.0875877564257621,-6.0,False
2022,7,2,0.5,0.0953811561413927,9.0,True
2022,7,2,0.5,-0.0921356550150009,2.0,True
2022,7,2,0.5,0.0206935020184092,-7.0,False
2022,7,2,0.5,0.1392500288022666,18.0,True
2022,7,2,0.5,0.0194967256572765,-14.0,False
2022,7,2,0.5,-0.0782747622607751,-21.0,False
2022,7,2,0.5,0.0219654939834633,6.0,True
2022,7,2,0.5,0.1493058405607153,-19.0,False
2022,7,3,0.5,-0.1116144712028846,8.0,True
2022,7,3,0.5,0.0096928534321228,3.0,True
2022,7,3,0.5,-0.2369804085830408,18.0,True
2022,7,3,0.5,-0.0073264711015038,18.0,True
2022,7,3,0.5,-0.0059017206290139,18.0,True
2022,7,3,0.5,0.1000345593297807,-6.0,False
2022,7,3,0.5,0.103458226306968,9.0,True
2022,7,3,0.5,-0.0929806413971143,2.0,True
2022,7,3,0.5,-0.0080085650651245,-7.0,False
2022,7,3,0.5,0.1449968117343761,18.0,True
2022,7,3,0.5,0.0224405453368062,-14.0,False
2022,7,3,0.5,-0.1064940834095171,-21.0,False
2022,7,3,0.5,0.0400336958965024,6.0,True
2022,7,3,0.5,0.1223894341626695,-19.0,False
2022,7,5,0.5,-0.1062215273958891,8.0,True
2022,7,5,0.5,-0.00850964063575,3.0,True
2022,7,5,0.5,-0.2128919239670519,18.0,True
2022,7,5,0.5,-0.0272228396597247,18.0,True
2022,7,5,0.5,-0.0397333634127254,18.0,True
2022,7,5,0.5,0.1093696615077945,-6.0,False
2022,7,5,0.5,0.1095160289311495,9.0,True
2022,7,5,0.5,-0.0936143811836994,2.0,True
2022,7,5,0.5,-0.0295351153777747,-7.0,False
2022,7,5,0.5,0.1493068989334583,18.0,True
2022,7,5,0.5,0.0246484100964537,-14.0,False
2022,7,5,0.5,-0.1276585742710735,-21.0,False
2022,7,5,0.5,0.0535848473312818,6.0,True
2022,7,5,0.5,0.102202129364135,-19.0,False
2022,8,1,0.5,0.0071126590773973,-5.0,False
2022,8,1,0.5,0.0439408445773615,-4.0,False
2022,8,1,0.5,0.087799061134474,3.0,True
2022,8,1,0.5,0.163358588394358,20.0,True
2022,8,1,0.5,-0.0286779689140359,-4.0,False
2022,8,1,0.5,0.1087125750156044,8.0,True
2022,8,1,0.5,-0.0558775741950888,24.0,True
2022,8,1,0.5,-0.0931983763298451,-5.0,False
2022,8,1,0.5,0.3417373282303977,22.0,True
2022,8,1,0.5,-0.0714025419102316,-7.0,False
2022,8,1,0.5,-0.0216325310499471,-1.0,False
2022,8,1,0.5,-0.1590366166605236,-17.0,False
2022,8,1,0.5,0.1055437390331256,14.0,True
2022,8,1,0.5,0.2797223172199282,10.0,True
2022,8,1,0.5,-0.108899375611888,19.0,True
2022,8,2,0.5,-0.0040256790187536,-5.0,False
2022,8,2,0.5,0.120318161299482,-4.0,False
2022,8,2,0.5,0.1326658518471613,3.0,True
2022,8,2,0.5,0.11126005367567,20.0,True
2022,8,2,0.5,0.0119719586489877,-4.0,False
2022,8,2,0.5,0.0924496668289857,8.0,True
2022,8,2,0.5,-0.0729299888660019,24.0,True
2022,8,2,0.5,-0.0651529188966739,-5.0,False
2022,8,2,0.5,0.2855499684759819,22.0,True
2022,8,2,0.5,-0.0495239560546499,-7.0,False
2022,8,2,0.5,-0.0455760212809221,-1.0,False
2022,8,2,0.5,-0.1309893066475679,-17.0,False
2022,8,2,0.5,0.0888352263131758,14.0,True
2022,8,2,0.5,0.2341995366680462,10.0,True
2022,8,2,0.5,-0.0810535198831423,19.0,True
2022,8,3,0.5,-0.0095948480668291,-5.0,False
2022,8,3,0.5,0.1585068196605423,-4.0,False
2022,8,3,0.5,0.1550992472035048,3.0,True
2022,8,3,0.5,0.0852107863163259,20.0,True
2022,8,3,0.5,0.0322969224304996,-4.0,False
2022,8,3,0.5,0.0843182127356764,8.0,True
2022,8,3,0.5,-0.0814561962014584,24.0,True
2022,8,3,0.5,-0.0511301901800883,-5.0,False
2022,8,3,0.5,0.257456288598774,22.0,True
2022,8,3,0.5,-0.038584663126859,-7.0,False
2022,8,3,0.5,-0.0575477663964096,-1.0,False
2022,8,3,0.5,-0.1169656516410901,-17.0,False
2022,8,3,0.5,0.0804809699532008,14.0,True
2022,8,3,0.5,0.2114381463921051,10.0,True
2022,8,3,0.5,-0.0671305920187694,19.0,True
2022,8,5,0.5,-0.0137717248528858,-5.0,False
2022,8,5,0.5,0.1871483134313375,-4.0,False
2022,8,5,0.5,0.1719242937207625,3.0,True
2022,8,5,0.5,0.0656738357968179,20.0,True
2022,8,5,0.5,0.0475406452666335,-4.0,False
2022,8,5,0.5,0.0782196221656944,8.0,True
2022,8,5,0.5,-0.0878508517030508,24.0,True
2022,8,5,0.5,-0.0406131436426491,-5.0,False
2022,8,5,0.5,0.2363860286908681,22.0,True
2022,8,5,0.5,-0.0303801934310158,-7.0,False
2022,8,5,0.5,-0.0665265752330252,-1.0,False
2022,8,5,0.5,-0.1064479103862316,-17.0,False
2022,8,5,0.5,0.0742152776832196,14.0,True
2022,8,5,0.5,0.1943671036851493,10.0,True
2022,8,5,0.5,-0.0566883961204898,19.0,True
2022,9,1,0.5,-0.4964364864916487,-12.0,False
2022,9,1,0.5,-0.0722518511067068,-3.0,False
2022,9,1,0.5,-0.1135373545810771,-3.0,False
2022,9,1,0.5,0.1719686248598921,21.0,True
2022,9,1,0.5,-0.0064870834117557,6.0,True
2022,9,1,0.5,0.0266248541368571,7.0,True
2022,9,1,0.5,0.0770183426461702,23.0,True
2022,9,1,0.5,-0.3225037859181004,3.0,True
2022,9,1,0.5,-0.1011410645199555,-3.0,False
2022,9,1,0.5,-0.2148458223749346,-10.0,False
2022,9,1,0.5,0.108101607531615,3.0,True
2022,9,1,0.5,0.1635995567395789,3.0,True
2022,9,1,0.5,-0.0492249452015304,-14.0,False
2022,9,2,0.5,-0.4033269656403359,-12.0,False
2022,9,2,0.5,-0.0352358876303417,-3.0,False
2022,9,2,0.5,-0.0986147422822207,-3.0,False
2022,9,2,0.5,0.160286261283961,21.0,True
2022,9,2,0.5,0.0448568286744168,6.0,True
2022,9,2,0.5,0.0118345999351131,7.0,True
2022,9,2,0.5,0.0605736683104442,23.0,True
2022,9,2,0.5,-0.2952142290781172,3.0,True
2022,9,2,0.5,-0.0819347826890092,-3.0,False
2022,9,2,0.5,-0.1845796627543549,-10.0,False
2022,9,2,0.5,0.0763414220527255,3.0,True
2022,9,2,0.5,0.1914220027714183,3.0,True
2022,9,2,0.5,-0.0293326599601199,-14.0,False
2022,9,3,0.5,-0.3567722052146793,-12.0,False
2022,9,3,0.5,-0.0167279058921591,-3.0,False
2022,9,3,0.5,-0.0911534361327926,-3.0,False
2022,9,3,0.5,0.1544450794959954,21.0,True
2022,9,3,0.5,0.0705287847175032,6.0,True
2022,9,3,0.5,0.0044394728342411,7.0,True
2022,9,3,0.5,0.0523513311425812,23.0,True
2022,9,3,0.5,-0.2815694506581256,3.0,True
2022,9,3,0.5,-0.0723316417735361,-3.0,False
2022,9,3,0.5,-0.1694465829440651,-10.0,False
2022,9,3,0.5,0.0604613293132808,3.0,True
2022,9,3,0.5,0.205333225787338,3.0,True
2022,9,3,0.5,-0.0193865173394145,-14.0,False
2022,9,5,0.5,-0.3218561348954372,-12.0,False
2022,9,5,0.5,-0.0028469195885222,-3.0,False
2022,9,5,0.5,-0.0855574565207216,-3.0,False
2022,9,5,0.5,0.1500641931550212,21.0,True
2022,9,5,0.5,0.089782751749818,6.0,True
2022,9,5,0.5,-0.0011068724914128,7.0,True
2022,9,5,0.5,0.0461845782666839,23.0,True
2022,9,5,0.5,-0.2713358668431317,3.0,True
2022,9,5,0.5,-0.0651292860869313,-3.0,False
2022,9,5,0.5,-0.1580967730863477,-10.0,False
2022,9,5,0.5,0.0485512597586973,3.0,True
2022,9,5,0.5,0.2157666430492779,3.0,True
2022,9,5,0.5,-0.0119269103738855,-14.0,False
2022,10,1,0.5,-0.1140108263068012,10.0,True
2022,10,1,0.5,-0.0675562245694443,5.0,True
2022,10,1,0.5,0.1955832894471433,-3.0,False
2022,10,1,0.5,-0.090858228143915,-1.0,False
2022,10,1,0.5,0.118386766046362,10.0,True
2022,10,1,0.5,-0.027397132020021,22.0,True
2022,10,1,0.5,0.1711328039420966,8.0,True
2022,10,1,0.5,-0.1401856088019145,10.0,True
2022,10,1,0.5,-0.0138288027822846,7.0,True
2022,10,1,0.5,0.0899462722109594,-5.0,False
2022,10,1,0.5,-0.1780513565178956,3.0,True
2022,10,1,0.5,0.0053142783770156,-10.0,False
2022,10,1,0.5,0.1307008023563288,6.0,True
2022,10,1,0.5,0.3563741495853757,-11.0,False
2022,10,2,0.5,-0.1476947434971191,10.0,True
2022,10,2,0.5,-0.0833542793389637,5.0,True
2022,10,2,0.5,0.1859203130093797,-3.0,False
2022,10,2,0.5,-0.1129398964593993,-1.0,False
2022,10,2,0.5,0.0902169135282275,10.0,True
2022,10,2,0.5,-0.014229385197616,22.0,True
2022,10,2,0.5,0.1379383067078326,8.0,True
2022,10,2,0.5,-0.1272689327497892,10.0,True
2022,10,2,0.5,0.021377937496812,7.0,True
2022,10,2,0.5,0.1393112477870808,-5.0,False
2022,10,2,0.5,-0.1332621713667089,3.0,True
2022,10,2,0.5,-0.011190844666329,-10.0,False
2022,10,2,0.5,0.0934659969847213,6.0,True
2022,10,2,0.5,0.2939756900798986,-11.0,False
2022,10,3,0.5,-0.164536702092278,10.0,True
2022,10,3,0.5,-0.0912533067237234,5.0,True
2022,10,3,0.5,0.1810888247904978,-3.0,False
2022,10,3,0.5,-0.1239807306171413,-1.0,False
2022,10,3,0.5,0.0761319872691602,10.0,True
2022,10,3,0.5,-0.0076455117864134,22.0,True
2022,10,3,0.5,0.1213410580907005,8.0,True
2022,10,3,0.5,-0.1208105947237265,10.0,True
2022,10,3,0.5,0.0389813076363604,7.0,True
2022,10,3,0.5,0.1639937355751415,-5.0,False
2022,10,3,0.5,-0.1108675787911156,3.0,True
2022,10,3,0.5,-0.0194434061880014,-10.0,False
2022,10,3,0.5,0.0748485942989176,6.0,True
2022,10,3,0.5,0.2627764603271601,-11.0,False
2022,10,5,0.5,-0.1771681710386472,10.0,True
2022,10,5,0.5,-0.0971775772622931,5.0,True
2022,10,5,0.5,0.1774652086263365,-3.0,False
2022,10,5,0.5,-0.1322613562354478,-1.0,False
2022,10,5,0.5,0.0655682925748597,10.0,True
2022,10,5,0.5,-0.0027076067280115,22.0,True
2022,10,5,0.5,0.1088931216278516,8.0,True
2022,10,5,0.5,-0.1159668412041795,10.0,True
2022,10,5,0.5,0.0521838352410217,7.0,True
2022,10,5,0.5,0.182505601416187,-5.0,False
2022,10,5,0.5,-0.0940716343594206,3.0,True
2022,10,5,0.5,-0.0256328273292556,-10.0,False
2022,10,5,0.5,0.0608855422845647,6.0,True
2022,10,5,0.5,0.2393770380126062,-11.0,False
2022,11,1,0.5,-0.0024489844663821,-10.0,False
2022,11,1,0.5,0.0175890496752395,3.0,True
2022,11,1,0.5,0.2095597699027672,10.0,True
2022,11,1,0.5,0.188991873800121,8.0,True
2022,11,1,0.5,-0.1627068084316408,-13.0,False
2022,11,1,0.5,-0.3585473832184018,-1.0,False
2022,11,1,0.5,0.0065859898885673,7.0,True
2022,11,1,0.5,0.1032367851838231,7.0,True
2022,11,1,0.5,0.0399019888057487,-13.0,False
2022,11,1,0.5,-0.0536965109063627,-6.0,False
2022,11,1,0.5,-0.0996825892924043,-37.0,False
2022,11,1,0.5,-0.2011483517485747,-7.0,False
2022,11,1,0.5,-0.2485476232502111,-3.0,False
2022,11,1,0.5,-0.2054735061009596,-28.0,False
2022,11,2,0.5,0.0313069345611131,-10.0,False
2022,11,2,0.5,0.0280308450258287,3.0,True
2022,11,2,0.5,0.1989081382254692,10.0,True
2022,11,2,0.5,0.1418445598437863,8.0,True
2022,11,2,0.5,-0.1226915900916506,-13.0,False
2022,11,2,0.5,-0.3128327668328725,-1.0,False
2022,11,2,0.5,-0.0078832231111999,7.0,True
2022,11,2,0.5,0.1014614299415351,7.0,True
2022,11,2,0.5,-0.0074806759825962,-13.0,False
2022,11,2,0.5,-0.1438166583930821,-6.0,False
2022,11,2,0.5,-0.0847256014277315,-37.0,False
2022,11,2,0.5,-0.1660183637057314,-7.0,False
2022,11,2,0.5,-0.2424613555678908,-3.0,False
2022,11,2,0.5,-0.1669679410579068,-28.0,False
2022,11,3,0.5,0.0481848940748608,-10.0,False
2022,11,3,0.5,0.0332517427011232,3.0,True
2022,11,3,0.5,0.1935823223868201,10.0,True
2022,11,3,0.5,0.118270902865619,8.0,True
2022,11,3,0.5,-0.1026839809216556,-13.0,False
2022,11,3,0.5,-0.2899754586401081,-1.0,False
2022,11,3,0.5,-0.0151178296110836,7.0,True
2022,11,3,0.5,0.1005737523203911,7.0,True
2022,11,3,0.5,-0.0311720083767686,-13.0,False
2022,11,3,0.5,-0.1888767321364418,-6.0,False
2022,11,3,0.5,-0.0772471074953952,-37.0,False
2022,11,3,0.5,-0.1484533696843097,-7.0,False
2022,11,3,0.5,-0.2394182217267306,-3.0,False
2022,11,3,0.5,-0.1477151585363804,-28.0,False
2022,11,5,0.5,0.0608433637101715,-10.0,False
2022,11,5,0.5,0.0371674159575941,3.0,True
2022,11,5,0.5,0.1895879605078334,10.0,True
2022,11,5,0.5,0.1005906601319935,8.0,True
2022,11,5,0.5,-0.0876782740441592,-13.0,False
2022,11,5,0.5,-0.2728324774955345,-1.0,False
2022,11,5,0.5,-0.0205437844859963,7.0,True
2022,11,5,0.5,0.099907994104533,7.0,True
2022,11,5,0.5,-0.0489405076723979,-13.0,False
2022,11,5,0.5,-0.2226717874439615,-6.0,False
2022,11,5,0.5,-0.0716382370461428,-37.0,False
2022,11,5,0.5,-0.1352796241682436,-7.0,False
2022,11,5,0.5,-0.2371358713458603,-3.0,False
2022,11,5,0.5,-0.1332755716452355,-28.0,False
2022,12,1,0.5,-0.1407288600819185,-3.0,False
2022,12,1,0.5,0.1568838869995252,8.0,True
2022,12,1,0.5,-0.0293087003103406,7.0,True
2022,12,1,0.5,-0.0543952619264573,13.0,True
2022,12,1,0.5,-0.0608009646369995,6.0,True
2022,12,1,0.5,-0.118423224095294,1.0,True
2022,12,1,0.5,0.3318270904410998,15.0,True
2022,12,1,0.5,0.0494674758703576,21.0,True
2022,12,1,0.5,-0.0811449773171165,-4.0,False
2022,12,1,0.5,0.0421977159682106,6.0,True
2022,12,1,0.5,-0.0282330695352188,-1.0,False
2022,12,1,0.5,0.066171450737369,-6.0,False
2022,12,1,0.5,0.3234103171193941,16.0,True
2022,12,1,0.5,0.1652166485662005,13.0,True
2022,12,1,0.5,0.2510556557536389,7.0,True
2022,12,1,0.5,-0.0307342769148255,-7.0,False
2022,12,2,0.5,-0.0855046562476263,-3.0,False
2022,12,2,0.5,0.1270239969001471,8.0,True
2022,12,2,0.5,0.0125737180592381,7.0,True
2022,12,2,0.5,-0.0116506247412107,13.0,True
2022,12,2,0.5,-0.0037657996085085,6.0,True
2022,12,2,0.5,-0.0595623283361,1.0,True
2022,12,2,0.5,0.3126180335872749,15.0,True
2022,12,2,0.5,0.0035086695932147,21.0,True
2022,12,2,0.5,-0.0895165779189191,-4.0,False
2022,12,2,0.5,-0.0045011855629372,6.0,True
2022,12,2,0.5,-0.0300585639109418,-1.0,False
2022,12,2,0.5,0.0274584912329261,-6.0,False
2022,12,2,0.5,0.2995207217191902,16.0,True
2022,12,2,0.5,0.1202940479691712,13.0,True
2022,12,2,0.5,0.182746360349154,7.0,True
2022,12,2,0.5,-0.0494298674045322,-7.0,False
2022,12,3,0.5,-0.0578925543304803,-3.0,False
2022,12,3,0.5,0.1120940518504581,8.0,True
2022,12,3,0.5,0.0335149272440276,7.0,True
2022,12,3,0.5,0.0097216938514125,13.0,True
2022,12,3,0.5,0.0247517829057368,6.0,True
2022,12,3,0.5,-0.0301318804565029,1.0,True
2022,12,3,0.5,0.3030135051603624,15.0,True
2022,12,3,0.5,-0.0194707335453566,21.0,True
2022,12,3,0.5,-0.0937023782198204,-4.0,False
2022,12,3,0.5,-0.0278506363285112,6.0,True
2022,12,3,0.5,-0.0309713110988033,-1.0,False
2022,12,3,0.5,0.0081020114807046,-6.0,False
2022,12,3,0.5,0.2875759240190882,16.0,True
2022,12,3,0.5,0.0978327476706566,13.0,True
2022,12,3,0.5,0.1485917126469114,7.0,True
2022,12,3,0.5,-0.0587776626493855,-7.0,False
2022,12,5,0.5,-0.0371834778926208,-3.0,False
2022,12,5,0.5,0.1008965930631914,8.0,True
2022,12,5,0.5,0.0492208341326196,7.0,True
2022,12,5,0.5,0.0257509327958801,13.0,True
2022,12,5,0.5,0.0461399697914209,6.0,True
2022,12,5,0.5,-0.0080590445468052,1.0,True
2022,12,5,0.5,0.2958101088401781,15.0,True
2022,12,5,0.5,-0.0367052858992852,21.0,True
2022,12,5,0.5,-0.0968417284454964,-4.0,False
2022,12,5,0.5,-0.0453627244026917,6.0,True
2022,12,5,0.5,-0.0316558714896994,-1.0,False
2022,12,5,0.5,-0.0064153483334614,-6.0,False
2022,12,5,0.5,0.2786173257440118,16.0,True
2022,12,5,0.5,0.0809867724467706,13.0,True
2022,12,5,0.5,0.1229757268702296,7.0,True
2022,12,5,0.5,-0.0657885090830256,-7.0,False
2022,13,1,0.5,-0.1181255420511214,-14.0,False
2022,13,1,0.5,-0.0135524710357999,-3.0,False
2022,13,1,0.5,0.2071159254923676,1.0,True
2022,13,1,0.5,-0.1100879796052975,-9.0,False
2022,13,1,0.5,0.0122392736986913,26.0,True
2022,13,1,0.5,-0.299958182040375,-13.0,False
2022,13,1,0.5,-0.0366215556446746,5.0,True
2022,13,1,0.5,-0.0073897699351226,0.0,False
2022,13,1,0.5,0.2407224054880129,25.0,True
2022,13,1,0.5,-0.1969338780178917,-4.0,False
2022,13,1,0.5,0.0476725292564193,16.0,True
2022,13,1,0.5,-0.12144819326271,3.0,True
2022,13,1,0.5,0.1020515330602576,7.0,True
2022,13,1,0.5,0.2365768279325309,35.0,True
2022,13,1,0.5,0.0641160802678167,1.0,True
2022,13,2,0.5,-0.1311416484938812,-14.0,False
2022,13,2,0.5,0.0038355090017272,-3.0,False
2022,13,2,0.5,0.2157709087312454,1.0,True
2022,13,2,0.5,-0.0932071449037924,-9.0,False
2022,13,2,0.5,0.0103111606724399,26.0,True
2022,13,2,0.5,-0.2851893344638936,-13.0,False
2022,13,2,0.5,-0.0024444180387343,5.0,True
2022,13,2,0.5,0.0193981118235238,0.0,False
2022,13,2,0.5,0.2103325547023899,25.0,True
2022,13,2,0.5,-0.177508770101424,-4.0,False
2022,13,2,0.5,-0.0005053489453826,16.0,True
2022,13,2,0.5,-0.1199763401603348,3.0,True
2022,13,2,0.5,0.1200763588534098,7.0,True
2022,13,2,0.5,0.2047899611660266,35.0,True
2022,13,2,0.5,0.0147960894189584,1.0,True
2022,13,3,0.5,-0.1376497017152612,-14.0,False
2022,13,3,0.5,0.0125294990204908,-3.0,False
2022,13,3,0.5,0.2200984003506843,1.0,True
2022,13,3,0.5,-0.0847667275530398,-9.0,False
2022,13,3,0.5,0.0093471041593143,26.0,True
2022,13,3,0.5,-0.2778049106756527,-13.0,False
2022,13,3,0.5,0.0146441507642357,5.0,True
2022,13,3,0.5,0.032792052702847,0.0,False
2022,13,3,0.5,0.1951376293095784,25.0,True
2022,13,3,0.5,-0.1677962161431901,-4.0,False
2022,13,3,0.5,-0.0245942880462837,16.0,True
2022,13,3,0.5,-0.1192404136091473,3.0,True
2022,13,3,0.5,0.1290887717499859,7.0,True
2022,13,3,0.5,0.1888965277827745,35.0,True
2022,13,3,0.5,-0.0098639060054707,1.0,True
2022,13,5,0.5,-0.1425307416312961,-14.0,False
2022,13,5,0.5,0.0190499915345635,-3.0,False
2022,13,5,0.5,0.2233440190652634,1.0,True
2022,13,5,0.5,-0.0784364145399753,-9.0,False
2022,13,5,0.5,0.00862406177447,26.0,True
2022,13,5,0.5,-0.2722665928344723,-13.0,False
2022,13,5,0.5,0.0274605773664632,5.0,True
2022,13,5,0.5,0.0428375083623395,0.0,False
2022,13,5,0.5,0.1837414352649698,25.0,True
2022,13,5,0.5,-0.1605118006745147,-4.0,False
2022,13,5,0.5,-0.0426609923719594,16.0,True
2022,13,5,0.5,-0.1186884686957566,3.0,True
2022,13,5,0.5,0.135848081422418,7.0,True
2022,13,5,0.5,0.1769764527453354,35.0,True
2022,13,5,0.5,-0.0283589025737925,1.0,True
2022,14,1,0.5,-0.2220415885800203,1.0,True
2022,14,1,0.5,0.172952874919679,8.0,True
2022,14,1,0.5,0.1126220890740443,13.0,True
2022,14,1,0.5,0.4267314588398494,4.0,True
2022,14,1,0.5,0.0765973462047519,11.0,True
2022,14,1,0.5,-0.3120811496568215,-26.0,False
2022,14,1,0.5,-0.1158684005898476,-2.0,False
2022,14,1,0.5,0.0158596209083655,-14.0,False
2022,14,1,0.5,-0.2898774864434921,-6.0,False
2022,14,1,0.5,0.136219383618347,-6.0,False
2022,14,1,0.5,0.0986357335724561,28.0,True
2022,14,1,0.5,-0.2081267394036524,6.0,True
2022,14,1,0.5,-0.1330528618141592,-14.0,False
2022,14,2,0.5,-0.2242791754991736,1.0,True
2022,14,2,0.5,0.179909788602044,8.0,True
2022,14,2,0.5,0.093567965971285,13.0,True
2022,14,2,0.5,0.3575306519025026,4.0,True
2022,14,2,0.5,0.0897018521949225,11.0,True
2022,14,2,0.5,-0.2525237192522483,-26.0,False
2022,14,2,0.5,-0.0808048834431177,-2.0,False
2022,14,2,0.5,-0.025940623355826,-14.0,False
2022,14,2,0.5,-0.3195592325961401,-6.0,False
2022,14,2,0.5,0.1430894859395057,-6.0,False
2022,14,2,0.5,0.0959534387378491,28.0,True
2022,14,2,0.5,-0.2015667606049071,6.0,True
2022,14,2,0.5,-0.0971449427812034,-14.0,False
2022,14,3,0.5,-0.2253979689587502,1.0,True
2022,14,3,0.5,0.1833882454432265,8.0,True
2022,14,3,0.5,0.0840409044199053,13.0,True
2022,14,3,0.5,0.3229302484338292,4.0,True
2022,14,3,0.5,0.0962541051900077,11.0,True
2022,14,3,0.5,-0.2227450040499616,-26.0,False
2022,14,3,0.5,-0.0632731248697527,-2.0,False
2022,14,3,0.5,-0.0468407454879217,-14.0,False
2022,14,3,0.5,-0.3344001056724642,-6.0,False
2022,14,3,0.5,0.1465245371000851,-6.0,False
2022,14,3,0.5,0.0946122913205456,28.0,True
2022,14,3,0.5,-0.1982867712055345,6.0,True
2022,14,3,0.5,-0.0791909832647255,-14.0,False
2022,14,5,0.5,-0.2262370640534327,1.0,True
2022,14,5,0.5,0.1859970880741135,8.0,True
2022,14,5,0.5,0.0768956082563705,13.0,True
2022,14,5,0.5,0.2969799458323242,4.0,True
2022,14,5,0.5,0.1011682949363216,11.0,True
2022,14,5,0.5,-0.2004109676482467,-26.0,False
2022,14,5,0.5,-0.050124305939729,-2.0,False
2022,14,5,0.5,-0.0625158370869935,-14.0,False
2022,14,5,0.5,-0.3455307604797072,-6.0,False
2022,14,5,0.5,0.1491008254705196,-6.0,False
2022,14,5,0.5,0.093606430757568,28.0,True
2022,14,5,0.5,-0.1958267791560051,6.0,True
2022,14,5,0.5,-0.0657255136273671,-14.0,False
2022,15,1,0.5,-0.1249261912955804,-8.0,False
2022,15,1,0.5,0.0548655697583686,3.0,True
2022,15,1,0.5,-0.0958518180078016,10.0,True
2022,15,1,0.5,0.0945466503404131,3.0,True
2022,15,1,0.5,-0.0178324738505604,-8.0,False
2022,15,1,0.5,-0.4068825631265729,-5.0,False
2022,15,1,0.5,-0.5040611205338195,-6.0,False
2022,15,1,0.5,-0.107137724420854,6.0,True
2022,15,1,0.5,0.0420155741872807,3.0,True
2022,15,1,0.5,-0.1087801585346542,-3.0,False
2022,15,1,0.5,0.0067199557831274,9.0,True
2022,15,1,0.5,0.0167760169339446,6.0,True
2022,15,1,0.5,-0.0562198789309677,3.0,True
2022,15,1,0.5,-0.128264501682992,-11.0,False
2022,15,1,0.5,-1.4410415706333364e-05,-8.0,False
2022,15,1,0.5,0.1566959252637588,12.0,True
2022,15,2,0.5,-0.0820091997342989,-8.0,False
2022,15,2,0.5,0.0746003751496988,3.0,True
2022,15,2,0.5,-0.0575485454634193,10.0,True
2022,15,2,0.5,0.0681507118875254,3.0,True
2022,15,2,0.5,-0.0436523371480861,-8.0,False
2022,15,2,0.5,-0.3133769973910255,-5.0,False
2022,15,2,0.5,-0.4590977840086946,-6.0,False
2022,15,2,0.5,-0.0361909406258289,6.0,True
2022,15,2,0.5,0.0144263955672311,3.0,True
2022,15,2,0.5,-0.1493017902437463,-3.0,False
2022,15,2,0.5,-0.0346596478003046,9.0,True
2022,15,2,0.5,0.0650350387697408,6.0,True
2022,15,2,0.5,-0.039548657926198,3.0,True
2022,15,2,0.5,-0.1399685874197524,-11.0,False
2022,15,2,0.5,-0.0338999795056854,-8.0,False
2022,15,2,0.5,0.1589424136737935,12.0,True
2022,15,3,0.5,-0.0605507039536581,-8.0,False
2022,15,3,0.5,0.0844677778453638,3.0,True
2022,15,3,0.5,-0.0383969091912281,10.0,True
2022,15,3,0.5,0.0549527426610816,3.0,True
2022,15,3,0.5,-0.0565622687968489,-8.0,False
2022,15,3,0.5,-0.2666242145232517,-5.0,False
2022,15,3,0.5,-0.4366161157461322,-6.0,False
2022,15,3,0.5,-0.0007175487283165,6.0,True
2022,15,3,0.5,0.0006318062572063,3.0,True
2022,15,3,0.5,-0.1695626060982923,-3.0,False
2022,15,3,0.5,-0.0553494495920207,9.0,True
2022,15,3,0.5,0.089164549687639,6.0,True
2022,15,3,0.5,-0.0312130474238131,3.0,True
2022,15,3,0.5,-0.1458206302881327,-11.0,False
2022,15,3,0.5,-0.050842764050675,-8.0,False
2022,15,3,0.5,0.1600656578788109,12.0,True
2022,15,5,0.5,-0.0444568321181775,-8.0,False
2022,15,5,0.5,0.0918683298671126,3.0,True
2022,15,5,0.5,-0.0240331819870848,10.0,True
2022,15,5,0.5,0.0450542657412487,3.0,True
2022,15,5,0.5,-0.0662447175334211,-8.0,False
2022,15,5,0.5,-0.2315596273724214,-5.0,False
2022,15,5,0.5,-0.4197548645492104,-6.0,False
2022,15,5,0.5,0.0258874951948178,6.0,True
2022,15,5,0.5,-0.0097141357253122,3.0,True
2022,15,5,0.5,-0.1847582179892018,-3.0,False
2022,15,5,0.5,-0.0708668009358077,9.0,True
2022,15,5,0.5,0.1072616828760626,6.0,True
2022,15,5,0.5,-0.0249613395470245,3.0,True
2022,15,5,0.5,-0.1502096624394178,-11.0,False
2022,15,5,0.5,-0.0635498524594171,-8.0,False
2022,15,5,0.5,0.1609080910325739,12.0,True
2022,16,1,0.5,-0.0721036085252021,-16.0,False
2022,16,1,0.5,0.1208138457284895,8.0,True
2022,16,1,0.5,-0.1358751611343768,14.0,True
2022,16,1,0.5,-0.2891436368969545,-22.0,False
2022,16,1,0.5,-0.0171102845198475,-7.0,False
2022,16,1,0.5,0.23263328080654,14.0,True
2022,16,1,0.5,-0.0488903945669748,3.0,True
2022,16,1,0.5,-0.1071028562833979,-4.0,False
2022,16,1,0.5,0.2557151189305162,-5.0,False
2022,16,1,0.5,0.1900723904639739,17.0,True
2022,16,1,0.5,-0.1899303655907671,6.0,True
2022,16,1,0.5,-0.0842412078654798,3.0,True
2022,16,1,0.5,0.0667639679539046,-6.0,False
2022,16,1,0.5,-0.0943472164401224,37.0,True
2022,16,1,0.5,-0.1203231893912947,-3.0,False
2022,16,1,0.5,-0.033987364715078,-17.0,False
2022,16,2,0.5,-0.1236274526858488,-16.0,False
2022,16,2,0.5,0.061889981313787,8.0,True
2022,16,2,0.5,-0.1557734553244365,14.0,True
2022,16,2,0.5,-0.2359277528547112,-22.0,False
2022,16,2,0.5,-0.0109419016331233,-7.0,False
2022,16,2,0.5,0.203828839000132,14.0,True
2022,16,2,0.5,-0.0400937743400555,3.0,True
2022,16,2,0.5,-0.1198799096452533,-4.0,False
2022,16,2,0.5,0.2098813300577696,-5.0,False
2022,16,2,0.5,0.1717668753522639,17.0,True
2022,16,2,0.5,-0.1601844747378958,6.0,True
2022,16,2,0.5,-0.0943549387624293,3.0,True
2022,16,2,0.5,0.0689150799831297,-6.0,False
2022,16,2,0.5,-0.0490473331557184,37.0,True
2022,16,2,0.5,-0.0823273127742231,-3.0,False
2022,16,2,0.5,-0.0467439687944895,-17.0,False
2022,16,3,0.5,-0.1493893747661722,-16.0,False
2022,16,3,0.5,0.0324280491064358,8.0,True
2022,16,3,0.5,-0.1657226024194663,14.0,True
2022,16,3,0.5,-0.2093198108335897,-22.0,False
2022,16,3,0.5,-0.0078577101897611,-7.0,False
2022,16,3,0.5,0.1894266180969279,14.0,True
2022,16,3,0.5,-0.0356954642265959,3.0,True
2022,16,3,0.5,-0.1262684363261809,-4.0,False
2022,16,3,0.5,0.1869644356213962,-5.0,False
2022,16,3,0.5,0.1626141177964089,17.0,True
2022,16,3,0.5,-0.1453115293114601,6.0,True
2022,16,3,0.5,-0.0994118042109041,3.0,True
2022,16,3,0.5,0.0699906359977423,-6.0,False
2022,16,3,0.5,-0.0263973915135164,37.0,True
2022,16,3,0.5,-0.0633293744656872,-3.0,False
2022,16,3,0.5,-0.0531222708341954,-17.0,False
2022,16,5,0.5,-0.1687108163264147,-16.0,False
2022,16,5,0.5,0.0103315999509223,8.0,True
2022,16,5,0.5,-0.1731844627407388,14.0,True
2022,16,5,0.5,-0.1893638543177484,-22.0,False
2022,16,5,0.5,-0.0055445666072395,-7.0,False
2022,16,5,0.5,0.1786249524195248,14.0,True
2022,16,5,0.5,-0.0323967316415012,3.0,True
2022,16,5,0.5,-0.1310598313368768,-4.0,False
2022,16,5,0.5,0.1697767647941163,-5.0,False
2022,16,5,0.5,0.1557495496295178,17.0,True
2022,16,5,0.5,-0.1341568202416333,6.0,True
2022,16,5,0.5,-0.1032044532972602,3.0,True
2022,16,5,0.5,0.0707973030087017,-6.0,False
2022,16,5,0.5,-0.0094099352818649,37.0,True
2022,16,5,0.5,-0.0490809207342853,-3.0,False
2022,16,5,0.5,-0.0579059973639748,-17.0,False
2022,17,1,0.5,-0.1282780798546951,-14.0,False
2022,17,1,0.5,0.052354989060634,1.0,True
2022,17,1,0.5,0.1955442547505503,31.0,True
2022,17,1,0.5,-0.3436503130923063,-28.0,False
2022,17,1,0.5,0.3613607265331937,3.0,True
2022,17,1,0.5,-0.0501335595414939,2.0,True
2022,17,1,0.5,0.1304585011935126,28.0,True
2022,17,1,0.5,0.234715803791938,-10.0,False
2022,17,1,0.5,0.0120567599498271,6.0,True
2022,17,1,0.5,-0.0247538128253644,-14.0,False
2022,17,1,0.5,-0.1521578887750415,-3.0,False
2022,17,1,0.5,0.0527632405560615,17.0,True
2022,17,1,0.5,0.052956018169043,24.0,True
2022,17,1,0.5,0.0708387071730854,21.0,True
2022,17,1,0.5,0.0683027932095879,-3.0,False
2022,17,2,0.5,-0.1210428765214265,-14.0,False
2022,17,2,0.5,0.0798178462589942,1.0,True
2022,17,2,0.5,0.177868596339729,31.0,True
2022,17,2,0.5,-0.3283388493458321,-28.0,False
2022,17,2,0.5,0.3675209998749226,3.0,True
2022,17,2,0.5,-0.0797350782515816,2.0,True
2022,17,2,0.5,0.1433474443095355,28.0,True
2022,17,2,0.5,0.1907039615796459,-10.0,False
2022,17,2,0.5,-0.0068201578130057,6.0,True
2022,17,2,0.5,-0.0435321358795351,-14.0,False
2022,17,2,0.5,-0.0964978977696556,-3.0,False
2022,17,2,0.5,0.0966457409368178,17.0,True
2022,17,2,0.5,0.0459710962559841,24.0,True
2022,17,2,0.5,0.0646324725055438,21.0,True
2022,17,2,0.5,0.0441119897792239,-3.0,False
2022,17,3,0.5,-0.1174252748547921,-14.0,False
2022,17,3,0.5,0.0935492748581743,1.0,True
2022,17,3,0.5,0.1690307671343184,31.0,True
2022,17,3,0.5,-0.3206831174725949,-28.0,False
2022,17,3,0.5,0.3706011365457871,3.0,True
2022,17,3,0.5,-0.0945358376066254,2.0,True
2022,17,3,0.5,0.149791915867547,28.0,True
2022,17,3,0.5,0.1686980404734999,-10.0,False
2022,17,3,0.5,-0.0162586166944222,6.0,True
2022,17,3,0.5,-0.0529212974066204,-14.0,False
2022,17,3,0.5,-0.0686679022669626,-3.0,False
2022,17,3,0.5,0.118586991127196,17.0,True
2022,17,3,0.5,0.0424786352994546,24.0,True
2022,17,3,0.5,0.061529355171773,21.0,True
2022,17,3,0.5,0.0320165880640418,-3.0,False
2022,17,5,0.5,-0.1147120736048164,-14.0,False
2022,17,5,0.5,0.1038478463075593,1.0,True
2022,17,5,0.5,0.1624023952302604,31.0,True
2022,17,5,0.5,-0.3149413185676671,-28.0,False
2022,17,5,0.5,0.3729112390489354,3.0,True
2022,17,5,0.5,-0.1056364071229083,2.0,True
2022,17,5,0.5,0.1546252695360556,28.0,True
2022,17,5,0.5,0.1521935996438903,-10.0,False
2022,17,5,0.5,-0.0233374608554845,6.0,True
2022,17,5,0.5,-0.0599631685519344,-14.0,False
2022,17,5,0.5,-0.0477954056399428,-3.0,False
2022,17,5,0.5,0.1350429287699796,17.0,True
2022,17,5,0.5,0.0398592895820575,24.0,True
2022,17,5,0.5,0.059202017171445,21.0,True
2022,17,5,0.5,0.0229450367776552,-3.0,False
2023,4,1,0.5,-0.06131506424298915,-14.0,False
2023,4,1,0.5,-0.006017329898204152,16.0,True
2023,4,1,0.5,-0.22624834144716385,28.0,True
2023,4,1,0.5,0.09772116702364633,-8.0,False
2023,4,1,0.5,-0.11839073310455711,-3.0,False
2023,4,1,0.5,-0.13549629556970663,-25.0,False
2023,4,1,0.5,-0.11811581697687293,24.0,True
2023,4,1,0.5,0.040110812159715584,-6.0,False
2023,4,1,0.5,0.18084885367884956,-17.0,False
2023,4,1,0.5,0.24882810811574507,3.0,True
2023,4,1,0.5,-0.2052236527114249,24.0,True
2023,4,1,0.5,0.3417929164662009,7.0,True
2023,4,1,0.5,0.054719936205137584,35.0,True
2023,4,1,0.5,0.31021875029039253,19.0,True
2023,4,1,0.5,-0.2823468810943742,-3.0,False
2023,4,1,0.5,-0.1710998152990123,-21.0,False
2023,4,2,0.5,-0.08340179432271878,-14.0,False
2023,4,2,0.5,0.004821234303843833,16.0,True
2023,4,2,0.5,-0.24617856380359643,28.0,True
2023,4,2,0.5,0.010159375276968682,-8.0,False
2023,4,2,0.5,-0.14357300216360652,-3.0,False
2023,4,2,0.5,-0.13092871390196598,-25.0,False
2023,4,2,0.5,-0.0030046599726990253,24.0,True
2023,4,2,0.5,0.01197515391284622,-6.0,False
2023,4,2,0.5,0.1537621026491791,-17.0,False
2023,4,2,0.5,0.25194633164345637,3.0,True
2023,4,2,0.5,-0.17288465277891119,24.0,True
2023,4,2,0.5,0.3056838327136743,7.0,True
2023,4,2,0.5,0.01398772231871881,35.0,True
2023,4,2,0.5,0.23651590090612132,19.0,True
2023,4,2,0.5,-0.20822633749261782,-3.0,False
2023,4,2,0.5,-0.12294202686598071,-21.0,False
2023,4,3,0.5,-0.09444515936258367,-14.0,False
2023,4,3,0.5,0.010240516404867839,16.0,True
2023,4,3,0.5,-0.25614367498181273,28.0,True
2023,4,3,0.5,-0.03362152059637026,-8.0,False
2023,4,3,0.5,-0.15616413669313117,-3.0,False
2023,4,3,0.5,-0.12864492306809572,-25.0,False
2023,4,3,0.5,0.05455091852938781,24.0,True
2023,4,3,0.5,-0.0020926752105885037,-6.0,False
2023,4,3,0.5,0.14021872713434394,-17.0,False
2023,4,3,0.5,0.2535054434073122,3.0,True
2023,4,3,0.5,-0.15671515281265436,24.0,True
2023,4,3,0.5,0.28762929083741096,7.0,True
2023,4,3,0.5,-0.006378384624490613,35.0,True
2023,4,3,0.5,0.19966447621398575,19.0,True
2023,4,3,0.5,-0.17116606569173967,-3.0,False
2023,4,3,0.5,-0.0988631326494649,-21.0,False
2023,4,5,0.5,-0.1027276831424823,-14.0,False
2023,4,5,0.5,0.014304977980635923,16.0,True
2023,4,5,0.5,-0.26361750836547504,28.0,True
2023,4,5,0.5,-0.0664571925013743,-8.0,False
2023,4,5,0.5,-0.16560748759027483,-3.0,False
2023,4,5,0.5,-0.12693207994269295,-25.0,False
2023,4,5,0.5,0.09771760240595292,24.0,True
2023,4,5,0.5,-0.012643547053164512,-6.0,False
2023,4,5,0.5,0.13006119549821746,-17.0,False
2023,4,5,0.5,0.2546747772302039,3.0,True
2023,4,5,0.5,-0.14458802783796174,24.0,True
2023,4,5,0.5,0.2740883844302134,7.0,True
2023,4,5,0.5,-0.02165296483189772,35.0,True
2023,4,5,0.5,0.17202590769488413,19.0,True
2023,4,5,0.5,-0.14337086184108097,-3.0,False
2023,4,5,0.5,-0.08080396198707801,-21.0,False
2023,5,1,0.5,0.18225331676437598,-20.0,False
2023,5,1,0.5,0.210435190324563,-5.0,False
2023,5,1,0.5,-0.02595588185341184,2.0,True
2023,5,1,0.5,0.2723149259644632,18.0,True
2023,5,1,0.5,0.030844355547651144,7.0,True
2023,5,1,0.5,0.6829001898081168,15.0,True
2023,5,1,0.5,0.01738805756208046,-34.0,False
2023,5,1,0.5,-0.5254707278507649,7.0,True
2023,5,1,0.5,0.09080429548754612,-14.0,False
2023,5,1,0.5,-0.15189582797188472,-9.0,False
2023,5,1,0.5,-0.1636016613414047,-10.0,False
2023,5,1,0.5,-0.15946167210778991,-7.0,False
2023,5,1,0.5,0.19506543320393632,32.0,True
2023,5,1,0.5,-0.1721635801011734,4.0,True
2023,5,2,0.5,0.1268608608825082,-20.0,False
2023,5,2,0.5,0.1657060132845747,-5.0,False
2023,5,2,0.5,-0.118991749223899,2.0,True
2023,5,2,0.5,0.2844036921632572,18.0,True
2023,5,2,0.5,0.01994777749445707,7.0,True
2023,5,2,0.5,0.5998749143661972,15.0,True
2023,5,2,0.5,0.0602163927720796,-34.0,False
2023,5,2,0.5,-0.3947124343312427,7.0,True
2023,5,2,0.5,0.07274880370701622,-14.0,False
2023,5,2,0.5,-0.12794886020684904,-9.0,False
2023,5,2,0.5,-0.13660501722472995,-10.0,False
2023,5,2,0.5,-0.13401201044702815,-7.0,False
2023,5,2,0.5,0.2417982405842114,32.0,True
2023,5,2,0.5,-0.14572305660857246,4.0,True
2023,5,3,0.5,0.09916463294157433,-20.0,False
2023,5,3,0.5,0.1433414247645805,-5.0,False
2023,5,3,0.5,-0.1655096829091427,2.0,True
2023,5,3,0.5,0.29044807526265426,18.0,True
2023,5,3,0.5,0.014499488467860004,7.0,True
2023,5,3,0.5,0.5583622766452376,15.0,True
2023,5,3,0.5,0.08163056037707918,-34.0,False
2023,5,3,0.5,-0.3293332875714817,7.0,True
2023,5,3,0.5,0.06372105781675136,-14.0,False
2023,5,3,0.5,-0.11597537632433128,-9.0,False
2023,5,3,0.5,-0.12310669516639249,-10.0,False
2023,5,3,0.5,-0.12128717961664726,-7.0,False
2023,5,3,0.5,0.265164644274349,32.0,True
2023,5,3,0.5,-0.1325027948622719,4.0,True
2023,5,5,0.5,0.07839246198587382,-20.0,False
2023,5,5,0.5,0.12656798337458497,-5.0,False
2023,5,5,0.5,-0.2003981331730753,2.0,True
2023,5,5,0.5,0.294981362587202,18.0,True
2023,5,5,0.5,0.010413271697912271,7.0,True
2023,5,5,0.5,0.5272277983545177,15.0,True
2023,5,5,0.5,0.09769118608082886,-34.0,False
2023,5,5,0.5,-0.2802989275016608,7.0,True
2023,5,5,0.5,0.05695024839905269,-14.0,False
2023,5,5,0.5,-0.10699526341244305,-9.0,False
2023,5,5,0.5,-0.11298295362263927,-10.0,False
2023,5,5,0.5,-0.11174355649386158,-7.0,False
2023,5,5,0.5,0.2826894470419523,32.0,True
2023,5,5,0.5,-0.1225875985525466,4.0,True
2023,6,1,0.5,0.3326583569887158,11.0,True
2023,6,1,0.5,-0.2366841754688398,-8.0,False
2023,6,1,0.5,0.055604701998121314,-8.0,False
2023,6,1,0.5,-0.06877933166646641,-6.0,False
2023,6,1,0.5,-0.11868927912217746,4.0,True
2023,6,1,0.5,-0.49081454509921885,2.0,True
2023,6,1,0.5,-0.13714396295382708,7.0,True
2023,6,1,0.5,0.028180017628163183,17.0,True
2023,6,1,0.5,0.5421476160856089,21.0,True
2023,6,1,0.5,-0.08037181574550457,4.0,True
2023,6,1,0.5,-0.024778767185965264,17.0,True
2023,6,1,0.5,-0.2674513733791031,6.0,True
2023,6,1,0.5,-0.20675090403400173,-14.0,False
2023,6,1,0.5,0.42135992208724254,5.0,True
2023,6,1,0.5,0.10324677774468438,-3.0,False
2023,6,2,0.5,0.2625613161735979,11.0,True
2023,6,2,0.5,-0.10734606700006316,-8.0,False
2023,6,2,0.5,0.07148305046834705,-8.0,False
2023,6,2,0.5,-0.09085433385474576,-6.0,False
2023,6,2,0.5,-0.08024533463631146,4.0,True
2023,6,2,0.5,-0.5305304607153898,2.0,True
2023,6,2,0.5,0.030014943927101655,7.0,True
2023,6,2,0.5,-0.017449479411503505,17.0,True
2023,6,2,0.5,0.4635306658848217,21.0,True
2023,6,2,0.5,-0.07172820511924359,4.0,True
2023,6,2,0.5,-0.048426583267361184,17.0,True
2023,6,2,0.5,-0.24660857611979664,6.0,True
2023,6,2,0.5,-0.19719760917452844,-14.0,False
2023,6,2,0.5,0.34590961629899075,5.0,True
2023,6,2,0.5,0.13593267956313448,-3.0,False
2023,6,3,0.5,0.22751279576603892,11.0,True
2023,6,3,0.5,-0.04267701276567466,-8.0,False
2023,6,3,0.5,0.07942222470346001,-8.0,False
2023,6,3,0.5,-0.10189183494888548,-6.0,False
2023,6,3,0.5,-0.0610233623933785,4.0,True
2023,6,3,0.5,-0.5503884185234752,2.0,True
2023,6,3,0.5,0.11359439736756605,7.0,True
2023,6,3,0.5,-0.040264227931336806,17.0,True
2023,6,3,0.5,0.42422219078442835,21.0,True
2023,6,3,0.5,-0.0674063998061131,4.0,True
2023,6,3,0.5,-0.06025049130805902,17.0,True
2023,6,3,0.5,-0.23618717749014337,6.0,True
2023,6,3,0.5,-0.1924209617447919,-14.0,False
2023,6,3,0.5,0.30818446340486483,5.0,True
2023,6,3,0.5,0.15227563047235954,-3.0,False
2023,6,5,0.5,0.20122640546036968,11.0,True
2023,6,5,0.5,0.005824777910116541,-8.0,False
2023,6,5,0.5,0.0853766053797946,-8.0,False
2023,6,5,0.5,-0.11016996076949018,-6.0,False
2023,6,5,0.5,-0.04660688321117873,4.0,True
2023,6,5,0.5,-0.5652818868795394,2.0,True
2023,6,5,0.5,0.17627898744791431,7.0,True
2023,6,5,0.5,-0.05737528932121188,17.0,True
2023,6,5,0.5,0.3947408344591332,21.0,True
2023,6,5,0.5,-0.06416504582126514,4.0,True
2023,6,5,0.5,-0.06911842233858245,17.0,True
2023,6,5,0.5,-0.22837112851790342,6.0,True
2023,6,5,0.5,-0.18883847617248953,-14.0,False
2023,6,5,0.5,0.27989059873427047,5.0,True
2023,6,5,0.5,0.16453284365427842,-3.0,False
2023,7,1,0.5,-0.052708138170560775,-7.0,False
2023,7,1,0.5,-0.13190860259816975,32.0,True
2023,7,1,0.5,-0.007694329613042394,18.0,True
2023,7,1,0.5,0.013204421974586725,-1.0,False
2023,7,1,0.5,-0.155560666627787,4.0,True
2023,7,1,0.5,-0.12064489679256998,7.0,True
2023,7,1,0.5,0.07654566550846019,-3.0,False
2023,7,1,0.5,0.23490993078414021,-7.0,False
2023,7,1,0.5,0.01853093656598205,10.0,True
2023,7,1,0.5,-0.027906459916542836,2.0,True
2023,7,1,0.5,0.20750262305290917,14.0,True
2023,7,1,0.5,-0.29415203524658234,14.0,True
2023,7,1,0.5,-0.39310308503510333,5.0,True
2023,7,2,0.5,-0.07338695209963043,-7.0,False
2023,7,2,0.5,-0.15411880814327572,32.0,True
2023,7,2,0.5,0.019335723729933918,18.0,True
2023,7,2,0.5,0.11506474656192472,-1.0,False
2023,7,2,0.5,-0.13142298809413494,4.0,True
2023,7,2,0.5,-0.03336115809861562,7.0,True
2023,7,2,0.5,0.10523577770237755,-3.0,False
2023,7,2,0.5,0.18336260882441163,-7.0,False
2023,7,2,0.5,-0.020732769695078212,10.0,True
2023,7,2,0.5,0.011433473610245215,2.0,True
2023,7,2,0.5,0.1479227087943693,14.0,True
2023,7,2,0.5,-0.2595591985737036,14.0,True
2023,7,2,0.5,-0.35311723220374003,5.0,True
2023,7,3,0.5,-0.08372635906416531,-7.0,False
2023,7,3,0.5,-0.16522391091582872,32.0,True
2023,7,3,0.5,0.032850750401422046,18.0,True
2023,7,3,0.5,0.16599490885559365,-1.0,False
2023,7,3,0.5,-0.11935414882730895,4.0,True
2023,7,3,0.5,0.01028071124836158,7.0,True
2023,7,3,0.5,0.11958083379933623,-3.0,False
2023,7,3,0.5,0.1575889478445474,-7.0,False
2023,7,3,0.5,-0.040364622825608404,10.0,True
2023,7,3,0.5,0.031103440373639366,2.0,True
2023,7,3,0.5,0.11813275166509934,14.0,True
2023,7,3,0.5,-0.2422627802372641,14.0,True
2023,7,3,0.5,-0.3331243057880584,5.0,True
2023,7,5,0.5,-0.09148091428756644,-7.0,False
2023,7,5,0.5,-0.17355273799524346,32.0,True
2023,7,5,0.5,0.04298702040503817,18.0,True
2023,7,5,0.5,0.20419253057584533,-1.0,False
2023,7,5,0.5,-0.11030251937718935,4.0,True
2023,7,5,0.5,0.0430121132585944,7.0,True
2023,7,5,0.5,0.13033962587205528,-3.0,False
2023,7,5,0.5,0.13825870210964916,-7.0,False
2023,7,5,0.5,-0.05508851267350599,10.0,True
2023,7,5,0.5,0.045855915446184975,2.0,True
2023,7,5,0.5,0.09579028381814694,14.0,True
2023,7,5,0.5,-0.22929046648493456,14.0,True
2023,7,5,0.5,-0.3181296109762972,5.0,True
2023,8,1,0.5,0.1480564167457248,6.0,True
2023,8,1,0.5,-0.13718784088972702,2.0,True
2023,8,1,0.5,-0.07307578980646925,23.0,True
2023,8,1,0.5,-0.1536033512050868,-14.0,False
2023,8,1,0.5,0.037108109864493005,-11.0,False
2023,8,1,0.5,0.30379967682533915,14.0,True
2023,8,1,0.5,-0.08470268893509805,-3.0,False
2023,8,1,0.5,-0.21615948118383826,-10.0,False
2023,8,1,0.5,0.018013593876425503,5.0,True
2023,8,1,0.5,-0.20102171604013952,-7.0,False
2023,8,1,0.5,0.19006830211444978,4.0,True
2023,8,1,0.5,-0.2467542597223009,-7.0,False
2023,8,1,0.5,-0.30545616172269235,15.0,True
2023,8,1,0.5,0.318536392648259,-14.0,False
2023,8,1,0.5,0.05346669245590578,17.0,True
2023,8,1,0.5,0.39427022204128714,12.0,True
2023,8,2,0.5,0.11333866859415391,6.0,True
2023,8,2,0.5,-0.14445068241983294,2.0,True
2023,8,2,0.5,-0.08811565678374282,23.0,True
2023,8,2,0.5,-0.16632026045388984,-14.0,False
2023,8,2,0.5,0.09280051213663712,-11.0,False
2023,8,2,0.5,0.3012842506021562,14.0,True
2023,8,2,0.5,-0.05173860046659495,-3.0,False
2023,8,2,0.5,-0.1495154420349667,-10.0,False
2023,8,2,0.5,0.03838199115934074,5.0,True
2023,8,2,0.5,-0.2008193280876807,-7.0,False
2023,8,2,0.5,0.22175028777376088,4.0,True
2023,8,2,0.5,-0.15649970977534725,-7.0,False
2023,8,2,0.5,-0.23617672633315556,15.0,True
2023,8,2,0.5,0.28798985663877574,-14.0,False
2023,8,2,0.5,0.06607339980864574,17.0,True
2023,8,2,0.5,0.3685680272105887,12.0,True
2023,8,3,0.5,0.09597979451836852,6.0,True
2023,8,3,0.5,-0.14808210318488585,2.0,True
2023,8,3,0.5,-0.09563559027237979,23.0,True
2023,8,3,0.5,-0.17267871507829133,-14.0,False
2023,8,3,0.5,0.12064671327270919,-11.0,False
2023,8,3,0.5,0.30002653749056485,14.0,True
2023,8,3,0.5,-0.03525655623234342,-3.0,False
2023,8,3,0.5,-0.11619342246053088,-10.0,False
2023,8,3,0.5,0.04856618980079834,5.0,True
2023,8,3,0.5,-0.20071813411145137,-7.0,False
2023,8,3,0.5,0.23759128060341633,4.0,True
2023,8,3,0.5,-0.11137243480187044,-7.0,False
2023,8,3,0.5,-0.2015370086383872,15.0,True
2023,8,3,0.5,0.272716588634034,-14.0,False
2023,8,3,0.5,0.07237675348501574,17.0,True
2023,8,3,0.5,0.3557169297952392,12.0,True
2023,8,5,0.5,0.0829606389615294,6.0,True
2023,8,5,0.5,-0.15080566875867557,2.0,True
2023,8,5,0.5,-0.10127554038885737,23.0,True
2023,8,5,0.5,-0.17744755604659246,-14.0,False
2023,8,5,0.5,0.14153136412476325,-11.0,False
2023,8,5,0.5,0.2990832526568712,14.0,True
2023,8,5,0.5,-0.02289502305665482,-3.0,False
2023,8,5,0.5,-0.09120190777970402,-10.0,False
2023,8,5,0.5,0.05620433878189151,5.0,True
2023,8,5,0.5,-0.20064223862927927,-7.0,False
2023,8,5,0.5,0.24947202522565795,4.0,True
2023,8,5,0.5,-0.07752697857176284,-7.0,False
2023,8,5,0.5,-0.1755572203673108,15.0,True
2023,8,5,0.5,0.26126163763047777,-14.0,False
2023,8,5,0.5,0.07710426874229323,17.0,True
2023,8,5,0.5,0.34607860673372726,12.0,True
2023,9,1,0.5,-0.08603621199151053,4.0,True
2023,9,1,0.5,-0.1386815560786137,7.0,True
2023,9,1,0.5,-0.14351608325244247,-3.0,False
2023,9,1,0.5,0.1778793643498826,34.0,True
2023,9,1,0.5,-0.08029715394983183,27.0,True
2023,9,1,0.5,-0.30492087723688654,17.0,True
2023,9,1,0.5,0.13464470929322883,2.0,True
2023,9,1,0.5,0.05640160292365519,-3.0,False
2023,9,1,0.5,0.1448501882574735,7.0,True
2023,9,1,0.5,-0.11299046161437193,-14.0,False
2023,9,1,0.5,-0.03158433899797555,24.0,True
2023,9,1,0.5,-0.026308242070059204,5.0,True
2023,9,1,0.5,-0.13625946359989383,6.0,True
2023,9,1,0.5,-0.12282582450829707,-21.0,False
2023,9,2,0.5,-0.0708391044870731,4.0,True
2023,9,2,0.5,-0.15731329201747438,7.0,True
2023,9,2,0.5,-0.12813022185454434,-3.0,False
2023,9,2,0.5,0.11321388111928919,34.0,True
2023,9,2,0.5,-0.13501271903626252,27.0,True
2023,9,2,0.5,-0.2849568557131158,17.0,True
2023,9,2,0.5,0.10232160398316519,2.0,True
2023,9,2,0.5,0.08088887335550922,-3.0,False
2023,9,2,0.5,0.08473295320427801,7.0,True
2023,9,2,0.5,-0.1272893923644557,-14.0,False
2023,9,2,0.5,-0.037969732994201005,24.0,True
2023,9,2,0.5,-0.015172134396114222,5.0,True
2023,9,2,0.5,-0.12018079765129819,6.0,True
2023,9,2,0.5,-0.16124385940565356,-21.0,False
2023,9,3,0.5,-0.06324055073485435,4.0,True
2023,9,3,0.5,-0.16662915998690467,7.0,True
2023,9,3,0.5,-0.12043729115559532,-3.0,False
2023,9,3,0.5,0.08088113950399244,34.0,True
2023,9,3,0.5,-0.16237050157947786,27.0,True
2023,9,3,0.5,-0.2749748449512304,17.0,True
2023,9,3,0.5,0.08616005132813334,2.0,True
2023,9,3,0.5,0.09313250857143619,-3.0,False
2023,9,3,0.5,0.054674335677680264,7.0,True
2023,9,3,0.5,-0.13443885773949765,-14.0,False
2023,9,3,0.5,-0.04116242999231376,24.0,True
2023,9,3,0.5,-0.009604080559141796,5.0,True
2023,9,3,0.5,-0.11214146467700045,6.0,True
2023,9,3,0.5,-0.18045287685433176,-21.0,False
2023,9,5,0.5,-0.05754163542069031,4.0,True
2023,9,5,0.5,-0.17361606096397744,7.0,True
2023,9,5,0.5,-0.11466759313138347,-3.0,False
2023,9,5,0.5,0.05663158329251993,34.0,True
2023,9,5,0.5,-0.18288883848688933,27.0,True
2023,9,5,0.5,-0.2674883368798163,17.0,True
2023,9,5,0.5,0.07403888683685955,2.0,True
2023,9,5,0.5,0.10231523498338138,-3.0,False
2023,9,5,0.5,0.03213037253273196,7.0,True
2023,9,5,0.5,-0.1398009567707791,-14.0,False
2023,9,5,0.5,-0.043556952740898325,24.0,True
2023,9,5,0.5,-0.005428040181412394,5.0,True
2023,9,5,0.5,-0.10611196494627707,6.0,True
2023,9,5,0.5,-0.19485963994084032,-21.0,False
2023,10,1,0.5,0.03643445186135,3.0,True
2023,10,1,0.5,-0.06396370461565648,-4.0,False
2023,10,1,0.5,0.3674800408206107,-2.0,False
2023,10,1,0.5,0.02547769441363682,-3.0,False
2023,10,1,0.5,-0.13853987547906943,-31.0,False
2023,10,1,0.5,-0.027762423953671275,8.0,True
2023,10,1,0.5,0.1744776869986305,4.0,True
2023,10,1,0.5,-0.1123707217221326,14.0,True
2023,10,1,0.5,-0.053920391107636884,2.0,True
2023,10,1,0.5,-0.14120552979929019,-3.0,False
2023,10,1,0.5,0.25543661572773313,32.0,True
2023,10,1,0.5,0.046985299946904036,3.0,True
2023,10,1,0.5,-0.023468297357794918,4.0,True
2023,10,1,0.5,0.22557311345627487,-2.0,False
2023,10,2,0.5,0.050776715237065784,3.0,True
2023,10,2,0.5,-0.07598004036232715,-4.0,False
2023,10,2,0.5,0.3419935806892651,-2.0,False
2023,10,2,0.5,0.037737385313345834,-3.0,False
2023,10,2,0.5,-0.17718101550790896,-31.0,False
2023,10,2,0.5,0.011731618452928902,8.0,True
2023,10,2,0.5,0.1927725890311728,4.0,True
2023,10,2,0.5,-0.08836247527614037,14.0,True
2023,10,2,0.5,-0.03826631787100743,2.0,True
2023,10,2,0.5,-0.1055370822166686,-3.0,False
2023,10,2,0.5,0.2397398250443498,32.0,True
2023,10,2,0.5,0.07652613305506299,3.0,True
2023,10,2,0.5,-0.0005645638598765351,4.0,True
2023,10,2,0.5,0.20375539622453737,-2.0,False
2023,10,3,0.5,0.057947846924923704,3.0,True
2023,10,3,0.5,-0.08198820823566247,-4.0,False
2023,10,3,0.5,0.32925035062359226,-2.0,False
2023,10,3,0.5,0.043867230763200385,-3.0,False
2023,10,3,0.5,-0.19650158552232877,-31.0,False
2023,10,3,0.5,0.031478639656228956,8.0,True
2023,10,3,0.5,0.2019200400474441,4.0,True
2023,10,3,0.5,-0.07635835205314424,14.0,True
2023,10,3,0.5,-0.030439281252692713,2.0,True
2023,10,3,0.5,-0.08770285842535794,-3.0,False
2023,10,3,0.5,0.23189142970265814,32.0,True
2023,10,3,0.5,0.09129654960914255,3.0,True
2023,10,3,0.5,0.010887302889082587,4.0,True
2023,10,3,0.5,0.19284653760866863,-2.0,False
2023,10,5,0.5,0.06332619569081707,3.0,True
2023,10,5,0.5,-0.08649433414066399,-4.0,False
2023,10,5,0.5,0.31969292807433763,-2.0,False
2023,10,5,0.5,0.04846461485059126,-3.0,False
2023,10,5,0.5,-0.21099201303314358,-31.0,False
2023,10,5,0.5,0.04628890555870399,8.0,True
2023,10,5,0.5,0.2087806283096474,4.0,True
2023,10,5,0.5,-0.06735525963589713,14.0,True
2023,10,5,0.5,-0.024569003788956587,2.0,True
2023,10,5,0.5,-0.07432719058187476,-3.0,False
2023,10,5,0.5,0.22600513319638937,32.0,True
2023,10,5,0.5,0.1023743620247022,3.0,True
2023,10,5,0.5,0.019476202950801963,4.0,True
2023,10,5,0.5,0.18466489364676703,-2.0,False
2023,11,1,0.5,0.19009755035801518,14.0,True
2023,11,1,0.5,-0.3206081771694435,-23.0,False
2023,11,1,0.5,-0.0671231857825582,3.0,True
2023,11,1,0.5,0.27861963023458336,5.0,True
2023,11,1,0.5,-0.24235666515347726,3.0,True
2023,11,1,0.5,0.23215653811011572,5.0,True
2023,11,1,0.5,0.11759050563388398,20.0,True
2023,11,1,0.5,0.3112600083060815,7.0,True
2023,11,1,0.5,0.15114784276779047,-12.0,False
2023,11,1,0.5,0.37523608207161435,13.0,True
2023,11,1,0.5,0.1833206145196778,26.0,True
2023,11,1,0.5,0.030917405479246648,1.0,True
2023,11,1,0.5,-0.21652284598630062,1.0,True
2023,11,1,0.5,0.023841647233949007,-4.0,False
2023,11,2,0.5,0.11716121897889412,14.0,True
2023,11,2,0.5,-0.2898986156844938,-23.0,False
2023,11,2,0.5,-0.11184739943394127,3.0,True
2023,11,2,0.5,0.2484140054298586,5.0,True
2023,11,2,0.5,-0.24440254654044136,3.0,True
2023,11,2,0.5,0.19889969097927176,5.0,True
2023,11,2,0.5,0.07929517466855124,20.0,True
2023,11,2,0.5,0.3166930860637681,7.0,True
2023,11,2,0.5,0.12989948084917585,-12.0,False
2023,11,2,0.5,0.3310959320421697,13.0,True
2023,11,2,0.5,0.21079930520861556,26.0,True
2023,11,2,0.5,0.015803820649334496,1.0,True
2023,11,2,0.5,-0.17235559766668263,1.0,True
2023,11,2,0.5,0.006304316381916558,-4.0,False
2023,11,3,0.5,0.08069305328933357,14.0,True
2023,11,3,0.5,-0.27454383494201895,-23.0,False
2023,11,3,0.5,-0.13420950625963288,3.0,True
2023,11,3,0.5,0.2333111930274963,5.0,True
2023,11,3,0.5,-0.24542548723392335,3.0,True
2023,11,3,0.5,0.1822712674138498,5.0,True
2023,11,3,0.5,0.06014750918588487,20.0,True
2023,11,3,0.5,0.31940962494261144,7.0,True
2023,11,3,0.5,0.11927529988986871,-12.0,False
2023,11,3,0.5,0.3090258570274474,13.0,True
2023,11,3,0.5,0.2245386505530844,26.0,True
2023,11,3,0.5,0.008247028234378513,1.0,True
2023,11,3,0.5,-0.1502719735068736,1.0,True
2023,11,3,0.5,-0.002464349044099659,-4.0,False
2023,11,5,0.5,0.0533419290221632,14.0,True
2023,11,5,0.5,-0.26302774938516277,-23.0,False
2023,11,5,0.5,-0.1509810863789015,3.0,True
2023,11,5,0.5,0.22198408372572448,5.0,True
2023,11,5,0.5,-0.24619269275403494,3.0,True
2023,11,5,0.5,0.16979994973978332,5.0,True
2023,11,5,0.5,0.04578676007388513,20.0,True
2023,11,5,0.5,0.32144702910174394,7.0,True
2023,11,5,0.5,0.11130716417038823,-12.0,False
2023,11,5,0.5,0.2924733007664056,13.0,True
2023,11,5,0.5,0.23484315956143598,26.0,True
2023,11,5,0.5,0.0025794339231615263,1.0,True
2023,11,5,0.5,-0.1337092553870169,1.0,True
2023,11,5,0.5,-0.009040848113611819,-4.0,False
2023,12,1,0.5,0.3074489033676999,-7.0,False
2023,12,1,0.5,0.2483102084796064,35.0,True
2023,12,1,0.5,-0.33283561492234864,-18.0,False
2023,12,1,0.5,-0.3227644564183148,-21.0,False
2023,12,1,0.5,-0.10246215632238398,9.0,True
2023,12,1,0.5,0.006219332417480482,-6.0,False
2023,12,1,0.5,-0.009575780073002985,-3.0,False
2023,12,1,0.5,0.11265108884392601,7.0,True
2023,12,1,0.5,-0.13489939475468432,3.0,True
2023,12,1,0.5,0.13564911081767805,7.0,True
2023,12,1,0.5,-0.0897339548920576,-23.0,False
2023,12,1,0.5,-0.01125028730037718,17.0,True
2023,12,1,0.5,-0.25752988639929675,-14.0,False
2023,12,1,0.5,-0.01188274650082674,3.0,True
2023,12,1,0.5,-0.1597239853354509,-10.0,False
2023,12,1,0.5,0.15988537832397476,-2.0,False
2023,12,2,0.5,0.2750840668223574,-7.0,False
2023,12,2,0.5,0.22531250908503964,35.0,True
2023,12,2,0.5,-0.3138988735536888,-18.0,False
2023,12,2,0.5,-0.3419438372242084,-21.0,False
2023,12,2,0.5,-0.0702102202051372,9.0,True
2023,12,2,0.5,0.029793254924684497,-6.0,False
2023,12,2,0.5,0.0013655210484669333,-3.0,False
2023,12,2,0.5,0.08620532004800283,7.0,True
2023,12,2,0.5,-0.13860225709265026,3.0,True
2023,12,2,0.5,0.13228477928720758,7.0,True
2023,12,2,0.5,-0.05630241060386964,-23.0,False
2023,12,2,0.5,0.06397616254728533,17.0,True
2023,12,2,0.5,-0.23628334237270443,-14.0,False
2023,12,2,0.5,-0.010295961726084116,3.0,True
2023,12,2,0.5,-0.08464377956455994,-10.0,False
2023,12,2,0.5,0.14076569207901693,-2.0,False
2023,12,3,0.5,0.25890164854968634,-7.0,False
2023,12,3,0.5,0.21381365938775626,35.0,True
2023,12,3,0.5,-0.3044305028693589,-18.0,False
2023,12,3,0.5,-0.3515335276271552,-21.0,False
2023,12,3,0.5,-0.05408425214651377,9.0,True
2023,12,3,0.5,0.04158021617828656,-6.0,False
2023,12,3,0.5,0.006836171609201851,-3.0,False
2023,12,3,0.5,0.07298243565004126,7.0,True
2023,12,3,0.5,-0.14045368826163318,3.0,True
2023,12,3,0.5,0.13060261352197233,7.0,True
2023,12,3,0.5,-0.039586638459775676,-23.0,False
2023,12,3,0.5,0.10158938747111668,17.0,True
2023,12,3,0.5,-0.2256600703594083,-14.0,False
2023,12,3,0.5,-0.009502569338712907,3.0,True
2023,12,3,0.5,-0.0471036766791145,-10.0,False
2023,12,3,0.5,0.13120584895653803,-2.0,False
2023,12,5,0.5,0.24676483484518297,-7.0,False
2023,12,5,0.5,0.20518952211479374,35.0,True
2023,12,5,0.5,-0.2973292248561114,-18.0,False
2023,12,5,0.5,-0.3587257954293653,-21.0,False
2023,12,5,0.5,-0.041989776102546186,9.0,True
2023,12,5,0.5,0.05042043711848808,-6.0,False
2023,12,5,0.5,0.01093915952975312,-3.0,False
2023,12,5,0.5,0.06306527235157004,7.0,True
2023,12,5,0.5,-0.14184226163837035,3.0,True
2023,12,5,0.5,0.12934098919804593,7.0,True
2023,12,5,0.5,-0.027049809351705208,-23.0,False
2023,12,5,0.5,0.12979930616399005,17.0,True
2023,12,5,0.5,-0.21769261634943624,-14.0,False
2023,12,5,0.5,-0.008907525048184414,3.0,True
2023,12,5,0.5,-0.01894859951503039,-10.0,False
2023,12,5,0.5,0.12403596661467887,-2.0,False
2023,13,1,0.5,0.20524824052488141,6.0,True
2023,13,1,0.5,0.14665948618055127,5.0,True
2023,13,1,0.5,-0.10525260387439356,-6.0,False
2023,13,1,0.5,-0.13365584436203154,-5.0,False
2023,13,1,0.5,-0.07340205592653841,-5.0,False
2023,13,1,0.5,0.14061359253827835,-14.0,False
2023,13,1,0.5,-0.045548717103514186,-3.0,False
2023,13,1,0.5,-0.32811416006366617,-30.0,False
2023,13,1,0.5,0.12426559326167994,3.0,True
2023,13,1,0.5,0.1244198128986313,17.0,True
2023,13,1,0.5,-0.2002897129703642,-23.0,False
2023,13,1,0.5,-0.20607720571467392,8.0,True
2023,13,1,0.5,0.1106797421008765,-3.0,False
2023,13,2,0.5,0.17516012890408017,6.0,True
2023,13,2,0.5,0.10636230079127229,5.0,True
2023,13,2,0.5,-0.12038251906201866,-6.0,False
2023,13,2,0.5,-0.13906997005087135,-5.0,False
2023,13,2,0.5,-0.10674859805647859,-5.0,False
2023,13,2,0.5,0.09164032501935682,-14.0,False
2023,13,2,0.5,-0.06170940384531408,-3.0,False
2023,13,2,0.5,-0.3097891596131863,-30.0,False
2023,13,2,0.5,0.14680294527235097,3.0,True
2023,13,2,0.5,0.14651330270007967,17.0,True
2023,13,2,0.5,-0.17649966498232916,-23.0,False
2023,13,2,0.5,-0.18449482538541911,8.0,True
2023,13,2,0.5,0.05498053356783725,-3.0,False
2023,13,3,0.5,0.16011607309367948,6.0,True
2023,13,3,0.5,0.08621370809663288,5.0,True
2023,13,3,0.5,-0.12794747665583123,-6.0,False
2023,13,3,0.5,-0.14177703289529126,-5.0,False
2023,13,3,0.5,-0.12342186912144881,-5.0,False
2023,13,3,0.5,0.06715369125989609,-14.0,False
2023,13,3,0.5,-0.06978974721621406,-3.0,False
2023,13,3,0.5,-0.3006266593879464,-30.0,False
2023,13,3,0.5,0.1580716212776866,3.0,True
2023,13,3,0.5,0.1575600476008038,17.0,True
2023,13,3,0.5,-0.16460464098831157,-23.0,False
2023,13,3,0.5,-0.1737036352207917,8.0,True
2023,13,3,0.5,0.02713092930131765,-3.0,False
2023,13,5,0.5,0.14883303123587915,6.0,True
2023,13,5,0.5,0.07110226357565322,5.0,True
2023,13,5,0.5,-0.13362119485119062,-6.0,False
2023,13,5,0.5,-0.14380733002860618,-5.0,False
2023,13,5,0.5,-0.13592682242017634,-5.0,False
2023,13,5,0.5,0.04878871594030051,-14.0,False
2023,13,5,0.5,-0.075850004744389,-3.0,False
2023,13,5,0.5,-0.29375478421901646,-30.0,False
2023,13,5,0.5,0.1665231282816882,3.0,True
2023,13,5,0.5,0.165845106276347,17.0,True
2023,13,5,0.5,-0.1556833729927985,-23.0,False
2023,13,5,0.5,-0.1656102425973211,8.0,True
2023,13,5,0.5,0.006243726101427968,-3.0,False
2023,14,1,0.5,0.1035700999059458,-3.0,False
2023,14,1,0.5,0.038197476955608566,-4.0,False
2023,14,1,0.5,0.18240203055097484,6.0,True
2023,14,1,0.5,-0.18744683197562856,15.0,True
2023,14,1,0.5,-0.012774446630875857,20.0,True
2023,14,1,0.5,-0.1808932832729623,4.0,True
2023,14,1,0.5,0.2402030456554246,22.0,True
2023,14,1,0.5,-0.23741434175523035,24.0,True
2023,14,1,0.5,-0.17313694724983686,-3.0,False
2023,14,1,0.5,0.328602384242389,12.0,True
2023,14,1,0.5,-0.0075820421131298915,-3.0,False
2023,14,1,0.5,0.11791864921553226,-17.0,False
2023,14,1,0.5,0.07586525236680619,20.0,True
2023,14,1,0.5,0.25472346677166174,-1.0,False
2023,14,1,0.5,-0.13112781431492504,2.0,True
2023,14,2,0.5,0.08338576552482743,-3.0,False
2023,14,2,0.5,0.00244598617590875,-4.0,False
2023,14,2,0.5,0.13110042200139077,6.0,True
2023,14,2,0.5,-0.18691570515784411,15.0,True
2023,14,2,0.5,0.00837851088106175,20.0,True
2023,14,2,0.5,-0.1907735508370668,4.0,True
2023,14,2,0.5,0.21151302250387113,22.0,True
2023,14,2,0.5,-0.2482113446700009,24.0,True
2023,14,2,0.5,-0.14829791635615863,-3.0,False
2023,14,2,0.5,0.298134493546977,12.0,True
2023,14,2,0.5,-0.013048102123364089,-3.0,False
2023,14,2,0.5,0.10734065720419189,-17.0,False
2023,14,2,0.5,0.04894725695332561,20.0,True
2023,14,2,0.5,0.23046662651895766,-1.0,False
2023,14,2,0.5,-0.14246321503035597,2.0,True
2023,14,3,0.5,0.07329359833426816,-3.0,False
2023,14,3,0.5,-0.015429759213941123,-4.0,False
2023,14,3,0.5,0.1054496177265987,6.0,True
2023,14,3,0.5,-0.18665014174895184,15.0,True
2023,14,3,0.5,0.018954989637030538,20.0,True
2023,14,3,0.5,-0.195713684619119,4.0,True
2023,14,3,0.5,0.19716801092809438,22.0,True
2023,14,3,0.5,-0.25360984612738624,24.0,True
2023,14,3,0.5,-0.13587840090931957,-3.0,False
2023,14,3,0.5,0.28290054819927096,12.0,True
2023,14,3,0.5,-0.015781132128481173,-3.0,False
2023,14,3,0.5,0.10205166119852166,-17.0,False
2023,14,3,0.5,0.03548825924658526,20.0,True
2023,14,3,0.5,0.21833820639260554,-1.0,False
2023,14,3,0.5,-0.1481309153880714,2.0,True
2023,14,5,0.5,0.06572447294134882,-3.0,False
2023,14,5,0.5,-0.028836568256328552,-4.0,False
2023,14,5,0.5,0.08621151452050468,6.0,True
2023,14,5,0.5,-0.18645096919228268,15.0,True
2023,14,5,0.5,0.02688734870400715,20.0,True
2023,14,5,0.5,-0.19941878495565823,4.0,True
2023,14,5,0.5,0.1864092522462619,22.0,True
2023,14,5,0.5,-0.2576587222204252,24.0,True
2023,14,5,0.5,-0.12656376432419025,-3.0,False
2023,14,5,0.5,0.27147508918849156,12.0,True
2023,14,5,0.5,-0.017830904632318983,-3.0,False
2023,14,5,0.5,0.09808491419426903,-17.0,False
2023,14,5,0.5,0.02539401096653006,20.0,True
2023,14,5,0.5,0.2092418912978416,-1.0,False
2023,14,5,0.5,-0.152381690656358,2.0,True
2023,15,1,0.5,-0.12999581903018081,42.0,True
2023,15,1,0.5,-0.007538364324637798,3.0,True
2023,15,1,0.5,0.0025709600491751793,17.0,True
2023,15,1,0.5,0.12274529659263841,25.0,True
2023,15,1,0.5,-0.18694209461175082,2.0,True
2023,15,1,0.5,-0.06680471466193381,3.0,True
2023,15,1,0.5,0.021013231992843308,-14.0,False
2023,15,1,0.5,0.3374001393969674,30.0,True
2023,15,1,0.5,-0.16537704813973247,-10.0,False
2023,15,1,0.5,0.13318666494551346,18.0,True
2023,15,1,0.5,-0.08591831148319737,-3.0,False
2023,15,1,0.5,-0.438916788869127,-16.0,False
2023,15,1,0.5,0.16868480032775196,8.0,True
2023,15,1,0.5,-0.04379462509030689,21.0,True
2023,15,1,0.5,-0.1704853481536354,-16.0,False
2023,15,1,0.5,-0.0859338058833703,3.0,True
2023,15,2,0.5,-0.13816605625331313,42.0,True
2023,15,2,0.5,0.03794285514982728,3.0,True
2023,15,2,0.5,0.028086948113479154,17.0,True
2023,15,2,0.5,0.11532511197005148,25.0,True
2023,15,2,0.5,-0.17371982727756344,2.0,True
2023,15,2,0.5,-0.07333311786694212,3.0,True
2023,15,2,0.5,0.005017027137805295,-14.0,False
2023,15,2,0.5,0.3564556389718661,30.0,True
2023,15,2,0.5,-0.16665958226395425,-10.0,False
2023,15,2,0.5,0.12084521127910726,18.0,True
2023,15,2,0.5,-0.06625664819742705,-3.0,False
2023,15,2,0.5,-0.3795555767294516,-16.0,False
2023,15,2,0.5,0.1665409247342512,8.0,True
2023,15,2,0.5,-0.020148441687469848,21.0,True
2023,15,2,0.5,-0.13586344775487233,-16.0,False
2023,15,2,0.5,-0.08314830239331306,3.0,True
2023,15,3,0.5,-0.14225117486487932,42.0,True
2023,15,3,0.5,0.060683464887059856,3.0,True
2023,15,3,0.5,0.040844942145631113,17.0,True
2023,15,3,0.5,0.11161501965875792,25.0,True
2023,15,3,0.5,-0.16710869361046973,2.0,True
2023,15,3,0.5,-0.07659731946944623,3.0,True
2023,15,3,0.5,-0.0029810752897137353,-14.0,False
2023,15,3,0.5,0.3659833887593154,30.0,True
2023,15,3,0.5,-0.1673008493260651,-10.0,False
2023,15,3,0.5,0.11467448444590411,18.0,True
2023,15,3,0.5,-0.056425816554541874,-3.0,False
2023,15,3,0.5,-0.34987497065961404,-16.0,False
2023,15,3,0.5,0.16546898693750087,8.0,True
2023,15,3,0.5,-0.008325349986051292,21.0,True
2023,15,3,0.5,-0.11855249755549081,-16.0,False
2023,15,3,0.5,-0.08175555064828441,3.0,True
2023,15,5,0.5,-0.14531501382355397,42.0,True
2023,15,5,0.5,0.07773892218998427,3.0,True
2023,15,5,0.5,0.05041343766974512,17.0,True
2023,15,5,0.5,0.1088324504252878,25.0,True
2023,15,5,0.5,-0.16215034336014944,2.0,True
2023,15,5,0.5,-0.07904547067132431,3.0,True
2023,15,5,0.5,-0.008979652110352981,-14.0,False
2023,15,5,0.5,0.37312920109990244,30.0,True
2023,15,5,0.5,-0.16778179962264828,-10.0,False
2023,15,5,0.5,0.11004643932100172,18.0,True
2023,15,5,0.5,-0.04905269282237803,-3.0,False
2023,15,5,0.5,-0.3276145161072359,-16.0,False
2023,15,5,0.5,0.16466503358993806,8.0,True
2023,15,5,0.5,0.0005419687900125453,21.0,True
2023,15,5,0.5,-0.10556928490595471,-16.0,False
2023,15,5,0.5,-0.08071098683951296,3.0,True
2023,16,1,0.5,0.014293267610825944,8.0,True
2023,16,1,0.5,-0.07286734975741807,23.0,True
2023,16,1,0.5,-0.14153874689249313,-2.0,False
2023,16,1,0.5,-0.08220106157776891,19.0,True
2023,16,1,0.5,-0.14937366930398802,-3.0,False
2023,16,1,0.5,0.09168067070875328,-14.0,False
2023,16,1,0.5,-0.08852089922208142,-6.0,False
2023,16,1,0.5,0.00387006872750964,2.0,True
2023,16,1,0.5,-0.07627745228878524,-3.0,False
2023,16,1,0.5,-0.09098978210894829,18.0,True
2023,16,1,0.5,0.09933495211136012,11.0,True
2023,16,1,0.5,0.13441941632705962,2.0,True
2023,16,1,0.5,0.014804831600897808,-3.0,False
2023,16,1,0.5,0.23156493571698222,-6.0,False
2023,16,1,0.5,0.1994278209185369,8.0,True
2023,16,1,0.5,0.10840578174046728,-14.0,False
2023,16,2,0.5,0.03753669337832769,8.0,True
2023,16,2,0.5,-0.10493322338512348,23.0,True
2023,16,2,0.5,-0.12211040658440317,-2.0,False
2023,16,2,0.5,-0.09885983441731794,19.0,True
2023,16,2,0.5,-0.16003682832897187,-3.0,False
2023,16,2,0.5,0.1246066582698146,-14.0,False
2023,16,2,0.5,-0.11183508515110639,-6.0,False
2023,16,2,0.5,-0.0357696815727728,2.0,True
2023,16,2,0.5,-0.08462403959582507,-3.0,False
2023,16,2,0.5,-0.055330622027584056,18.0,True
2023,16,2,0.5,0.024217517476518763,11.0,True
2023,16,2,0.5,0.12067689145918697,2.0,True
2023,16,2,0.5,0.03482714633792107,-3.0,False
2023,16,2,0.5,0.2274147603623684,-6.0,False
2023,16,2,0.5,0.21416984528686475,8.0,True
2023,16,2,0.5,0.1261841109346958,-14.0,False
2023,16,3,0.5,0.04915840626207854,8.0,True
2023,16,3,0.5,-0.12096616019897616,23.0,True
2023,16,3,0.5,-0.1123962364303582,-2.0,False
2023,16,3,0.5,-0.10718922083709245,19.0,True
2023,16,3,0.5,-0.1653684078414637,-3.0,False
2023,16,3,0.5,0.14106965205034527,-14.0,False
2023,16,3,0.5,-0.12349217811561883,-6.0,False
2023,16,3,0.5,-0.05558955672291402,2.0,True
2023,16,3,0.5,-0.088797333249345,-3.0,False
2023,16,3,0.5,-0.03750104198690194,18.0,True
2023,16,3,0.5,-0.013341199840902054,11.0,True
2023,16,3,0.5,0.11380562902525052,2.0,True
2023,16,3,0.5,0.044838303706432756,-3.0,False
2023,16,3,0.5,0.22533967268506155,-6.0,False
2023,16,3,0.5,0.2215408574710287,8.0,True
2023,16,3,0.5,0.13507327553181012,-14.0,False
2023,16,5,0.5,0.057874690924891684,8.0,True
2023,16,5,0.5,-0.13299086280936567,23.0,True
2023,16,5,0.5,-0.10511060881482445,-2.0,False
2023,16,5,0.5,-0.11343626065192342,19.0,True
2023,16,5,0.5,-0.1693670924758327,-3.0,False
2023,16,5,0.5,0.15341689738574324,-14.0,False
2023,16,5,0.5,-0.13223499783900317,-6.0,False
2023,16,5,0.5,-0.07045446308551997,2.0,True
2023,16,5,0.5,-0.09192730348948494,-3.0,False
2023,16,5,0.5,-0.02412885695639033,18.0,True
2023,16,5,0.5,-0.041510237828967615,11.0,True
2023,16,5,0.5,0.10865218219979832,2.0,True
2023,16,5,0.5,0.05234667173281651,-3.0,False
2023,16,5,0.5,0.22378335692708146,-6.0,False
2023,16,5,0.5,0.22706911660915158,8.0,True
2023,16,5,0.5,0.14174014897964593,-14.0,False
2023,17,1,0.5,0.09373470590503785,17.0,True
2023,17,1,0.5,-0.057758779336214774,1.0,True
2023,17,1,0.5,0.0055024861554057725,37.0,True
2023,17,1,0.5,0.20270937018924876,6.0,True
2023,17,1,0.5,0.014971537453779386,20.0,True
2023,17,1,0.5,0.07179856266226349,23.0,True
2023,17,1,0.5,0.10693000798648852,3.0,True
2023,17,1,0.5,0.189020083534175,26.0,True
2023,17,1,0.5,-0.24672919754466727,-1.0,False
2023,17,1,0.5,0.1858893731270835,-4.0,False
2023,17,1,0.5,-0.035203800975858436,-10.0,False
2023,17,1,0.5,-0.4460779686574354,-17.0,False
2023,17,1,0.5,0.010064108827089805,-7.0,False
2023,17,1,0.5,-0.06196337659591752,7.0,True
2023,17,1,0.5,0.09160031344595293,8.0,True
2023,17,1,0.5,0.03727389673499519,-23.0,False
2023,17,2,0.5,0.07808305483785613,17.0,True
2023,17,2,0.5,-0.06057223181769783,1.0,True
2023,17,2,0.5,-0.023417259711113747,37.0,True
2023,17,2,0.5,0.19637876598330722,6.0,True
2023,17,2,0.5,0.00043929888178220397,20.0,True
2023,17,2,0.5,0.05768653687999606,23.0,True
2023,17,2,0.5,0.12689662588878214,3.0,True
2023,17,2,0.5,0.17617664945094189,26.0,True
2023,17,2,0.5,-0.2477629166726789,-1.0,False
2023,17,2,0.5,0.15279812631006465,-4.0,False
2023,17,2,0.5,0.006677076697862435,-10.0,False
2023,17,2,0.5,-0.4120155936226456,-17.0,False
2023,17,2,0.5,0.03387942734245476,-7.0,False
2023,17,2,0.5,-0.055173869037498484,7.0,True
2023,17,2,0.5,0.056133051788672506,8.0,True
2023,17,2,0.5,0.00358436771859183,-23.0,False
2023,17,3,0.5,0.07025722930426534,17.0,True
2023,17,3,0.5,-0.061978958058439323,1.0,True
2023,17,3,0.5,-0.03787713264437356,37.0,True
2023,17,3,0.5,0.19321346388033644,6.0,True
2023,17,3,0.5,-0.006826820404216373,20.0,True
2023,17,3,0.5,0.05063052398886235,23.0,True
2023,17,3,0.5,0.13687993483992894,3.0,True
2023,17,3,0.5,0.16975493240932543,26.0,True
2023,17,3,0.5,-0.24827977623668462,-1.0,False
2023,17,3,0.5,0.13625250290155516,-4.0,False
2023,17,3,0.5,0.0276175155347228,-10.0,False
2023,17,3,0.5,-0.3949844061052507,-17.0,False
2023,17,3,0.5,0.045787086600137215,-7.0,False
2023,17,3,0.5,-0.05177911525828893,7.0,True
2023,17,3,0.5,0.03839942096003231,8.0,True
2023,17,3,0.5,-0.013260396789609748,-23.0,False
2023,17,5,0.5,0.06438786015407225,17.0,True
2023,17,5,0.5,-0.0630340027389955,1.0,True
2023,17,5,0.5,-0.04872203734431832,37.0,True
2023,17,5,0.5,0.1908394873031084,6.0,True
2023,17,5,0.5,-0.012276409868715352,20.0,True
2023,17,5,0.5,0.04533851432051211,23.0,True
2023,17,5,0.5,0.14436741655328902,3.0,True
2023,17,5,0.5,0.16493864462811295,26.0,True
2023,17,5,0.5,-0.24866742090968896,-1.0,False
2023,17,5,0.5,0.12384328534517308,-4.0,False
2023,17,5,0.5,0.04332284466236813,-10.0,False
2023,17,5,0.5,-0.3822110154672045,-17.0,False
2023,17,5,0.5,0.05471783104339904,-7.0,False
2023,17,5,0.5,-0.04923304992388183,7.0,True
2023,17,5,0.5,0.025099197838552134,8.0,True
2023,17,5,0.5,-0.025893970170761012,-23.0,False
