season,week,iterations,regression,rating_diff,actual_margin,actual_home_win
2014,4,3,0.3,0.21539106145992,-31.0,False
2014,4,3,0.3,-0.0837574672607524,28.0,True
2014,4,3,0.3,-0.0944281437672075,-21.0,False
2014,4,3,0.3,-0.0253244655415847,6.0,True
2014,4,3,0.3,-0.0268618179454276,24.0,True
2014,4,3,0.3,0.1640318043711734,-7.0,False
2014,4,3,0.3,0.3967201011106144,-3.0,False
2014,4,3,0.3,-0.416300523480854,13.0,True
2014,4,3,0.3,0.0663186313386316,5.0,True
2014,4,3,0.3,-0.2104718865100497,21.0,True
2014,4,3,0.3,-0.1789043880055977,27.0,True
2014,4,3,0.5,0.2249003142607917,-31.0,False
2014,4,3,0.5,-0.0054085266510899,28.0,True
2014,4,3,0.5,-0.0996749881777281,-21.0,False
2014,4,3,0.5,-0.0444962270315247,6.0,True
2014,4,3,0.5,0.0167339871795508,24.0,True
2014,4,3,0.5,0.1766460719182854,-7.0,False
2014,4,3,0.5,0.2709695568646417,-3.0,False
2014,4,3,0.5,-0.3411324906898786,13.0,True
2014,4,3,0.5,0.0789004994125223,5.0,True
2014,4,3,0.5,-0.1400943419649861,21.0,True
2014,4,3,0.5,-0.0860306953000626,27.0,True
2014,4,3,0.7,0.2291751159786148,-31.0,False
2014,4,3,0.7,0.0298125567422443,28.0,True
2014,4,3,0.7,-0.1020336613530997,-21.0,False
2014,4,3,0.7,-0.0531147253159932,6.0,True
2014,4,3,0.7,0.0363321014100459,24.0,True
2014,4,3,0.7,0.1823167059532255,-7.0,False
2014,4,3,0.7,0.2144394956898465,-3.0,False
2014,4,3,0.7,-0.3073413566829265,13.0,True
2014,4,3,0.7,0.0845565685466566,5.0,True
2014,4,3,0.7,-0.1084567301970219,21.0,True
2014,4,3,0.7,-0.0442801361939046,27.0,True
2014,5,3,0.3,0.2529129725231442,32.0,True
2014,5,3,0.3,0.0695520847938175,7.0,True
2014,5,3,0.3,0.0794501541536072,3.0,True
2014,5,3,0.3,0.0108575895643441,-3.0,False
2014,5,3,0.3,-0.138541670766587,7.0,True
2014,5,3,0.3,-0.2698917122141654,-8.0,False
2014,5,3,0.3,0.2627529624236497,6.0,True
2014,5,3,0.3,-0.044489504819522,10.0,True
2014,5,3,0.3,-0.1876499606617318,-1.0,False
2014,5,3,0.3,-0.1096934409171882,21.0,True
2014,5,3,0.3,-0.0075641380589489,5.0,True
2014,5,3,0.3,-0.2249340428195189,26.0,True
2014,5,3,0.3,-0.2037976098459247,-10.0,False
2014,5,3,0.5,0.2554006807492543,32.0,True
2014,5,3,0.5,0.0723879168434337,7.0,True
2014,5,3,0.5,0.1018607286085786,3.0,True
2014,5,3,0.5,-0.0368538691340554,-3.0,False
2014,5,3,0.5,-0.1854377823630997,7.0,True
2014,5,3,0.5,-0.1797528576540239,-8.0,False
2014,5,3,0.5,0.2037543844227349,6.0,True
2014,5,3,0.5,-0.0373540333468018,10.0,True
2014,5,3,0.5,-0.1843073213313074,-1.0,False
2014,5,3,0.5,-0.0879099282117026,21.0,True
2014,5,3,0.5,-0.0821944197204095,5.0,True
2014,5,3,0.5,-0.1784448472227885,26.0,True
2014,5,3,0.5,-0.161910132136624,-10.0,False
2014,5,3,0.7,0.2565190083004414,32.0,True
2014,5,3,0.7,0.0736627404253712,7.0,True
2014,5,3,0.7,0.1119352070332906,3.0,True
2014,5,3,0.7,-0.0583021395581066,-3.0,False
2014,5,3,0.7,-0.2065195206037338,7.0,True
2014,5,3,0.7,-0.1392317212003824,-8.0,False
2014,5,3,0.7,0.1772320878902135,6.0,True
2014,5,3,0.7,-0.0341463443361295,10.0,True
2014,5,3,0.7,-0.1828046669534103,-1.0,False
2014,5,3,0.7,-0.0781173399312549,21.0,True
2014,5,3,0.7,-0.1157438123939101,5.0,True
2014,5,3,0.7,-0.1575460345233409,26.0,True
2014,5,3,0.7,-0.1430799816067549,-10.0,False
2014,6,3,0.3,0.0106287506813493,-5.0,False
2014,6,3,0.3,-0.0653910315022518,-15.0,False
2014,6,3,0.3,0.0836533834189848,0.0,False
2014,6,3,0.3,-0.0374828754280973,21.0,True
2014,6,3,0.3,-0.1072268216001102,-3.0,False
2014,6,3,0.3,-0.1729572906606925,-14.0,False
2014,6,3,0.3,-0.1441825871490385,-14.0,False
2014,6,3,0.3,-0.2624344297407578,-31.0,False
2014,6,3,0.3,0.1649627409041078,2.0,True
2014,6,3,0.3,0.0480274281503713,10.0,True
2014,6,3,0.3,-0.0778991530052834,-14.0,False
2014,6,3,0.3,0.2787963378510047,-7.0,False
2014,6,3,0.3,-0.2378217175512894,27.0,True
2014,6,3,0.5,0.0736494108897593,-5.0,False
2014,6,3,0.5,-0.0587997188168586,-15.0,False
2014,6,3,0.5,0.0562785724142582,0.0,False
2014,6,3,0.5,0.0384062208375384,21.0,True
2014,6,3,0.5,-0.1281829235824808,-3.0,False
2014,6,3,0.5,-0.1119652367512367,-14.0,False
2014,6,3,0.5,-0.1219043505796336,-14.0,False
2014,6,3,0.5,-0.2726936764748714,-31.0,False
2014,6,3,0.5,0.1068202318210862,2.0,True
2014,6,3,0.5,0.0145864195918901,10.0,True
2014,6,3,0.5,-0.0620230274269024,-14.0,False
2014,6,3,0.5,0.2220129293182905,-7.0,False
2014,6,3,0.5,-0.1987264544268624,27.0,True
2014,6,3,0.7,0.1019797994238153,-5.0,False
2014,6,3,0.7,-0.0558366516463607,-15.0,False
2014,6,3,0.7,0.0439724647148855,0.0,False
2014,6,3,0.7,0.072521502645026,21.0,True
2014,6,3,0.7,-0.1376035565837299,-3.0,False
2014,6,3,0.7,-0.0845467904983621,-14.0,False
2014,6,3,0.7,-0.1118893634979744,-14.0,False
2014,6,3,0.7,-0.2773056314287391,-31.0,False
2014,6,3,0.7,0.0806827736094527,2.0,True
2014,6,3,0.7,-0.0004466943472436,10.0,True
2014,6,3,0.7,-0.054886053543043,-14.0,False
2014,6,3,0.7,0.1964864429136759,-7.0,False
2014,6,3,0.7,-0.1811515196278083,27.0,True
2014,7,3,0.3,0.1759675325640345,2.0,True
2014,7,3,0.3,0.0483234869532317,22.0,True
2014,7,3,0.3,0.2371495011259881,1.0,True
2014,7,3,0.3,0.000806240736939,-13.0,False
2014,7,3,0.3,-0.0025178346578249,1.0,True
2014,7,3,0.3,0.1056325986494477,21.0,True
2014,7,3,0.3,-0.0336280199364932,27.0,True
2014,7,3,0.3,-0.3816056653940097,18.0,True
2014,7,3,0.3,0.0505656200858883,2.0,True
2014,7,3,0.3,0.0900277559486793,10.0,True
2014,7,3,0.3,0.058349654391805,25.0,True
2014,7,3,0.3,-0.0106300019375536,7.0,True
2014,7,3,0.5,0.1261340375913553,2.0,True
2014,7,3,0.5,0.0199331422309793,22.0,True
2014,7,3,0.5,0.2040709841929375,1.0,True
2014,7,3,0.5,0.0085913003524713,-13.0,False
2014,7,3,0.5,-0.0557399371077862,1.0,True
2014,7,3,0.5,0.0706444160332619,21.0,True
2014,7,3,0.5,-0.0507617314255968,27.0,True
2014,7,3,0.5,-0.3586285875336046,18.0,True
2014,7,3,0.5,0.102100913969126,2.0,True
2014,7,3,0.5,0.1201101581456578,10.0,True
2014,7,3,0.5,0.0734058421019116,25.0,True
2014,7,3,0.5,-0.0493084262309776,7.0,True
2014,7,3,0.7,0.1037318242550133,2.0,True
2014,7,3,0.7,0.007170510199875,22.0,True
2014,7,3,0.7,0.1892008252046854,1.0,True
2014,7,3,0.7,0.0120910060511968,-13.0,False
2014,7,3,0.7,-0.0796654694018055,1.0,True
2014,7,3,0.7,0.0549157834810316,21.0,True
2014,7,3,0.7,-0.0584640420950102,27.0,True
2014,7,3,0.7,-0.3482994424403949,18.0,True
2014,7,3,0.7,0.1252681561735173,2.0,True
2014,7,3,0.7,0.1336334398672352,10.0,True
2014,7,3,0.7,0.0801742200633358,25.0,True
2014,7,3,0.7,-0.0666959747665536,7.0,True
2014,8,3,0.3,0.0478734709181745,-1.0,False
2014,8,3,0.3,-0.2066702328219225,-4.0,False
2014,8,3,0.3,-0.0370327816566972,3.0,True
2014,8,3,0.3,-0.3507324803646439,-14.0,False
2014,8,3,0.3,0.0909965211354731,28.0,True
2014,8,3,0.3,-0.006800359532445,-20.0,False
2014,8,3,0.3,-0.1205155390391501,-6.0,False
2014,8,3,0.3,-0.0218404385336118,-14.0,False
2014,8,3,0.3,0.0687734898449801,4.0,True
2014,8,3,0.3,-0.1064620939220848,17.0,True
2014,8,3,0.3,-0.1606463081363809,21.0,True
2014,8,3,0.3,0.1457209595214582,-3.0,False
2014,8,3,0.5,0.1230466633426627,-1.0,False
2014,8,3,0.5,-0.1757324773302827,-4.0,False
2014,8,3,0.5,-0.0057897036684259,3.0,True
2014,8,3,0.5,-0.3180532962931373,-14.0,False
2014,8,3,0.5,0.0664058660197551,28.0,True
2014,8,3,0.5,0.0241772818528507,-20.0,False
2014,8,3,0.5,-0.1160720356483721,-6.0,False
2014,8,3,0.5,-0.0480287250229041,-14.0,False
2014,8,3,0.5,0.0470323076851079,4.0,True
2014,8,3,0.5,-0.0805268073844297,17.0,True
2014,8,3,0.5,-0.1319106265731937,21.0,True
2014,8,3,0.5,0.1294720152268125,-3.0,False
2014,8,3,0.7,0.1568401168178914,-1.0,False
2014,8,3,0.7,-0.1618246789900043,-4.0,False
2014,8,3,0.7,0.0082553497391454,3.0,True
2014,8,3,0.7,-0.3033626539123684,-14.0,False
2014,8,3,0.7,0.0553513513347076,28.0,True
2014,8,3,0.7,0.0381030105489929,-20.0,False
2014,8,3,0.7,-0.1140744974268298,-6.0,False
2014,8,3,0.7,-0.0598014409676319,-14.0,False
2014,8,3,0.7,0.0372587487325049,4.0,True
2014,8,3,0.7,-0.068867825362915,17.0,True
2014,8,3,0.7,-0.1189927513750635,21.0,True
2014,8,3,0.7,0.1221674439383937,-3.0,False
2014,9,3,0.3,-0.1366871254067123,-18.0,False
2014,9,3,0.3,0.3092743736359183,10.0,True
2014,9,3,0.3,0.3525170127327767,5.0,True
2014,9,3,0.3,0.0543811073250326,-11.0,False
2014,9,3,0.3,-0.0125112171770737,-10.0,False
2014,9,3,0.3,0.1787653727958318,14.0,True
2014,9,3,0.3,-0.1986742285116576,3.0,True
2014,9,3,0.3,-0.1214735277045903,22.0,True
2014,9,3,0.3,0.0649432870164864,20.0,True
2014,9,3,0.3,-0.1557930857040873,-16.0,False
2014,9,3,0.5,-0.1293408876916442,-18.0,False
2014,9,3,0.5,0.3103832904951953,10.0,True
2014,9,3,0.5,0.3254433040121717,5.0,True
2014,9,3,0.5,0.1223169484853325,-11.0,False
2014,9,3,0.5,0.0026804840830048,-10.0,False
2014,9,3,0.5,0.1714697231448297,14.0,True
2014,9,3,0.5,-0.1863205021739252,3.0,True
2014,9,3,0.5,-0.1074794710018729,22.0,True
2014,9,3,0.5,0.0641813362923665,20.0,True
2014,9,3,0.5,-0.1404484992818047,-16.0,False
2014,9,3,0.7,-0.1260384505536779,-18.0,False
2014,9,3,0.7,0.3108817944044116,10.0,True
2014,9,3,0.7,0.31327255422034,5.0,True
2014,9,3,0.7,0.1528569137775774,-11.0,False
2014,9,3,0.7,0.0095097809797374,-10.0,False
2014,9,3,0.7,0.1681900274301589,14.0,True
2014,9,3,0.7,-0.1807669921688896,3.0,True
2014,9,3,0.7,-0.1011885647777154,22.0,True
2014,9,3,0.7,0.0638388079851934,20.0,True
2014,9,3,0.7,-0.1335504741928887,-16.0,False
2014,10,3,0.3,0.0876853810673377,-21.0,False
2014,10,3,0.3,0.1093551092562265,14.0,True
2014,10,3,0.3,-0.1489653407453283,-4.0,False
2014,10,3,0.3,-0.1798303654000378,4.0,True
2014,10,3,0.3,-0.3194074827280652,-14.0,False
2014,10,3,0.3,0.0529725024431201,-3.0,False
2014,10,3,0.3,-0.2545959881826011,7.0,True
2014,10,3,0.3,-0.3019780545983057,-10.0,False
2014,10,3,0.3,0.2698736564034324,21.0,True
2014,10,3,0.3,0.1473968755747532,41.0,True
2014,10,3,0.3,0.0611399102451192,24.0,True
2014,10,3,0.5,0.0899704603543793,-21.0,False
2014,10,3,0.5,0.1198280233815749,14.0,True
2014,10,3,0.5,-0.1906854951835201,-4.0,False
2014,10,3,0.5,-0.1954812398008618,4.0,True
2014,10,3,0.5,-0.3243091238745882,-14.0,False
2014,10,3,0.5,0.0781313316710405,-3.0,False
2014,10,3,0.5,-0.2233642535465014,7.0,True
2014,10,3,0.5,-0.3074344977831865,-10.0,False
2014,10,3,0.5,0.2261037174773586,21.0,True
2014,10,3,0.5,0.1216734215399791,41.0,True
2014,10,3,0.5,0.0446738203952873,24.0,True
2014,10,3,0.7,0.0909976978320401,-21.0,False
2014,10,3,0.7,0.1245360306489333,14.0,True
2014,10,3,0.7,-0.2094404269951843,-4.0,False
2014,10,3,0.7,-0.2025169539810488,4.0,True
2014,10,3,0.7,-0.326512613931282,-14.0,False
2014,10,3,0.7,0.0894412640762525,-3.0,False
2014,10,3,0.7,-0.2093242994440346,7.0,True
2014,10,3,0.7,-0.3098873942607933,-10.0,False
2014,10,3,0.7,0.2064273229142613,21.0,True
2014,10,3,0.7,0.1101096669738879,41.0,True
2014,10,3,0.7,0.0372716332150876,24.0,True
2014,11,3,0.3,0.1234367938902177,13.0,True
2014,11,3,0.3,-0.1685162740699818,-2.0,False
2014,11,3,0.3,0.0820193925399726,8.0,True
2014,11,3,0.3,0.0220832331638132,-16.0,False
2014,11,3,0.3,-0.0988822120735504,4.0,True
2014,11,3,0.3,0.121067798255938,-17.0,False
2014,11,3,0.3,-0.0917112920062293,-6.0,False
2014,11,3,0.3,0.2185903475770742,-20.0,False
2014,11,3,0.3,0.0618953429173038,8.0,True
2014,11,3,0.3,0.1395190695713257,33.0,True
2014,11,3,0.3,-0.0386428018039206,-22.0,False
2014,11,3,0.3,-0.1573928580789,-3.0,False
2014,11,3,0.5,0.1387478238686977,13.0,True
2014,11,3,0.5,-0.1754796721513829,-2.0,False
2014,11,3,0.5,0.1195465683067343,8.0,True
2014,11,3,0.5,0.0084947260937312,-16.0,False
2014,11,3,0.5,-0.0601984542761928,4.0,True
2014,11,3,0.5,0.1097925963433751,-17.0,False
2014,11,3,0.5,-0.0473085772953083,-6.0,False
2014,11,3,0.5,0.2142923214257381,-20.0,False
2014,11,3,0.5,0.0668977271975806,8.0,True
2014,11,3,0.5,0.1535282809340357,33.0,True
2014,11,3,0.5,-0.038725556723737,-22.0,False
2014,11,3,0.5,-0.1632726671358885,-3.0,False
2014,11,3,0.7,0.1456307639507667,13.0,True
2014,11,3,0.7,-0.1786100070687101,-2.0,False
2014,11,3,0.7,0.1364165831009666,8.0,True
2014,11,3,0.7,0.0023861311723181,-16.0,False
2014,11,3,0.7,-0.0428085081104082,4.0,True
2014,11,3,0.7,0.1047239275936908,-17.0,False
2014,11,3,0.7,-0.0273477238931512,-6.0,False
2014,11,3,0.7,0.212360181229266,-20.0,False
2014,11,3,0.7,0.0691465054520171,8.0,True
2014,11,3,0.7,0.1598259998035109,33.0,True
2014,11,3,0.7,-0.038762758476682,-22.0,False
2014,11,3,0.7,-0.1659158840514154,-3.0,False
2014,12,3,0.3,0.1077905796814007,-2.0,False
2014,12,3,0.3,0.1616224020247298,8.0,True
2014,12,3,0.3,-0.0245772928455297,-9.0,False
2014,12,3,0.3,0.3638102151980255,20.0,True
2014,12,3,0.3,-0.3884664475147711,-3.0,False
2014,12,3,0.3,0.2462328415465573,25.0,True
2014,12,3,0.3,0.1010952020955732,19.0,True
2014,12,3,0.3,0.1503627947434242,16.0,True
2014,12,3,0.3,0.1174177945174329,3.0,True
2014,12,3,0.3,0.0832541467577978,4.0,True
2014,12,3,0.3,-0.1812544914776739,-3.0,False
2014,12,3,0.3,0.0270386811786985,35.0,True
2014,12,3,0.3,0.0323922744755172,-7.0,False
2014,12,3,0.5,0.1316659249372626,-2.0,False
2014,12,3,0.5,0.1836122996139326,8.0,True
2014,12,3,0.5,-0.0394075840809863,-9.0,False
2014,12,3,0.5,0.3369150482013562,20.0,True
2014,12,3,0.5,-0.3976117346901495,-3.0,False
2014,12,3,0.5,0.2724362428351082,25.0,True
2014,12,3,0.5,0.1006421724160161,19.0,True
2014,12,3,0.5,0.176193801711247,16.0,True
2014,12,3,0.5,0.1094193055409684,3.0,True
2014,12,3,0.5,0.0261079712331022,4.0,True
2014,12,3,0.5,-0.1764134579332506,-3.0,False
2014,12,3,0.5,-0.0041997931474637,35.0,True
2014,12,3,0.5,0.0619730046458225,-7.0,False
2014,12,3,0.7,0.1423988783091637,-2.0,False
2014,12,3,0.7,0.1934976664200879,8.0,True
2014,12,3,0.7,-0.0460744122510539,-9.0,False
2014,12,3,0.7,0.3248245602854223,20.0,True
2014,12,3,0.7,-0.4017229188332095,-3.0,False
2014,12,3,0.7,0.284215753506108,25.0,True
2014,12,3,0.7,0.1004385168719951,19.0,True
2014,12,3,0.7,0.1878059057610021,16.0,True
2014,12,3,0.7,0.1058236545331999,3.0,True
2014,12,3,0.7,0.000418406088973,4.0,True
2014,12,3,0.7,-0.1742372134958493,-3.0,False
2014,12,3,0.7,-0.0182427770188577,35.0,True
2014,12,3,0.7,0.0752707640801797,-7.0,False
2014,13,3,0.3,-0.06943038364681,17.0,True
2014,13,3,0.3,0.0607783971271595,-23.0,False
2014,13,3,0.3,-0.1203867574885567,-16.0,False
2014,13,3,0.3,0.020470934538248,16.0,True
2014,13,3,0.3,0.0595936832110196,24.0,True
2014,13,3,0.3,0.1518120007256672,22.0,True
2014,13,3,0.3,-0.1847133954464068,1.0,True
2014,13,3,0.3,-0.0330517322633048,18.0,True
2014,13,3,0.3,-0.0117759855007535,-3.0,False
2014,13,3,0.3,-0.2440746692884367,-1.0,False
2014,13,3,0.3,0.0189361394100936,11.0,True
2014,13,3,0.3,0.0290829657320388,5.0,True
2014,13,3,0.3,-0.106775055856707,-13.0,False
2014,13,3,0.3,-0.2028111633735059,-3.0,False
2014,13,3,0.5,-0.115735252000193,17.0,True
2014,13,3,0.5,0.08183480515342,-23.0,False
2014,13,3,0.5,-0.1446335260502635,-16.0,False
2014,13,3,0.5,-0.0017679345342428,16.0,True
2014,13,3,0.5,0.0580512823874019,24.0,True
2014,13,3,0.5,0.1200479709539076,22.0,True
2014,13,3,0.5,-0.1928539665025888,1.0,True
2014,13,3,0.5,-0.0438506408928652,18.0,True
2014,13,3,0.5,-0.0263852921282694,-3.0,False
2014,13,3,0.5,-0.2480171980488867,-1.0,False
2014,13,3,0.5,0.0789582018799066,11.0,True
2014,13,3,0.5,0.0358743507836022,5.0,True
2014,13,3,0.5,-0.0819422676254683,-13.0,False
2014,13,3,0.5,-0.1865401306536419,-3.0,False
2014,13,3,0.7,-0.1365512019939157,17.0,True
2014,13,3,0.7,0.0913005298624729,-23.0,False
2014,13,3,0.7,-0.1555334495321318,-16.0,False
2014,13,3,0.7,-0.0117652243007755,16.0,True
2014,13,3,0.7,0.0573579095400874,24.0,True
2014,13,3,0.7,0.1057687282124744,22.0,True
2014,13,3,0.7,-0.1965134892709643,1.0,True
2014,13,3,0.7,-0.0487051961483557,18.0,True
2014,13,3,0.7,-0.0329527785938499,-3.0,False
2014,13,3,0.7,-0.2497895274916578,-1.0,False
2014,13,3,0.7,0.1059405969351437,11.0,True
2014,13,3,0.7,0.0389273587425618,5.0,True
2014,13,3,0.7,-0.0707789041086729,-13.0,False
2014,13,3,0.7,-0.1792256297061801,-3.0,False
2014,14,3,0.3,-0.1046443910081706,-13.0,False
2014,14,3,0.3,-0.0202014494200503,-21.0,False
2014,14,3,0.3,-0.1629478313840169,-1.0,False
2014,14,3,0.3,0.1470970965529618,17.0,True
2014,14,3,0.3,-0.2909844678232565,-14.0,False
2014,14,3,0.3,0.023903493142025,-15.0,False
2014,14,3,0.3,-0.0259606599241631,6.0,True
2014,14,3,0.3,0.2310702552755442,-31.0,False
2014,14,3,0.3,-0.0413237485180121,-29.0,False
2014,14,3,0.3,-0.0919783697705926,3.0,True
2014,14,3,0.3,0.2268197480392442,7.0,True
2014,14,3,0.3,-0.11870942730554,-10.0,False
2014,14,3,0.3,0.1515027167231082,6.0,True
2014,14,3,0.5,-0.0968972262516755,-13.0,False
2014,14,3,0.5,-0.031593614609692,-21.0,False
2014,14,3,0.5,-0.1508393916580614,-1.0,False
2014,14,3,0.5,0.1128885383078352,17.0,True
2014,14,3,0.5,-0.2675015157909555,-14.0,False
2014,14,3,0.5,0.0255817884455012,-15.0,False
2014,14,3,0.5,-0.0426856971355165,6.0,True
2014,14,3,0.5,0.2333248407792333,-31.0,False
2014,14,3,0.5,-0.0623731071268211,-29.0,False
2014,14,3,0.5,-0.1380002843435745,3.0,True
2014,14,3,0.5,0.2454470007452894,7.0,True
2014,14,3,0.5,-0.1072884464221891,-10.0,False
2014,14,3,0.5,0.1278182282908095,6.0,True
2014,14,3,0.7,-0.0934145558565538,-13.0,False
2014,14,3,0.7,-0.0367148631811822,-21.0,False
2014,14,3,0.7,-0.1453961481115309,-1.0,False
2014,14,3,0.7,0.0975103790967231,17.0,True
2014,14,3,0.7,-0.256944959372765,-14.0,False
2014,14,3,0.7,0.0263362514718345,-15.0,False
2014,14,3,0.7,-0.0502042918452076,6.0,True
2014,14,3,0.7,0.2343383700423597,-31.0,False
2014,14,3,0.7,-0.0718356628316986,-29.0,False
2014,14,3,0.7,-0.1586890349314288,3.0,True
2014,14,3,0.7,0.2538207198516767,7.0,True
2014,14,3,0.7,-0.1021542440067378,-10.0,False
2014,14,3,0.7,0.1171710729405102,6.0,True
2014,15,3,0.3,0.002893948885954,-7.0,False
2014,15,3,0.3,0.3531395790016656,8.0,True
2014,15,3,0.3,-0.2803781156813503,8.0,True
2014,15,3,0.3,0.1661480874404645,2.0,True
2014,15,3,0.3,-0.1028085477501593,-30.0,False
2014,15,3,0.3,0.0707508891299064,7.0,True
2014,15,3,0.3,0.1348619994374693,28.0,True
2014,15,3,0.3,0.0430543689030006,11.0,True
2014,15,3,0.3,-0.0230143261110974,-5.0,False
2014,15,3,0.3,0.0761154011099592,2.0,True
2014,15,3,0.3,0.1846778294706513,10.0,True
2014,15,3,0.3,-0.0775449514304307,-11.0,False
2014,15,3,0.3,-0.1232570514149913,-16.0,False
2014,15,3,0.5,0.0169013720332877,-7.0,False
2014,15,3,0.5,0.3287882934736255,8.0,True
2014,15,3,0.5,-0.3015352443635934,8.0,True
2014,15,3,0.5,0.1627555437921723,2.0,True
2014,15,3,0.5,-0.1149318356974698,-30.0,False
2014,15,3,0.5,0.0662284502506101,7.0,True
2014,15,3,0.5,0.1148993128617702,28.0,True
2014,15,3,0.5,0.0381880256784514,11.0,True
2014,15,3,0.5,-0.0280199880487261,-5.0,False
2014,15,3,0.5,0.0386952902142265,2.0,True
2014,15,3,0.5,0.1884780117954367,10.0,True
2014,15,3,0.5,-0.0974561162410836,-11.0,False
2014,15,3,0.5,-0.1163242427187864,-16.0,False
2014,15,3,0.7,0.0231982870261259,-7.0,False
2014,15,3,0.7,0.3178413853004698,8.0,True
2014,15,3,0.7,-0.3110462471657027,8.0,True
2014,15,3,0.7,0.1612304553631235,2.0,True
2014,15,3,0.7,-0.1203817541324992,-30.0,False
2014,15,3,0.7,0.0641954272681741,7.0,True
2014,15,3,0.7,0.1059252610983825,28.0,True
2014,15,3,0.7,0.0360004034949385,11.0,True
2014,15,3,0.7,-0.0302702397454583,-5.0,False
2014,15,3,0.7,0.0218734054996311,2.0,True
2014,15,3,0.7,0.190186350638689,10.0,True
2014,15,3,0.7,-0.1064070068440377,-11.0,False
2014,15,3,0.7,-0.1132076589929695,-16.0,False
2014,16,3,0.3,-0.178142552005229,8.0,True
2014,16,3,0.3,-0.1243729632259532,3.0,True
2014,16,3,0.3,0.0495954294281456,4.0,True
2014,16,3,0.3,-0.06855213170611,-6.0,False
2014,16,3,0.3,-0.0614717883813282,12.0,True
2014,16,3,0.3,0.1212774976509739,2.0,True
2014,16,3,0.3,0.059706672976643,-16.0,False
2014,16,3,0.3,-0.298495202009202,-1.0,False
2014,16,3,0.3,-0.0106083547407841,8.0,True
2014,16,3,0.3,-0.4435923567454144,-17.0,False
2014,16,3,0.3,0.0373670726660361,35.0,True
2014,16,3,0.3,-0.1586451216796991,-29.0,False
2014,16,3,0.3,-0.166728347814463,9.0,True
2014,16,3,0.5,-0.1652126935736923,8.0,True
2014,16,3,0.5,-0.0923456575712617,3.0,True
2014,16,3,0.5,0.0558898519251096,4.0,True
2014,16,3,0.5,0.0024038101553655,-6.0,False
2014,16,3,0.5,-0.0655105246915594,12.0,True
2014,16,3,0.5,0.1311379831318319,2.0,True
2014,16,3,0.5,0.0365663354201992,-16.0,False
2014,16,3,0.5,-0.2749690309664614,-1.0,False
2014,16,3,0.5,-0.0047657418117036,8.0,True
2014,16,3,0.5,-0.4291070166434602,-17.0,False
2014,16,3,0.5,0.0707398049797908,35.0,True
2014,16,3,0.5,-0.1629020434573457,-29.0,False
2014,16,3,0.5,-0.1489904501503439,9.0,True
2014,16,3,0.7,-0.1594001884072218,8.0,True
2014,16,3,0.7,-0.0779480614512628,3.0,True
2014,16,3,0.7,0.0587194546989742,4.0,True
2014,16,3,0.7,0.0343014353958454,-6.0,False
2014,16,3,0.7,-0.0673261033998286,12.0,True
2014,16,3,0.7,0.1355706784397405,2.0,True
2014,16,3,0.7,0.0261637983535409,-16.0,False
2014,16,3,0.7,-0.2643930458188074,-1.0,False
2014,16,3,0.7,-0.0021392460912913,8.0,True
2014,16,3,0.7,-0.4225952582490038,-17.0,False
2014,16,3,0.7,0.0857422259281759,35.0,True
2014,16,3,0.7,-0.164815705540875,-29.0,False
2014,16,3,0.7,-0.1410165328517949,9.0,True
2014,17,3,0.3,0.1406760920176012,10.0,True
2014,17,3,0.3,0.2831934801233306,6.0,True
2014,17,3,0.3,0.1509845115638346,-13.0,False
2014,17,3,0.3,0.0171398068221711,4.0,True
2014,17,3,0.3,0.2412383625805043,-8.0,False
2014,17,3,0.3,-0.0402825239787406,-8.0,False
2014,17,3,0.3,-0.3183469076423301,-3.0,False
2014,17,3,0.3,-0.1557834675571979,-17.0,False
2014,17,3,0.3,-0.2449005415535174,-27.0,False
2014,17,3,0.3,0.1067468017995161,-31.0,False
2014,17,3,0.3,0.2354188907158679,10.0,True
2014,17,3,0.3,0.0316574505769462,3.0,True
2014,17,3,0.3,0.0379470256443526,10.0,True
2014,17,3,0.5,0.1354278879369759,10.0,True
2014,17,3,0.5,0.2421650177978995,6.0,True
2014,17,3,0.5,0.1559373304346361,-13.0,False
2014,17,3,0.5,-0.0133232472631417,4.0,True
2014,17,3,0.5,0.2533889714468873,-8.0,False
2014,17,3,0.5,-0.013087954614162,-8.0,False
2014,17,3,0.5,-0.3289243507735624,-3.0,False
2014,17,3,0.5,-0.1374616464858751,-17.0,False
2014,17,3,0.5,-0.2233742440626994,-27.0,False
2014,17,3,0.5,0.1357047675260667,-31.0,False
2014,17,3,0.5,0.2655498975817236,10.0,True
2014,17,3,0.5,0.0360222542822437,3.0,True
2014,17,3,0.5,0.0547952855806305,10.0,True
2014,17,3,0.7,0.1330686035337591,10.0,True
2014,17,3,0.7,0.2237210301470177,6.0,True
2014,17,3,0.7,0.158163826991235,-13.0,False
2014,17,3,0.7,-0.0270176477235117,4.0,True
2014,17,3,0.7,0.2588511717629678,-8.0,False
2014,17,3,0.7,-0.0008628729732047,-8.0,False
2014,17,3,0.7,-0.3336793481444834,-3.0,False
2014,17,3,0.7,-0.1292252315088584,-17.0,False
2014,17,3,0.7,-0.2136972846402215,-27.0,False
2014,17,3,0.7,0.1487225686324977,-31.0,False
2014,17,3,0.7,0.2790950291085762,10.0,True
2014,17,3,0.7,0.0379844137460931,3.0,True
2014,17,3,0.7,0.0623692739923519,10.0,True
2015,4,3,0.3,0.1877383871286874,-3.0,False
2015,4,3,0.3,-0.0630336923854529,-13.0,False
2015,4,3,0.3,0.2231232954810359,27.0,True
2015,4,3,0.3,0.2061862076511867,-14.0,False
2015,4,3,0.3,0.111928361917147,15.0,True
2015,4,3,0.3,-0.2093191414399078,3.0,True
2015,4,3,0.3,-0.2193425340221698,-14.0,False
2015,4,3,0.3,-0.2181687757918652,3.0,True
2015,4,3,0.3,0.0465609898119737,3.0,True
2015,4,3,0.3,-0.4124874528449818,-14.0,False
2015,4,3,0.3,-0.2143573814409393,6.0,True
2015,4,3,0.3,0.2542685544960979,3.0,True
2015,4,3,0.5,0.1627166404856971,-3.0,False
2015,4,3,0.5,-0.0253496617910433,-13.0,False
2015,4,3,0.5,0.2204915674204078,27.0,True
2015,4,3,0.5,0.1345960216739043,-14.0,False
2015,4,3,0.5,0.0827943639321218,15.0,True
2015,4,3,0.5,-0.2209543271942426,3.0,True
2015,4,3,0.5,-0.1427995395462856,-14.0,False
2015,4,3,0.5,-0.1533073616594866,3.0,True
2015,4,3,0.5,-0.094908627070254,3.0,True
2015,4,3,0.5,-0.32569284822419,-14.0,False
2015,4,3,0.5,-0.1543962950839654,6.0,True
2015,4,3,0.5,0.1881968932578152,3.0,True
2015,4,3,0.7,0.1514683323617839,-3.0,False
2015,4,3,0.7,-0.0084091342761251,-13.0,False
2015,4,3,0.7,0.2193084970078319,27.0,True
2015,4,3,0.7,0.1024132775189792,-14.0,False
2015,4,3,0.7,0.0696974290581199,15.0,True
2015,4,3,0.7,-0.2261848235425215,3.0,True
2015,4,3,0.7,-0.1083903034974937,-14.0,False
2015,4,3,0.7,-0.1241494782421788,3.0,True
2015,4,3,0.7,-0.1585050603475858,3.0,True
2015,4,3,0.7,-0.2866750901836506,-14.0,False
2015,4,3,0.7,-0.1274413113088119,6.0,True
2015,4,3,0.7,0.1584949538020735,3.0,True
2015,5,3,0.3,0.0302961386211255,-7.0,False
2015,5,3,0.3,0.2060216471273636,6.0,True
2015,5,3,0.3,-0.0773652565568325,-3.0,False
2015,5,3,0.3,0.2999909575692793,3.0,True
2015,5,3,0.3,0.0980437911322072,-1.0,False
2015,5,3,0.3,-0.0589525899246859,22.0,True
2015,5,3,0.3,-0.1774280320891984,7.0,True
2015,5,3,0.3,-0.138410336486869,-1.0,False
2015,5,3,0.3,-0.5219621754324464,-25.0,False
2015,5,3,0.3,-0.4147754686102683,-24.0,False
2015,5,3,0.3,0.3124594203959795,3.0,True
2015,5,3,0.5,0.0236102101517966,-7.0,False
2015,5,3,0.5,0.1769516799792727,6.0,True
2015,5,3,0.5,-0.1134651362668101,-3.0,False
2015,5,3,0.5,0.2828643675478798,3.0,True
2015,5,3,0.5,0.1021166340562707,-1.0,False
2015,5,3,0.5,-0.1386087907807963,22.0,True
2015,5,3,0.5,-0.1735092359212694,7.0,True
2015,5,3,0.5,-0.1031518365479072,-1.0,False
2015,5,3,0.5,-0.3983647121836904,-25.0,False
2015,5,3,0.5,-0.3446147979073741,-24.0,False
2015,5,3,0.5,0.268855582080246,3.0,True
2015,5,3,0.7,0.0206046092802633,-7.0,False
2015,5,3,0.7,0.1638835296099474,6.0,True
2015,5,3,0.7,-0.1296935225584514,-3.0,False
2015,5,3,0.7,0.2751652582722049,3.0,True
2015,5,3,0.7,0.1039475450955286,-1.0,False
2015,5,3,0.7,-0.1744175416243689,22.0,True
2015,5,3,0.7,-0.1717475752586224,7.0,True
2015,5,3,0.7,-0.0873016851991996,-1.0,False
2015,5,3,0.7,-0.3428025498058095,-25.0,False
2015,5,3,0.7,-0.3130746798849722,-24.0,False
2015,5,3,0.7,0.2492538565988613,3.0,True
2015,6,3,0.3,-0.110808937054626,10.0,True
2015,6,3,0.3,-0.0591052280586459,-13.0,False
2015,6,3,0.3,0.071105933156715,-3.0,False
2015,6,3,0.3,-0.1481169799274482,3.0,True
2015,6,3,0.3,0.0145723273406409,-11.0,False
2015,6,3,0.3,-0.0898191474013944,6.0,True
2015,6,3,0.3,0.0404606881267893,14.0,True
2015,6,3,0.3,-0.2674826737072831,12.0,True
2015,6,3,0.3,0.1686815864597495,-28.0,False
2015,6,3,0.3,0.0255832583649505,-4.0,False
2015,6,3,0.3,-0.0977631147970528,5.0,True
2015,6,3,0.3,-0.5697817834000578,-7.0,False
2015,6,3,0.3,-0.1260425370707401,20.0,True
2015,6,3,0.5,-0.0326295859694372,10.0,True
2015,6,3,0.5,-0.0973601393935019,-13.0,False
2015,6,3,0.5,0.2010117352948258,-3.0,False
2015,6,3,0.5,-0.1288912357171282,3.0,True
2015,6,3,0.5,0.0057291241402466,-11.0,False
2015,6,3,0.5,-0.1081484861072585,6.0,True
2015,6,3,0.5,-0.0536365851625439,14.0,True
2015,6,3,0.5,-0.1945851711596761,12.0,True
2015,6,3,0.5,0.1719390548024401,-28.0,False
2015,6,3,0.5,0.0943536694783921,-4.0,False
2015,6,3,0.5,-0.0614680654694242,5.0,True
2015,6,3,0.5,-0.4900583257681764,-7.0,False
2015,6,3,0.5,-0.1662065565212006,20.0,True
2015,6,3,0.7,0.0025152599312439,10.0,True
2015,6,3,0.7,-0.1145573013697216,-13.0,False
2015,6,3,0.7,0.2594097564394811,-3.0,False
2015,6,3,0.7,-0.1202484699712046,3.0,True
2015,6,3,0.7,0.0017537392152987,-11.0,False
2015,6,3,0.7,-0.1163882805713626,6.0,True
2015,6,3,0.7,-0.0959371942559138,14.0,True
2015,6,3,0.7,-0.161814734234605,12.0,True
2015,6,3,0.7,0.1734034213051176,-28.0,False
2015,6,3,0.7,0.1252688084192971,-4.0,False
2015,6,3,0.7,-0.0451519423771875,5.0,True
2015,6,3,0.7,-0.4542193402272389,-7.0,False
2015,6,3,0.7,-0.1842619414117745,20.0,True
2015,7,3,0.3,-0.2189256840120462,-17.0,False
2015,7,3,0.3,-0.12259359782684,3.0,True
2015,7,3,0.3,-0.0468788428381588,-9.0,False
2015,7,3,0.3,-0.1661224825315756,-6.0,False
2015,7,3,0.3,-0.049531442815252,10.0,True
2015,7,3,0.3,-0.0103771361067557,18.0,True
2015,7,3,0.3,0.3251255240162472,7.0,True
2015,7,3,0.3,-0.2401704119337687,-3.0,False
2015,7,3,0.3,0.0671364196044207,1.0,True
2015,7,3,0.3,0.0132037326180222,7.0,True
2015,7,3,0.3,0.0330143157067015,11.0,True
2015,7,3,0.3,0.3109927014441321,8.0,True
2015,7,3,0.5,-0.1808561394237043,-17.0,False
2015,7,3,0.5,-0.1051025219930675,3.0,True
2015,7,3,0.5,-0.0196413025489375,-9.0,False
2015,7,3,0.5,-0.1830268427230367,-6.0,False
2015,7,3,0.5,-0.0492403733393253,10.0,True
2015,7,3,0.5,-0.0373388728485738,18.0,True
2015,7,3,0.5,0.3536091506598456,7.0,True
2015,7,3,0.5,-0.2087636918591638,-3.0,False
2015,7,3,0.5,0.0883832499286571,1.0,True
2015,7,3,0.5,0.0043512351489083,7.0,True
2015,7,3,0.5,0.009938411393809,11.0,True
2015,7,3,0.5,0.2297392115434861,8.0,True
2015,7,3,0.7,-0.1637423074527983,-17.0,False
2015,7,3,0.7,-0.0972395612971513,3.0,True
2015,7,3,0.7,-0.0073969037033243,-9.0,False
2015,7,3,0.7,-0.1906260505155284,-6.0,False
2015,7,3,0.7,-0.0491095255932666,10.0,True
2015,7,3,0.7,-0.0494592866132444,18.0,True
2015,7,3,0.7,0.3664137167656833,7.0,True
2015,7,3,0.7,-0.1946450745779194,-3.0,False
2015,7,3,0.7,0.0979345773221213,1.0,True
2015,7,3,0.7,0.0003716720664626,7.0,True
2015,7,3,0.7,-0.0004351602697848,11.0,True
2015,7,3,0.7,0.193212413331269,8.0,True
2015,8,3,0.3,0.2958244202122667,29.0,True
2015,8,3,0.3,0.2474254347751736,35.0,True
2015,8,3,0.3,0.146866750438489,-3.0,False
2015,8,3,0.3,0.0969969544304049,-3.0,False
2015,8,3,0.3,-0.2573067985515787,-14.0,False
2015,8,3,0.3,0.0138544024610511,14.0,True
2015,8,3,0.3,-0.0492435590369565,3.0,True
2015,8,3,0.3,-0.2278174616349868,-6.0,False
2015,8,3,0.3,-0.0261906666349853,-1.0,False
2015,8,3,0.3,-0.306253534736737,19.0,True
2015,8,3,0.3,0.2488335795368897,3.0,True
2015,8,3,0.5,0.2950126810766131,29.0,True
2015,8,3,0.5,0.2043230706888913,35.0,True
2015,8,3,0.5,0.1127096056182122,-3.0,False
2015,8,3,0.5,0.1328703309150541,-3.0,False
2015,8,3,0.5,-0.1695504436129929,-14.0,False
2015,8,3,0.5,0.0280170565569859,14.0,True
2015,8,3,0.5,-0.0421743731275671,3.0,True
2015,8,3,0.5,-0.2266229392372304,-6.0,False
2015,8,3,0.5,-0.0039252408557356,-1.0,False
2015,8,3,0.5,-0.3578836944061349,19.0,True
2015,8,3,0.5,0.1675263599512612,3.0,True
2015,8,3,0.7,0.2946477708229705,29.0,True
2015,8,3,0.7,0.1849467785767095,35.0,True
2015,8,3,0.7,0.0973545588641431,-3.0,False
2015,8,3,0.7,0.1489968946558597,-3.0,False
2015,8,3,0.7,-0.1301003390993167,-14.0,False
2015,8,3,0.7,0.0343837542698373,14.0,True
2015,8,3,0.7,-0.0389964822141717,3.0,True
2015,8,3,0.7,-0.226085952104294,-6.0,False
2015,8,3,0.7,0.0060839872468628,-1.0,False
2015,8,3,0.7,-0.3810935826978824,19.0,True
2015,8,3,0.7,0.1309754080274465,3.0,True
2015,9,3,0.3,0.1629042995914759,21.0,True
2015,9,3,0.3,-0.04011124949686,16.0,True
2015,9,3,0.3,-0.1278442895845174,8.0,True
2015,9,3,0.3,0.4097163749314138,17.0,True
2015,9,3,0.3,0.2636030002225633,-6.0,False
2015,9,3,0.3,0.0321204522300794,5.0,True
2015,9,3,0.3,-0.2594262020794172,1.0,True
2015,9,3,0.3,-0.113281397417791,-14.0,False
2015,9,3,0.3,-0.1886630507931457,3.0,True
2015,9,3,0.3,0.0723228259216428,-6.0,False
2015,9,3,0.5,0.1294604360646576,21.0,True
2015,9,3,0.5,-0.0247110530615013,16.0,True
2015,9,3,0.5,-0.1772688051385175,8.0,True
2015,9,3,0.5,0.3421375011206874,17.0,True
2015,9,3,0.5,0.2662921616653825,-6.0,False
2015,9,3,0.5,0.0013691630147825,5.0,True
2015,9,3,0.5,-0.2111749982947248,1.0,True
2015,9,3,0.5,-0.1143860119212158,-14.0,False
2015,9,3,0.5,-0.0764047196028958,3.0,True
2015,9,3,0.5,0.115941787034781,-6.0,False
2015,9,3,0.7,0.1144260386993906,21.0,True
2015,9,3,0.7,-0.0177880289758814,16.0,True
2015,9,3,0.7,-0.1994871653416919,8.0,True
2015,9,3,0.7,0.3117580073892599,17.0,True
2015,9,3,0.7,0.2675010507543562,-6.0,False
2015,9,3,0.7,-0.0124548110361305,5.0,True
2015,9,3,0.7,-0.1894840901713309,1.0,True
2015,9,3,0.7,-0.1148825817438564,-14.0,False
2015,9,3,0.7,-0.0259399652146185,3.0,True
2015,9,3,0.7,0.1355503108379347,-6.0,False
2015,10,3,0.3,-0.0354399632910474,-5.0,False
2015,10,3,0.3,-0.0658986219284174,-2.0,False
2015,10,3,0.3,0.4011613026977014,-2.0,False
2015,10,3,0.3,-0.0035988208252848,-1.0,False
2015,10,3,0.3,0.0568390715052867,21.0,True
2015,10,3,0.3,-0.1056188523535553,4.0,True
2015,10,3,0.3,-0.2797580590877014,-17.0,False
2015,10,3,0.3,-0.1652519880984616,33.0,True
2015,10,3,0.3,-0.1319516270610025,-16.0,False
2015,10,3,0.3,-0.2857336535085959,-1.0,False
2015,10,3,0.3,-0.1534791691821584,-7.0,False
2015,10,3,0.3,0.211895178249628,-4.0,False
2015,10,3,0.5,-0.0744790449686721,-5.0,False
2015,10,3,0.5,-0.035089587812531,-2.0,False
2015,10,3,0.5,0.36428711875172,-2.0,False
2015,10,3,0.5,-0.0352188836747837,-1.0,False
2015,10,3,0.5,0.0254607198081366,21.0,True
2015,10,3,0.5,-0.117736348820811,4.0,True
2015,10,3,0.5,-0.2107674313636061,-17.0,False
2015,10,3,0.5,-0.1632537173438491,33.0,True
2015,10,3,0.5,-0.2067710623400677,-16.0,False
2015,10,3,0.5,-0.2297223777658454,-1.0,False
2015,10,3,0.5,-0.1147830364589917,-7.0,False
2015,10,3,0.5,0.1912862102684529,-4.0,False
2015,10,3,0.7,-0.0920287238879713,-5.0,False
2015,10,3,0.7,-0.021239655044839,-2.0,False
2015,10,3,0.7,0.3477106507393064,-2.0,False
2015,10,3,0.7,-0.0494334073410722,-1.0,False
2015,10,3,0.7,0.0113548552837296,21.0,True
2015,10,3,0.7,-0.123183663746458,4.0,True
2015,10,3,0.7,-0.1797532959647008,-17.0,False
2015,10,3,0.7,-0.1623554121422342,33.0,True
2015,10,3,0.7,-0.2404054873737759,-16.0,False
2015,10,3,0.7,-0.2045429969273613,-1.0,False
2015,10,3,0.7,-0.0973875272531645,-7.0,False
2015,10,3,0.7,0.1820216283319614,-4.0,False
2015,11,3,0.3,0.0515208157312696,6.0,True
2015,11,3,0.3,0.1383979153747416,-3.0,False
2015,11,3,0.3,0.2055453244213081,28.0,True
2015,11,3,0.3,0.1149521906236477,-2.0,False
2015,11,3,0.3,0.0205390716256314,7.0,True
2015,11,3,0.3,-0.0240045302429564,-10.0,False
2015,11,3,0.3,0.0453403287833256,-28.0,False
2015,11,3,0.3,-0.2420333095397367,-17.0,False
2015,11,3,0.3,0.2751956431985281,16.0,True
2015,11,3,0.3,0.1291802269996458,3.0,True
2015,11,3,0.3,0.2387123511201284,7.0,True
2015,11,3,0.5,0.0402149856572199,6.0,True
2015,11,3,0.5,0.0846145487295455,-3.0,False
2015,11,3,0.5,0.1190638285368884,28.0,True
2015,11,3,0.5,0.1900036094430664,-2.0,False
2015,11,3,0.5,0.0653557970381669,7.0,True
2015,11,3,0.5,-0.0273371387064095,-10.0,False
2015,11,3,0.5,0.0271593296050113,-28.0,False
2015,11,3,0.5,-0.2252510419495203,-17.0,False
2015,11,3,0.5,0.2538368804900333,16.0,True
2015,11,3,0.5,0.0960964116222523,3.0,True
2015,11,3,0.5,0.2077550847954539,7.0,True
2015,11,3,0.7,0.035132548284482,6.0,True
2015,11,3,0.7,0.0604367050083106,-3.0,False
2015,11,3,0.7,0.0801868257998557,28.0,True
2015,11,3,0.7,0.2237423206554657,-2.0,False
2015,11,3,0.7,0.0855027653428847,7.0,True
2015,11,3,0.7,-0.0288352837954848,-10.0,False
2015,11,3,0.7,0.0189862198826499,-28.0,False
2015,11,3,0.7,-0.2177067198218084,-17.0,False
2015,11,3,0.7,0.2442352348687835,16.0,True
2015,11,3,0.7,0.0812238707645248,3.0,True
2015,11,3,0.7,0.1938385155302333,7.0,True
2015,12,3,0.3,-0.1450128272766928,31.0,True
2015,12,3,0.3,-0.0727070874773508,-19.0,False
2015,12,3,0.3,0.0958747953398208,-4.0,False
2015,12,3,0.3,0.0988444413257103,-10.0,False
2015,12,3,0.3,-0.040561713441108,18.0,True
2015,12,3,0.3,-0.1141828182395351,13.0,True
2015,12,3,0.3,0.1363291083774184,8.0,True
2015,12,3,0.3,-0.0640217439204923,18.0,True
2015,12,3,0.3,-0.1352578601330218,6.0,True
2015,12,3,0.3,-0.4069994410449049,-6.0,False
2015,12,3,0.3,0.1282814178940728,9.0,True
2015,12,3,0.3,-0.2641901610824811,6.0,True
2015,12,3,0.3,-0.0095491276279921,-6.0,False
2015,12,3,0.5,-0.1099942935763328,31.0,True
2015,12,3,0.5,-0.0142409455210893,-19.0,False
2015,12,3,0.5,0.0605621785569795,-4.0,False
2015,12,3,0.5,0.0669035036799958,-10.0,False
2015,12,3,0.5,-0.0622565929376954,18.0,True
2015,12,3,0.5,-0.0939958514741267,13.0,True
2015,12,3,0.5,0.1087044072669295,8.0,True
2015,12,3,0.5,-0.0920478803919613,18.0,True
2015,12,3,0.5,-0.1319271305756302,6.0,True
2015,12,3,0.5,-0.3262647109509251,-6.0,False
2015,12,3,0.5,0.1329993071085767,9.0,True
2015,12,3,0.5,-0.2890531887782338,6.0,True
2015,12,3,0.5,0.0145352052310107,-6.0,False
2015,12,3,0.7,-0.0942520169587397,31.0,True
2015,12,3,0.7,0.0120419990280558,-19.0,False
2015,12,3,0.7,0.0446876994527665,-4.0,False
2015,12,3,0.7,0.0525447335456838,-10.0,False
2015,12,3,0.7,-0.0720093369315741,18.0,True
2015,12,3,0.7,-0.0849209765061909,13.0,True
2015,12,3,0.7,0.0962859636484529,8.0,True
2015,12,3,0.7,-0.1046467857782178,18.0,True
2015,12,3,0.7,-0.130429830132399,6.0,True
2015,12,3,0.7,-0.2899711166884938,-6.0,False
2015,12,3,0.7,0.1351201930857389,9.0,True
2015,12,3,0.7,-0.3002301461827464,6.0,True
2015,12,3,0.7,0.0253621071584523,-6.0,False
2015,13,3,0.3,-0.2247724560365616,-4.0,False
2015,13,3,0.3,0.009022518550284,9.0,True
2015,13,3,0.3,0.2034165066511374,-6.0,False
2015,13,3,0.3,-0.2292419634303276,-34.0,False
2015,13,3,0.3,0.0042395297812852,2.0,True
2015,13,3,0.3,-0.2556254311113262,-31.0,False
2015,13,3,0.3,0.0018966732950926,-3.0,False
2015,13,3,0.3,0.0302873867773724,4.0,True
2015,13,3,0.3,-0.0531976388740434,3.0,True
2015,13,3,0.3,0.3134932186106274,-7.0,False
2015,13,3,0.3,-0.1557326972770067,-3.0,False
2015,13,3,0.3,0.1091023051252332,35.0,True
2015,13,3,0.3,-0.0657381100139126,-3.0,False
2015,13,3,0.5,-0.1864949266626187,-4.0,False
2015,13,3,0.5,0.0231035004064169,9.0,True
2015,13,3,0.5,0.1818513507703013,-6.0,False
2015,13,3,0.5,-0.19334683950288,-34.0,False
2015,13,3,0.5,0.0070628237028888,2.0,True
2015,13,3,0.5,-0.2618289653146998,-31.0,False
2015,13,3,0.5,0.0573915375844456,-3.0,False
2015,13,3,0.5,0.0459704403725701,4.0,True
2015,13,3,0.5,-0.0467987054574761,3.0,True
2015,13,3,0.5,0.2864859871338163,-7.0,False
2015,13,3,0.5,-0.059806522227281,-3.0,False
2015,13,3,0.5,0.1001279103184728,35.0,True
2015,13,3,0.5,-0.0519267002224745,-3.0,False
2015,13,3,0.7,-0.1692875969440573,-4.0,False
2015,13,3,0.7,0.0294334830756876,9.0,True
2015,13,3,0.7,0.1721569228972649,-6.0,False
2015,13,3,0.7,-0.1772104993887063,-34.0,False
2015,13,3,0.7,0.0083320108786556,2.0,True
2015,13,3,0.7,-0.2646177100483265,-31.0,False
2015,13,3,0.7,0.0823387701548886,-3.0,False
2015,13,3,0.7,0.0530206204291269,4.0,True
2015,13,3,0.7,-0.0439221207105789,3.0,True
2015,13,3,0.7,0.2743451216075433,-7.0,False
2015,13,3,0.7,-0.016683746287496,-3.0,False
2015,13,3,0.7,0.0960935493502962,35.0,True
2015,13,3,0.7,-0.045717901325406,-3.0,False
2015,14,3,0.3,0.2849316329375981,3.0,True
2015,14,3,0.3,-0.3143356894535324,-29.0,False
2015,14,3,0.3,0.1926503482420533,38.0,True
2015,14,3,0.3,0.0917679425438808,-3.0,False
2015,14,3,0.3,0.1343163914142296,-13.0,False
2015,14,3,0.3,0.0710662919076904,14.0,True
2015,14,3,0.3,0.0662324431766487,35.0,True
2015,14,3,0.3,0.1208131982512646,22.0,True
2015,14,3,0.3,-0.1143099095233881,3.0,True
2015,14,3,0.3,0.016070796926867,-7.0,False
2015,14,3,0.3,0.1097098496990886,21.0,True
2015,14,3,0.3,-0.177180599812242,-21.0,False
2015,14,3,0.3,-0.0275182248885629,-7.0,False
2015,14,3,0.5,0.236021227259532,3.0,True
2015,14,3,0.5,-0.3102219558739627,-29.0,False
2015,14,3,0.5,0.1418673678707135,38.0,True
2015,14,3,0.5,0.0949435591333938,-3.0,False
2015,14,3,0.5,0.1203379602026938,-13.0,False
2015,14,3,0.5,0.0650176924963905,14.0,True
2015,14,3,0.5,0.0534422376465725,35.0,True
2015,14,3,0.5,0.077961218099757,22.0,True
2015,14,3,0.5,-0.1252566717434325,3.0,True
2015,14,3,0.5,-0.0248231600887753,-7.0,False
2015,14,3,0.5,0.1025483153695693,21.0,True
2015,14,3,0.5,-0.1586313648321642,-21.0,False
2015,14,3,0.5,-0.0567177227842319,-7.0,False
2015,14,3,0.7,0.2140339806703096,3.0,True
2015,14,3,0.7,-0.3083726627969084,-29.0,False
2015,14,3,0.7,0.119038321648735,38.0,True
2015,14,3,0.7,0.096371129893817,-3.0,False
2015,14,3,0.7,0.1140540782819116,-13.0,False
2015,14,3,0.7,0.0622985973481914,14.0,True
2015,14,3,0.7,0.0476925122247951,35.0,True
2015,14,3,0.7,0.0586974839032078,22.0,True
2015,14,3,0.7,-0.1301776932918928,3.0,True
2015,14,3,0.7,-0.0432066820499357,-7.0,False
2015,14,3,0.7,0.0993289100287762,21.0,True
2015,14,3,0.7,-0.1502927179145144,-21.0,False
2015,14,3,0.7,-0.0698441025721931,-7.0,False
2015,15,3,0.3,-0.0574753055350808,-3.0,False
2015,15,3,0.3,-0.2274197715897005,-20.0,False
2015,15,3,0.3,-0.1110792388987656,-6.0,False
2015,15,3,0.3,-0.0117157016256971,-6.0,False
2015,15,3,0.3,-0.1077960635461955,21.0,True
2015,15,3,0.3,0.3446894478296743,17.0,True
2015,15,3,0.3,-0.1988761211089647,-3.0,False
2015,15,3,0.3,-0.1107969361805287,10.0,True
2015,15,3,0.3,0.3052797097286207,17.0,True
2015,15,3,0.3,0.0690068716361952,7.0,True
2015,15,3,0.3,-0.3387684725819904,-10.0,False
2015,15,3,0.3,-0.2913619195213039,-23.0,False
2015,15,3,0.3,0.1010280527348835,-8.0,False
2015,15,3,0.5,-0.0216963521226245,-3.0,False
2015,15,3,0.5,-0.1919174768343611,-20.0,False
2015,15,3,0.5,-0.1020875037184134,-6.0,False
2015,15,3,0.5,-0.01099739968124,-6.0,False
2015,15,3,0.5,-0.1031730354025047,21.0,True
2015,15,3,0.5,0.302225568926359,17.0,True
2015,15,3,0.5,-0.1060963253186316,-3.0,False
2015,15,3,0.5,-0.1145180356470683,10.0,True
2015,15,3,0.5,0.284766134839036,17.0,True
2015,15,3,0.5,0.1215620424728049,7.0,True
2015,15,3,0.5,-0.2951024760101755,-10.0,False
2015,15,3,0.5,-0.2467303915594815,-23.0,False
2015,15,3,0.5,0.1147745135571129,-8.0,False
2015,15,3,0.7,-0.0056122354509698,-3.0,False
2015,15,3,0.7,-0.175957729650768,-20.0,False
2015,15,3,0.7,-0.0980453475364202,-6.0,False
2015,15,3,0.7,-0.0106744933025392,-6.0,False
2015,15,3,0.7,-0.1010947933929555,21.0,True
2015,15,3,0.7,0.2831363022634007,17.0,True
2015,15,3,0.7,-0.0643879767523353,-3.0,False
2015,15,3,0.7,-0.1161908234806505,10.0,True
2015,15,3,0.7,0.2755444360354613,17.0,True
2015,15,3,0.7,0.1451877614727487,7.0,True
2015,15,3,0.7,-0.2754728078265154,-10.0,False
2015,15,3,0.7,-0.2266666771546256,-23.0,False
2015,15,3,0.7,0.1209541152111427,-8.0,False
2015,16,3,0.3,-0.0551781103400836,-14.0,False
2015,16,3,0.3,-0.2083405301051904,7.0,True
2015,16,3,0.3,-0.1507581273455264,3.0,True
2015,16,3,0.3,0.0855069800601775,10.0,True
2015,16,3,0.3,0.1755060927543517,15.0,True
2015,16,3,0.3,0.2195005799901332,4.0,True
2015,16,3,0.3,0.0561930262580229,-6.0,False
2015,16,3,0.3,-0.1735132899349045,6.0,True
2015,16,3,0.3,-0.0142811798756355,-5.0,False
2015,16,3,0.3,-0.1182303583450465,-28.0,False
2015,16,3,0.3,0.0315074446242389,11.0,True
2015,16,3,0.3,0.139757840094665,30.0,True
2015,16,3,0.3,-0.0206706775715514,32.0,True
2015,16,3,0.3,-0.1887957732066155,3.0,True
2015,16,3,0.5,-0.050318275630809,-14.0,False
2015,16,3,0.5,-0.1459298765552845,7.0,True
2015,16,3,0.5,-0.1425086112064391,3.0,True
2015,16,3,0.5,0.0997864504072453,10.0,True
2015,16,3,0.5,0.1635404845569447,15.0,True
2015,16,3,0.5,0.1784652687768996,4.0,True
2015,16,3,0.5,0.0493807203282888,-6.0,False
2015,16,3,0.5,-0.187881393075723,6.0,True
2015,16,3,0.5,-0.0285530288853368,-5.0,False
2015,16,3,0.5,-0.0910585741668902,-28.0,False
2015,16,3,0.5,0.0721536741525636,11.0,True
2015,16,3,0.5,0.1161729882097958,30.0,True
2015,16,3,0.5,-0.04520285377409,32.0,True
2015,16,3,0.5,-0.2096493079428546,3.0,True
2015,16,3,0.7,-0.0481335792936122,-14.0,False
2015,16,3,0.7,-0.1178737111979874,7.0,True
2015,16,3,0.7,-0.1388001131255651,3.0,True
2015,16,3,0.7,0.1062056618476702,10.0,True
2015,16,3,0.7,0.1581614496792113,15.0,True
2015,16,3,0.7,0.1600182022681983,4.0,True
2015,16,3,0.7,0.0463183075708854,-6.0,False
2015,16,3,0.7,-0.1943404486160908,6.0,True
2015,16,3,0.7,-0.0349688142199732,-5.0,False
2015,16,3,0.7,-0.0788437354079027,-28.0,False
2015,16,3,0.7,0.090425832380893,11.0,True
2015,16,3,0.7,0.1055706236010015,30.0,True
2015,16,3,0.7,-0.0562310797733963,32.0,True
2015,16,3,0.7,-0.2190238327325401,3.0,True
2015,17,3,0.3,-0.0402811610115702,-3.0,False
2015,17,3,0.3,-0.0267759425272033,5.0,True
2015,17,3,0.3,0.0704358354938773,-4.0,False
2015,17,3,0.3,0.2206979926304892,8.0,True
2015,17,3,0.3,-0.127797100973279,-16.0,False
2015,17,3,0.3,-0.0625933101647846,-11.0,False
2015,17,3,0.3,0.0515911020904433,24.0,True
2015,17,3,0.3,0.0464932924791447,6.0,True
2015,17,3,0.3,-0.2742571295041637,10.0,True
2015,17,3,0.3,0.051783554497196,-5.0,False
2015,17,3,0.3,0.0368132318212369,-30.0,False
2015,17,3,0.3,0.1479552890358887,28.0,True
2015,17,3,0.3,0.0810979104496059,-7.0,False
2015,17,3,0.5,-0.0750555632198549,-3.0,False
2015,17,3,0.5,0.0223757090537048,5.0,True
2015,17,3,0.5,0.0647474695995905,-4.0,False
2015,17,3,0.5,0.1968497487242426,8.0,True
2015,17,3,0.5,-0.1111961682092043,-16.0,False
2015,17,3,0.5,-0.0601763689566505,-11.0,False
2015,17,3,0.5,0.0335229726782874,24.0,True
2015,17,3,0.5,0.0229020771609091,6.0,True
2015,17,3,0.5,-0.2476456565578945,10.0,True
2015,17,3,0.5,0.0749694270928372,-5.0,False
2015,17,3,0.5,0.0025541563034769,-30.0,False
2015,17,3,0.5,0.0898377892399127,28.0,True
2015,17,3,0.5,0.0680366477754966,-7.0,False
2015,17,3,0.7,-0.090688092652937,-3.0,False
2015,17,3,0.7,0.0444714056359481,5.0,True
2015,17,3,0.7,0.0621903142893148,-4.0,False
2015,17,3,0.7,0.1861289785278566,8.0,True
2015,17,3,0.7,-0.1037333635721433,-16.0,False
2015,17,3,0.7,-0.0590898541016179,-11.0,False
2015,17,3,0.7,0.0254006025755752,24.0,True
2015,17,3,0.7,0.0122968519261058,6.0,True
2015,17,3,0.7,-0.2356827008297551,10.0,True
2015,17,3,0.7,0.0853924340395017,-5.0,False
2015,17,3,0.7,-0.0128467125072591,-30.0,False
2015,17,3,0.7,0.0637115737352997,28.0,True
2015,17,3,0.7,0.0621650709770438,-7.0,False
2016,4,3,0.3,-0.0346212119062893,15.0,True
2016,4,3,0.3,-0.1438396317381406,3.0,True
2016,4,3,0.3,0.0407389704718054,15.0,True
2016,4,3,0.3,-0.1172154094210433,3.0,True
2016,4,3,0.3,0.0309210293568983,7.0,True
2016,4,3,0.3,0.3837286566379959,-16.0,False
2016,4,3,0.3,-0.0281798372766135,-10.0,False
2016,4,3,0.3,0.2173012244052073,11.0,True
2016,4,3,0.3,-0.1081789909912032,-20.0,False
2016,4,3,0.3,0.2735477341885218,-4.0,False
2016,4,3,0.3,-0.127953372291116,-7.0,False
2016,4,3,0.3,-0.0130378525543613,29.0,True
2016,4,3,0.3,0.1904448794870289,14.0,True
2016,4,3,0.5,-0.0896392521950097,15.0,True
2016,4,3,0.5,-0.1274410484735795,3.0,True
2016,4,3,0.5,0.0255594704783991,15.0,True
2016,4,3,0.5,-0.1321408533060864,3.0,True
2016,4,3,0.5,0.0374160291178105,7.0,True
2016,4,3,0.5,0.3248602396958882,-16.0,False
2016,4,3,0.5,0.0380617450056159,-10.0,False
2016,4,3,0.5,0.1861255426043654,11.0,True
2016,4,3,0.5,-0.0633173713410927,-20.0,False
2016,4,3,0.5,0.2534232650312145,-4.0,False
2016,4,3,0.5,-0.061313072611672,-7.0,False
2016,4,3,0.5,0.0274269494273516,29.0,True
2016,4,3,0.5,0.125824868805625,14.0,True
2016,4,3,0.7,-0.1143721326917741,15.0,True
2016,4,3,0.7,-0.120069208290428,3.0,True
2016,4,3,0.7,0.0187356585547579,15.0,True
2016,4,3,0.7,-0.1388504565204636,3.0,True
2016,4,3,0.7,0.0403357996525324,7.0,True
2016,4,3,0.7,0.2983964559329224,-16.0,False
2016,4,3,0.7,0.0678400709857008,-10.0,False
2016,4,3,0.7,0.1721107865654549,11.0,True
2016,4,3,0.7,-0.0431502212231531,-20.0,False
2016,4,3,0.7,0.2443764853182966,-4.0,False
2016,4,3,0.7,-0.0313555067007293,-7.0,False
2016,4,3,0.7,0.045617548483351,29.0,True
2016,4,3,0.7,0.0967755062057278,14.0,True
2016,5,3,0.3,-0.1460925457334038,-12.0,False
2016,5,3,0.3,-0.1551161273048498,-6.0,False
2016,5,3,0.3,-0.312752101664545,-20.0,False
2016,5,3,0.3,-0.3037666734830963,1.0,True
2016,5,3,0.3,-0.1501640052057212,6.0,True
2016,5,3,0.3,-0.0737918121815206,-13.0,False
2016,5,3,0.3,0.1259615656130672,18.0,True
2016,5,3,0.3,0.1295901380730318,18.0,True
2016,5,3,0.3,-0.13770864362772,-7.0,False
2016,5,3,0.3,0.1361909295015998,14.0,True
2016,5,3,0.3,-0.1523765842075407,-11.0,False
2016,5,3,0.3,0.0910686049735977,7.0,True
2016,5,3,0.3,0.0427957766155588,-3.0,False
2016,5,3,0.5,-0.1293303685126117,-12.0,False
2016,5,3,0.5,-0.2063774116506926,-6.0,False
2016,5,3,0.5,-0.2489581926063059,-20.0,False
2016,5,3,0.5,-0.1678306925450514,1.0,True
2016,5,3,0.5,-0.0988224410065163,6.0,True
2016,5,3,0.5,-0.0016376061624736,-13.0,False
2016,5,3,0.5,0.0728562906170983,18.0,True
2016,5,3,0.5,0.1067535936486592,18.0,True
2016,5,3,0.5,-0.2105506083005689,-7.0,False
2016,5,3,0.5,0.1293512073784878,14.0,True
2016,5,3,0.5,-0.1569976475398629,-11.0,False
2016,5,3,0.5,0.0560584758079509,7.0,True
2016,5,3,0.5,0.0450078752126516,-3.0,False
2016,5,3,0.7,-0.121795077835375,-12.0,False
2016,5,3,0.7,-0.2294214752557046,-6.0,False
2016,5,3,0.7,-0.2202801967911342,-20.0,False
2016,5,3,0.7,-0.1067218570774898,1.0,True
2016,5,3,0.7,-0.0757422882931122,6.0,True
2016,5,3,0.7,0.0307986882864558,-13.0,False
2016,5,3,0.7,0.0489832770868005,18.0,True
2016,5,3,0.7,0.0964876241367852,18.0,True
2016,5,3,0.7,-0.2432960786580882,-7.0,False
2016,5,3,0.7,0.1262764699102998,14.0,True
2016,5,3,0.7,-0.1590750062855856,-11.0,False
2016,5,3,0.7,0.0403199773756877,7.0,True
2016,5,3,0.7,0.0460023048572163,-3.0,False
2016,6,3,0.3,0.2087300737401456,29.0,True
2016,6,3,0.3,0.2176545933902166,-1.0,False
2016,6,3,0.3,-0.0055777179613635,3.0,True
2016,6,3,0.3,-0.2929918486147942,15.0,True
2016,6,3,0.3,0.3644297538876271,18.0,True
2016,6,3,0.3,-0.0398230820963617,3.0,True
2016,6,3,0.3,0.0146487253318942,4.0,True
2016,6,3,0.3,0.1467211096112824,2.0,True
2016,6,3,0.3,0.0485433832268197,7.0,True
2016,6,3,0.3,-0.1166549183147438,-14.0,False
2016,6,3,0.3,-0.1422464406629662,2.0,True
2016,6,3,0.3,0.1048774549218996,3.0,True
2016,6,3,0.3,0.1369248234709297,25.0,True
2016,6,3,0.5,0.168202190417293,29.0,True
2016,6,3,0.5,0.2292592489981277,-1.0,False
2016,6,3,0.5,0.0516415792708678,3.0,True
2016,6,3,0.5,-0.2566996925070226,15.0,True
2016,6,3,0.5,0.3396519328585127,18.0,True
2016,6,3,0.5,-0.0341185432833618,3.0,True
2016,6,3,0.5,0.0785221263861398,4.0,True
2016,6,3,0.5,0.0624215751217315,2.0,True
2016,6,3,0.5,0.1314439599924031,7.0,True
2016,6,3,0.5,-0.122088065499722,-14.0,False
2016,6,3,0.5,-0.2032978986973176,2.0,True
2016,6,3,0.5,0.0601766641600264,3.0,True
2016,6,3,0.5,0.0739242420061809,25.0,True
2016,6,3,0.7,0.1499832336941758,29.0,True
2016,6,3,0.7,0.2344760207851703,-1.0,False
2016,6,3,0.7,0.0773640156413204,3.0,True
2016,6,3,0.7,-0.2403848700365564,15.0,True
2016,6,3,0.7,0.3285132793683603,18.0,True
2016,6,3,0.7,-0.0315541175784352,3.0,True
2016,6,3,0.7,0.1072358571352961,4.0,True
2016,6,3,0.7,0.0245254541126674,2.0,True
2016,6,3,0.7,0.1687111917494084,7.0,True
2016,6,3,0.7,-0.1245304894636113,-14.0,False
2016,6,3,0.7,-0.2307430495567966,2.0,True
2016,6,3,0.7,0.0400818132670742,3.0,True
2016,6,3,0.7,0.0456028796963395,25.0,True
2016,7,3,0.3,-0.0464548822815233,16.0,True
2016,7,3,0.3,-0.0657427405239623,-7.0,False
2016,7,3,0.3,0.0877895048575586,14.0,True
2016,7,3,0.3,-0.2443178929437709,3.0,True
2016,7,3,0.3,-0.1181921304455924,6.0,True
2016,7,3,0.3,-0.2269126441210948,3.0,True
2016,7,3,0.3,0.0057401884784094,8.0,True
2016,7,3,0.3,-0.1226973915943469,11.0,True
2016,7,3,0.3,0.1650427247897011,-8.0,False
2016,7,3,0.3,0.030509972090728,-17.0,False
2016,7,3,0.3,-0.2539315139238535,-11.0,False
2016,7,3,0.3,-0.0508959492646927,0.0,False
2016,7,3,0.3,-0.0735456787506869,18.0,True
2016,7,3,0.5,-0.0624216644203298,16.0,True
2016,7,3,0.5,-0.0934571791395167,-7.0,False
2016,7,3,0.5,0.0361560525004263,14.0,True
2016,7,3,0.5,-0.1965431537223076,3.0,True
2016,7,3,0.5,-0.1491298257719328,6.0,True
2016,7,3,0.5,-0.158920448074668,3.0,True
2016,7,3,0.5,0.0827252278045711,8.0,True
2016,7,3,0.5,-0.1188369942452852,11.0,True
2016,7,3,0.5,0.0789033280143404,-8.0,False
2016,7,3,0.5,0.0311327772478547,-17.0,False
2016,7,3,0.5,-0.2024679575847609,-11.0,False
2016,7,3,0.5,-0.0470264466281238,0.0,False
2016,7,3,0.5,-0.1202005378184843,18.0,True
2016,7,3,0.7,-0.0695993921708025,16.0,True
2016,7,3,0.7,-0.1059159634712797,-7.0,False
2016,7,3,0.7,0.0129446840096054,14.0,True
2016,7,3,0.7,-0.1750664360906406,3.0,True
2016,7,3,0.7,-0.1630375970654252,6.0,True
2016,7,3,0.7,-0.1283551489345312,3.0,True
2016,7,3,0.7,0.1173331812631208,8.0,True
2016,7,3,0.7,-0.1171015862626795,11.0,True
2016,7,3,0.7,0.0401801129501875,-8.0,False
2016,7,3,0.7,0.0314127538781226,-17.0,False
2016,7,3,0.7,-0.1793329643681045,-11.0,False
2016,7,3,0.7,-0.0452869454428773,0.0,False
2016,7,3,0.7,-0.1411738230874941,18.0,True
2016,8,3,0.3,0.1753906711330856,14.0,True
2016,8,3,0.3,-0.1319845130923372,0.0,False
2016,8,3,0.3,-0.1817779793590451,-16.0,False
2016,8,3,0.3,-0.0834568584164096,10.0,True
2016,8,3,0.3,-0.1417892161121949,-3.0,False
2016,8,3,0.3,-0.019153189207259,7.0,True
2016,8,3,0.3,-0.016223934137308,-16.0,False
2016,8,3,0.3,-3.9527279062284704e-05,5.0,True
2016,8,3,0.3,0.1454811644698075,1.0,True
2016,8,3,0.3,0.1865187687997968,6.0,True
2016,8,3,0.3,-0.0384393794573214,10.0,True
2016,8,3,0.5,0.1594154073293386,14.0,True
2016,8,3,0.5,-0.1296933999914205,0.0,False
2016,8,3,0.5,-0.1605037231384666,-16.0,False
2016,8,3,0.5,-0.0216638618126707,10.0,True
2016,8,3,0.5,-0.1027823409879236,-3.0,False
2016,8,3,0.5,-0.0589279313673926,7.0,True
2016,8,3,0.5,0.0344923324682583,-16.0,False
2016,8,3,0.5,0.0521825667817833,5.0,True
2016,8,3,0.5,0.1945241594042223,1.0,True
2016,8,3,0.5,0.2237328420321022,6.0,True
2016,8,3,0.5,0.0365477361448428,10.0,True
2016,8,3,0.7,0.1522338667203147,14.0,True
2016,8,3,0.7,-0.1286634500653204,0.0,False
2016,8,3,0.7,-0.1509400666723349,-16.0,False
2016,8,3,0.7,0.0061146412477256,10.0,True
2016,8,3,0.7,-0.085247140243985,-3.0,False
2016,8,3,0.7,-0.0768083200448837,7.0,True
2016,8,3,0.7,0.0572913880982836,-16.0,False
2016,8,3,0.7,0.075658554020145,5.0,True
2016,8,3,0.7,0.2165710103380418,1.0,True
2016,8,3,0.7,0.2404621043108451,6.0,True
2016,8,3,0.7,0.070257540406366,10.0,True
2016,9,3,0.3,-0.27530809609705,-15.0,False
2016,9,3,0.3,-0.1302753980003986,7.0,True
2016,9,3,0.3,-0.3765091874694612,-25.0,False
2016,9,3,0.3,0.2118836169856145,5.0,True
2016,9,3,0.3,-0.0618491796550665,4.0,True
2016,9,3,0.3,0.061655898677586,-6.0,False
2016,9,3,0.3,-0.0496239337065218,5.0,True
2016,9,3,0.3,-0.1784445413767969,-3.0,False
2016,9,3,0.3,-0.2349276071740595,-18.0,False
2016,9,3,0.3,0.0742790869582435,-5.0,False
2016,9,3,0.3,0.0720387812972141,6.0,True
2016,9,3,0.5,-0.2830608669564253,-15.0,False
2016,9,3,0.5,-0.2052539262687682,7.0,True
2016,9,3,0.5,-0.2960662765160646,-25.0,False
2016,9,3,0.5,0.2012398134433648,5.0,True
2016,9,3,0.5,-0.0386135844868485,4.0,True
2016,9,3,0.5,-0.0223769686013857,-6.0,False
2016,9,3,0.5,-0.0139206879895735,5.0,True
2016,9,3,0.5,-0.1966499664407656,-3.0,False
2016,9,3,0.5,-0.2319428169564387,-18.0,False
2016,9,3,0.5,0.0088098558303154,-5.0,False
2016,9,3,0.5,0.0383339529003295,6.0,True
2016,9,3,0.7,-0.2865460575262362,-15.0,False
2016,9,3,0.7,-0.2389598701692279,7.0,True
2016,9,3,0.7,-0.2599038670049047,-25.0,False
2016,9,3,0.7,0.1964549843280415,5.0,True
2016,9,3,0.7,-0.0281682251910441,4.0,True
2016,9,3,0.7,-0.0601532116900978,-6.0,False
2016,9,3,0.7,0.0021293949474031,5.0,True
2016,9,3,0.7,-0.2048340566071367,-3.0,False
2016,9,3,0.7,-0.2306010305283338,-18.0,False
2016,9,3,0.7,-0.020621266419854,-5.0,False
2016,9,3,0.7,0.0231822410521887,6.0,True
2016,10,3,0.3,0.0280770238366974,21.0,True
2016,10,3,0.3,0.0142529230767528,-3.0,False
2016,10,3,0.3,-0.1077589313952471,-3.0,False
2016,10,3,0.3,0.1368664497329023,-2.0,False
2016,10,3,0.3,0.1194793096736226,-3.0,False
2016,10,3,0.3,-0.2012804333287904,9.0,True
2016,10,3,0.3,-0.1413678066886278,26.0,True
2016,10,3,0.3,0.0782850349534931,22.0,True
2016,10,3,0.3,0.105821692173699,6.0,True
2016,10,3,0.3,0.1368018755226528,3.0,True
2016,10,3,0.3,-0.2420346304287796,-5.0,False
2016,10,3,0.3,0.2015366033131431,-7.0,False
2016,10,3,0.3,-0.0631888703233205,1.0,True
2016,10,3,0.5,-0.0877230140197687,21.0,True
2016,10,3,0.5,0.0271483001707516,-3.0,False
2016,10,3,0.5,-0.11996144602075,-3.0,False
2016,10,3,0.5,0.187075103628039,-2.0,False
2016,10,3,0.5,0.1415629710783827,-3.0,False
2016,10,3,0.5,-0.2430587111149745,9.0,True
2016,10,3,0.5,-0.1249326257247036,26.0,True
2016,10,3,0.5,0.0780063125774639,22.0,True
2016,10,3,0.5,0.1576734397598333,6.0,True
2016,10,3,0.5,0.058735303509386,3.0,True
2016,10,3,0.5,-0.1846551587292089,-5.0,False
2016,10,3,0.5,0.1910461850290871,-7.0,False
2016,10,3,0.5,-0.0747135335625678,1.0,True
2016,10,3,0.7,-0.1397799117717581,21.0,True
2016,10,3,0.7,0.0329453045524573,-3.0,False
2016,10,3,0.7,-0.1254469801184531,-3.0,False
2016,10,3,0.7,0.2096459663882381,-2.0,False
2016,10,3,0.7,0.1514904885906144,-3.0,False
2016,10,3,0.7,-0.2618397717711492,9.0,True
2016,10,3,0.7,-0.1175443333647745,26.0,True
2016,10,3,0.7,0.0778810153625518,22.0,True
2016,10,3,0.7,0.1809829409682789,6.0,True
2016,10,3,0.7,0.0236411564575506,3.0,True
2016,10,3,0.7,-0.1588607173229798,-5.0,False
2016,10,3,0.7,0.1863303089197407,-7.0,False
2016,10,3,0.7,-0.0798943454774588,1.0,True
2016,11,3,0.3,-0.1157787113765302,3.0,True
2016,11,3,0.3,-0.0218740535324875,-4.0,False
2016,11,3,0.3,-0.2030441414810626,-15.0,False
2016,11,3,0.3,0.3772863785396573,10.0,True
2016,11,3,0.3,0.1589511618581605,7.0,True
2016,11,3,0.3,-0.1758192091637033,7.0,True
2016,11,3,0.3,-0.0070899096417781,-2.0,False
2016,11,3,0.3,0.0332394779977844,6.0,True
2016,11,3,0.3,-0.0607333242125877,6.0,True
2016,11,3,0.3,-0.073442176126905,-4.0,False
2016,11,3,0.3,0.0803196620394159,11.0,True
2016,11,3,0.3,-0.3684310989515347,-13.0,False
2016,11,3,0.3,0.1889473521538321,18.0,True
2016,11,3,0.5,-0.1542687085734228,3.0,True
2016,11,3,0.5,-0.0330141101221512,-4.0,False
2016,11,3,0.5,-0.1781044030259106,-15.0,False
2016,11,3,0.5,0.4210318010036588,10.0,True
2016,11,3,0.5,0.2055622154264288,7.0,True
2016,11,3,0.5,-0.1177853000103903,7.0,True
2016,11,3,0.5,-0.0322989294084978,-2.0,False
2016,11,3,0.5,0.0344173136762941,6.0,True
2016,11,3,0.5,-0.0730879419751955,6.0,True
2016,11,3,0.5,-0.1049975545992232,-4.0,False
2016,11,3,0.5,0.0997564473892515,11.0,True
2016,11,3,0.5,-0.3113584461113825,-13.0,False
2016,11,3,0.5,0.1978633021401188,18.0,True
2016,11,3,0.7,-0.1715715513500075,3.0,True
2016,11,3,0.7,-0.0380220254697982,-4.0,False
2016,11,3,0.7,-0.1668929609680901,-15.0,False
2016,11,3,0.7,0.4406971744049071,10.0,True
2016,11,3,0.7,0.2265158083149164,7.0,True
2016,11,3,0.7,-0.091696661950644,7.0,True
2016,11,3,0.7,-0.0436314245329864,-2.0,False
2016,11,3,0.7,0.0349467994400279,6.0,True
2016,11,3,0.7,-0.0786418527125146,6.0,True
2016,11,3,0.7,-0.119182999967513,-4.0,False
2016,11,3,0.7,0.1084940848400951,11.0,True
2016,11,3,0.7,-0.2857019324492957,-13.0,False
2016,11,3,0.7,0.201871389748633,18.0,True
2016,12,3,0.3,-0.0191523551021277,3.0,True
2016,12,3,0.3,0.1024476098841475,5.0,True
2016,12,3,0.3,-0.0441572976475155,-21.0,False
2016,12,3,0.3,0.2500200033191422,19.0,True
2016,12,3,0.3,-0.0972029442656101,5.0,True
2016,12,3,0.3,0.2114618884422979,7.0,True
2016,12,3,0.3,-0.1080383131542388,-6.0,False
2016,12,3,0.3,-0.2351492459049536,-14.0,False
2016,12,3,0.3,0.0711734462528836,7.0,True
2016,12,3,0.3,0.2807791053311783,28.0,True
2016,12,3,0.3,-0.1861152673693473,9.0,True
2016,12,3,0.3,-0.2755836263259636,-5.0,False
2016,12,3,0.3,-0.0295711056413958,-3.0,False
2016,12,3,0.3,0.0096770745463586,-14.0,False
2016,12,3,0.5,0.0581088064666375,3.0,True
2016,12,3,0.5,0.08997073403443,5.0,True
2016,12,3,0.5,-0.0296436822702915,-21.0,False
2016,12,3,0.5,0.2983367858142177,19.0,True
2016,12,3,0.5,-0.1471324947974912,5.0,True
2016,12,3,0.5,0.2355233044179125,7.0,True
2016,12,3,0.5,-0.0812025906293895,-6.0,False
2016,12,3,0.5,-0.1622142434680229,-14.0,False
2016,12,3,0.5,0.0433853665209701,7.0,True
2016,12,3,0.5,0.3211285363227806,28.0,True
2016,12,3,0.5,-0.1527839905234384,9.0,True
2016,12,3,0.5,-0.2543927149467691,-5.0,False
2016,12,3,0.5,-0.0433714637281914,-3.0,False
2016,12,3,0.5,-0.0149938008083767,-14.0,False
2016,12,3,0.7,0.0928408882727796,3.0,True
2016,12,3,0.7,0.0843618632396029,5.0,True
2016,12,3,0.7,-0.0231192129722734,-21.0,False
2016,12,3,0.7,0.3200571742753068,19.0,True
2016,12,3,0.7,-0.169577889073291,5.0,True
2016,12,3,0.7,0.2463399042601613,7.0,True
2016,12,3,0.7,-0.0691388254576683,-6.0,False
2016,12,3,0.7,-0.1294269487945403,-14.0,False
2016,12,3,0.7,0.0308934774671743,7.0,True
2016,12,3,0.7,0.3392672713557027,28.0,True
2016,12,3,0.7,-0.1378002055193142,9.0,True
2016,12,3,0.7,-0.2448665254276817,-5.0,False
2016,12,3,0.7,-0.04957529442776,-3.0,False
2016,12,3,0.7,-0.0260843778027072,-14.0,False
2016,13,3,0.3,-0.2892904300184871,-2.0,False
2016,13,3,0.3,0.2048444988565719,-1.0,False
2016,13,3,0.3,-0.0501879850714085,32.0,True
2016,13,3,0.3,0.0992602158969852,20.0,True
2016,13,3,0.3,-0.0050492229342084,18.0,True
2016,13,3,0.3,0.1000836570679458,8.0,True
2016,13,3,0.3,-0.1186898686143286,-10.0,False
2016,13,3,0.3,0.3596160384110931,16.0,True
2016,13,3,0.3,0.1787264319413293,-15.0,False
2016,13,3,0.3,-0.1918905884469464,8.0,True
2016,13,3,0.3,0.0765612422989262,10.0,True
2016,13,3,0.3,0.1030875780165494,33.0,True
2016,13,3,0.3,0.055230423421119,-31.0,False
2016,13,3,0.5,-0.3320137138598331,-2.0,False
2016,13,3,0.5,0.228008963229399,-1.0,False
2016,13,3,0.5,-0.0905804679154761,32.0,True
2016,13,3,0.5,0.0769723988793801,20.0,True
2016,13,3,0.5,0.0175405110888408,18.0,True
2016,13,3,0.5,0.0997269820900419,8.0,True
2016,13,3,0.5,-0.1129671794768234,-10.0,False
2016,13,3,0.5,0.3662326356824191,16.0,True
2016,13,3,0.5,0.1661785828782995,-15.0,False
2016,13,3,0.5,-0.2337068825050651,8.0,True
2016,13,3,0.5,0.1050272561628597,10.0,True
2016,13,3,0.5,0.091628032403001,33.0,True
2016,13,3,0.5,0.0197865436383014,-31.0,False
2016,13,3,0.7,-0.3512195937518145,-2.0,False
2016,13,3,0.7,0.2384223462960827,-1.0,False
2016,13,3,0.7,-0.1087385565334514,32.0,True
2016,13,3,0.7,0.0669531049907319,20.0,True
2016,13,3,0.7,0.0276955291358997,18.0,True
2016,13,3,0.7,0.0995666419623603,8.0,True
2016,13,3,0.7,-0.1103945944517064,-10.0,False
2016,13,3,0.7,0.3692070693181529,16.0,True
2016,13,3,0.7,0.1605378066940017,-15.0,False
2016,13,3,0.7,-0.2525050330449534,8.0,True
2016,13,3,0.7,0.1178239045971049,10.0,True
2016,13,3,0.7,0.086476493549204,33.0,True
2016,13,3,0.7,0.0038530563964844,-31.0,False
2016,14,3,0.3,-0.0268731476725892,-7.0,False
2016,14,3,0.3,-0.2414723386648752,-13.0,False
2016,14,3,0.3,0.0074890756412892,3.0,True
2016,14,3,0.3,0.0928622300072264,-5.0,False
2016,14,3,0.3,-0.1257017347897207,-9.0,False
2016,14,3,0.3,-0.0014683868009089,3.0,True
2016,14,3,0.3,-0.1784547369156078,-5.0,False
2016,14,3,0.3,0.1800103118900262,3.0,True
2016,14,3,0.3,-0.1105487070692441,-6.0,False
2016,14,3,0.3,-0.03919348915233,28.0,True
2016,14,3,0.3,-0.3468098475531412,-28.0,False
2016,14,3,0.3,-0.1197666357098919,5.0,True
2016,14,3,0.3,-0.3002076667287717,3.0,True
2016,14,3,0.3,0.292281003583418,7.0,True
2016,14,3,0.5,-0.0137596949705596,-7.0,False
2016,14,3,0.5,-0.2030937049530998,-13.0,False
2016,14,3,0.5,0.0192430449359936,3.0,True
2016,14,3,0.5,0.1216824452806822,-5.0,False
2016,14,3,0.5,-0.1018718840420617,-9.0,False
2016,14,3,0.5,0.0313871598962747,3.0,True
2016,14,3,0.5,-0.2013002006712021,-5.0,False
2016,14,3,0.5,0.1830739957566546,3.0,True
2016,14,3,0.5,-0.0786034890506253,-6.0,False
2016,14,3,0.5,-0.0239015401763732,28.0,True
2016,14,3,0.5,-0.3920746349397001,-28.0,False
2016,14,3,0.5,-0.134693343826261,5.0,True
2016,14,3,0.5,-0.3236949444079008,3.0,True
2016,14,3,0.5,0.3177177032444027,7.0,True
2016,14,3,0.7,-0.0078646565999223,-7.0,False
2016,14,3,0.7,-0.1858409246606503,-13.0,False
2016,14,3,0.7,0.0245269393895762,3.0,True
2016,14,3,0.7,0.1346383218715017,-5.0,False
2016,14,3,0.7,-0.0911593823298114,-9.0,False
2016,14,3,0.7,0.0461570845583115,3.0,True
2016,14,3,0.7,-0.2115701797906895,-5.0,False
2016,14,3,0.7,0.1844512481370656,3.0,True
2016,14,3,0.7,-0.0642427947119802,-6.0,False
2016,14,3,0.7,-0.0170271777926861,28.0,True
2016,14,3,0.7,-0.4124230255997127,-28.0,False
2016,14,3,0.7,-0.1414035153648123,5.0,True
2016,14,3,0.7,-0.3342534453829222,3.0,True
2016,14,3,0.7,0.3291525498809923,7.0,True
2016,15,3,0.3,0.234476556065265,21.0,True
2016,15,3,0.3,-0.0031425145598931,-21.0,False
2016,15,3,0.3,-0.0074142827636914,1.0,True
2016,15,3,0.3,0.2499353807244565,20.0,True
2016,15,3,0.3,-0.0614549127186304,-3.0,False
2016,15,3,0.3,-0.0841279321826832,-4.0,False
2016,15,3,0.3,0.0251284090688924,1.0,True
2016,15,3,0.3,-0.1411641722604646,-2.0,False
2016,15,3,0.3,0.0087063963631263,-28.0,False
2016,15,3,0.3,-0.0473516046228071,11.0,True
2016,15,3,0.3,-0.155634964540118,-7.0,False
2016,15,3,0.3,0.3081976703045642,28.0,True
2016,15,3,0.3,-0.2643526612366928,-13.0,False
2016,15,3,0.3,0.2098782283979482,6.0,True
2016,15,3,0.3,0.1799229391057627,-11.0,False
2016,15,3,0.5,0.2378004038437144,21.0,True
2016,15,3,0.5,-0.0015988985002366,-21.0,False
2016,15,3,0.5,-0.0447764276109935,1.0,True
2016,15,3,0.5,0.2142766723044132,20.0,True
2016,15,3,0.5,-0.0459573999149856,-3.0,False
2016,15,3,0.5,-0.0762798581735082,-4.0,False
2016,15,3,0.5,0.0412230437308233,1.0,True
2016,15,3,0.5,-0.1276068170554559,-2.0,False
2016,15,3,0.5,-0.0623836385233607,-28.0,False
2016,15,3,0.5,-0.0961997710395674,11.0,True
2016,15,3,0.5,-0.1987603633371218,-7.0,False
2016,15,3,0.5,0.2951148154264492,28.0,True
2016,15,3,0.5,-0.2694588194679092,-13.0,False
2016,15,3,0.5,0.2069664642784136,6.0,True
2016,15,3,0.5,0.2054873109655355,-11.0,False
2016,15,3,0.7,0.239294610643201,21.0,True
2016,15,3,0.7,-0.0009049793541524,-21.0,False
2016,15,3,0.7,-0.0615722541937256,1.0,True
2016,15,3,0.7,0.198246610721091,20.0,True
2016,15,3,0.7,-0.0389906281041728,-3.0,False
2016,15,3,0.7,-0.0727518249033286,-4.0,False
2016,15,3,0.7,0.0484582464687555,1.0,True
2016,15,3,0.7,-0.1215122261834794,-2.0,False
2016,15,3,0.7,-0.0943415441145339,-28.0,False
2016,15,3,0.7,-0.1181590385113222,11.0,True
2016,15,3,0.7,-0.2181470105027473,-7.0,False
2016,15,3,0.7,0.2892335320408745,28.0,True
2016,15,3,0.7,-0.2717542483975386,-13.0,False
2016,15,3,0.7,0.2056575060962374,6.0,True
2016,15,3,0.7,0.2169795515263507,-11.0,False
2016,16,3,0.3,-0.0230475385854159,5.0,True
2016,16,3,0.3,0.0528459451217275,-3.0,False
2016,16,3,0.3,-0.2214048644322147,-17.0,False
2016,16,3,0.3,-0.1339108200952563,-20.0,False
2016,16,3,0.3,0.1179240336078948,13.0,True
2016,16,3,0.3,-0.2918906077306191,21.0,True
2016,16,3,0.3,0.2947164328630153,38.0,True
2016,16,3,0.3,-0.0791628129762097,-1.0,False
2016,16,3,0.3,0.1507676700090507,7.0,True
2016,16,3,0.3,0.1153926335393571,-3.0,False
2016,16,3,0.3,-0.079142573252769,2.0,True
2016,16,3,0.3,0.1587673084367896,4.0,True
2016,16,3,0.3,0.0636564105916392,23.0,True
2016,16,3,0.3,0.2408465904969713,21.0,True
2016,16,3,0.5,0.0167382561864696,5.0,True
2016,16,3,0.5,0.0635308026718704,-3.0,False
2016,16,3,0.5,-0.254884605826279,-17.0,False
2016,16,3,0.5,-0.1391961284154411,-20.0,False
2016,16,3,0.5,0.1411278081476413,13.0,True
2016,16,3,0.5,-0.2860494291348778,21.0,True
2016,16,3,0.5,0.2701505285576542,38.0,True
2016,16,3,0.5,-0.13385151524961,-1.0,False
2016,16,3,0.5,0.1692518529637697,7.0,True
2016,16,3,0.5,0.1171999589759939,-3.0,False
2016,16,3,0.5,-0.091883065955738,2.0,True
2016,16,3,0.5,0.1833379251669195,4.0,True
2016,16,3,0.5,0.0788894187402701,23.0,True
2016,16,3,0.5,0.2053128232175907,21.0,True
2016,16,3,0.7,0.0346236134692439,5.0,True
2016,16,3,0.7,0.0683340872586318,-3.0,False
2016,16,3,0.7,-0.2699351317740694,-17.0,False
2016,16,3,0.7,-0.1415720927061663,-20.0,False
2016,16,3,0.7,0.1515588627572521,13.0,True
2016,16,3,0.7,-0.283423578206517,21.0,True
2016,16,3,0.7,0.2591071403836845,38.0,True
2016,16,3,0.7,-0.1584363447119643,-1.0,False
2016,16,3,0.7,0.1775612563103866,7.0,True
2016,16,3,0.7,0.1180124263741151,-3.0,False
2016,16,3,0.7,-0.0976104434093664,2.0,True
2016,16,3,0.7,0.1943834317703723,4.0,True
2016,16,3,0.7,0.0857372847887373,23.0,True
2016,16,3,0.7,0.1893389278351168,21.0,True
2016,17,3,0.3,0.0222049146927156,17.0,True
2016,17,3,0.3,0.1239083270068767,4.0,True
2016,17,3,0.3,-0.2517886528906141,-21.0,False
2016,17,3,0.3,-0.0030865454819571,28.0,True
2016,17,3,0.3,-0.1416449273833379,20.0,True
2016,17,3,0.3,-0.2978833983949321,14.0,True
2016,17,3,0.3,0.3695654260132892,3.0,True
2016,17,3,0.3,0.0028875650305738,1.0,True
2016,17,3,0.3,0.2190330161775139,7.0,True
2016,17,3,0.3,0.077394155698917,6.0,True
2016,17,3,0.3,-0.1989479968424272,-38.0,False
2016,17,3,0.3,-0.1697646332050404,-2.0,False
2016,17,3,0.3,0.2039571072224645,-9.0,False
2016,17,3,0.3,-0.1190763696890606,-7.0,False
2016,17,3,0.5,0.0568813103563106,17.0,True
2016,17,3,0.5,0.1700604944993597,4.0,True
2016,17,3,0.5,-0.2264587459117823,-21.0,False
2016,17,3,0.5,-0.0415627587398242,28.0,True
2016,17,3,0.5,-0.1423493100856991,20.0,True
2016,17,3,0.5,-0.278955741829924,14.0,True
2016,17,3,0.5,0.3144380315739639,3.0,True
2016,17,3,0.5,0.0184849775643548,1.0,True
2016,17,3,0.5,0.2136556766653265,7.0,True
2016,17,3,0.5,0.0749578605917362,6.0,True
2016,17,3,0.5,-0.1930791801728185,-38.0,False
2016,17,3,0.5,-0.1285121179338967,-2.0,False
2016,17,3,0.5,0.2454462915741839,-9.0,False
2016,17,3,0.5,-0.0847933598874292,-7.0,False
2016,17,3,0.7,0.072469781801413,17.0,True
2016,17,3,0.7,0.1908077991519438,4.0,True
2016,17,3,0.7,-0.2150719069946929,-21.0,False
2016,17,3,0.7,-0.0588594050667553,28.0,True
2016,17,3,0.7,-0.1426659591904303,20.0,True
2016,17,3,0.7,-0.2704469787869386,14.0,True
2016,17,3,0.7,0.2896559918718819,3.0,True
2016,17,3,0.7,0.0254966584281647,1.0,True
2016,17,3,0.7,0.2112383405543432,7.0,True
2016,17,3,0.7,0.0738626453600679,6.0,True
2016,17,3,0.7,-0.1904409047892329,-38.0,False
2016,17,3,0.7,-0.1099674092340247,-2.0,False
2016,17,3,0.7,0.2640973927965165,-9.0,False
2016,17,3,0.7,-0.0693817316279801,-7.0,False
2017,4,3,0.3,-0.0619076192467584,21.0,True
2017,4,3,0.3,0.1506237623445574,-6.0,False
2017,4,3,0.3,-0.1172603500337066,-17.0,False
2017,4,3,0.3,-0.1229546863145979,-24.0,False
2017,4,3,0.3,-0.1315690704647604,-5.0,False
2017,4,3,0.3,-0.2001350471799688,43.0,True
2017,4,3,0.3,0.2176031944586656,-7.0,False
2017,4,3,0.3,0.1910692751532398,-3.0,False
2017,4,3,0.3,-0.217930029821354,3.0,True
2017,4,3,0.3,-0.041254382936955,3.0,True
2017,4,3,0.3,-0.1383365802559751,-2.0,False
2017,4,3,0.3,0.0047423085433873,2.0,True
2017,4,3,0.3,0.129071326213419,28.0,True
2017,4,3,0.3,-0.3375870402917197,-20.0,False
2017,4,3,0.3,0.1351095284212006,9.0,True
2017,4,3,0.5,-0.0960488130531075,21.0,True
2017,4,3,0.5,0.1570998579842324,-6.0,False
2017,4,3,0.5,-0.0973327669864917,-17.0,False
2017,4,3,0.5,-0.0877549119816242,-24.0,False
2017,4,3,0.5,-0.0796086905933473,-5.0,False
2017,4,3,0.5,-0.1803457421732192,43.0,True
2017,4,3,0.5,0.2290984605111275,-7.0,False
2017,4,3,0.5,0.2191954605203417,-3.0,False
2017,4,3,0.5,-0.1455306315663854,3.0,True
2017,4,3,0.5,-0.0738384988596017,3.0,True
2017,4,3,0.5,-0.1356544724033327,-2.0,False
2017,4,3,0.5,-0.034359705990671,2.0,True
2017,4,3,0.5,0.1514351200844528,28.0,True
2017,4,3,0.5,-0.3323185085380957,-20.0,False
2017,4,3,0.5,0.1007705312726269,9.0,True
2017,4,3,0.7,-0.1113966891678885,21.0,True
2017,4,3,0.7,0.1600111303360129,-6.0,False
2017,4,3,0.7,-0.0883744957083858,-17.0,False
2017,4,3,0.7,-0.0719311602172598,-24.0,False
2017,4,3,0.7,-0.0562503546878496,-5.0,False
2017,4,3,0.7,-0.171449632583029,43.0,True
2017,4,3,0.7,0.2342660571769131,-7.0,False
2017,4,3,0.7,0.2318393420156442,-3.0,False
2017,4,3,0.7,-0.1129841130847941,3.0,True
2017,4,3,0.7,-0.0884864041826262,3.0,True
2017,4,3,0.7,-0.1344487541943467,-2.0,False
2017,4,3,0.7,-0.0519376758270825,2.0,True
2017,4,3,0.7,0.1614885687053762,28.0,True
2017,4,3,0.7,-0.3299500860066502,-20.0,False
2017,4,3,0.7,0.0853337343893232,9.0,True
2017,5,3,0.3,-0.008552508549503,-5.0,False
2017,5,3,0.3,0.0042581793956311,4.0,True
2017,5,3,0.3,-0.2686657941839375,-3.0,False
2017,5,3,0.3,0.0791679788328191,-3.0,False
2017,5,3,0.3,-0.0610463552770607,3.0,True
2017,5,3,0.3,-0.3712576041564506,6.0,True
2017,5,3,0.3,-0.0147710264542034,-5.0,False
2017,5,3,0.3,0.1221887910687209,27.0,True
2017,5,3,0.3,-0.0142241584740337,-21.0,False
2017,5,3,0.3,0.1350858183211355,-6.0,False
2017,5,3,0.3,0.1763270264669553,-4.0,False
2017,5,3,0.3,-0.152305926306735,-8.0,False
2017,5,3,0.3,-0.4085240347552299,-3.0,False
2017,5,3,0.5,-0.0595390781732231,-5.0,False
2017,5,3,0.5,0.0047325689870956,4.0,True
2017,5,3,0.5,-0.227821762344883,-3.0,False
2017,5,3,0.5,0.0618306942848576,-3.0,False
2017,5,3,0.5,-0.0750829971276297,3.0,True
2017,5,3,0.5,-0.3832376100287731,6.0,True
2017,5,3,0.5,0.0282174713817403,-5.0,False
2017,5,3,0.5,0.1384836873974682,27.0,True
2017,5,3,0.5,-0.0111227384232647,-21.0,False
2017,5,3,0.5,0.0925421229387656,-6.0,False
2017,5,3,0.5,0.2016646268896008,-4.0,False
2017,5,3,0.5,-0.09592522621257,-8.0,False
2017,5,3,0.5,-0.3358736788837839,-3.0,False
2017,5,3,0.7,-0.0824596461692073,-5.0,False
2017,5,3,0.7,0.0049458266933502,4.0,True
2017,5,3,0.7,-0.2094606838117301,-3.0,False
2017,5,3,0.7,0.0540368691210951,-3.0,False
2017,5,3,0.7,-0.0813930471338488,3.0,True
2017,5,3,0.7,-0.3886231172557804,6.0,True
2017,5,3,0.7,0.0475425759134948,-5.0,False
2017,5,3,0.7,0.1458089160223179,27.0,True
2017,5,3,0.7,-0.0097285220701668,-21.0,False
2017,5,3,0.7,0.0734169754732966,-6.0,False
2017,5,3,0.7,0.2130549243273037,-4.0,False
2017,5,3,0.7,-0.070579773876661,-8.0,False
2017,5,3,0.7,-0.3032143445929505,-3.0,False
2017,6,3,0.3,-0.0073082891839287,-5.0,False
2017,6,3,0.3,0.466559692523553,-3.0,False
2017,6,3,0.3,0.1139097342526548,-3.0,False
2017,6,3,0.3,0.3043124417533315,16.0,True
2017,6,3,0.3,0.1168088666998857,13.0,True
2017,6,3,0.3,0.0049670773987302,14.0,True
2017,6,3,0.3,-0.0076803139012826,-7.0,False
2017,6,3,0.3,0.2670298655351235,2.0,True
2017,6,3,0.3,-0.2020493183825507,5.0,True
2017,6,3,0.3,-0.0152665748061945,-10.0,False
2017,6,3,0.3,0.2148924191793682,-6.0,False
2017,6,3,0.3,0.2061971530224172,-13.0,False
2017,6,3,0.3,0.1557736044991743,14.0,True
2017,6,3,0.5,-0.004969957348464,-5.0,False
2017,6,3,0.5,0.4633684564328335,-3.0,False
2017,6,3,0.5,0.081274657912664,-3.0,False
2017,6,3,0.5,0.3264447148603266,16.0,True
2017,6,3,0.5,0.0801812688594663,13.0,True
2017,6,3,0.5,0.0540911065437476,14.0,True
2017,6,3,0.5,-0.0299270996968636,-7.0,False
2017,6,3,0.5,0.2366370506811952,2.0,True
2017,6,3,0.5,-0.1897988757534933,5.0,True
2017,6,3,0.5,-0.0400530805949218,-10.0,False
2017,6,3,0.5,0.208895496711122,-6.0,False
2017,6,3,0.5,0.1195175191962859,-13.0,False
2017,6,3,0.5,0.1611511657738388,14.0,True
2017,6,3,0.7,-0.0039187806517872,-5.0,False
2017,6,3,0.7,0.461933864061776,-3.0,False
2017,6,3,0.7,0.0666038437781725,-3.0,False
2017,6,3,0.7,0.336394085339618,16.0,True
2017,6,3,0.7,0.0637156514816632,13.0,True
2017,6,3,0.7,0.0761743857006818,14.0,True
2017,6,3,0.7,-0.0399279483572624,-7.0,False
2017,6,3,0.7,0.2229742256551172,2.0,True
2017,6,3,0.7,-0.1842917960395134,5.0,True
2017,6,3,0.7,-0.0511956382430654,-10.0,False
2017,6,3,0.7,0.2061996324822773,-6.0,False
2017,6,3,0.7,0.080551445274447,-13.0,False
2017,6,3,0.7,0.1635686015762109,14.0,True
2017,7,3,0.3,0.0176405389235037,3.0,True
2017,7,3,0.3,-0.0534499383661213,14.0,True
2017,7,3,0.3,-0.3068546574420345,-3.0,False
2017,7,3,0.3,-0.0785130596802398,-9.0,False
2017,7,3,0.3,-0.1925632320179665,-27.0,False
2017,7,3,0.3,0.155666580858343,33.0,True
2017,7,3,0.3,-0.1772981990633165,3.0,True
2017,7,3,0.3,0.2367197440014931,8.0,True
2017,7,3,0.3,-0.2442752891152066,-30.0,False
2017,7,3,0.3,-0.0095358864118015,21.0,True
2017,7,3,0.3,-0.0068634442430263,-17.0,False
2017,7,3,0.3,-0.011643551378537,15.0,True
2017,7,3,0.3,-0.1395695971015619,16.0,True
2017,7,3,0.3,-0.0414408459177166,10.0,True
2017,7,3,0.5,-0.0272207839573165,3.0,True
2017,7,3,0.5,-0.0671862789910232,14.0,True
2017,7,3,0.5,-0.2874300170253016,-3.0,False
2017,7,3,0.5,-0.0703430242551203,-9.0,False
2017,7,3,0.5,-0.1314402415512893,-27.0,False
2017,7,3,0.5,0.1441839998580096,33.0,True
2017,7,3,0.5,-0.164526352224376,3.0,True
2017,7,3,0.5,0.179661345108797,8.0,True
2017,7,3,0.5,-0.2687025860720337,-30.0,False
2017,7,3,0.5,0.0370882859811727,21.0,True
2017,7,3,0.5,0.0291959383751214,-17.0,False
2017,7,3,0.5,0.0036723773491869,15.0,True
2017,7,3,0.5,-0.1185719083777369,16.0,True
2017,7,3,0.5,-0.046034120123136,10.0,True
2017,7,3,0.7,-0.0473878006652083,3.0,True
2017,7,3,0.7,-0.0733613311985479,14.0,True
2017,7,3,0.7,-0.2786978392232843,-3.0,False
2017,7,3,0.7,-0.0666702560364887,-9.0,False
2017,7,3,0.7,-0.1039629339103059,-27.0,False
2017,7,3,0.7,0.1390221056468507,33.0,True
2017,7,3,0.7,-0.1587848797921919,3.0,True
2017,7,3,0.7,0.1540112391845576,8.0,True
2017,7,3,0.7,-0.2796836645205158,-30.0,False
2017,7,3,0.7,0.0580477763229685,21.0,True
2017,7,3,0.7,0.045406119552087,-17.0,False
2017,7,3,0.7,0.0105575196212831,15.0,True
2017,7,3,0.7,-0.1091325804193203,16.0,True
2017,7,3,0.7,-0.0480989865090585,10.0,True
2017,8,3,0.3,0.055845567877657,40.0,True
2017,8,3,0.3,0.1296882430090853,1.0,True
2017,8,3,0.3,0.122333474968997,8.0,True
2017,8,3,0.3,0.2097758142764095,8.0,True
2017,8,3,0.3,-0.1676301881172709,-5.0,False
2017,8,3,0.3,0.2549198338591497,23.0,True
2017,8,3,0.3,0.1402427723006963,-14.0,False
2017,8,3,0.3,-0.1180122498304514,3.0,True
2017,8,3,0.3,-0.0672772062610492,-14.0,False
2017,8,3,0.3,-0.1296079489380454,-5.0,False
2017,8,3,0.3,-0.4744983747465268,-17.0,False
2017,8,3,0.3,0.2661963789890905,10.0,True
2017,8,3,0.5,0.060416247131125,40.0,True
2017,8,3,0.5,0.0763931572480869,1.0,True
2017,8,3,0.5,0.1517041738384668,8.0,True
2017,8,3,0.5,0.2256913390163526,8.0,True
2017,8,3,0.5,-0.1741983488940178,-5.0,False
2017,8,3,0.5,0.2252429292365728,23.0,True
2017,8,3,0.5,0.1747672899370675,-14.0,False
2017,8,3,0.5,-0.1526252866468273,3.0,True
2017,8,3,0.5,-0.0973946195196332,-14.0,False
2017,8,3,0.5,-0.1070267230100597,-5.0,False
2017,8,3,0.5,-0.4191576587652094,-17.0,False
2017,8,3,0.5,0.3104300227571869,10.0,True
2017,8,3,0.7,0.0624709561533262,40.0,True
2017,8,3,0.7,0.0524348159426839,1.0,True
2017,8,3,0.7,0.1649075155320817,8.0,True
2017,8,3,0.7,0.232846024449905,8.0,True
2017,8,3,0.7,-0.1771510083257665,-5.0,False
2017,8,3,0.7,0.2119019354154144,23.0,True
2017,8,3,0.7,0.1902874859387389,-14.0,False
2017,8,3,0.7,-0.1681852756743725,3.0,True
2017,8,3,0.7,-0.1109336401588131,-14.0,False
2017,8,3,0.7,-0.0968755297029836,-5.0,False
2017,8,3,0.7,-0.3942797222231494,-17.0,False
2017,8,3,0.7,0.3303148717905512,10.0,True
2017,9,3,0.3,-0.0143546173192805,13.0,True
2017,9,3,0.3,-0.1848987344889757,3.0,True
2017,9,3,0.3,0.2034292991739547,-6.0,False
2017,9,3,0.3,0.1103609943409506,16.0,True
2017,9,3,0.3,0.1808150407294476,20.0,True
2017,9,3,0.3,-0.2284460051109628,-34.0,False
2017,9,3,0.3,0.1987822961563711,28.0,True
2017,9,3,0.3,0.103428657433248,3.0,True
2017,9,3,0.3,-0.0294222860689416,-3.0,False
2017,9,3,0.3,-0.1322892625875671,-10.0,False
2017,9,3,0.3,0.0150102162292675,11.0,True
2017,9,3,0.3,0.0004859158650802,-13.0,False
2017,9,3,0.5,0.0150989267920341,13.0,True
2017,9,3,0.5,-0.196279674662366,3.0,True
2017,9,3,0.5,0.1902758780541055,-6.0,False
2017,9,3,0.5,0.0744661202584407,16.0,True
2017,9,3,0.5,0.1300764461963764,20.0,True
2017,9,3,0.5,-0.1756737432189639,-34.0,False
2017,9,3,0.5,0.2134558050831493,28.0,True
2017,9,3,0.5,0.0959441817554441,3.0,True
2017,9,3,0.5,-0.054771910136447,-3.0,False
2017,9,3,0.5,-0.119808072337979,-10.0,False
2017,9,3,0.5,0.0370882292998886,11.0,True
2017,9,3,0.5,0.015712721222108,-13.0,False
2017,9,3,0.7,0.0283395108420747,13.0,True
2017,9,3,0.7,-0.2013958771256332,3.0,True
2017,9,3,0.7,0.1843628722295862,-6.0,False
2017,9,3,0.7,0.0583298924598811,16.0,True
2017,9,3,0.7,0.1072673532411426,20.0,True
2017,9,3,0.7,-0.1519504328271481,-34.0,False
2017,9,3,0.7,0.2200521531328019,28.0,True
2017,9,3,0.7,0.0925796009461562,3.0,True
2017,9,3,0.7,-0.0661676126989035,-3.0,False
2017,9,3,0.7,-0.1141972620422925,-10.0,False
2017,9,3,0.7,0.0470132076527365,11.0,True
2017,9,3,0.7,0.022557798859671,-13.0,False
2017,10,3,0.3,-0.0957887346445754,-6.0,False
2017,10,3,0.3,-0.2781530723182331,-37.0,False
2017,10,3,0.3,-0.1269227218621882,-7.0,False
2017,10,3,0.3,0.2995827897411257,14.0,True
2017,10,3,0.3,-0.1647638412325954,-3.0,False
2017,10,3,0.3,0.1648371782417674,3.0,True
2017,10,3,0.3,-0.0791734588247549,5.0,True
2017,10,3,0.3,0.0322441786031268,4.0,True
2017,10,3,0.3,-0.1331179862458873,-8.0,False
2017,10,3,0.3,0.1712971298273142,26.0,True
2017,10,3,0.3,-0.0830304970218197,20.0,True
2017,10,3,0.3,-0.070247447426819,10.0,True
2017,10,3,0.3,-0.1934155438994469,-25.0,False
2017,10,3,0.3,0.1223373224949947,24.0,True
2017,10,3,0.5,-0.0685140894751247,-6.0,False
2017,10,3,0.5,-0.2839444997555708,-37.0,False
2017,10,3,0.5,-0.1597036700851222,-7.0,False
2017,10,3,0.5,0.2915291897124368,14.0,True
2017,10,3,0.5,-0.1135910167253309,-3.0,False
2017,10,3,0.5,0.1376628056146696,3.0,True
2017,10,3,0.5,-0.0244766144734038,5.0,True
2017,10,3,0.5,0.0328825636740528,4.0,True
2017,10,3,0.5,-0.0873762708493738,-8.0,False
2017,10,3,0.5,0.1263873825013713,26.0,True
2017,10,3,0.5,-0.096559329377288,20.0,True
2017,10,3,0.5,-0.0906541260650088,10.0,True
2017,10,3,0.5,-0.2301940658694739,-25.0,False
2017,10,3,0.5,0.085155990469424,24.0,True
2017,10,3,0.7,-0.0562530104539955,-6.0,False
2017,10,3,0.7,-0.2865479854842822,-37.0,False
2017,10,3,0.7,-0.17444005965323,-7.0,False
2017,10,3,0.7,0.2879087640114667,14.0,True
2017,10,3,0.7,-0.0905867194697717,-3.0,False
2017,10,3,0.7,0.1254468032410201,3.0,True
2017,10,3,0.7,0.0001118751891301,5.0,True
2017,10,3,0.7,0.0331695441187809,4.0,True
2017,10,3,0.7,-0.0668134813591979,-8.0,False
2017,10,3,0.7,0.1061985970062226,26.0,True
2017,10,3,0.7,-0.1026410980508472,20.0,True
2017,10,3,0.7,-0.0998277705904336,10.0,True
2017,10,3,0.7,-0.2467275298743485,-25.0,False
2017,10,3,0.7,0.0684414467148096,24.0,True
2017,11,3,0.3,0.1101063400972427,23.0,True
2017,11,3,0.3,-0.1980081050197721,-3.0,False
2017,11,3,0.3,-0.2915677311981226,-12.0,False
2017,11,3,0.3,0.1460461000346102,-23.0,False
2017,11,3,0.3,0.0741244759759062,10.0,True
2017,11,3,0.3,-0.12405901007223,-10.0,False
2017,11,3,0.3,0.0061388243804739,17.0,True
2017,11,3,0.3,0.2173779474777184,3.0,True
2017,11,3,0.3,-0.1983335726335613,3.0,True
2017,11,3,0.3,0.0703802165648073,30.0,True
2017,11,3,0.3,-0.1246550546906969,-3.0,False
2017,11,3,0.3,-0.0016835964996293,-28.0,False
2017,11,3,0.3,-0.0235632726383992,-3.0,False
2017,11,3,0.5,0.0898698348842459,23.0,True
2017,11,3,0.5,-0.1975437430293849,-3.0,False
2017,11,3,0.5,-0.2348942272549142,-12.0,False
2017,11,3,0.5,0.170901807593121,-23.0,False
2017,11,3,0.5,0.0948314957064183,10.0,True
2017,11,3,0.5,-0.1049332406232617,-10.0,False
2017,11,3,0.5,0.0098149144518282,17.0,True
2017,11,3,0.5,0.1754706474641668,3.0,True
2017,11,3,0.5,-0.155755068473626,3.0,True
2017,11,3,0.5,0.0626163897645497,30.0,True
2017,11,3,0.5,-0.12571431793137,-3.0,False
2017,11,3,0.5,0.0447328622288795,-28.0,False
2017,11,3,0.5,-0.0517142253024641,-3.0,False
2017,11,3,0.7,0.0807726903389538,23.0,True
2017,11,3,0.7,-0.197334993143798,-3.0,False
2017,11,3,0.7,-0.2094171475006278,-12.0,False
2017,11,3,0.7,0.182075474293736,-23.0,False
2017,11,3,0.7,0.104140155952245,10.0,True
2017,11,3,0.7,-0.0963354176599639,-10.0,False
2017,11,3,0.7,0.0114674687040882,17.0,True
2017,11,3,0.7,0.1566315859901849,3.0,True
2017,11,3,0.7,-0.1366142730255817,3.0,True
2017,11,3,0.7,0.0591262290928743,30.0,True
2017,11,3,0.7,-0.1261905004891037,-3.0,False
2017,11,3,0.7,0.0655989767031633,-28.0,False
2017,11,3,0.7,-0.0643692407202546,-3.0,False
2017,12,3,0.3,-0.164186365216055,-7.0,False
2017,12,3,0.3,0.067982152795079,-22.0,False
2017,12,3,0.3,0.0897900064289993,10.0,True
2017,12,3,0.3,0.1822765889973879,14.0,True
2017,12,3,0.3,0.214328993189664,14.0,True
2017,12,3,0.3,-0.0658265664742926,-4.0,False
2017,12,3,0.3,0.2358421102454584,-6.0,False
2017,12,3,0.3,0.333576562041184,18.0,True
2017,12,3,0.3,-0.0442692319289454,-8.0,False
2017,12,3,0.3,0.2858432989666073,28.0,True
2017,12,3,0.3,-0.2073964507526055,-11.0,False
2017,12,3,0.3,-0.1603477960572538,3.0,True
2017,12,3,0.3,-0.0708140725557042,6.0,True
2017,12,3,0.3,0.1438065445218836,3.0,True
2017,12,3,0.3,-0.1962662133767542,7.0,True
2017,12,3,0.5,-0.1171295742736243,-7.0,False
2017,12,3,0.5,0.1199558513707975,-22.0,False
2017,12,3,0.5,0.0770598561496502,10.0,True
2017,12,3,0.5,0.1637545868518053,14.0,True
2017,12,3,0.5,0.1943974319895502,14.0,True
2017,12,3,0.5,-0.0414124834899018,-4.0,False
2017,12,3,0.5,0.2509185935879494,-6.0,False
2017,12,3,0.5,0.3326847275848467,18.0,True
2017,12,3,0.5,-0.0475976058609241,-8.0,False
2017,12,3,0.5,0.237840903868532,28.0,True
2017,12,3,0.5,-0.1735194223358398,-11.0,False
2017,12,3,0.5,-0.1070722577353071,3.0,True
2017,12,3,0.5,-0.0810483521290752,6.0,True
2017,12,3,0.5,0.1003254528767298,3.0,True
2017,12,3,0.5,-0.2296243182474835,7.0,True
2017,12,3,0.7,-0.0959756040334492,-7.0,False
2017,12,3,0.7,0.1433201745837352,-22.0,False
2017,12,3,0.7,0.0713371280424199,10.0,True
2017,12,3,0.7,0.1554281822175525,14.0,True
2017,12,3,0.7,0.1854373723674808,14.0,True
2017,12,3,0.7,-0.0304373452675609,-4.0,False
2017,12,3,0.7,0.2576960952740234,-6.0,False
2017,12,3,0.7,0.3322838111778694,18.0,True
2017,12,3,0.7,-0.0490938473532815,-8.0,False
2017,12,3,0.7,0.2162618455216906,28.0,True
2017,12,3,0.7,-0.1582902994695874,-11.0,False
2017,12,3,0.7,-0.0831227038107622,3.0,True
2017,12,3,0.7,-0.0856490833134346,6.0,True
2017,12,3,0.7,0.0807789070912939,3.0,True
2017,12,3,0.7,-0.2446201635563434,7.0,True
2017,13,3,0.3,0.0445212926912535,24.0,True
2017,13,3,0.3,-0.0785840997482931,-5.0,False
2017,13,3,0.3,-0.1769100268227054,24.0,True
2017,13,3,0.3,-0.2928601283345969,-20.0,False
2017,13,3,0.3,0.0029001723700347,-1.0,False
2017,13,3,0.3,0.081194498727969,6.0,True
2017,13,3,0.3,0.1300309488706976,20.0,True
2017,13,3,0.3,-0.075214757896747,26.0,True
2017,13,3,0.3,-0.1078645590154367,7.0,True
2017,13,3,0.3,-0.0792708862272786,11.0,True
2017,13,3,0.3,0.303477692476638,9.0,True
2017,13,3,0.3,-0.1793216973006593,-16.0,False
2017,13,3,0.3,0.2188588524572081,10.0,True
2017,13,3,0.3,-0.1422474087253753,14.0,True
2017,13,3,0.3,-0.0857793260015142,-3.0,False
2017,13,3,0.5,0.0762332591570608,24.0,True
2017,13,3,0.5,-0.0529417059511242,-5.0,False
2017,13,3,0.5,-0.2207831185852203,24.0,True
2017,13,3,0.5,-0.3293216091769551,-20.0,False
2017,13,3,0.5,0.0004568634518362,-1.0,False
2017,13,3,0.5,0.0695749623472098,6.0,True
2017,13,3,0.5,0.0643919579642785,20.0,True
2017,13,3,0.5,-0.0477746249332985,26.0,True
2017,13,3,0.5,-0.1273669986690542,7.0,True
2017,13,3,0.5,-0.1082230767202588,11.0,True
2017,13,3,0.5,0.2529238835366229,9.0,True
2017,13,3,0.5,-0.1558617728279391,-16.0,False
2017,13,3,0.5,0.2207422812927135,10.0,True
2017,13,3,0.5,-0.1318602936111921,14.0,True
2017,13,3,0.5,-0.0663657446250921,-3.0,False
2017,13,3,0.7,0.0904890972930659,24.0,True
2017,13,3,0.7,-0.0414143913083602,-5.0,False
2017,13,3,0.7,-0.2405058846069013,24.0,True
2017,13,3,0.7,-0.3457125501060885,-20.0,False
2017,13,3,0.7,-0.0006415047774456,-1.0,False
2017,13,3,0.7,0.0643515010384281,6.0,True
2017,13,3,0.7,0.0348845216852462,20.0,True
2017,13,3,0.7,-0.0354391523167023,26.0,True
2017,13,3,0.7,-0.1361341504399464,7.0,True
2017,13,3,0.7,-0.1212382816207728,11.0,True
2017,13,3,0.7,0.2301978593342308,9.0,True
2017,13,3,0.7,-0.1453155682484593,-16.0,False
2017,13,3,0.7,0.2215889603105095,10.0,True
2017,13,3,0.7,-0.1271908565415134,14.0,True
2017,13,3,0.7,-0.0576385383182601,-3.0,False
2017,14,3,0.3,-0.1093561167094262,3.0,True
2017,14,3,0.3,-0.0544825622301647,6.0,True
2017,14,3,0.3,-0.2207055191440076,7.0,True
2017,14,3,0.3,0.1779054798554024,-26.0,False
2017,14,3,0.3,-0.2355895474888008,-6.0,False
2017,14,3,0.3,0.1627867276045213,-10.0,False
2017,14,3,0.3,-0.1910801800102405,-20.0,False
2017,14,3,0.3,-0.0878473915103159,-3.0,False
2017,14,3,0.3,-0.0480195187898824,5.0,True
2017,14,3,0.3,-0.1516437421263326,23.0,True
2017,14,3,0.3,0.0947078145822537,17.0,True
2017,14,3,0.3,-0.025319860194955,6.0,True
2017,14,3,0.3,-0.0757868282109856,-8.0,False
2017,14,3,0.3,0.2083655129823528,1.0,True
2017,14,3,0.3,-0.3491220525692354,7.0,True
2017,14,3,0.5,-0.1016139761981141,3.0,True
2017,14,3,0.5,-0.0968779422674127,6.0,True
2017,14,3,0.5,-0.198203093259961,7.0,True
2017,14,3,0.5,0.1647776079495801,-26.0,False
2017,14,3,0.5,-0.2240733727674068,-6.0,False
2017,14,3,0.5,0.1750261599566477,-10.0,False
2017,14,3,0.5,-0.1938456440739419,-20.0,False
2017,14,3,0.5,-0.0856631246709484,-3.0,False
2017,14,3,0.5,-0.0339238766320475,5.0,True
2017,14,3,0.5,-0.1381736153105465,23.0,True
2017,14,3,0.5,0.0579000334551923,17.0,True
2017,14,3,0.5,-0.051064726854953,6.0,True
2017,14,3,0.5,-0.0712196887641379,-8.0,False
2017,14,3,0.5,0.2151113936785421,1.0,True
2017,14,3,0.5,-0.3497572034409479,7.0,True
2017,14,3,0.7,-0.098133564408625,3.0,True
2017,14,3,0.7,-0.1159364158621389,6.0,True
2017,14,3,0.7,-0.1880873238258483,7.0,True
2017,14,3,0.7,0.1588760875515498,-26.0,False
2017,14,3,0.7,-0.2188963767917343,-6.0,False
2017,14,3,0.7,0.1805282900965944,-10.0,False
2017,14,3,0.7,-0.1950888343411105,-20.0,False
2017,14,3,0.7,-0.0846812065504988,-3.0,False
2017,14,3,0.7,-0.0275873035519198,5.0,True
2017,14,3,0.7,-0.1321182372006977,23.0,True
2017,14,3,0.7,0.041353416251284,17.0,True
2017,14,3,0.7,-0.0626381072800895,6.0,True
2017,14,3,0.7,-0.0691665710311512,-8.0,False
2017,14,3,0.7,0.218143945551141,1.0,True
2017,14,3,0.7,-0.3500427299796076,7.0,True
2017,15,3,0.3,0.0342087909931715,-12.0,False
2017,15,3,0.3,0.1090095255936514,10.0,True
2017,15,3,0.3,0.0005999123351157,17.0,True
2017,15,3,0.3,-0.0198773700458165,8.0,True
2017,15,3,0.3,-0.025252707346691,7.0,True
2017,15,3,0.3,-0.1624692844162548,-17.0,False
2017,15,3,0.3,0.0595829048288357,38.0,True
2017,15,3,0.3,0.1362894512731592,27.0,True
2017,15,3,0.3,0.2498780957808992,12.0,True
2017,15,3,0.3,-0.2863425694658111,-5.0,False
2017,15,3,0.3,0.031429802944325,5.0,True
2017,15,3,0.3,-0.0703713049434248,-35.0,False
2017,15,3,0.3,-0.0278344614278292,-3.0,False
2017,15,3,0.3,-0.0887100362694111,2.0,True
2017,15,3,0.3,-0.1535046065001915,-3.0,False
2017,15,3,0.5,0.0578351796912395,-12.0,False
2017,15,3,0.5,0.1180831385628246,10.0,True
2017,15,3,0.5,0.0264654426300758,17.0,True
2017,15,3,0.5,-0.0401204847205151,8.0,True
2017,15,3,0.5,-0.0386492802035191,7.0,True
2017,15,3,0.5,-0.1284923866193794,-17.0,False
2017,15,3,0.5,-0.0140562170536241,38.0,True
2017,15,3,0.5,0.1056398033740593,27.0,True
2017,15,3,0.5,0.2421825354420827,12.0,True
2017,15,3,0.5,-0.2455052165073018,-5.0,False
2017,15,3,0.5,0.0469885036915569,5.0,True
2017,15,3,0.5,-0.0649566450102107,-35.0,False
2017,15,3,0.5,-0.061470665884067,-3.0,False
2017,15,3,0.5,-0.0722730739739106,2.0,True
2017,15,3,0.5,-0.1341318465566044,-3.0,False
2017,15,3,0.7,0.0684562168123894,-12.0,False
2017,15,3,0.7,0.1221621021911685,10.0,True
2017,15,3,0.7,0.0380930663406541,17.0,True
2017,15,3,0.7,-0.0492206004917098,8.0,True
2017,15,3,0.7,-0.0446715927721849,7.0,True
2017,15,3,0.7,-0.1132183683437198,-17.0,False
2017,15,3,0.7,-0.0471600424870237,38.0,True
2017,15,3,0.7,0.0918615212909777,27.0,True
2017,15,3,0.7,0.2387230633631652,12.0,True
2017,15,3,0.7,-0.2271471404066875,-5.0,False
2017,15,3,0.7,0.0539827820091198,5.0,True
2017,15,3,0.7,-0.0625225318292244,-35.0,False
2017,15,3,0.7,-0.0765915284377886,-3.0,False
2017,15,3,0.7,-0.0648839808318966,2.0,True
2017,15,3,0.7,-0.1254229911691203,-3.0,False
2017,16,3,0.3,0.0783252568206268,7.0,True
2017,16,3,0.3,-0.1988965961716711,-16.0,False
2017,16,3,0.3,0.051072359910222,3.0,True
2017,16,3,0.3,0.1376950395572005,17.0,True
2017,16,3,0.3,-0.0377206435491261,9.0,True
2017,16,3,0.3,0.25875245974928,16.0,True
2017,16,3,0.3,0.2404001472686996,21.0,True
2017,16,3,0.3,0.1020409102591344,10.0,True
2017,16,3,0.3,-0.1537028078225125,-7.0,False
2017,16,3,0.3,-0.1708440309249898,-4.0,False
2017,16,3,0.3,0.1024673722102142,16.0,True
2017,16,3,0.3,-0.2260075170453686,11.0,True
2017,16,3,0.3,0.0370270461331839,23.0,True
2017,16,3,0.3,0.0350699197663642,-9.0,False
2017,16,3,0.3,-0.0844988942379906,-28.0,False
2017,16,3,0.5,0.0331376144256736,7.0,True
2017,16,3,0.5,-0.1572655318803901,-16.0,False
2017,16,3,0.5,0.0124613307149802,3.0,True
2017,16,3,0.5,0.1224686474142908,17.0,True
2017,16,3,0.5,-0.0435999986468292,9.0,True
2017,16,3,0.5,0.2444165337088349,16.0,True
2017,16,3,0.5,0.2854361571902419,21.0,True
2017,16,3,0.5,0.0829940045207007,10.0,True
2017,16,3,0.5,-0.1373306185196394,-7.0,False
2017,16,3,0.5,-0.1601819127223099,-4.0,False
2017,16,3,0.5,0.1115574353976735,16.0,True
2017,16,3,0.5,-0.1589659459343797,11.0,True
2017,16,3,0.5,0.0073588166012098,23.0,True
2017,16,3,0.5,0.0608673658809121,-9.0,False
2017,16,3,0.5,-0.0525378085177282,-28.0,False
2017,16,3,0.7,0.0128239036242727,7.0,True
2017,16,3,0.7,-0.138550649767796,-16.0,False
2017,16,3,0.7,-0.0048959209415963,3.0,True
2017,16,3,0.7,0.1156237555335332,17.0,True
2017,16,3,0.7,-0.046243011488916,9.0,True
2017,16,3,0.7,0.2379719431034973,16.0,True
2017,16,3,0.7,0.3056817029347886,21.0,True
2017,16,3,0.7,0.0744316340511297,10.0,True
2017,16,3,0.7,-0.1299706435119258,-7.0,False
2017,16,3,0.7,-0.1553888504110135,-4.0,False
2017,16,3,0.7,0.1156437940782746,16.0,True
2017,16,3,0.7,-0.1288279919487057,11.0,True
2017,16,3,0.7,-0.0059782774085766,23.0,True
2017,16,3,0.7,0.0724643829415804,-9.0,False
2017,16,3,0.7,-0.0381699809921057,-28.0,False
2017,17,3,0.3,0.0596885451738749,24.0,True
2017,17,3,0.3,-0.083793925640314,9.0,True
2017,17,3,0.3,0.2533337663091898,13.0,True
2017,17,3,0.3,0.2365838671861107,20.0,True
2017,17,3,0.3,-0.1278141110468834,8.0,True
2017,17,3,0.3,0.109256201223797,-6.0,False
2017,17,3,0.3,0.3599461866347124,4.0,True
2017,17,3,0.3,0.0607112688614987,12.0,True
2017,17,3,0.3,-0.008094582577747,-4.0,False
2017,17,3,0.3,-0.2534332328429804,-3.0,False
2017,17,3,0.3,0.2532898486975308,-21.0,False
2017,17,3,0.3,-0.0103419464166874,-6.0,False
2017,17,3,0.3,0.079740987541269,-2.0,False
2017,17,3,0.3,-0.2248922695971279,7.0,True
2017,17,3,0.3,-0.1232330625416754,5.0,True
2017,17,3,0.5,0.0540343579292102,24.0,True
2017,17,3,0.5,-0.0828092594495999,9.0,True
2017,17,3,0.5,0.2169972725591938,13.0,True
2017,17,3,0.5,0.2629987046953025,20.0,True
2017,17,3,0.5,-0.105362836592424,8.0,True
2017,17,3,0.5,0.0678522511869589,-6.0,False
2017,17,3,0.5,0.3256977896829631,4.0,True
2017,17,3,0.5,0.0833327738161782,12.0,True
2017,17,3,0.5,-0.026995663765875,-4.0,False
2017,17,3,0.5,-0.2526480956467108,-3.0,False
2017,17,3,0.5,0.2234972768711745,-21.0,False
2017,17,3,0.5,0.0222391549771876,-6.0,False
2017,17,3,0.5,0.073379536213873,-2.0,False
2017,17,3,0.5,-0.1915964664167417,7.0,True
2017,17,3,0.5,-0.0737729744970663,5.0,True
2017,17,3,0.7,0.0514925673329849,24.0,True
2017,17,3,0.7,-0.0823666113455174,9.0,True
2017,17,3,0.7,0.2006625184880947,13.0,True
2017,17,3,0.7,0.2748732646764987,20.0,True
2017,17,3,0.7,-0.0952700618376669,8.0,True
2017,17,3,0.7,0.0492394663080135,-6.0,False
2017,17,3,0.7,0.310301721328507,4.0,True
2017,17,3,0.7,0.0935020742086489,12.0,True
2017,17,3,0.7,-0.0354924800798041,-4.0,False
2017,17,3,0.7,-0.2522951440630667,-3.0,False
2017,17,3,0.7,0.2101042858666658,-21.0,False
2017,17,3,0.7,0.0368857051450763,-6.0,False
2017,17,3,0.7,0.070519801213484,-2.0,False
2017,17,3,0.7,-0.1766286282897791,7.0,True
2017,17,3,0.7,-0.0515386229907741,5.0,True
2018,4,3,0.3,0.2092770856584563,7.0,True
2018,4,3,0.3,-0.0526823831809434,-1.0,False
2018,4,3,0.3,-0.005894139679512,38.0,True
2018,4,3,0.3,-0.0168910538087804,2.0,True
2018,4,3,0.3,0.4622494324587237,22.0,True
2018,4,3,0.3,0.0059180773891646,-3.0,False
2018,4,3,0.3,0.1687214555674396,19.0,True
2018,4,3,0.3,-0.177751348696198,31.0,True
2018,4,3,0.3,0.0288436503005763,3.0,True
2018,4,3,0.3,-0.3002692768741859,-3.0,False
2018,4,3,0.3,0.3816995871605064,2.0,True
2018,4,3,0.3,-0.2043541971569165,-15.0,False
2018,4,3,0.3,0.0856902223016959,-12.0,False
2018,4,3,0.3,-0.4895283364357086,-4.0,False
2018,4,3,0.5,0.2290737438222081,7.0,True
2018,4,3,0.5,-0.061230137392774,-1.0,False
2018,4,3,0.5,-0.1171009239612712,38.0,True
2018,4,3,0.5,0.0354265802019146,2.0,True
2018,4,3,0.5,0.5085246003802816,22.0,True
2018,4,3,0.5,-0.0250489518039532,-3.0,False
2018,4,3,0.5,0.1336653213816743,19.0,True
2018,4,3,0.5,-0.0763045491149969,31.0,True
2018,4,3,0.5,0.1017864567433305,3.0,True
2018,4,3,0.5,-0.2357641166270192,-3.0,False
2018,4,3,0.5,0.3532999483169525,2.0,True
2018,4,3,0.5,-0.2731617718611812,-15.0,False
2018,4,3,0.5,0.143743519648651,-12.0,False
2018,4,3,0.5,-0.4771587560914825,-4.0,False
2018,4,3,0.7,0.2379731589600412,7.0,True
2018,4,3,0.7,-0.0650727057999272,-1.0,False
2018,4,3,0.7,-0.1670929646016951,38.0,True
2018,4,3,0.7,0.0589455165920435,2.0,True
2018,4,3,0.7,0.5293271988037342,22.0,True
2018,4,3,0.7,-0.0389699098815935,-3.0,False
2018,4,3,0.7,0.117906141793578,19.0,True
2018,4,3,0.7,-0.0307000245326221,31.0,True
2018,4,3,0.7,0.1345772596396145,3.0,True
2018,4,3,0.7,-0.2067663840388435,-3.0,False
2018,4,3,0.7,0.3405331381946207,2.0,True
2018,4,3,0.7,-0.3040936173704375,-15.0,False
2018,4,3,0.7,0.1698408735018693,-12.0,False
2018,4,3,0.7,-0.471598119056005,-4.0,False
2018,5,3,0.3,0.0922827326115607,14.0,True
2018,5,3,0.3,-0.3772319942383985,1.0,True
2018,5,3,0.3,0.2270724064754548,2.0,True
2018,5,3,0.3,-0.011987623201211,10.0,True
2018,5,3,0.3,-0.2298431573395792,3.0,True
2018,5,3,0.3,-0.0409334919469548,8.0,True
2018,5,3,0.3,0.2532385457228207,16.0,True
2018,5,3,0.3,-0.164266198200091,18.0,True
2018,5,3,0.3,-0.0936707786669642,24.0,True
2018,5,3,0.3,-0.1455746969079797,-2.0,False
2018,5,3,0.3,-0.4324015745329523,-2.0,False
2018,5,3,0.3,0.0561420326510687,-10.0,False
2018,5,3,0.3,0.0198622391539317,3.0,True
2018,5,3,0.3,-0.0511958897282049,24.0,True
2018,5,3,0.5,0.12380683741338,14.0,True
2018,5,3,0.5,-0.3843433398707033,1.0,True
2018,5,3,0.5,0.1822898907997165,2.0,True
2018,5,3,0.5,0.0655087529086501,10.0,True
2018,5,3,0.5,-0.2069520782158168,3.0,True
2018,5,3,0.5,-0.0685843236334804,8.0,True
2018,5,3,0.5,0.2812221901840189,16.0,True
2018,5,3,0.5,-0.1818932631168751,18.0,True
2018,5,3,0.5,-0.1098581587576652,24.0,True
2018,5,3,0.5,-0.1901890784669216,-2.0,False
2018,5,3,0.5,-0.4102621215627877,-2.0,False
2018,5,3,0.5,0.015056741214268,-10.0,False
2018,5,3,0.5,0.0484886198536472,3.0,True
2018,5,3,0.5,0.0018422179853236,24.0,True
2018,5,3,0.7,0.1379782239756658,14.0,True
2018,5,3,0.7,-0.3875401833200881,1.0,True
2018,5,3,0.7,0.1621583011840177,2.0,True
2018,5,3,0.7,0.100346573361707,10.0,True
2018,5,3,0.7,-0.1966615931051347,3.0,True
2018,5,3,0.7,-0.0810145140246708,8.0,True
2018,5,3,0.7,0.2938019936574016,16.0,True
2018,5,3,0.7,-0.189817356519833,18.0,True
2018,5,3,0.7,-0.1171350543947692,24.0,True
2018,5,3,0.7,-0.2102450848558038,-2.0,False
2018,5,3,0.7,-0.4003095234385851,-2.0,False
2018,5,3,0.7,-0.0034127934683303,-10.0,False
2018,5,3,0.7,0.0613573598012258,3.0,True
2018,5,3,0.7,0.0256850370492035,24.0,True
2018,6,3,0.3,0.0439670552133609,-21.0,False
2018,6,3,0.3,0.0505900182786303,5.0,True
2018,6,3,0.3,-0.035165071002404,-7.0,False
2018,6,3,0.3,-0.1872211478311671,-24.0,False
2018,6,3,0.3,0.3001729559621881,7.0,True
2018,6,3,0.3,-0.1490627996323474,3.0,True
2018,6,3,0.3,0.2862275813794814,10.0,True
2018,6,3,0.3,-0.0256020437448984,8.0,True
2018,6,3,0.3,-0.005047022836755,6.0,True
2018,6,3,0.3,-0.3576246360076974,-3.0,False
2018,6,3,0.3,-0.2230863674233845,33.0,True
2018,6,3,0.3,-0.124793230164828,-21.0,False
2018,6,3,0.3,-0.2567813999587585,3.0,True
2018,6,3,0.3,0.2367798281677444,3.0,True
2018,6,3,0.5,0.078232604180688,-21.0,False
2018,6,3,0.5,0.011420691093001,5.0,True
2018,6,3,0.5,-0.0140702014268065,-7.0,False
2018,6,3,0.5,-0.2098092938005824,-24.0,False
2018,6,3,0.5,0.3025427241490758,7.0,True
2018,6,3,0.5,-0.1167415008924395,3.0,True
2018,6,3,0.5,0.2691498528080777,10.0,True
2018,6,3,0.5,-0.0421186531272158,8.0,True
2018,6,3,0.5,0.0187282194182736,6.0,True
2018,6,3,0.5,-0.3419729717396509,-3.0,False
2018,6,3,0.5,-0.1883479099082554,33.0,True
2018,6,3,0.5,-0.0661182940604261,-21.0,False
2018,6,3,0.5,-0.2220856076610248,3.0,True
2018,6,3,0.5,0.2334375784303895,3.0,True
2018,6,3,0.7,0.0936363830742571,-21.0,False
2018,6,3,0.7,-0.0061875385592543,5.0,True
2018,6,3,0.7,-0.0045871866634644,-7.0,False
2018,6,3,0.7,-0.219963597951971,-24.0,False
2018,6,3,0.7,0.3036080327835482,7.0,True
2018,6,3,0.7,-0.1022117427433066,3.0,True
2018,6,3,0.7,0.2614727087713916,10.0,True
2018,6,3,0.7,-0.0495435509229363,8.0,True
2018,6,3,0.7,0.0294161723586076,6.0,True
2018,6,3,0.7,-0.334936902481538,-3.0,False
2018,6,3,0.7,-0.1727315390987019,33.0,True
2018,6,3,0.7,-0.03974148792175,-21.0,False
2018,6,3,0.7,-0.2064884166280986,3.0,True
2018,6,3,0.7,0.2319350991906611,3.0,True
2018,7,3,0.3,-0.2415937297843456,-35.0,False
2018,7,3,0.3,0.0518282562317195,-7.0,False
2018,7,3,0.3,0.2518019498178173,32.0,True
2018,7,3,0.3,0.0505702004988863,-13.0,False
2018,7,3,0.3,0.046339490711054,-11.0,False
2018,7,3,0.3,-0.1534084028819255,-20.0,False
2018,7,3,0.3,-0.0592682856185985,-4.0,False
2018,7,3,0.3,0.1249564960324709,3.0,True
2018,7,3,0.3,-0.0087250958544812,-1.0,False
2018,7,3,0.3,-0.4270633819003042,-29.0,False
2018,7,3,0.3,0.081493245565732,3.0,True
2018,7,3,0.3,0.2559055676568944,35.0,True
2018,7,3,0.3,0.2477463282372772,1.0,True
2018,7,3,0.3,0.187390947521678,3.0,True
2018,7,3,0.5,-0.2406982832315852,-35.0,False
2018,7,3,0.5,0.0099744962458674,-7.0,False
2018,7,3,0.5,0.300508848254634,32.0,True
2018,7,3,0.5,0.0241125726524351,-13.0,False
2018,7,3,0.5,0.0264308024094288,-11.0,False
2018,7,3,0.5,-0.1799069651274769,-20.0,False
2018,7,3,0.5,-0.0823895023856626,-4.0,False
2018,7,3,0.5,0.197698100167812,3.0,True
2018,7,3,0.5,-0.0704808742994375,-1.0,False
2018,7,3,0.5,-0.419030486885889,-29.0,False
2018,7,3,0.5,0.0857317749008376,3.0,True
2018,7,3,0.5,0.2259269579701139,35.0,True
2018,7,3,0.5,0.2030488633975999,1.0,True
2018,7,3,0.5,0.1895750584608005,3.0,True
2018,7,3,0.7,-0.2402957430381426,-35.0,False
2018,7,3,0.7,-0.0088404967752957,-7.0,False
2018,7,3,0.7,0.3224046099372397,32.0,True
2018,7,3,0.7,0.0122187766480672,-13.0,False
2018,7,3,0.7,0.0174810250995238,-11.0,False
2018,7,3,0.7,-0.1918191628341926,-20.0,False
2018,7,3,0.7,-0.0927834438681043,-4.0,False
2018,7,3,0.7,0.2303984543203966,3.0,True
2018,7,3,0.7,-0.0982426462609316,-1.0,False
2018,7,3,0.7,-0.415419368943629,-29.0,False
2018,7,3,0.7,0.0876371688221234,3.0,True
2018,7,3,0.7,0.2124503352668824,35.0,True
2018,7,3,0.7,0.1829555076439835,1.0,True
2018,7,3,0.7,0.1905569064976537,3.0,True
2018,8,3,0.3,-0.0209959756618053,19.0,True
2018,8,3,0.3,-0.0678793987336443,15.0,True
2018,8,3,0.3,0.2156647326971136,14.0,True
2018,8,3,0.3,-0.0478046868740146,3.0,True
2018,8,3,0.3,0.1030734004642875,-14.0,False
2018,8,3,0.3,0.3022417298548043,7.0,True
2018,8,3,0.3,-0.1800095846035374,-7.0,False
2018,8,3,0.3,0.1929012763609619,15.0,True
2018,8,3,0.3,-0.1141832799262513,3.0,True
2018,8,3,0.3,0.2811092030974974,2.0,True
2018,8,3,0.3,-0.0339666119461983,-10.0,False
2018,8,3,0.3,-0.0370325301704102,-6.0,False
2018,8,3,0.3,-0.4448368083350185,-19.0,False
2018,8,3,0.5,-0.0165116723938902,19.0,True
2018,8,3,0.5,-0.0285174095766979,15.0,True
2018,8,3,0.5,0.2123994933318684,14.0,True
2018,8,3,0.5,-0.0707389118948441,3.0,True
2018,8,3,0.5,0.1103820266338715,-14.0,False
2018,8,3,0.5,0.270030986480565,7.0,True
2018,8,3,0.5,-0.1697770409330828,-7.0,False
2018,8,3,0.5,0.2039113067579369,15.0,True
2018,8,3,0.5,-0.0939642279455087,3.0,True
2018,8,3,0.5,0.2505501162527834,2.0,True
2018,8,3,0.5,-0.0737257241940107,-10.0,False
2018,8,3,0.5,-0.0033415846120258,-6.0,False
2018,8,3,0.5,-0.4607442884370039,-19.0,False
2018,8,3,0.7,-0.0144957929431761,19.0,True
2018,8,3,0.7,-0.0108225704144009,15.0,True
2018,8,3,0.7,0.2109316334337307,14.0,True
2018,8,3,0.7,-0.0810487928675106,3.0,True
2018,8,3,0.7,0.1136675558293726,-14.0,False
2018,8,3,0.7,0.2555509275325125,7.0,True
2018,8,3,0.7,-0.1651770901087501,-7.0,False
2018,8,3,0.7,0.2088607699639165,15.0,True
2018,8,3,0.7,-0.084874929348661,3.0,True
2018,8,3,0.7,0.2368125451024073,2.0,True
2018,8,3,0.7,-0.0915990865806419,-10.0,False
2018,8,3,0.7,0.0118038863270643,-6.0,False
2018,8,3,0.7,-0.4678953574736763,-19.0,False
2018,9,3,0.3,-0.1191044466976271,-7.0,False
2018,9,3,0.3,-0.4282055411643746,-32.0,False
2018,9,3,0.3,0.1700021065371103,14.0,True
2018,9,3,0.3,-0.4830080921262615,-16.0,False
2018,9,3,0.3,0.1824659029087657,7.0,True
2018,9,3,0.3,0.0111567115916575,15.0,True
2018,9,3,0.3,0.0056839309763002,-24.0,False
2018,9,3,0.3,-0.0514154564063439,-2.0,False
2018,9,3,0.3,-0.0894154699816214,-8.0,False
2018,9,3,0.3,-0.1252872196132572,10.0,True
2018,9,3,0.3,0.0908493513790938,14.0,True
2018,9,3,0.3,0.0498662298678697,-14.0,False
2018,9,3,0.5,-0.1257614204246833,-7.0,False
2018,9,3,0.5,-0.4112989406067444,-32.0,False
2018,9,3,0.5,0.1033313167769556,14.0,True
2018,9,3,0.5,-0.4829985521073005,-16.0,False
2018,9,3,0.5,0.1992376796527419,7.0,True
2018,9,3,0.5,-0.0277947574291572,15.0,True
2018,9,3,0.5,-0.0313833195453581,-24.0,False
2018,9,3,0.5,-0.0233572693105253,-2.0,False
2018,9,3,0.5,-0.0914157839195331,-8.0,False
2018,9,3,0.5,-0.1109145665055701,10.0,True
2018,9,3,0.5,0.0586783107401464,14.0,True
2018,9,3,0.5,0.0360035530195525,-14.0,False
2018,9,3,0.7,-0.1287540049441857,-7.0,False
2018,9,3,0.7,-0.4036987256771673,-32.0,False
2018,9,3,0.7,0.0733600443159687,14.0,True
2018,9,3,0.7,-0.4829942634749234,-16.0,False
2018,9,3,0.7,0.2067772857119605,7.0,True
2018,9,3,0.7,-0.0453050508421839,15.0,True
2018,9,3,0.7,-0.048046578954177,-24.0,False
2018,9,3,0.7,-0.0107439558454325,-2.0,False
2018,9,3,0.7,-0.0923150076163924,-8.0,False
2018,9,3,0.7,-0.104453465567252,10.0,True
2018,9,3,0.7,0.0442160998107114,14.0,True
2018,9,3,0.7,0.0297717074638869,-14.0,False
2018,10,3,0.3,-0.0195214036790593,31.0,True
2018,10,3,0.3,0.13287369668863,12.0,True
2018,10,3,0.3,-0.1716497950845421,-37.0,False
2018,10,3,0.3,-0.293018968481333,12.0,True
2018,10,3,0.3,0.111468136395672,3.0,True
2018,10,3,0.3,0.6047229576792037,12.0,True
2018,10,3,0.3,0.1788934660878325,-31.0,False
2018,10,3,0.3,-0.1568569880563913,-13.0,False
2018,10,3,0.3,-0.2404038835227089,24.0,True
2018,10,3,0.3,0.0638419833768187,19.0,True
2018,10,3,0.3,0.2386283536350683,5.0,True
2018,10,3,0.3,0.037782798229055,-7.0,False
2018,10,3,0.3,0.0450503066011423,-4.0,False
2018,10,3,0.5,-0.0112172138113992,31.0,True
2018,10,3,0.5,0.0763332931900122,12.0,True
2018,10,3,0.5,-0.185492405841821,-37.0,False
2018,10,3,0.5,-0.3052127184197468,12.0,True
2018,10,3,0.5,0.1133509124704007,3.0,True
2018,10,3,0.5,0.5779344470027385,12.0,True
2018,10,3,0.5,0.1616633999836849,-31.0,False
2018,10,3,0.5,-0.0864200382803682,-13.0,False
2018,10,3,0.5,-0.2293127050632695,24.0,True
2018,10,3,0.5,0.0907334017893012,19.0,True
2018,10,3,0.5,0.2594843978619774,5.0,True
2018,10,3,0.5,0.0102207278094463,-7.0,False
2018,10,3,0.5,0.0359508666619595,-4.0,False
2018,10,3,0.7,-0.0074841376323593,31.0,True
2018,10,3,0.7,0.0509160475805418,12.0,True
2018,10,3,0.7,-0.1917152308611482,-37.0,False
2018,10,3,0.7,-0.3106943124287585,12.0,True
2018,10,3,0.7,0.1141972980452787,3.0,True
2018,10,3,0.7,0.5658919055059789,12.0,True
2018,10,3,0.7,0.1539177739368661,-31.0,False
2018,10,3,0.7,-0.054755721408578,-13.0,False
2018,10,3,0.7,-0.2243267624530627,24.0,True
2018,10,3,0.7,0.1028222045618851,19.0,True
2018,10,3,0.7,0.2688600507713219,5.0,True
2018,10,3,0.7,-0.0021695607278089,-7.0,False
2018,10,3,0.7,0.0318602927443453,-4.0,False
2018,11,3,0.3,-0.133509771819215,3.0,True
2018,11,3,0.3,0.1028277206613463,-3.0,False
2018,11,3,0.3,0.0232797148340159,3.0,True
2018,11,3,0.3,-0.1617009101034337,1.0,True
2018,11,3,0.3,0.0735905891653174,28.0,True
2018,11,3,0.3,-0.2500790360510614,-4.0,False
2018,11,3,0.3,-0.093328127970065,3.0,True
2018,11,3,0.3,-0.035600683891513,-2.0,False
2018,11,3,0.3,0.2214661199094572,-1.0,False
2018,11,3,0.3,0.1733254616730656,41.0,True
2018,11,3,0.3,0.0972242299346165,5.0,True
2018,11,3,0.3,-0.065249197686348,3.0,True
2018,11,3,0.5,-0.1415207713720074,3.0,True
2018,11,3,0.5,0.1147560725474499,-3.0,False
2018,11,3,0.5,-0.0097435110684439,3.0,True
2018,11,3,0.5,-0.1024973402600531,1.0,True
2018,11,3,0.5,0.0778895570166782,28.0,True
2018,11,3,0.5,-0.2226531251349882,-4.0,False
2018,11,3,0.5,-0.1406780496197059,3.0,True
2018,11,3,0.5,-0.0427243860919777,-2.0,False
2018,11,3,0.5,0.1995136666534164,-1.0,False
2018,11,3,0.5,0.2084786454768886,41.0,True
2018,11,3,0.5,0.0951768665134843,5.0,True
2018,11,3,0.5,-0.0381316136853699,3.0,True
2018,11,3,0.7,-0.145122046400327,3.0,True
2018,11,3,0.7,0.1201183591751478,-3.0,False
2018,11,3,0.7,-0.0245888144557882,3.0,True
2018,11,3,0.7,-0.0758828914313773,1.0,True
2018,11,3,0.7,0.0798221205461892,28.0,True
2018,11,3,0.7,-0.2103240459158359,-4.0,False
2018,11,3,0.7,-0.1619637942144987,3.0,True
2018,11,3,0.7,-0.0459267843288839,-2.0,False
2018,11,3,0.7,0.1896451326208844,-1.0,False
2018,11,3,0.7,0.2242814528749373,41.0,True
2018,11,3,0.7,0.0942564921315075,5.0,True
2018,11,3,0.7,-0.0259411401436459,3.0,True
2018,12,3,0.3,-0.2351894304969187,-7.0,False
2018,12,3,0.3,-0.0047345041974826,8.0,True
2018,12,3,0.3,0.1293410686208513,14.0,True
2018,12,3,0.3,-0.1586714496841625,3.0,True
2018,12,3,0.3,0.1573748786433335,-3.0,False
2018,12,3,0.3,0.0924913861098313,-15.0,False
2018,12,3,0.3,-0.3522511210907528,-14.0,False
2018,12,3,0.3,0.1485868270418772,3.0,True
2018,12,3,0.3,0.0236408518481255,18.0,True
2018,12,3,0.3,0.4192566496249922,35.0,True
2018,12,3,0.3,-0.1298542638502204,7.0,True
2018,12,3,0.3,0.1124523579141897,3.0,True
2018,12,3,0.3,-0.1032589784845102,7.0,True
2018,12,3,0.3,0.0625611903634553,17.0,True
2018,12,3,0.5,-0.1434027804610351,-7.0,False
2018,12,3,0.5,0.0177704799583128,8.0,True
2018,12,3,0.5,0.1241235852096324,14.0,True
2018,12,3,0.5,-0.1642147147807532,3.0,True
2018,12,3,0.5,0.1309526628638402,-3.0,False
2018,12,3,0.5,0.1165954796989012,-15.0,False
2018,12,3,0.5,-0.3664742528058943,-14.0,False
2018,12,3,0.5,0.1466535361928579,3.0,True
2018,12,3,0.5,0.0783575894627028,18.0,True
2018,12,3,0.5,0.3905368741188482,35.0,True
2018,12,3,0.5,-0.1111155460571511,7.0,True
2018,12,3,0.5,0.1126445492543617,3.0,True
2018,12,3,0.5,-0.1497546471332853,7.0,True
2018,12,3,0.5,0.043944164690079,17.0,True
2018,12,3,0.7,-0.1021408919127938,-7.0,False
2018,12,3,0.7,0.0278873994411934,8.0,True
2018,12,3,0.7,0.1217781110155982,14.0,True
2018,12,3,0.7,-0.1667066412920646,3.0,True
2018,12,3,0.7,0.1190747860455359,-3.0,False
2018,12,3,0.7,0.1274312648903179,-15.0,False
2018,12,3,0.7,-0.3728681377053618,-14.0,False
2018,12,3,0.7,0.145784442141464,3.0,True
2018,12,3,0.7,0.1029550219683385,18.0,True
2018,12,3,0.7,0.377626149350031,35.0,True
2018,12,3,0.7,-0.1026917187923768,7.0,True
2018,12,3,0.7,0.1127309471962739,3.0,True
2018,12,3,0.7,-0.1706563697368631,7.0,True
2018,12,3,0.7,0.0355750430570934,17.0,True
2018,13,3,0.3,-0.2211438221362416,3.0,True
2018,13,3,0.3,0.0688644482399747,-10.0,False
2018,13,3,0.3,-0.0604181330717923,-14.0,False
2018,13,3,0.3,-0.2722840665443132,-14.0,False
2018,13,3,0.3,0.3684549668040007,-3.0,False
2018,13,3,0.3,0.1094372068231561,16.0,True
2018,13,3,0.3,-0.1806304033482674,6.0,True
2018,13,3,0.3,0.1516520196099555,4.0,True
2018,13,3,0.3,-0.2855500141613849,3.0,True
2018,13,3,0.3,-0.2041154167416107,7.0,True
2018,13,3,0.3,0.1322475816722636,4.0,True
2018,13,3,0.3,0.0797477957059002,14.0,True
2018,13,3,0.3,0.1270770614955411,27.0,True
2018,13,3,0.3,-0.075511965473151,-3.0,False
2018,13,3,0.3,0.0262801799102567,15.0,True
2018,13,3,0.5,-0.2201795188343842,3.0,True
2018,13,3,0.5,0.1154015752219562,-10.0,False
2018,13,3,0.5,-0.0326816563705298,-14.0,False
2018,13,3,0.5,-0.247051855901608,-14.0,False
2018,13,3,0.5,0.3716267211166824,-3.0,False
2018,13,3,0.5,0.0998553076881905,16.0,True
2018,13,3,0.5,-0.1825316521214373,6.0,True
2018,13,3,0.5,0.165046967406772,4.0,True
2018,13,3,0.5,-0.2354494478176355,3.0,True
2018,13,3,0.5,-0.1476620924275684,7.0,True
2018,13,3,0.5,0.1398248849561081,4.0,True
2018,13,3,0.5,0.1229772820803621,14.0,True
2018,13,3,0.5,0.135119761833439,27.0,True
2018,13,3,0.5,-0.0753618561337231,-3.0,False
2018,13,3,0.5,0.0342129396083039,15.0,True
2018,13,3,0.7,-0.2197460246895126,3.0,True
2018,13,3,0.7,0.136321935057893,-10.0,False
2018,13,3,0.7,-0.0202129650094118,-14.0,False
2018,13,3,0.7,-0.2357089355209423,-14.0,False
2018,13,3,0.7,0.3730525556242182,-3.0,False
2018,13,3,0.7,0.0955478484440316,16.0,True
2018,13,3,0.7,-0.1833863419368989,6.0,True
2018,13,3,0.7,0.171068549443873,4.0,True
2018,13,3,0.7,-0.2129271748741152,3.0,True
2018,13,3,0.7,-0.1222839925065768,7.0,True
2018,13,3,0.7,0.1432311956066437,4.0,True
2018,13,3,0.7,0.1424107209092486,14.0,True
2018,13,3,0.7,0.1387352876734114,27.0,True
2018,13,3,0.7,-0.0752943757884756,-3.0,False
2018,13,3,0.7,0.0377790425918297,15.0,True
2018,14,3,0.3,0.0360153180287871,21.0,True
2018,14,3,0.3,0.0417422910702962,-4.0,False
2018,14,3,0.3,-0.2313301966788357,6.0,True
2018,14,3,0.3,0.0498667141730693,14.0,True
2018,14,3,0.3,0.0302007248071882,-3.0,False
2018,14,3,0.3,0.3231549472728169,3.0,True
2018,14,3,0.3,-0.2338280347443409,1.0,True
2018,14,3,0.3,-0.2531027515391932,-14.0,False
2018,14,3,0.3,0.0481660854125704,-24.0,False
2018,14,3,0.3,0.2687645071370861,5.0,True
2018,14,3,0.3,-0.1747009811183921,6.0,True
2018,14,3,0.3,-0.1755431457651352,-14.0,False
2018,14,3,0.3,-0.0217040838052849,6.0,True
2018,14,3,0.3,-0.1181521997922303,9.0,True
2018,14,3,0.3,-0.0607558111161896,14.0,True
2018,14,3,0.5,0.0534839157273757,21.0,True
2018,14,3,0.5,0.0156991304803944,-4.0,False
2018,14,3,0.5,-0.226084141087678,6.0,True
2018,14,3,0.5,0.0356934464520854,14.0,True
2018,14,3,0.5,-0.0006459559770665,-3.0,False
2018,14,3,0.5,0.3410823524217014,3.0,True
2018,14,3,0.5,-0.2340895841113908,1.0,True
2018,14,3,0.5,-0.2236554296629456,-14.0,False
2018,14,3,0.5,0.0512941087551602,-24.0,False
2018,14,3,0.5,0.2302376064967683,5.0,True
2018,14,3,0.5,-0.16068431012818,6.0,True
2018,14,3,0.5,-0.2022132319822029,-14.0,False
2018,14,3,0.5,-0.0184728872135818,6.0,True
2018,14,3,0.5,-0.1809304359762427,9.0,True
2018,14,3,0.5,-0.0237233865266792,14.0,True
2018,14,3,0.7,0.0613367715735303,21.0,True
2018,14,3,0.7,0.003991654618879,-4.0,False
2018,14,3,0.7,-0.223725822519176,6.0,True
2018,14,3,0.7,0.0293219774765972,14.0,True
2018,14,3,0.7,-0.0145128124764104,-3.0,False
2018,14,3,0.7,0.3491414611583558,3.0,True
2018,14,3,0.7,-0.2342071613497894,1.0,True
2018,14,3,0.7,-0.210417642764449,-14.0,False
2018,14,3,0.7,0.0527002843862327,-24.0,False
2018,14,3,0.7,0.2129181740988273,5.0,True
2018,14,3,0.7,-0.1543832378481764,6.0,True
2018,14,3,0.7,-0.2142025367953801,-14.0,False
2018,14,3,0.7,-0.0170203309475868,6.0,True
2018,14,3,0.7,-0.2091518449030006,9.0,True
2018,14,3,0.7,-0.0070757828121288,14.0,True
2018,15,3,0.3,0.0899374710648658,-1.0,False
2018,15,3,0.3,-0.2565020142367442,-7.0,False
2018,15,3,0.3,0.0728437272207991,-1.0,False
2018,15,3,0.3,0.2745135965729557,26.0,True
2018,15,3,0.3,0.0599342453135825,8.0,True
2018,15,3,0.3,-0.0944175220726898,1.0,True
2018,15,3,0.3,0.000126042185746,7.0,True
2018,15,3,0.3,0.0351085351817178,23.0,True
2018,15,3,0.3,-0.0268945925584619,-3.0,False
2018,15,3,0.3,0.0681180237119461,24.0,True
2018,15,3,0.3,-0.0543562718032607,-17.0,False
2018,15,3,0.3,-0.1207706280274744,3.0,True
2018,15,3,0.3,-0.106244818514601,7.0,True
2018,15,3,0.3,0.1497574035792136,-7.0,False
2018,15,3,0.3,-0.0921666333313643,-3.0,False
2018,15,3,0.5,0.0908422151092118,-1.0,False
2018,15,3,0.5,-0.2323028858327117,-7.0,False
2018,15,3,0.5,0.0791492107885699,-1.0,False
2018,15,3,0.5,0.3009092437868178,26.0,True
2018,15,3,0.5,0.0035321328010284,8.0,True
2018,15,3,0.5,-0.139721811482701,1.0,True
2018,15,3,0.5,-0.0725074433127387,7.0,True
2018,15,3,0.5,0.0391977759615409,23.0,True
2018,15,3,0.5,-0.0275800119441557,-3.0,False
2018,15,3,0.5,0.0327482333736586,24.0,True
2018,15,3,0.5,-0.0737204705417009,-17.0,False
2018,15,3,0.5,-0.1258737728503629,3.0,True
2018,15,3,0.5,-0.1267166164824982,7.0,True
2018,15,3,0.5,0.1660654942422139,-7.0,False
2018,15,3,0.5,-0.0966376155864841,-3.0,False
2018,15,3,0.7,0.0912489349089636,-1.0,False
2018,15,3,0.7,-0.2214243785685135,-7.0,False
2018,15,3,0.7,0.0819837859704119,-1.0,False
2018,15,3,0.7,0.3127751769380036,26.0,True
2018,15,3,0.7,-0.0218229453009454,8.0,True
2018,15,3,0.7,-0.1600879599330731,1.0,True
2018,15,3,0.7,-0.1051591936744428,7.0,True
2018,15,3,0.7,0.0410360585139384,23.0,True
2018,15,3,0.7,-0.0278881362551556,-3.0,False
2018,15,3,0.7,0.0168480523958964,24.0,True
2018,15,3,0.7,-0.0824254773140272,-17.0,False
2018,15,3,0.7,-0.1281678471285422,3.0,True
2018,15,3,0.7,-0.1359195348350393,7.0,True
2018,15,3,0.7,0.1733966542650304,-7.0,False
2018,15,3,0.7,-0.0986475066919966,-3.0,False
2018,16,3,0.3,0.0569233600596736,9.0,True
2018,16,3,0.3,0.1496139859065919,-12.0,False
2018,16,3,0.3,0.0271622511596795,-14.0,False
2018,16,3,0.3,0.0089215867039341,8.0,True
2018,16,3,0.3,0.0653579267833205,7.0,True
2018,16,3,0.3,-0.1444876420588502,-18.0,False
2018,16,3,0.3,0.2027975371228462,1.0,True
2018,16,3,0.3,0.1002668829822509,-10.0,False
2018,16,3,0.3,0.3375647055647797,12.0,True
2018,16,3,0.3,-0.2580952571633178,-6.0,False
2018,16,3,0.3,0.0120856699010775,2.0,True
2018,16,3,0.3,-0.4715125671540222,-22.0,False
2018,16,3,0.3,-0.1979467426123753,-5.0,False
2018,16,3,0.3,0.076377597095671,3.0,True
2018,16,3,0.3,-0.2578817265556736,7.0,True
2018,16,3,0.5,0.05786252560591,9.0,True
2018,16,3,0.5,0.1709725226924213,-12.0,False
2018,16,3,0.5,-0.0010344571752649,-14.0,False
2018,16,3,0.5,-0.0240703066355678,8.0,True
2018,16,3,0.5,0.0405424138083495,7.0,True
2018,16,3,0.5,-0.0883322692918516,-18.0,False
2018,16,3,0.5,0.2193879617409426,1.0,True
2018,16,3,0.5,0.1261612161171544,-10.0,False
2018,16,3,0.5,0.3651091379094097,12.0,True
2018,16,3,0.5,-0.2757381108736802,-6.0,False
2018,16,3,0.5,0.0288925225076588,2.0,True
2018,16,3,0.5,-0.4836427405671992,-22.0,False
2018,16,3,0.5,-0.1365326516664133,-5.0,False
2018,16,3,0.5,0.0781067728502421,3.0,True
2018,16,3,0.5,-0.2433115503640028,7.0,True
2018,16,3,0.7,0.0582847192918328,9.0,True
2018,16,3,0.7,0.1805740667521061,-12.0,False
2018,16,3,0.7,-0.0137100416561116,-14.0,False
2018,16,3,0.7,-0.0389015247423164,8.0,True
2018,16,3,0.7,0.0293868162324452,7.0,True
2018,16,3,0.7,-0.0630881108920083,-18.0,False
2018,16,3,0.7,0.2268460425325639,1.0,True
2018,16,3,0.7,0.1378017878933954,-10.0,False
2018,16,3,0.7,0.3774914974037846,12.0,True
2018,16,3,0.7,-0.2836693019911825,-6.0,False
2018,16,3,0.7,0.0364478966152046,2.0,True
2018,16,3,0.7,-0.4890957543033981,-22.0,False
2018,16,3,0.7,-0.1089244823420816,-5.0,False
2018,16,3,0.7,0.0788841087399118,3.0,True
2018,16,3,0.7,-0.2367616546448114,7.0,True
2018,17,3,0.3,-0.1200566219378866,25.0,True
2018,17,3,0.3,0.1272042953260286,-31.0,False
2018,17,3,0.3,0.2007348196061064,17.0,True
2018,17,3,0.3,0.3494117713838858,35.0,True
2018,17,3,0.3,0.1200723389361897,-19.0,False
2018,17,3,0.3,-0.1105219058111028,-1.0,False
2018,17,3,0.3,-0.1110911042502689,-2.0,False
2018,17,3,0.3,0.0684665120313623,2.0,True
2018,17,3,0.3,-0.1689681016052764,-14.0,False
2018,17,3,0.3,0.2858098232739759,16.0,True
2018,17,3,0.3,0.017369151338169,-14.0,False
2018,17,3,0.3,0.1915587361101239,3.0,True
2018,17,3,0.3,0.3306217170459231,3.0,True
2018,17,3,0.3,-0.1336023353102217,-24.0,False
2018,17,3,0.3,-0.0850533289449783,-16.0,False
2018,17,3,0.5,-0.1487265095501297,25.0,True
2018,17,3,0.5,0.1253499700490904,-31.0,False
2018,17,3,0.5,0.1949353194448034,17.0,True
2018,17,3,0.5,0.3461877987284464,35.0,True
2018,17,3,0.5,0.1196776426314717,-19.0,False
2018,17,3,0.5,-0.1194798932558686,-1.0,False
2018,17,3,0.5,-0.0934265007096997,-2.0,False
2018,17,3,0.5,0.0583604518833005,2.0,True
2018,17,3,0.5,-0.1571634264321017,-14.0,False
2018,17,3,0.5,0.2868751815522906,16.0,True
2018,17,3,0.5,0.0378308416718465,-14.0,False
2018,17,3,0.5,0.1658358483679586,3.0,True
2018,17,3,0.5,0.3322400102591112,3.0,True
2018,17,3,0.5,-0.1433624442929788,-24.0,False
2018,17,3,0.5,-0.0974917598386495,-16.0,False
2018,17,3,0.7,-0.1616148076510464,25.0,True
2018,17,3,0.7,0.1245163742823934,-31.0,False
2018,17,3,0.7,0.1923282046933919,17.0,True
2018,17,3,0.7,0.3447384899200379,35.0,True
2018,17,3,0.7,0.1195002103476995,-19.0,False
2018,17,3,0.7,-0.1235068784374605,-1.0,False
2018,17,3,0.7,-0.0854855321455907,-2.0,False
2018,17,3,0.7,0.05381736062408,2.0,True
2018,17,3,0.7,-0.1518567375927846,-14.0,False
2018,17,3,0.7,0.2873541040810742,16.0,True
2018,17,3,0.7,0.047029216225518,-14.0,False
2018,17,3,0.7,0.1542723483737741,3.0,True
2018,17,3,0.7,0.3329674998687094,3.0,True
2018,17,3,0.7,-0.1477500162210072,-24.0,False
2018,17,3,0.7,-0.1030833480385567,-16.0,False
2019,4,3,0.3,0.111640490881101,-7.0,False
2019,4,3,0.3,0.0850022707908469,-14.0,False
2019,4,3,0.3,0.0934464245841446,-15.0,False
2019,4,3,0.3,-0.4808322788186321,-6.0,False
2019,4,3,0.3,-0.2540496913342436,-4.0,False
2019,4,3,0.3,-0.0985904265809453,-6.0,False
2019,4,3,0.3,-0.4429639779993089,-20.0,False
2019,4,3,0.3,0.238223436755209,21.0,True
2019,4,3,0.3,-0.2356818327526877,-17.0,False
2019,4,3,0.3,0.1607488258314302,-15.0,False
2019,4,3,0.3,-0.2158009357021209,10.0,True
2019,4,3,0.3,-0.1450207122062662,-2.0,False
2019,4,3,0.3,-0.2108552141631677,2.0,True
2019,4,3,0.3,0.0638655491483203,24.0,True
2019,4,3,0.5,0.1052990005562414,-7.0,False
2019,4,3,0.5,0.0804866045798999,-14.0,False
2019,4,3,0.5,0.0570106817063367,-15.0,False
2019,4,3,0.5,-0.3411647789284911,-6.0,False
2019,4,3,0.5,-0.3250383920545253,-4.0,False
2019,4,3,0.5,-0.1277366765102083,-6.0,False
2019,4,3,0.5,-0.3405283338376563,-20.0,False
2019,4,3,0.5,0.1971921925248703,21.0,True
2019,4,3,0.5,-0.1763488103127919,-17.0,False
2019,4,3,0.5,0.1333563678771481,-15.0,False
2019,4,3,0.5,-0.2550144378543289,10.0,True
2019,4,3,0.5,-0.0216879537513505,-2.0,False
2019,4,3,0.5,-0.1310087796923345,2.0,True
2019,4,3,0.5,0.1013078921113001,24.0,True
2019,4,3,0.7,0.1024482388505706,-7.0,False
2019,4,3,0.7,0.0784566261914925,-14.0,False
2019,4,3,0.7,0.0406313110548452,-15.0,False
2019,4,3,0.7,-0.2783784716384277,-6.0,False
2019,4,3,0.7,-0.3569507437544684,-4.0,False
2019,4,3,0.7,-0.1408391191389594,-6.0,False
2019,4,3,0.7,-0.2944792827925096,-20.0,False
2019,4,3,0.7,0.1787469542928833,21.0,True
2019,4,3,0.7,-0.1496761671976094,-17.0,False
2019,4,3,0.7,0.1210423271454065,-15.0,False
2019,4,3,0.7,-0.2726425259777985,10.0,True
2019,4,3,0.7,0.0337552128935199,-2.0,False
2019,4,3,0.7,-0.0951145109852627,2.0,True
2019,4,3,0.7,0.1181397710579607,24.0,True
2019,5,3,0.3,-0.074829283910753,1.0,True
2019,5,3,0.3,0.0213228875169187,7.0,True
2019,5,3,0.3,0.1274628871919911,-3.0,False
2019,5,3,0.3,0.0933604059772537,21.0,True
2019,5,3,0.3,-0.0739148308373333,7.0,True
2019,5,3,0.3,-0.0158326372967733,-18.0,False
2019,5,3,0.3,0.2437536429218498,25.0,True
2019,5,3,0.3,-0.0300319983391914,-3.0,False
2019,5,3,0.3,0.0075169195249353,-7.0,False
2019,5,3,0.3,-0.6520101774273819,-26.0,False
2019,5,3,0.3,0.0071568931530857,-7.0,False
2019,5,3,0.3,0.1844684641389077,-10.0,False
2019,5,3,0.3,0.3000316376168492,-6.0,False
2019,5,3,0.3,0.1285718440616677,28.0,True
2019,5,3,0.5,-0.0824542047976562,1.0,True
2019,5,3,0.5,0.0546122539878533,7.0,True
2019,5,3,0.5,0.141371890985417,-3.0,False
2019,5,3,0.5,0.0378171178127495,21.0,True
2019,5,3,0.5,-0.0535252355653734,7.0,True
2019,5,3,0.5,0.0165493756412288,-18.0,False
2019,5,3,0.5,0.1603205851466388,25.0,True
2019,5,3,0.5,-0.0026254404736031,-3.0,False
2019,5,3,0.5,-0.0087637817723964,-7.0,False
2019,5,3,0.5,-0.4085073050112287,-26.0,False
2019,5,3,0.5,-0.0408946662491248,-7.0,False
2019,5,3,0.5,0.1527928648967197,-10.0,False
2019,5,3,0.5,0.2972946515518601,-6.0,False
2019,5,3,0.5,0.0625844451060902,28.0,True
2019,5,3,0.7,-0.0858819215266312,1.0,True
2019,5,3,0.7,0.0695771985481817,7.0,True
2019,5,3,0.7,0.1476245624154892,-3.0,False
2019,5,3,0.7,0.0128481167112751,21.0,True
2019,5,3,0.7,-0.0443592707183454,7.0,True
2019,5,3,0.7,0.0311064273289545,-18.0,False
2019,5,3,0.7,0.122813981192645,25.0,True
2019,5,3,0.7,0.0096949387503769,-3.0,False
2019,5,3,0.7,-0.0160826291445915,-7.0,False
2019,5,3,0.7,-0.2990427109892882,-26.0,False
2019,5,3,0.7,-0.0624958259803938,-7.0,False
2019,5,3,0.7,0.1385533753291307,-10.0,False
2019,5,3,0.7,0.2960642633208099,-6.0,False
2019,5,3,0.7,0.0329203850251426,28.0,True
2019,6,3,0.3,0.3231012254720332,21.0,True
2019,6,3,0.3,-0.0176214568970955,-11.0,False
2019,6,3,0.3,0.1179999221993568,6.0,True
2019,6,3,0.3,-0.0643647804999746,-4.0,False
2019,6,3,0.3,-0.0669433412095111,-7.0,False
2019,6,3,0.3,0.1387453027589655,-7.0,False
2019,6,3,0.3,-0.1167694188073301,-1.0,False
2019,6,3,0.3,0.0043609468068775,18.0,True
2019,6,3,0.3,-0.0775115112437187,1.0,True
2019,6,3,0.3,-0.2296040567568241,-13.0,False
2019,6,3,0.3,0.0805854613801102,16.0,True
2019,6,3,0.3,-0.4790061039118646,2.0,True
2019,6,3,0.3,-0.1225172961267105,-7.0,False
2019,6,3,0.3,-0.0576048347613543,1.0,True
2019,6,3,0.5,0.1347061759479739,21.0,True
2019,6,3,0.5,-0.0258153069058854,-11.0,False
2019,6,3,0.5,0.0664476222789612,6.0,True
2019,6,3,0.5,-0.0233671471188245,-4.0,False
2019,6,3,0.5,-0.0576472254583853,-7.0,False
2019,6,3,0.5,0.1863880799851606,-7.0,False
2019,6,3,0.5,-0.0994560489770023,-1.0,False
2019,6,3,0.5,0.0074913456165731,18.0,True
2019,6,3,0.5,-0.0840728036149252,1.0,True
2019,6,3,0.5,-0.1380271916384172,-13.0,False
2019,6,3,0.5,0.1220915112546231,16.0,True
2019,6,3,0.5,-0.3858176252076735,2.0,True
2019,6,3,0.5,-0.1128636064441692,-7.0,False
2019,6,3,0.5,-0.0289482060988481,1.0,True
2019,6,3,0.7,0.0500148234096353,21.0,True
2019,6,3,0.7,-0.0294987807630478,-11.0,False
2019,6,3,0.7,0.0432727351587833,6.0,True
2019,6,3,0.7,-0.0049370183511516,-4.0,False
2019,6,3,0.7,-0.0534682376436589,-7.0,False
2019,6,3,0.7,0.2078054752519821,-7.0,False
2019,6,3,0.7,-0.091672974466121,-1.0,False
2019,6,3,0.7,0.0088985891181792,18.0,True
2019,6,3,0.7,-0.0870223754148254,1.0,True
2019,6,3,0.7,-0.096859610071427,-13.0,False
2019,6,3,0.7,0.1407501942257344,16.0,True
2019,6,3,0.7,-0.3439255567993674,2.0,True
2019,6,3,0.7,-0.1085238743850452,-7.0,False
2019,6,3,0.7,-0.0160658684432259,1.0,True
2019,7,3,0.3,-0.1125857361906668,-24.0,False
2019,7,3,0.3,-0.0901512980259563,-27.0,False
2019,7,3,0.3,0.5224468601109086,10.0,True
2019,7,3,0.3,-0.201940723501667,-10.0,False
2019,7,3,0.3,0.0287275541406313,-12.0,False
2019,7,3,0.3,-0.1089420701072133,7.0,True
2019,7,3,0.3,0.0707836064020213,-6.0,False
2019,7,3,0.3,-0.4039053388515484,-9.0,False
2019,7,3,0.3,-0.0635968663668923,3.0,True
2019,7,3,0.3,-0.0639545015060734,-11.0,False
2019,7,3,0.3,0.0557664861775765,-14.0,False
2019,7,3,0.3,0.0635582669633309,27.0,True
2019,7,3,0.3,-0.4440352272995352,-33.0,False
2019,7,3,0.5,-0.1490987345315955,-24.0,False
2019,7,3,0.5,-0.0623167976416703,-27.0,False
2019,7,3,0.5,0.4166629491105253,10.0,True
2019,7,3,0.5,-0.1693240176357931,-10.0,False
2019,7,3,0.5,0.0437066378349656,-12.0,False
2019,7,3,0.5,-0.0814269092308729,7.0,True
2019,7,3,0.5,0.0887448709188586,-6.0,False
2019,7,3,0.5,-0.2727500761764566,-9.0,False
2019,7,3,0.5,-0.0977280402180039,3.0,True
2019,7,3,0.5,-0.0803324979871018,-11.0,False
2019,7,3,0.5,0.0577758743721995,-14.0,False
2019,7,3,0.5,0.0690563503481345,27.0,True
2019,7,3,0.5,-0.2546644631166159,-33.0,False
2019,7,3,0.7,-0.1655128347032057,-24.0,False
2019,7,3,0.7,-0.0498040405881839,-27.0,False
2019,7,3,0.7,0.3691087138901694,10.0,True
2019,7,3,0.7,-0.1546614617878314,-10.0,False
2019,7,3,0.7,0.0504403543581068,-12.0,False
2019,7,3,0.7,-0.0690577084699492,7.0,True
2019,7,3,0.7,0.0968192008392716,-6.0,False
2019,7,3,0.7,-0.2137903709371952,-9.0,False
2019,7,3,0.7,-0.1130714119492376,3.0,True
2019,7,3,0.7,-0.087695083561142,-11.0,False
2019,7,3,0.7,0.0586791773220759,-14.0,False
2019,7,3,0.7,0.0715279658146974,27.0,True
2019,7,3,0.7,-0.1695344865573217,-33.0,False
2019,8,3,0.3,0.2558848836514714,10.0,True
2019,8,3,0.3,-0.1570606450228256,-7.0,False
2019,8,3,0.3,0.0265466746614687,-18.0,False
2019,8,3,0.3,0.0776936877900008,-1.0,False
2019,8,3,0.3,0.2984902817588502,5.0,True
2019,8,3,0.3,-0.073176221298944,2.0,True
2019,8,3,0.3,0.3030435371100918,14.0,True
2019,8,3,0.3,0.2575390888750531,14.0,True
2019,8,3,0.3,0.3346152581070513,22.0,True
2019,8,3,0.3,-0.0874048280053298,4.0,True
2019,8,3,0.3,0.0637108272672486,38.0,True
2019,8,3,0.3,0.3238426206675899,14.0,True
2019,8,3,0.3,0.0115649004256763,-7.0,False
2019,8,3,0.3,0.5045308451492547,13.0,True
2019,8,3,0.5,0.2005004389716991,10.0,True
2019,8,3,0.5,-0.1300284582031103,-7.0,False
2019,8,3,0.5,0.002099120144271,-18.0,False
2019,8,3,0.5,0.0356886278439714,-1.0,False
2019,8,3,0.5,0.2698327452457789,5.0,True
2019,8,3,0.5,-0.0410755786829193,2.0,True
2019,8,3,0.5,0.2361630647191068,14.0,True
2019,8,3,0.5,0.1882193521148978,14.0,True
2019,8,3,0.5,0.298415020626302,22.0,True
2019,8,3,0.5,-0.1153052389681476,4.0,True
2019,8,3,0.5,0.0047722642724211,38.0,True
2019,8,3,0.5,0.16108794893337,14.0,True
2019,8,3,0.5,0.0439046038786609,-7.0,False
2019,8,3,0.5,0.3904348889553923,13.0,True
2019,8,3,0.7,0.1756028445743701,10.0,True
2019,8,3,0.7,-0.1178763742199355,-7.0,False
2019,8,3,0.7,-0.0088910649139186,-18.0,False
2019,8,3,0.7,0.0168056192443802,-1.0,False
2019,8,3,0.7,0.2569499994738478,5.0,True
2019,8,3,0.7,-0.0266450145711284,2.0,True
2019,8,3,0.7,0.2060975312589393,14.0,True
2019,8,3,0.7,0.1570572686172133,14.0,True
2019,8,3,0.7,0.2821415193734881,22.0,True
2019,8,3,0.7,-0.127847625547763,4.0,True
2019,8,3,0.7,-0.0217230530371801,38.0,True
2019,8,3,0.7,0.0879230047592712,14.0,True
2019,8,3,0.7,0.0584426357061493,-7.0,False
2019,8,3,0.7,0.3391440462627385,13.0,True
2019,9,3,0.3,-0.330276961983699,-3.0,False
2019,9,3,0.3,0.0070753237728192,-23.0,False
2019,9,3,0.3,0.1723439335382224,15.0,True
2019,9,3,0.3,0.0885739364668856,10.0,True
2019,9,3,0.3,0.0129309595373301,3.0,True
2019,9,3,0.3,-0.0887227662214484,8.0,True
2019,9,3,0.3,0.0627249786453051,8.0,True
2019,9,3,0.3,0.1349867815593578,2.0,True
2019,9,3,0.3,0.0896635342073784,6.0,True
2019,9,3,0.3,0.0306806925775226,5.0,True
2019,9,3,0.3,-0.1993557436493908,15.0,True
2019,9,3,0.3,-0.1908936897102244,17.0,True
2019,9,3,0.3,-0.2797167770669353,-19.0,False
2019,9,3,0.5,-0.2349602759340477,-3.0,False
2019,9,3,0.5,-0.0020491445982224,-23.0,False
2019,9,3,0.5,0.1042988730340008,15.0,True
2019,9,3,0.5,0.1045767233856546,10.0,True
2019,9,3,0.5,0.0530157373823678,3.0,True
2019,9,3,0.5,-0.057153979119311,8.0,True
2019,9,3,0.5,0.0926177687138998,8.0,True
2019,9,3,0.5,0.094547765917075,2.0,True
2019,9,3,0.5,0.0870365425671041,6.0,True
2019,9,3,0.5,-0.0330223219663585,5.0,True
2019,9,3,0.5,-0.1673796480137155,15.0,True
2019,9,3,0.5,-0.0647149724876673,17.0,True
2019,9,3,0.5,-0.2335088833108077,-19.0,False
2019,9,3,0.7,-0.1921114904621861,-3.0,False
2019,9,3,0.7,-0.006150969829241,-23.0,False
2019,9,3,0.7,0.0737098091376076,15.0,True
2019,9,3,0.7,0.1117706367711563,10.0,True
2019,9,3,0.7,0.0710354998998618,3.0,True
2019,9,3,0.7,-0.0429625060183503,8.0,True
2019,9,3,0.7,0.1060558119557452,8.0,True
2019,9,3,0.7,0.0763687588852232,2.0,True
2019,9,3,0.7,0.0858556013710175,6.0,True
2019,9,3,0.7,-0.0616594569448004,5.0,True
2019,9,3,0.7,-0.1530050729114395,15.0,True
2019,9,3,0.7,-0.0079924298830316,17.0,True
2019,9,3,0.7,-0.2127365274020898,-19.0,False
2019,10,3,0.3,-0.175099077481082,7.0,True
2019,10,3,0.3,-0.3559965839117669,-36.0,False
2019,10,3,0.3,-0.0611119630329363,3.0,True
2019,10,3,0.3,0.287537098975931,-17.0,False
2019,10,3,0.3,-0.1269313104366387,7.0,True
2019,10,3,0.3,0.0933947123113237,3.0,True
2019,10,3,0.3,-0.2349534147120445,3.0,True
2019,10,3,0.3,0.2900740689851405,-4.0,False
2019,10,3,0.3,0.0457564134339831,8.0,True
2019,10,3,0.3,-0.0431279116242669,5.0,True
2019,10,3,0.3,0.0772523698132198,-4.0,False
2019,10,3,0.3,0.1004426106140547,-3.0,False
2019,10,3,0.5,-0.1956390678133262,7.0,True
2019,10,3,0.5,-0.2860399782272474,-36.0,False
2019,10,3,0.5,0.0200839258764805,3.0,True
2019,10,3,0.5,0.2203898905756315,-17.0,False
2019,10,3,0.5,-0.1202088382990893,7.0,True
2019,10,3,0.5,0.0685201337555962,3.0,True
2019,10,3,0.5,-0.2445333347572264,3.0,True
2019,10,3,0.5,0.2216531714581822,-4.0,False
2019,10,3,0.5,0.0486066449070018,8.0,True
2019,10,3,0.5,-0.0591370906024156,5.0,True
2019,10,3,0.5,0.0778283892529455,-4.0,False
2019,10,3,0.5,0.0313686902220449,-3.0,False
2019,10,3,0.7,-0.2048726414489222,7.0,True
2019,10,3,0.7,-0.2545915958553075,-36.0,False
2019,10,3,0.7,0.0565848300651174,3.0,True
2019,10,3,0.7,0.19020444826724,-17.0,False
2019,10,3,0.7,-0.1171868095400075,7.0,True
2019,10,3,0.7,0.0573379837626546,3.0,True
2019,10,3,0.7,-0.2488399043188219,3.0,True
2019,10,3,0.7,0.1908951533038616,-4.0,False
2019,10,3,0.7,0.0498879416242303,8.0,True
2019,10,3,0.7,-0.0663338774825008,5.0,True
2019,10,3,0.7,0.0780873337717212,-4.0,False
2019,10,3,0.7,0.000317111330224,-3.0,False
2019,11,3,0.3,-0.0448781708251662,14.0,True
2019,11,3,0.3,0.069574147890626,34.0,True
2019,11,3,0.3,0.1158053654163115,-26.0,False
2019,11,3,0.3,-0.1345321126602611,-8.0,False
2019,11,3,0.3,-0.0704452394914126,20.0,True
2019,11,3,0.3,-0.2751619572752068,-17.0,False
2019,11,3,0.3,0.085851277051941,4.0,True
2019,11,3,0.3,-0.2136133776209222,-17.0,False
2019,11,3,0.3,0.1094491931147426,-17.0,False
2019,11,3,0.3,0.2336270355509832,10.0,True
2019,11,3,0.3,-0.1643273578919679,-7.0,False
2019,11,3,0.3,0.0951378174026338,10.0,True
2019,11,3,0.3,-0.24089280479422,-7.0,False
2019,11,3,0.5,0.0367026327921074,14.0,True
2019,11,3,0.5,0.0622858790500042,34.0,True
2019,11,3,0.5,0.0774465146384489,-26.0,False
2019,11,3,0.5,-0.1033420693655361,-8.0,False
2019,11,3,0.5,-0.079453660351859,20.0,True
2019,11,3,0.5,-0.1861646538634592,-17.0,False
2019,11,3,0.5,0.0843774715842007,4.0,True
2019,11,3,0.5,-0.1932095933614084,-17.0,False
2019,11,3,0.5,0.1229535149584188,-17.0,False
2019,11,3,0.5,0.1562578667968537,10.0,True
2019,11,3,0.5,-0.092710017004653,-7.0,False
2019,11,3,0.5,0.0931277950160087,10.0,True
2019,11,3,0.5,-0.2269690677584085,-7.0,False
2019,11,3,0.7,0.0733765720329001,14.0,True
2019,11,3,0.7,0.0590095013143118,34.0,True
2019,11,3,0.7,0.0602026275915199,-26.0,False
2019,11,3,0.7,-0.0893208572422193,-8.0,False
2019,11,3,0.7,-0.0835033174359128,20.0,True
2019,11,3,0.7,-0.1461566917792791,-17.0,False
2019,11,3,0.7,0.0837149351812717,4.0,True
2019,11,3,0.7,-0.1840372499786912,-17.0,False
2019,11,3,0.7,0.1290242651450256,-17.0,False
2019,11,3,0.7,0.1214772313018781,10.0,True
2019,11,3,0.7,-0.0605150655965941,-7.0,False
2019,11,3,0.7,0.0922242069706451,10.0,True
2019,11,3,0.7,-0.2207097731276309,-7.0,False
2019,12,3,0.3,0.1022718854097435,3.0,True
2019,12,3,0.3,0.0286114835535764,-13.0,False
2019,12,3,0.3,0.0253620112769566,17.0,True
2019,12,3,0.3,0.104290186313312,5.0,True
2019,12,3,0.3,-0.217156195811292,-6.0,False
2019,12,3,0.3,0.2959679491626444,17.0,True
2019,12,3,0.3,0.2051401945972151,3.0,True
2019,12,3,0.3,-0.0413185408572819,-8.0,False
2019,12,3,0.3,-0.2413891542273361,3.0,True
2019,12,3,0.3,-0.0290012805728818,22.0,True
2019,12,3,0.3,-0.0235388546898629,4.0,True
2019,12,3,0.3,0.0261553088929201,29.0,True
2019,12,3,0.3,-0.1680473898170055,-39.0,False
2019,12,3,0.5,0.1271892482613238,3.0,True
2019,12,3,0.5,0.0496247413744782,-13.0,False
2019,12,3,0.5,-0.0163200970516666,17.0,True
2019,12,3,0.5,0.0553577505876672,5.0,True
2019,12,3,0.5,-0.1093891094183135,-6.0,False
2019,12,3,0.5,0.2598853990328556,17.0,True
2019,12,3,0.5,0.1808723566702617,3.0,True
2019,12,3,0.5,-0.0512521018919533,-8.0,False
2019,12,3,0.5,-0.2265001462076564,3.0,True
2019,12,3,0.5,-0.0225856731373262,22.0,True
2019,12,3,0.5,-0.0829777653059327,4.0,True
2019,12,3,0.5,-0.0263157871489517,29.0,True
2019,12,3,0.5,-0.1805625805162575,-39.0,False
2019,12,3,0.7,0.1383906315615756,3.0,True
2019,12,3,0.7,0.0590710682847918,-13.0,False
2019,12,3,0.7,-0.0350579255663688,17.0,True
2019,12,3,0.7,0.033360600582561,5.0,True
2019,12,3,0.7,-0.0609433549847728,-6.0,False
2019,12,3,0.7,0.2436648031029505,17.0,True
2019,12,3,0.7,0.169962961638879,3.0,True
2019,12,3,0.7,-0.0557176476781818,-8.0,False
2019,12,3,0.7,-0.219806922418993,3.0,True
2019,12,3,0.7,-0.0197015927305168,22.0,True
2019,12,3,0.7,-0.1096980095278356,4.0,True
2019,12,3,0.7,-0.049903711057683,29.0,True
2019,12,3,0.7,-0.1861886754177561,-39.0,False
2019,13,3,0.3,0.1039594918135379,-4.0,False
2019,13,3,0.3,0.1217264672466138,-11.0,False
2019,13,3,0.3,-0.2744228811846239,-8.0,False
2019,13,3,0.3,0.1203388711433988,3.0,True
2019,13,3,0.3,0.1792812114031388,-8.0,False
2019,13,3,0.3,-0.0864303033284636,16.0,True
2019,13,3,0.3,-0.0387713595357267,-14.0,False
2019,13,3,0.3,0.0187853595681563,-17.0,False
2019,13,3,0.3,-0.3446362714110807,6.0,True
2019,13,3,0.3,-0.218741237606449,-18.0,False
2019,13,3,0.3,-0.0780543742448028,7.0,True
2019,13,3,0.3,-0.0780197745624692,-27.0,False
2019,13,3,0.3,0.0882392596378345,3.0,True
2019,13,3,0.3,-0.0919136772987541,6.0,True
2019,13,3,0.3,-0.0167003780300417,7.0,True
2019,13,3,0.5,0.1443323570473291,-4.0,False
2019,13,3,0.5,0.1619505881281156,-11.0,False
2019,13,3,0.5,-0.2259323393088793,-8.0,False
2019,13,3,0.5,0.1670013229505965,3.0,True
2019,13,3,0.5,0.1664866874137402,-8.0,False
2019,13,3,0.5,-0.0371537870975498,16.0,True
2019,13,3,0.5,-0.0569491824371671,-14.0,False
2019,13,3,0.5,0.0287836529367583,-17.0,False
2019,13,3,0.5,-0.2735948876730885,6.0,True
2019,13,3,0.5,-0.1852817969382389,-18.0,False
2019,13,3,0.5,-0.1372414670507325,7.0,True
2019,13,3,0.5,-0.0423764513358237,-27.0,False
2019,13,3,0.5,0.0685084261538524,3.0,True
2019,13,3,0.5,-0.0165373633069839,6.0,True
2019,13,3,0.5,-0.0051885134557574,7.0,True
2019,13,3,0.7,0.1624816267395838,-4.0,False
2019,13,3,0.7,0.1800329910931946,-11.0,False
2019,13,3,0.7,-0.2041338388326271,-8.0,False
2019,13,3,0.7,0.1879780214694286,3.0,True
2019,13,3,0.7,0.1607350206662122,-8.0,False
2019,13,3,0.7,-0.0150019587001666,16.0,True
2019,13,3,0.7,-0.0651208642919431,-14.0,False
2019,13,3,0.7,0.0332782985795243,-17.0,False
2019,13,3,0.7,-0.2416588527816975,6.0,True
2019,13,3,0.7,-0.1702403970048235,-18.0,False
2019,13,3,0.7,-0.1638485087708294,7.0,True
2019,13,3,0.7,-0.0263533060321023,-27.0,False
2019,13,3,0.7,0.0596386019271081,3.0,True
2019,13,3,0.7,0.0173474016984906,6.0,True
2019,13,3,0.7,-1.3455069152581989e-05,7.0,True
2019,14,3,0.3,-0.2237810156013744,7.0,True
2019,14,3,0.3,-0.0678020605358806,20.0,True
2019,14,3,0.3,-0.1452564060864785,-7.0,False
2019,14,3,0.3,0.2021420009121862,8.0,True
2019,14,3,0.3,0.2560287329819188,5.0,True
2019,14,3,0.3,0.1347294152876727,-14.0,False
2019,14,3,0.3,0.0919540287987981,13.0,True
2019,14,3,0.3,0.0573981902714691,-2.0,False
2019,14,3,0.3,0.1013673689618712,1.0,True
2019,14,3,0.3,0.0185806036326517,3.0,True
2019,14,3,0.3,0.0312785757525406,-35.0,False
2019,14,3,0.3,-0.0500082297462533,-6.0,False
2019,14,3,0.3,-0.0937279282453638,-7.0,False
2019,14,3,0.3,-0.0402633873876022,16.0,True
2019,14,3,0.3,0.2037330482694401,6.0,True
2019,14,3,0.5,-0.2516606697852894,7.0,True
2019,14,3,0.5,-0.0438642808937667,20.0,True
2019,14,3,0.5,-0.1918044510371742,-7.0,False
2019,14,3,0.5,0.165731246443388,8.0,True
2019,14,3,0.5,0.2318164568563228,5.0,True
2019,14,3,0.5,0.1404713981594163,-14.0,False
2019,14,3,0.5,0.0624623773370757,13.0,True
2019,14,3,0.5,0.0785159338716688,-2.0,False
2019,14,3,0.5,0.0503532357253533,1.0,True
2019,14,3,0.5,0.0208788759683343,3.0,True
2019,14,3,0.5,0.0215651779405591,-35.0,False
2019,14,3,0.5,0.027254862164961,-6.0,False
2019,14,3,0.5,-0.1436610461007568,-7.0,False
2019,14,3,0.5,-0.0527904808321705,16.0,True
2019,14,3,0.5,0.1689087212547038,6.0,True
2019,14,3,0.7,-0.2641937253358566,7.0,True
2019,14,3,0.7,-0.0331032606876788,20.0,True
2019,14,3,0.7,-0.2127297189507898,-7.0,False
2019,14,3,0.7,0.1493631091133778,8.0,True
2019,14,3,0.7,0.2209320391484861,5.0,True
2019,14,3,0.7,0.1430526565146038,-14.0,False
2019,14,3,0.7,0.0492046624597876,13.0,True
2019,14,3,0.7,0.0880092314534099,-2.0,False
2019,14,3,0.7,0.0274202767474692,1.0,True
2019,14,3,0.7,0.0219120442660266,3.0,True
2019,14,3,0.7,0.0171986046122371,-35.0,False
2019,14,3,0.7,0.0619878117397271,-6.0,False
2019,14,3,0.7,-0.16610804403575,-7.0,False
2019,14,3,0.7,-0.0584219265090865,16.0,True
2019,14,3,0.7,0.1532537485600058,6.0,True
2019,15,3,0.3,0.4125424950698224,21.0,True
2019,15,3,0.3,-0.1765209231421583,-6.0,False
2019,15,3,0.3,-0.2546631427262519,-21.0,False
2019,15,3,0.3,-0.0082826832185083,-21.0,False
2019,15,3,0.3,0.0849695951151204,8.0,True
2019,15,3,0.3,0.2051980702741389,20.0,True
2019,15,3,0.3,0.070307157128703,16.0,True
2019,15,3,0.3,-0.0123608930637314,-3.0,False
2019,15,3,0.3,-0.2174709822450883,-10.0,False
2019,15,3,0.3,-0.0925450319895537,14.0,True
2019,15,3,0.3,-0.1494574052470622,-29.0,False
2019,15,3,0.3,0.089259715384376,23.0,True
2019,15,3,0.3,0.2144959475281319,-7.0,False
2019,15,3,0.3,-0.0899425250762076,-7.0,False
2019,15,3,0.3,0.2397189697288377,27.0,True
2019,15,3,0.5,0.3988328052015806,21.0,True
2019,15,3,0.5,-0.1673876636295148,-6.0,False
2019,15,3,0.5,-0.1590798026159952,-21.0,False
2019,15,3,0.5,0.0344426223281469,-21.0,False
2019,15,3,0.5,0.0953935884022614,8.0,True
2019,15,3,0.5,0.2059688944391024,20.0,True
2019,15,3,0.5,0.0393739108643761,16.0,True
2019,15,3,0.5,-0.0257913567846112,-3.0,False
2019,15,3,0.5,-0.2047436482605577,-10.0,False
2019,15,3,0.5,-0.0719701398962166,14.0,True
2019,15,3,0.5,-0.1191821143083307,-29.0,False
2019,15,3,0.5,0.1122855446253492,23.0,True
2019,15,3,0.5,0.1477780725005947,-7.0,False
2019,15,3,0.5,-0.0862833788389434,-7.0,False
2019,15,3,0.5,0.2287242784946877,27.0,True
2019,15,3,0.7,0.3926697336094351,21.0,True
2019,15,3,0.7,-0.163281886417409,-6.0,False
2019,15,3,0.7,-0.1161111451352376,-21.0,False
2019,15,3,0.7,0.0536494110601296,-21.0,False
2019,15,3,0.7,0.1000796037331781,8.0,True
2019,15,3,0.7,0.2063154117242693,20.0,True
2019,15,3,0.7,0.0254681396079357,16.0,True
2019,15,3,0.7,-0.0318289046958324,-3.0,False
2019,15,3,0.7,-0.1990221861941173,-10.0,False
2019,15,3,0.7,-0.0627208764781109,14.0,True
2019,15,3,0.7,-0.1055721211340386,-29.0,False
2019,15,3,0.7,0.1226366054767958,23.0,True
2019,15,3,0.7,0.117785633268032,-7.0,False
2019,15,3,0.7,-0.0846384415396228,-7.0,False
2019,15,3,0.7,0.2237817108756661,27.0,True
2019,16,3,0.3,-0.0757495795375256,-3.0,False
2019,16,3,0.3,0.0087404241204671,7.0,True
2019,16,3,0.3,0.0728511372659338,3.0,True
2019,16,3,0.3,0.0501413490679669,12.0,True
2019,16,3,0.3,-0.2828230554272503,-16.0,False
2019,16,3,0.3,0.036936485545286,32.0,True
2019,16,3,0.3,-0.0739540398397172,3.0,True
2019,16,3,0.3,-0.0738018777327322,6.0,True
2019,16,3,0.3,-0.1818005447369156,-10.0,False
2019,16,3,0.3,-0.0104760435373013,-6.0,False
2019,16,3,0.3,0.024445547274449,10.0,True
2019,16,3,0.3,-0.1823873904597937,8.0,True
2019,16,3,0.3,0.1541537311443011,-14.0,False
2019,16,3,0.3,-0.2592645584212934,-23.0,False
2019,16,3,0.3,-0.0253199953244345,-13.0,False
2019,16,3,0.5,-0.1079568817112334,-3.0,False
2019,16,3,0.5,0.0165652613554984,7.0,True
2019,16,3,0.5,0.0470652696402835,3.0,True
2019,16,3,0.5,0.0615458262253256,12.0,True
2019,16,3,0.5,-0.2516450616732831,-16.0,False
2019,16,3,0.5,0.0173768162956537,32.0,True
2019,16,3,0.5,-0.0702070830408608,3.0,True
2019,16,3,0.5,-0.0295300620877743,6.0,True
2019,16,3,0.5,-0.1593401856707594,-10.0,False
2019,16,3,0.5,-0.0173569294804389,-6.0,False
2019,16,3,0.5,-0.0001247385253767,10.0,True
2019,16,3,0.5,-0.186465932302681,8.0,True
2019,16,3,0.5,0.1200082389420746,-14.0,False
2019,16,3,0.5,-0.2785898705197234,-23.0,False
2019,16,3,0.5,-0.0150052954100824,-13.0,False
2019,16,3,0.7,-0.1224353936975791,-3.0,False
2019,16,3,0.7,0.020082848736384,7.0,True
2019,16,3,0.7,0.0354734575883857,3.0,True
2019,16,3,0.7,0.0666726095345969,12.0,True
2019,16,3,0.7,-0.2376292663159952,-16.0,False
2019,16,3,0.7,0.0085839374586631,32.0,True
2019,16,3,0.7,-0.0685226712688978,3.0,True
2019,16,3,0.7,-0.0096280532198575,6.0,True
2019,16,3,0.7,-0.1492433270079918,-10.0,False
2019,16,3,0.7,-0.0204501717851523,-6.0,False
2019,16,3,0.7,-0.0111700963619956,10.0,True
2019,16,3,0.7,-0.1882994052412268,8.0,True
2019,16,3,0.7,0.1046584305208902,-14.0,False
2019,16,3,0.7,-0.2872773961419533,-23.0,False
2019,16,3,0.7,-0.0103684119623462,-13.0,False
2019,17,3,0.3,0.171117650545963,-7.0,False
2019,17,3,0.3,-0.3278961162281404,-32.0,False
2019,17,3,0.3,-0.1450963423678318,10.0,True
2019,17,3,0.3,-0.1732561123813231,-3.0,False
2019,17,3,0.3,0.2835745806759741,10.0,True
2019,17,3,0.3,0.1165421601628076,-2.0,False
2019,17,3,0.3,0.2971486262248166,-3.0,False
2019,17,3,0.3,0.0185555922475084,-6.0,False
2019,17,3,0.3,0.394551286112381,18.0,True
2019,17,3,0.3,0.3304622890240466,31.0,True
2019,17,3,0.3,0.0155959655462645,-21.0,False
2019,17,3,0.3,-0.0906273368270097,18.0,True
2019,17,3,0.3,0.0820524375853605,7.0,True
2019,17,3,0.3,-0.1207056690095939,-17.0,False
2019,17,3,0.3,-0.0407716806445815,-5.0,False
2019,17,3,0.5,0.1226242451752528,-7.0,False
2019,17,3,0.5,-0.2856815203136154,-32.0,False
2019,17,3,0.5,-0.11874946705104,10.0,True
2019,17,3,0.5,-0.1105180925726016,-3.0,False
2019,17,3,0.5,0.2647693217665836,10.0,True
2019,17,3,0.5,0.1201881227084786,-2.0,False
2019,17,3,0.5,0.2149788368698039,-3.0,False
2019,17,3,0.5,-0.0337235939113535,-6.0,False
2019,17,3,0.5,0.4037689118116057,18.0,True
2019,17,3,0.5,0.3243705170118831,31.0,True
2019,17,3,0.5,0.0172486680808694,-21.0,False
2019,17,3,0.5,-0.065101069340586,18.0,True
2019,17,3,0.5,0.0508988419046684,7.0,True
2019,17,3,0.5,-0.1005734570319396,-17.0,False
2019,17,3,0.5,-0.0135801846448243,-5.0,False
2019,17,3,0.7,0.1008244574397959,-7.0,False
2019,17,3,0.7,-0.2667043166456178,-32.0,False
2019,17,3,0.7,-0.1069054588811061,10.0,True
2019,17,3,0.7,-0.082314762566846,-3.0,False
2019,17,3,0.7,0.2563155815229126,10.0,True
2019,17,3,0.7,0.1218271333941472,-2.0,False
2019,17,3,0.7,0.1780401242239726,-3.0,False
2019,17,3,0.7,-0.0572252464047868,-6.0,False
2019,17,3,0.7,0.4079126151075875,18.0,True
2019,17,3,0.7,0.3216320139972408,31.0,True
2019,17,3,0.7,0.017991626101013,-21.0,False
2019,17,3,0.7,-0.0536259582687074,18.0,True
2019,17,3,0.7,0.0368940144885775,7.0,True
2019,17,3,0.7,-0.0915231966016179,-17.0,False
2019,17,3,0.7,-0.0013564846082362,-5.0,False
2020,4,3,0.3,0.023302084895051,-9.0,False
2020,4,3,0.3,0.062997478696805,10.0,True
2020,4,3,0.3,-0.1350186656025784,8.0,True
2020,4,3,0.3,-0.2457322715765383,-11.0,False
2020,4,3,0.3,-0.1115512152034027,-6.0,False
2020,4,3,0.3,0.0439577535441327,-8.0,False
2020,4,3,0.3,-0.2827281687691693,-8.0,False
2020,4,3,0.3,0.0460835710411809,7.0,True
2020,4,3,0.3,-0.2309881601618258,-14.0,False
2020,4,3,0.3,0.2986792450825089,8.0,True
2020,4,3,0.3,-0.0940867765197401,-8.0,False
2020,4,3,0.3,-0.1200365394689871,-7.0,False
2020,4,3,0.3,0.2566904109645264,-5.0,False
2020,4,3,0.3,0.2625729021677425,16.0,True
2020,4,3,0.3,0.2162144425978305,14.0,True
2020,4,3,0.5,0.0589189971350382,-9.0,False
2020,4,3,0.5,0.1263142247631702,10.0,True
2020,4,3,0.5,-0.1241213574693414,8.0,True
2020,4,3,0.5,-0.2285163622559474,-11.0,False
2020,4,3,0.5,-0.1009991096091488,-6.0,False
2020,4,3,0.5,0.0304064969289697,-8.0,False
2020,4,3,0.5,-0.1734195697795131,-8.0,False
2020,4,3,0.5,-0.0118907740918385,7.0,True
2020,4,3,0.5,-0.2619113533753962,-14.0,False
2020,4,3,0.5,0.2745501352039737,8.0,True
2020,4,3,0.5,0.0050455485082964,-8.0,False
2020,4,3,0.5,-0.0470477674560331,-7.0,False
2020,4,3,0.5,0.2615628057331179,-5.0,False
2020,4,3,0.5,0.2602120938325257,16.0,True
2020,4,3,0.5,0.2069471463054648,14.0,True
2020,4,3,0.7,0.074930269609895,-9.0,False
2020,4,3,0.7,0.154777716114105,10.0,True
2020,4,3,0.7,-0.1192225675745836,8.0,True
2020,4,3,0.7,-0.2207771002677919,-11.0,False
2020,4,3,0.7,-0.0962555025071446,-6.0,False
2020,4,3,0.7,0.0243146476249054,-8.0,False
2020,4,3,0.7,-0.1242808417933376,-8.0,False
2020,4,3,0.7,-0.0379526356653977,7.0,True
2020,4,3,0.7,-0.2758126053704874,-14.0,False
2020,4,3,0.7,0.2637031041576598,8.0,True
2020,4,3,0.7,0.049609621227322,-8.0,False
2020,4,3,0.7,-0.0142363011382831,-7.0,False
2020,4,3,0.7,0.2637531483355123,-5.0,False
2020,4,3,0.7,0.2591508130212816,16.0,True
2020,4,3,0.7,0.2027811140272453,14.0,True
2020,5,3,0.3,-0.1798804572089191,1.0,True
2020,5,3,0.3,-0.1609297390672036,-7.0,False
2020,5,3,0.3,0.1819969467917331,24.0,True
2020,5,3,0.3,-0.0898291017421859,16.0,True
2020,5,3,0.3,0.1723115960425854,-8.0,False
2020,5,3,0.3,-0.0795470206069021,-20.0,False
2020,5,3,0.3,0.2723463225584691,9.0,True
2020,5,3,0.3,-0.2809790229848686,-20.0,False
2020,5,3,0.3,0.1891956037897621,-26.0,False
2020,5,3,0.3,0.2164463138514331,9.0,True
2020,5,3,0.3,0.1615177028737873,3.0,True
2020,5,3,0.3,0.1658543311235753,1.0,True
2020,5,3,0.3,0.116012580251792,3.0,True
2020,5,3,0.3,-0.1917431997273272,26.0,True
2020,5,3,0.5,-0.1248134781271539,1.0,True
2020,5,3,0.5,-0.1323147539749464,-7.0,False
2020,5,3,0.5,0.1740055325509013,24.0,True
2020,5,3,0.5,-0.0777570446975691,16.0,True
2020,5,3,0.5,0.0933518685785307,-8.0,False
2020,5,3,0.5,-0.0237144432877028,-20.0,False
2020,5,3,0.5,0.2094149173739534,9.0,True
2020,5,3,0.5,-0.2625001531055435,-20.0,False
2020,5,3,0.5,0.1173801735462909,-26.0,False
2020,5,3,0.5,0.2841822900184995,9.0,True
2020,5,3,0.5,0.1811896803597937,3.0,True
2020,5,3,0.5,0.1077797016351021,1.0,True
2020,5,3,0.5,0.0979697052788827,3.0,True
2020,5,3,0.5,-0.145838994258713,26.0,True
2020,5,3,0.7,-0.1000585976225071,1.0,True
2020,5,3,0.7,-0.1194511368233812,-7.0,False
2020,5,3,0.7,0.170413061928876,24.0,True
2020,5,3,0.7,-0.0723301566683377,16.0,True
2020,5,3,0.7,0.0578562112781758,-8.0,False
2020,5,3,0.7,0.0013846052319371,-20.0,False
2020,5,3,0.7,0.1811246526579785,9.0,True
2020,5,3,0.7,-0.2541931382056633,-20.0,False
2020,5,3,0.7,0.0850961727946388,-26.0,False
2020,5,3,0.7,0.3146324077449788,9.0,True
2020,5,3,0.7,0.1900330463856131,3.0,True
2020,5,3,0.7,0.0816727581035868,1.0,True
2020,5,3,0.7,0.0898586880892263,3.0,True
2020,5,3,0.7,-0.1252031587728221,26.0,True
2020,6,3,0.3,0.1993288515315916,-7.0,False
2020,6,3,0.3,0.1325996786953496,4.0,True
2020,6,3,0.3,-0.0470439428940612,-18.0,False
2020,6,3,0.3,0.0116269381462506,-17.0,False
2020,6,3,0.3,0.168424744216044,-6.0,False
2020,6,3,0.3,0.095995552465153,1.0,True
2020,6,3,0.3,-0.2686322084208628,-2.0,False
2020,6,3,0.3,-0.1730211626764215,31.0,True
2020,6,3,0.3,0.1461186657304882,6.0,True
2020,6,3,0.3,0.1408338615187656,24.0,True
2020,6,3,0.3,-0.2219095883627372,28.0,True
2020,6,3,0.3,-0.0997882546223434,8.0,True
2020,6,3,0.3,-0.0583205738566171,-9.0,False
2020,6,3,0.3,0.0845316314310824,-28.0,False
2020,6,3,0.5,0.1930969337865622,-7.0,False
2020,6,3,0.5,0.0409260712255802,4.0,True
2020,6,3,0.5,-0.0243777004887245,-18.0,False
2020,6,3,0.5,-0.0116341484303148,-17.0,False
2020,6,3,0.5,0.1446100111320599,-6.0,False
2020,6,3,0.5,0.0969455391354278,1.0,True
2020,6,3,0.5,-0.2401491378665473,-2.0,False
2020,6,3,0.5,-0.2086147411625171,31.0,True
2020,6,3,0.5,0.0937609726499373,6.0,True
2020,6,3,0.5,0.1404343230420885,24.0,True
2020,6,3,0.5,-0.229428157182663,28.0,True
2020,6,3,0.5,-0.0785735536726056,8.0,True
2020,6,3,0.5,-0.0669334923153796,-9.0,False
2020,6,3,0.5,0.1501530265475409,-28.0,False
2020,6,3,0.7,0.1902954294791638,-7.0,False
2020,6,3,0.7,-0.0002850000222976,4.0,True
2020,6,3,0.7,-0.0141882887652245,-18.0,False
2020,6,3,0.7,-0.0220909671665691,-17.0,False
2020,6,3,0.7,0.1339043054337551,-6.0,False
2020,6,3,0.7,0.0973725973633494,1.0,True
2020,6,3,0.7,-0.2273448217458,-2.0,False
2020,6,3,0.7,-0.2246155241516792,31.0,True
2020,6,3,0.7,0.0702240280540934,6.0,True
2020,6,3,0.7,0.1402547140021145,24.0,True
2020,6,3,0.7,-0.2328080642668497,28.0,True
2020,6,3,0.7,-0.0690366697594207,8.0,True
2020,6,3,0.7,-0.0708053547417957,-9.0,False
2020,6,3,0.7,0.1796525527925545,-28.0,False
2020,7,3,0.3,0.0066638722718594,1.0,True
2020,7,3,0.3,-0.0483667875111063,-1.0,False
2020,7,3,0.3,-0.3041783001065896,-3.0,False
2020,7,3,0.3,-0.2383547980373511,-15.0,False
2020,7,3,0.3,0.0927070802184624,3.0,True
2020,7,3,0.3,-0.2798426449957313,-8.0,False
2020,7,3,0.3,-0.0822069052388113,-3.0,False
2020,7,3,0.3,-0.189625793138472,22.0,True
2020,7,3,0.3,-0.0496915445496983,-25.0,False
2020,7,3,0.3,-0.3775560518119265,-27.0,False
2020,7,3,0.3,0.1320213638950863,10.0,True
2020,7,3,0.3,-0.0514635835094267,-27.0,False
2020,7,3,0.3,-0.0788271152376537,3.0,True
2020,7,3,0.3,0.1010080191711069,14.0,True
2020,7,3,0.5,0.0061900305058534,1.0,True
2020,7,3,0.5,-0.04649035599112,-1.0,False
2020,7,3,0.5,-0.2529494169159255,-3.0,False
2020,7,3,0.5,-0.2016789495758313,-15.0,False
2020,7,3,0.5,0.0811973015859696,3.0,True
2020,7,3,0.5,-0.2363919800233963,-8.0,False
2020,7,3,0.5,-0.0463163181713575,-3.0,False
2020,7,3,0.5,-0.2383810310866601,22.0,True
2020,7,3,0.5,0.0277998711063807,-25.0,False
2020,7,3,0.5,-0.3590696497727279,-27.0,False
2020,7,3,0.5,0.1113771865743602,10.0,True
2020,7,3,0.5,-0.0675816690028136,-27.0,False
2020,7,3,0.5,-0.0809056952833987,3.0,True
2020,7,3,0.5,0.1007830717061756,14.0,True
2020,7,3,0.7,0.005977019069759,1.0,True
2020,7,3,0.7,-0.0456468225555299,-1.0,False
2020,7,3,0.7,-0.2299199189678288,-3.0,False
2020,7,3,0.7,-0.1851916415518454,-15.0,False
2020,7,3,0.7,0.0760231809163168,3.0,True
2020,7,3,0.7,-0.2168591122835392,-8.0,False
2020,7,3,0.7,-0.0301820175630526,-3.0,False
2020,7,3,0.7,-0.2602985233752951,22.0,True
2020,7,3,0.7,0.0626354616306731,-25.0,False
2020,7,3,0.7,-0.3507592488560239,-27.0,False
2020,7,3,0.7,0.1020967765861439,10.0,True
2020,7,3,0.7,-0.0748274138576388,-27.0,False
2020,7,3,0.7,-0.0818401028268987,3.0,True
2020,7,3,0.7,0.100681948533867,14.0,True
2020,8,3,0.3,0.0688456124349207,-8.0,False
2020,8,3,0.3,-0.0091644903035444,-4.0,False
2020,8,3,0.3,0.1547243409148128,3.0,True
2020,8,3,0.3,-0.1433769843531589,11.0,True
2020,8,3,0.3,0.1442567648210506,-10.0,False
2020,8,3,0.3,0.0185971581053346,-20.0,False
2020,8,3,0.3,0.4138677359355436,-6.0,False
2020,8,3,0.3,0.4246078650706476,26.0,True
2020,8,3,0.3,-0.0812051494339808,11.0,True
2020,8,3,0.3,-0.2255522811054898,1.0,True
2020,8,3,0.3,-0.237285842802241,-3.0,False
2020,8,3,0.3,0.0571652551488975,10.0,True
2020,8,3,0.3,0.0183398956868137,14.0,True
2020,8,3,0.3,-0.2506989088636387,-2.0,False
2020,8,3,0.5,0.0653008475966687,-8.0,False
2020,8,3,0.5,0.0045500649349035,-4.0,False
2020,8,3,0.5,0.1378180214052584,3.0,True
2020,8,3,0.5,-0.0865933314079822,11.0,True
2020,8,3,0.5,0.1059350325307794,-10.0,False
2020,8,3,0.5,0.0894541341110478,-20.0,False
2020,8,3,0.5,0.3974855358753799,-6.0,False
2020,8,3,0.5,0.3654240749452159,26.0,True
2020,8,3,0.5,-0.049204684733864,11.0,True
2020,8,3,0.5,-0.2263185071227742,1.0,True
2020,8,3,0.5,-0.244597705842354,-3.0,False
2020,8,3,0.5,0.054163115201785,10.0,True
2020,8,3,0.5,-0.0299184229885806,14.0,True
2020,8,3,0.5,-0.1859079883468917,-2.0,False
2020,8,3,0.7,0.0637073294583719,-8.0,False
2020,8,3,0.7,0.0107153237118206,-4.0,False
2020,8,3,0.7,0.1302179328183944,3.0,True
2020,8,3,0.7,-0.0610667351298752,11.0,True
2020,8,3,0.7,0.0887078317764372,-10.0,False
2020,8,3,0.7,0.1213072701136161,-20.0,False
2020,8,3,0.7,0.3901210606189761,-6.0,False
2020,8,3,0.7,0.3388185179163521,26.0,True
2020,8,3,0.7,-0.0348191547310591,11.0,True
2020,8,3,0.7,-0.2266629573507278,1.0,True
2020,8,3,0.7,-0.2478846901447902,-3.0,False
2020,8,3,0.7,0.0528135293540006,10.0,True
2020,8,3,0.7,-0.0516125295490789,14.0,True
2020,8,3,0.7,-0.1567817947200972,-2.0,False
2020,9,3,0.3,-0.2003830064748571,-17.0,False
2020,9,3,0.3,0.1979229466213216,7.0,True
2020,9,3,0.3,-0.046758772495528,10.0,True
2020,9,3,0.3,-0.1166350046648485,-14.0,False
2020,9,3,0.3,-0.0960892333254725,-2.0,False
2020,9,3,0.3,0.1989478829279351,2.0,True
2020,9,3,0.3,-0.0922398364741439,14.0,True
2020,9,3,0.3,0.1588463498895062,7.0,True
2020,9,3,0.3,-0.0592100996202167,-3.0,False
2020,9,3,0.3,-0.01488933388696,-5.0,False
2020,9,3,0.3,0.0532690927000764,-3.0,False
2020,9,3,0.3,-0.2022006565415094,-5.0,False
2020,9,3,0.3,-0.044162010547416,-35.0,False
2020,9,3,0.3,-0.2188825459213961,-3.0,False
2020,9,3,0.5,-0.2209606899207286,-17.0,False
2020,9,3,0.5,0.2121649632461427,7.0,True
2020,9,3,0.5,-0.0468242884809472,10.0,True
2020,9,3,0.5,-0.1599271463841355,-14.0,False
2020,9,3,0.5,-0.0976399534953688,-2.0,False
2020,9,3,0.5,0.1662837470160824,2.0,True
2020,9,3,0.5,-0.1010029437841394,14.0,True
2020,9,3,0.5,0.1507211008911878,7.0,True
2020,9,3,0.5,-0.0936424778265755,-3.0,False
2020,9,3,0.5,-0.0425352243470319,-5.0,False
2020,9,3,0.5,0.0321782502221322,-3.0,False
2020,9,3,0.5,-0.1201713782608214,-5.0,False
2020,9,3,0.5,-0.0837691941640593,-35.0,False
2020,9,3,0.5,-0.1735099909867724,-3.0,False
2020,9,3,0.7,-0.2302112081670378,-17.0,False
2020,9,3,0.7,0.2185673376921632,7.0,True
2020,9,3,0.7,-0.0468537406211816,10.0,True
2020,9,3,0.7,-0.1793887513772095,-14.0,False
2020,9,3,0.7,-0.0983370662322948,-2.0,False
2020,9,3,0.7,0.1515998694043321,2.0,True
2020,9,3,0.7,-0.104942322299642,14.0,True
2020,9,3,0.7,0.1470684660203842,7.0,True
2020,9,3,0.7,-0.1091212533505349,-3.0,False
2020,9,3,0.7,-0.0549631934529357,-5.0,False
2020,9,3,0.7,0.0226970458054418,-3.0,False
2020,9,3,0.7,-0.0832958311438149,-5.0,False
2020,9,3,0.7,-0.1015742583586971,-35.0,False
2020,9,3,0.7,-0.1531131543647856,-3.0,False
2020,10,3,0.3,0.0214063146821526,-17.0,False
2020,10,3,0.3,-0.0427085428445863,-23.0,False
2020,10,3,0.3,0.1745573499755915,3.0,True
2020,10,3,0.3,0.1538771158787565,3.0,True
2020,10,3,0.3,0.344832446260904,4.0,True
2020,10,3,0.3,0.015308079272903,10.0,True
2020,10,3,0.3,-0.0498294686633622,2.0,True
2020,10,3,0.3,0.2927866120366149,25.0,True
2020,10,3,0.3,-0.0163897410097981,8.0,True
2020,10,3,0.3,-0.0604394811009363,7.0,True
2020,10,3,0.3,0.2524017414704938,14.0,True
2020,10,3,0.3,0.1379970383029274,26.0,True
2020,10,3,0.3,-0.1722899976009985,6.0,True
2020,10,3,0.3,-0.0942951797209363,-6.0,False
2020,10,3,0.5,0.05768578613036,-17.0,False
2020,10,3,0.5,-0.0039404007889012,-23.0,False
2020,10,3,0.5,0.1464596615531447,3.0,True
2020,10,3,0.5,0.1925455097834903,3.0,True
2020,10,3,0.5,0.3216839752971537,4.0,True
2020,10,3,0.5,0.0399323137233095,10.0,True
2020,10,3,0.5,-0.0558352224416037,2.0,True
2020,10,3,0.5,0.3106254915515062,25.0,True
2020,10,3,0.5,-0.0076795722975814,8.0,True
2020,10,3,0.5,-0.0735665050732491,7.0,True
2020,10,3,0.5,0.244870388216739,14.0,True
2020,10,3,0.5,0.0438103587061623,26.0,True
2020,10,3,0.5,-0.1498282918953091,6.0,True
2020,10,3,0.5,-0.1188058846744246,-6.0,False
2020,10,3,0.7,0.0739949063226734,-17.0,False
2020,10,3,0.7,0.0134874795847553,-23.0,False
2020,10,3,0.7,0.133828590610944,3.0,True
2020,10,3,0.7,0.2099285492452513,3.0,True
2020,10,3,0.7,0.3112777819281285,4.0,True
2020,10,3,0.7,0.0510019237056024,10.0,True
2020,10,3,0.7,-0.0585350567088866,2.0,True
2020,10,3,0.7,0.3186448043609527,25.0,True
2020,10,3,0.7,-0.0037639918673188,8.0,True
2020,10,3,0.7,-0.0794676442901604,7.0,True
2020,10,3,0.7,0.2414847340017484,14.0,True
2020,10,3,0.7,0.0014695577865156,26.0,True
2020,10,3,0.7,-0.1397308278624763,6.0,True
2020,10,3,0.7,-0.1298244584608552,-6.0,False
2020,11,3,0.3,-0.007907322732391,7.0,True
2020,11,3,0.3,0.058128773967808,-6.0,False
2020,11,3,0.3,0.0146660888202429,20.0,True
2020,11,3,0.3,0.2153696729167597,5.0,True
2020,11,3,0.3,-0.0211622344520453,7.0,True
2020,11,3,0.3,-0.2205331462857469,-24.0,False
2020,11,3,0.3,0.1716466477384409,15.0,True
2020,11,3,0.3,-0.1474485546668435,11.0,True
2020,11,3,0.3,-0.2995516618184094,7.0,True
2020,11,3,0.3,0.2128762596609815,6.0,True
2020,11,3,0.3,-0.1539303531499099,3.0,True
2020,11,3,0.3,0.1321458260004066,-3.0,False
2020,11,3,0.3,-0.0794415836763396,-4.0,False
2020,11,3,0.3,0.037827312685574,-3.0,False
2020,11,3,0.5,0.0144766329928923,7.0,True
2020,11,3,0.5,0.0454570368145342,-6.0,False
2020,11,3,0.5,0.0009334609945591,20.0,True
2020,11,3,0.5,0.221378096673211,5.0,True
2020,11,3,0.5,0.0066405382018367,7.0,True
2020,11,3,0.5,-0.1419922949952193,-24.0,False
2020,11,3,0.5,0.15148991776767,15.0,True
2020,11,3,0.5,-0.1946248050847467,11.0,True
2020,11,3,0.5,-0.2996610677471268,7.0,True
2020,11,3,0.5,0.1811154741587844,6.0,True
2020,11,3,0.5,-0.1969756088706933,3.0,True
2020,11,3,0.5,0.0954923155714271,-3.0,False
2020,11,3,0.5,-0.0720156434995144,-4.0,False
2020,11,3,0.5,0.0346830477337457,-3.0,False
2020,11,3,0.7,0.0245391451996711,7.0,True
2020,11,3,0.7,0.0397605678190259,-6.0,False
2020,11,3,0.7,-0.0052399221564362,20.0,True
2020,11,3,0.7,0.2240791312059277,5.0,True
2020,11,3,0.7,0.0191390323306461,7.0,True
2020,11,3,0.7,-0.1066849398279179,-24.0,False
2020,11,3,0.7,0.1424286354872316,15.0,True
2020,11,3,0.7,-0.2158324772909602,11.0,True
2020,11,3,0.7,-0.2997102502288438,7.0,True
2020,11,3,0.7,0.1668376898504572,6.0,True
2020,11,3,0.7,-0.2163262284148986,3.0,True
2020,11,3,0.7,0.0790150494152804,-3.0,False
2020,11,3,0.7,-0.0686773768145195,-4.0,False
2020,11,3,0.7,0.0332695708287955,-3.0,False
2020,12,3,0.3,-0.0294519771802381,-16.0,False
2020,12,3,0.3,0.0654795013333827,-25.0,False
2020,12,3,0.3,-0.1272894285583321,37.0,True
2020,12,3,0.3,0.077506333779865,10.0,True
2020,12,3,0.3,0.0166038795958354,-2.0,False
2020,12,3,0.3,-0.0071635019733214,-19.0,False
2020,12,3,0.3,-0.2265005714146526,-2.0,False
2020,12,3,0.3,-0.0418633859513233,1.0,True
2020,12,3,0.3,-0.0802694422051486,3.0,True
2020,12,3,0.3,-0.203985771116693,-17.0,False
2020,12,3,0.3,-0.4396632934125762,-28.0,False
2020,12,3,0.3,0.1661892282215092,-3.0,False
2020,12,3,0.3,-0.1309680079679797,-3.0,False
2020,12,3,0.3,0.3512223850198262,16.0,True
2020,12,3,0.3,-0.1567049338928133,-6.0,False
2020,12,3,0.3,0.0274392914235367,5.0,True
2020,12,3,0.5,-0.0516419099767861,-16.0,False
2020,12,3,0.5,0.1118696646526401,-25.0,False
2020,12,3,0.5,-0.1203113543621944,37.0,True
2020,12,3,0.5,0.0556997876434109,10.0,True
2020,12,3,0.5,0.0487550549149985,-2.0,False
2020,12,3,0.5,-0.0369545200773559,-19.0,False
2020,12,3,0.5,-0.1958340432797701,-2.0,False
2020,12,3,0.5,-0.0410567455915168,1.0,True
2020,12,3,0.5,-0.0594298724874855,3.0,True
2020,12,3,0.5,-0.1705716807258901,-17.0,False
2020,12,3,0.5,-0.4186231959722829,-28.0,False
2020,12,3,0.5,0.1413758444894655,-3.0,False
2020,12,3,0.5,-0.164362827698684,-3.0,False
2020,12,3,0.5,0.365422094524136,16.0,True
2020,12,3,0.5,-0.1680659981511985,-6.0,False
2020,12,3,0.5,-0.0248551177475602,5.0,True
2020,12,3,0.7,-0.0616172008669774,-16.0,False
2020,12,3,0.7,0.1327239582548751,-25.0,False
2020,12,3,0.7,-0.1171744219253985,37.0,True
2020,12,3,0.7,0.0458968448848215,10.0,True
2020,12,3,0.7,0.0632083355630627,-2.0,False
2020,12,3,0.7,-0.0503468126195365,-19.0,False
2020,12,3,0.7,-0.1820481728338138,-2.0,False
2020,12,3,0.7,-0.0406941274481175,1.0,True
2020,12,3,0.7,-0.0500616255501874,3.0,True
2020,12,3,0.7,-0.1555506676144283,-17.0,False
2020,12,3,0.7,-0.4091648035449952,-28.0,False
2020,12,3,0.7,0.1302212040961614,-3.0,False
2020,12,3,0.7,-0.1793751778528538,-3.0,False
2020,12,3,0.7,0.3718054501728623,16.0,True
2020,12,3,0.7,-0.1731732655701056,-6.0,False
2020,12,3,0.7,-0.0483636136134662,5.0,True
2020,13,3,0.3,-0.2034303072940965,-5.0,False
2020,13,3,0.3,-0.1435906932741061,-4.0,False
2020,13,3,0.3,0.0204739062976213,-6.0,False
2020,13,3,0.3,0.0672533966333555,12.0,True
2020,13,3,0.3,0.1452124196002808,3.0,True
2020,13,3,0.3,-0.273002387594446,-3.0,False
2020,13,3,0.3,-0.0105851957869185,-6.0,False
2020,13,3,0.3,0.0076957396621023,-10.0,False
2020,13,3,0.3,0.1747369888036424,-5.0,False
2020,13,3,0.3,0.3598482677953572,14.0,True
2020,13,3,0.3,0.0376800085347848,-45.0,False
2020,13,3,0.3,0.5005393038524754,6.0,True
2020,13,3,0.3,0.2692297927645551,-6.0,False
2020,13,3,0.3,-0.1506668925176571,-10.0,False
2020,13,3,0.3,0.144951568068744,17.0,True
2020,13,3,0.5,-0.1563588762207675,-5.0,False
2020,13,3,0.5,-0.1686751582372359,-4.0,False
2020,13,3,0.5,0.0695251167227514,-6.0,False
2020,13,3,0.5,0.0330464662989415,12.0,True
2020,13,3,0.5,0.1177244148107859,3.0,True
2020,13,3,0.5,-0.248893203418005,-3.0,False
2020,13,3,0.5,-0.0102382042114251,-6.0,False
2020,13,3,0.5,0.0194354811909423,-10.0,False
2020,13,3,0.5,0.174751137489124,-5.0,False
2020,13,3,0.5,0.3486444405590287,14.0,True
2020,13,3,0.5,0.0333336139509501,-45.0,False
2020,13,3,0.5,0.5223635013321741,6.0,True
2020,13,3,0.5,0.2212216498210636,-6.0,False
2020,13,3,0.5,-0.139230347407734,-10.0,False
2020,13,3,0.5,0.1022855706358176,17.0,True
2020,13,3,0.7,-0.1351983246373443,-5.0,False
2020,13,3,0.7,-0.1799516608353401,-4.0,False
2020,13,3,0.7,0.091575660858819,-6.0,False
2020,13,3,0.7,0.0176690389009023,12.0,True
2020,13,3,0.7,0.1053674218320222,3.0,True
2020,13,3,0.7,-0.2380551297974032,-3.0,False
2020,13,3,0.7,-0.0100822171729005,-6.0,False
2020,13,3,0.7,0.0247129796763841,-10.0,False
2020,13,3,0.7,0.1747574979073681,-5.0,False
2020,13,3,0.7,0.3436078576729728,14.0,True
2020,13,3,0.7,0.0313797301472079,-45.0,False
2020,13,3,0.7,0.532174379098277,6.0,True
2020,13,3,0.7,0.1996400075804115,-6.0,False
2020,13,3,0.7,-0.1340891482298786,-10.0,False
2020,13,3,0.7,0.0831054433494563,17.0,True
2020,14,3,0.3,0.1321114290789763,21.0,True
2020,14,3,0.3,0.3235744836191653,-5.0,False
2020,14,3,0.3,-0.200451017264927,29.0,True
2020,14,3,0.3,0.0025418865206235,-23.0,False
2020,14,3,0.3,-0.199207441334324,-21.0,False
2020,14,3,0.3,-0.2356245982914808,-6.0,False
2020,14,3,0.3,-0.0812564054799953,-19.0,False
2020,14,3,0.3,0.0404814616235706,12.0,True
2020,14,3,0.3,0.047543288069536,-17.0,False
2020,14,3,0.3,0.2634080485378887,37.0,True
2020,14,3,0.3,-0.2742431559113495,-7.0,False
2020,14,3,0.3,0.0285185170207034,3.0,True
2020,14,3,0.3,-0.3005937719794547,3.0,True
2020,14,3,0.3,0.0567233011967785,-8.0,False
2020,14,3,0.3,0.0391046360644981,11.0,True
2020,14,3,0.3,0.0609388796677804,-5.0,False
2020,14,3,0.5,0.0976542214630294,21.0,True
2020,14,3,0.5,0.342577167578611,-5.0,False
2020,14,3,0.5,-0.2332527741338239,29.0,True
2020,14,3,0.5,-0.0064823827561112,-23.0,False
2020,14,3,0.5,-0.1775406326167322,-21.0,False
2020,14,3,0.5,-0.2490298488993799,-6.0,False
2020,14,3,0.5,-0.0825345267776786,-19.0,False
2020,14,3,0.5,0.0360261191093359,12.0,True
2020,14,3,0.5,0.0802779853624027,-17.0,False
2020,14,3,0.5,0.226766840603398,37.0,True
2020,14,3,0.5,-0.2362182873074066,-7.0,False
2020,14,3,0.5,0.0139876502279173,3.0,True
2020,14,3,0.5,-0.2532369123088309,3.0,True
2020,14,3,0.5,0.0792594020681934,-8.0,False
2020,14,3,0.5,0.0848796753934984,11.0,True
2020,14,3,0.5,0.060255225902582,-5.0,False
2020,14,3,0.7,0.0821642840943926,21.0,True
2020,14,3,0.7,0.3511196585328572,-5.0,False
2020,14,3,0.7,-0.2479985180473647,29.0,True
2020,14,3,0.7,-0.0105391643575791,-23.0,False
2020,14,3,0.7,-0.1678005075968972,-21.0,False
2020,14,3,0.7,-0.255056062475408,-6.0,False
2020,14,3,0.7,-0.0831090950674628,-19.0,False
2020,14,3,0.7,0.0340232587130286,12.0,True
2020,14,3,0.7,0.0949935832280034,-17.0,False
2020,14,3,0.7,0.2102951049264251,37.0,True
2020,14,3,0.7,-0.2191245390359093,-7.0,False
2020,14,3,0.7,0.0074554257063896,3.0,True
2020,14,3,0.7,-0.2319480487871743,3.0,True
2020,14,3,0.7,0.0893903097993799,-8.0,False
2020,14,3,0.7,0.1054574453670857,11.0,True
2020,14,3,0.7,0.0599478953108872,-5.0,False
2020,15,3,0.3,0.0730341721028132,-3.0,False
2020,15,3,0.3,-0.3599392944689892,-29.0,False
2020,15,3,0.3,0.2259002142298742,8.0,True
2020,15,3,0.3,-0.1356448128900726,-4.0,False
2020,15,3,0.3,0.2144674739882677,26.0,True
2020,15,3,0.3,-0.0186816077888109,8.0,True
2020,15,3,0.3,0.0057281514193835,7.0,True
2020,15,3,0.3,0.0615972396425941,10.0,True
2020,15,3,0.3,0.1455739887564444,-6.0,False
2020,15,3,0.3,0.1134340855481862,21.0,True
2020,15,3,0.3,-0.2501814596861433,-5.0,False
2020,15,3,0.3,0.1251805909475723,7.0,True
2020,15,3,0.3,0.2854198626474041,-3.0,False
2020,15,3,0.3,-0.1030844279367177,-3.0,False
2020,15,3,0.3,-0.1970409677468079,-14.0,False
2020,15,3,0.3,-0.1678710550132058,10.0,True
2020,15,3,0.5,0.0930860959329309,-3.0,False
2020,15,3,0.5,-0.3546084077260787,-29.0,False
2020,15,3,0.5,0.1895066510619338,8.0,True
2020,15,3,0.5,-0.1140521285904672,-4.0,False
2020,15,3,0.5,0.1938235745866115,26.0,True
2020,15,3,0.5,0.0156462369214203,8.0,True
2020,15,3,0.5,-0.0502120709273636,7.0,True
2020,15,3,0.5,0.0469228565590091,10.0,True
2020,15,3,0.5,0.1507271134362918,-6.0,False
2020,15,3,0.5,0.0830782464694497,21.0,True
2020,15,3,0.5,-0.2630799036926932,-5.0,False
2020,15,3,0.5,0.1110571511588881,7.0,True
2020,15,3,0.5,0.2141888308256286,-3.0,False
2020,15,3,0.5,-0.1327768748175662,-3.0,False
2020,15,3,0.5,-0.2022763747162703,-14.0,False
2020,15,3,0.5,-0.0844280754618011,10.0,True
2020,15,3,0.7,0.1021002635262867,-3.0,False
2020,15,3,0.7,-0.3522119540526602,-29.0,False
2020,15,3,0.7,0.1731462419313918,8.0,True
2020,15,3,0.7,-0.1043453255566997,-4.0,False
2020,15,3,0.7,0.1845432895344909,26.0,True
2020,15,3,0.7,0.0310780203232674,8.0,True
2020,15,3,0.7,-0.0753595103309473,7.0,True
2020,15,3,0.7,0.0403261155397829,10.0,True
2020,15,3,0.7,0.1530436557235626,-6.0,False
2020,15,3,0.7,0.0694320435808435,21.0,True
2020,15,3,0.7,-0.2688782867782065,-5.0,False
2020,15,3,0.7,0.1047080818960851,7.0,True
2020,15,3,0.7,0.1821675412910689,-3.0,False
2020,15,3,0.7,-0.1461248555254704,-3.0,False
2020,15,3,0.7,-0.2046299062896982,-14.0,False
2020,15,3,0.7,-0.0469170112597936,10.0,True
2020,16,3,0.3,0.1094924069186638,19.0,True
2020,16,3,0.3,-0.0933010508319772,-40.0,False
2020,16,3,0.3,0.1376538990169096,-8.0,False
2020,16,3,0.3,0.045447484734704,-1.0,False
2020,16,3,0.3,0.1382503435371269,14.0,True
2020,16,3,0.3,0.1027228485105935,-6.0,False
2020,16,3,0.3,-0.0407468299483042,-24.0,False
2020,16,3,0.3,0.3064531046465524,3.0,True
2020,16,3,0.3,-0.3189643717147213,7.0,True
2020,16,3,0.3,-0.0217825140072313,4.0,True
2020,16,3,0.3,0.2309384203547317,3.0,True
2020,16,3,0.3,-0.1734651115475319,-7.0,False
2020,16,3,0.3,0.0377314127570466,20.0,True
2020,16,3,0.3,0.0579867116298455,11.0,True
2020,16,3,0.3,0.1498591130708082,26.0,True
2020,16,3,0.3,-0.227332062634998,-29.0,False
2020,16,3,0.5,0.0756859998755421,19.0,True
2020,16,3,0.5,-0.0557801097496834,-40.0,False
2020,16,3,0.5,0.1309267447413774,-8.0,False
2020,16,3,0.5,0.0758815456912911,-1.0,False
2020,16,3,0.5,0.1394218789293782,14.0,True
2020,16,3,0.5,0.1238062063650833,-6.0,False
2020,16,3,0.5,-0.0106976684855227,-24.0,False
2020,16,3,0.5,0.2908186091447032,3.0,True
2020,16,3,0.5,-0.2855947807526289,7.0,True
2020,16,3,0.5,-0.0589906274293148,4.0,True
2020,16,3,0.5,0.2299211873992953,3.0,True
2020,16,3,0.5,-0.205613456591954,-7.0,False
2020,16,3,0.5,0.0516945979701086,20.0,True
2020,16,3,0.5,0.0794630953091136,11.0,True
2020,16,3,0.5,0.1312818020120357,26.0,True
2020,16,3,0.5,-0.2033603487320235,-29.0,False
2020,16,3,0.7,0.0604886242323039,19.0,True
2020,16,3,0.7,-0.0389128977035147,-40.0,False
2020,16,3,0.7,0.127902611167973,-8.0,False
2020,16,3,0.7,0.0895629125433347,-1.0,False
2020,16,3,0.7,0.1399485324543352,14.0,True
2020,16,3,0.7,0.1332840461345329,-6.0,False
2020,16,3,0.7,0.0028106701537093,-24.0,False
2020,16,3,0.7,0.2837902579557986,3.0,True
2020,16,3,0.7,-0.2705937719715047,7.0,True
2020,16,3,0.7,-0.0757172105273157,4.0,True
2020,16,3,0.7,0.2294638991899707,3.0,True
2020,16,3,0.7,-0.2200654649146758,-7.0,False
2020,16,3,0.7,0.0579716261851548,20.0,True
2020,16,3,0.7,0.0891176164126378,11.0,True
2020,16,3,0.7,0.1229305337379087,26.0,True
2020,16,3,0.7,-0.1925840736747231,-29.0,False
2020,17,3,0.3,0.1625729877225792,30.0,True
2020,17,3,0.3,-0.1440666991882359,-35.0,False
2020,17,3,0.3,0.0766607196811436,2.0,True
2020,17,3,0.3,-0.0653465276847956,-2.0,False
2020,17,3,0.3,0.0529028156299677,14.0,True
2020,17,3,0.3,-0.0331528997494781,4.0,True
2020,17,3,0.3,0.1530431731911725,17.0,True
2020,17,3,0.3,-0.1326944242681785,-26.0,False
2020,17,3,0.3,-0.3972567307255641,-19.0,False
2020,17,3,0.3,-0.2538696821283169,-1.0,False
2020,17,3,0.3,-0.0515229786594688,-3.0,False
2020,17,3,0.3,0.1900894044037706,14.0,True
2020,17,3,0.3,0.2373071013044239,-17.0,False
2020,17,3,0.3,0.0295038172294103,11.0,True
2020,17,3,0.3,-0.1854989425504733,-3.0,False
2020,17,3,0.3,0.070654737284681,-6.0,False
2020,17,3,0.5,0.1620925867338257,30.0,True
2020,17,3,0.5,-0.1217196614868851,-35.0,False
2020,17,3,0.5,0.1329450637377494,2.0,True
2020,17,3,0.5,-0.0444544702097227,-2.0,False
2020,17,3,0.5,0.0497066712345053,14.0,True
2020,17,3,0.5,-0.054246306292721,4.0,True
2020,17,3,0.5,0.1266962598043587,17.0,True
2020,17,3,0.5,-0.095479047216023,-26.0,False
2020,17,3,0.5,-0.3782180297291969,-19.0,False
2020,17,3,0.5,-0.2863921836835889,-1.0,False
2020,17,3,0.5,-0.0116240210817403,-3.0,False
2020,17,3,0.5,0.1574926269208622,14.0,True
2020,17,3,0.5,0.2373336165765905,-17.0,False
2020,17,3,0.5,0.0040167291297889,11.0,True
2020,17,3,0.5,-0.1813362889119945,-3.0,False
2020,17,3,0.5,0.1011721088188633,-6.0,False
2020,17,3,0.7,0.1618766266563127,30.0,True
2020,17,3,0.7,-0.1116737454560026,-35.0,False
2020,17,3,0.7,0.158247200056774,2.0,True
2020,17,3,0.7,-0.0350626278585432,-2.0,False
2020,17,3,0.7,0.0482698723778296,14.0,True
2020,17,3,0.7,-0.0637286633626192,4.0,True
2020,17,3,0.7,0.1148522345203782,17.0,True
2020,17,3,0.7,-0.0787491988164302,-26.0,False
2020,17,3,0.7,-0.3696593476299126,-19.0,False
2020,17,3,0.7,-0.3010123908047662,-1.0,False
2020,17,3,0.7,0.0063122075541193,-3.0,False
2020,17,3,0.7,0.142839029703775,14.0,True
2020,17,3,0.7,0.2373455362860966,-17.0,False
2020,17,3,0.7,-0.0074407691902243,11.0,True
2020,17,3,0.7,-0.179465004248825,-3.0,False
2020,17,3,0.7,0.1148909272149636,-6.0,False
2021,4,3,0.3,0.2430106094043308,3.0,True
2021,4,3,0.3,-0.1927167026512122,-4.0,False
2021,4,3,0.3,0.0551663148957749,40.0,True
2021,4,3,0.3,0.0817626376488187,10.0,True
2021,4,3,0.3,-0.1220270076974666,8.0,True
2021,4,3,0.3,0.1263151743147255,-10.0,False
2021,4,3,0.3,-0.0099489289629967,-7.0,False
2021,4,3,0.3,0.1528986384896077,-6.0,False
2021,4,3,0.3,-0.2073092469231248,3.0,True
2021,4,3,0.3,-0.1104436501346433,-12.0,False
2021,4,3,0.3,0.2148479690336021,-17.0,False
2021,4,3,0.3,-0.1305131876414645,-7.0,False
2021,4,3,0.3,0.2754250455210164,-16.0,False
2021,4,3,0.3,0.1412036051366958,10.0,True
2021,4,3,0.3,0.0480725628763574,-2.0,False
2021,4,3,0.3,-0.0417518489995791,14.0,True
2021,4,3,0.5,0.1131352275753782,3.0,True
2021,4,3,0.5,-0.2173936882332139,-4.0,False
2021,4,3,0.5,-0.0002264909722762,40.0,True
2021,4,3,0.5,0.1046171465457618,10.0,True
2021,4,3,0.5,-0.0316598833043559,8.0,True
2021,4,3,0.5,0.141015060223148,-10.0,False
2021,4,3,0.5,0.0211305131356834,-7.0,False
2021,4,3,0.5,0.1524431856563992,-6.0,False
2021,4,3,0.5,-0.1255633071735236,3.0,True
2021,4,3,0.5,-0.1296562721068717,-12.0,False
2021,4,3,0.5,0.1953078402772628,-17.0,False
2021,4,3,0.5,-0.2027819576357239,-7.0,False
2021,4,3,0.5,0.1425342131308012,-16.0,False
2021,4,3,0.5,0.1824785267652129,10.0,True
2021,4,3,0.5,-0.0422145898955197,-2.0,False
2021,4,3,0.5,-0.0511344032632277,14.0,True
2021,4,3,0.7,0.0547508816155737,3.0,True
2021,4,3,0.7,-0.228487012026958,-4.0,False
2021,4,3,0.7,-0.0251278440689231,40.0,True
2021,4,3,0.7,0.1148911918297088,10.0,True
2021,4,3,0.7,0.0089638698631891,8.0,True
2021,4,3,0.7,0.1476232658150078,-10.0,False
2021,4,3,0.7,0.0351020054552735,-7.0,False
2021,4,3,0.7,0.1522384408047732,-6.0,False
2021,4,3,0.7,-0.088815132423703,3.0,True
2021,4,3,0.7,-0.1382931388650295,-12.0,False
2021,4,3,0.7,0.1865237456987251,-17.0,False
2021,4,3,0.7,-0.2352697533212168,-7.0,False
2021,4,3,0.7,0.0827942976526308,-16.0,False
2021,4,3,0.7,0.2010333080477573,10.0,True
2021,4,3,0.7,-0.0828023925177398,-2.0,False
2021,4,3,0.7,-0.0553522487578953,14.0,True
2021,5,3,0.3,-0.1147394544291947,-9.0,False
2021,5,3,0.3,0.1546688352501428,7.0,True
2021,5,3,0.3,0.2184726587348094,-3.0,False
2021,5,3,0.3,-0.0551804738165833,-3.0,False
2021,5,3,0.3,-0.0568081198830086,-3.0,False
2021,5,3,0.3,0.0127693321507008,-18.0,False
2021,5,3,0.3,0.1649317297337552,2.0,True
2021,5,3,0.3,-0.153153119063939,8.0,True
2021,5,3,0.3,0.0316723686061928,28.0,True
2021,5,3,0.3,0.1198970009277898,-11.0,False
2021,5,3,0.3,-0.0779480126429475,5.0,True
2021,5,3,0.3,0.1293041228606186,-11.0,False
2021,5,3,0.3,0.0358449457944346,7.0,True
2021,5,3,0.3,0.3674216018104195,24.0,True
2021,5,3,0.3,-0.074673381338031,-18.0,False
2021,5,3,0.3,0.1244515463961592,6.0,True
2021,5,3,0.5,-0.0656641304099551,-9.0,False
2021,5,3,0.5,0.1443000182850858,7.0,True
2021,5,3,0.5,0.1432449844515468,-3.0,False
2021,5,3,0.5,-0.1519807254027623,-3.0,False
2021,5,3,0.5,-0.0079267665706957,-3.0,False
2021,5,3,0.5,0.0689071158254869,-18.0,False
2021,5,3,0.5,0.1576784100593731,2.0,True
2021,5,3,0.5,-0.0444873740581376,8.0,True
2021,5,3,0.5,0.0119932341428539,28.0,True
2021,5,3,0.5,0.1525896652834613,-11.0,False
2021,5,3,0.5,-0.0693644733383992,5.0,True
2021,5,3,0.5,0.1344985154302322,-11.0,False
2021,5,3,0.5,0.0626801521096756,7.0,True
2021,5,3,0.5,0.3188995327187068,24.0,True
2021,5,3,0.5,0.0595838752587411,-18.0,False
2021,5,3,0.5,0.1456850438931149,6.0,True
2021,5,3,0.7,-0.0436027462178195,-9.0,False
2021,5,3,0.7,0.1396388069888677,7.0,True
2021,5,3,0.7,0.1094270391315481,-3.0,False
2021,5,3,0.7,-0.1954964348314115,-3.0,False
2021,5,3,0.7,0.0140474197807108,-3.0,False
2021,5,3,0.7,0.0941433672022255,-18.0,False
2021,5,3,0.7,0.154417743416761,2.0,True
2021,5,3,0.7,0.004362364522452,8.0,True
2021,5,3,0.7,0.0031466507602521,28.0,True
2021,5,3,0.7,0.1672863676084879,-11.0,False
2021,5,3,0.7,-0.0655058180547033,5.0,True
2021,5,3,0.7,0.1368336093376732,-11.0,False
2021,5,3,0.7,0.0747436852238664,7.0,True
2021,5,3,0.7,0.297086859457295,24.0,True
2021,5,3,0.7,0.119938054829767,-18.0,False
2021,5,3,0.7,0.1552303776302785,6.0,True
2021,6,3,0.3,-0.1003399289516443,-6.0,False
2021,6,3,0.3,-0.0941493409420309,3.0,True
2021,6,3,0.3,-0.0483204250073384,28.0,True
2021,6,3,0.3,-0.0282361416058142,-6.0,False
2021,6,3,0.3,-0.121250283995255,-10.0,False
2021,6,3,0.3,-0.1150122607576526,-23.0,False
2021,6,3,0.3,0.1637828237983351,28.0,True
2021,6,3,0.3,-0.2798439003260662,-27.0,False
2021,6,3,0.3,-0.0153449256277052,-18.0,False
2021,6,3,0.3,-0.0333972877325363,-23.0,False
2021,6,3,0.3,-0.010181299383481,-10.0,False
2021,6,3,0.3,-0.4483516711881522,-6.0,False
2021,6,3,0.3,-0.1596814325461424,3.0,True
2021,6,3,0.3,-0.2599247043088455,3.0,True
2021,6,3,0.5,-0.1276381589521544,-6.0,False
2021,6,3,0.5,-0.0680268359947759,3.0,True
2021,6,3,0.5,-0.0350742217300389,28.0,True
2021,6,3,0.5,-0.0876342565469917,-6.0,False
2021,6,3,0.5,-0.1576109051290915,-10.0,False
2021,6,3,0.5,-0.0396380656138697,-23.0,False
2021,6,3,0.5,0.1643856820771974,28.0,True
2021,6,3,0.5,-0.2248547573507494,-27.0,False
2021,6,3,0.5,-0.0364160703017122,-18.0,False
2021,6,3,0.5,-0.0251427167673774,-23.0,False
2021,6,3,0.5,-0.0582634262193831,-10.0,False
2021,6,3,0.5,-0.4334087382845783,-6.0,False
2021,6,3,0.5,-0.1591546384984848,3.0,True
2021,6,3,0.5,-0.1991843643737313,3.0,True
2021,6,3,0.7,-0.1399098403285304,-6.0,False
2021,6,3,0.7,-0.0562836915689457,3.0,True
2021,6,3,0.7,-0.0291195064952895,28.0,True
2021,6,3,0.7,-0.1143361614288054,-6.0,False
2021,6,3,0.7,-0.1739565054553116,-10.0,False
2021,6,3,0.7,-0.0057542531180408,-23.0,False
2021,6,3,0.7,0.1646566917621907,28.0,True
2021,6,3,0.7,-0.2001348673893685,-27.0,False
2021,6,3,0.7,-0.0458884197423208,-18.0,False
2021,6,3,0.7,-0.0214319463334985,-23.0,False
2021,6,3,0.7,-0.0798783272740547,-10.0,False
2021,6,3,0.7,-0.4266912730343479,-6.0,False
2021,6,3,0.7,-0.1589178228256847,3.0,True
2021,6,3,0.7,-0.1718790739441846,3.0,True
2021,7,3,0.3,0.1057470431992618,3.0,True
2021,7,3,0.3,-0.0055402708247637,-24.0,False
2021,7,3,0.3,0.1057578734120379,14.0,True
2021,7,3,0.3,-0.0010221481575708,-2.0,False
2021,7,3,0.3,0.2655698053881018,41.0,True
2021,7,3,0.3,-0.0374954511119177,22.0,True
2021,7,3,0.3,-0.0174673021423322,24.0,True
2021,7,3,0.3,0.3902348692575829,9.0,True
2021,7,3,0.3,0.1337623915691717,11.0,True
2021,7,3,0.3,0.3832929259941542,26.0,True
2021,7,3,0.3,0.0993098323533566,35.0,True
2021,7,3,0.3,0.0863869499770776,-12.0,False
2021,7,3,0.3,0.000736219403199,-3.0,False
2021,7,3,0.5,0.1278876605848301,3.0,True
2021,7,3,0.5,0.0498375410479425,-24.0,False
2021,7,3,0.5,0.1026439640749989,14.0,True
2021,7,3,0.5,0.0090683544770569,-2.0,False
2021,7,3,0.5,0.2422115660680854,41.0,True
2021,7,3,0.5,0.025362082033216,22.0,True
2021,7,3,0.5,-0.0472528131172479,24.0,True
2021,7,3,0.5,0.3106276822212226,9.0,True
2021,7,3,0.5,0.1315581360083619,11.0,True
2021,7,3,0.5,0.3488165259655403,26.0,True
2021,7,3,0.5,0.1274204043716524,35.0,True
2021,7,3,0.5,0.0658305457451335,-12.0,False
2021,7,3,0.5,0.0548986833027936,-3.0,False
2021,7,3,0.7,0.1378407821618288,3.0,True
2021,7,3,0.7,0.0747321537246637,-24.0,False
2021,7,3,0.7,0.1012441332721098,14.0,True
2021,7,3,0.7,0.0136044519917061,-2.0,False
2021,7,3,0.7,0.231711073162757,41.0,True
2021,7,3,0.7,0.0536191382177256,22.0,True
2021,7,3,0.7,-0.0606426299775312,24.0,True
2021,7,3,0.7,0.2748409651131341,9.0,True
2021,7,3,0.7,0.1305672321324014,11.0,True
2021,7,3,0.7,0.3333179608150625,26.0,True
2021,7,3,0.7,0.140057267022079,35.0,True
2021,7,3,0.7,0.0565895933839843,-12.0,False
2021,7,3,0.7,0.0792469468906848,-3.0,False
2021,8,3,0.3,0.1274321900174292,-3.0,False
2021,8,3,0.3,0.0380919579868577,-6.0,False
2021,8,3,0.3,0.2403931021293896,15.0,True
2021,8,3,0.3,-0.1546917722811443,-11.0,False
2021,8,3,0.3,0.1150974061743535,-5.0,False
2021,8,3,0.3,-0.0308003761943332,-38.0,False
2021,8,3,0.3,-0.4423107407956583,-16.0,False
2021,8,3,0.3,-0.0083365001190499,-3.0,False
2021,8,3,0.3,-0.3989370419718674,3.0,True
2021,8,3,0.3,0.0637409678782975,-3.0,False
2021,8,3,0.3,0.1663902289239463,24.0,True
2021,8,3,0.3,-0.1282317462892987,7.0,True
2021,8,3,0.3,-0.0556121903477528,9.0,True
2021,8,3,0.3,-0.1306243228867805,-4.0,False
2021,8,3,0.3,0.0796873585652567,3.0,True
2021,8,3,0.5,0.0880711322174095,-3.0,False
2021,8,3,0.5,0.0904091123614394,-6.0,False
2021,8,3,0.5,0.1640446925209323,15.0,True
2021,8,3,0.5,-0.1500213622995464,-11.0,False
2021,8,3,0.5,0.0935940460244144,-5.0,False
2021,8,3,0.5,-0.0151742943308784,-38.0,False
2021,8,3,0.5,-0.3874705195460851,-16.0,False
2021,8,3,0.5,0.002313300010942,-3.0,False
2021,8,3,0.5,-0.3272053889040247,3.0,True
2021,8,3,0.5,0.0889117893338803,-3.0,False
2021,8,3,0.5,0.1410575471125005,24.0,True
2021,8,3,0.5,-0.1531816434725193,7.0,True
2021,8,3,0.5,-0.0934453146690649,9.0,True
2021,8,3,0.5,-0.1024815659711274,-4.0,False
2021,8,3,0.5,0.0965105946578359,3.0,True
2021,8,3,0.7,0.0703767117385017,-3.0,False
2021,8,3,0.7,0.1139278331353341,-6.0,False
2021,8,3,0.7,0.1297229304033689,15.0,True
2021,8,3,0.7,-0.1479218201977271,-11.0,False
2021,8,3,0.7,0.0839273978836161,-5.0,False
2021,8,3,0.7,-0.008149725419784,-38.0,False
2021,8,3,0.7,-0.3628175760485704,-16.0,False
2021,8,3,0.7,0.0071008248400209,-3.0,False
2021,8,3,0.7,-0.2949590494515083,3.0,True
2021,8,3,0.7,0.1002271127405185,-3.0,False
2021,8,3,0.7,0.1296694607935937,24.0,True
2021,8,3,0.7,-0.1643976522980037,7.0,True
2021,8,3,0.7,-0.1104528659694712,9.0,True
2021,8,3,0.7,-0.0898302348806044,-4.0,False
2021,8,3,0.7,0.1040733338187202,3.0,True
2021,9,3,0.3,0.1644523682472512,15.0,True
2021,9,3,0.3,-0.0622312527676092,3.0,True
2021,9,3,0.3,-0.0409855051991587,-18.0,False
2021,9,3,0.3,-0.0142604321328723,-25.0,False
2021,9,3,0.3,0.3198553447623796,-14.0,False
2021,9,3,0.3,-0.3859958978131955,3.0,True
2021,9,3,0.3,0.1754365456382647,8.0,True
2021,9,3,0.3,0.1454753599911241,-2.0,False
2021,9,3,0.3,-0.1528407780839176,7.0,True
2021,9,3,0.3,-0.0510279345123704,-3.0,False
2021,9,3,0.3,-0.0922968071772022,6.0,True
2021,9,3,0.3,-0.087052405828549,-14.0,False
2021,9,3,0.3,0.2007873359595841,-12.0,False
2021,9,3,0.3,0.0987886904093699,2.0,True
2021,9,3,0.5,0.1313011937021335,15.0,True
2021,9,3,0.5,-0.0504464466615461,3.0,True
2021,9,3,0.5,-0.0645309115477909,-18.0,False
2021,9,3,0.5,-0.0517577696377599,-25.0,False
2021,9,3,0.5,0.3179830080396493,-14.0,False
2021,9,3,0.5,-0.2769536445632587,3.0,True
2021,9,3,0.5,0.1762122121859272,8.0,True
2021,9,3,0.5,0.0948300416785436,-2.0,False
2021,9,3,0.5,-0.1319974719548098,7.0,True
2021,9,3,0.5,-0.0470225226561055,-3.0,False
2021,9,3,0.5,-0.0744072502049299,6.0,True
2021,9,3,0.5,-0.0830675507173009,-14.0,False
2021,9,3,0.5,0.180356450535344,-12.0,False
2021,9,3,0.5,0.1041011872606129,2.0,True
2021,9,3,0.7,0.1163983721176311,15.0,True
2021,9,3,0.7,-0.0451486897881783,3.0,True
2021,9,3,0.7,-0.0751155437595612,-18.0,False
2021,9,3,0.7,-0.068614370901425,-25.0,False
2021,9,3,0.7,0.3171413153844769,-14.0,False
2021,9,3,0.7,-0.2279346499830118,3.0,True
2021,9,3,0.7,0.1765609063220322,8.0,True
2021,9,3,0.7,0.0720628802352734,-2.0,False
2021,9,3,0.7,-0.1226275453463117,7.0,True
2021,9,3,0.7,-0.0452219246656745,-3.0,False
2021,9,3,0.7,-0.0663651557862019,6.0,True
2021,9,3,0.7,-0.0812761938324279,-14.0,False
2021,9,3,0.7,0.1711719240602269,-12.0,False
2021,9,3,0.7,0.1064893739185111,2.0,True
2021,10,3,0.3,-0.1211987600501957,12.0,True
2021,10,3,0.3,0.3073620514845172,40.0,True
2021,10,3,0.3,0.2081036592790936,6.0,True
2021,10,3,0.3,-0.0971268605231489,38.0,True
2021,10,3,0.3,-0.3118200341107119,-28.0,False
2021,10,3,0.3,0.1788891669608035,0.0,False
2021,10,3,0.3,0.0035905968314794,2.0,True
2021,10,3,0.3,-0.0925589029786735,10.0,True
2021,10,3,0.3,0.3608379011584003,-24.0,False
2021,10,3,0.3,-0.0249756964663808,-7.0,False
2021,10,3,0.3,0.0185509776328863,-17.0,False
2021,10,3,0.3,-0.0326942401888902,17.0,True
2021,10,3,0.3,0.0918289633522036,-27.0,False
2021,10,3,0.3,-0.1053546614152024,21.0,True
2021,10,3,0.5,-0.1243937388180839,12.0,True
2021,10,3,0.5,0.2583138432038968,40.0,True
2021,10,3,0.5,0.161763039535081,6.0,True
2021,10,3,0.5,-0.1379285116774161,38.0,True
2021,10,3,0.5,-0.2153732518720778,-28.0,False
2021,10,3,0.5,0.1644104177640369,0.0,False
2021,10,3,0.5,-0.0047181118164764,2.0,True
2021,10,3,0.5,-0.0698150984099653,10.0,True
2021,10,3,0.5,0.3911380283119132,-24.0,False
2021,10,3,0.5,-0.02889331552049,-7.0,False
2021,10,3,0.5,-0.0136901847866944,-17.0,False
2021,10,3,0.5,-0.0498360300786161,17.0,True
2021,10,3,0.5,0.0672550837645639,-27.0,False
2021,10,3,0.5,-0.0764688962922351,21.0,True
2021,10,3,0.7,-0.1258300136770428,12.0,True
2021,10,3,0.7,0.236264648655728,40.0,True
2021,10,3,0.7,0.1409310178152956,6.0,True
2021,10,3,0.7,-0.1562705383430959,38.0,True
2021,10,3,0.7,-0.1720164415079212,-28.0,False
2021,10,3,0.7,0.1579016222535638,0.0,False
2021,10,3,0.7,-0.0084532193738143,2.0,True
2021,10,3,0.7,-0.0595908192919222,10.0,True
2021,10,3,0.7,0.4047591863900979,-24.0,False
2021,10,3,0.7,-0.0306544470218785,-7.0,False
2021,10,3,0.7,-0.0281839183514601,-17.0,False
2021,10,3,0.7,-0.0575419723226214,17.0,True
2021,10,3,0.7,0.0562081103719553,-27.0,False
2021,10,3,0.7,-0.0634835523378737,21.0,True
2021,11,3,0.3,-0.108759885456877,-25.0,False
2021,11,3,0.3,0.1362247851815863,-26.0,False
2021,11,3,0.3,-0.1141368132116762,-6.0,False
2021,11,3,0.3,-0.0935541541450507,-3.0,False
2021,11,3,0.3,0.2366035416495842,3.0,True
2021,11,3,0.3,-0.253042310099437,-20.0,False
2021,11,3,0.3,0.0464043662193439,3.0,True
2021,11,3,0.3,-0.1593105780072039,-7.0,False
2021,11,3,0.3,-0.0552092154363961,11.0,True
2021,11,3,0.3,0.2727792766184342,-9.0,False
2021,11,3,0.3,0.0566514341436573,-19.0,False
2021,11,3,0.3,-0.2207605232989547,10.0,True
2021,11,3,0.3,-0.1727330920719291,-10.0,False
2021,11,3,0.3,0.0997035718455641,4.0,True
2021,11,3,0.3,0.1475077040119295,20.0,True
2021,11,3,0.5,-0.0317962564158498,-25.0,False
2021,11,3,0.5,0.0790463984426403,-26.0,False
2021,11,3,0.5,-0.1913201345278034,-6.0,False
2021,11,3,0.5,-0.0989634731596163,-3.0,False
2021,11,3,0.5,0.2394710978892152,3.0,True
2021,11,3,0.5,-0.2219545038038516,-20.0,False
2021,11,3,0.5,0.0572167364131453,3.0,True
2021,11,3,0.5,-0.1155174390562273,-7.0,False
2021,11,3,0.5,-0.0324664016707426,11.0,True
2021,11,3,0.5,0.2412216274282048,-9.0,False
2021,11,3,0.5,0.0797878721356002,-19.0,False
2021,11,3,0.5,-0.1896496095618112,10.0,True
2021,11,3,0.5,-0.13113453750815,-10.0,False
2021,11,3,0.5,0.1052891388221986,4.0,True
2021,11,3,0.5,0.1457366253747251,20.0,True
2021,11,3,0.7,0.0028020722356209,-25.0,False
2021,11,3,0.7,0.0533423530278847,-26.0,False
2021,11,3,0.7,-0.2260172239267964,-6.0,False
2021,11,3,0.7,-0.1013951853771732,-3.0,False
2021,11,3,0.7,0.2407601828042787,3.0,True
2021,11,3,0.7,-0.2079792514324415,-20.0,False
2021,11,3,0.7,0.0620773431975147,3.0,True
2021,11,3,0.7,-0.0958306151241369,-7.0,False
2021,11,3,0.7,-0.0222425679595771,11.0,True
2021,11,3,0.7,0.2270351612784687,-9.0,False
2021,11,3,0.7,0.0901886561870242,-19.0,False
2021,11,3,0.7,-0.1756639694414439,10.0,True
2021,11,3,0.7,-0.1124342698602126,-10.0,False
2021,11,3,0.7,0.1078000817749976,4.0,True
2021,11,3,0.7,0.1449404524093762,20.0,True
2021,12,3,0.3,-0.1332573962325035,-2.0,False
2021,12,3,0.3,0.0973600678279175,-3.0,False
2021,12,3,0.3,-0.1507974592565879,-25.0,False
2021,12,3,0.3,0.0772928382103702,31.0,True
2021,12,3,0.3,-0.0429820034119721,-7.0,False
2021,12,3,0.3,-0.0483029380408492,-7.0,False
2021,12,3,0.3,-0.0150522711393658,-7.0,False
2021,12,3,0.3,0.0079007481141155,23.0,True
2021,12,3,0.3,0.0621181544081956,23.0,True
2021,12,3,0.3,-0.0953428599498874,6.0,True
2021,12,3,0.3,-0.130595616135354,15.0,True
2021,12,3,0.3,-0.065854778746337,8.0,True
2021,12,3,0.3,0.0636554502861748,8.0,True
2021,12,3,0.3,-0.0615468073595034,6.0,True
2021,12,3,0.3,0.0266973983373674,2.0,True
2021,12,3,0.5,-0.1241767098957479,-2.0,False
2021,12,3,0.5,0.0795748543071622,-3.0,False
2021,12,3,0.5,-0.1090368502702143,-25.0,False
2021,12,3,0.5,0.0397406040274321,31.0,True
2021,12,3,0.5,-0.0793698735115521,-7.0,False
2021,12,3,0.5,-0.0577781667112124,-7.0,False
2021,12,3,0.5,-0.0126112509688873,-7.0,False
2021,12,3,0.5,0.0545784126390808,23.0,True
2021,12,3,0.5,0.0283833561953528,23.0,True
2021,12,3,0.5,-0.0899212648582696,6.0,True
2021,12,3,0.5,-0.152345531019432,15.0,True
2021,12,3,0.5,-0.0463668109696241,8.0,True
2021,12,3,0.5,0.0454921366320516,8.0,True
2021,12,3,0.5,-0.0582674565984021,6.0,True
2021,12,3,0.5,0.0377762355356,2.0,True
2021,12,3,0.7,-0.1200945664966559,-2.0,False
2021,12,3,0.7,0.0715796665776484,-3.0,False
2021,12,3,0.7,-0.0902637324690004,-25.0,False
2021,12,3,0.7,0.0228593244406068,31.0,True
2021,12,3,0.7,-0.0957277233728312,-7.0,False
2021,12,3,0.7,-0.062037673177706,-7.0,False
2021,12,3,0.7,-0.0115139116261951,-7.0,False
2021,12,3,0.7,0.0755619499025973,23.0,True
2021,12,3,0.7,0.0132181716776529,23.0,True
2021,12,3,0.7,-0.087484034037267,6.0,True
2021,12,3,0.7,-0.1621230156920908,15.0,True
2021,12,3,0.7,-0.0376061649048632,8.0,True
2021,12,3,0.7,0.0373269772829503,8.0,True
2021,12,3,0.7,-0.0567932530452465,6.0,True
2021,12,3,0.7,0.0427566302393927,2.0,True
2021,13,3,0.3,-0.174322920939527,-10.0,False
2021,13,3,0.3,-0.2186939292946486,-13.0,False
2021,13,3,0.3,-0.2733589263357955,-11.0,False
2021,13,3,0.3,-0.0279603664104178,-19.0,False
2021,13,3,0.3,-0.2285835252004478,2.0,True
2021,13,3,0.3,-0.2849685217668078,-31.0,False
2021,13,3,0.3,0.0374023874040347,11.0,True
2021,13,3,0.3,-0.1771221564654364,-15.0,False
2021,13,3,0.3,0.2750673104603898,30.0,True
2021,13,3,0.3,0.0480151874788575,-2.0,False
2021,13,3,0.3,-0.0680031484443752,1.0,True
2021,13,3,0.3,-0.145101509431442,7.0,True
2021,13,3,0.3,0.0575329551183976,13.0,True
2021,13,3,0.3,0.0875576610787284,-4.0,False
2021,13,3,0.5,-0.1683886800081437,-10.0,False
2021,13,3,0.5,-0.1968315648760232,-13.0,False
2021,13,3,0.5,-0.2487737950167713,-11.0,False
2021,13,3,0.5,-0.0597494484434174,-19.0,False
2021,13,3,0.5,-0.2453998012860621,2.0,True
2021,13,3,0.5,-0.2834869639048291,-31.0,False
2021,13,3,0.5,0.0336647166497984,11.0,True
2021,13,3,0.5,-0.1396128928226225,-15.0,False
2021,13,3,0.5,0.2137326400215036,30.0,True
2021,13,3,0.5,0.0288474920706812,-2.0,False
2021,13,3,0.5,-0.0507714653838242,1.0,True
2021,13,3,0.5,-0.1239195839312008,7.0,True
2021,13,3,0.5,0.0828566281307008,13.0,True
2021,13,3,0.5,0.0721535845166034,-4.0,False
2021,13,3,0.7,-0.1657209937178888,-10.0,False
2021,13,3,0.7,-0.1870035294951733,-13.0,False
2021,13,3,0.7,-0.2377217635063843,-11.0,False
2021,13,3,0.7,-0.0740399532105457,-19.0,False
2021,13,3,0.7,-0.2529594116364758,2.0,True
2021,13,3,0.7,-0.2828209424806367,-31.0,False
2021,13,3,0.7,0.031984479338261,11.0,True
2021,13,3,0.7,-0.1227509302675961,-15.0,False
2021,13,3,0.7,0.186160173493931,30.0,True
2021,13,3,0.7,0.0202308216578313,-2.0,False
2021,13,3,0.7,-0.0430251124483472,1.0,True
2021,13,3,0.7,-0.1143974339356795,7.0,True
2021,13,3,0.7,0.0942406646224701,13.0,True
2021,13,3,0.7,0.0652288161538132,-4.0,False
2021,14,3,0.3,0.1663554722631799,8.0,True
2021,14,3,0.3,0.0172467673537839,-8.0,False
2021,14,3,0.3,0.0855687827622132,2.0,True
2021,14,3,0.3,-0.2032342754811584,-20.0,False
2021,14,3,0.3,-0.0341007137211818,39.0,True
2021,14,3,0.3,-0.164730339567228,-21.0,False
2021,14,3,0.3,0.1640709665354476,20.0,True
2021,14,3,0.3,-0.1488792166076292,-7.0,False
2021,14,3,0.3,0.1241012502409255,28.0,True
2021,14,3,0.3,0.1341427280131593,16.0,True
2021,14,3,0.3,-0.11982874036639,-3.0,False
2021,14,3,0.3,-0.0074096646504303,6.0,True
2021,14,3,0.3,0.1874962438256954,15.0,True
2021,14,3,0.3,0.098067781607006,-7.0,False
2021,14,3,0.5,0.1649789710676542,8.0,True
2021,14,3,0.5,-0.0439091279639345,-8.0,False
2021,14,3,0.5,0.0733696083851592,2.0,True
2021,14,3,0.5,-0.2206020453185486,-20.0,False
2021,14,3,0.5,-0.039082869868991,39.0,True
2021,14,3,0.5,-0.1172682654993043,-21.0,False
2021,14,3,0.5,0.112755020423886,20.0,True
2021,14,3,0.5,-0.1029703985464809,-7.0,False
2021,14,3,0.5,0.1095489106988283,28.0,True
2021,14,3,0.5,0.1311755166546883,16.0,True
2021,14,3,0.5,-0.1376990600081407,-3.0,False
2021,14,3,0.5,0.0370506738777051,6.0,True
2021,14,3,0.5,0.1760417083024234,15.0,True
2021,14,3,0.5,0.0964571196475841,-7.0,False
2021,14,3,0.7,0.1643601769522344,8.0,True
2021,14,3,0.7,-0.071401227693918,-8.0,False
2021,14,3,0.7,0.067885575867034,2.0,True
2021,14,3,0.7,-0.2284095748784762,-20.0,False
2021,14,3,0.7,-0.0413225547427768,39.0,True
2021,14,3,0.7,-0.0959321037623477,-21.0,False
2021,14,3,0.7,0.0896863840985052,20.0,True
2021,14,3,0.7,-0.0823324895098179,-7.0,False
2021,14,3,0.7,0.1030070332899956,28.0,True
2021,14,3,0.7,0.1298416326495041,16.0,True
2021,14,3,0.7,-0.1457325064525975,-3.0,False
2021,14,3,0.7,0.057037431564665,6.0,True
2021,14,3,0.7,0.1708924216910443,15.0,True
2021,14,3,0.7,0.0957330606016054,-7.0,False
2021,15,3,0.3,0.0032302590957811,-6.0,False
2021,15,3,0.3,-0.0054756878817839,10.0,True
2021,15,3,0.3,0.240416905363644,17.0,True
2021,15,3,0.3,-0.3281412284684882,18.0,True
2021,15,3,0.3,0.0595265159087736,-14.0,False
2021,15,3,0.3,0.1837439632616259,7.0,True
2021,15,3,0.3,-0.279646023728561,-15.0,False
2021,15,3,0.3,-0.0936476127150973,6.0,True
2021,15,3,0.3,0.0005314306854504,-5.0,False
2021,15,3,0.3,0.212101090404666,18.0,True
2021,15,3,0.3,-0.1604686018507236,-1.0,False
2021,15,3,0.3,0.2037657476277115,-9.0,False
2021,15,3,0.3,-0.0184973817987749,-2.0,False
2021,15,3,0.3,-0.2138832318042277,-8.0,False
2021,15,3,0.3,0.1253132411385425,10.0,True
2021,15,3,0.3,0.0475854979073727,10.0,True
2021,15,3,0.5,0.0102479043498359,-6.0,False
2021,15,3,0.5,0.0195983988142213,10.0,True
2021,15,3,0.5,0.2340792817918423,17.0,True
2021,15,3,0.5,-0.3079419494225389,18.0,True
2021,15,3,0.5,0.0945390326074773,-14.0,False
2021,15,3,0.5,0.1400111260886028,7.0,True
2021,15,3,0.5,-0.2320775989336317,-15.0,False
2021,15,3,0.5,-0.0598538579265518,6.0,True
2021,15,3,0.5,0.0061934481239639,-5.0,False
2021,15,3,0.5,0.1837770613567754,18.0,True
2021,15,3,0.5,-0.1497251863155432,-1.0,False
2021,15,3,0.5,0.215538026378589,-9.0,False
2021,15,3,0.5,-0.0408309579825539,-2.0,False
2021,15,3,0.5,-0.2118582010767213,-8.0,False
2021,15,3,0.5,0.0891519684513407,10.0,True
2021,15,3,0.5,0.0191035134906674,10.0,True
2021,15,3,0.7,0.0134026256108329,-6.0,False
2021,15,3,0.7,0.0308702359527926,10.0,True
2021,15,3,0.7,0.2312302583513076,17.0,True
2021,15,3,0.7,-0.2988615395761947,18.0,True
2021,15,3,0.7,0.1102786043344175,-14.0,False
2021,15,3,0.7,0.1203514102952254,7.0,True
2021,15,3,0.7,-0.2106936281542598,-15.0,False
2021,15,3,0.7,-0.0446621699940864,6.0,True
2021,15,3,0.7,0.0087387587155891,-5.0,False
2021,15,3,0.7,0.1710442409590999,18.0,True
2021,15,3,0.7,-0.1448955774969758,-1.0,False
2021,15,3,0.7,0.2208301516886164,-9.0,False
2021,15,3,0.7,-0.0508708225055372,-2.0,False
2021,15,3,0.7,-0.2109478661625211,-8.0,False
2021,15,3,0.7,0.0728959834818646,10.0,True
2021,15,3,0.7,0.0062996856336164,10.0,True
2021,16,3,0.3,-0.1937581640398859,3.0,True
2021,16,3,0.3,0.0924575152536109,2.0,True
2021,16,3,0.3,0.0501273515879784,-6.0,False
2021,16,3,0.3,0.0084510631435029,4.0,True
2021,16,3,0.3,-0.2451096647843078,-26.0,False
2021,16,3,0.3,0.0481466150721543,20.0,True
2021,16,3,0.3,-0.2892166441849474,12.0,True
2021,16,3,0.3,-0.0402924220455561,-7.0,False
2021,16,3,0.3,-0.0826889481340278,-12.0,False
2021,16,3,0.3,-0.0375353262405593,5.0,True
2021,16,3,0.3,0.1818999551755991,24.0,True
2021,16,3,0.3,0.0953741398480315,-1.0,False
2021,16,3,0.3,0.1698946042658138,26.0,True
2021,16,3,0.3,0.0477710691070363,4.0,True
2021,16,3,0.3,0.2433026785133062,42.0,True
2021,16,3,0.3,-0.0119479633783594,-17.0,False
2021,16,3,0.5,-0.1971317478753395,3.0,True
2021,16,3,0.5,0.1057473696385299,2.0,True
2021,16,3,0.5,0.0512753295388561,-6.0,False
2021,16,3,0.5,0.0377447127518495,4.0,True
2021,16,3,0.5,-0.2655136076674346,-26.0,False
2021,16,3,0.5,0.0052773023234355,20.0,True
2021,16,3,0.5,-0.3008630678193549,12.0,True
2021,16,3,0.5,-0.0086191882702738,-7.0,False
2021,16,3,0.5,-0.0770446544439048,-12.0,False
2021,16,3,0.5,-0.0387783724455161,5.0,True
2021,16,3,0.5,0.1515463779700853,24.0,True
2021,16,3,0.5,0.1051431383586449,-1.0,False
2021,16,3,0.5,0.1559996635250446,26.0,True
2021,16,3,0.5,0.076052507081323,4.0,True
2021,16,3,0.5,0.1788141076570247,42.0,True
2021,16,3,0.5,-0.0153586622397771,-17.0,False
2021,16,3,0.7,-0.1986483130857727,3.0,True
2021,16,3,0.7,0.1117217078482642,2.0,True
2021,16,3,0.7,0.0517913930213608,-6.0,False
2021,16,3,0.7,0.0509134176216566,4.0,True
2021,16,3,0.7,-0.2746860223580146,-26.0,False
2021,16,3,0.7,-0.0139942235911261,20.0,True
2021,16,3,0.7,-0.3060986160586758,12.0,True
2021,16,3,0.7,0.0056192379222842,-7.0,False
2021,16,3,0.7,-0.0745073114088954,-12.0,False
2021,16,3,0.7,-0.0393371730330655,5.0,True
2021,16,3,0.7,0.1379011918868726,24.0,True
2021,16,3,0.7,0.1095347064964436,-1.0,False
2021,16,3,0.7,0.1497533140177263,26.0,True
2021,16,3,0.7,0.0887661810330665,4.0,True
2021,16,3,0.7,0.1498238326849349,42.0,True
2021,16,3,0.7,-0.0168919121866529,-17.0,False
2021,17,3,0.3,-0.1525630811401071,-1.0,False
2021,17,3,0.3,0.2345495817724723,14.0,True
2021,17,3,0.3,0.0529390596116736,26.0,True
2021,17,3,0.3,-0.0660959883158416,3.0,True
2021,17,3,0.3,0.0426096924188963,-3.0,False
2021,17,3,0.3,0.2139072145681129,40.0,True
2021,17,3,0.3,-0.3430484551000654,-4.0,False
2021,17,3,0.3,-0.0075998134094251,31.0,True
2021,17,3,0.3,-0.1328006072172072,-4.0,False
2021,17,3,0.3,0.0821050547959715,21.0,True
2021,17,3,0.3,0.3440992144526904,16.0,True
2021,17,3,0.3,0.0516964558554419,-3.0,False
2021,17,3,0.3,0.0799416897634759,8.0,True
2021,17,3,0.3,0.1076030076661924,22.0,True
2021,17,3,0.3,0.0521993792656561,27.0,True
2021,17,3,0.3,-0.0975027257070248,12.0,True
2021,17,3,0.5,-0.1076432437458535,-1.0,False
2021,17,3,0.5,0.1762283154349501,14.0,True
2021,17,3,0.5,0.0377077009839081,26.0,True
2021,17,3,0.5,-0.0846512804122347,3.0,True
2021,17,3,0.5,0.0290662537525341,-3.0,False
2021,17,3,0.5,0.1610896431133104,40.0,True
2021,17,3,0.5,-0.3042659403810649,-4.0,False
2021,17,3,0.5,-0.0025247574248619,31.0,True
2021,17,3,0.5,-0.0802703345435981,-4.0,False
2021,17,3,0.5,0.1130668446742222,21.0,True
2021,17,3,0.5,0.3359919680536772,16.0,True
2021,17,3,0.5,0.0201503530556236,-3.0,False
2021,17,3,0.5,0.0790896720251235,8.0,True
2021,17,3,0.5,0.1156184118312812,22.0,True
2021,17,3,0.5,0.038521243881842,27.0,True
2021,17,3,0.5,-0.0707063044134418,12.0,True
2021,17,3,0.7,-0.0874499223484367,-1.0,False
2021,17,3,0.7,0.1500104984575319,14.0,True
2021,17,3,0.7,0.0308605764631694,26.0,True
2021,17,3,0.7,-0.0929926502537325,3.0,True
2021,17,3,0.7,0.0229779189392152,-3.0,False
2021,17,3,0.7,0.1373459642024359,40.0,True
2021,17,3,0.7,-0.2868315989018812,-4.0,False
2021,17,3,0.7,-0.0002433102391409,31.0,True
2021,17,3,0.7,-0.0566558082958289,-4.0,False
2021,17,3,0.7,0.1269854474635276,21.0,True
2021,17,3,0.7,0.3323474260944877,16.0,True
2021,17,3,0.7,0.0059690774850631,-3.0,False
2021,17,3,0.7,0.07870665487669,8.0,True
2021,17,3,0.7,0.1192216669146697,22.0,True
2021,17,3,0.7,0.0323723573331549,27.0,True
2021,17,3,0.7,-0.0586602067677028,12.0,True
2022,4,3,0.3,-0.2324319579569609,12.0,True
2022,4,3,0.3,-0.2157004829290016,-3.0,False
2022,4,3,0.3,-0.2292535563795892,3.0,True
2022,4,3,0.3,-0.2325320941098174,-3.0,False
2022,4,3,0.3,0.1906580016774653,15.0,True
2022,4,3,0.3,0.0435841710704758,-3.0,False
2022,4,3,0.3,-0.0679521773239909,-10.0,False
2022,4,3,0.3,-0.1655353590350885,-7.0,False
2022,4,3,0.3,-0.111607341163672,8.0,True
2022,4,3,0.3,0.2773233504891614,8.0,True
2022,4,3,0.3,0.2127387522586216,-4.0,False
2022,4,3,0.3,-0.0341993113653572,-10.0,False
2022,4,3,0.3,0.1105245588168689,3.0,True
2022,4,3,0.3,-0.1608223621035249,9.0,True
2022,4,3,0.3,-0.0085646905151086,-10.0,False
2022,4,3,0.3,-0.0154539083887162,15.0,True
2022,4,3,0.5,-0.2817296683655471,12.0,True
2022,4,3,0.5,-0.2146140115158009,-3.0,False
2022,4,3,0.5,-0.1657247075164432,3.0,True
2022,4,3,0.5,-0.1748319082724739,-3.0,False
2022,4,3,0.5,0.1434685887078762,15.0,True
2022,4,3,0.5,-0.0027936100117268,-3.0,False
2022,4,3,0.5,-0.0920408370255748,-10.0,False
2022,4,3,0.5,-0.1407674639538386,-7.0,False
2022,4,3,0.5,-0.1323515391117196,8.0,True
2022,4,3,0.5,0.2236112937284137,8.0,True
2022,4,3,0.5,0.158681420357837,-4.0,False
2022,4,3,0.5,-0.1262472885201119,-10.0,False
2022,4,3,0.5,0.1247391839721922,3.0,True
2022,4,3,0.5,-0.1191145055046411,9.0,True
2022,4,3,0.5,-0.0059477427601519,-10.0,False
2022,4,3,0.5,-0.0299846058795962,15.0,True
2022,4,3,0.7,-0.3038910244207831,12.0,True
2022,4,3,0.7,-0.2141255977612427,-3.0,False
2022,4,3,0.7,-0.1371658672018179,3.0,True
2022,4,3,0.7,-0.1488932926208242,-3.0,False
2022,4,3,0.7,0.1222549993912718,15.0,True
2022,4,3,0.7,-0.0236423372872124,-3.0,False
2022,4,3,0.7,-0.1028696840473878,-10.0,False
2022,4,3,0.7,-0.1296332725870383,-7.0,False
2022,4,3,0.7,-0.1416769125012089,8.0,True
2022,4,3,0.7,0.1994655067442244,8.0,True
2022,4,3,0.7,0.1343804179437229,-4.0,False
2022,4,3,0.7,-0.16762665439702,-10.0,False
2022,4,3,0.7,0.1311292448218332,3.0,True
2022,4,3,0.7,-0.1003651020794548,9.0,True
2022,4,3,0.7,-0.0047713167051714,-10.0,False
2022,4,3,0.7,-0.0365167542929276,15.0,True
2022,5,3,0.3,0.1874598206124907,-3.0,False
2022,5,3,0.3,0.0862967307746415,-5.0,False
2022,5,3,0.3,0.2840519899592186,35.0,True
2022,5,3,0.3,-0.0095721927986269,-2.0,False
2022,5,3,0.3,0.2382879434823384,-7.0,False
2022,5,3,0.3,0.0604149222648794,7.0,True
2022,5,3,0.3,0.0466672044014941,29.0,True
2022,5,3,0.3,-0.1783619255166967,7.0,True
2022,5,3,0.3,-0.1696089726862473,23.0,True
2022,5,3,0.3,0.0846437482337617,6.0,True
2022,5,3,0.3,-0.174736966076606,-4.0,False
2022,5,3,0.3,-0.3479207936819586,-22.0,False
2022,5,3,0.3,-0.3535506965879693,-3.0,False
2022,5,3,0.3,-0.0385266613971541,-12.0,False
2022,5,3,0.3,0.0772080679893522,2.0,True
2022,5,3,0.3,0.2461252069134263,1.0,True
2022,5,3,0.5,0.1265566013316943,-3.0,False
2022,5,3,0.5,0.0837509752904178,-5.0,False
2022,5,3,0.5,0.2466320975616738,35.0,True
2022,5,3,0.5,-0.0122382092231172,-2.0,False
2022,5,3,0.5,0.2240938215122586,-7.0,False
2022,5,3,0.5,0.0452442488289046,7.0,True
2022,5,3,0.5,0.0026044094415252,29.0,True
2022,5,3,0.5,-0.2033641549906409,7.0,True
2022,5,3,0.5,-0.1949775927342604,23.0,True
2022,5,3,0.5,0.0196085964211146,6.0,True
2022,5,3,0.5,-0.1388997547188941,-4.0,False
2022,5,3,0.5,-0.2983128389390708,-22.0,False
2022,5,3,0.5,-0.2441427723792225,-3.0,False
2022,5,3,0.5,-0.0057298336391697,-12.0,False
2022,5,3,0.5,0.0950646015098474,2.0,True
2022,5,3,0.5,0.2030218291164835,1.0,True
2022,5,3,0.7,0.0991780899118866,-3.0,False
2022,5,3,0.7,0.0826065531002622,-5.0,False
2022,5,3,0.7,0.2298103110710345,35.0,True
2022,5,3,0.7,-0.0134366936708239,-2.0,False
2022,5,3,0.7,0.2177129776908465,-7.0,False
2022,5,3,0.7,0.0384244048072279,7.0,True
2022,5,3,0.7,-0.0172036359991945,29.0,True
2022,5,3,0.7,-0.2146036893413131,7.0,True
2022,5,3,0.7,-0.2063818347741929,23.0,True
2022,5,3,0.7,-0.0096273892561303,6.0,True
2022,5,3,0.7,-0.1227894486957026,-4.0,False
2022,5,3,0.7,-0.2760120152473139,-22.0,False
2022,5,3,0.7,-0.194959393606483,-3.0,False
2022,5,3,0.7,0.0090136944355206,-12.0,False
2022,5,3,0.7,0.103091850523648,2.0,True
2022,5,3,0.7,0.1836450812995092,1.0,True
2022,6,3,0.3,-0.0345079525531067,-5.0,False
2022,6,3,0.3,-0.2120720099858135,14.0,True
2022,6,3,0.3,0.0971381732241273,-23.0,False
2022,6,3,0.3,0.1380012063816135,-17.0,False
2022,6,3,0.3,-0.2784237608164004,7.0,True
2022,6,3,0.3,0.0151193678776812,-8.0,False
2022,6,3,0.3,-0.012149346685663,-4.0,False
2022,6,3,0.3,-0.0969577149945297,4.0,True
2022,6,3,0.3,-0.223780616112649,2.0,True
2022,6,3,0.3,0.1222729256125554,14.0,True
2022,6,3,0.3,0.1757281377876285,10.0,True
2022,6,3,0.3,-0.0449454811768829,-4.0,False
2022,6,3,0.3,0.1250829646339375,9.0,True
2022,6,3,0.3,0.1972539107944123,3.0,True
2022,6,3,0.5,-0.0281981837919891,-5.0,False
2022,6,3,0.5,-0.117813552867796,14.0,True
2022,6,3,0.5,0.1237241199052342,-23.0,False
2022,6,3,0.5,0.1292280699830924,-17.0,False
2022,6,3,0.5,-0.2710682772835682,7.0,True
2022,6,3,0.5,0.0496659218867326,-8.0,False
2022,6,3,0.5,0.0015679153571183,-4.0,False
2022,6,3,0.5,-0.0904866014732487,4.0,True
2022,6,3,0.5,-0.1851977149751588,2.0,True
2022,6,3,0.5,0.1304039906358002,14.0,True
2022,6,3,0.5,0.1672363031972339,10.0,True
2022,6,3,0.5,-0.0097069685629167,-4.0,False
2022,6,3,0.5,0.090811520243521,9.0,True
2022,6,3,0.5,0.2599909548009884,3.0,True
2022,6,3,0.7,-0.025361682238826,-5.0,False
2022,6,3,0.7,-0.0754404849890541,14.0,True
2022,6,3,0.7,0.1356756005233464,-23.0,False
2022,6,3,0.7,0.1252841829782528,-17.0,False
2022,6,3,0.7,-0.2677616837688088,7.0,True
2022,6,3,0.7,0.0651960241476824,-8.0,False
2022,6,3,0.7,0.0077343909543319,-4.0,False
2022,6,3,0.7,-0.0875775687893701,4.0,True
2022,6,3,0.7,-0.1678531080417917,2.0,True
2022,6,3,0.7,0.1340592400499194,14.0,True
2022,6,3,0.7,0.1634188729685244,10.0,True
2022,6,3,0.7,0.0061341976580406,-4.0,False
2022,6,3,0.7,0.0754050911138843,9.0,True
2022,6,3,0.7,0.2881938461433941,3.0,True
2022,7,3,0.3,-0.1241548632020846,8.0,True
2022,7,3,0.3,0.05201971963795,3.0,True
2022,7,3,0.3,-0.292994164810087,18.0,True
2022,7,3,0.3,0.0389392179192123,18.0,True
2022,7,3,0.3,0.0727681260573762,18.0,True
2022,7,3,0.3,0.0783273350651724,-6.0,False
2022,7,3,0.3,0.0893718159382048,9.0,True
2022,7,3,0.3,-0.0915069851467085,2.0,True
2022,7,3,0.3,0.0420478399285582,-7.0,False
2022,7,3,0.3,0.1349744223007771,18.0,True
2022,7,3,0.3,0.0173065238157063,-14.0,False
2022,7,3,0.3,-0.0572795873261111,-21.0,False
2022,7,3,0.3,0.0085227517601622,6.0,True
2022,7,3,0.3,0.1693316469208614,-19.0,False
2022,7,3,0.5,-0.1116144712028846,8.0,True
2022,7,3,0.5,0.0096928534321228,3.0,True
2022,7,3,0.5,-0.2369804085830408,18.0,True
2022,7,3,0.5,-0.0073264711015038,18.0,True
2022,7,3,0.5,-0.0059017206290139,18.0,True
2022,7,3,0.5,0.1000345593297807,-6.0,False
2022,7,3,0.5,0.103458226306968,9.0,True
2022,7,3,0.5,-0.0929806413971143,2.0,True
2022,7,3,0.5,-0.0080085650651245,-7.0,False
2022,7,3,0.5,0.1449968117343761,18.0,True
2022,7,3,0.5,0.0224405453368062,-14.0,False
2022,7,3,0.5,-0.1064940834095171,-21.0,False
2022,7,3,0.5,0.0400336958965024,6.0,True
2022,7,3,0.5,0.1223894341626695,-19.0,False
2022,7,3,0.7,-0.1059770472766387,8.0,True
2022,7,3,0.7,-0.0093348203668269,3.0,True
2022,7,3,0.7,-0.2117999126644604,18.0,True
2022,7,3,0.7,-0.0281248083676973,18.0,True
2022,7,3,0.7,-0.0412670645522537,18.0,True
2022,7,3,0.7,0.1097928528065312,-6.0,False
2022,7,3,0.7,0.109790649316779,9.0,True
2022,7,3,0.7,-0.0936431107206913,2.0,True
2022,7,3,0.7,-0.0305109856586149,-7.0,False
2022,7,3,0.7,0.1495022895531501,18.0,True
2022,7,3,0.7,0.0247484999655577,-14.0,False
2022,7,3,0.7,-0.1286180311901307,-21.0,False
2022,7,3,0.7,0.0541991661963251,6.0,True
2022,7,3,0.7,0.1012869715466014,-19.0,False
2022,8,3,0.3,0.0001177827530145,-5.0,False
2022,8,3,0.3,0.0919057994788532,-4.0,False
2022,8,3,0.3,0.1159754057020416,3.0,True
2022,8,3,0.3,0.1306407085910219,20.0,True
2022,8,3,0.3,-0.003149814404457,-4.0,False
2022,8,3,0.3,0.0984994686744079,8.0,True
2022,8,3,0.3,-0.0665864906084222,24.0,True
2022,8,3,0.3,-0.0755858290618136,-5.0,False
2022,8,3,0.3,0.3064516663046246,22.0,True
2022,8,3,0.3,-0.0576627899929263,-7.0,False
2022,8,3,0.3,-0.0366690429149993,-1.0,False
2022,8,3,0.3,-0.1414229059723875,-17.0,False
2022,8,3,0.3,0.0950507930449971,14.0,True
2022,8,3,0.3,0.2511340110333463,10.0,True
2022,8,3,0.3,-0.0914121782142357,19.0,True
2022,8,3,0.5,-0.0095948480668291,-5.0,False
2022,8,3,0.5,0.1585068196605423,-4.0,False
2022,8,3,0.5,0.1550992472035048,3.0,True
2022,8,3,0.5,0.0852107863163259,20.0,True
2022,8,3,0.5,0.0322969224304996,-4.0,False
2022,8,3,0.5,0.0843182127356764,8.0,True
2022,8,3,0.5,-0.0814561962014584,24.0,True
2022,8,3,0.5,-0.0511301901800883,-5.0,False
2022,8,3,0.5,0.257456288598774,22.0,True
2022,8,3,0.5,-0.038584663126859,-7.0,False
2022,8,3,0.5,-0.0575477663964096,-1.0,False
2022,8,3,0.5,-0.1169656516410901,-17.0,False
2022,8,3,0.5,0.0804809699532008,14.0,True
2022,8,3,0.5,0.2114381463921051,10.0,True
2022,8,3,0.5,-0.0671305920187694,19.0,True
2022,8,3,0.7,-0.0139610766005203,-5.0,False
2022,8,3,0.7,0.1884467278156136,-4.0,False
2022,8,3,0.7,0.1726870291628782,3.0,True
2022,8,3,0.7,0.0647881607066003,20.0,True
2022,8,3,0.7,0.0482316940352048,-4.0,False
2022,8,3,0.7,0.0779431527265218,8.0,True
2022,8,3,0.7,-0.0881407427524564,24.0,True
2022,8,3,0.7,-0.0401363708662852,-5.0,False
2022,8,3,0.7,0.235430843575043,22.0,True
2022,8,3,0.7,-0.030008257471471,-7.0,False
2022,8,3,0.7,-0.0669336145669518,-1.0,False
2022,8,3,0.7,-0.1059711061160115,-17.0,False
2022,8,3,0.7,0.0739312329669804,14.0,True
2022,8,3,0.7,0.1935932164157672,10.0,True
2022,8,3,0.7,-0.0562150165731011,19.0,True
2022,9,3,0.3,-0.4379637073970243,-12.0,False
2022,9,3,0.3,-0.0490058260435495,-3.0,False
2022,9,3,0.3,-0.1041659540573953,-3.0,False
2022,9,3,0.3,0.1646321005342073,21.0,True
2022,9,3,0.3,0.0257568933783607,6.0,True
2022,9,3,0.3,0.0173365744981618,7.0,True
2022,9,3,0.3,0.0666910871633343,23.0,True
2022,9,3,0.3,-0.3053659442225909,3.0,True
2022,9,3,0.3,-0.0890795195301212,-3.0,False
2022,9,3,0.3,-0.1958386741332106,-10.0,False
2022,9,3,0.3,0.0881562110508724,3.0,True
2022,9,3,0.3,0.181072052847574,3.0,True
2022,9,3,0.3,-0.0367325900699246,-14.0,False
2022,9,3,0.5,-0.3567722052146793,-12.0,False
2022,9,3,0.5,-0.0167279058921591,-3.0,False
2022,9,3,0.5,-0.0911534361327926,-3.0,False
2022,9,3,0.5,0.1544450794959954,21.0,True
2022,9,3,0.5,0.0705287847175032,6.0,True
2022,9,3,0.5,0.0044394728342411,7.0,True
2022,9,3,0.5,0.0523513311425812,23.0,True
2022,9,3,0.5,-0.2815694506581256,3.0,True
2022,9,3,0.5,-0.0723316417735361,-3.0,False
2022,9,3,0.5,-0.1694465829440651,-10.0,False
2022,9,3,0.5,0.0604613293132808,3.0,True
2022,9,3,0.5,0.205333225787338,3.0,True
2022,9,3,0.5,-0.0193865173394145,-14.0,False
2022,9,3,0.7,-0.3202732730409647,-12.0,False
2022,9,3,0.7,-0.002217648209424,-3.0,False
2022,9,3,0.7,-0.085303772111641,-3.0,False
2022,9,3,0.7,0.1498655929742305,21.0,True
2022,9,3,0.7,0.0906555982552829,6.0,True
2022,9,3,0.7,-0.0013583068128424,7.0,True
2022,9,3,0.7,0.0459050188029766,23.0,True
2022,9,3,0.7,-0.2708719443768521,3.0,True
2022,9,3,0.7,-0.0648027792958051,-3.0,False
2022,9,3,0.7,-0.1575822483727979,-10.0,False
2022,9,3,0.7,0.0480113366055561,3.0,True
2022,9,3,0.7,0.2162396246318192,3.0,True
2022,9,3,0.7,-0.0115887415247815,-14.0,False
2022,10,3,0.3,-0.1351643263023209,10.0,True
2022,10,3,0.3,-0.0774774029647025,5.0,True
2022,10,3,0.3,0.1895149402442277,-3.0,False
2022,10,3,0.3,-0.1047255158460391,-1.0,False
2022,10,3,0.3,0.1006960986649735,10.0,True
2022,10,3,0.3,-0.0191277870155507,22.0,True
2022,10,3,0.3,0.1502866596789787,8.0,True
2022,10,3,0.3,-0.1320739362411798,10.0,True
2022,10,3,0.3,0.008281030112988,7.0,True
2022,10,3,0.3,0.1209474768727636,-5.0,False
2022,10,3,0.3,-0.1499237482429504,3.0,True
2022,10,3,0.3,-0.0050509388942047,-10.0,False
2022,10,3,0.3,0.1073173445829592,6.0,True
2022,10,3,0.3,0.3171879170159361,-11.0,False
2022,10,3,0.5,-0.164536702092278,10.0,True
2022,10,3,0.5,-0.0912533067237234,5.0,True
2022,10,3,0.5,0.1810888247904978,-3.0,False
2022,10,3,0.5,-0.1239807306171413,-1.0,False
2022,10,3,0.5,0.0761319872691602,10.0,True
2022,10,3,0.5,-0.0076455117864134,22.0,True
2022,10,3,0.5,0.1213410580907005,8.0,True
2022,10,3,0.5,-0.1208105947237265,10.0,True
2022,10,3,0.5,0.0389813076363604,7.0,True
2022,10,3,0.5,0.1639937355751415,-5.0,False
2022,10,3,0.5,-0.1108675787911156,3.0,True
2022,10,3,0.5,-0.0194434061880014,-10.0,False
2022,10,3,0.5,0.0748485942989176,6.0,True
2022,10,3,0.5,0.2627764603271601,-11.0,False
2022,10,3,0.7,-0.1777407976308826,10.0,True
2022,10,3,0.7,-0.097446144193375,5.0,True
2022,10,3,0.7,0.1773009380268945,-3.0,False
2022,10,3,0.7,-0.1326367445968111,-1.0,False
2022,10,3,0.7,0.0650894050820515,10.0,True
2022,10,3,0.7,-0.0024837550320306,22.0,True
2022,10,3,0.7,0.108328815174869,8.0,True
2022,10,3,0.7,-0.1157472577112934,10.0,True
2022,10,3,0.7,0.0527823498257663,7.0,True
2022,10,3,0.7,0.183344806000981,-5.0,False
2022,10,3,0.7,-0.0933102182118504,3.0,True
2022,10,3,0.7,-0.0259134144209925,-10.0,False
2022,10,3,0.7,0.0602525505932475,6.0,True
2022,10,3,0.7,0.2383162642010131,-11.0,False
2022,11,3,0.3,0.0187497326828848,-10.0,False
2022,11,3,0.3,0.0241464971554095,3.0,True
2022,11,3,0.3,0.2028705452094241,10.0,True
2022,11,3,0.3,0.1593833606355428,8.0,True
2022,11,3,0.3,-0.1375772513141269,-13.0,False
2022,11,3,0.3,-0.3298386041282894,-1.0,False
2022,11,3,0.3,-0.0025006758752865,7.0,True
2022,11,3,0.3,0.1021218620916663,7.0,True
2022,11,3,0.3,0.0101456753186681,-13.0,False
2022,11,3,0.3,-0.1102919635280224,-6.0,False
2022,11,3,0.3,-0.0902896009133898,-37.0,False
2022,11,3,0.3,-0.1790867192576691,-7.0,False
2022,11,3,0.3,-0.2447254471457139,-3.0,False
2022,11,3,0.3,-0.1812920112539225,-28.0,False
2022,11,3,0.5,0.0481848940748608,-10.0,False
2022,11,3,0.5,0.0332517427011232,3.0,True
2022,11,3,0.5,0.1935823223868201,10.0,True
2022,11,3,0.5,0.118270902865619,8.0,True
2022,11,3,0.5,-0.1026839809216556,-13.0,False
2022,11,3,0.5,-0.2899754586401081,-1.0,False
2022,11,3,0.5,-0.0151178296110836,7.0,True
2022,11,3,0.5,0.1005737523203911,7.0,True
2022,11,3,0.5,-0.0311720083767686,-13.0,False
2022,11,3,0.5,-0.1888767321364418,-6.0,False
2022,11,3,0.5,-0.0772471074953952,-37.0,False
2022,11,3,0.5,-0.1484533696843097,-7.0,False
2022,11,3,0.5,-0.2394182217267306,-3.0,False
2022,11,3,0.5,-0.1477151585363804,-28.0,False
2022,11,3,0.7,0.0614172143336389,-10.0,False
2022,11,3,0.7,0.0373449264785542,3.0,True
2022,11,3,0.7,0.1894068827693193,10.0,True
2022,11,3,0.7,0.0997891557947358,8.0,True
2022,11,3,0.7,-0.0869980153323794,-13.0,False
2022,11,3,0.7,-0.2720553290169806,-1.0,False
2022,11,3,0.7,-0.0207897611069923,7.0,True
2022,11,3,0.7,0.0998778130654141,7.0,True
2022,11,3,0.7,-0.0497460129737998,-13.0,False
2022,11,3,0.7,-0.2242038299512357,-6.0,False
2022,11,3,0.7,-0.0713839682524434,-37.0,False
2022,11,3,0.7,-0.1346824143715152,-7.0,False
2022,11,3,0.7,-0.237032404795261,-3.0,False
2022,11,3,0.7,-0.1326209770395036,-28.0,False
2022,12,3,0.3,-0.106048060073983,-3.0,False
2022,12,3,0.3,0.1381318760171158,8.0,True
2022,12,3,0.3,-0.0030065415742451,7.0,True
2022,12,3,0.3,-0.0275516297741224,13.0,True
2022,12,3,0.3,-0.0249828809991072,6.0,True
2022,12,3,0.3,-0.0814585815585201,1.0,True
2022,12,3,0.3,0.3197638027368976,15.0,True
2022,12,3,0.3,0.0206053455283118,21.0,True
2022,12,3,0.3,-0.0864023424950485,-4.0,False
2022,12,3,0.3,0.0128708058066497,6.0,True
2022,12,3,0.3,-0.0293794800031728,-1.0,False
2022,12,3,0.3,0.0418597121685788,-6.0,False
2022,12,3,0.3,0.3084076512080661,16.0,True
2022,12,3,0.3,0.137005255391266,13.0,True
2022,12,3,0.3,0.2081574182396224,7.0,True
2022,12,3,0.3,-0.0424751077423613,-7.0,False
2022,12,3,0.5,-0.0578925543304803,-3.0,False
2022,12,3,0.5,0.1120940518504581,8.0,True
2022,12,3,0.5,0.0335149272440276,7.0,True
2022,12,3,0.5,0.0097216938514125,13.0,True
2022,12,3,0.5,0.0247517829057368,6.0,True
2022,12,3,0.5,-0.0301318804565029,1.0,True
2022,12,3,0.5,0.3030135051603624,15.0,True
2022,12,3,0.5,-0.0194707335453566,21.0,True
2022,12,3,0.5,-0.0937023782198204,-4.0,False
2022,12,3,0.5,-0.0278506363285112,6.0,True
2022,12,3,0.5,-0.0309713110988033,-1.0,False
2022,12,3,0.5,0.0081020114807046,-6.0,False
2022,12,3,0.5,0.2875759240190882,16.0,True
2022,12,3,0.5,0.0978327476706566,13.0,True
2022,12,3,0.5,0.1485917126469114,7.0,True
2022,12,3,0.5,-0.0587776626493855,-7.0,False
2022,12,3,0.7,-0.0362446664274377,-3.0,False
2022,12,3,0.7,0.1003889749315019,8.0,True
2022,12,3,0.7,0.0499328352449025,7.0,True
2022,12,3,0.7,0.0264775916280292,13.0,True
2022,12,3,0.7,0.0471095675969052,6.0,True
2022,12,3,0.7,-0.0070584093188989,1.0,True
2022,12,3,0.7,0.2954835548736631,15.0,True
2022,12,3,0.7,-0.0374865856059965,21.0,True
2022,12,3,0.7,-0.0969840456557271,-4.0,False
2022,12,3,0.7,-0.0461566057287212,6.0,True
2022,12,3,0.7,-0.0316869048940866,-1.0,False
2022,12,3,0.7,-0.0070734686450369,-6.0,False
2022,12,3,0.7,0.2782112026222083,16.0,True
2022,12,3,0.7,0.0802230882366211,13.0,True
2022,12,3,0.7,0.1218144688483534,7.0,True
2022,12,3,0.7,-0.0661063341213505,-7.0,False
2022,13,3,0.3,-0.1262996568971746,-14.0,False
2022,13,3,0.3,-0.0026328195722328,-3.0,False
2022,13,3,0.3,0.2125512549663828,1.0,True
2022,13,3,0.3,-0.0994868154127523,-9.0,False
2022,13,3,0.3,0.0110284187182054,26.0,True
2022,13,3,0.3,-0.2906833457623447,-13.0,False
2022,13,3,0.3,-0.0151583132281441,5.0,True
2022,13,3,0.3,0.0094330198093073,0.0,False
2022,13,3,0.3,0.2216375791946417,25.0,True
2022,13,3,0.3,-0.18473491024635,-4.0,False
2022,13,3,0.3,0.0174168217456876,16.0,True
2022,13,3,0.3,-0.1205238695144184,3.0,True
2022,13,3,0.3,0.1133711236583572,7.0,True
2022,13,3,0.3,0.2166146756031662,35.0,True
2022,13,3,0.3,0.0331431260147336,1.0,True
2022,13,3,0.5,-0.1376497017152612,-14.0,False
2022,13,3,0.5,0.0125294990204908,-3.0,False
2022,13,3,0.5,0.2200984003506843,1.0,True
2022,13,3,0.5,-0.0847667275530398,-9.0,False
2022,13,3,0.5,0.0093471041593143,26.0,True
2022,13,3,0.5,-0.2778049106756527,-13.0,False
2022,13,3,0.5,0.0146441507642357,5.0,True
2022,13,3,0.5,0.032792052702847,0.0,False
2022,13,3,0.5,0.1951376293095784,25.0,True
2022,13,3,0.5,-0.1677962161431901,-4.0,False
2022,13,3,0.5,-0.0245942880462837,16.0,True
2022,13,3,0.5,-0.1192404136091473,3.0,True
2022,13,3,0.5,0.1290887717499859,7.0,True
2022,13,3,0.5,0.1888965277827745,35.0,True
2022,13,3,0.5,-0.0098639060054707,1.0,True
2022,13,3,0.7,-0.1427520154408231,-14.0,False
2022,13,3,0.7,0.0193455871952015,-3.0,False
2022,13,3,0.7,0.2234911537803244,1.0,True
2022,13,3,0.7,-0.0781494403500497,-9.0,False
2022,13,3,0.7,0.0085912838530237,26.0,True
2022,13,3,0.7,-0.2720155224256721,-13.0,False
2022,13,3,0.7,0.0280415887057642,5.0,True
2022,13,3,0.7,0.0432929023522365,0.0,False
2022,13,3,0.7,0.1832248078016142,25.0,True
2022,13,3,0.7,-0.1601815738399348,-4.0,False
2022,13,3,0.7,-0.04348001630139,16.0,True
2022,13,3,0.7,-0.1186634471930162,3.0,True
2022,13,3,0.7,0.1361545034609016,7.0,True
2022,13,3,0.7,0.1764360760103048,35.0,True
2022,13,3,0.7,-0.0291973424182232,1.0,True
2022,14,3,0.3,-0.2234467931652485,1.0,True
2022,14,3,0.3,0.1773218167122043,8.0,True
2022,14,3,0.3,0.1006560997655114,13.0,True
2022,14,3,0.3,0.3832733520831957,4.0,True
2022,14,3,0.3,0.084826975966579,11.0,True
2022,14,3,0.3,-0.2746790833627495,-26.0,False
2022,14,3,0.3,-0.0938485118217012,-2.0,False
2022,14,3,0.3,-0.0103909324895467,-14.0,False
2022,14,3,0.3,-0.3085176230273551,-6.0,False
2022,14,3,0.3,0.1405338078760347,-6.0,False
2022,14,3,0.3,0.0969512524163229,28.0,True
2022,14,3,0.3,-0.2040070727180404,6.0,True
2022,14,3,0.3,-0.110502688661463,-14.0,False
2022,14,3,0.5,-0.2253979689587502,1.0,True
2022,14,3,0.5,0.1833882454432265,8.0,True
2022,14,3,0.5,0.0840409044199053,13.0,True
2022,14,3,0.5,0.3229302484338292,4.0,True
2022,14,3,0.5,0.0962541051900077,11.0,True
2022,14,3,0.5,-0.2227450040499616,-26.0,False
2022,14,3,0.5,-0.0632731248697527,-2.0,False
2022,14,3,0.5,-0.0468407454879217,-14.0,False
2022,14,3,0.5,-0.3344001056724642,-6.0,False
2022,14,3,0.5,0.1465245371000851,-6.0,False
2022,14,3,0.5,0.0946122913205456,28.0,True
2022,14,3,0.5,-0.1982867712055345,6.0,True
2022,14,3,0.5,-0.0791909832647255,-14.0,False
2022,14,3,0.7,-0.2262751030310583,1.0,True
2022,14,3,0.7,0.1861153556067136,8.0,True
2022,14,3,0.7,0.0765716881636235,13.0,True
2022,14,3,0.7,0.2958035321143892,4.0,True
2022,14,3,0.7,0.1013910715381545,11.0,True
2022,14,3,0.7,-0.199398491331369,-26.0,False
2022,14,3,0.7,-0.0495282261482346,-2.0,False
2022,14,3,0.7,-0.0632264412394847,-14.0,False
2022,14,3,0.7,-0.3460353501643023,-6.0,False
2022,14,3,0.7,0.1492176172099793,-6.0,False
2022,14,3,0.7,0.0935608317453797,28.0,True
2022,14,3,0.7,-0.1957152595164264,6.0,True
2022,14,3,0.7,-0.0651150790038069,-14.0,False
2022,15,3,0.3,-0.0979743205950956,-8.0,False
2022,15,3,0.3,0.0672590275441239,3.0,True
2022,15,3,0.3,-0.0717973628499296,10.0,True
2022,15,3,0.3,0.0779700009919997,3.0,True
2022,15,3,0.3,-0.0340473480014065,-8.0,False
2022,15,3,0.3,-0.3481610678446492,-5.0,False
2022,15,3,0.3,-0.475824145196041,-6.0,False
2022,15,3,0.3,-0.0625831441975783,6.0,True
2022,15,3,0.3,0.0246895700138896,3.0,True
2022,15,3,0.3,-0.134227743247964,-3.0,False
2022,15,3,0.3,-0.0192664352672679,9.0,True
2022,15,3,0.3,0.0470826826468246,6.0,True
2022,15,3,0.3,-0.0457503521399723,3.0,True
2022,15,3,0.3,-0.1356146675256775,-11.0,False
2022,15,3,0.3,-0.0212945478042132,-8.0,False
2022,15,3,0.3,0.1581067199852606,12.0,True
2022,15,3,0.5,-0.0605507039536581,-8.0,False
2022,15,3,0.5,0.0844677778453638,3.0,True
2022,15,3,0.5,-0.0383969091912281,10.0,True
2022,15,3,0.5,0.0549527426610816,3.0,True
2022,15,3,0.5,-0.0565622687968489,-8.0,False
2022,15,3,0.5,-0.2666242145232517,-5.0,False
2022,15,3,0.5,-0.4366161157461322,-6.0,False
2022,15,3,0.5,-0.0007175487283165,6.0,True
2022,15,3,0.5,0.0006318062572063,3.0,True
2022,15,3,0.5,-0.1695626060982923,-3.0,False
2022,15,3,0.5,-0.0553494495920207,9.0,True
2022,15,3,0.5,0.089164549687639,6.0,True
2022,15,3,0.5,-0.0312130474238131,3.0,True
2022,15,3,0.5,-0.1458206302881327,-11.0,False
2022,15,3,0.5,-0.050842764050675,-8.0,False
2022,15,3,0.5,0.1600656578788109,12.0,True
2022,15,3,0.7,-0.0437272432616357,-8.0,False
2022,15,3,0.7,0.0922038215587653,3.0,True
2022,15,3,0.7,-0.0233820263538303,10.0,True
2022,15,3,0.7,0.0446055347875496,3.0,True
2022,15,3,0.7,-0.066683655209479,-8.0,False
2022,15,3,0.7,-0.2299700327549172,-5.0,False
2022,15,3,0.7,-0.4189904878282832,-6.0,False
2022,15,3,0.7,0.0270935905193332,6.0,True
2022,15,3,0.7,-0.0101831517618531,3.0,True
2022,15,3,0.7,-0.1854470857282564,-3.0,False
2022,15,3,0.7,-0.0715702541967261,9.0,True
2022,15,3,0.7,0.1080820862472711,6.0,True
2022,15,3,0.7,-0.0246779287899435,3.0,True
2022,15,3,0.7,-0.1504086318969428,-11.0,False
2022,15,3,0.7,-0.0641259071339468,-8.0,False
2022,15,3,0.7,0.1609462813355446,12.0,True
2022,16,3,0.3,-0.1044605826580882,-16.0,False
2022,16,3,0.3,0.0838096588760563,8.0,True
2022,16,3,0.3,-0.1483712898857344,14.0,True
2022,16,3,0.3,-0.2557240617184257,-22.0,False
2022,16,3,0.3,-0.0132365400669846,-7.0,False
2022,16,3,0.3,0.2145440913521157,14.0,True
2022,16,3,0.3,-0.0433661170644695,3.0,True
2022,16,3,0.3,-0.1151268457946431,-4.0,False
2022,16,3,0.3,0.2269314995184313,-5.0,False
2022,16,3,0.3,0.17857652697382,17.0,True
2022,16,3,0.3,-0.171249946135164,6.0,True
2022,16,3,0.3,-0.0905926308687641,3.0,True
2022,16,3,0.3,0.0681148663082579,-6.0,False
2022,16,3,0.3,-0.0658988897375167,37.0,True
2022,16,3,0.3,-0.0964617788757737,-3.0,False
2022,16,3,0.3,-0.0419985120769486,-17.0,False
2022,16,3,0.5,-0.1493893747661722,-16.0,False
2022,16,3,0.5,0.0324280491064358,8.0,True
2022,16,3,0.5,-0.1657226024194663,14.0,True
2022,16,3,0.5,-0.2093198108335897,-22.0,False
2022,16,3,0.5,-0.0078577101897611,-7.0,False
2022,16,3,0.5,0.1894266180969279,14.0,True
2022,16,3,0.5,-0.0356954642265959,3.0,True
2022,16,3,0.5,-0.1262684363261809,-4.0,False
2022,16,3,0.5,0.1869644356213962,-5.0,False
2022,16,3,0.5,0.1626141177964089,17.0,True
2022,16,3,0.5,-0.1453115293114601,6.0,True
2022,16,3,0.5,-0.0994118042109041,3.0,True
2022,16,3,0.5,0.0699906359977423,-6.0,False
2022,16,3,0.5,-0.0263973915135164,37.0,True
2022,16,3,0.5,-0.0633293744656872,-3.0,False
2022,16,3,0.5,-0.0531222708341954,-17.0,False
2022,16,3,0.7,-0.1695867216771458,-16.0,False
2022,16,3,0.7,0.0093298942558724,8.0,True
2022,16,3,0.7,-0.1735227337419698,14.0,True
2022,16,3,0.7,-0.1884591842890303,-22.0,False
2022,16,3,0.7,-0.0054397040981652,-7.0,False
2022,16,3,0.7,0.1781352769088159,14.0,True
2022,16,3,0.7,-0.0322471890976436,3.0,True
2022,16,3,0.7,-0.1312770412440283,-4.0,False
2022,16,3,0.7,0.1689975903832796,-5.0,False
2022,16,3,0.7,0.1554383558726187,17.0,True
2022,16,3,0.7,-0.1336511400971345,6.0,True
2022,16,3,0.7,-0.1033763867225083,3.0,True
2022,16,3,0.7,0.0708338719131985,-6.0,False
2022,16,3,0.7,-0.00863983726603,37.0,True
2022,16,3,0.7,-0.0484349908317951,-3.0,False
2022,16,3,0.7,-0.0581228596333248,-17.0,False
2022,17,3,0.3,-0.1237343721614024,-14.0,False
2022,17,3,0.3,0.0696016633812042,1.0,True
2022,17,3,0.3,0.1844439412685546,31.0,True
2022,17,3,0.3,-0.3340347138595205,-28.0,False
2022,17,3,0.3,0.3652293781917994,3.0,True
2022,17,3,0.3,-0.068723313291429,2.0,True
2022,17,3,0.3,0.138552757470375,28.0,True
2022,17,3,0.3,0.2070763668826186,-10.0,False
2022,17,3,0.3,0.0002020555947681,6.0,True
2022,17,3,0.3,-0.0365465997033835,-14.0,False
2022,17,3,0.3,-0.1172034144236591,-3.0,False
2022,17,3,0.3,0.0803214507951764,17.0,True
2022,17,3,0.3,0.048569487207642,24.0,True
2022,17,3,0.3,0.0669411918018693,21.0,True
2022,17,3,0.3,0.0531109686553193,-3.0,False
2022,17,3,0.5,-0.1174252748547921,-14.0,False
2022,17,3,0.5,0.0935492748581743,1.0,True
2022,17,3,0.5,0.1690307671343184,31.0,True
2022,17,3,0.5,-0.3206831174725949,-28.0,False
2022,17,3,0.5,0.3706011365457871,3.0,True
2022,17,3,0.5,-0.0945358376066254,2.0,True
2022,17,3,0.5,0.149791915867547,28.0,True
2022,17,3,0.5,0.1686980404734999,-10.0,False
2022,17,3,0.5,-0.0162586166944222,6.0,True
2022,17,3,0.5,-0.0529212974066204,-14.0,False
2022,17,3,0.5,-0.0686679022669626,-3.0,False
2022,17,3,0.5,0.118586991127196,17.0,True
2022,17,3,0.5,0.0424786352994546,24.0,True
2022,17,3,0.5,0.061529355171773,21.0,True
2022,17,3,0.5,0.0320165880640418,-3.0,False
2022,17,3,0.7,-0.1145890751481508,-14.0,False
2022,17,3,0.7,0.1043147148799315,1.0,True
2022,17,3,0.7,0.1621019090372765,31.0,True
2022,17,3,0.7,-0.314681023683977,-28.0,False
2022,17,3,0.7,0.3730159636957447,3.0,True
2022,17,3,0.7,-0.1061396329409798,2.0,True
2022,17,3,0.7,0.154844381569028,28.0,True
2022,17,3,0.7,0.1514453983262813,-10.0,False
2022,17,3,0.7,-0.0236583684574527,6.0,True
2022,17,3,0.7,-0.0602824000438553,-14.0,False
2022,17,3,0.7,-0.0468491857928512,-3.0,False
2022,17,3,0.7,0.1357889312764525,17.0,True
2022,17,3,0.7,0.0397405459095355,24.0,True
2022,17,3,0.7,0.0590965111820968,21.0,True
2022,17,3,0.7,0.0225337931193391,-3.0,False
2023,4,3,0.3,-0.07518553073305942,-14.0,False
2023,4,3,0.3,0.00078928842068203,16.0,True
2023,4,3,0.3,-0.2387645210870034,28.0,True
2023,4,3,0.3,0.04273236180673283,-8.0,False
2023,4,3,0.3,-0.1342051980736402,-3.0,False
2023,4,3,0.3,-0.13262785428236548,-25.0,False
2023,4,3,0.3,-0.045826010378251736,24.0,True
2023,4,3,0.3,0.02244161878068161,-6.0,False
2023,4,3,0.3,0.16383837403221652,-17.0,False
2023,4,3,0.3,0.2507863524911478,3.0,True
2023,4,3,0.3,-0.18491476075380628,24.0,True
2023,4,3,0.3,0.31911641186961415,7.0,True
2023,4,3,0.3,0.029140105884466708,35.0,True
2023,4,3,0.3,0.2639333608770702,19.0,True
2023,4,3,0.3,-0.2357991797124712,-3.0,False
2023,4,3,0.3,-0.1408567241630685,-21.0,False
2023,4,3,0.5,-0.09444515936258367,-14.0,False
2023,4,3,0.5,0.010240516404867839,16.0,True
2023,4,3,0.5,-0.25614367498181273,28.0,True
2023,4,3,0.5,-0.03362152059637026,-8.0,False
2023,4,3,0.5,-0.15616413669313117,-3.0,False
2023,4,3,0.5,-0.12864492306809572,-25.0,False
2023,4,3,0.5,0.05455091852938781,24.0,True
2023,4,3,0.5,-0.0020926752105885037,-6.0,False
2023,4,3,0.5,0.14021872713434394,-17.0,False
2023,4,3,0.5,0.2535054434073122,3.0,True
2023,4,3,0.5,-0.15671515281265436,24.0,True
2023,4,3,0.5,0.28762929083741096,7.0,True
2023,4,3,0.5,-0.006378384624490613,35.0,True
2023,4,3,0.5,0.19966447621398575,19.0,True
2023,4,3,0.5,-0.17116606569173967,-3.0,False
2023,4,3,0.5,-0.0988631326494649,-21.0,False
2023,4,3,0.7,-0.10310315755383773,-14.0,False
2023,4,3,0.7,0.014489233572070749,16.0,True
2023,4,3,0.7,-0.2639563221455343,28.0,True
2023,4,3,0.7,-0.06794574296106776,-8.0,False
2023,4,3,0.7,-0.16603558616427855,-3.0,False
2023,4,3,0.7,-0.12685443105434135,-25.0,False
2023,4,3,0.7,0.0996744920750241,24.0,True
2023,4,3,0.7,-0.013121853243361205,-6.0,False
2023,4,3,0.7,0.12960072073071305,-17.0,False
2023,4,3,0.7,0.254727787030175,3.0,True
2023,4,3,0.7,-0.14403826483910898,24.0,True
2023,4,3,0.7,0.2734745300064205,7.0,True
2023,4,3,0.7,-0.022345412467966723,35.0,True
2023,4,3,0.7,0.17077295925535152,19.0,True
2023,4,3,0.7,-0.1421108125998512,-3.0,False
2023,4,3,0.7,-0.07998527958371658,-21.0,False
2023,5,3,0.3,0.147466854470563,-20.0,False
2023,5,3,0.3,0.1823452671434503,-5.0,False
2023,5,3,0.3,-0.08438240656207786,2.0,True
2023,5,3,0.3,0.27990667113730594,18.0,True
2023,5,3,0.3,0.024001304530245224,7.0,True
2023,5,3,0.3,0.6307603168305915,15.0,True
2023,5,3,0.3,0.04428425207395989,-34.0,False
2023,5,3,0.3,-0.44335451952050486,7.0,True
2023,5,3,0.3,0.07946544664937334,-14.0,False
2023,5,3,0.3,-0.13685713221544235,-9.0,False
2023,5,3,0.3,-0.14664776883613295,-10.0,False
2023,5,3,0.3,-0.1434792845848315,-7.0,False
2023,5,3,0.3,0.22441363623874916,32.0,True
2023,5,3,0.3,-0.15555893134781998,4.0,True
2023,5,3,0.5,0.09916463294157433,-20.0,False
2023,5,3,0.5,0.1433414247645805,-5.0,False
2023,5,3,0.5,-0.1655096829091427,2.0,True
2023,5,3,0.5,0.29044807526265426,18.0,True
2023,5,3,0.5,0.014499488467860004,7.0,True
2023,5,3,0.5,0.5583622766452376,15.0,True
2023,5,3,0.5,0.08163056037707918,-34.0,False
2023,5,3,0.5,-0.3293332875714817,7.0,True
2023,5,3,0.5,0.06372105781675136,-14.0,False
2023,5,3,0.5,-0.11597537632433128,-9.0,False
2023,5,3,0.5,-0.12310669516639249,-10.0,False
2023,5,3,0.5,-0.12128717961664726,-7.0,False
2023,5,3,0.5,0.265164644274349,32.0,True
2023,5,3,0.5,-0.1325027948622719,4.0,True
2023,5,3,0.7,0.07745079023588203,-20.0,False
2023,5,3,0.7,0.12580758736490516,-5.0,False
2023,5,3,0.7,-0.20197974291837364,2.0,True
2023,5,3,0.7,0.29518687161258156,18.0,True
2023,5,3,0.7,0.010228029871007979,7.0,True
2023,5,3,0.7,0.5258163686720052,15.0,True
2023,5,3,0.7,0.09841926777939891,-34.0,False
2023,5,3,0.7,-0.27807603651182883,7.0,True
2023,5,3,0.7,0.05664330503878376,-14.0,False
2023,5,3,0.7,-0.10658816496043744,-9.0,False
2023,5,3,0.7,-0.1125240106726558,-10.0,False
2023,5,3,0.7,-0.11131091224562872,-7.0,False
2023,5,3,0.7,0.28348390476741697,32.0,True
2023,5,3,0.7,-0.12213810965317234,4.0,True
2023,6,3,0.3,0.28863741535682175,11.0,True
2023,6,3,0.3,-0.1554598433504481,-8.0,False
2023,6,3,0.3,0.06557630483742315,-8.0,False
2023,6,3,0.3,-0.08264243304070587,-6.0,False
2023,6,3,0.3,-0.09454648198505358,4.0,True
2023,6,3,0.3,-0.5157561401061743,2.0,True
2023,6,3,0.3,-0.03216816943260388,7.0,True
2023,6,3,0.3,-0.00047530651274750244,17.0,True
2023,6,3,0.3,0.4927761713595146,21.0,True
2023,6,3,0.3,-0.0749436282722127,4.0,True
2023,6,3,0.3,-0.039629595685081856,17.0,True
2023,6,3,0.3,-0.25436209670025856,6.0,True
2023,6,3,0.3,-0.20075143486225264,-14.0,False
2023,6,3,0.3,0.3739771300522205,5.0,True
2023,6,3,0.3,0.12377352408667097,-3.0,False
2023,6,3,0.5,0.22751279576603892,11.0,True
2023,6,3,0.5,-0.04267701276567466,-8.0,False
2023,6,3,0.5,0.07942222470346001,-8.0,False
2023,6,3,0.5,-0.10189183494888548,-6.0,False
2023,6,3,0.5,-0.0610233623933785,4.0,True
2023,6,3,0.5,-0.5503884185234752,2.0,True
2023,6,3,0.5,0.11359439736756605,7.0,True
2023,6,3,0.5,-0.040264227931336806,17.0,True
2023,6,3,0.5,0.42422219078442835,21.0,True
2023,6,3,0.5,-0.0674063998061131,4.0,True
2023,6,3,0.5,-0.06025049130805902,17.0,True
2023,6,3,0.5,-0.23618717749014337,6.0,True
2023,6,3,0.5,-0.1924209617447919,-14.0,False
2023,6,3,0.5,0.30818446340486483,5.0,True
2023,6,3,0.5,0.15227563047235954,-3.0,False
2023,6,3,0.7,0.20003475576651264,11.0,True
2023,6,3,0.7,0.008023525754085686,-8.0,False
2023,6,3,0.7,0.08564653730378856,-8.0,False
2023,6,3,0.7,-0.11054523580669097,-6.0,False
2023,6,3,0.7,-0.045953336154918985,4.0,True
2023,6,3,0.7,-0.5659570574450143,2.0,True
2023,6,3,0.7,0.17912068886489008,7.0,True
2023,6,3,0.7,-0.05815099077088623,17.0,True
2023,6,3,0.7,0.39340434630571985,21.0,True
2023,6,3,0.7,-0.06401810444061873,4.0,True
2023,6,3,0.7,-0.06952043521196619,17.0,True
2023,6,3,0.7,-0.2280168009644952,6.0,True
2023,6,3,0.7,-0.18867607015987833,-14.0,False
2023,6,3,0.7,0.2786079435358702,5.0,True
2023,6,3,0.7,0.1650885039851921,-3.0,False
2023,7,3,0.3,-0.06569443331801658,-7.0,False
2023,7,3,0.3,-0.1458566116804964,32.0,True
2023,7,3,0.3,0.009280543886346831,18.0,True
2023,7,3,0.3,0.07717270581543492,-1.0,False
2023,7,3,0.3,-0.1404022045086535,4.0,True
2023,7,3,0.3,-0.06583070889276663,7.0,True
2023,7,3,0.3,0.09456305596624032,-3.0,False
2023,7,3,0.3,0.20253821259343066,-7.0,False
2023,7,3,0.3,-0.006126670965963841,10.0,True
2023,7,3,0.3,-0.0032009816617199205,2.0,True
2023,7,3,0.3,0.17008643689854613,14.0,True
2023,7,3,0.3,-0.27242773381601443,14.0,True
2023,7,3,0.3,-0.36799196945700713,5.0,True
2023,7,3,0.5,-0.08372635906416531,-7.0,False
2023,7,3,0.5,-0.16522391091582872,32.0,True
2023,7,3,0.5,0.032850750401422046,18.0,True
2023,7,3,0.5,0.16599490885559365,-1.0,False
2023,7,3,0.5,-0.11935414882730895,4.0,True
2023,7,3,0.5,0.01028071124836158,7.0,True
2023,7,3,0.5,0.11958083379933623,-3.0,False
2023,7,3,0.5,0.1575889478445474,-7.0,False
2023,7,3,0.5,-0.040364622825608404,10.0,True
2023,7,3,0.5,0.031103440373639366,2.0,True
2023,7,3,0.5,0.11813275166509934,14.0,True
2023,7,3,0.5,-0.2422627802372641,14.0,True
2023,7,3,0.5,-0.3331243057880584,5.0,True
2023,7,3,0.7,-0.09183245412436063,-7.0,False
2023,7,3,0.7,-0.17393031148951035,32.0,True
2023,7,3,0.7,0.04344653131186871,18.0,True
2023,7,3,0.7,0.2059241560938301,-1.0,False
2023,7,3,0.7,-0.10989217884211719,4.0,True
2023,7,3,0.7,0.04449593681639169,7.0,True
2023,7,3,0.7,0.1308273577793519,-3.0,False
2023,7,3,0.7,0.1373823976363338,-7.0,False
2023,7,3,0.7,-0.055755995679944104,10.0,True
2023,7,3,0.7,0.046524694316140314,2.0,True
2023,7,3,0.7,0.09477742527575175,14.0,True
2023,7,3,0.7,-0.22870238826149564,14.0,True
2023,7,3,0.7,-0.31744985147816396,5.0,True
2023,8,3,0.3,0.12625367090653822,6.0,True
2023,8,3,0.3,-0.14174890537063353,2.0,True
2023,8,3,0.3,-0.08252082626819708,23.0,True
2023,8,3,0.3,-0.16158957021333512,-14.0,False
2023,8,3,0.3,0.07208293849139942,-11.0,False
2023,8,3,0.3,0.3022199891571802,14.0,True
2023,8,3,0.3,-0.06400124137687815,-3.0,False
2023,8,3,0.3,-0.17430702459834696,-10.0,False
2023,8,3,0.3,0.030804947370096203,5.0,True
2023,8,3,0.3,-0.20089461640599537,-7.0,False
2023,8,3,0.3,0.20996458910849705,4.0,True
2023,8,3,0.3,-0.19007440235561407,-7.0,False
2023,8,3,0.3,-0.2619486762980632,15.0,True
2023,8,3,0.3,0.29935316803430356,-14.0,False
2023,8,3,0.3,0.06138370467342644,17.0,True
2023,8,3,0.3,0.3781292436876085,12.0,True
2023,8,3,0.5,0.09597979451836852,6.0,True
2023,8,3,0.5,-0.14808210318488585,2.0,True
2023,8,3,0.5,-0.09563559027237979,23.0,True
2023,8,3,0.5,-0.17267871507829133,-14.0,False
2023,8,3,0.5,0.12064671327270919,-11.0,False
2023,8,3,0.5,0.30002653749056485,14.0,True
2023,8,3,0.5,-0.03525655623234342,-3.0,False
2023,8,3,0.5,-0.11619342246053088,-10.0,False
2023,8,3,0.5,0.04856618980079834,5.0,True
2023,8,3,0.5,-0.20071813411145137,-7.0,False
2023,8,3,0.5,0.23759128060341633,4.0,True
2023,8,3,0.5,-0.11137243480187044,-7.0,False
2023,8,3,0.5,-0.2015370086383872,15.0,True
2023,8,3,0.5,0.272716588634034,-14.0,False
2023,8,3,0.5,0.07237675348501574,17.0,True
2023,8,3,0.5,0.3557169297952392,12.0,True
2023,8,3,0.7,0.08237043724295269,6.0,True
2023,8,3,0.7,-0.15092913706468736,2.0,True
2023,8,3,0.7,-0.10153121812747103,23.0,True
2023,8,3,0.7,-0.17766374350382208,-14.0,False
2023,8,3,0.7,0.14247813496338968,-11.0,False
2023,8,3,0.7,0.299040490411077,14.0,True
2023,8,3,0.7,-0.022334633552690303,-3.0,False
2023,8,3,0.7,-0.09006895911417317,-10.0,False
2023,8,3,0.7,0.056550601535701094,5.0,True
2023,8,3,0.7,-0.20063879803408752,-7.0,False
2023,8,3,0.7,0.2500106189818663,4.0,True
2023,8,3,0.7,-0.07599265122266456,-7.0,False
2023,8,3,0.7,-0.1743794699656887,15.0,True
2023,8,3,0.7,0.26074234651831646,-14.0,False
2023,8,3,0.7,0.07731858276728978,17.0,True
2023,8,3,0.7,0.3456416694216054,12.0,True
2023,9,3,0.3,-0.07649242847872384,4.0,True
2023,9,3,0.3,-0.15038228624821826,7.0,True
2023,9,3,0.3,-0.13385376229456236,-3.0,False
2023,9,3,0.3,0.13726944088106996,34.0,True
2023,9,3,0.3,-0.11465852882411025,27.0,True
2023,9,3,0.3,-0.2923834717199585,17.0,True
2023,9,3,0.3,0.11434579915850884,2.0,True
2023,9,3,0.3,0.07177960875485952,-3.0,False
2023,9,3,0.3,0.10709656464406674,7.0,True
2023,9,3,0.3,-0.12197019012542451,-14.0,False
2023,9,3,0.3,-0.035594366427605106,24.0,True
2023,9,3,0.3,-0.01931476645082185,5.0,True
2023,9,3,0.3,-0.12616206138417577,6.0,True
2023,9,3,0.3,-0.14695235042383695,-21.0,False
2023,9,3,0.5,-0.06324055073485435,4.0,True
2023,9,3,0.5,-0.16662915998690467,7.0,True
2023,9,3,0.5,-0.12043729115559532,-3.0,False
2023,9,3,0.5,0.08088113950399244,34.0,True
2023,9,3,0.5,-0.16237050157947786,27.0,True
2023,9,3,0.5,-0.2749748449512304,17.0,True
2023,9,3,0.5,0.08616005132813334,2.0,True
2023,9,3,0.5,0.09313250857143619,-3.0,False
2023,9,3,0.5,0.054674335677680264,7.0,True
2023,9,3,0.5,-0.13443885773949765,-14.0,False
2023,9,3,0.5,-0.04116242999231376,24.0,True
2023,9,3,0.5,-0.009604080559141796,5.0,True
2023,9,3,0.5,-0.11214146467700045,6.0,True
2023,9,3,0.5,-0.18045287685433176,-21.0,False
2023,9,3,0.7,-0.057283284593114894,4.0,True
2023,9,3,0.7,-0.17393280047493812,7.0,True
2023,9,3,0.7,-0.1144060334876192,-3.0,False
2023,9,3,0.7,0.055532270077599824,34.0,True
2023,9,3,0.7,-0.18381900309335863,27.0,True
2023,9,3,0.7,-0.2671489485139123,17.0,True
2023,9,3,0.7,0.07348939404658848,2.0,True
2023,9,3,0.7,0.1027315185807229,-3.0,False
2023,9,3,0.7,0.031108379536827643,7.0,True
2023,9,3,0.7,-0.14004403859353054,-14.0,False
2023,9,3,0.7,-0.043665504438834046,24.0,True
2023,9,3,0.7,-0.005238726350955382,5.0,True
2023,9,3,0.7,-0.10583862762515092,6.0,True
2023,9,3,0.7,-0.1955127465340954,-21.0,False
2023,10,3,0.3,0.04544139326129955,3.0,True
2023,10,3,0.3,-0.07150996346456566,-4.0,False
2023,10,3,0.3,0.3514745438581256,-2.0,False
2023,10,3,0.3,0.03317678029865406,-3.0,False
2023,10,3,0.3,-0.1628065114171807,-31.0,False
2023,10,3,0.3,-0.0029601653223263746,8.0,True
2023,10,3,0.3,0.185966885475067,4.0,True
2023,10,3,0.3,-0.09729354295404949,14.0,True
2023,10,3,0.3,-0.044089633115033625,2.0,True
2023,10,3,0.3,-0.11880574471740381,-3.0,False
2023,10,3,0.3,0.2455790311785685,32.0,True
2023,10,3,0.3,0.06553694313882784,3.0,True
2023,10,3,0.3,-0.009084752721102207,4.0,True
2023,10,3,0.3,0.21187158703474374,-2.0,False
2023,10,3,0.5,0.057947846924923704,3.0,True
2023,10,3,0.5,-0.08198820823566247,-4.0,False
2023,10,3,0.5,0.32925035062359226,-2.0,False
2023,10,3,0.5,0.043867230763200385,-3.0,False
2023,10,3,0.5,-0.19650158552232877,-31.0,False
2023,10,3,0.5,0.031478639656228956,8.0,True
2023,10,3,0.5,0.2019200400474441,4.0,True
2023,10,3,0.5,-0.07635835205314424,14.0,True
2023,10,3,0.5,-0.030439281252692713,2.0,True
2023,10,3,0.5,-0.08770285842535794,-3.0,False
2023,10,3,0.5,0.23189142970265814,32.0,True
2023,10,3,0.5,0.09129654960914255,3.0,True
2023,10,3,0.5,0.010887302889082587,4.0,True
2023,10,3,0.5,0.19284653760866863,-2.0,False
2023,10,3,0.7,0.06357001416820429,3.0,True
2023,10,3,0.7,-0.08669861184835741,-4.0,False
2023,10,3,0.7,0.3192596582521048,-2.0,False
2023,10,3,0.7,0.04867302959588627,-3.0,False
2023,10,3,0.7,-0.21164891241363387,-31.0,False
2023,10,3,0.7,0.04696030427961617,8.0,True
2023,10,3,0.7,0.20909164164420063,4.0,True
2023,10,3,0.7,-0.06694711944631523,14.0,True
2023,10,3,0.7,-0.024302884543933923,2.0,True
2023,10,3,0.7,-0.07372082697297022,-3.0,False
2023,10,3,0.7,0.22573828775477184,32.0,True
2023,10,3,0.7,0.10287655618754091,3.0,True
2023,10,3,0.7,0.01986556642026656,4.0,True
2023,10,3,0.7,0.18429399245382755,-2.0,False
2023,11,3,0.3,0.14429353425192712,14.0,True
2023,11,3,0.3,-0.3013225725568951,-23.0,False
2023,11,3,0.3,-0.09520999195562677,3.0,True
2023,11,3,0.3,0.2596504978572163,5.0,True
2023,11,3,0.3,-0.24364147866449073,3.0,True
2023,11,3,0.3,0.21127123811194565,5.0,True
2023,11,3,0.3,0.09354103778765505,20.0,True
2023,11,3,0.3,0.3146719811379088,7.0,True
2023,11,3,0.3,0.13780387148290052,-12.0,False
2023,11,3,0.3,0.34751606785312306,13.0,True
2023,11,3,0.3,0.20057723227233065,26.0,True
2023,11,3,0.3,0.02142607420606188,1.0,True
2023,11,3,0.3,-0.18878581404158054,1.0,True
2023,11,3,0.3,0.012828203458872617,-4.0,False
2023,11,3,0.5,0.08069305328933357,14.0,True
2023,11,3,0.5,-0.27454383494201895,-23.0,False
2023,11,3,0.5,-0.13420950625963288,3.0,True
2023,11,3,0.5,0.2333111930274963,5.0,True
2023,11,3,0.5,-0.24542548723392335,3.0,True
2023,11,3,0.5,0.1822712674138498,5.0,True
2023,11,3,0.5,0.06014750918588487,20.0,True
2023,11,3,0.5,0.31940962494261144,7.0,True
2023,11,3,0.5,0.11927529988986871,-12.0,False
2023,11,3,0.5,0.3090258570274474,13.0,True
2023,11,3,0.5,0.2245386505530844,26.0,True
2023,11,3,0.5,0.008247028234378513,1.0,True
2023,11,3,0.5,-0.1502719735068736,1.0,True
2023,11,3,0.5,-0.002464349044099659,-4.0,False
2023,11,3,0.7,0.05210201138871809,14.0,True
2023,11,3,0.7,-0.2625056868399186,-23.0,False
2023,11,3,0.7,-0.15174139801097497,3.0,True
2023,11,3,0.7,0.22147058810404413,5.0,True
2023,11,3,0.7,-0.2462274727376133,3.0,True
2023,11,3,0.7,0.1692345833385589,5.0,True
2023,11,3,0.7,0.04513573944747448,20.0,True
2023,11,3,0.7,0.32153939142362464,7.0,True
2023,11,3,0.7,0.11094594201777185,-12.0,False
2023,11,3,0.7,0.29172291821590507,13.0,True
2023,11,3,0.7,0.23531029730314795,26.0,True
2023,11,3,0.7,0.0023225029810530146,1.0,True
2023,11,3,0.7,-0.13295841216558332,1.0,True
2023,11,3,0.7,-0.009338982738096344,-4.0,False
2023,12,3,0.3,0.2871237860172249,-7.0,False
2023,12,3,0.3,0.2338676532598185,35.0,True
2023,12,3,0.3,-0.32094334134283026,-18.0,False
2023,12,3,0.3,-0.334809107564416,-21.0,False
2023,12,3,0.3,-0.082207940440753,9.0,True
2023,12,3,0.3,0.021023755752004603,-6.0,False
2023,12,3,0.3,-0.002704642968719903,-3.0,False
2023,12,3,0.3,0.09604314604008622,7.0,True
2023,12,3,0.3,-0.13722479230292692,3.0,True
2023,12,3,0.3,0.1335363106165426,7.0,True
2023,12,3,0.3,-0.06873894507907555,-23.0,False
2023,12,3,0.3,0.03599192320395492,17.0,True
2023,12,3,0.3,-0.2441870567505968,-14.0,False
2023,12,3,0.3,-0.010886245662288394,3.0,True
2023,12,3,0.3,-0.11257361611133147,-10.0,False
2023,12,3,0.3,0.14787821536214124,-2.0,False
2023,12,3,0.5,0.25890164854968634,-7.0,False
2023,12,3,0.5,0.21381365938775626,35.0,True
2023,12,3,0.5,-0.3044305028693589,-18.0,False
2023,12,3,0.5,-0.3515335276271552,-21.0,False
2023,12,3,0.5,-0.05408425214651377,9.0,True
2023,12,3,0.5,0.04158021617828656,-6.0,False
2023,12,3,0.5,0.006836171609201851,-3.0,False
2023,12,3,0.5,0.07298243565004126,7.0,True
2023,12,3,0.5,-0.14045368826163318,3.0,True
2023,12,3,0.5,0.13060261352197233,7.0,True
2023,12,3,0.5,-0.039586638459775676,-23.0,False
2023,12,3,0.5,0.10158938747111668,17.0,True
2023,12,3,0.5,-0.2256600703594083,-14.0,False
2023,12,3,0.5,-0.009502569338712907,3.0,True
2023,12,3,0.5,-0.0471036766791145,-10.0,False
2023,12,3,0.5,0.13120584895653803,-2.0,False
2023,12,3,0.7,0.24621463262391208,-7.0,False
2023,12,3,0.7,0.20479856122508608,35.0,True
2023,12,3,0.7,-0.2970073002528442,-18.0,False
2023,12,3,0.7,-0.35905184490306546,-21.0,False
2023,12,3,0.7,-0.04144149318855302,9.0,True
2023,12,3,0.7,0.050821193801110484,-6.0,False
2023,12,3,0.7,0.011125161648818112,-3.0,False
2023,12,3,0.7,0.0626156942820394,7.0,True
2023,12,3,0.7,-0.14190521029811579,3.0,True
2023,12,3,0.7,0.12928379556202793,7.0,True
2023,12,3,0.7,-0.026481473098806038,-23.0,False
2023,12,3,0.7,0.13107815581140028,17.0,True
2023,12,3,0.7,-0.21733142510098413,-14.0,False
2023,12,3,0.7,-0.008880549707013768,3.0,True
2023,12,3,0.7,-0.01767223601692529,-10.0,False
2023,12,3,0.7,0.1237109319485146,-2.0,False
2023,13,3,0.3,0.18635290642701818,6.0,True
2023,13,3,0.3,0.12135285375608404,5.0,True
2023,13,3,0.3,-0.11475419061222211,-6.0,False
2023,13,3,0.3,-0.13705591529462294,-5.0,False
2023,13,3,0.3,-0.09434368438414091,-5.0,False
2023,13,3,0.3,0.10985838053639566,-14.0,False
2023,13,3,0.3,-0.05569762837736457,-3.0,False
2023,13,3,0.3,-0.3166060597807648,-30.0,False
2023,13,3,0.3,0.13841905032438134,3.0,True
2023,13,3,0.3,0.13829452449394083,17.0,True
2023,13,3,0.3,-0.18534956283387813,-23.0,False
2023,13,3,0.3,-0.19252347086790186,8.0,True
2023,13,3,0.3,0.07570063914212788,-3.0,False
2023,13,3,0.5,0.16011607309367948,6.0,True
2023,13,3,0.5,0.08621370809663288,5.0,True
2023,13,3,0.5,-0.12794747665583123,-6.0,False
2023,13,3,0.5,-0.14177703289529126,-5.0,False
2023,13,3,0.5,-0.12342186912144881,-5.0,False
2023,13,3,0.5,0.06715369125989609,-14.0,False
2023,13,3,0.5,-0.06978974721621406,-3.0,False
2023,13,3,0.5,-0.3006266593879464,-30.0,False
2023,13,3,0.5,0.1580716212776866,3.0,True
2023,13,3,0.5,0.1575600476008038,17.0,True
2023,13,3,0.5,-0.16460464098831157,-23.0,False
2023,13,3,0.5,-0.1737036352207917,8.0,True
2023,13,3,0.5,0.02713092930131765,-3.0,False
2023,13,3,0.7,0.1483215333383255,6.0,True
2023,13,3,0.7,0.07041721142403547,5.0,True
2023,13,3,0.7,-0.1338784034093803,-6.0,False
2023,13,3,0.7,-0.1438993701653164,-5.0,False
2023,13,3,0.7,-0.13649371363638538,-5.0,False
2023,13,3,0.7,0.047956170392478854,-14.0,False
2023,13,3,0.7,-0.07612473641899964,-3.0,False
2023,13,3,0.7,-0.2934432592113582,-30.0,False
2023,13,3,0.7,0.1669062632658697,3.0,True
2023,13,3,0.7,0.16622069560297156,17.0,True
2023,13,3,0.7,-0.1552789421770019,-23.0,False
2023,13,3,0.7,-0.1652433421317238,8.0,True
2023,13,3,0.7,0.005296839556366305,-3.0,False
2023,14,3,0.3,0.09089433791460347,-3.0,False
2023,14,3,0.3,0.015745540745957125,-4.0,False
2023,14,3,0.3,0.15018462038183605,6.0,True
2023,14,3,0.3,-0.18711328433405988,15.0,True
2023,14,3,0.3,0.0005096106866209656,20.0,True
2023,14,3,0.3,-0.18709809130321992,4.0,True
2023,14,3,0.3,0.222185711116249,22.0,True
2023,14,3,0.3,-0.2441948595857063,24.0,True
2023,14,3,0.3,-0.15753803584860693,-3.0,False
2023,14,3,0.3,0.3094685488856702,12.0,True
2023,14,3,0.3,-0.01101472779955702,-3.0,False
2023,14,3,0.3,0.1112756702324105,-17.0,False
2023,14,3,0.3,0.0589607512471403,20.0,True
2023,14,3,0.3,0.2394901710929635,-1.0,False
2023,14,3,0.3,-0.13824644596421565,2.0,True
2023,14,3,0.5,0.07329359833426816,-3.0,False
2023,14,3,0.5,-0.015429759213941123,-4.0,False
2023,14,3,0.5,0.1054496177265987,6.0,True
2023,14,3,0.5,-0.18665014174895184,15.0,True
2023,14,3,0.5,0.018954989637030538,20.0,True
2023,14,3,0.5,-0.195713684619119,4.0,True
2023,14,3,0.5,0.19716801092809438,22.0,True
2023,14,3,0.5,-0.25360984612738624,24.0,True
2023,14,3,0.5,-0.13587840090931957,-3.0,False
2023,14,3,0.5,0.28290054819927096,12.0,True
2023,14,3,0.5,-0.015781132128481173,-3.0,False
2023,14,3,0.5,0.10205166119852166,-17.0,False
2023,14,3,0.5,0.03548825924658526,20.0,True
2023,14,3,0.5,0.21833820639260554,-1.0,False
2023,14,3,0.5,-0.1481309153880714,2.0,True
2023,14,3,0.7,0.06538133925686979,-3.0,False
2023,14,3,0.7,-0.029444343599583474,-4.0,False
2023,14,3,0.7,0.08533938717516176,6.0,True
2023,14,3,0.7,-0.18644194003638026,15.0,True
2023,14,3,0.7,0.02724694898171008,20.0,True
2023,14,3,0.7,-0.19958674950424798,4.0,True
2023,14,3,0.7,0.1859215218526854,22.0,True
2023,14,3,0.7,-0.25784227126997633,24.0,True
2023,14,3,0.7,-0.12614150079899766,-3.0,False
2023,14,3,0.7,0.2709571350466696,12.0,True
2023,14,3,0.7,-0.017923827652492966,-3.0,False
2023,14,3,0.7,0.09790508833007627,-17.0,False
2023,14,3,0.7,0.02493640504450083,20.0,True
2023,14,3,0.7,0.20882952501354562,-1.0,False
2023,14,3,0.7,-0.1525743924685203,2.0,True
2023,15,3,0.3,-0.13512672800630793,42.0,True
2023,15,3,0.3,0.02102384150532629,3.0,True
2023,15,3,0.3,0.018595000553558033,17.0,True
2023,15,3,0.3,0.1180854206496538,25.0,True
2023,15,3,0.3,-0.17863851072588108,2.0,True
2023,15,3,0.3,-0.07090455187467905,3.0,True
2023,15,3,0.3,0.010967615343879397,-14.0,False
2023,15,3,0.3,0.3493669931300038,30.0,True
2023,15,3,0.3,-0.16618247956974375,-10.0,False
2023,15,3,0.3,0.1254362320430104,18.0,True
2023,15,3,0.3,-0.07357078693973362,-3.0,False
2023,15,3,0.3,-0.40163794764541083,-16.0,False
2023,15,3,0.3,0.1673384464550335,8.0,True
2023,15,3,0.3,-0.028944821913325203,21.0,True
2023,15,3,0.3,-0.14874279470321217,-16.0,False
2023,15,3,0.3,-0.08418450969161426,3.0,True
2023,15,3,0.5,-0.14225117486487932,42.0,True
2023,15,3,0.5,0.060683464887059856,3.0,True
2023,15,3,0.5,0.040844942145631113,17.0,True
2023,15,3,0.5,0.11161501965875792,25.0,True
2023,15,3,0.5,-0.16710869361046973,2.0,True
2023,15,3,0.5,-0.07659731946944623,3.0,True
2023,15,3,0.5,-0.0029810752897137353,-14.0,False
2023,15,3,0.5,0.3659833887593154,30.0,True
2023,15,3,0.5,-0.1673008493260651,-10.0,False
2023,15,3,0.5,0.11467448444590411,18.0,True
2023,15,3,0.5,-0.056425816554541874,-3.0,False
2023,15,3,0.5,-0.34987497065961404,-16.0,False
2023,15,3,0.5,0.16546898693750087,8.0,True
2023,15,3,0.5,-0.008325349986051292,21.0,True
2023,15,3,0.5,-0.11855249755549081,-16.0,False
2023,15,3,0.5,-0.08175555064828441,3.0,True
2023,15,3,0.7,-0.14545390785634718,42.0,True
2023,15,3,0.7,0.0785121029210502,3.0,True
2023,15,3,0.7,0.05084720946683828,17.0,True
2023,15,3,0.7,0.10870630728670386,25.0,True
2023,15,3,0.7,-0.16192556481546827,2.0,True
2023,15,3,0.7,-0.07915645352580954,3.0,True
2023,15,3,0.7,-0.009251587592888657,-14.0,False
2023,15,3,0.7,0.37345314459267576,30.0,True
2023,15,3,0.7,-0.16780360270275999,-10.0,False
2023,15,3,0.7,0.10983663460867285,18.0,True
2023,15,3,0.7,-0.04871844454651992,-3.0,False
2023,15,3,0.7,-0.3266053755008613,-16.0,False
2023,15,3,0.7,0.16462858770484862,8.0,True
2023,15,3,0.7,0.0009439539078608533,21.0,True
2023,15,3,0.7,-0.1049807125991757,-16.0,False
2023,15,3,0.7,-0.080663633280182,3.0,True
2023,16,3,0.3,0.02889013899281702,8.0,True
2023,16,3,0.3,-0.0930047183956171,23.0,True
2023,16,3,0.3,-0.1293377491790126,-2.0,False
2023,16,3,0.3,-0.09266277092100572,19.0,True
2023,16,3,0.3,-0.15607013317167792,-3.0,False
2023,16,3,0.3,0.11235819089709981,-14.0,False
2023,16,3,0.3,-0.10316220798550914,-6.0,False
2023,16,3,0.3,-0.021023694461067693,2.0,True
2023,16,3,0.3,-0.08151910911760633,-3.0,False
2023,16,3,0.3,-0.06859582957785156,18.0,True
2023,16,3,0.3,0.05216120316067974,11.0,True
2023,16,3,0.3,0.12578911071003562,2.0,True
2023,16,3,0.3,0.027378845255748407,-3.0,False
2023,16,3,0.3,0.2289586255942848,-6.0,False
2023,16,3,0.3,0.20868581222184673,8.0,True
2023,16,3,0.3,0.11957057247444278,-14.0,False
2023,16,3,0.5,0.04915840626207854,8.0,True
2023,16,3,0.5,-0.12096616019897616,23.0,True
2023,16,3,0.5,-0.1123962364303582,-2.0,False
2023,16,3,0.5,-0.10718922083709245,19.0,True
2023,16,3,0.5,-0.1653684078414637,-3.0,False
2023,16,3,0.5,0.14106965205034527,-14.0,False
2023,16,3,0.5,-0.12349217811561883,-6.0,False
2023,16,3,0.5,-0.05558955672291402,2.0,True
2023,16,3,0.5,-0.088797333249345,-3.0,False
2023,16,3,0.5,-0.03750104198690194,18.0,True
2023,16,3,0.5,-0.013341199840902054,11.0,True
2023,16,3,0.5,0.11380562902525052,2.0,True
2023,16,3,0.5,0.044838303706432756,-3.0,False
2023,16,3,0.5,0.22533967268506155,-6.0,False
2023,16,3,0.5,0.2215408574710287,8.0,True
2023,16,3,0.5,0.13507327553181012,-14.0,False
2023,16,3,0.7,0.05826982916293923,8.0,True
2023,16,3,0.7,-0.13353598266103667,23.0,True
2023,16,3,0.7,-0.10478032702958688,-2.0,False
2023,16,3,0.7,-0.11371945979019574,19.0,True
2023,16,3,0.7,-0.1695483661792574,-3.0,False
2023,16,3,0.7,0.1539766391742813,-14.0,False
2023,16,3,0.7,-0.13263133899979657,-6.0,False
2023,16,3,0.7,-0.07112833884062464,2.0,True
2023,16,3,0.7,-0.0920691954737046,-3.0,False
2023,16,3,0.7,-0.02352265123500715,18.0,True
2023,16,3,0.7,-0.04278723421775985,11.0,True
2023,16,3,0.7,0.10841855927704441,2.0,True
2023,16,3,0.7,0.0526870510833458,-3.0,False
2023,16,3,0.7,0.22371280394605292,-6.0,False
2023,16,3,0.7,0.22731973102341319,8.0,True
2023,16,3,0.7,0.14204238057594776,-14.0,False
2023,17,3,0.3,0.08390546903484784,17.0,True
2023,17,3,0.3,-0.05952562749458616,1.0,True
2023,17,3,0.3,-0.012659114248768505,37.0,True
2023,17,3,0.3,0.1987337507479175,6.0,True
2023,17,3,0.3,0.005845291630565148,20.0,True
2023,17,3,0.3,0.06293621047099954,23.0,True
2023,17,3,0.3,0.11946904402912888,3.0,True
2023,17,3,0.3,0.1809544069299047,26.0,True
2023,17,3,0.3,-0.2473783731570586,-1.0,False
2023,17,3,0.3,0.16510807012599565,-4.0,False
2023,17,3,0.3,-0.008902609796761734,-10.0,False
2023,17,3,0.3,-0.42468679713558743,-17.0,False
2023,17,3,0.3,0.025020128854738987,-7.0,False
2023,17,3,0.3,-0.05769956584923031,7.0,True
2023,17,3,0.3,0.06932687312518081,8.0,True
2023,17,3,0.3,0.016116872512693853,-23.0,False
2023,17,3,0.5,0.07025722930426534,17.0,True
2023,17,3,0.5,-0.061978958058439323,1.0,True
2023,17,3,0.5,-0.03787713264437356,37.0,True
2023,17,3,0.5,0.19321346388033644,6.0,True
2023,17,3,0.5,-0.006826820404216373,20.0,True
2023,17,3,0.5,0.05063052398886235,23.0,True
2023,17,3,0.5,0.13687993483992894,3.0,True
2023,17,3,0.5,0.16975493240932543,26.0,True
2023,17,3,0.5,-0.24827977623668462,-1.0,False
2023,17,3,0.5,0.13625250290155516,-4.0,False
2023,17,3,0.5,0.0276175155347228,-10.0,False
2023,17,3,0.5,-0.3949844061052507,-17.0,False
2023,17,3,0.5,0.045787086600137215,-7.0,False
2023,17,3,0.5,-0.05177911525828893,7.0,True
2023,17,3,0.5,0.03839942096003231,8.0,True
2023,17,3,0.5,-0.013260396789609748,-23.0,False
2023,17,3,0.7,0.06412178208593017,17.0,True
2023,17,3,0.7,-0.06308183143118071,1.0,True
2023,17,3,0.7,-0.04921367302404919,37.0,True
2023,17,3,0.7,0.19073186703160747,6.0,True
2023,17,3,0.7,-0.012523457924439277,20.0,True
2023,17,3,0.7,0.04509860988221355,23.0,True
2023,17,3,0.7,0.144706849057628,3.0,True
2023,17,3,0.7,0.164720306248698,26.0,True
2023,17,3,0.7,-0.24868499413486517,-1.0,False
2023,17,3,0.7,0.12328073414928378,-4.0,False
2023,17,3,0.7,0.04403481958282139,-10.0,False
2023,17,3,0.7,-0.38163195509161313,-17.0,False
2023,17,3,0.7,0.05512269145816024,-7.0,False
2023,17,3,0.7,-0.04911762829538873,7.0,True
2023,17,3,0.7,0.02449625439037842,8.0,True
2023,17,3,0.7,-0.026466692164039844,-23.0,False
