season,week,half_life,home_team,away_team,rating_diff,home_field,rest_diff,actual_margin,actual_home_win
2014,4,2,WAS,NYG,0.1133577430787833,1.0,0,-31.0,False
2014,4,2,BAL,CAR,0.0317818212600978,1.0,0,28.0,True
2014,4,2,CHI,GB,-0.2478387768811058,1.0,-1,-21.0,False
2014,4,2,HOU,BUF,-0.103930411477241,1.0,0,6.0,True
2014,4,2,IND,TEN,0.1692467196500752,1.0,0,24.0,True
2014,4,2,NYJ,DET,0.308803857384068,1.0,-1,-7.0,False
2014,4,2,PIT,TB,0.3510556606634059,1.0,-3,-3.0,False
2014,4,2,MIN,ATL,-0.4492749421071847,1.0,-3,13.0,True
2014,4,2,SF,PHI,0.0013397404359124,1.0,0,5.0,True
2014,4,2,DAL,NO,-0.2027579222566135,1.0,0,21.0,True
2014,4,2,KC,NE,-0.0682513117855084,1.0,0,27.0,True
2014,4,4,WAS,NYG,0.1703739287457547,1.0,0,-31.0,False
2014,4,4,BAL,CAR,0.0133340043996141,1.0,0,28.0,True
2014,4,4,CHI,GB,-0.1740989183748669,1.0,-1,-21.0,False
2014,4,4,HOU,BUF,-0.0734364378945885,1.0,0,6.0,True
2014,4,4,IND,TEN,0.0901749480528209,1.0,0,24.0,True
2014,4,4,NYJ,DET,0.2431192863988968,1.0,-1,-7.0,False
2014,4,4,PIT,TB,0.3062809033470297,1.0,-3,-3.0,False
2014,4,4,MIN,ATL,-0.3925606675140568,1.0,-3,13.0,True
2014,4,4,SF,PHI,0.0381134684314463,1.0,0,5.0,True
2014,4,4,DAL,NO,-0.1687630430491675,1.0,0,21.0,True
2014,4,4,KC,NE,-0.0790031859553722,1.0,0,27.0,True
2014,4,6,WAS,NYG,0.1894026888269763,1.0,0,-31.0,False
2014,4,6,BAL,CAR,0.006929242649899,1.0,0,28.0,True
2014,4,6,CHI,GB,-0.1485791263223533,1.0,-1,-21.0,False
2014,4,6,HOU,BUF,-0.063294717942086,1.0,0,6.0,True
2014,4,6,IND,TEN,0.0643482483389539,1.0,0,24.0,True
2014,4,6,NYJ,DET,0.2203420706811897,1.0,-1,-7.0,False
2014,4,6,PIT,TB,0.2931581991953689,1.0,-3,-3.0,False
2014,4,6,MIN,ATL,-0.3743840705054653,1.0,-3,13.0,True
2014,4,6,SF,PHI,0.0516935943232199,1.0,0,5.0,True
2014,4,6,DAL,NO,-0.1582935205694831,1.0,0,21.0,True
2014,4,6,KC,NE,-0.0818233590397957,1.0,0,27.0,True
2014,4,10,WAS,NYG,0.2045670272669309,1.0,0,-31.0,False
2014,4,10,BAL,CAR,0.0017235668378407,1.0,0,28.0,True
2014,4,10,CHI,GB,-0.1278985281321828,1.0,-1,-21.0,False
2014,4,10,HOU,BUF,-0.0552411591380371,1.0,0,6.0,True
2014,4,10,IND,TEN,0.0439263817623,1.0,0,24.0,True
2014,4,10,NYJ,DET,0.2018705203138682,1.0,-1,-7.0,False
2014,4,10,PIT,TB,0.2833196278900953,1.0,-3,-3.0,False
2014,4,10,MIN,ATL,-0.3600900015511983,1.0,-3,13.0,True
2014,4,10,SF,PHI,0.0630106863325061,1.0,0,5.0,True
2014,4,10,DAL,NO,-0.1502977443892043,1.0,0,21.0,True
2014,4,10,KC,NE,-0.0837899109177519,1.0,0,27.0,True
2014,4,20,WAS,NYG,0.2158867406469522,1.0,0,-31.0,False
2014,4,20,BAL,CAR,-0.0022247222397347,1.0,0,28.0,True
2014,4,20,CHI,GB,-0.1122571343181024,1.0,-1,-21.0,False
2014,4,20,HOU,BUF,-0.0492507709659248,1.0,0,6.0,True
2014,4,20,IND,TEN,0.028763342285328,1.0,0,24.0,True
2014,4,20,NYJ,DET,0.1878931673435395,1.0,-1,-7.0,False
2014,4,20,PIT,TB,0.2763263499230527,1.0,-3,-3.0,False
2014,4,20,MIN,ATL,-0.3495104031221442,1.0,-3,13.0,True
2014,4,20,SF,PHI,0.0717536503355026,1.0,0,5.0,True
2014,4,20,DAL,NO,-0.1445416942552717,1.0,0,21.0,True
2014,4,20,KC,NE,-0.0850937244617171,1.0,0,27.0,True
2014,4,50,WAS,NYG,0.222650820681459,1.0,0,-31.0,False
2014,4,50,BAL,CAR,-0.0046105680933629,1.0,0,28.0,True
2014,4,50,CHI,GB,-0.1028257665378078,1.0,-1,-21.0,False
2014,4,50,HOU,BUF,-0.0456814213454983,1.0,0,6.0,True
2014,4,50,IND,TEN,0.0197326342338135,1.0,0,24.0,True
2014,4,50,NYJ,DET,0.1794627957971482,1.0,-1,-7.0,False
2014,4,50,PIT,TB,0.2722889590912748,1.0,-3,-3.0,False
2014,4,50,MIN,ATL,-0.3432198639550791,1.0,-3,13.0,True
2014,4,50,SF,PHI,0.0771013073205337,1.0,0,5.0,True
2014,4,50,DAL,NO,-0.141192689432515,1.0,0,21.0,True
2014,4,50,KC,NE,-0.0858052984993905,1.0,0,27.0,True
2014,4,100,WAS,NYG,0.2249003142607917,1.0,0,-31.0,False
2014,4,100,BAL,CAR,-0.0054085266510899,1.0,0,28.0,True
2014,4,100,CHI,GB,-0.0996749881777281,1.0,-1,-21.0,False
2014,4,100,HOU,BUF,-0.0444962270315247,1.0,0,6.0,True
2014,4,100,IND,TEN,0.0167339871795508,1.0,0,24.0,True
2014,4,100,NYJ,DET,0.1766460719182854,1.0,-1,-7.0,False
2014,4,100,PIT,TB,0.2709695568646417,1.0,-3,-3.0,False
2014,4,100,MIN,ATL,-0.3411324906898786,1.0,-3,13.0,True
2014,4,100,SF,PHI,0.0789004994125223,1.0,0,5.0,True
2014,4,100,DAL,NO,-0.1400943419649861,1.0,0,21.0,True
2014,4,100,KC,NE,-0.0860306953000626,1.0,0,27.0,True
2014,5,2,GB,MIN,0.3855667565723193,1.0,0,32.0,True
2014,5,2,CAR,CHI,0.0117216428484202,1.0,0,7.0,True
2014,5,2,DAL,HOU,0.2526351006200665,1.0,0,3.0,True
2014,5,2,DET,BUF,-0.0694483576808633,1.0,0,-3.0,False
2014,5,2,IND,BAL,-0.0824944143913383,1.0,0,7.0,True
2014,5,2,JAX,PIT,-0.4045803697140352,1.0,0,-8.0,False
2014,5,2,NO,TB,0.1281370583440889,1.0,0,6.0,True
2014,5,2,NYG,ATL,0.0450108688584752,1.0,3,10.0,True
2014,5,2,TEN,CLE,-0.2792908880751062,1.0,-7,-1.0,False
2014,5,2,DEN,ARI,-0.171858797153062,1.0,0,21.0,True
2014,5,2,SF,KC,-0.1639350460611225,1.0,1,5.0,True
2014,5,2,NE,CIN,-0.3169189350220604,1.0,-8,26.0,True
2014,5,2,WAS,SEA,-0.1636363053834888,1.0,-4,-10.0,False
2014,5,4,GB,MIN,0.3269054980352456,1.0,0,32.0,True
2014,5,4,CAR,CHI,0.0412037869067208,1.0,0,7.0,True
2014,5,4,DAL,HOU,0.1773201607158868,1.0,0,3.0,True
2014,5,4,DET,BUF,-0.0584460717078812,1.0,0,-3.0,False
2014,5,4,IND,BAL,-0.134036341266359,1.0,0,7.0,True
2014,5,4,JAX,PIT,-0.2914805258127057,1.0,0,-8.0,False
2014,5,4,NO,TB,0.1718928996167913,1.0,0,6.0,True
2014,5,4,NYG,ATL,0.0079124608118262,1.0,3,10.0,True
2014,5,4,TEN,CLE,-0.2318897471590854,1.0,-7,-1.0,False
2014,5,4,DEN,ARI,-0.1282694434973699,1.0,0,21.0,True
2014,5,4,SF,KC,-0.124141751977804,1.0,1,5.0,True
2014,5,4,NE,CIN,-0.2432067772267722,1.0,-8,26.0,True
2014,5,4,WAS,SEA,-0.1583218570761046,1.0,-4,-10.0,False
2014,5,6,GB,MIN,0.3037652382433984,1.0,0,32.0,True
2014,5,6,CAR,CHI,0.0517933921188486,1.0,0,7.0,True
2014,5,6,DAL,HOU,0.1513590549663202,1.0,0,3.0,True
2014,5,6,DET,BUF,-0.0522182686393272,1.0,0,-3.0,False
2014,5,6,IND,BAL,-0.1518282127778815,1.0,0,7.0,True
2014,5,6,JAX,PIT,-0.252712814773175,1.0,0,-8.0,False
2014,5,6,NO,TB,0.1840858885156745,1.0,0,6.0,True
2014,5,6,NYG,ATL,-0.0067653817844189,1.0,3,10.0,True
2014,5,6,TEN,CLE,-0.2154787511363921,1.0,-7,-1.0,False
2014,5,6,DEN,ARI,-0.1140330565258511,1.0,0,21.0,True
2014,5,6,SF,KC,-0.1099600746183294,1.0,1,5.0,True
2014,5,6,NE,CIN,-0.219902218962966,1.0,-8,26.0,True
2014,5,6,WAS,SEA,-0.1585249134876896,1.0,-4,-10.0,False
2014,5,10,GB,MIN,0.2839528794811452,1.0,0,32.0,True
2014,5,10,CAR,CHI,0.0604650052179621,1.0,0,7.0,True
2014,5,10,DAL,HOU,0.1303802816687465,1.0,0,3.0,True
2014,5,10,DET,BUF,-0.046267662395332,1.0,0,-3.0,False
2014,5,10,IND,BAL,-0.1661368704174263,1.0,0,7.0,True
2014,5,10,JAX,PIT,-0.2216097506443794,1.0,0,-8.0,False
2014,5,10,NO,TB,0.1929702137008978,1.0,0,6.0,True
2014,5,10,NYG,ATL,-0.0193152339655713,1.0,3,10.0,True
2014,5,10,TEN,CLE,-0.2022384818867262,1.0,-7,-1.0,False
2014,5,10,DEN,ARI,-0.1028030325268607,1.0,0,21.0,True
2014,5,10,SF,KC,-0.0983134755071435,1.0,1,5.0,True
2014,5,10,NE,CIN,-0.2018573781861713,1.0,-8,26.0,True
2014,5,10,WAS,SEA,-0.1594728505474608,1.0,-4,-10.0,False
2014,5,20,GB,MIN,0.2683436671308462,1.0,0,32.0,True
2014,5,20,CAR,CHI,0.0670627029718886,1.0,0,7.0,True
2014,5,20,DAL,HOU,0.1145571200033133,1.0,0,3.0,True
2014,5,20,DET,BUF,-0.0412338802300459,1.0,0,-3.0,False
2014,5,20,IND,BAL,-0.1768700809579136,1.0,0,7.0,True
2014,5,20,JAX,PIT,-0.1983195335948594,1.0,0,-8.0,False
2014,5,20,NO,TB,0.1991311712776085,1.0,0,6.0,True
2014,5,20,NYG,ATL,-0.0291847599248239,1.0,3,10.0,True
2014,5,20,TEN,CLE,-0.1922777331944849,1.0,-7,-1.0,False
2014,5,20,DEN,ARI,-0.0944882663379656,1.0,0,21.0,True
2014,5,20,SF,KC,-0.0894125546740894,1.0,1,5.0,True
2014,5,20,NE,CIN,-0.1887093965231157,1.0,-8,26.0,True
2014,5,20,WAS,SEA,-0.160659708133883,1.0,-4,-10.0,False
2014,5,50,GB,MIN,0.2586740062668566,1.0,0,32.0,True
2014,5,50,CAR,CHI,0.0710531553773942,1.0,0,7.0,True
2014,5,50,DAL,HOU,0.105037231208378,1.0,0,3.0,True
2014,5,50,DET,BUF,-0.0379782592194209,1.0,0,-3.0,False
2014,5,50,IND,BAL,-0.1832982611684626,1.0,0,7.0,True
2014,5,50,JAX,PIT,-0.1843872784081535,1.0,0,-8.0,False
2014,5,50,NO,TB,0.2026238086498279,1.0,0,6.0,True
2014,5,50,NYG,ATL,-0.03528931467349,1.0,3,10.0,True
2014,5,50,TEN,CLE,-0.1862993456402719,1.0,-7,-1.0,False
2014,5,50,DEN,ARI,-0.089548100514657,1.0,0,21.0,True
2014,5,50,SF,KC,-0.0840068482821445,1.0,1,5.0,True
2014,5,50,NE,CIN,-0.18098920627065,1.0,-8,26.0,True
2014,5,50,WAS,SEA,-0.1615721774567154,1.0,-4,-10.0,False
2014,5,100,GB,MIN,0.2554006807492543,1.0,0,32.0,True
2014,5,100,CAR,CHI,0.0723879168434337,1.0,0,7.0,True
2014,5,100,DAL,HOU,0.1018607286085786,1.0,0,3.0,True
2014,5,100,DET,BUF,-0.0368538691340554,1.0,0,-3.0,False
2014,5,100,IND,BAL,-0.1854377823630997,1.0,0,7.0,True
2014,5,100,JAX,PIT,-0.1797528576540239,1.0,0,-8.0,False
2014,5,100,NO,TB,0.2037543844227349,1.0,0,6.0,True
2014,5,100,NYG,ATL,-0.0373540333468018,1.0,3,10.0,True
2014,5,100,TEN,CLE,-0.1843073213313074,1.0,-7,-1.0,False
2014,5,100,DEN,ARI,-0.0879099282117026,1.0,0,21.0,True
2014,5,100,SF,KC,-0.0821944197204095,1.0,1,5.0,True
2014,5,100,NE,CIN,-0.1784448472227885,1.0,-8,26.0,True
2014,5,100,WAS,SEA,-0.161910132136624,1.0,-4,-10.0,False
2014,6,2,HOU,IND,-0.1969022884284317,1.0,0,-5.0,False
2014,6,2,BUF,NE,0.0009450878056446,1.0,0,-15.0,False
2014,6,2,CIN,CAR,0.0527183605126771,1.0,0,0.0,False
2014,6,2,CLE,PIT,-0.0764322992722674,1.0,0,21.0,True
2014,6,2,MIA,GB,-0.2403349672525243,1.0,4,-3.0,False
2014,6,2,MIN,DET,-0.1188721247404535,1.0,3,-14.0,False
2014,6,2,NYJ,DEN,-0.1792522015866837,1.0,0,-14.0,False
2014,6,2,TB,BAL,-0.159537210746916,1.0,0,-31.0,False
2014,6,2,TEN,JAX,0.2258891842285262,1.0,0,2.0,True
2014,6,2,ARI,WAS,-0.0151939681358894,1.0,1,10.0,True
2014,6,2,ATL,CHI,-0.144829853524971,1.0,0,-14.0,False
2014,6,2,SEA,DAL,0.1083576980254005,1.0,-1,-7.0,False
2014,6,2,PHI,NYG,-0.3144866258471165,1.0,0,27.0,True
2014,6,4,HOU,IND,-0.0649181987454732,1.0,0,-5.0,False
2014,6,4,BUF,NE,-0.0291718544265313,1.0,0,-15.0,False
2014,6,4,CIN,CAR,0.067852191130799,1.0,0,0.0,False
2014,6,4,CLE,PIT,-0.0189058558243253,1.0,0,21.0,True
2014,6,4,MIA,GB,-0.1893664589513678,1.0,4,-3.0,False
2014,6,4,MIN,DET,-0.1123272251921034,1.0,3,-14.0,False
2014,6,4,NYJ,DEN,-0.1437888424853091,1.0,0,-14.0,False
2014,6,4,TB,BAL,-0.219067434134256,1.0,0,-31.0,False
2014,6,4,TEN,JAX,0.1685543594545906,1.0,0,2.0,True
2014,6,4,ARI,WAS,-0.0016828739286574,1.0,1,10.0,True
2014,6,4,ATL,CHI,-0.1006969379607469,1.0,0,-14.0,False
2014,6,4,SEA,DAL,0.1585622835375946,1.0,-1,-7.0,False
2014,6,4,PHI,NYG,-0.25627465605078,1.0,0,27.0,True
2014,6,6,HOU,IND,-0.0175660703805067,1.0,0,-5.0,False
2014,6,6,BUF,NE,-0.039539469563102,1.0,0,-15.0,False
2014,6,6,CIN,CAR,0.0668825528977119,1.0,0,0.0,False
2014,6,6,CLE,PIT,0.0009687678766477,1.0,0,21.0,True
2014,6,6,MIA,GB,-0.1693716075022699,1.0,4,-3.0,False
2014,6,6,MIN,DET,-0.1115301337588628,1.0,3,-14.0,False
2014,6,6,NYJ,DEN,-0.1347893036961382,1.0,0,-14.0,False
2014,6,6,TB,BAL,-0.238250097320232,1.0,0,-31.0,False
2014,6,6,TEN,JAX,0.1475475040724794,1.0,0,2.0,True
2014,6,6,ARI,WAS,0.003590741499113,1.0,1,10.0,True
2014,6,6,ATL,CHI,-0.0866779769109347,1.0,0,-14.0,False
2014,6,6,SEA,DAL,0.178949749739513,1.0,-1,-7.0,False
2014,6,6,PHI,NYG,-0.2362603060009305,1.0,0,27.0,True
2014,6,10,HOU,IND,0.0210289390420422,1.0,0,-5.0,False
2014,6,10,BUF,NE,-0.0478056829639474,1.0,0,-15.0,False
2014,6,10,CIN,CAR,0.0637673641192568,1.0,0,0.0,False
2014,6,10,CLE,PIT,0.016933724499938,1.0,0,21.0,True
2014,6,10,MIA,GB,-0.1523892517145773,1.0,4,-3.0,False
2014,6,10,MIN,DET,-0.1114075773710113,1.0,3,-14.0,False
2014,6,10,NYJ,DEN,-0.1286669253901628,1.0,0,-14.0,False
2014,6,10,TB,BAL,-0.2531994398447318,1.0,0,-31.0,False
2014,6,10,TEN,JAX,0.1303394103167112,1.0,0,2.0,True
2014,6,10,ARI,WAS,0.0080901170863745,1.0,1,10.0,True
2014,6,10,ATL,CHI,-0.0758784226281907,1.0,0,-14.0,False
2014,6,10,SEA,DAL,0.1965435090374459,1.0,-1,-7.0,False
2014,6,10,PHI,NYG,-0.2202281268957774,1.0,0,27.0,True
2014,6,20,HOU,IND,0.0502239428516928,1.0,0,-5.0,False
2014,6,20,BUF,NE,-0.053945453554033,1.0,0,-15.0,False
2014,6,20,CIN,CAR,0.060066789463155,1.0,0,0.0,False
2014,6,20,CLE,PIT,0.0288862911137611,1.0,0,21.0,True
2014,6,20,MIA,GB,-0.1391145034529269,1.0,4,-3.0,False
2014,6,20,MIN,DET,-0.1116155832265238,1.0,3,-14.0,False
2014,6,20,NYJ,DEN,-0.1246997494448418,1.0,0,-14.0,False
2014,6,20,TB,BAL,-0.2641354949587914,1.0,0,-31.0,False
2014,6,20,TEN,JAX,0.1172942604898287,1.0,0,2.0,True
2014,6,20,ARI,WAS,0.0116368080048099,1.0,1,10.0,True
2014,6,20,ATL,CHI,-0.068069239425541,1.0,0,-14.0,False
2014,6,20,SEA,DAL,0.2104576856446668,1.0,-1,-7.0,False
2014,6,20,PHI,NYG,-0.2082510843460476,1.0,0,27.0,True
2014,6,50,HOU,IND,0.0677908749039621,1.0,0,-5.0,False
2014,6,50,BUF,NE,-0.0575918023499789,1.0,0,-15.0,False
2014,6,50,CIN,CAR,0.0572936527502323,1.0,0,0.0,False
2014,6,50,CLE,PIT,0.0360309860880476,1.0,0,21.0,True
2014,6,50,MIA,GB,-0.130940889796207,1.0,4,-3.0,False
2014,6,50,MIN,DET,-0.1118626731868033,1.0,3,-14.0,False
2014,6,50,NYJ,DEN,-0.1225721041190318,1.0,0,-14.0,False
2014,6,50,TB,BAL,-0.2705708477974171,1.0,0,-31.0,False
2014,6,50,TEN,JAX,0.1094398454816898,1.0,0,2.0,True
2014,6,50,ARI,WAS,0.0138393621107611,1.0,1,10.0,True
2014,6,50,ATL,CHI,-0.0635169403005014,1.0,0,-14.0,False
2014,6,50,SEA,DAL,0.2190897611546146,1.0,-1,-7.0,False
2014,6,50,PHI,NYG,-0.2011017010157344,1.0,0,27.0,True
2014,6,100,HOU,IND,0.0736494108897593,1.0,0,-5.0,False
2014,6,100,BUF,NE,-0.0587997188168586,1.0,0,-15.0,False
2014,6,100,CIN,CAR,0.0562785724142582,1.0,0,0.0,False
2014,6,100,CLE,PIT,0.0384062208375384,1.0,0,21.0,True
2014,6,100,MIA,GB,-0.1281829235824808,1.0,4,-3.0,False
2014,6,100,MIN,DET,-0.1119652367512367,1.0,3,-14.0,False
2014,6,100,NYJ,DEN,-0.1219043505796336,1.0,0,-14.0,False
2014,6,100,TB,BAL,-0.2726936764748714,1.0,0,-31.0,False
2014,6,100,TEN,JAX,0.1068202318210862,1.0,0,2.0,True
2014,6,100,ARI,WAS,0.0145864195918901,1.0,1,10.0,True
2014,6,100,ATL,CHI,-0.0620230274269024,1.0,0,-14.0,False
2014,6,100,SEA,DAL,0.2220129293182905,1.0,-1,-7.0,False
2014,6,100,PHI,NYG,-0.1987264544268624,1.0,0,27.0,True
2014,7,2,NE,NYJ,0.2919684139883176,1.0,0,2.0,True
2014,7,2,BAL,ATL,0.1696106212506572,1.0,0,22.0,True
2014,7,2,BUF,MIN,0.2410667237216373,1.0,0,1.0,True
2014,7,2,CHI,MIA,-0.0359893057387991,1.0,0,-13.0,False
2014,7,2,DET,NO,-0.0355978061970408,1.0,-7,1.0,True
2014,7,2,GB,CAR,0.2248742584546433,1.0,0,21.0,True
2014,7,2,IND,CIN,0.109499793107247,1.0,3,27.0,True
2014,7,2,JAX,CLE,-0.5446409204371672,1.0,0,18.0,True
2014,7,2,WAS,TEN,-0.0491652200434796,1.0,0,2.0,True
2014,7,2,DAL,NYG,0.2693955149611687,1.0,0,10.0,True
2014,7,2,DEN,SF,0.1427081366069808,1.0,1,25.0,True
2014,7,2,PIT,HOU,-0.0368926753243328,1.0,-3,7.0,True
2014,7,4,NE,NYJ,0.2059404152107924,1.0,0,2.0,True
2014,7,4,BAL,ATL,0.0920058359534546,1.0,0,22.0,True
2014,7,4,BUF,MIN,0.2296975671376997,1.0,0,1.0,True
2014,7,4,CHI,MIA,-0.0191791272114105,1.0,0,-13.0,False
2014,7,4,DET,NO,-0.0558307525948902,1.0,-7,1.0,True
2014,7,4,GB,CAR,0.1673013793817115,1.0,0,21.0,True
2014,7,4,IND,CIN,0.0423321665788606,1.0,3,27.0,True
2014,7,4,JAX,CLE,-0.460848946391632,1.0,0,18.0,True
2014,7,4,WAS,TEN,0.0336049376746453,1.0,0,2.0,True
2014,7,4,DAL,NYG,0.1879778208362146,1.0,0,10.0,True
2014,7,4,DEN,SF,0.1036194457778911,1.0,1,25.0,True
2014,7,4,PIT,HOU,-0.0306067960908035,1.0,-3,7.0,True
2014,7,6,NE,NYJ,0.1775879601005689,1.0,0,2.0,True
2014,7,6,BAL,ATL,0.0665527280027952,1.0,0,22.0,True
2014,7,6,BUF,MIN,0.2224954891166763,1.0,0,1.0,True
2014,7,6,CHI,MIA,-0.0106394111870437,1.0,0,-13.0,False
2014,7,6,DET,NO,-0.0583186016524286,1.0,-7,1.0,True
2014,7,6,GB,CAR,0.1382963023571075,1.0,0,21.0,True
2014,7,6,IND,CIN,0.0125487719357487,1.0,3,27.0,True
2014,7,6,JAX,CLE,-0.42752395083857,1.0,0,18.0,True
2014,7,6,WAS,TEN,0.0594601059404993,1.0,0,2.0,True
2014,7,6,DAL,NYG,0.1630080431156758,1.0,0,10.0,True
2014,7,6,DEN,SF,0.0919285439667775,1.0,1,25.0,True
2014,7,6,PIT,HOU,-0.0343439628236623,1.0,-3,7.0,True
2014,7,10,NE,NYJ,0.1553365202119607,1.0,0,2.0,True
2014,7,10,BAL,ATL,0.0464759593414345,1.0,0,22.0,True
2014,7,10,BUF,MIN,0.2154329731883753,1.0,0,1.0,True
2014,7,10,CHI,MIA,-0.0029064958561651,1.0,0,-13.0,False
2014,7,10,DET,NO,-0.0584360366462869,1.0,-7,1.0,True
2014,7,10,GB,CAR,0.111537650145759,1.0,0,21.0,True
2014,7,10,IND,CIN,-0.0134093399063169,1.0,3,27.0,True
2014,7,10,JAX,CLE,-0.3991139632998706,1.0,0,18.0,True
2014,7,10,WAS,TEN,0.0787329362236979,1.0,0,2.0,True
2014,7,10,DAL,NYG,0.1440599934839778,1.0,0,10.0,True
2014,7,10,DEN,SF,0.0834312092768865,1.0,1,25.0,True
2014,7,10,PIT,HOU,-0.0394717639537181,1.0,-3,7.0,True
2014,7,20,NE,NYJ,0.1389799187433748,1.0,0,2.0,True
2014,7,20,BAL,ATL,0.0316386696881605,1.0,0,22.0,True
2014,7,20,BUF,MIN,0.2093774279597865,1.0,0,1.0,True
2014,7,20,CHI,MIA,0.0033474351672582,1.0,0,-13.0,False
2014,7,20,DET,NO,-0.0573550593668895,1.0,-7,1.0,True
2014,7,20,GB,CAR,0.0894714281843193,1.0,0,21.0,True
2014,7,20,IND,CIN,-0.0338862138829175,1.0,3,27.0,True
2014,7,20,JAX,CLE,-0.3768967220937788,1.0,0,18.0,True
2014,7,20,WAS,TEN,0.0921345407381252,1.0,0,2.0,True
2014,7,20,DAL,NYG,0.1305119920673107,1.0,0,10.0,True
2014,7,20,DEN,SF,0.0776432042797096,1.0,1,25.0,True
2014,7,20,PIT,HOU,-0.0445341584942597,1.0,-3,7.0,True
2014,7,50,NE,NYJ,0.1293242249708298,1.0,0,2.0,True
2014,7,50,BAL,ATL,0.022844583555239,1.0,0,22.0,True
2014,7,50,BUF,MIN,0.2054356729651615,1.0,0,1.0,True
2014,7,50,CHI,MIA,0.0072620661033939,1.0,0,-13.0,False
2014,7,50,DET,NO,-0.0562072406646336,1.0,-7,1.0,True
2014,7,50,GB,CAR,0.0754459745012761,1.0,0,21.0,True
2014,7,50,IND,CIN,-0.0465074127358826,1.0,3,27.0,True
2014,7,50,JAX,CLE,-0.36323364375801,1.0,0,18.0,True
2014,7,50,WAS,TEN,0.0996764658664881,1.0,0,2.0,True
2014,7,50,DAL,NYG,0.1226731698945161,1.0,0,10.0,True
2014,7,50,DEN,SF,0.074431348456115,1.0,1,25.0,True
2014,7,50,PIT,HOU,-0.0480559213364734,1.0,-3,7.0,True
2014,7,100,NE,NYJ,0.1261340375913553,1.0,0,2.0,True
2014,7,100,BAL,ATL,0.0199331422309793,1.0,0,22.0,True
2014,7,100,BUF,MIN,0.2040709841929375,1.0,0,1.0,True
2014,7,100,CHI,MIA,0.0085913003524713,1.0,0,-13.0,False
2014,7,100,DET,NO,-0.0557399371077862,1.0,-7,1.0,True
2014,7,100,GB,CAR,0.0706444160332619,1.0,0,21.0,True
2014,7,100,IND,CIN,-0.0507617314255968,1.0,3,27.0,True
2014,7,100,JAX,CLE,-0.3586285875336046,1.0,0,18.0,True
2014,7,100,WAS,TEN,0.102100913969126,1.0,0,2.0,True
2014,7,100,DAL,NYG,0.1201101581456578,1.0,0,10.0,True
2014,7,100,DEN,SF,0.0734058421019116,1.0,1,25.0,True
2014,7,100,PIT,HOU,-0.0493084262309776,1.0,-3,7.0,True
2014,8,2,ATL,DET,0.0811084181949057,0.0,0,-1.0,False
2014,8,2,CAR,SEA,-0.1608119075648678,1.0,0,-4.0,False
2014,8,2,CIN,BAL,-0.2811363920862054,1.0,0,3.0,True
2014,8,2,JAX,MIA,-0.3428183140343108,1.0,0,-14.0,False
2014,8,2,NE,CHI,0.1557515127323381,1.0,3,28.0,True
2014,8,2,NYJ,BUF,-0.0238471064383233,1.0,3,-20.0,False
2014,8,2,TB,MIN,-0.1633093178996357,1.0,7,-6.0,False
2014,8,2,TEN,HOU,0.0767544515241286,1.0,1,-14.0,False
2014,8,2,ARI,PHI,-0.0666655863089541,1.0,-7,4.0,True
2014,8,2,PIT,IND,-0.1585897951355085,1.0,-1,17.0,True
2014,8,2,NO,GB,-0.1844816295280329,1.0,0,21.0,True
2014,8,2,DAL,WAS,0.278933328384407,1.0,0,-3.0,False
2014,8,4,ATL,DET,0.1024284007703033,0.0,0,-1.0,False
2014,8,4,CAR,SEA,-0.1694997696600694,1.0,0,-4.0,False
2014,8,4,CIN,BAL,-0.1454777289578073,1.0,0,3.0,True
2014,8,4,JAX,MIA,-0.3471230475558844,1.0,0,-14.0,False
2014,8,4,NE,CHI,0.1129812867439976,1.0,3,28.0,True
2014,8,4,NYJ,BUF,-0.0093357414373192,1.0,3,-20.0,False
2014,8,4,TB,MIN,-0.1256557500779288,1.0,7,-6.0,False
2014,8,4,TEN,HOU,0.0171623004560637,1.0,1,-14.0,False
2014,8,4,ARI,PHI,-0.0090913657942187,1.0,-7,4.0,True
2014,8,4,PIT,IND,-0.1296072505464765,1.0,-1,17.0,True
2014,8,4,NO,GB,-0.1717574187376846,1.0,0,21.0,True
2014,8,4,DAL,WAS,0.2144374457726199,1.0,0,-3.0,False
2014,8,6,ATL,DET,0.1099634703115687,0.0,0,-1.0,False
2014,8,6,CAR,SEA,-0.1723186848223483,1.0,0,-4.0,False
2014,8,6,CIN,BAL,-0.0969668892568254,1.0,0,3.0,True
2014,8,6,JAX,MIA,-0.3411961032695402,1.0,0,-14.0,False
2014,8,6,NE,CHI,0.0972047301310256,1.0,3,28.0,True
2014,8,6,NYJ,BUF,0.0001281294272118,1.0,3,-20.0,False
2014,8,6,TB,MIN,-0.1191551983335219,1.0,7,-6.0,False
2014,8,6,TEN,HOU,-0.0050837690473532,1.0,1,-14.0,False
2014,8,6,ARI,PHI,0.0101935331272959,1.0,-7,4.0,True
2014,8,6,PIT,IND,-0.1149612960388304,1.0,-1,17.0,True
2014,8,6,NO,GB,-0.1610984677941451,1.0,0,21.0,True
2014,8,6,DAL,WAS,0.1870911645365862,1.0,0,-3.0,False
2014,8,10,ATL,DET,0.1157983763709761,0.0,0,-1.0,False
2014,8,10,CAR,SEA,-0.174155145176942,1.0,0,-4.0,False
2014,8,10,CIN,BAL,-0.0578947270075594,1.0,0,3.0,True
2014,8,10,JAX,MIA,-0.3333008900824975,1.0,0,-14.0,False
2014,8,10,NE,CHI,0.0842306838700866,1.0,3,28.0,True
2014,8,10,NYJ,BUF,0.009397947795471,1.0,3,-20.0,False
2014,8,10,TB,MIN,-0.1163564000568336,1.0,7,-6.0,False
2014,8,10,TEN,HOU,-0.0233082470920639,1.0,1,-14.0,False
2014,8,10,ARI,PHI,0.0257647439759514,1.0,-7,4.0,True
2014,8,10,PIT,IND,-0.1013784430695897,1.0,-1,17.0,True
2014,8,10,NO,GB,-0.1500978352576736,1.0,0,21.0,True
2014,8,10,DAL,WAS,0.1634359472507217,1.0,0,-3.0,False
2014,8,20,ATL,DET,0.1199397895007621,0.0,0,-1.0,False
2014,8,20,CAR,SEA,-0.1751788190775887,1.0,0,-4.0,False
2014,8,20,CIN,BAL,-0.0287829561698506,1.0,0,3.0,True
2014,8,20,JAX,MIA,-0.3254804938643577,1.0,0,-14.0,False
2014,8,20,NE,CHI,0.0743588706236348,1.0,3,28.0,True
2014,8,20,NYJ,BUF,0.017300902097763,1.0,3,-20.0,False
2014,8,20,TB,MIN,-0.1156985749370509,1.0,7,-6.0,False
2014,8,20,TEN,HOU,-0.03706100533376,1.0,1,-14.0,False
2014,8,20,ARI,PHI,0.0375441618630471,1.0,-7,4.0,True
2014,8,20,PIT,IND,-0.0901374852464011,1.0,-1,17.0,True
2014,8,20,NO,GB,-0.1404485496807562,1.0,0,21.0,True
2014,8,20,DAL,WAS,0.1448171604821478,1.0,0,-3.0,False
2014,8,50,ATL,DET,0.1222897566059236,0.0,0,-1.0,False
2014,8,50,CAR,SEA,-0.1756179579070564,1.0,0,-4.0,False
2014,8,50,CIN,BAL,-0.0115057005055361,1.0,0,3.0,True
2014,8,50,JAX,MIA,-0.3200068015301511,1.0,0,-14.0,False
2014,8,50,NE,CHI,0.0683974066430477,1.0,3,28.0,True
2014,8,50,NYJ,BUF,0.0224137288802465,1.0,3,-20.0,False
2014,8,50,TB,MIN,-0.115903527392958,1.0,7,-6.0,False
2014,8,50,TEN,HOU,-0.0452934659245756,1.0,1,-14.0,False
2014,8,50,ARI,PHI,0.0446549656396377,1.0,-7,4.0,True
2014,8,50,PIT,IND,-0.0829791906589365,1.0,-1,17.0,True
2014,8,50,NO,GB,-0.1341108473312544,1.0,0,21.0,True
2014,8,50,DAL,WAS,0.1333416150794873,1.0,0,-3.0,False
2014,8,100,ATL,DET,0.1230466633426627,0.0,0,-1.0,False
2014,8,100,CAR,SEA,-0.1757324773302827,1.0,0,-4.0,False
2014,8,100,CIN,BAL,-0.0057897036684259,1.0,0,3.0,True
2014,8,100,JAX,MIA,-0.3180532962931373,1.0,0,-14.0,False
2014,8,100,NE,CHI,0.0664058660197551,1.0,3,28.0,True
2014,8,100,NYJ,BUF,0.0241772818528507,1.0,3,-20.0,False
2014,8,100,TB,MIN,-0.1160720356483721,1.0,7,-6.0,False
2014,8,100,TEN,HOU,-0.0480287250229041,1.0,1,-14.0,False
2014,8,100,ARI,PHI,0.0470323076851079,1.0,-7,4.0,True
2014,8,100,PIT,IND,-0.0805268073844297,1.0,-1,17.0,True
2014,8,100,NO,GB,-0.1319106265731937,1.0,0,21.0,True
2014,8,100,DAL,WAS,0.1294720152268125,1.0,0,-3.0,False
2014,9,2,CAR,NO,-0.4354043790519064,1.0,0,-18.0,False
2014,9,2,CIN,JAX,0.1156656921538082,1.0,0,10.0,True
2014,9,2,CLE,TB,0.2982261411316295,1.0,0,5.0,True
2014,9,2,DAL,ARI,0.1582965620058605,1.0,-1,-11.0,False
2014,9,2,HOU,PHI,-0.10580684655345,1.0,0,-10.0,False
2014,9,2,KC,NYJ,0.2750404779212325,1.0,0,14.0,True
2014,9,2,MIN,WAS,-0.0732597072517782,1.0,1,3.0,True
2014,9,2,NE,DEN,-0.2866719508470658,1.0,-3,22.0,True
2014,9,2,PIT,BAL,0.118418042919835,1.0,0,20.0,True
2014,9,2,NYG,IND,-0.2023038263395428,1.0,7,-16.0,False
2014,9,4,CAR,NO,-0.2900581031921195,1.0,0,-18.0,False
2014,9,4,CIN,JAX,0.2141460818244184,1.0,0,10.0,True
2014,9,4,CLE,TB,0.3159859800403235,1.0,0,5.0,True
2014,9,4,DAL,ARI,0.1560228618875077,1.0,-1,-11.0,False
2014,9,4,HOU,PHI,-0.0632603931598309,1.0,0,-10.0,False
2014,9,4,KC,NYJ,0.2355043779184011,1.0,0,14.0,True
2014,9,4,MIN,WAS,-0.1287953892027019,1.0,1,3.0,True
2014,9,4,NE,DEN,-0.1935467820736582,1.0,-3,22.0,True
2014,9,4,PIT,BAL,0.0842135549587579,1.0,0,20.0,True
2014,9,4,NYG,IND,-0.1793933708171562,1.0,7,-16.0,False
2014,9,6,CAR,NO,-0.2357750379307736,1.0,0,-18.0,False
2014,9,6,CIN,JAX,0.249058600158591,1.0,0,10.0,True
2014,9,6,CLE,TB,0.3200342688334893,1.0,0,5.0,True
2014,9,6,DAL,ARI,0.1484228737603347,1.0,-1,-11.0,False
2014,9,6,HOU,PHI,-0.0425035316404559,1.0,0,-10.0,False
2014,9,6,KC,NYJ,0.2162232031803778,1.0,0,14.0,True
2014,9,6,MIN,WAS,-0.1491938055800457,1.0,1,3.0,True
2014,9,6,NE,DEN,-0.1620486584884005,1.0,-3,22.0,True
2014,9,6,PIT,BAL,0.0756592778373312,1.0,0,20.0,True
2014,9,6,NYG,IND,-0.1678533233897843,1.0,7,-16.0,False
2014,9,10,CAR,NO,-0.1909806149494459,1.0,0,-18.0,False
2014,9,10,CIN,JAX,0.2762644103403071,1.0,0,10.0,True
2014,9,10,CLE,TB,0.3226423382854698,1.0,0,5.0,True
2014,9,10,DAL,ARI,0.1392768792643659,1.0,-1,-11.0,False
2014,9,10,HOU,PHI,-0.0240995786561628,1.0,0,-10.0,False
2014,9,10,KC,NYJ,0.1984943384821625,1.0,0,14.0,True
2014,9,10,MIN,WAS,-0.1654208909194775,1.0,1,3.0,True
2014,9,10,NE,DEN,-0.1378143258495697,1.0,-3,22.0,True
2014,9,10,PIT,BAL,0.0700246903548916,1.0,0,20.0,True
2014,9,10,NYG,IND,-0.1570767461544041,1.0,7,-16.0,False
2014,9,20,CAR,NO,-0.1568480730898511,1.0,0,-18.0,False
2014,9,20,CIN,JAX,0.2957027161635771,1.0,0,10.0,True
2014,9,20,CLE,TB,0.3242853498259564,1.0,0,5.0,True
2014,9,20,DAL,ARI,0.1305197201215535,1.0,-1,-11.0,False
2014,9,20,HOU,PHI,-0.0094541054260394,1.0,0,-10.0,False
2014,9,20,KC,NYJ,0.1839007749809622,1.0,0,14.0,True
2014,9,20,MIN,WAS,-0.1772385474107422,1.0,1,3.0,True
2014,9,20,NE,DEN,-0.1205562942688261,1.0,-3,22.0,True
2014,9,20,PIT,BAL,0.0665270399597747,1.0,0,20.0,True
2014,9,20,NYG,IND,-0.1481187396002854,1.0,7,-16.0,False
2014,9,50,CAR,NO,-0.1362289260929996,1.0,0,-18.0,False
2014,9,50,CIN,JAX,0.3067972586139325,1.0,0,10.0,True
2014,9,50,CLE,TB,0.325165060433894,1.0,0,5.0,True
2014,9,50,DAL,ARI,0.1244677100512793,1.0,-1,-11.0,False
2014,9,50,HOU,PHI,-0.0003837354256228,1.0,0,-10.0,False
2014,9,50,KC,NYJ,0.1746380957189914,1.0,0,14.0,True
2014,9,50,MIN,WAS,-0.1840876966559286,1.0,1,3.0,True
2014,9,50,NE,DEN,-0.1106813519612798,1.0,-3,22.0,True
2014,9,50,PIT,BAL,0.0647301382156538,1.0,0,20.0,True
2014,9,50,NYG,IND,-0.1424058136947769,1.0,7,-16.0,False
2014,9,100,CAR,NO,-0.1293408876916442,1.0,0,-18.0,False
2014,9,100,CIN,JAX,0.3103832904951953,1.0,0,10.0,True
2014,9,100,CLE,TB,0.3254433040121717,1.0,0,5.0,True
2014,9,100,DAL,ARI,0.1223169484853325,1.0,-1,-11.0,False
2014,9,100,HOU,PHI,0.0026804840830048,1.0,0,-10.0,False
2014,9,100,KC,NYJ,0.1714697231448297,1.0,0,14.0,True
2014,9,100,MIN,WAS,-0.1863205021739252,1.0,1,3.0,True
2014,9,100,NE,DEN,-0.1074794710018729,1.0,-3,22.0,True
2014,9,100,PIT,BAL,0.0641813362923665,1.0,0,20.0,True
2014,9,100,NYG,IND,-0.1404484992818047,1.0,7,-16.0,False
2014,10,2,CIN,CLE,0.105090076425723,1.0,0,-21.0,False
2014,10,2,BAL,TEN,0.0437218568503279,1.0,-7,14.0,True
2014,10,2,BUF,KC,-0.2275648950078287,1.0,7,-4.0,False
2014,10,2,DET,MIA,-0.4653304947229676,1.0,7,4.0,True
2014,10,2,JAX,DAL,-0.2473612598295505,0.0,0,-14.0,False
2014,10,2,NO,SF,0.2413457117514236,1.0,3,-3.0,False
2014,10,2,NYJ,PIT,-0.415913344824298,1.0,0,7.0,True
2014,10,2,TB,ATL,-0.1750162802358891,1.0,-7,-10.0,False
2014,10,2,SEA,NYG,0.3844166393225337,1.0,1,21.0,True
2014,10,2,GB,CHI,0.2210783963313358,1.0,0,41.0,True
2014,10,2,PHI,CAR,0.2928702719062991,1.0,-3,24.0,True
2014,10,4,CIN,CLE,0.0758105468257645,1.0,0,-21.0,False
2014,10,4,BAL,TEN,0.0890334558499664,1.0,-7,14.0,True
2014,10,4,BUF,KC,-0.2139632400842962,1.0,7,-4.0,False
2014,10,4,DET,MIA,-0.3268529053171537,1.0,7,4.0,True
2014,10,4,JAX,DAL,-0.3054768538869414,0.0,0,-14.0,False
2014,10,4,NO,SF,0.1684795746257651,1.0,3,-3.0,False
2014,10,4,NYJ,PIT,-0.3249685859865153,1.0,0,7.0,True
2014,10,4,TB,ATL,-0.2281164531387583,1.0,-7,-10.0,False
2014,10,4,SEA,NYG,0.2893537185577839,1.0,1,21.0,True
2014,10,4,GB,CHI,0.198288533032435,1.0,0,41.0,True
2014,10,4,PHI,CAR,0.1919297023992131,1.0,-3,24.0,True
2014,10,6,CIN,CLE,0.0752422062446213,1.0,0,-21.0,False
2014,10,6,BAL,TEN,0.1022340185793467,1.0,-7,14.0,True
2014,10,6,BUF,KC,-0.2070142334986519,1.0,7,-4.0,False
2014,10,6,DET,MIA,-0.2803165284561427,1.0,7,4.0,True
2014,10,6,JAX,DAL,-0.3183200684231581,0.0,0,-14.0,False
2014,10,6,NO,SF,0.1382748664060628,1.0,3,-3.0,False
2014,10,6,NYJ,PIT,-0.290795302553466,1.0,0,7.0,True
2014,10,6,TB,ATL,-0.253247764735084,1.0,-7,-10.0,False
2014,10,6,SEA,NYG,0.2624840571375627,1.0,1,21.0,True
2014,10,6,GB,CHI,0.1777689152275394,1.0,0,41.0,True
2014,10,6,PHI,CAR,0.1455540760449324,1.0,-3,24.0,True
2014,10,10,CIN,CLE,0.0789627717479177,1.0,0,-21.0,False
2014,10,10,BAL,TEN,0.1110754189592142,1.0,-7,14.0,True
2014,10,10,BUF,KC,-0.2005592755026714,1.0,7,-4.0,False
2014,10,10,DET,MIA,-0.2436304541092868,1.0,7,4.0,True
2014,10,10,JAX,DAL,-0.3242024852926545,0.0,0,-14.0,False
2014,10,10,NO,SF,0.1129574012449291,1.0,3,-3.0,False
2014,10,10,NYJ,PIT,-0.2624629954971664,1.0,0,7.0,True
2014,10,10,TB,ATL,-0.2754110857405576,1.0,-7,-10.0,False
2014,10,10,SEA,NYG,0.2444365659161472,1.0,1,21.0,True
2014,10,10,GB,CHI,0.1565724054612991,1.0,0,41.0,True
2014,10,10,PHI,CAR,0.1044934557198061,1.0,-3,24.0,True
2014,10,20,CIN,CLE,0.0842484767152933,1.0,0,-21.0,False
2014,10,20,BAL,TEN,0.1164339808957454,1.0,-7,14.0,True
2014,10,20,BUF,KC,-0.1952278091705955,1.0,7,-4.0,False
2014,10,20,DET,MIA,-0.2166456007682234,1.0,7,4.0,True
2014,10,20,JAX,DAL,-0.3254724197459581,0.0,0,-14.0,False
2014,10,20,NO,SF,0.0936359434234449,1.0,3,-3.0,False
2014,10,20,NYJ,PIT,-0.240819274837532,1.0,0,7.0,True
2014,10,20,TB,ATL,-0.2929624942116401,1.0,-7,-10.0,False
2014,10,20,SEA,NYG,0.233331704714793,1.0,1,21.0,True
2014,10,20,GB,CHI,0.1380282897097946,1.0,0,41.0,True
2014,10,20,PHI,CAR,0.0717855914777926,1.0,-3,24.0,True
2014,10,50,CIN,CLE,0.0884196109031766,1.0,0,-21.0,False
2014,10,50,BAL,TEN,0.1190577585206562,1.0,-7,14.0,True
2014,10,50,BUF,KC,-0.1918428686416698,1.0,7,-4.0,False
2014,10,50,DET,MIA,-0.200733228149077,1.0,7,4.0,True
2014,10,50,JAX,DAL,-0.3247902649256129,0.0,0,-14.0,False
2014,10,50,NO,SF,0.0820051187638216,1.0,3,-3.0,False
2014,10,50,NYJ,PIT,-0.22773501911267,1.0,0,7.0,True
2014,10,50,TB,ATL,-0.3037867462483387,1.0,-7,-10.0,False
2014,10,50,SEA,NYG,0.2277675514423962,1.0,1,21.0,True
2014,10,50,GB,CHI,0.125882868586698,1.0,0,41.0,True
2014,10,50,PHI,CAR,0.0515197669515754,1.0,-3,24.0,True
2014,10,100,CIN,CLE,0.0899704603543793,1.0,0,-21.0,False
2014,10,100,BAL,TEN,0.1198280233815749,1.0,-7,14.0,True
2014,10,100,BUF,KC,-0.1906854951835201,1.0,7,-4.0,False
2014,10,100,DET,MIA,-0.1954812398008618,1.0,7,4.0,True
2014,10,100,JAX,DAL,-0.3243091238745882,0.0,0,-14.0,False
2014,10,100,NO,SF,0.0781313316710405,1.0,3,-3.0,False
2014,10,100,NYJ,PIT,-0.2233642535465014,1.0,0,7.0,True
2014,10,100,TB,ATL,-0.3074344977831865,1.0,-7,-10.0,False
2014,10,100,SEA,NYG,0.2261037174773586,1.0,1,21.0,True
2014,10,100,GB,CHI,0.1216734215399791,1.0,0,41.0,True
2014,10,100,PHI,CAR,0.0446738203952873,1.0,-3,24.0,True
2014,11,2,MIA,BUF,0.1215761161073649,1.0,0,13.0,True
2014,11,2,CAR,ATL,-0.4624437092306471,1.0,-1,-2.0,False
2014,11,2,CHI,MIN,-0.3343038347983479,1.0,-7,8.0,True
2014,11,2,CLE,HOU,0.1078226154538054,1.0,-4,-16.0,False
2014,11,2,KC,SEA,0.0476995134275592,1.0,0,4.0,True
2014,11,2,NO,CIN,0.3558303619117456,1.0,-3,-17.0,False
2014,11,2,NYG,SF,-0.0682376532359623,1.0,0,-6.0,False
2014,11,2,WAS,TB,0.0430834310473118,1.0,7,-20.0,False
2014,11,2,ARI,DET,0.1674877513167388,1.0,0,8.0,True
2014,11,2,GB,PHI,0.0899944143143853,1.0,1,33.0,True
2014,11,2,IND,NE,-0.0722787840014406,1.0,-1,-22.0,False
2014,11,2,TEN,PIT,-0.1666090192477472,1.0,0,-3.0,False
2014,11,4,MIA,BUF,0.1320459172480775,1.0,0,13.0,True
2014,11,4,CAR,ATL,-0.3212026011045193,1.0,-1,-2.0,False
2014,11,4,CHI,MIN,-0.0863065507480709,1.0,-7,8.0,True
2014,11,4,CLE,HOU,0.0577655328265003,1.0,-4,-16.0,False
2014,11,4,KC,SEA,0.0137910737533681,1.0,0,4.0,True
2014,11,4,NO,CIN,0.2519091193121374,1.0,-3,-17.0,False
2014,11,4,NYG,SF,-0.061580936536801,1.0,0,-6.0,False
2014,11,4,WAS,TB,0.1114391288022232,1.0,7,-20.0,False
2014,11,4,ARI,DET,0.1262898009343283,1.0,0,8.0,True
2014,11,4,GB,PHI,0.1107744324519766,1.0,1,33.0,True
2014,11,4,IND,NE,-0.0460624982573553,1.0,-1,-22.0,False
2014,11,4,TEN,PIT,-0.173845479787236,1.0,0,-3.0,False
2014,11,6,MIA,BUF,0.1349070231851361,1.0,0,13.0,True
2014,11,6,CAR,ATL,-0.2702294460101349,1.0,-1,-2.0,False
2014,11,6,CHI,MIN,-0.0097145813649696,1.0,-7,8.0,True
2014,11,6,CLE,HOU,0.041128908700467,1.0,-4,-16.0,False
2014,11,6,KC,SEA,-0.0067994711368147,1.0,0,4.0,True
2014,11,6,NO,CIN,0.2067788217107455,1.0,-3,-17.0,False
2014,11,6,NYG,SF,-0.0564565431932134,1.0,0,-6.0,False
2014,11,6,WAS,TB,0.143923921934875,1.0,7,-20.0,False
2014,11,6,ARI,DET,0.1071281773228982,1.0,0,8.0,True
2014,11,6,GB,PHI,0.125525579409812,1.0,1,33.0,True
2014,11,6,IND,NE,-0.0402889047430386,1.0,-1,-22.0,False
2014,11,6,TEN,PIT,-0.1721312419526638,1.0,0,-3.0,False
2014,11,10,MIA,BUF,0.1367748212691818,1.0,0,13.0,True
2014,11,10,CAR,ATL,-0.2294015573140188,1.0,-1,-2.0,False
2014,11,10,CHI,MIN,0.0479424687148384,1.0,-7,8.0,True
2014,11,10,CLE,HOU,0.0275350848378042,1.0,-4,-16.0,False
2014,11,10,KC,SEA,-0.0272179052582699,1.0,0,4.0,True
2014,11,10,NO,CIN,0.1671196822211794,1.0,-3,-17.0,False
2014,11,10,NYG,SF,-0.052179054342639,1.0,0,-6.0,False
2014,11,10,WAS,TB,0.1727358028545771,1.0,7,-20.0,False
2014,11,10,ARI,DET,0.090459107150814,1.0,0,8.0,True
2014,11,10,GB,PHI,0.1379572050239792,1.0,1,33.0,True
2014,11,10,IND,NE,-0.0379070620704144,1.0,-1,-22.0,False
2014,11,10,TEN,PIT,-0.1692523719424478,1.0,0,-3.0,False
2014,11,20,MIA,BUF,0.1379382061398749,1.0,0,13.0,True
2014,11,20,CAR,ATL,-0.1991919580677231,1.0,-1,-2.0,False
2014,11,20,CHI,MIN,0.0886787523340511,1.0,-7,8.0,True
2014,11,20,CLE,HOU,0.017073485426749,1.0,-4,-16.0,False
2014,11,20,KC,SEA,-0.0448067512193106,1.0,0,4.0,True
2014,11,20,NO,CIN,0.1356934406195541,1.0,-3,-17.0,False
2014,11,20,NYG,SF,-0.0492594981667796,1.0,0,-6.0,False
2014,11,20,WAS,TB,0.195553477276413,1.0,7,-20.0,False
2014,11,20,ARI,DET,0.0774583414780572,1.0,0,8.0,True
2014,11,20,GB,PHI,0.1469169049509405,1.0,1,33.0,True
2014,11,20,IND,NE,-0.03773910360661,1.0,-1,-22.0,False
2014,11,20,TEN,PIT,-0.1662229444452136,1.0,0,-3.0,False
2014,11,50,MIA,BUF,0.1385539161185763,1.0,0,13.0,True
2014,11,50,CAR,ATL,-0.1813617977438077,1.0,-1,-2.0,False
2014,11,50,CHI,MIN,0.1119798279892672,1.0,-7,8.0,True
2014,11,50,CLE,HOU,0.0106586018228044,1.0,-4,-16.0,False
2014,11,50,KC,SEA,-0.0562458722168743,1.0,0,4.0,True
2014,11,50,NO,CIN,0.1163172826025142,1.0,-3,-17.0,False
2014,11,50,NYG,SF,-0.0477553675455692,1.0,0,-6.0,False
2014,11,50,WAS,TB,0.2095792100700411,1.0,7,-20.0,False
2014,11,50,ARI,DET,0.0695448946406689,1.0,0,8.0,True
2014,11,50,GB,PHI,0.151934753363256,1.0,1,33.0,True
2014,11,50,IND,NE,-0.0383813803107909,1.0,-1,-22.0,False
2014,11,50,TEN,PIT,-0.1640535239608968,1.0,0,-3.0,False
2014,11,100,MIA,BUF,0.1387478238686977,1.0,0,13.0,True
2014,11,100,CAR,ATL,-0.1754796721513829,1.0,-1,-2.0,False
2014,11,100,CHI,MIN,0.1195465683067343,1.0,-7,8.0,True
2014,11,100,CLE,HOU,0.0084947260937312,1.0,-4,-16.0,False
2014,11,100,KC,SEA,-0.0601984542761928,1.0,0,4.0,True
2014,11,100,NO,CIN,0.1097925963433751,1.0,-3,-17.0,False
2014,11,100,NYG,SF,-0.0473085772953083,1.0,0,-6.0,False
2014,11,100,WAS,TB,0.2142923214257381,1.0,7,-20.0,False
2014,11,100,ARI,DET,0.0668977271975806,1.0,0,8.0,True
2014,11,100,GB,PHI,0.1535282809340357,1.0,1,33.0,True
2014,11,100,IND,NE,-0.038725556723737,1.0,-1,-22.0,False
2014,11,100,TEN,PIT,-0.1632726671358885,1.0,0,-3.0,False
2014,12,2,ATL,CLE,0.2031963369075463,1.0,0,-2.0,False
2014,12,2,CHI,TB,-0.0383299217660517,1.0,0,8.0,True
2014,12,2,HOU,CIN,0.1360050120213411,1.0,0,-9.0,False
2014,12,2,IND,JAX,0.2481360088268989,1.0,-7,20.0,True
2014,12,2,MIN,GB,-0.7218877897578614,1.0,0,-3.0,False
2014,12,2,NE,DET,0.4233312284047917,1.0,0,25.0,True
2014,12,2,PHI,TEN,0.1646123283000325,1.0,1,19.0,True
2014,12,2,SEA,ARI,-0.0763740982505728,1.0,0,16.0,True
2014,12,2,DEN,MIA,-0.0017671393412166,1.0,-3,3.0,True
2014,12,2,SF,WAS,0.0824553072147724,1.0,0,4.0,True
2014,12,2,NYG,DAL,-0.3787634476221368,1.0,-7,-3.0,False
2014,12,2,BUF,NYJ,-0.0871328727080905,0.0,-4,35.0,True
2014,12,2,NO,BAL,0.0461376391274698,1.0,-7,-7.0,False
2014,12,4,ATL,CLE,0.1622354996829187,1.0,0,-2.0,False
2014,12,4,CHI,TB,0.0282182328493058,1.0,0,8.0,True
2014,12,4,HOU,CIN,0.0544764559247239,1.0,0,-9.0,False
2014,12,4,IND,JAX,0.3026821962352645,1.0,-7,20.0,True
2014,12,4,MIN,GB,-0.534197527572362,1.0,0,-3.0,False
2014,12,4,NE,DET,0.3604351008004069,1.0,0,25.0,True
2014,12,4,PHI,TEN,0.1598470685256429,1.0,1,19.0,True
2014,12,4,SEA,ARI,0.0499541791949865,1.0,0,16.0,True
2014,12,4,DEN,MIA,0.0584765490400755,1.0,-3,3.0,True
2014,12,4,SF,WAS,0.0462286423291306,1.0,0,4.0,True
2014,12,4,NYG,DAL,-0.2999344573933469,1.0,-7,-3.0,False
2014,12,4,BUF,NYJ,-0.0146498042188474,0.0,-4,35.0,True
2014,12,4,NO,BAL,0.0651894943295676,1.0,-7,-7.0,False
2014,12,6,ATL,CLE,0.1491782319794609,1.0,0,-2.0,False
2014,12,6,CHI,TB,0.073837288255197,1.0,0,8.0,True
2014,12,6,HOU,CIN,0.022777273236603,1.0,0,-9.0,False
2014,12,6,IND,JAX,0.3193953213505348,1.0,-7,20.0,True
2014,12,6,MIN,GB,-0.4818229954354425,1.0,0,-3.0,False
2014,12,6,NE,DET,0.3322907746841885,1.0,0,25.0,True
2014,12,6,PHI,TEN,0.1444574907797229,1.0,1,19.0,True
2014,12,6,SEA,ARI,0.0943525317789145,1.0,0,16.0,True
2014,12,6,DEN,MIA,0.0776729172326825,1.0,-3,3.0,True
2014,12,6,SF,WAS,0.0374294565470205,1.0,0,4.0,True
2014,12,6,NYG,DAL,-0.2616413784774232,1.0,-7,-3.0,False
2014,12,6,BUF,NYJ,-0.0035665088556137,0.0,-4,35.0,True
2014,12,6,NO,BAL,0.0663136562009654,1.0,-7,-7.0,False
2014,12,10,ATL,CLE,0.1402711980040174,1.0,0,-2.0,False
2014,12,10,CHI,TB,0.1175233643518354,1.0,0,8.0,True
2014,12,10,HOU,CIN,-0.0035326257884276,1.0,0,-9.0,False
2014,12,10,IND,JAX,0.3297192059531572,1.0,-7,20.0,True
2014,12,10,MIN,GB,-0.4439252482073651,1.0,0,-3.0,False
2014,12,10,NE,DET,0.3076949349576958,1.0,0,25.0,True
2014,12,10,PHI,TEN,0.1278171891983557,1.0,1,19.0,True
2014,12,10,SEA,ARI,0.1297543469387021,1.0,0,16.0,True
2014,12,10,DEN,MIA,0.0919951843697888,1.0,-3,3.0,True
2014,12,10,SF,WAS,0.0317688311327472,1.0,0,4.0,True
2014,12,10,NYG,DAL,-0.2270662451327182,1.0,-7,-3.0,False
2014,12,10,BUF,NYJ,-0.000410229090927,0.0,-4,35.0,True
2014,12,10,NO,BAL,0.0653853494387056,1.0,-7,-7.0,False
2014,12,20,ATL,CLE,0.1349284624165646,1.0,0,-2.0,False
2014,12,20,CHI,TB,0.1534770821577306,1.0,0,8.0,True
2014,12,20,HOU,CIN,-0.0234944812364264,1.0,0,-9.0,False
2014,12,20,IND,JAX,0.3348324716145762,1.0,-7,20.0,True
2014,12,20,MIN,GB,-0.417587686639426,1.0,0,-3.0,False
2014,12,20,NE,DET,0.2883298121985866,1.0,0,25.0,True
2014,12,20,PHI,TEN,0.1132762746265494,1.0,1,19.0,True
2014,12,20,SEA,ARI,0.1558349692104906,1.0,0,16.0,True
2014,12,20,DEN,MIA,0.1019677231747306,1.0,-3,3.0,True
2014,12,20,SF,WAS,0.0283443457477006,1.0,0,4.0,True
2014,12,20,NYG,DAL,-0.1993502252813652,1.0,-7,-3.0,False
2014,12,20,BUF,NYJ,-0.0014021583626186,0.0,-4,35.0,True
2014,12,20,NO,BAL,0.0637561036910983,1.0,-7,-7.0,False
2014,12,50,ATL,CLE,0.1323905910715346,1.0,0,-2.0,False
2014,12,50,CHI,TB,0.1759910620561343,1.0,0,8.0,True
2014,12,50,HOU,CIN,-0.035443490171974,1.0,0,-9.0,False
2014,12,50,IND,JAX,0.3365765624620573,1.0,-7,20.0,True
2014,12,50,MIN,GB,-0.4025241922662543,1.0,0,-3.0,False
2014,12,50,NE,DET,0.2764357971372864,1.0,0,25.0,True
2014,12,50,PHI,TEN,0.1038720597219473,1.0,1,19.0,True
2014,12,50,SEA,ARI,0.1711556101666672,1.0,0,16.0,True
2014,12,50,DEN,MIA,0.1076015817530014,1.0,-3,3.0,True
2014,12,50,SF,WAS,0.026625538070143,1.0,0,4.0,True
2014,12,50,NYG,DAL,-0.1821952800055233,1.0,-7,-3.0,False
2014,12,50,BUF,NYJ,-0.0033383808169447,0.0,-4,35.0,True
2014,12,50,NO,BAL,0.0624539808950653,1.0,-7,-7.0,False
2014,12,100,ATL,CLE,0.1316659249372626,1.0,0,-2.0,False
2014,12,100,CHI,TB,0.1836122996139326,1.0,0,8.0,True
2014,12,100,HOU,CIN,-0.0394075840809863,1.0,0,-9.0,False
2014,12,100,IND,JAX,0.3369150482013562,1.0,-7,20.0,True
2014,12,100,MIN,GB,-0.3976117346901495,1.0,0,-3.0,False
2014,12,100,NE,DET,0.2724362428351082,1.0,0,25.0,True
2014,12,100,PHI,TEN,0.1006421724160161,1.0,1,19.0,True
2014,12,100,SEA,ARI,0.176193801711247,1.0,0,16.0,True
2014,12,100,DEN,MIA,0.1094193055409684,1.0,-3,3.0,True
2014,12,100,SF,WAS,0.0261079712331022,1.0,0,4.0,True
2014,12,100,NYG,DAL,-0.1764134579332506,1.0,-7,-3.0,False
2014,12,100,BUF,NYJ,-0.0041997931474637,0.0,-4,35.0,True
2014,12,100,NO,BAL,0.0619730046458225,1.0,-7,-7.0,False
2014,13,2,DET,CHI,-0.3770778112763541,1.0,0,17.0,True
2014,13,2,DAL,PHI,0.1277713061762714,1.0,0,-23.0,False
2014,13,2,SF,SEA,-0.0529414949885415,1.0,0,-16.0,False
2014,13,2,BUF,CLE,0.1095059153493503,1.0,-1,16.0,True
2014,13,2,HOU,TEN,0.1177169174274414,1.0,0,24.0,True
2014,13,2,IND,WAS,0.1946198852940371,1.0,0,22.0,True
2014,13,2,JAX,NYG,-0.0679646087293113,1.0,0,1.0,True
2014,13,2,MIN,CAR,0.1046960702029914,1.0,-7,18.0,True
2014,13,2,PIT,NO,-0.0311543734821789,1.0,7,-3.0,False
2014,13,2,TB,CIN,-0.1714122491505921,1.0,0,-1.0,False
2014,13,2,ATL,ARI,0.0679192389090488,1.0,0,11.0,True
2014,13,2,GB,NE,0.0194572340975427,1.0,0,5.0,True
2014,13,2,KC,DEN,-0.0420606912206393,1.0,3,-13.0,False
2014,13,2,NYJ,MIA,-0.2607776159926254,1.0,-1,-3.0,False
2014,13,4,DET,CHI,-0.2266368673228069,1.0,0,17.0,True
2014,13,4,DAL,PHI,0.0866198594378531,1.0,0,-23.0,False
2014,13,4,SF,SEA,-0.0986897182376296,1.0,0,-16.0,False
2014,13,4,BUF,CLE,0.052631487626919,1.0,-1,16.0,True
2014,13,4,HOU,TEN,0.0894694648924719,1.0,0,24.0,True
2014,13,4,IND,WAS,0.1656615797806571,1.0,0,22.0,True
2014,13,4,JAX,NYG,-0.109384705836963,1.0,0,1.0,True
2014,13,4,MIN,CAR,0.0617559317198417,1.0,-7,18.0,True
2014,13,4,PIT,NO,-0.0301706292129908,1.0,7,-3.0,False
2014,13,4,TB,CIN,-0.1698546011667352,1.0,0,-1.0,False
2014,13,4,ATL,ARI,0.0713669574295861,1.0,0,11.0,True
2014,13,4,GB,NE,0.0458654512104893,1.0,0,5.0,True
2014,13,4,KC,DEN,-0.0550431990978008,1.0,3,-13.0,False
2014,13,4,NYJ,MIA,-0.2325236763639666,1.0,-1,-3.0,False
2014,13,6,DET,CHI,-0.1809847508688883,1.0,0,17.0,True
2014,13,6,DAL,PHI,0.0815533360780323,1.0,0,-23.0,False
2014,13,6,SF,SEA,-0.1150130119491407,1.0,0,-16.0,False
2014,13,6,BUF,CLE,0.0328258302551687,1.0,-1,16.0,True
2014,13,6,HOU,TEN,0.0774395798796151,1.0,0,24.0,True
2014,13,6,IND,WAS,0.1531610780060957,1.0,0,22.0,True
2014,13,6,JAX,NYG,-0.1354913615024899,1.0,0,1.0,True
2014,13,6,MIN,CAR,0.0320414294841897,1.0,-7,18.0,True
2014,13,6,PIT,NO,-0.0294592236908244,1.0,7,-3.0,False
2014,13,6,TB,CIN,-0.1869754373051384,1.0,0,-1.0,False
2014,13,6,ATL,ARI,0.0735087269393758,1.0,0,11.0,True
2014,13,6,GB,NE,0.0467743443972785,1.0,0,5.0,True
2014,13,6,KC,DEN,-0.0623348415568209,1.0,3,-13.0,False
2014,13,6,NYJ,MIA,-0.2202187594216024,1.0,-1,-3.0,False
2014,13,10,DET,CHI,-0.1494556398548716,1.0,0,17.0,True
2014,13,10,DAL,PHI,0.0804835162761907,1.0,0,-23.0,False
2014,13,10,SF,SEA,-0.1279135505129097,1.0,0,-16.0,False
2014,13,10,BUF,CLE,0.0174371339834921,1.0,-1,16.0,True
2014,13,10,HOU,TEN,0.0683156575229342,1.0,0,24.0,True
2014,13,10,IND,WAS,0.140855400470482,1.0,0,22.0,True
2014,13,10,JAX,NYG,-0.1594282668298443,1.0,0,1.0,True
2014,13,10,MIN,CAR,0.0025995510711404,1.0,-7,18.0,True
2014,13,10,PIT,NO,-0.0284889741201319,1.0,7,-3.0,False
2014,13,10,TB,CIN,-0.2084500090500972,1.0,0,-1.0,False
2014,13,10,ATL,ARI,0.0755758878828683,1.0,0,11.0,True
2014,13,10,GB,NE,0.0441357151751365,1.0,0,5.0,True
2014,13,10,KC,DEN,-0.0696045339478091,1.0,3,-13.0,False
2014,13,10,NYJ,MIA,-0.20777875454188,1.0,-1,-3.0,False
2014,13,20,DET,CHI,-0.1294046110796071,1.0,0,17.0,True
2014,13,20,DAL,PHI,0.0809656967654987,1.0,0,-23.0,False
2014,13,20,SF,SEA,-0.1373320540127751,1.0,0,-16.0,False
2014,13,20,BUF,CLE,0.0064810096063833,1.0,-1,16.0,True
2014,13,20,HOU,TEN,0.062240315957964,1.0,0,24.0,True
2014,13,20,IND,WAS,0.1299400208800927,1.0,0,22.0,True
2014,13,20,JAX,NYG,-0.1781074000409276,1.0,0,1.0,True
2014,13,20,MIN,CAR,-0.0223862224839003,1.0,-7,18.0,True
2014,13,20,PIT,NO,-0.0274435085012749,1.0,7,-3.0,False
2014,13,20,TB,CIN,-0.2290235148425398,1.0,0,-1.0,False
2014,13,20,ATL,ARI,0.0773648095448022,1.0,0,11.0,True
2014,13,20,GB,NE,0.0401939953176593,1.0,0,5.0,True
2014,13,20,KC,DEN,-0.0760659093702455,1.0,3,-13.0,False
2014,13,20,NYJ,MIA,-0.1966312015448663,1.0,-1,-3.0,False
2014,13,50,DET,CHI,-0.1189535903183466,1.0,0,17.0,True
2014,13,50,DAL,PHI,0.0815919338655253,1.0,0,-23.0,False
2014,13,50,SF,SEA,-0.1428306236860002,1.0,0,-16.0,False
2014,13,50,BUF,CLE,0.0002451691241225,1.0,-1,16.0,True
2014,13,50,HOU,TEN,0.0590356453625605,1.0,0,24.0,True
2014,13,50,IND,WAS,0.1226210818175527,1.0,0,22.0,True
2014,13,50,JAX,NYG,-0.1892133428685648,1.0,0,1.0,True
2014,13,50,MIN,CAR,-0.0383777962761658,1.0,-7,18.0,True
2014,13,50,PIT,NO,-0.0266688584070829,1.0,7,-3.0,False
2014,13,50,TB,CIN,-0.2430721361041572,1.0,0,-1.0,False
2014,13,50,ATL,ARI,0.0785459104398099,1.0,0,11.0,True
2014,13,50,GB,NE,0.0370484889448388,1.0,0,5.0,True
2014,13,50,KC,DEN,-0.0804109529589074,1.0,3,-13.0,False
2014,13,50,NYJ,MIA,-0.1891599592378741,1.0,-1,-3.0,False
2014,13,100,DET,CHI,-0.115735252000193,1.0,0,17.0,True
2014,13,100,DAL,PHI,0.08183480515342,1.0,0,-23.0,False
2014,13,100,SF,SEA,-0.1446335260502635,1.0,0,-16.0,False
2014,13,100,BUF,CLE,-0.0017679345342428,1.0,-1,16.0,True
2014,13,100,HOU,TEN,0.0580512823874019,1.0,0,24.0,True
2014,13,100,IND,WAS,0.1200479709539076,1.0,0,22.0,True
2014,13,100,JAX,NYG,-0.1928539665025888,1.0,0,1.0,True
2014,13,100,MIN,CAR,-0.0438506408928652,1.0,-7,18.0,True
2014,13,100,PIT,NO,-0.0263852921282694,1.0,7,-3.0,False
2014,13,100,TB,CIN,-0.2480171980488867,1.0,0,-1.0,False
2014,13,100,ATL,ARI,0.0789582018799066,1.0,0,11.0,True
2014,13,100,GB,NE,0.0358743507836022,1.0,0,5.0,True
2014,13,100,KC,DEN,-0.0819422676254683,1.0,3,-13.0,False
2014,13,100,NYJ,MIA,-0.1865401306536419,1.0,-1,-3.0,False
2014,14,2,CHI,DAL,-0.0863589084300574,1.0,0,-13.0,False
2014,14,2,CIN,PIT,0.2351256660677477,1.0,0,-21.0,False
2014,14,2,CLE,IND,-0.2063577472896146,1.0,0,-1.0,False
2014,14,2,DET,TB,-0.0436598839160103,1.0,3,17.0,True
2014,14,2,JAX,HOU,-0.4180058082145858,1.0,0,-14.0,False
2014,14,2,MIA,BAL,0.1013434337893912,1.0,-1,-15.0,False
2014,14,2,MIN,NYJ,-0.0238071843803252,1.0,1,6.0,True
2014,14,2,NO,CAR,0.4397361093993889,1.0,0,-31.0,False
2014,14,2,TEN,NYG,-0.2370368321703505,1.0,0,-29.0,False
2014,14,2,ARI,KC,-0.1522479613452849,1.0,0,3.0,True
2014,14,2,DEN,BUF,0.0705513470668309,1.0,0,7.0,True
2014,14,2,PHI,SEA,-0.0484581135632702,1.0,0,-10.0,False
2014,14,2,GB,ATL,0.0104527878664563,1.0,0,6.0,True
2014,14,4,CHI,DAL,-0.1213110494738355,1.0,0,-13.0,False
2014,14,4,CIN,PIT,0.066959867802354,1.0,0,-21.0,False
2014,14,4,CLE,IND,-0.176973700072331,1.0,0,-1.0,False
2014,14,4,DET,TB,-0.0080798740703736,1.0,3,17.0,True
2014,14,4,JAX,HOU,-0.3339960132614099,1.0,0,-14.0,False
2014,14,4,MIA,BAL,0.0708776341934282,1.0,-1,-15.0,False
2014,14,4,MIN,NYJ,-0.0209435481036939,1.0,1,6.0,True
2014,14,4,NO,CAR,0.3615828220205966,1.0,0,-31.0,False
2014,14,4,TEN,NYG,-0.1269046247366469,1.0,0,-29.0,False
2014,14,4,ARI,KC,-0.1466062711641912,1.0,0,3.0,True
2014,14,4,DEN,BUF,0.1550229622417665,1.0,0,7.0,True
2014,14,4,PHI,SEA,-0.0426979384889419,1.0,0,-10.0,False
2014,14,4,GB,ATL,0.0922993812176951,1.0,0,6.0,True
2014,14,6,CHI,DAL,-0.1228245001749102,1.0,0,-13.0,False
2014,14,6,CIN,PIT,0.0207834127651862,1.0,0,-21.0,False
2014,14,6,CLE,IND,-0.1682219490708785,1.0,0,-1.0,False
2014,14,6,DET,TB,0.0240118699294954,1.0,3,17.0,True
2014,14,6,JAX,HOU,-0.3078006388365761,1.0,0,-14.0,False
2014,14,6,MIA,BAL,0.056287997218021,1.0,-1,-15.0,False
2014,14,6,MIN,NYJ,-0.0243790788494484,1.0,1,6.0,True
2014,14,6,NO,CAR,0.3235218772605707,1.0,0,-31.0,False
2014,14,6,TEN,NYG,-0.0978392876183675,1.0,0,-29.0,False
2014,14,6,ARI,KC,-0.1461293242407629,1.0,0,3.0,True
2014,14,6,DEN,BUF,0.1873563605939825,1.0,0,7.0,True
2014,14,6,PHI,SEA,-0.0561267411024688,1.0,0,-10.0,False
2014,14,6,GB,ATL,0.1128485649668982,1.0,0,6.0,True
2014,14,10,CHI,DAL,-0.1169069180038545,1.0,0,-13.0,False
2014,14,10,CIN,PIT,-0.0077802727991044,1.0,0,-21.0,False
2014,14,10,CLE,IND,-0.1611565698533799,1.0,0,-1.0,False
2014,14,10,DET,TB,0.0576867189979759,1.0,3,17.0,True
2014,14,10,JAX,HOU,-0.2890091800356045,1.0,0,-14.0,False
2014,14,10,MIA,BAL,0.0434830865647252,1.0,-1,-15.0,False
2014,14,10,MIN,NYJ,-0.0301519377398868,1.0,1,6.0,True
2014,14,10,NO,CAR,0.2879742111955577,1.0,0,-31.0,False
2014,14,10,TEN,NYG,-0.0795526666742462,1.0,0,-29.0,False
2014,14,10,ARI,KC,-0.1444047614979165,1.0,0,3.0,True
2014,14,10,DEN,BUF,0.2129803464747621,1.0,0,7.0,True
2014,14,10,PHI,SEA,-0.0738865974698841,1.0,0,-10.0,False
2014,14,10,GB,ATL,0.1236476251978305,1.0,0,6.0,True
2014,14,20,CHI,DAL,-0.1075622368663992,1.0,0,-13.0,False
2014,14,20,CIN,PIT,-0.0232221483833215,1.0,0,-21.0,False
2014,14,20,CLE,IND,-0.1555867816229703,1.0,0,-1.0,False
2014,14,20,DET,TB,0.0871492877333749,1.0,3,17.0,True
2014,14,20,JAX,HOU,-0.2764851286774786,1.0,0,-14.0,False
2014,14,20,MIA,BAL,0.0335440473697979,1.0,-1,-15.0,False
2014,14,20,MIN,NYJ,-0.0364492212381191,1.0,1,6.0,True
2014,14,20,NO,CAR,0.2584789507991463,1.0,0,-31.0,False
2014,14,20,TEN,NYG,-0.0689800360123846,1.0,0,-29.0,False
2014,14,20,ARI,KC,-0.1415687554878503,1.0,0,3.0,True
2014,14,20,DEN,BUF,0.231429350452491,1.0,0,7.0,True
2014,14,20,PHI,SEA,-0.0912028229461968,1.0,0,-10.0,False
2014,14,20,GB,ATL,0.1275620121894894,1.0,0,6.0,True
2014,14,50,CHI,DAL,-0.09982994870867,1.0,0,-13.0,False
2014,14,50,CIN,PIT,-0.0298372583702833,1.0,0,-21.0,False
2014,14,50,CLE,IND,-0.1520558106391439,1.0,0,-1.0,False
2014,14,50,DET,TB,0.1062957999363921,1.0,3,17.0,True
2014,14,50,JAX,HOU,-0.2696606469408948,1.0,0,-14.0,False
2014,14,50,MIA,BAL,0.0275643189654911,1.0,-1,-15.0,False
2014,14,50,MIN,NYJ,-0.0410306158565817,1.0,1,6.0,True
2014,14,50,NO,CAR,0.2397319566633994,1.0,0,-31.0,False
2014,14,50,TEN,NYG,-0.0638802188987624,1.0,0,-29.0,False
2014,14,50,ARI,KC,-0.1390136176556876,1.0,0,3.0,True
2014,14,50,DEN,BUF,0.242013805417326,1.0,0,7.0,True
2014,14,50,PHI,SEA,-0.1030955776674188,1.0,0,-10.0,False
2014,14,50,GB,ATL,0.1280012403904759,1.0,0,6.0,True
2014,14,100,CHI,DAL,-0.0968972262516755,1.0,0,-13.0,False
2014,14,100,CIN,PIT,-0.031593614609692,1.0,0,-21.0,False
2014,14,100,CLE,IND,-0.1508393916580614,1.0,0,-1.0,False
2014,14,100,DET,TB,0.1128885383078352,1.0,3,17.0,True
2014,14,100,JAX,HOU,-0.2675015157909555,1.0,0,-14.0,False
2014,14,100,MIA,BAL,0.0255817884455012,1.0,-1,-15.0,False
2014,14,100,MIN,NYJ,-0.0426856971355165,1.0,1,6.0,True
2014,14,100,NO,CAR,0.2333248407792333,1.0,0,-31.0,False
2014,14,100,TEN,NYG,-0.0623731071268211,1.0,0,-29.0,False
2014,14,100,ARI,KC,-0.1380002843435745,1.0,0,3.0,True
2014,14,100,DEN,BUF,0.2454470007452894,1.0,0,7.0,True
2014,14,100,PHI,SEA,-0.1072884464221891,1.0,0,-10.0,False
2014,14,100,GB,ATL,0.1278182282908095,1.0,0,6.0,True
2014,15,2,ATL,PIT,0.2097244921792762,1.0,-1,-7.0,False
2014,15,2,BAL,JAX,0.3234193859365,1.0,0,8.0,True
2014,15,2,BUF,GB,-0.3222741783078263,1.0,1,8.0,True
2014,15,2,CAR,TB,0.3196601143023734,1.0,0,2.0,True
2014,15,2,CLE,CIN,-0.0987561604839291,1.0,0,-30.0,False
2014,15,2,IND,HOU,-0.092075685886758,1.0,0,7.0,True
2014,15,2,NE,MIA,0.2929881154505178,1.0,0,28.0,True
2014,15,2,NYG,WAS,0.2864435708223933,1.0,0,11.0,True
2014,15,2,TEN,NYJ,-0.2015394594508656,1.0,0,-5.0,False
2014,15,2,DET,MIN,0.0174680364296143,1.0,0,2.0,True
2014,15,2,SEA,SF,0.4578020443576742,1.0,0,10.0,True
2014,15,2,PHI,DAL,-0.2244751669443495,1.0,-3,-11.0,False
2014,15,2,CHI,NO,-0.1205764977457937,1.0,3,-16.0,False
2014,15,4,ATL,PIT,0.1258442201992101,1.0,-1,-7.0,False
2014,15,4,BAL,JAX,0.3166295972789117,1.0,0,8.0,True
2014,15,4,BUF,GB,-0.3116066221108988,1.0,1,8.0,True
2014,15,4,CAR,TB,0.1654391544785214,1.0,0,2.0,True
2014,15,4,CLE,CIN,-0.0950706244618507,1.0,0,-30.0,False
2014,15,4,IND,HOU,-0.0098377990336458,1.0,0,7.0,True
2014,15,4,NE,MIA,0.2113019372307983,1.0,0,28.0,True
2014,15,4,NYG,WAS,0.1406347671276185,1.0,0,11.0,True
2014,15,4,TEN,NYJ,-0.1142640877140377,1.0,0,-5.0,False
2014,15,4,DET,MIN,-0.0011765195630125,1.0,0,2.0,True
2014,15,4,SEA,SF,0.3054245754268311,1.0,0,10.0,True
2014,15,4,PHI,DAL,-0.1430344167254825,1.0,-3,-11.0,False
2014,15,4,CHI,NO,-0.139970788803724,1.0,3,-16.0,False
2014,15,6,ATL,PIT,0.0864780855573349,1.0,-1,-7.0,False
2014,15,6,BAL,JAX,0.3199758473147525,1.0,0,8.0,True
2014,15,6,BUF,GB,-0.3099050798546208,1.0,1,8.0,True
2014,15,6,CAR,TB,0.1441983273721871,1.0,0,2.0,True
2014,15,6,CLE,CIN,-0.0970799747014491,1.0,0,-30.0,False
2014,15,6,IND,HOU,0.0210475845046995,1.0,0,7.0,True
2014,15,6,NE,MIA,0.1779381617476274,1.0,0,28.0,True
2014,15,6,NYG,WAS,0.0980625292905804,1.0,0,11.0,True
2014,15,6,TEN,NYJ,-0.0815098776063495,1.0,0,-5.0,False
2014,15,6,DET,MIN,0.0048089539913927,1.0,0,2.0,True
2014,15,6,SEA,SF,0.2585479654084642,1.0,0,10.0,True
2014,15,6,PHI,DAL,-0.1222346726246252,1.0,-3,-11.0,False
2014,15,6,CHI,NO,-0.1392705680861868,1.0,3,-16.0,False
2014,15,10,ATL,PIT,0.0549060174744147,1.0,-1,-7.0,False
2014,15,10,BAL,JAX,0.3238740963648223,1.0,0,8.0,True
2014,15,10,BUF,GB,-0.3075961524615689,1.0,1,8.0,True
2014,15,10,CAR,TB,0.142615851065306,1.0,0,2.0,True
2014,15,10,CLE,CIN,-0.1019436848156025,1.0,0,-30.0,False
2014,15,10,IND,HOU,0.0434359082457729,1.0,0,7.0,True
2014,15,10,NE,MIA,0.150504234525794,1.0,0,28.0,True
2014,15,10,NYG,WAS,0.0690032769935791,1.0,0,11.0,True
2014,15,10,TEN,NYJ,-0.0567010556358441,1.0,0,-5.0,False
2014,15,10,DET,MIN,0.015673164582963,1.0,0,2.0,True
2014,15,10,SEA,SF,0.2252390695760219,1.0,0,10.0,True
2014,15,10,PHI,DAL,-0.1094369697993442,1.0,-3,-11.0,False
2014,15,10,CHI,NO,-0.1334253850269613,1.0,3,-16.0,False
2014,15,20,ATL,PIT,0.0328268146796759,1.0,-1,-7.0,False
2014,15,20,BAL,JAX,0.3268281853189457,1.0,0,8.0,True
2014,15,20,BUF,GB,-0.3047326326854428,1.0,1,8.0,True
2014,15,20,CAR,TB,0.1507486609822516,1.0,0,2.0,True
2014,15,20,CLE,CIN,-0.1081504431761831,1.0,0,-30.0,False
2014,15,20,IND,HOU,0.057427743128441,1.0,0,7.0,True
2014,15,20,NE,MIA,0.1303356798160932,1.0,0,28.0,True
2014,15,20,NYG,WAS,0.0506644241186038,1.0,0,11.0,True
2014,15,20,TEN,NYJ,-0.0399094031195556,1.0,0,-5.0,False
2014,15,20,DET,MIN,0.0273620265326535,1.0,0,2.0,True
2014,15,20,SEA,SF,0.2035274580797726,1.0,0,10.0,True
2014,15,20,PHI,DAL,-0.1021029909120652,1.0,-3,-11.0,False
2014,15,20,CHI,NO,-0.1252959546351955,1.0,3,-16.0,False
2014,15,50,ATL,PIT,0.0207098068413715,1.0,-1,-7.0,False
2014,15,50,BAL,JAX,0.3283509952376122,1.0,0,8.0,True
2014,15,50,BUF,GB,-0.3024159001351461,1.0,1,8.0,True
2014,15,50,CAR,TB,0.1593171069102364,1.0,0,2.0,True
2014,15,50,CLE,CIN,-0.1130787140797902,1.0,0,-30.0,False
2014,15,50,IND,HOU,0.0642528139376331,1.0,0,7.0,True
2014,15,50,NE,MIA,0.1186818717509779,1.0,0,28.0,True
2014,15,50,NYG,WAS,0.0411277012745481,1.0,0,11.0,True
2014,15,50,TEN,NYJ,-0.0308488924448394,1.0,0,-5.0,False
2014,15,50,DET,MIN,0.0357106514175506,1.0,0,2.0,True
2014,15,50,SEA,SF,0.1920381326846014,1.0,0,10.0,True
2014,15,50,PHI,DAL,-0.0985284658172087,1.0,-3,-11.0,False
2014,15,50,CHI,NO,-0.118773892819087,1.0,3,-16.0,False
2014,15,100,ATL,PIT,0.0169013720332877,1.0,-1,-7.0,False
2014,15,100,BAL,JAX,0.3287882934736255,1.0,0,8.0,True
2014,15,100,BUF,GB,-0.3015352443635934,1.0,1,8.0,True
2014,15,100,CAR,TB,0.1627555437921723,1.0,0,2.0,True
2014,15,100,CLE,CIN,-0.1149318356974698,1.0,0,-30.0,False
2014,15,100,IND,HOU,0.0662284502506101,1.0,0,7.0,True
2014,15,100,NE,MIA,0.1148993128617702,1.0,0,28.0,True
2014,15,100,NYG,WAS,0.0381880256784514,1.0,0,11.0,True
2014,15,100,TEN,NYJ,-0.0280199880487261,1.0,0,-5.0,False
2014,15,100,DET,MIN,0.0386952902142265,1.0,0,2.0,True
2014,15,100,SEA,SF,0.1884780117954367,1.0,0,10.0,True
2014,15,100,PHI,DAL,-0.0974561162410836,1.0,-3,-11.0,False
2014,15,100,CHI,NO,-0.1163242427187864,1.0,3,-16.0,False
2014,16,2,JAX,TEN,-0.0618356187309161,1.0,0,8.0,True
2014,16,2,WAS,PHI,-0.1526463938369338,1.0,0,3.0,True
2014,16,2,CAR,CLE,0.3487474403902887,1.0,0,4.0,True
2014,16,2,CHI,DET,-0.4289192603966686,1.0,-1,-6.0,False
2014,16,2,HOU,BAL,0.0116499772001635,1.0,0,12.0,True
2014,16,2,MIA,MIN,-0.1948220438040092,1.0,0,2.0,True
2014,16,2,NO,ATL,0.2018633488493106,1.0,-1,-16.0,False
2014,16,2,NYJ,NE,-0.3451084631069062,1.0,0,-1.0,False
2014,16,2,PIT,KC,-0.0984091992026315,1.0,0,8.0,True
2014,16,2,TB,GB,-0.4309994442769153,1.0,0,-17.0,False
2014,16,2,DAL,IND,0.1800118089003521,1.0,0,35.0,True
2014,16,2,ARI,SEA,-0.2079705609518888,1.0,3,-29.0,False
2014,16,2,CIN,DEN,-0.0247462770004402,1.0,0,9.0,True
2014,16,4,JAX,TEN,-0.087185401116693,1.0,0,8.0,True
2014,16,4,WAS,PHI,-0.1594915048475508,1.0,0,3.0,True
2014,16,4,CAR,CLE,0.1651304525001114,1.0,0,4.0,True
2014,16,4,CHI,DET,-0.1953292574509661,1.0,-1,-6.0,False
2014,16,4,HOU,BAL,-0.009844674244523,1.0,0,12.0,True
2014,16,4,MIA,MIN,-0.0410314973803148,1.0,0,2.0,True
2014,16,4,NO,ATL,0.1065508683947855,1.0,-1,-16.0,False
2014,16,4,NYJ,NE,-0.3331483308967374,1.0,0,-1.0,False
2014,16,4,PIT,KC,-0.0724153508767642,1.0,0,8.0,True
2014,16,4,TB,GB,-0.4239236269185801,1.0,0,-17.0,False
2014,16,4,DAL,IND,0.1311039197089759,1.0,0,35.0,True
2014,16,4,ARI,SEA,-0.1747912753137322,1.0,3,-29.0,False
2014,16,4,CIN,DEN,-0.107467570130307,1.0,0,9.0,True
2014,16,6,JAX,TEN,-0.110018712242901,1.0,0,8.0,True
2014,16,6,WAS,PHI,-0.1464536130469571,1.0,0,3.0,True
2014,16,6,CAR,CLE,0.1125531295733103,1.0,0,4.0,True
2014,16,6,CHI,DET,-0.1185238239469003,1.0,-1,-6.0,False
2014,16,6,HOU,BAL,-0.0275131562525809,1.0,0,12.0,True
2014,16,6,MIA,MIN,0.0202665422843384,1.0,0,2.0,True
2014,16,6,NO,ATL,0.0802027721918459,1.0,-1,-16.0,False
2014,16,6,NYJ,NE,-0.3198689045807293,1.0,0,-1.0,False
2014,16,6,PIT,KC,-0.0530383860851783,1.0,0,8.0,True
2014,16,6,TB,GB,-0.4251591733116158,1.0,0,-17.0,False
2014,16,6,DAL,IND,0.1104941180812183,1.0,0,35.0,True
2014,16,6,ARI,SEA,-0.1656782691000028,1.0,3,-29.0,False
2014,16,6,CIN,DEN,-0.129720219749879,1.0,0,9.0,True
2014,16,10,JAX,TEN,-0.132471509310589,1.0,0,8.0,True
2014,16,10,WAS,PHI,-0.1281128472536084,1.0,0,3.0,True
2014,16,10,CAR,CLE,0.0804499044357816,1.0,0,4.0,True
2014,16,10,CHI,DET,-0.0621990544993276,1.0,-1,-6.0,False
2014,16,10,HOU,BAL,-0.0438328907873169,1.0,0,12.0,True
2014,16,10,MIA,MIN,0.069488065542361,1.0,0,2.0,True
2014,16,10,NO,ATL,0.0609556592169165,1.0,-1,-16.0,False
2014,16,10,NYJ,NE,-0.3040468611064793,1.0,0,-1.0,False
2014,16,10,PIT,KC,-0.0339823123512511,1.0,0,8.0,True
2014,16,10,TB,GB,-0.4269713161087046,1.0,0,-17.0,False
2014,16,10,DAL,IND,0.0933290961589046,1.0,0,35.0,True
2014,16,10,ARI,SEA,-0.1617158233925975,1.0,3,-29.0,False
2014,16,10,CIN,DEN,-0.1422869428841584,1.0,0,9.0,True
2014,16,20,JAX,TEN,-0.150616638721331,1.0,0,8.0,True
2014,16,20,WAS,PHI,-0.1096881380839041,1.0,0,3.0,True
2014,16,20,CAR,CLE,0.0639312013753926,1.0,0,4.0,True
2014,16,20,CHI,DET,-0.0244537371262161,1.0,-1,-6.0,False
2014,16,20,HOU,BAL,-0.0561992600694168,1.0,0,12.0,True
2014,16,20,MIA,MIN,0.1047891405361161,1.0,0,2.0,True
2014,16,20,NO,ATL,0.0472702440166198,1.0,-1,-16.0,False
2014,16,20,NYJ,NE,-0.2889512354865772,1.0,0,-1.0,False
2014,16,20,PIT,KC,-0.0181248097604454,1.0,0,8.0,True
2014,16,20,TB,GB,-0.4283201556031859,1.0,0,-17.0,False
2014,16,20,DAL,IND,0.0805852193829576,1.0,0,35.0,True
2014,16,20,ARI,SEA,-0.1613719544666891,1.0,3,-29.0,False
2014,16,20,CIN,DEN,-0.1476158744801938,1.0,0,9.0,True
2014,16,50,JAX,TEN,-0.1615901093613119,1.0,0,8.0,True
2014,16,50,WAS,PHI,-0.0968780660029894,1.0,0,3.0,True
2014,16,50,CAR,CLE,0.0574587484833562,1.0,0,4.0,True
2014,16,50,CHI,DET,-0.0040153433164964,1.0,-1,-6.0,False
2014,16,50,HOU,BAL,-0.0632597626072727,1.0,0,12.0,True
2014,16,50,MIA,MIN,0.124744991407689,1.0,0,2.0,True
2014,16,50,NO,ATL,0.0392321315242684,1.0,-1,-16.0,False
2014,16,50,NYJ,NE,-0.2786146043459246,1.0,0,-1.0,False
2014,16,50,PIT,KC,-0.0081492125062601,1.0,0,8.0,True
2014,16,50,TB,GB,-0.4289467813865143,1.0,0,-17.0,False
2014,16,50,DAL,IND,0.0731612977174381,1.0,0,35.0,True
2014,16,50,ARI,SEA,-0.1623666207754593,1.0,3,-29.0,False
2014,16,50,CIN,DEN,-0.1488967049813872,1.0,0,9.0,True
2014,16,100,JAX,TEN,-0.1652126935736923,1.0,0,8.0,True
2014,16,100,WAS,PHI,-0.0923456575712617,1.0,0,3.0,True
2014,16,100,CAR,CLE,0.0558898519251096,1.0,0,4.0,True
2014,16,100,CHI,DET,0.0024038101553655,1.0,-1,-6.0,False
2014,16,100,HOU,BAL,-0.0655105246915594,1.0,0,12.0,True
2014,16,100,MIA,MIN,0.1311379831318319,1.0,0,2.0,True
2014,16,100,NO,ATL,0.0365663354201992,1.0,-1,-16.0,False
2014,16,100,NYJ,NE,-0.2749690309664614,1.0,0,-1.0,False
2014,16,100,PIT,KC,-0.0047657418117036,1.0,0,8.0,True
2014,16,100,TB,GB,-0.4291070166434602,1.0,0,-17.0,False
2014,16,100,DAL,IND,0.0707398049797908,1.0,0,35.0,True
2014,16,100,ARI,SEA,-0.1629020434573457,1.0,3,-29.0,False
2014,16,100,CIN,DEN,-0.1489904501503439,1.0,0,9.0,True
2014,17,2,BAL,CLE,0.2224873043210838,1.0,0,10.0,True
2014,17,2,HOU,JAX,0.3881365902873614,1.0,-3,6.0,True
2014,17,2,MIA,NYJ,-0.0120247730845563,1.0,0,-13.0,False
2014,17,2,MIN,CHI,0.2791344163838092,1.0,0,4.0,True
2014,17,2,NE,BUF,0.3199068732637105,1.0,0,-8.0,False
2014,17,2,NYG,PHI,0.1125375402335404,1.0,-1,-8.0,False
2014,17,2,TB,NO,-0.2366156757157023,1.0,0,-3.0,False
2014,17,2,TEN,IND,0.0338717542348551,1.0,3,-17.0,False
2014,17,2,WAS,DAL,-0.5609657473024314,1.0,1,-27.0,False
2014,17,2,ATL,CAR,-0.0164797121555473,1.0,0,-31.0,False
2014,17,2,GB,DET,0.3013332499917972,1.0,0,10.0,True
2014,17,2,SF,ARI,0.2485623236494559,1.0,1,3.0,True
2014,17,2,PIT,CIN,-0.0110653752930276,1.0,1,10.0,True
2014,17,4,BAL,CLE,0.177014193550705,1.0,0,10.0,True
2014,17,4,HOU,JAX,0.3230217313476831,1.0,-3,6.0,True
2014,17,4,MIA,NYJ,0.070380560040044,1.0,0,-13.0,False
2014,17,4,MIN,CHI,0.1783250742187714,1.0,0,4.0,True
2014,17,4,NE,BUF,0.2907280605745559,1.0,0,-8.0,False
2014,17,4,NYG,PHI,0.0259472092263244,1.0,-1,-8.0,False
2014,17,4,TB,NO,-0.2766668528997771,1.0,0,-3.0,False
2014,17,4,TEN,IND,-0.0835060948534137,1.0,3,-17.0,False
2014,17,4,WAS,DAL,-0.4186286008387734,1.0,1,-27.0,False
2014,17,4,ATL,CAR,0.0691887065643157,1.0,0,-31.0,False
2014,17,4,GB,DET,0.3015459893841307,1.0,0,10.0,True
2014,17,4,SF,ARI,0.1108480608190921,1.0,1,3.0,True
2014,17,4,PIT,CIN,0.007850891146621,1.0,1,10.0,True
2014,17,6,BAL,CLE,0.1606832877213869,1.0,0,10.0,True
2014,17,6,HOU,JAX,0.2949951303743735,1.0,-3,6.0,True
2014,17,6,MIA,NYJ,0.1036253062121554,1.0,0,-13.0,False
2014,17,6,MIN,CHI,0.1206814191913943,1.0,0,4.0,True
2014,17,6,NE,BUF,0.2777244780486358,1.0,0,-8.0,False
2014,17,6,NYG,PHI,0.0013441961868237,1.0,-1,-8.0,False
2014,17,6,TB,NO,-0.2931961934222826,1.0,0,-3.0,False
2014,17,6,TEN,IND,-0.1126739809604461,1.0,3,-17.0,False
2014,17,6,WAS,DAL,-0.356419980605722,1.0,1,-27.0,False
2014,17,6,ATL,CAR,0.1012504861533567,1.0,0,-31.0,False
2014,17,6,GB,DET,0.298386365433167,1.0,0,10.0,True
2014,17,6,SF,ARI,0.0749425269220111,1.0,1,3.0,True
2014,17,6,PIT,CIN,0.0245728887451956,1.0,1,10.0,True
2014,17,10,BAL,CLE,0.1487342197826435,1.0,0,10.0,True
2014,17,10,HOU,JAX,0.2719405005780927,1.0,-3,6.0,True
2014,17,10,MIA,NYJ,0.1288151991098734,1.0,0,-13.0,False
2014,17,10,MIN,CHI,0.0665509219301675,1.0,0,4.0,True
2014,17,10,NE,BUF,0.267029223726953,1.0,0,-8.0,False
2014,17,10,NYG,PHI,-0.0110226570727063,1.0,-1,-8.0,False
2014,17,10,TB,NO,-0.3078087258237119,1.0,0,-3.0,False
2014,17,10,TEN,IND,-0.1287437582401966,1.0,3,-17.0,False
2014,17,10,WAS,DAL,-0.3017232663143159,1.0,1,-27.0,False
2014,17,10,ATL,CAR,0.1214744571676123,1.0,0,-31.0,False
2014,17,10,GB,DET,0.2898671541650123,1.0,0,10.0,True
2014,17,10,SF,ARI,0.0533170004397548,1.0,1,3.0,True
2014,17,10,PIT,CIN,0.0390329487202508,1.0,1,10.0,True
2014,17,20,BAL,CLE,0.1408718030446981,1.0,0,10.0,True
2014,17,20,HOU,JAX,0.2550615623024446,1.0,-3,6.0,True
2014,17,20,MIA,NYJ,0.1451991811208431,1.0,0,-13.0,False
2014,17,20,MIN,CHI,0.022718880526735,1.0,0,4.0,True
2014,17,20,NE,BUF,0.2592569481867288,1.0,0,-8.0,False
2014,17,20,NYG,PHI,-0.0144098273070724,1.0,-1,-8.0,False
2014,17,20,TB,NO,-0.3194159152936925,1.0,0,-3.0,False
2014,17,20,TEN,IND,-0.13555095646259,1.0,3,-17.0,False
2014,17,20,WAS,DAL,-0.2586147142736597,1.0,1,-27.0,False
2014,17,20,ATL,CAR,0.1314807071798895,1.0,0,-31.0,False
2014,17,20,GB,DET,0.2783932529302779,1.0,0,10.0,True
2014,17,20,SF,ARI,0.0419754670618656,1.0,1,3.0,True
2014,17,20,PIT,CIN,0.048727140082079,1.0,1,10.0,True
2014,17,50,BAL,CLE,0.1367131303112146,1.0,0,10.0,True
2014,17,50,HOU,JAX,0.2453259782408262,1.0,-3,6.0,True
2014,17,50,MIA,NYJ,0.153481349020031,1.0,0,-13.0,False
2014,17,50,MIN,CHI,-0.0042800323460017,1.0,0,4.0,True
2014,17,50,NE,BUF,0.2548194891244358,1.0,0,-8.0,False
2014,17,50,NYG,PHI,-0.0137567231665689,1.0,-1,-8.0,False
2014,17,50,TB,NO,-0.3265388178764186,1.0,0,-3.0,False
2014,17,50,TEN,IND,-0.1372844599081983,1.0,3,-17.0,False
2014,17,50,WAS,DAL,-0.2322222703514319,1.0,1,-27.0,False
2014,17,50,ATL,CAR,0.1349755863778841,1.0,0,-31.0,False
2014,17,50,GB,DET,0.2690780411178718,1.0,0,10.0,True
2014,17,50,SF,ARI,0.0372538165925138,1.0,1,3.0,True
2014,17,50,PIT,CIN,0.0534586451517061,1.0,1,10.0,True
2014,17,100,BAL,CLE,0.1354278879369759,1.0,0,10.0,True
2014,17,100,HOU,JAX,0.2421650177978995,1.0,-3,6.0,True
2014,17,100,MIA,NYJ,0.1559373304346361,1.0,0,-13.0,False
2014,17,100,MIN,CHI,-0.0133232472631417,1.0,0,4.0,True
2014,17,100,NE,BUF,0.2533889714468873,1.0,0,-8.0,False
2014,17,100,NYG,PHI,-0.013087954614162,1.0,-1,-8.0,False
2014,17,100,TB,NO,-0.3289243507735624,1.0,0,-3.0,False
2014,17,100,TEN,IND,-0.1374616464858751,1.0,3,-17.0,False
2014,17,100,WAS,DAL,-0.2233742440626994,1.0,1,-27.0,False
2014,17,100,ATL,CAR,0.1357047675260667,1.0,0,-31.0,False
2014,17,100,GB,DET,0.2655498975817236,1.0,0,10.0,True
2014,17,100,SF,ARI,0.0360222542822437,1.0,1,3.0,True
2014,17,100,PIT,CIN,0.0547952855806305,1.0,1,10.0,True
2015,4,2,PIT,BAL,0.2142411090075094,1.0,0,-3.0,False
2015,4,2,MIA,NYJ,-0.108969813018146,0.0,0,-13.0,False
2015,4,2,ATL,HOU,0.1700369108510777,1.0,0,27.0,True
2015,4,2,BUF,NYG,0.1692420722791677,1.0,-3,-14.0,False
2015,4,2,CIN,KC,0.1463404558607469,1.0,1,15.0,True
2015,4,2,IND,JAX,-0.1551359365307594,1.0,0,3.0,True
2015,4,2,TB,CAR,-0.1161885562483148,1.0,0,-14.0,False
2015,4,2,WAS,PHI,-0.2838650723089691,1.0,3,3.0,True
2015,4,2,DEN,MIN,-0.1388423676415688,1.0,0,3.0,True
2015,4,2,SF,GB,-0.5364189058295472,1.0,1,-14.0,False
2015,4,2,NO,DAL,-0.0950115697094192,1.0,0,6.0,True
2015,4,2,SEA,DET,0.160397118466122,1.0,0,3.0,True
2015,4,4,PIT,BAL,0.1905458492021621,1.0,0,-3.0,False
2015,4,4,MIA,NYJ,-0.0652826832027431,0.0,0,-13.0,False
2015,4,4,ATL,HOU,0.1946640466250849,1.0,0,27.0,True
2015,4,4,BUF,NYG,0.1473097390239541,1.0,-3,-14.0,False
2015,4,4,CIN,KC,0.1119072158991083,1.0,1,15.0,True
2015,4,4,IND,JAX,-0.1893336360745026,1.0,0,3.0,True
2015,4,4,TB,CAR,-0.1286632494014632,1.0,0,-14.0,False
2015,4,4,WAS,PHI,-0.2130080925002672,1.0,3,3.0,True
2015,4,4,DEN,MIN,-0.1186373056446293,1.0,0,3.0,True
2015,4,4,SF,GB,-0.4250378020641917,1.0,1,-14.0,False
2015,4,4,NO,DAL,-0.1262364734175614,1.0,0,6.0,True
2015,4,4,SEA,DET,0.1750095192497147,1.0,0,3.0,True
2015,4,6,PIT,BAL,0.1814175459356969,1.0,0,-3.0,False
2015,4,6,MIA,NYJ,-0.0511809805262941,0.0,0,-13.0,False
2015,4,6,ATL,HOU,0.2034036837426338,1.0,0,27.0,True
2015,4,6,BUF,NYG,0.1419436587146614,1.0,-3,-14.0,False
2015,4,6,CIN,KC,0.1013106099858346,1.0,1,15.0,True
2015,4,6,IND,JAX,-0.20047332082535,1.0,0,3.0,True
2015,4,6,TB,CAR,-0.1333166123456649,1.0,0,-14.0,False
2015,4,6,WAS,PHI,-0.1912566846308055,1.0,3,3.0,True
2015,4,6,DEN,MIN,-0.1108544730422737,1.0,0,3.0,True
2015,4,6,SF,GB,-0.3895821905563359,1.0,1,-14.0,False
2015,4,6,NO,DAL,-0.136274242462897,1.0,0,6.0,True
2015,4,6,SEA,DET,0.1797044610524334,1.0,0,3.0,True
2015,4,10,PIT,BAL,0.1736972551450551,1.0,0,-3.0,False
2015,4,10,MIA,NYJ,-0.0400784310345146,0.0,0,-13.0,False
2015,4,10,ATL,HOU,0.210573915763896,1.0,0,27.0,True
2015,4,10,BUF,NYG,0.1383765346966901,1.0,-3,-14.0,False
2015,4,10,CIN,KC,0.0931976782757531,1.0,1,15.0,True
2015,4,10,IND,JAX,-0.2092671682610606,1.0,0,3.0,True
2015,4,10,TB,CAR,-0.1372316632671716,1.0,0,-14.0,False
2015,4,10,WAS,PHI,-0.1746211101840424,1.0,3,3.0,True
2015,4,10,DEN,MIN,-0.1042719750202731,1.0,0,3.0,True
2015,4,10,SF,GB,-0.3619326237337329,1.0,1,-14.0,False
2015,4,10,NO,DAL,-0.1441166645163516,1.0,0,6.0,True
2015,4,10,SEA,DET,0.183375944856926,1.0,0,3.0,True
2015,4,20,PIT,BAL,0.1676737287246482,1.0,0,-3.0,False
2015,4,20,MIA,NYJ,-0.031858515640124,0.0,0,-13.0,False
2015,4,20,ATL,HOU,0.2160510361460912,1.0,0,27.0,True
2015,4,20,BUF,NYG,0.1361288996649596,1.0,-3,-14.0,False
2015,4,20,CIN,KC,0.0873378742936507,1.0,1,15.0,True
2015,4,20,IND,JAX,-0.2157873983462231,1.0,0,3.0,True
2015,4,20,TB,CAR,-0.1402840944213143,1.0,0,-14.0,False
2015,4,20,WAS,PHI,-0.1626138003569886,1.0,3,3.0,True
2015,4,20,DEN,MIN,-0.0991358244849756,1.0,0,3.0,True
2015,4,20,SF,GB,-0.341640256331065,1.0,1,-14.0,False
2015,4,20,NO,DAL,-0.1498740358270485,1.0,0,6.0,True
2015,4,20,SEA,DET,0.1860745581091968,1.0,0,3.0,True
2015,4,50,PIT,BAL,0.1639671733658386,1.0,0,-3.0,False
2015,4,50,MIA,NYJ,-0.0269712470451891,0.0,0,-13.0,False
2015,4,50,ATL,HOU,0.2193766465940927,1.0,0,27.0,True
2015,4,50,BUF,NYG,0.1349571063885821,1.0,-3,-14.0,False
2015,4,50,CIN,KC,0.0839179900834809,1.0,1,15.0,True
2015,4,50,IND,JAX,-0.2196668162570563,1.0,0,3.0,True
2015,4,50,TB,CAR,-0.1421644780759381,1.0,0,-14.0,False
2015,4,50,WAS,PHI,-0.155608640866403,1.0,3,3.0,True
2015,4,50,DEN,MIN,-0.0959750680600844,1.0,0,3.0,True
2015,4,50,SF,GB,-0.3296553551638598,1.0,1,-14.0,False
2015,4,50,NO,DAL,-0.1532729802158946,1.0,0,6.0,True
2015,4,50,SEA,DET,0.1876694624635159,1.0,0,3.0,True
2015,4,100,PIT,BAL,0.1627166404856971,1.0,0,-3.0,False
2015,4,100,MIA,NYJ,-0.0253496617910433,0.0,0,-13.0,False
2015,4,100,ATL,HOU,0.2204915674204078,1.0,0,27.0,True
2015,4,100,BUF,NYG,0.1345960216739043,1.0,-3,-14.0,False
2015,4,100,CIN,KC,0.0827943639321218,1.0,1,15.0,True
2015,4,100,IND,JAX,-0.2209543271942426,1.0,0,3.0,True
2015,4,100,TB,CAR,-0.1427995395462856,1.0,0,-14.0,False
2015,4,100,WAS,PHI,-0.1533073616594866,1.0,3,3.0,True
2015,4,100,DEN,MIN,-0.094908627070254,1.0,0,3.0,True
2015,4,100,SF,GB,-0.32569284822419,1.0,1,-14.0,False
2015,4,100,NO,DAL,-0.1543962950839654,1.0,0,6.0,True
2015,4,100,SEA,DET,0.1881968932578152,1.0,0,3.0,True
2015,5,2,HOU,IND,-0.0499704812711972,1.0,0,-7.0,False
2015,5,2,ATL,WAS,0.1842746246983045,1.0,0,6.0,True
2015,5,2,BAL,CLE,-0.0608377502688318,1.0,3,-3.0,False
2015,5,2,CIN,SEA,0.3456641808080957,1.0,1,3.0,True
2015,5,2,KC,CHI,-0.1131138601893513,1.0,0,-1.0,False
2015,5,2,PHI,NO,-0.2149224790243241,1.0,0,22.0,True
2015,5,2,TB,JAX,-0.1280805520094035,1.0,0,7.0,True
2015,5,2,TEN,BUF,-0.0758243694213807,1.0,7,-1.0,False
2015,5,2,DET,ARI,-0.3006652729156349,1.0,-1,-25.0,False
2015,5,2,DAL,NE,-0.4867022661552964,1.0,-7,-24.0,False
2015,5,2,NYG,SF,0.4883742962852654,1.0,0,3.0,True
2015,5,4,HOU,IND,-0.0089649323962426,1.0,0,-7.0,False
2015,5,4,ATL,WAS,0.1775545312882183,1.0,0,6.0,True
2015,5,4,BAL,CLE,-0.0885341520779693,1.0,3,-3.0,False
2015,5,4,CIN,SEA,0.3097192532507743,1.0,1,3.0,True
2015,5,4,KC,CHI,-0.0030253781498609,1.0,0,-1.0,False
2015,5,4,PHI,NO,-0.1740999685898591,1.0,0,22.0,True
2015,5,4,TB,JAX,-0.1469544091283094,1.0,0,7.0,True
2015,5,4,TEN,BUF,-0.0944426959566853,1.0,7,-1.0,False
2015,5,4,DET,ARI,-0.3540054426481523,1.0,-1,-25.0,False
2015,5,4,DAL,NE,-0.4150481815296598,1.0,-7,-24.0,False
2015,5,4,NYG,SF,0.3852520457736932,1.0,0,3.0,True
2015,5,6,HOU,IND,0.0031186703163059,1.0,0,-7.0,False
2015,5,6,ATL,WAS,0.1767587191813395,1.0,0,6.0,True
2015,5,6,BAL,CLE,-0.0974740010166361,1.0,3,-3.0,False
2015,5,6,CIN,SEA,0.2994564122320028,1.0,1,3.0,True
2015,5,6,KC,CHI,0.0337779137170987,1.0,0,-1.0,False
2015,5,6,PHI,NO,-0.1613182892568159,1.0,0,22.0,True
2015,5,6,TB,JAX,-0.1552361954976391,1.0,0,7.0,True
2015,5,6,TEN,BUF,-0.0985076548409413,1.0,7,-1.0,False
2015,5,6,DET,ARI,-0.3703037305137749,1.0,-1,-25.0,False
2015,5,6,DAL,NE,-0.3905779163487831,1.0,-7,-24.0,False
2015,5,6,NYG,SF,0.346441857846039,1.0,0,3.0,True
2015,5,10,HOU,IND,0.0121959679049787,1.0,0,-7.0,False
2015,5,10,ATL,WAS,0.1765867302724972,1.0,0,6.0,True
2015,5,10,BAL,CLE,-0.1044295508541652,1.0,3,-3.0,False
2015,5,10,CIN,SEA,0.2919499537279348,1.0,1,3.0,True
2015,5,10,KC,CHI,0.0630430987196709,1.0,0,-1.0,False
2015,5,10,PHI,NO,-0.1514366641353942,1.0,0,22.0,True
2015,5,10,TB,JAX,-0.1625843125684516,1.0,0,7.0,True
2015,5,10,TEN,BUF,-0.1009631432032713,1.0,7,-1.0,False
2015,5,10,DET,ARI,-0.3826793421104695,1.0,-1,-25.0,False
2015,5,10,DAL,NE,-0.370970100044274,1.0,-7,-24.0,False
2015,5,10,NYG,SF,0.3140833172078207,1.0,0,3.0,True
2015,5,20,HOU,IND,0.0186567773088471,1.0,0,-7.0,False
2015,5,20,ATL,WAS,0.176708988347237,1.0,0,6.0,True
2015,5,20,BAL,CLE,-0.1095048788345,1.0,3,-3.0,False
2015,5,20,CIN,SEA,0.2867504125641316,1.0,1,3.0,True
2015,5,20,KC,CHI,0.0848247992347839,1.0,0,-1.0,False
2015,5,20,PHI,NO,-0.1442358509254316,1.0,0,22.0,True
2015,5,20,TB,JAX,-0.1685126580354521,1.0,0,7.0,True
2015,5,20,TEN,BUF,-0.102338534824236,1.0,7,-1.0,False
2015,5,20,DET,ARI,-0.3915435893859555,1.0,-1,-25.0,False
2015,5,20,DAL,NE,-0.3563008474218409,1.0,-7,-24.0,False
2015,5,20,NYG,SF,0.2891534632943012,1.0,0,3.0,True
2015,5,50,HOU,IND,0.0223898119419494,1.0,0,-7.0,False
2015,5,50,ATL,WAS,0.1768793771435589,1.0,0,6.0,True
2015,5,50,BAL,CLE,-0.1124839418172713,1.0,3,-3.0,False
2015,5,50,CIN,SEA,0.2838127794223473,1.0,1,3.0,True
2015,5,50,KC,CHI,0.0978060748302066,1.0,0,-1.0,False
2015,5,50,PHI,NO,-0.1400042921254928,1.0,0,22.0,True
2015,5,50,TB,JAX,-0.1722391245619325,1.0,0,7.0,True
2015,5,50,TEN,BUF,-0.1029723603584476,1.0,7,-1.0,False
2015,5,50,DET,ARI,-0.3966824318913369,1.0,-1,-25.0,False
2015,5,50,DAL,NE,-0.3475310624172174,1.0,-7,-24.0,False
2015,5,50,NYG,SF,0.2739571755753306,1.0,0,3.0,True
2015,5,100,HOU,IND,0.0236102101517966,1.0,0,-7.0,False
2015,5,100,ATL,WAS,0.1769516799792727,1.0,0,6.0,True
2015,5,100,BAL,CLE,-0.1134651362668101,1.0,3,-3.0,False
2015,5,100,CIN,SEA,0.2828643675478798,1.0,1,3.0,True
2015,5,100,KC,CHI,0.1021166340562707,1.0,0,-1.0,False
2015,5,100,PHI,NO,-0.1386087907807963,1.0,0,22.0,True
2015,5,100,TB,JAX,-0.1735092359212694,1.0,0,7.0,True
2015,5,100,TEN,BUF,-0.1031518365479072,1.0,7,-1.0,False
2015,5,100,DET,ARI,-0.3983647121836904,1.0,-1,-25.0,False
2015,5,100,DAL,NE,-0.3446147979073741,1.0,-7,-24.0,False
2015,5,100,NYG,SF,0.268855582080246,1.0,0,3.0,True
2015,6,2,NO,ATL,-0.0843323275201668,1.0,0,10.0,True
2015,6,2,BUF,CIN,-0.0332643577114947,1.0,0,-13.0,False
2015,6,2,CLE,DEN,0.1958704987976868,1.0,0,-3.0,False
2015,6,2,DET,CHI,-0.0950324876835632,1.0,0,3.0,True
2015,6,2,JAX,HOU,-0.0590395224357091,1.0,-3,-11.0,False
2015,6,2,MIN,KC,0.0150149495495904,1.0,7,6.0,True
2015,6,2,NYJ,WAS,-0.0958372962701439,1.0,7,14.0,True
2015,6,2,PIT,ARI,-0.2199773636574072,1.0,-1,12.0,True
2015,6,2,TEN,MIA,0.2630078200487889,1.0,-7,-28.0,False
2015,6,2,SEA,CAR,0.1144865075267779,1.0,-7,-4.0,False
2015,6,2,SF,BAL,-0.0994446789006911,1.0,0,5.0,True
2015,6,2,IND,NE,-0.3236708761150415,1.0,3,-7.0,False
2015,6,2,PHI,NYG,-0.2152032477782151,1.0,0,20.0,True
2015,6,4,NO,ATL,-0.05620889486131,1.0,0,10.0,True
2015,6,4,BUF,CIN,-0.0698013089444268,1.0,0,-13.0,False
2015,6,4,CLE,DEN,0.19346091091943,1.0,0,-3.0,False
2015,6,4,DET,CHI,-0.1103871065221864,1.0,0,3.0,True
2015,6,4,JAX,HOU,-0.0308670491494946,1.0,-3,-11.0,False
2015,6,4,MIN,KC,-0.0347649224808741,1.0,7,6.0,True
2015,6,4,NYJ,WAS,-0.0801045212150465,1.0,7,14.0,True
2015,6,4,PIT,ARI,-0.2060163931264411,1.0,-1,12.0,True
2015,6,4,TEN,MIA,0.2184334945896814,1.0,-7,-28.0,False
2015,6,4,SEA,CAR,0.1045883487190096,1.0,-7,-4.0,False
2015,6,4,SF,BAL,-0.0895635765713369,1.0,0,5.0,True
2015,6,4,IND,NE,-0.4108738235114523,1.0,3,-7.0,False
2015,6,4,PHI,NYG,-0.1956499938133153,1.0,0,20.0,True
2015,6,6,NO,ATL,-0.0474823783265505,1.0,0,10.0,True
2015,6,6,BUF,CIN,-0.0802625813975452,1.0,0,-13.0,False
2015,6,6,CLE,DEN,0.1949531556909078,1.0,0,-3.0,False
2015,6,6,DET,CHI,-0.1164970645225006,1.0,0,3.0,True
2015,6,6,JAX,HOU,-0.019258624495315,1.0,-3,-11.0,False
2015,6,6,MIN,KC,-0.0574845273689742,1.0,7,6.0,True
2015,6,6,NYJ,WAS,-0.0720503535443733,1.0,7,14.0,True
2015,6,6,PIT,ARI,-0.2017408114092609,1.0,-1,12.0,True
2015,6,6,TEN,MIA,0.2023729257507728,1.0,-7,-28.0,False
2015,6,6,SEA,CAR,0.1010354145840375,1.0,-7,-4.0,False
2015,6,6,SF,BAL,-0.0820480811004464,1.0,0,5.0,True
2015,6,6,IND,NE,-0.4391951248841699,1.0,3,-7.0,False
2015,6,6,PHI,NYG,-0.1865486855085372,1.0,0,20.0,True
2015,6,10,NO,ATL,-0.0408856463451,1.0,0,10.0,True
2015,6,10,BUF,CIN,-0.0879553269712477,1.0,0,-13.0,False
2015,6,10,CLE,DEN,0.1970142736408636,1.0,0,-3.0,False
2015,6,10,DET,CHI,-0.1216500999719425,1.0,0,3.0,True
2015,6,10,JAX,HOU,-0.0091297330559372,1.0,-3,-11.0,False
2015,6,10,MIN,KC,-0.0778144617216097,1.0,7,6.0,True
2015,6,10,NYJ,WAS,-0.0647015666110121,1.0,7,14.0,True
2015,6,10,PIT,ARI,-0.1985341966609012,1.0,-1,12.0,True
2015,6,10,TEN,MIA,0.1893897369184659,1.0,-7,-28.0,False
2015,6,10,SEA,CAR,0.0981739634483113,1.0,-7,-4.0,False
2015,6,10,SF,BAL,-0.0743344352138827,1.0,0,5.0,True
2015,6,10,IND,NE,-0.4612707700483535,1.0,3,-7.0,False
2015,6,10,PHI,NYG,-0.1783845999778782,1.0,0,20.0,True
2015,6,20,NO,ATL,-0.0362002871105034,1.0,0,10.0,True
2015,6,20,BUF,CIN,-0.0933204802355,1.0,0,-13.0,False
2015,6,20,CLE,DEN,0.1990646254242041,1.0,0,-3.0,False
2015,6,20,DET,CHI,-0.1256389021384448,1.0,0,3.0,True
2015,6,20,JAX,HOU,-0.0010414855920801,1.0,-3,-11.0,False
2015,6,20,MIN,KC,-0.0942701440619996,1.0,7,6.0,True
2015,6,20,NYJ,WAS,-0.0587064620983605,1.0,7,14.0,True
2015,6,20,PIT,ARI,-0.196280788518555,1.0,-1,12.0,True
2015,6,20,TEN,MIA,0.1796656698560854,1.0,-7,-28.0,False
2015,6,20,SEA,CAR,0.0960406602866226,1.0,-7,-4.0,False
2015,6,20,SF,BAL,-0.0675346452060479,1.0,0,5.0,True
2015,6,20,IND,NE,-0.4774189006324971,1.0,3,-7.0,False
2015,6,20,PHI,NYG,-0.1717756760719807,1.0,0,20.0,True
2015,6,50,NO,ATL,-0.0335068662110845,1.0,0,10.0,True
2015,6,50,BUF,CIN,-0.096371336581167,1.0,0,-13.0,False
2015,6,50,CLE,DEN,0.2004996836492968,1.0,0,-3.0,False
2015,6,50,DET,CHI,-0.1280736984877383,1.0,0,3.0,True
2015,6,50,JAX,HOU,0.004011705992648,1.0,-3,-11.0,False
2015,6,50,MIN,KC,-0.1046209833074854,1.0,7,6.0,True
2015,6,50,NYJ,WAS,-0.054925754687577,1.0,7,14.0,True
2015,6,50,PIT,ARI,-0.194999563533001,1.0,-1,12.0,True
2015,6,50,TEN,MIA,0.1738644484229012,1.0,-7,-28.0,False
2015,6,50,SEA,CAR,0.0947732815485314,1.0,-7,-4.0,False
2015,6,50,SF,BAL,-0.063036685434742,1.0,0,5.0,True
2015,6,50,IND,NE,-0.4869226943327187,1.0,3,-7.0,False
2015,6,50,PHI,NYG,-0.1676214851783118,1.0,0,20.0,True
2015,6,100,NO,ATL,-0.0326295859694372,1.0,0,10.0,True
2015,6,100,BUF,CIN,-0.0973601393935019,1.0,0,-13.0,False
2015,6,100,CLE,DEN,0.2010117352948258,1.0,0,-3.0,False
2015,6,100,DET,CHI,-0.1288912357171282,1.0,0,3.0,True
2015,6,100,JAX,HOU,0.0057291241402466,1.0,-3,-11.0,False
2015,6,100,MIN,KC,-0.1081484861072585,1.0,7,6.0,True
2015,6,100,NYJ,WAS,-0.0536365851625439,1.0,7,14.0,True
2015,6,100,PIT,ARI,-0.1945851711596761,1.0,-1,12.0,True
2015,6,100,TEN,MIA,0.1719390548024401,1.0,-7,-28.0,False
2015,6,100,SEA,CAR,0.0943536694783921,1.0,-7,-4.0,False
2015,6,100,SF,BAL,-0.0614680654694242,1.0,0,5.0,True
2015,6,100,IND,NE,-0.4900583257681764,1.0,3,-7.0,False
2015,6,100,PHI,NYG,-0.1662065565212006,1.0,0,20.0,True
2015,7,2,SF,SEA,-0.2438365484620455,1.0,0,-17.0,False
2015,7,2,JAX,BUF,0.0035124181937141,0.0,0,3.0,True
2015,7,2,DET,MIN,-0.0119481366120766,1.0,0,-9.0,False
2015,7,2,IND,NO,-0.2192051769042256,1.0,-3,-6.0,False
2015,7,2,KC,PIT,-0.0412972308483485,1.0,0,10.0,True
2015,7,2,MIA,HOU,0.0808782549690917,1.0,0,18.0,True
2015,7,2,NE,NYJ,0.1685670926555506,1.0,0,7.0,True
2015,7,2,TEN,ATL,-0.2815809038046566,1.0,-3,-3.0,False
2015,7,2,WAS,TB,-0.0254607867880126,1.0,-7,1.0,True
2015,7,2,NYG,DAL,0.1134651929333584,1.0,-8,7.0,True
2015,7,2,CAR,PHI,-0.0672014146546096,1.0,1,11.0,True
2015,7,2,ARI,BAL,0.199187880796167,1.0,0,8.0,True
2015,7,4,SF,SEA,-0.225402730687575,1.0,0,-17.0,False
2015,7,4,JAX,BUF,-0.0544905934804867,0.0,0,3.0,True
2015,7,4,DET,MIN,-0.0208610911042312,1.0,0,-9.0,False
2015,7,4,IND,NO,-0.1980232445819529,1.0,-3,-6.0,False
2015,7,4,KC,PIT,-0.0553166967858615,1.0,0,10.0,True
2015,7,4,MIA,HOU,0.0020745591513454,1.0,0,18.0,True
2015,7,4,NE,NYJ,0.269289664656541,1.0,0,7.0,True
2015,7,4,TEN,ATL,-0.252620204210376,1.0,-3,-3.0,False
2015,7,4,WAS,TB,0.0352737789861349,1.0,-7,1.0,True
2015,7,4,NYG,DAL,0.0696846514865106,1.0,-8,7.0,True
2015,7,4,CAR,PHI,-0.022363720053229,1.0,1,11.0,True
2015,7,4,ARI,BAL,0.218308784091401,1.0,0,8.0,True
2015,7,6,SF,SEA,-0.2132859838445188,1.0,0,-17.0,False
2015,7,6,JAX,BUF,-0.0728617400126398,0.0,0,3.0,True
2015,7,6,DET,MIN,-0.021615667887028,1.0,0,-9.0,False
2015,7,6,IND,NO,-0.1920850659730872,1.0,-3,-6.0,False
2015,7,6,KC,PIT,-0.0557868518740921,1.0,0,10.0,True
2015,7,6,MIA,HOU,-0.0161409418058066,1.0,0,18.0,True
2015,7,6,NE,NYJ,0.3007143663435617,1.0,0,7.0,True
2015,7,6,TEN,ATL,-0.2391914288829469,1.0,-3,-3.0,False
2015,7,6,WAS,TB,0.054399283057061,1.0,-7,1.0,True
2015,7,6,NYG,DAL,0.0494065823992206,1.0,-8,7.0,True
2015,7,6,CAR,PHI,-0.0097990669439729,1.0,1,11.0,True
2015,7,6,ARI,BAL,0.223298731116939,1.0,0,8.0,True
2015,7,10,SF,SEA,-0.2010793689690597,1.0,0,-17.0,False
2015,7,10,JAX,BUF,-0.0869906004828125,0.0,0,3.0,True
2015,7,10,DET,MIN,-0.0213243099201818,1.0,0,-9.0,False
2015,7,10,IND,NO,-0.1878659179674813,1.0,-3,-6.0,False
2015,7,10,KC,PIT,-0.0542535926935103,1.0,0,10.0,True
2015,7,10,MIA,HOU,-0.0272819214982806,1.0,0,18.0,True
2015,7,10,NE,NYJ,0.3243454532454358,1.0,0,7.0,True
2015,7,10,TEN,ATL,-0.2270550168146378,1.0,-3,-3.0,False
2015,7,10,WAS,TB,0.0691890065832599,1.0,-7,1.0,True
2015,7,10,NYG,DAL,0.0312731036820982,1.0,-8,7.0,True
2015,7,10,CAR,PHI,-0.0007635037602415,1.0,1,11.0,True
2015,7,10,ARI,BAL,0.2265566321508477,1.0,0,8.0,True
2015,7,20,SF,SEA,-0.1903846873202436,1.0,0,-17.0,False
2015,7,20,JAX,BUF,-0.0971990926685026,0.0,0,3.0,True
2015,7,20,DET,MIN,-0.0205726291689478,1.0,0,-9.0,False
2015,7,20,IND,NO,-0.1850488435926043,1.0,-3,-6.0,False
2015,7,20,KC,PIT,-0.0518998305863842,1.0,0,10.0,True
2015,7,20,MIA,HOU,-0.0335772198407435,1.0,0,18.0,True
2015,7,20,NE,NYJ,0.3410077711809755,1.0,0,7.0,True
2015,7,20,TEN,ATL,-0.2171573365436148,1.0,-3,-3.0,False
2015,7,20,WAS,TB,0.0799642441926572,1.0,-7,1.0,True
2015,7,20,NYG,DAL,0.016641652173116,1.0,-8,7.0,True
2015,7,20,CAR,PHI,0.0053965684897531,1.0,1,11.0,True
2015,7,20,ARI,BAL,0.2285083229319015,1.0,0,8.0,True
2015,7,50,SF,SEA,-0.1833199097269776,1.0,0,-17.0,False
2015,7,50,JAX,BUF,-0.1031495128136787,0.0,0,3.0,True
2015,7,50,DET,MIN,-0.0199015645953291,1.0,0,-9.0,False
2015,7,50,IND,NO,-0.1835123288791939,1.0,-3,-6.0,False
2015,7,50,KC,PIT,-0.0499710735722147,1.0,0,10.0,True
2015,7,50,MIA,HOU,-0.0365041727993463,1.0,0,18.0,True
2015,7,50,NE,NYJ,0.3505222414279142,1.0,0,7.0,True
2015,7,50,TEN,ATL,-0.2109009067354847,1.0,-3,-3.0,False
2015,7,50,WAS,TB,0.0862953979239529,1.0,-7,1.0,True
2015,7,50,NYG,DAL,0.0074701662113094,1.0,-8,7.0,True
2015,7,50,CAR,PHI,0.0088352318781057,1.0,1,11.0,True
2015,7,50,ARI,BAL,0.2294600517251863,1.0,0,8.0,True
2015,7,100,SF,SEA,-0.1808561394237043,1.0,0,-17.0,False
2015,7,100,JAX,BUF,-0.1051025219930675,0.0,0,3.0,True
2015,7,100,DET,MIN,-0.0196413025489375,1.0,0,-9.0,False
2015,7,100,IND,NO,-0.1830268427230367,1.0,-3,-6.0,False
2015,7,100,KC,PIT,-0.0492403733393253,1.0,0,10.0,True
2015,7,100,MIA,HOU,-0.0373388728485738,1.0,0,18.0,True
2015,7,100,NE,NYJ,0.3536091506598456,1.0,0,7.0,True
2015,7,100,TEN,ATL,-0.2087636918591638,1.0,-3,-3.0,False
2015,7,100,WAS,TB,0.0883832499286571,1.0,-7,1.0,True
2015,7,100,NYG,DAL,0.0043512351489083,1.0,-8,7.0,True
2015,7,100,CAR,PHI,0.009938411393809,1.0,1,11.0,True
2015,7,100,ARI,BAL,0.2297392115434861,1.0,0,8.0,True
2015,8,2,NE,MIA,-0.1176863414419951,1.0,0,29.0,True
2015,8,2,KC,DET,0.2929072301802936,0.0,0,35.0,True
2015,8,2,ATL,TB,-0.0072000685279822,1.0,0,-3.0,False
2015,8,2,CHI,MIN,0.1185024491456781,1.0,7,-3.0,False
2015,8,2,CLE,ARI,-0.1023263465335775,1.0,1,-14.0,False
2015,8,2,HOU,TEN,-0.0429507332755358,1.0,0,14.0,True
2015,8,2,NO,NYG,0.0208773091804338,1.0,0,3.0,True
2015,8,2,PIT,CIN,-0.2338719165271252,1.0,-7,-6.0,False
2015,8,2,DAL,SEA,-0.1569549791517384,1.0,-3,-1.0,False
2015,8,2,DEN,GB,-0.3558326111991937,1.0,0,19.0,True
2015,8,2,CAR,IND,0.1758512326709197,1.0,0,3.0,True
2015,8,4,NE,MIA,0.1167436449792045,1.0,0,29.0,True
2015,8,4,KC,DET,0.2383141785366404,0.0,0,35.0,True
2015,8,4,ATL,TB,0.0524387834077831,1.0,0,-3.0,False
2015,8,4,CHI,MIN,0.1231760013543234,1.0,7,-3.0,False
2015,8,4,CLE,ARI,-0.1350296385377972,1.0,1,-14.0,False
2015,8,4,HOU,TEN,0.0089777144437536,1.0,0,14.0,True
2015,8,4,NO,NYG,-0.0164213786660132,1.0,0,3.0,True
2015,8,4,PIT,CIN,-0.2242834066619821,1.0,-7,-6.0,False
2015,8,4,DAL,SEA,-0.0885010650607486,1.0,-3,-1.0,False
2015,8,4,DEN,GB,-0.3615414646456278,1.0,0,19.0,True
2015,8,4,CAR,IND,0.1683240815382251,1.0,0,3.0,True
2015,8,6,NE,MIA,0.1854917826131465,1.0,0,29.0,True
2015,8,6,KC,DET,0.223580901505514,0.0,0,35.0,True
2015,8,6,ATL,TB,0.0735613196860619,1.0,0,-3.0,False
2015,8,6,CHI,MIN,0.1257774229204715,1.0,7,-3.0,False
2015,8,6,CLE,ARI,-0.1471789869447516,1.0,1,-14.0,False
2015,8,6,HOU,TEN,0.0192490621880799,1.0,0,14.0,True
2015,8,6,NO,NYG,-0.0269159371731355,1.0,0,3.0,True
2015,8,6,PIT,CIN,-0.2237124453802996,1.0,-7,-6.0,False
2015,8,6,DAL,SEA,-0.0607572711110517,1.0,-3,-1.0,False
2015,8,6,DEN,GB,-0.3613589589424828,1.0,0,19.0,True
2015,8,6,CAR,IND,0.1672154079998243,1.0,0,3.0,True
2015,8,10,NE,MIA,0.2354936906160073,1.0,0,29.0,True
2015,8,10,KC,DET,0.2138730534167545,0.0,0,35.0,True
2015,8,10,ATL,TB,0.0904148360746816,1.0,0,-3.0,False
2015,8,10,CHI,MIN,0.128409418059801,1.0,7,-3.0,False
2015,8,10,CLE,ARI,-0.156892197562995,1.0,1,-14.0,False
2015,8,10,HOU,TEN,0.024691523338988,1.0,0,14.0,True
2015,8,10,NO,NYG,-0.0341946076571434,1.0,0,3.0,True
2015,8,10,PIT,CIN,-0.2242933815366328,1.0,-7,-6.0,False
2015,8,10,DAL,SEA,-0.0371824703216157,1.0,-3,-1.0,False
2015,8,10,DEN,GB,-0.3603790232968882,1.0,0,19.0,True
2015,8,10,CAR,IND,0.1669432270822695,1.0,0,3.0,True
2015,8,20,NE,MIA,0.2697417174533839,1.0,0,29.0,True
2015,8,20,KC,DET,0.2080252015691842,0.0,0,35.0,True
2015,8,20,ATL,TB,0.1028904032569529,1.0,0,-3.0,False
2015,8,20,CHI,MIN,0.1307508158928294,1.0,7,-3.0,False
2015,8,20,CLE,ARI,-0.1640199771100965,1.0,1,-14.0,False
2015,8,20,HOU,TEN,0.0271138383108877,1.0,0,14.0,True
2015,8,20,NO,NYG,-0.0389046992722536,1.0,0,3.0,True
2015,8,20,PIT,CIN,-0.2253627899792074,1.0,-7,-6.0,False
2015,8,20,DAL,SEA,-0.0188700198118385,1.0,-3,-1.0,False
2015,8,20,DEN,GB,-0.3591562093818135,1.0,0,19.0,True
2015,8,20,CAR,IND,0.1671269815472739,1.0,0,3.0,True
2015,8,50,NE,MIA,0.2888761123986185,1.0,0,29.0,True
2015,8,50,KC,DET,0.2051638428637545,0.0,0,35.0,True
2015,8,50,ATL,TB,0.1102705294139471,1.0,0,-3.0,False
2015,8,50,CHI,MIN,0.132319163857213,1.0,7,-3.0,False
2015,8,50,CLE,ARI,-0.1681852664560446,1.0,1,-14.0,False
2015,8,50,HOU,TEN,0.0278776585428747,1.0,0,14.0,True
2015,8,50,NO,NYG,-0.0413997061861845,1.0,0,3.0,True
2015,8,50,PIT,CIN,-0.2262736234030785,1.0,-7,-6.0,False
2015,8,50,DAL,SEA,-0.0076817592675318,1.0,-3,-1.0,False
2015,8,50,DEN,GB,-0.3582258498051546,1.0,0,19.0,True
2015,8,50,CAR,IND,0.1674049685393929,1.0,0,3.0,True
2015,8,100,NE,MIA,0.2950126810766131,1.0,0,29.0,True
2015,8,100,KC,DET,0.2043230706888913,0.0,0,35.0,True
2015,8,100,ATL,TB,0.1127096056182122,1.0,0,-3.0,False
2015,8,100,CHI,MIN,0.1328703309150541,1.0,7,-3.0,False
2015,8,100,CLE,ARI,-0.1695504436129929,1.0,1,-14.0,False
2015,8,100,HOU,TEN,0.0280170565569859,1.0,0,14.0,True
2015,8,100,NO,NYG,-0.0421743731275671,1.0,0,3.0,True
2015,8,100,PIT,CIN,-0.2266229392372304,1.0,-7,-6.0,False
2015,8,100,DAL,SEA,-0.0039252408557356,1.0,-3,-1.0,False
2015,8,100,DEN,GB,-0.3578836944061349,1.0,0,19.0,True
2015,8,100,CAR,IND,0.1675263599512612,1.0,0,3.0,True
2015,9,2,CIN,CLE,0.0898449363395041,1.0,0,21.0,True
2015,9,2,BUF,MIA,-0.2732713956736904,1.0,4,16.0,True
2015,9,2,CAR,GB,0.02667229872934,1.0,-1,8.0,True
2015,9,2,NE,WAS,0.3376489389502403,1.0,-4,17.0,True
2015,9,2,NO,TEN,0.4717686377384262,1.0,0,-6.0,False
2015,9,2,NYJ,JAX,-0.2434105564404413,1.0,-7,5.0,True
2015,9,2,SF,ATL,-0.218001007978267,1.0,0,1.0,True
2015,9,2,TB,NYG,0.0379538685685493,1.0,0,-14.0,False
2015,9,2,IND,DEN,-0.1621291305554502,1.0,-1,3.0,True
2015,9,2,DAL,PHI,0.0042411656868871,1.0,-7,-6.0,False
2015,9,4,CIN,CLE,0.1051066571308439,1.0,0,21.0,True
2015,9,4,BUF,MIA,-0.1584645490910017,1.0,4,16.0,True
2015,9,4,CAR,GB,-0.0882856066802205,1.0,-1,8.0,True
2015,9,4,NE,WAS,0.3317071289334746,1.0,-4,17.0,True
2015,9,4,NO,TEN,0.3757000076399696,1.0,0,-6.0,False
2015,9,4,NYJ,JAX,-0.1039073542542886,1.0,-7,5.0,True
2015,9,4,SF,ATL,-0.2271195177159335,1.0,0,1.0,True
2015,9,4,TB,NYG,-0.038073074171037,1.0,0,-14.0,False
2015,9,4,IND,DEN,-0.104281149492676,1.0,-1,3.0,True
2015,9,4,DAL,PHI,0.0512587376262748,1.0,-7,-6.0,False
2015,9,6,CIN,CLE,0.1126998543435952,1.0,0,21.0,True
2015,9,6,BUF,MIA,-0.112498284539468,1.0,4,16.0,True
2015,9,6,CAR,GB,-0.1223849039518587,1.0,-1,8.0,True
2015,9,6,NE,WAS,0.3335068443855703,1.0,-4,17.0,True
2015,9,6,NO,TEN,0.3392640958691715,1.0,0,-6.0,False
2015,9,6,NYJ,JAX,-0.0632052273757377,1.0,-7,5.0,True
2015,9,6,SF,ATL,-0.2253675945485548,1.0,0,1.0,True
2015,9,6,TB,NYG,-0.0651967026763752,1.0,0,-14.0,False
2015,9,6,IND,DEN,-0.0911801758894364,1.0,-1,3.0,True
2015,9,6,DAL,PHI,0.0719656359280227,1.0,-7,-6.0,False
2015,9,10,CIN,CLE,0.1194967081653477,1.0,0,21.0,True
2015,9,10,BUF,MIA,-0.0748717459021784,1.0,4,16.0,True
2015,9,10,CAR,GB,-0.1473452071915453,1.0,-1,8.0,True
2015,9,10,NE,WAS,0.3363933114925306,1.0,-4,17.0,True
2015,9,10,NO,TEN,0.3088194649267191,1.0,0,-6.0,False
2015,9,10,NYJ,JAX,-0.0336678968641274,1.0,-7,5.0,True
2015,9,10,SF,ATL,-0.221271887541272,1.0,0,1.0,True
2015,9,10,TB,NYG,-0.0866467000613638,1.0,0,-14.0,False
2015,9,10,IND,DEN,-0.0832975670443145,1.0,-1,3.0,True
2015,9,10,DAL,PHI,0.0900167593401852,1.0,-7,-6.0,False
2015,9,20,CIN,CLE,0.1249374434474632,1.0,0,21.0,True
2015,9,20,BUF,MIA,-0.0467923840633367,1.0,4,16.0,True
2015,9,20,CAR,GB,-0.1645317946354463,1.0,-1,8.0,True
2015,9,20,NE,WAS,0.3393438373036758,1.0,-4,17.0,True
2015,9,20,NO,TEN,0.2853649470731727,1.0,0,-6.0,False
2015,9,20,NYJ,JAX,-0.0134869316348267,1.0,-7,5.0,True
2015,9,20,SF,ATL,-0.2163576338523126,1.0,0,1.0,True
2015,9,20,TB,NYG,-0.1022889124063036,1.0,0,-14.0,False
2015,9,20,IND,DEN,-0.0789378056706732,1.0,-1,3.0,True
2015,9,20,DAL,PHI,0.1042418654219115,1.0,-7,-6.0,False
2015,9,50,CIN,CLE,0.1283172865164484,1.0,0,21.0,True
2015,9,50,BUF,MIA,-0.0301877143494662,1.0,4,16.0,True
2015,9,50,CAR,GB,-0.1741710697682598,1.0,-1,8.0,True
2015,9,50,NE,WAS,0.3414057481253432,1.0,-4,17.0,True
2015,9,50,NO,TEN,0.2710828123214711,1.0,0,-6.0,False
2015,9,50,NYJ,JAX,-0.0022352770479003,1.0,-7,5.0,True
2015,9,50,SF,ATL,-0.2125791697673862,1.0,0,1.0,True
2015,9,50,TB,NYG,-0.1114022136220777,1.0,0,-14.0,False
2015,9,50,IND,DEN,-0.0769591052658759,1.0,-1,3.0,True
2015,9,50,DAL,PHI,0.1129949145793136,1.0,-7,-6.0,False
2015,9,100,CIN,CLE,0.1294604360646576,1.0,0,21.0,True
2015,9,100,BUF,MIA,-0.0247110530615013,1.0,4,16.0,True
2015,9,100,CAR,GB,-0.1772688051385175,1.0,-1,8.0,True
2015,9,100,NE,WAS,0.3421375011206874,1.0,-4,17.0,True
2015,9,100,NO,TEN,0.2662921616653825,1.0,0,-6.0,False
2015,9,100,NYJ,JAX,0.0013691630147825,1.0,-7,5.0,True
2015,9,100,SF,ATL,-0.2111749982947248,1.0,0,1.0,True
2015,9,100,TB,NYG,-0.1143860119212158,1.0,0,-14.0,False
2015,9,100,IND,DEN,-0.0764047196028958,1.0,-1,3.0,True
2015,9,100,DAL,PHI,0.115941787034781,1.0,-7,-6.0,False
2015,10,2,NYJ,BUF,-0.1922332250405405,1.0,0,-5.0,False
2015,10,2,BAL,JAX,-0.1938629457278465,1.0,7,-2.0,False
2015,10,2,GB,DET,0.1693815886271091,1.0,-7,-2.0,False
2015,10,2,PHI,MIA,0.0095142148928309,1.0,0,-1.0,False
2015,10,2,PIT,CLE,0.0615962011666781,1.0,-3,21.0,True
2015,10,2,TB,DAL,0.0125769819976387,1.0,0,4.0,True
2015,10,2,TEN,CAR,-0.2507271470482788,1.0,0,-17.0,False
2015,10,2,WAS,NO,-0.2101078474217654,1.0,0,33.0,True
2015,10,2,DEN,KC,-0.4523761282487251,1.0,-7,-16.0,False
2015,10,2,NYG,NE,-0.3139534040269975,1.0,0,-1.0,False
2015,10,2,SEA,ARI,-0.0326178177370227,1.0,0,-7.0,False
2015,10,2,CIN,HOU,0.0193932098021235,1.0,-4,-4.0,False
2015,10,4,NYJ,BUF,-0.1130283300593726,1.0,0,-5.0,False
2015,10,4,BAL,JAX,-0.1165696607488709,1.0,7,-2.0,False
2015,10,4,GB,DET,0.264276626915718,1.0,-7,-2.0,False
2015,10,4,PHI,MIA,-0.0222118614225239,1.0,0,-1.0,False
2015,10,4,PIT,CLE,0.0377589925763154,1.0,-3,21.0,True
2015,10,4,TB,DAL,-0.0346062988183256,1.0,0,4.0,True
2015,10,4,TEN,CAR,-0.2407291754041851,1.0,0,-17.0,False
2015,10,4,WAS,NO,-0.1953703994109419,1.0,0,33.0,True
2015,10,4,DEN,KC,-0.315404934017984,1.0,-7,-16.0,False
2015,10,4,NYG,NE,-0.2620652978502922,1.0,0,-1.0,False
2015,10,4,SEA,ARI,-0.0624406247415556,1.0,0,-7.0,False
2015,10,4,CIN,HOU,0.1050572006411454,1.0,-4,-4.0,False
2015,10,6,NYJ,BUF,-0.0948580529553139,1.0,0,-5.0,False
2015,10,6,BAL,JAX,-0.0880832493105948,1.0,7,-2.0,False
2015,10,6,GB,DET,0.2996071560383985,1.0,-7,-2.0,False
2015,10,6,PHI,MIA,-0.028208004963045,1.0,0,-1.0,False
2015,10,6,PIT,CLE,0.032199875025537,1.0,-3,21.0,True
2015,10,6,TB,DAL,-0.0592156564188147,1.0,0,4.0,True
2015,10,6,TEN,CAR,-0.2328105867432987,1.0,0,-17.0,False
2015,10,6,WAS,NO,-0.1861912001671069,1.0,0,33.0,True
2015,10,6,DEN,KC,-0.2737221755720753,1.0,-7,-16.0,False
2015,10,6,NYG,NE,-0.2477253512943529,1.0,0,-1.0,False
2015,10,6,SEA,ARI,-0.0782740279917095,1.0,0,-7.0,False
2015,10,6,CIN,HOU,0.1349432171711801,1.0,-4,-4.0,False
2015,10,10,NYJ,BUF,-0.0839278031233067,1.0,0,-5.0,False
2015,10,10,BAL,JAX,-0.0652125744948484,1.0,7,-2.0,False
2015,10,10,GB,DET,0.3277373741151675,1.0,-7,-2.0,False
2015,10,10,PHI,MIA,-0.0316744901690485,1.0,0,-1.0,False
2015,10,10,PIT,CLE,0.0287585520899544,1.0,-3,21.0,True
2015,10,10,TB,DAL,-0.0822721565928648,1.0,0,4.0,True
2015,10,10,TEN,CAR,-0.2245813938716983,1.0,0,-17.0,False
2015,10,10,WAS,NO,-0.1772836951753248,1.0,0,33.0,True
2015,10,10,DEN,KC,-0.2431324639031729,1.0,-7,-16.0,False
2015,10,10,NYG,NE,-0.2384259837823945,1.0,0,-1.0,False
2015,10,10,SEA,ARI,-0.0928647433479923,1.0,0,-7.0,False
2015,10,10,CIN,HOU,0.1589861914545533,1.0,-4,-4.0,False
2015,10,20,NYJ,BUF,-0.0779219974545566,1.0,0,-5.0,False
2015,10,20,BAL,JAX,-0.0483122225740674,1.0,7,-2.0,False
2015,10,20,GB,DET,0.3483229119770853,1.0,-7,-2.0,False
2015,10,20,PHI,MIA,-0.0337443073027396,1.0,0,-1.0,False
2015,10,20,PIT,CLE,0.0267464904101477,1.0,-3,21.0,True
2015,10,20,TB,DAL,-0.1014048976454907,1.0,0,4.0,True
2015,10,20,TEN,CAR,-0.2172871836224471,1.0,0,-17.0,False
2015,10,20,WAS,NO,-0.1697527491222915,1.0,0,33.0,True
2015,10,20,DEN,KC,-0.2221661892476684,1.0,-7,-16.0,False
2015,10,20,NYG,NE,-0.233001437801051,1.0,0,-1.0,False
2015,10,20,SEA,ARI,-0.1047692695630957,1.0,0,-7.0,False
2015,10,20,CIN,HOU,0.1769767437310424,1.0,-4,-4.0,False
2015,10,50,NYJ,BUF,-0.0752268727799177,1.0,0,-5.0,False
2015,10,50,BAL,JAX,-0.0383646778252675,1.0,7,-2.0,False
2015,10,50,GB,DET,0.3603452743631279,1.0,-7,-2.0,False
2015,10,50,PHI,MIA,-0.0348587680416208,1.0,0,-1.0,False
2015,10,50,PIT,CLE,0.0257568094930846,1.0,-3,21.0,True
2015,10,50,TB,DAL,-0.1135739623910315,1.0,0,4.0,True
2015,10,50,TEN,CAR,-0.2124536236399612,1.0,0,-17.0,False
2015,10,50,WAS,NO,-0.1649153387285539,1.0,0,33.0,True
2015,10,50,DEN,KC,-0.2104989600432424,1.0,-7,-16.0,False
2015,10,50,NYG,NE,-0.2304504276857346,1.0,0,-1.0,False
2015,10,50,SEA,ARI,-0.1122437247074711,1.0,0,-7.0,False
2015,10,50,CIN,HOU,0.1877180936918229,1.0,-4,-4.0,False
2015,10,100,NYJ,BUF,-0.0744790449686721,1.0,0,-5.0,False
2015,10,100,BAL,JAX,-0.035089587812531,1.0,7,-2.0,False
2015,10,100,GB,DET,0.36428711875172,1.0,-7,-2.0,False
2015,10,100,PHI,MIA,-0.0352188836747837,1.0,0,-1.0,False
2015,10,100,PIT,CLE,0.0254607198081366,1.0,-3,21.0,True
2015,10,100,TB,DAL,-0.117736348820811,1.0,0,4.0,True
2015,10,100,TEN,CAR,-0.2107674313636061,1.0,0,-17.0,False
2015,10,100,WAS,NO,-0.1632537173438491,1.0,0,33.0,True
2015,10,100,DEN,KC,-0.2067710623400677,1.0,-7,-16.0,False
2015,10,100,NYG,NE,-0.2297223777658454,1.0,0,-1.0,False
2015,10,100,SEA,ARI,-0.1147830364589917,1.0,0,-7.0,False
2015,10,100,CIN,HOU,0.1912862102684529,1.0,-4,-4.0,False
2015,11,2,JAX,TEN,-0.0621385692754997,1.0,0,6.0,True
2015,11,2,ATL,IND,-0.0732949875308281,1.0,0,-3.0,False
2015,11,2,CAR,WAS,0.0749478610933825,1.0,0,28.0,True
2015,11,2,CHI,DEN,0.6596606805684231,1.0,0,-2.0,False
2015,11,2,HOU,NYJ,0.3235803972710931,1.0,-4,7.0,True
2015,11,2,MIA,DAL,-0.0160610682473361,1.0,0,-10.0,False
2015,11,2,PHI,TB,-0.0640522687237249,1.0,0,-28.0,False
2015,11,2,MIN,GB,0.0442175040109218,1.0,0,-17.0,False
2015,11,2,SEA,SF,0.1671693326053647,1.0,-7,16.0,True
2015,11,2,ARI,CIN,0.1173671609529865,1.0,1,3.0,True
2015,11,2,NE,BUF,-0.074030522131015,1.0,-3,7.0,True
2015,11,4,JAX,TEN,0.0106108367515214,1.0,0,6.0,True
2015,11,4,ATL,IND,0.0101596103841513,1.0,0,-3.0,False
2015,11,4,CAR,WAS,0.1103317577724741,1.0,0,28.0,True
2015,11,4,CHI,DEN,0.4178606149636034,1.0,0,-2.0,False
2015,11,4,HOU,NYJ,0.2076359154651813,1.0,-4,7.0,True
2015,11,4,MIA,DAL,-0.0027861531437057,1.0,0,-10.0,False
2015,11,4,PHI,TB,-0.0260799984251599,1.0,0,-28.0,False
2015,11,4,MIN,GB,-0.0649780958745187,1.0,0,-17.0,False
2015,11,4,SEA,SF,0.2330306212027449,1.0,-7,16.0,True
2015,11,4,ARI,CIN,0.1101998134530083,1.0,1,3.0,True
2015,11,4,NE,BUF,0.0766799470214743,1.0,-3,7.0,True
2015,11,6,JAX,TEN,0.0264662924160142,1.0,0,6.0,True
2015,11,6,ATL,IND,0.0372391544290331,1.0,0,-3.0,False
2015,11,6,CAR,WAS,0.1162000938681776,1.0,0,28.0,True
2015,11,6,CHI,DEN,0.3359624626068306,1.0,0,-2.0,False
2015,11,6,HOU,NYJ,0.1598088491429101,1.0,-4,7.0,True
2015,11,6,MIA,DAL,-0.0063182301159057,1.0,0,-10.0,False
2015,11,6,PHI,TB,-0.0090004920081055,1.0,0,-28.0,False
2015,11,6,MIN,GB,-0.1162942688542671,1.0,0,-17.0,False
2015,11,6,SEA,SF,0.2468267974193821,1.0,-7,16.0,True
2015,11,6,ARI,CIN,0.1059206223621969,1.0,1,3.0,True
2015,11,6,NE,BUF,0.1258361065717885,1.0,-3,7.0,True
2015,11,10,JAX,TEN,0.0349878500413056,1.0,0,6.0,True
2015,11,10,ATL,IND,0.0580726066301984,1.0,0,-3.0,False
2015,11,10,CAR,WAS,0.1186363372426189,1.0,0,28.0,True
2015,11,10,CHI,DEN,0.2720854591319288,1.0,0,-2.0,False
2015,11,10,HOU,NYJ,0.1198225478058128,1.0,-4,7.0,True
2015,11,10,MIA,DAL,-0.0130017345949438,1.0,0,-10.0,False
2015,11,10,PHI,TB,0.0058771038379614,1.0,0,-28.0,False
2015,11,10,MIN,GB,-0.1612831218024973,1.0,0,-17.0,False
2015,11,10,SEA,SF,0.2531444355148832,1.0,-7,16.0,True
2015,11,10,ARI,CIN,0.1019629819480522,1.0,1,3.0,True
2015,11,10,NE,BUF,0.1628208480171991,1.0,-3,7.0,True
2015,11,20,JAX,TEN,0.0387885345474895,1.0,0,6.0,True
2015,11,20,ATL,IND,0.0730664742231133,1.0,0,-3.0,False
2015,11,20,CAR,WAS,0.1192461055730951,1.0,0,28.0,True
2015,11,20,CHI,DEN,0.2257778728016774,1.0,0,-2.0,False
2015,11,20,HOU,NYJ,0.0894922723551265,1.0,-4,7.0,True
2015,11,20,MIA,DAL,-0.0202583826221147,1.0,0,-10.0,False
2015,11,20,PHI,TB,0.0175683842664581,1.0,0,-28.0,False
2015,11,20,MIN,GB,-0.1965425056238057,1.0,0,-17.0,False
2015,11,20,SEA,SF,0.2547045218801569,1.0,-7,16.0,True
2015,11,20,ARI,CIN,0.0987615394101848,1.0,1,3.0,True
2015,11,20,NE,BUF,0.188602531171277,1.0,-3,7.0,True
2015,11,50,JAX,TEN,0.0399918323555232,1.0,0,6.0,True
2015,11,50,ATL,IND,0.0817667770906129,1.0,0,-3.0,False
2015,11,50,CAR,WAS,0.1191610746649131,1.0,0,28.0,True
2015,11,50,CHI,DEN,0.198830174363222,1.0,0,-2.0,False
2015,11,50,HOU,NYJ,0.071365099083709,1.0,-4,7.0,True
2015,11,50,MIA,DAL,-0.0254688831984104,1.0,0,-10.0,False
2015,11,50,PHI,TB,0.0247456481575768,1.0,0,-28.0,False
2015,11,50,MIN,GB,-0.2180514824557365,1.0,0,-17.0,False
2015,11,50,SEA,SF,0.2542350779843262,1.0,-7,16.0,True
2015,11,50,ARI,CIN,0.0967697354687348,1.0,1,3.0,True
2015,11,50,NE,BUF,0.2031000616608783,1.0,-3,7.0,True
2015,11,100,JAX,TEN,0.0402149856572199,1.0,0,6.0,True
2015,11,100,ATL,IND,0.0846145487295455,1.0,0,-3.0,False
2015,11,100,CAR,WAS,0.1190638285368884,1.0,0,28.0,True
2015,11,100,CHI,DEN,0.1900036094430664,1.0,0,-2.0,False
2015,11,100,HOU,NYJ,0.0653557970381669,1.0,-4,7.0,True
2015,11,100,MIA,DAL,-0.0273371387064095,1.0,0,-10.0,False
2015,11,100,PHI,TB,0.0271593296050113,1.0,0,-28.0,False
2015,11,100,MIN,GB,-0.2252510419495203,1.0,0,-17.0,False
2015,11,100,SEA,SF,0.2538368804900333,1.0,-7,16.0,True
2015,11,100,ARI,CIN,0.0960964116222523,1.0,1,3.0,True
2015,11,100,NE,BUF,0.2077550847954539,1.0,-3,7.0,True
2015,12,2,DET,PHI,0.2206730464330635,1.0,0,31.0,True
2015,12,2,DAL,CAR,-0.038159853563614,1.0,0,-19.0,False
2015,12,2,GB,CHI,-0.1508247533533084,1.0,0,-4.0,False
2015,12,2,ATL,MIN,-0.0565694857128616,1.0,0,-10.0,False
2015,12,2,HOU,NO,0.1283537927992351,1.0,-7,18.0,True
2015,12,2,IND,TB,-0.1915669504809576,1.0,0,13.0,True
2015,12,2,KC,BUF,0.4189845847234038,1.0,1,8.0,True
2015,12,2,NYJ,MIA,-0.1802417859613066,1.0,0,18.0,True
2015,12,2,WAS,NYG,-0.0731924091897236,1.0,-7,6.0,True
2015,12,2,SF,ARI,-0.3004532383619411,1.0,0,-6.0,False
2015,12,2,SEA,PIT,0.1496768115550449,1.0,-7,9.0,True
2015,12,2,DEN,NE,-0.2484234297991777,1.0,1,6.0,True
2015,12,2,CLE,BAL,-0.2492206844129536,1.0,7,-6.0,False
2015,12,4,DET,PHI,0.0404053250888781,1.0,0,31.0,True
2015,12,4,DAL,CAR,-0.0370151719092053,1.0,0,-19.0,False
2015,12,4,GB,CHI,-0.0850654493083149,1.0,0,-4.0,False
2015,12,4,ATL,MIN,-0.0091492417596261,1.0,0,-10.0,False
2015,12,4,HOU,NO,0.0290610491445359,1.0,-7,18.0,True
2015,12,4,IND,TB,-0.1392561829648446,1.0,0,13.0,True
2015,12,4,KC,BUF,0.273414079461333,1.0,1,8.0,True
2015,12,4,NYJ,MIA,-0.156352111676457,1.0,0,18.0,True
2015,12,4,WAS,NYG,-0.0977799787941088,1.0,-7,6.0,True
2015,12,4,SF,ARI,-0.3062442689876266,1.0,0,-6.0,False
2015,12,4,SEA,PIT,0.1483775791945421,1.0,-7,9.0,True
2015,12,4,DEN,NE,-0.2678437317133062,1.0,1,6.0,True
2015,12,4,CLE,BAL,-0.1042307432201663,1.0,7,-6.0,False
2015,12,6,DET,PHI,-0.0172181823074332,1.0,0,31.0,True
2015,12,6,DAL,CAR,-0.0323096346759972,1.0,0,-19.0,False
2015,12,6,GB,CHI,-0.0426174156846545,1.0,0,-4.0,False
2015,12,6,ATL,MIN,0.014076032014537,1.0,0,-10.0,False
2015,12,6,HOU,NO,-0.0049728280025701,1.0,-7,18.0,True
2015,12,6,IND,TB,-0.1231683042760841,1.0,0,13.0,True
2015,12,6,KC,BUF,0.216264744472037,1.0,1,8.0,True
2015,12,6,NYJ,MIA,-0.1385120944646842,1.0,0,18.0,True
2015,12,6,WAS,NYG,-0.1095756659171307,1.0,-7,6.0,True
2015,12,6,SF,ARI,-0.3132550564933117,1.0,0,-6.0,False
2015,12,6,SEA,PIT,0.1447742387983921,1.0,-7,9.0,True
2015,12,6,DEN,NE,-0.2740780759702164,1.0,1,6.0,True
2015,12,6,CLE,BAL,-0.0583832402874275,1.0,7,-6.0,False
2015,12,10,DET,PHI,-0.0597165369834081,1.0,0,31.0,True
2015,12,10,DAL,CAR,-0.0261916357605286,1.0,0,-19.0,False
2015,12,10,GB,CHI,-0.0018095840483435,1.0,0,-4.0,False
2015,12,10,ATL,MIN,0.0352420590510952,1.0,0,-10.0,False
2015,12,10,HOU,NO,-0.0308521853843608,1.0,-7,18.0,True
2015,12,10,IND,TB,-0.110568636560125,1.0,0,13.0,True
2015,12,10,KC,BUF,0.1699353434138048,1.0,1,8.0,True
2015,12,10,NYJ,MIA,-0.1205251782053856,1.0,0,18.0,True
2015,12,10,WAS,NYG,-0.1193284700854317,1.0,-7,6.0,True
2015,12,10,SF,ARI,-0.3193224687876875,1.0,0,-6.0,False
2015,12,10,SEA,PIT,0.1405421331026409,1.0,-7,9.0,True
2015,12,10,DEN,NE,-0.2797921328355375,1.0,1,6.0,True
2015,12,10,CLE,BAL,-0.0248351704124782,1.0,7,-6.0,False
2015,12,20,DET,PHI,-0.0887631844177996,1.0,0,31.0,True
2015,12,20,DAL,CAR,-0.0200843469064828,1.0,0,-19.0,False
2015,12,20,GB,CHI,0.032021801643478,1.0,0,-4.0,False
2015,12,20,ATL,MIN,0.0524474856431572,1.0,0,-10.0,False
2015,12,20,HOU,NO,-0.0489037708071054,1.0,-7,18.0,True
2015,12,20,IND,TB,-0.101285960110615,1.0,0,13.0,True
2015,12,20,KC,BUF,0.1355927080229212,1.0,1,8.0,True
2015,12,20,NYJ,MIA,-0.1051874660509242,1.0,0,18.0,True
2015,12,20,WAS,NYG,-0.1264781943413308,1.0,-7,6.0,True
2015,12,20,SF,ARI,-0.323498262733197,1.0,0,-6.0,False
2015,12,20,SEA,PIT,0.1365967820258,1.0,-7,9.0,True
2015,12,20,DEN,NE,-0.2846983327441976,1.0,1,6.0,True
2015,12,20,CLE,BAL,-0.0020443686861415,1.0,7,-6.0,False
2015,12,50,DET,PHI,-0.1048617223313451,1.0,0,31.0,True
2015,12,50,DAL,CAR,-0.0157808893872966,1.0,0,-19.0,False
2015,12,50,GB,CHI,0.0533288894614958,1.0,0,-4.0,False
2015,12,50,ATL,MIN,0.0632384332459747,1.0,0,-10.0,False
2015,12,50,HOU,NO,-0.0590184133569687,1.0,-7,18.0,True
2015,12,50,IND,TB,-0.0958049194567383,1.0,0,13.0,True
2015,12,50,KC,BUF,0.1153644665527414,1.0,1,8.0,True
2015,12,50,NYJ,MIA,-0.0953909193116975,1.0,0,18.0,True
2015,12,50,WAS,NYG,-0.1305944259075795,1.0,-7,6.0,True
2015,12,50,SF,ARI,-0.3256357661842098,1.0,0,-6.0,False
2015,12,50,SEA,PIT,0.1339332300123581,1.0,-7,9.0,True
2015,12,50,DEN,NE,-0.2879283060339916,1.0,1,6.0,True
2015,12,50,CLE,BAL,0.0105338978870023,1.0,7,-6.0,False
2015,12,100,DET,PHI,-0.1099942935763328,1.0,0,31.0,True
2015,12,100,DAL,CAR,-0.0142409455210893,1.0,0,-19.0,False
2015,12,100,GB,CHI,0.0605621785569795,1.0,0,-4.0,False
2015,12,100,ATL,MIN,0.0669035036799958,1.0,0,-10.0,False
2015,12,100,HOU,NO,-0.0622565929376954,1.0,-7,18.0,True
2015,12,100,IND,TB,-0.0939958514741267,1.0,0,13.0,True
2015,12,100,KC,BUF,0.1087044072669295,1.0,1,8.0,True
2015,12,100,NYJ,MIA,-0.0920478803919613,1.0,0,18.0,True
2015,12,100,WAS,NYG,-0.1319271305756302,1.0,-7,6.0,True
2015,12,100,SF,ARI,-0.3262647109509251,1.0,0,-6.0,False
2015,12,100,SEA,PIT,0.1329993071085767,1.0,-7,9.0,True
2015,12,100,DEN,NE,-0.2890531887782338,1.0,1,6.0,True
2015,12,100,CLE,BAL,0.0145352052310107,1.0,7,-6.0,False
2015,13,2,DET,GB,0.3345810435066048,1.0,0,-4.0,False
2015,13,2,BUF,HOU,-0.1502362824314055,1.0,0,9.0,True
2015,13,2,CHI,SF,0.2547598225212089,1.0,3,-6.0,False
2015,13,2,CLE,CIN,-0.2768635648298935,1.0,-1,-34.0,False
2015,13,2,MIA,BAL,-0.2403051534868764,1.0,1,2.0,True
2015,13,2,MIN,SEA,-0.2380599306092749,1.0,0,-31.0,False
2015,13,2,NYG,NYJ,-0.2330248161850804,1.0,0,-3.0,False
2015,13,2,TB,ATL,0.2687214987056456,1.0,0,4.0,True
2015,13,2,TEN,JAX,0.0160271590657601,1.0,0,3.0,True
2015,13,2,NE,PHI,0.5131616993474719,1.0,-3,-7.0,False
2015,13,2,NO,CAR,-0.3747029059727731,1.0,-3,-3.0,False
2015,13,2,PIT,IND,-0.1119133488481471,1.0,0,35.0,True
2015,13,2,WAS,DAL,0.3123999029971926,1.0,-3,-3.0,False
2015,13,4,DET,GB,0.0832934604873735,1.0,0,-4.0,False
2015,13,4,BUF,HOU,-0.0745515730017563,1.0,0,9.0,True
2015,13,4,CHI,SF,0.247890788487079,1.0,3,-6.0,False
2015,13,4,CLE,CIN,-0.2313083839529442,1.0,-1,-34.0,False
2015,13,4,MIA,BAL,-0.1132920720152832,1.0,1,2.0,True
2015,13,4,MIN,SEA,-0.2397556003940066,1.0,0,-31.0,False
2015,13,4,NYG,NYJ,-0.0566537593097864,1.0,0,-3.0,False
2015,13,4,TB,ATL,0.1634956597945769,1.0,0,4.0,True
2015,13,4,TEN,JAX,-0.013881253059814,1.0,0,3.0,True
2015,13,4,NE,PHI,0.3737227357163738,1.0,-3,-7.0,False
2015,13,4,NO,CAR,-0.1936361887131066,1.0,-3,-3.0,False
2015,13,4,PIT,IND,0.0003938443119396,1.0,0,35.0,True
2015,13,4,WAS,DAL,0.1158965643051708,1.0,-3,-3.0,False
2015,13,6,DET,GB,-0.0108883601570193,1.0,0,-4.0,False
2015,13,6,BUF,HOU,-0.0431838537544926,1.0,0,9.0,True
2015,13,6,CHI,SF,0.2334202172015538,1.0,3,-6.0,False
2015,13,6,CLE,CIN,-0.2157886110567763,1.0,-1,-34.0,False
2015,13,6,MIA,BAL,-0.0683722303987775,1.0,1,2.0,True
2015,13,6,MIN,SEA,-0.2442527411828755,1.0,0,-31.0,False
2015,13,6,NYG,NYJ,-0.0089002574329211,1.0,0,-3.0,False
2015,13,6,TB,ATL,0.1230474567018753,1.0,0,4.0,True
2015,13,6,TEN,JAX,-0.0265486955405285,1.0,0,3.0,True
2015,13,6,NE,PHI,0.3346603712248592,1.0,-3,-7.0,False
2015,13,6,NO,CAR,-0.140132222443493,1.0,-3,-3.0,False
2015,13,6,PIT,IND,0.0367185843323073,1.0,0,35.0,True
2015,13,6,WAS,DAL,0.0527959583781399,1.0,-3,-3.0,False
2015,13,10,DET,GB,-0.0869152328274568,1.0,0,-4.0,False
2015,13,10,BUF,HOU,-0.0160024107724155,1.0,0,9.0,True
2015,13,10,CHI,SF,0.2156149961317763,1.0,3,-6.0,False
2015,13,10,CLE,CIN,-0.2048276683935322,1.0,-1,-34.0,False
2015,13,10,MIA,BAL,-0.0341602349355112,1.0,1,2.0,True
2015,13,10,MIN,SEA,-0.2501689266740117,1.0,0,-31.0,False
2015,13,10,NYG,NYJ,0.0233734083202324,1.0,0,-3.0,False
2015,13,10,TB,ATL,0.0900063908884468,1.0,0,4.0,True
2015,13,10,TEN,JAX,-0.036145004146748,1.0,0,3.0,True
2015,13,10,NE,PHI,0.3094896170636274,1.0,-3,-7.0,False
2015,13,10,NO,CAR,-0.1022716717996702,1.0,-3,-3.0,False
2015,13,10,PIT,IND,0.0646182034757043,1.0,0,35.0,True
2015,13,10,WAS,DAL,0.0056120556758386,1.0,-3,-3.0,False
2015,13,20,DET,GB,-0.1429629604299994,1.0,0,-4.0,False
2015,13,20,BUF,HOU,0.0054264597757014,1.0,0,9.0,True
2015,13,20,CHI,SF,0.1982690264834052,1.0,3,-6.0,False
2015,13,20,CLE,CIN,-0.1979117942716396,1.0,-1,-34.0,False
2015,13,20,MIA,BAL,-0.0104021079506544,1.0,1,2.0,True
2015,13,20,MIN,SEA,-0.2561184768933422,1.0,0,-31.0,False
2015,13,20,NYG,NYJ,0.0436803792148879,1.0,0,-3.0,False
2015,13,20,TB,ATL,0.0653508100172077,1.0,0,4.0,True
2015,13,20,TEN,JAX,-0.0424901496304446,1.0,0,3.0,True
2015,13,20,NE,PHI,0.2950412014704486,1.0,-3,-7.0,False
2015,13,20,NO,CAR,-0.0773663017775102,1.0,-3,-3.0,False
2015,13,20,PIT,IND,0.0846810117548211,1.0,0,35.0,True
2015,13,20,WAS,DAL,-0.027297887369467,1.0,-3,-3.0,False
2015,13,50,DET,GB,-0.1757503463136159,1.0,0,-4.0,False
2015,13,50,BUF,HOU,0.0186448102091697,1.0,0,9.0,True
2015,13,50,CHI,SF,0.1861678835500203,1.0,3,-6.0,False
2015,13,50,CLE,CIN,-0.1944025962247259,1.0,-1,-34.0,False
2015,13,50,MIA,BAL,0.0028377168059167,1.0,1,2.0,True
2015,13,50,MIN,SEA,-0.2603231911676508,1.0,0,-31.0,False
2015,13,50,NYG,NYJ,0.0541777499891164,1.0,0,-3.0,False
2015,13,50,TB,ATL,0.050775660789184,1.0,0,4.0,True
2015,13,50,TEN,JAX,-0.045794679591706,1.0,0,3.0,True
2015,13,50,NE,PHI,0.288368593744114,1.0,-3,-7.0,False
2015,13,50,NO,CAR,-0.0639931557551412,1.0,-3,-3.0,False
2015,13,50,PIT,IND,0.0963189649253897,1.0,0,35.0,True
2015,13,50,WAS,DAL,-0.0459154894410505,1.0,-3,-3.0,False
2015,13,100,DET,GB,-0.1864949266626187,1.0,0,-4.0,False
2015,13,100,BUF,HOU,0.0231035004064169,1.0,0,9.0,True
2015,13,100,CHI,SF,0.1818513507703013,1.0,3,-6.0,False
2015,13,100,CLE,CIN,-0.19334683950288,1.0,-1,-34.0,False
2015,13,100,MIA,BAL,0.0070628237028888,1.0,1,2.0,True
2015,13,100,MIN,SEA,-0.2618289653146998,1.0,0,-31.0,False
2015,13,100,NYG,NYJ,0.0573915375844456,1.0,0,-3.0,False
2015,13,100,TB,ATL,0.0459704403725701,1.0,0,4.0,True
2015,13,100,TEN,JAX,-0.0467987054574761,1.0,0,3.0,True
2015,13,100,NE,PHI,0.2864859871338163,1.0,-3,-7.0,False
2015,13,100,NO,CAR,-0.059806522227281,1.0,-3,-3.0,False
2015,13,100,PIT,IND,0.1001279103184728,1.0,0,35.0,True
2015,13,100,WAS,DAL,-0.0519267002224745,1.0,-3,-3.0,False
2015,14,2,ARI,MIN,0.2688620498836305,1.0,0,3.0,True
2015,14,2,BAL,SEA,-0.5018467005440076,1.0,0,-29.0,False
2015,14,2,CAR,ATL,0.3019120250734178,1.0,0,38.0,True
2015,14,2,CHI,WAS,-0.1163852554452502,1.0,1,-3.0,False
2015,14,2,CIN,PIT,0.1469587735453664,1.0,0,-13.0,False
2015,14,2,CLE,SF,-0.1091760147539468,1.0,0,14.0,True
2015,14,2,JAX,IND,0.0895854544027038,1.0,0,35.0,True
2015,14,2,NYJ,TEN,0.1462486915419037,1.0,0,22.0,True
2015,14,2,PHI,BUF,-0.2943811961268426,1.0,0,3.0,True
2015,14,2,TB,NO,0.1856931703048563,1.0,0,-7.0,False
2015,14,2,GB,DAL,0.0229090306877977,1.0,4,21.0,True
2015,14,2,HOU,NE,0.1201653831831619,1.0,0,-21.0,False
2015,14,2,MIA,NYG,0.09653206507447,1.0,0,-7.0,False
2015,14,4,ARI,MIN,0.2082445638317735,1.0,0,3.0,True
2015,14,4,BAL,SEA,-0.4052826321771632,1.0,0,-29.0,False
2015,14,4,CAR,ATL,0.2372804120830837,1.0,0,38.0,True
2015,14,4,CHI,WAS,0.0034191761218908,1.0,1,-3.0,False
2015,14,4,CIN,PIT,0.1217117769513958,1.0,0,-13.0,False
2015,14,4,CLE,SF,-0.0208736465857635,1.0,0,14.0,True
2015,14,4,JAX,IND,0.0472845521973152,1.0,0,35.0,True
2015,14,4,NYJ,TEN,0.0934624948303342,1.0,0,22.0,True
2015,14,4,PHI,BUF,-0.2292826357568873,1.0,0,3.0,True
2015,14,4,TB,NO,0.1054903851687847,1.0,0,-7.0,False
2015,14,4,GB,DAL,0.0433821954528002,1.0,4,21.0,True
2015,14,4,HOU,NE,0.0229477379245705,1.0,0,-21.0,False
2015,14,4,MIA,NYG,0.0250194580304583,1.0,0,-7.0,False
2015,14,6,ARI,MIN,0.2070589599469378,1.0,0,3.0,True
2015,14,6,BAL,SEA,-0.371745436639896,1.0,0,-29.0,False
2015,14,6,CAR,ATL,0.2053852117490069,1.0,0,38.0,True
2015,14,6,CHI,WAS,0.0430802604123701,1.0,1,-3.0,False
2015,14,6,CIN,PIT,0.1170520845389526,1.0,0,-13.0,False
2015,14,6,CLE,SF,0.0117341242307727,1.0,0,14.0,True
2015,14,6,JAX,IND,0.0440159445985159,1.0,0,35.0,True
2015,14,6,NYJ,TEN,0.0833009233105609,1.0,0,22.0,True
2015,14,6,PHI,BUF,-0.1939214304124073,1.0,0,3.0,True
2015,14,6,TB,NO,0.0642793124868607,1.0,0,-7.0,False
2015,14,6,GB,DAL,0.0602245502995585,1.0,4,21.0,True
2015,14,6,HOU,NE,-0.030921748772173,1.0,0,-21.0,False
2015,14,6,MIA,NYG,-0.0035635052775601,1.0,0,-7.0,False
2015,14,10,ARI,MIN,0.2144366700867033,1.0,0,3.0,True
2015,14,10,BAL,SEA,-0.3451467772801033,1.0,0,-29.0,False
2015,14,10,CAR,ATL,0.1781307617661516,1.0,0,38.0,True
2015,14,10,CHI,WAS,0.069898288872891,1.0,1,-3.0,False
2015,14,10,CIN,PIT,0.1162969071292382,1.0,0,-13.0,False
2015,14,10,CLE,SF,0.0364758619889513,1.0,0,14.0,True
2015,14,10,JAX,IND,0.0456898185755042,1.0,0,35.0,True
2015,14,10,NYJ,TEN,0.0788704653415731,1.0,0,22.0,True
2015,14,10,PHI,BUF,-0.163796629607101,1.0,0,3.0,True
2015,14,10,TB,NO,0.0274933891191875,1.0,0,-7.0,False
2015,14,10,GB,DAL,0.0770579544936748,1.0,4,21.0,True
2015,14,10,HOU,NE,-0.0817639032816447,1.0,0,-21.0,False
2015,14,10,MIA,NYG,-0.0267994241337746,1.0,0,-7.0,False
2015,14,20,ARI,MIN,0.2248452751928277,1.0,0,3.0,True
2015,14,20,BAL,SEA,-0.3255629043733616,1.0,0,-29.0,False
2015,14,20,CAR,ATL,0.1576911784555261,1.0,0,38.0,True
2015,14,20,CHI,WAS,0.0856283373533863,1.0,1,-3.0,False
2015,14,20,CIN,PIT,0.1177944509055208,1.0,0,-13.0,False
2015,14,20,CLE,SF,0.0532261740944996,1.0,0,14.0,True
2015,14,20,JAX,IND,0.0492789442554698,1.0,0,35.0,True
2015,14,20,NYJ,TEN,0.0776978346077274,1.0,0,22.0,True
2015,14,20,PHI,BUF,-0.1417338713405197,1.0,0,3.0,True
2015,14,20,TB,NO,-0.0014116315650442,1.0,0,-7.0,False
2015,14,20,GB,DAL,0.0910139555698678,1.0,4,21.0,True
2015,14,20,HOU,NE,-0.123570587293873,1.0,0,-21.0,False
2015,14,20,MIA,NYG,-0.0437775325420078,1.0,0,-7.0,False
2015,14,50,ARI,MIN,0.2330012750957505,1.0,0,3.0,True
2015,14,50,BAL,SEA,-0.3140261881905127,1.0,0,-29.0,False
2015,14,50,CAR,ATL,0.1457575567738724,1.0,0,38.0,True
2015,14,50,CHI,WAS,0.0929041986180278,1.0,1,-3.0,False
2015,14,50,CIN,PIT,0.1195895657930246,1.0,0,-13.0,False
2015,14,50,CLE,SF,0.0622236051177579,1.0,0,14.0,True
2015,14,50,JAX,IND,0.0523013343444823,1.0,0,35.0,True
2015,14,50,NYJ,TEN,0.077803905208814,1.0,0,22.0,True
2015,14,50,PHI,BUF,-0.1292430184786376,1.0,0,3.0,True
2015,14,50,TB,NO,-0.0189695966840741,1.0,0,-7.0,False
2015,14,50,GB,DAL,0.099656035821478,1.0,4,21.0,True
2015,14,50,HOU,NE,-0.1497646192414587,1.0,0,-21.0,False
2015,14,50,MIA,NYG,-0.0535522396931455,1.0,0,-7.0,False
2015,14,100,ARI,MIN,0.236021227259532,1.0,0,3.0,True
2015,14,100,BAL,SEA,-0.3102219558739627,1.0,0,-29.0,False
2015,14,100,CAR,ATL,0.1418673678707135,1.0,0,38.0,True
2015,14,100,CHI,WAS,0.0949435591333938,1.0,1,-3.0,False
2015,14,100,CIN,PIT,0.1203379602026938,1.0,0,-13.0,False
2015,14,100,CLE,SF,0.0650176924963905,1.0,0,14.0,True
2015,14,100,JAX,IND,0.0534422376465725,1.0,0,35.0,True
2015,14,100,NYJ,TEN,0.077961218099757,1.0,0,22.0,True
2015,14,100,PHI,BUF,-0.1252566717434325,1.0,0,3.0,True
2015,14,100,TB,NO,-0.0248231600887753,1.0,0,-7.0,False
2015,14,100,GB,DAL,0.1025483153695693,1.0,4,21.0,True
2015,14,100,HOU,NE,-0.1586313648321642,1.0,0,-21.0,False
2015,14,100,MIA,NYG,-0.0567177227842319,1.0,0,-7.0,False
2015,15,2,DAL,NYJ,-0.3102375150727653,1.0,0,-3.0,False
2015,15,2,BAL,KC,-0.335373732488617,1.0,0,-20.0,False
2015,15,2,IND,HOU,-0.0917724531381141,1.0,0,-6.0,False
2015,15,2,JAX,ATL,0.2387297001205752,1.0,0,-6.0,False
2015,15,2,MIN,CHI,-0.1098001031901604,1.0,3,21.0,True
2015,15,2,NE,TEN,0.2799182789393332,1.0,0,17.0,True
2015,15,2,NYG,CAR,-0.254159583432095,1.0,-1,-3.0,False
2015,15,2,WAS,BUF,-0.0326314208658435,1.0,0,10.0,True
2015,15,2,SEA,CLE,0.4478386440348243,1.0,0,17.0,True
2015,15,2,PIT,DEN,0.2077291140289405,1.0,0,7.0,True
2015,15,2,SF,CIN,-0.2395481705265808,1.0,0,-10.0,False
2015,15,2,PHI,ARI,-0.3168072989717246,1.0,-3,-23.0,False
2015,15,2,NO,DET,-0.1904830476328771,1.0,0,-8.0,False
2015,15,4,DAL,NYJ,-0.1544285668083274,1.0,0,-3.0,False
2015,15,4,BAL,KC,-0.285084263988955,1.0,0,-20.0,False
2015,15,4,IND,HOU,-0.1102841401952368,1.0,0,-6.0,False
2015,15,4,JAX,ATL,0.1062661777886584,1.0,0,-6.0,False
2015,15,4,MIN,CHI,-0.1057027187950827,1.0,3,21.0,True
2015,15,4,NE,TEN,0.2581614597748933,1.0,0,17.0,True
2015,15,4,NYG,CAR,-0.2103259350073061,1.0,-1,-3.0,False
2015,15,4,WAS,BUF,-0.0566873004658995,1.0,0,10.0,True
2015,15,4,SEA,CLE,0.406749858971711,1.0,0,17.0,True
2015,15,4,PIT,DEN,0.1749963273207948,1.0,0,7.0,True
2015,15,4,SF,CIN,-0.2641542276372485,1.0,0,-10.0,False
2015,15,4,PHI,ARI,-0.2904270737960338,1.0,-3,-23.0,False
2015,15,4,NO,DET,-0.0726731990795417,1.0,0,-8.0,False
2015,15,6,DAL,NYJ,-0.1039721636404577,1.0,0,-3.0,False
2015,15,6,BAL,KC,-0.2582106342776339,1.0,0,-20.0,False
2015,15,6,IND,HOU,-0.1106270512565827,1.0,0,-6.0,False
2015,15,6,JAX,ATL,0.0617654642172056,1.0,0,-6.0,False
2015,15,6,MIN,CHI,-0.1047427774253577,1.0,3,21.0,True
2015,15,6,NE,TEN,0.2662532810656525,1.0,0,17.0,True
2015,15,6,NYG,CAR,-0.1796162886716237,1.0,-1,-3.0,False
2015,15,6,WAS,BUF,-0.0738632684354912,1.0,0,10.0,True
2015,15,6,SEA,CLE,0.3722305981357002,1.0,0,17.0,True
2015,15,6,PIT,DEN,0.1590555918666342,1.0,0,7.0,True
2015,15,6,SF,CIN,-0.2746620747839463,1.0,0,-10.0,False
2015,15,6,PHI,ARI,-0.2755008111723809,1.0,-3,-23.0,False
2015,15,6,NO,DET,-0.0116206526040419,1.0,0,-8.0,False
2015,15,10,DAL,NYJ,-0.0664621882516023,1.0,0,-3.0,False
2015,15,10,BAL,KC,-0.2320941664923946,1.0,0,-20.0,False
2015,15,10,IND,HOU,-0.1083369516606359,1.0,0,-6.0,False
2015,15,10,JAX,ATL,0.0284017727337851,1.0,0,-6.0,False
2015,15,10,MIN,CHI,-0.1040575658300184,1.0,3,21.0,True
2015,15,10,NE,TEN,0.2785993326393875,1.0,0,17.0,True
2015,15,10,NYG,CAR,-0.149988025591553,1.0,-1,-3.0,False
2015,15,10,WAS,BUF,-0.0902506268505203,1.0,0,10.0,True
2015,15,10,SEA,CLE,0.3377434167825113,1.0,0,17.0,True
2015,15,10,PIT,DEN,0.1441444584862509,1.0,0,7.0,True
2015,15,10,SF,CIN,-0.2835679977946729,1.0,0,-10.0,False
2015,15,10,PHI,ARI,-0.262733015904082,1.0,-3,-23.0,False
2015,15,10,NO,DET,0.0418582293157144,1.0,0,-8.0,False
2015,15,20,DAL,NYJ,-0.0406567401015854,1.0,0,-3.0,False
2015,15,20,BAL,KC,-0.2102742796412503,1.0,0,-20.0,False
2015,15,20,IND,HOU,-0.1052431557418643,1.0,0,-6.0,False
2015,15,20,JAX,ATL,0.0055533333310893,1.0,0,-6.0,False
2015,15,20,MIN,CHI,-0.1035622787052384,1.0,3,21.0,True
2015,15,20,NE,TEN,0.2908888455920296,1.0,0,17.0,True
2015,15,20,NYG,CAR,-0.1258688844195567,1.0,-1,-3.0,False
2015,15,20,WAS,BUF,-0.1035446745531078,1.0,0,10.0,True
2015,15,20,SEA,CLE,0.3089366247533657,1.0,0,17.0,True
2015,15,20,PIT,DEN,0.1318756818044718,1.0,0,7.0,True
2015,15,20,SF,CIN,-0.2901550572436044,1.0,0,-10.0,False
2015,15,20,PHI,ARI,-0.253488981986129,1.0,-3,-23.0,False
2015,15,20,NO,DET,0.0827088949332605,1.0,0,-8.0,False
2015,15,50,DAL,NYJ,-0.026288349255786,1.0,0,-3.0,False
2015,15,50,BAL,KC,-0.1965559112344819,1.0,0,-20.0,False
2015,15,50,IND,HOU,-0.1029231536702044,1.0,0,-6.0,False
2015,15,50,JAX,ATL,-0.0070179432544031,1.0,0,-6.0,False
2015,15,50,MIN,CHI,-0.1032695722532618,1.0,3,21.0,True
2015,15,50,NE,TEN,0.2992859464509035,1.0,0,17.0,True
2015,15,50,NYG,CAR,-0.1110467980504191,1.0,-1,-3.0,False
2015,15,50,WAS,BUF,-0.1117574433630565,1.0,0,10.0,True
2015,15,50,SEA,CLE,0.2908707993425434,1.0,0,17.0,True
2015,15,50,PIT,DEN,0.1241727948764502,1.0,0,7.0,True
2015,15,50,SF,CIN,-0.2939053902456193,1.0,0,-10.0,False
2015,15,50,PHI,ARI,-0.2483494255605491,1.0,-3,-23.0,False
2015,15,50,NO,DET,0.1068546159906589,1.0,0,-8.0,False
2015,15,100,DAL,NYJ,-0.0216963521226245,1.0,0,-3.0,False
2015,15,100,BAL,KC,-0.1919174768343611,1.0,0,-20.0,False
2015,15,100,IND,HOU,-0.1020875037184134,1.0,0,-6.0,False
2015,15,100,JAX,ATL,-0.01099739968124,1.0,0,-6.0,False
2015,15,100,MIN,CHI,-0.1031730354025047,1.0,3,21.0,True
2015,15,100,NE,TEN,0.302225568926359,1.0,0,17.0,True
2015,15,100,NYG,CAR,-0.1060963253186316,1.0,-1,-3.0,False
2015,15,100,WAS,BUF,-0.1145180356470683,1.0,0,10.0,True
2015,15,100,SEA,CLE,0.284766134839036,1.0,0,17.0,True
2015,15,100,PIT,DEN,0.1215620424728049,1.0,0,7.0,True
2015,15,100,SF,CIN,-0.2951024760101755,1.0,0,-10.0,False
2015,15,100,PHI,ARI,-0.2467303915594815,1.0,-3,-23.0,False
2015,15,100,NO,DET,0.1147745135571129,1.0,0,-8.0,False
2015,16,2,PHI,WAS,-0.4032150624419114,1.0,0,-14.0,False
2015,16,2,ATL,CAR,-0.2356819202530452,1.0,0,7.0,True
2015,16,2,BAL,PIT,-0.2996335246581453,1.0,0,3.0,True
2015,16,2,BUF,DAL,0.1473292429454934,1.0,-1,10.0,True
2015,16,2,DET,SF,0.6543704089622964,1.0,-1,15.0,True
2015,16,2,KC,CLE,0.2454375305312308,1.0,0,4.0,True
2015,16,2,MIA,IND,-0.1454394026906308,1.0,0,-6.0,False
2015,16,2,NYJ,NE,-0.0050704306311112,1.0,1,6.0,True
2015,16,2,TB,CHI,0.0921555918260299,1.0,3,-5.0,False
2015,16,2,TEN,HOU,-0.1521496887476033,1.0,0,-28.0,False
2015,16,2,NO,JAX,-0.1355594371915018,1.0,-1,11.0,True
2015,16,2,ARI,GB,0.1678617972350905,1.0,0,30.0,True
2015,16,2,MIN,NYG,0.0782300814040864,1.0,0,32.0,True
2015,16,2,DEN,CIN,-0.422131521435974,1.0,0,3.0,True
2015,16,4,PHI,WAS,-0.2729225325614939,1.0,0,-14.0,False
2015,16,4,ATL,CAR,-0.2204253745202397,1.0,0,7.0,True
2015,16,4,BAL,PIT,-0.219539711369837,1.0,0,3.0,True
2015,16,4,BUF,DAL,0.1465120920483575,1.0,-1,10.0,True
2015,16,4,DET,SF,0.4303294496392258,1.0,-1,15.0,True
2015,16,4,KC,CLE,0.2553966785236283,1.0,0,4.0,True
2015,16,4,MIA,IND,-0.0589523065909913,1.0,0,-6.0,False
2015,16,4,NYJ,NE,-0.0732177418658799,1.0,1,6.0,True
2015,16,4,TB,CHI,0.0381132677056365,1.0,3,-5.0,False
2015,16,4,TEN,HOU,-0.1356791893257352,1.0,0,-28.0,False
2015,16,4,NO,JAX,-0.0318716672646859,1.0,-1,11.0,True
2015,16,4,ARI,GB,0.1625513176966002,1.0,0,30.0,True
2015,16,4,MIN,NYG,0.0436569027925038,1.0,0,32.0,True
2015,16,4,DEN,CIN,-0.3054897111600598,1.0,0,3.0,True
2015,16,6,PHI,WAS,-0.2026160295296679,1.0,0,-14.0,False
2015,16,6,ATL,CAR,-0.2002245789329117,1.0,0,7.0,True
2015,16,6,BAL,PIT,-0.1909993644870088,1.0,0,3.0,True
2015,16,6,BUF,DAL,0.134957694809284,1.0,-1,10.0,True
2015,16,6,DET,SF,0.340026139283756,1.0,-1,15.0,True
2015,16,6,KC,CLE,0.240818358215643,1.0,0,4.0,True
2015,16,6,MIA,IND,-0.023761759561999,1.0,0,-6.0,False
2015,16,6,NYJ,NE,-0.1099791904232287,1.0,1,6.0,True
2015,16,6,TB,CHI,0.0147844973223787,1.0,3,-5.0,False
2015,16,6,TEN,HOU,-0.1263365075288997,1.0,0,-28.0,False
2015,16,6,NO,JAX,0.0064880230572705,1.0,-1,11.0,True
2015,16,6,ARI,GB,0.1523457563722019,1.0,0,30.0,True
2015,16,6,MIN,NYG,0.0205254712992519,1.0,0,32.0,True
2015,16,6,DEN,CIN,-0.2682556982909896,1.0,0,3.0,True
2015,16,10,PHI,WAS,-0.1389968915027531,1.0,0,-14.0,False
2015,16,10,ATL,CAR,-0.1789402977111844,1.0,0,7.0,True
2015,16,10,BAL,PIT,-0.1691987448795262,1.0,0,3.0,True
2015,16,10,BUF,DAL,0.1217176361398081,1.0,-1,10.0,True
2015,16,10,DET,SF,0.2647664359377245,1.0,-1,15.0,True
2015,16,10,KC,CLE,0.2195496973734479,1.0,0,4.0,True
2015,16,10,MIA,IND,0.0066023514396539,1.0,0,-6.0,False
2015,16,10,NYJ,NE,-0.1425565474454131,1.0,1,6.0,True
2015,16,10,TB,CHI,-0.0043335920170001,1.0,3,-5.0,False
2015,16,10,TEN,HOU,-0.1146376509038442,1.0,0,-28.0,False
2015,16,10,NO,JAX,0.0362382852288483,1.0,-1,11.0,True
2015,16,10,ARI,GB,0.1396771452056793,1.0,0,30.0,True
2015,16,10,MIN,NYG,-0.0040067052749819,1.0,0,32.0,True
2015,16,10,DEN,CIN,-0.2409212711589585,1.0,0,3.0,True
2015,16,20,PHI,WAS,-0.0894816744415694,1.0,0,-14.0,False
2015,16,20,ATL,CAR,-0.1609325856647017,1.0,0,7.0,True
2015,16,20,BAL,PIT,-0.1539162821240089,1.0,0,3.0,True
2015,16,20,BUF,DAL,0.1099494113219329,1.0,-1,10.0,True
2015,16,20,DET,SF,0.2081303905478352,1.0,-1,15.0,True
2015,16,20,KC,CLE,0.1982336838069473,1.0,0,4.0,True
2015,16,20,MIA,IND,0.030239993071514,1.0,0,-6.0,False
2015,16,20,NYJ,NE,-0.1677881762744897,1.0,1,6.0,True
2015,16,20,TB,CHI,-0.0181788532823749,1.0,3,-5.0,False
2015,16,20,TEN,HOU,-0.1027017489062945,1.0,0,-28.0,False
2015,16,20,NO,JAX,0.0569926531811461,1.0,-1,11.0,True
2015,16,20,ARI,GB,0.1274635181724071,1.0,0,30.0,True
2015,16,20,MIN,NYG,-0.025861236785092,1.0,0,32.0,True
2015,16,20,DEN,CIN,-0.2226068273135156,1.0,0,3.0,True
2015,16,50,PHI,WAS,-0.0600020879789229,1.0,0,-14.0,False
2015,16,50,ATL,CAR,-0.1496986023128449,1.0,0,7.0,True
2015,16,50,BAL,PIT,-0.1452878464480217,1.0,0,3.0,True
2015,16,50,BUF,DAL,0.1023698499192334,1.0,-1,10.0,True
2015,16,50,DET,SF,0.1745937251433759,1.0,-1,15.0,True
2015,16,50,KC,CLE,0.1835966102048031,1.0,0,4.0,True
2015,16,50,MIA,IND,0.0445906275488444,1.0,0,-6.0,False
2015,16,50,NYJ,NE,-0.1828912395579864,1.0,1,6.0,True
2015,16,50,TB,CHI,-0.0260343620387373,1.0,3,-5.0,False
2015,16,50,TEN,HOU,-0.0941434647258706,1.0,0,-28.0,False
2015,16,50,NO,JAX,0.0685020742313387,1.0,-1,11.0,True
2015,16,50,ARI,GB,0.1191099266771649,1.0,0,30.0,True
2015,16,50,MIN,NYG,-0.0402305650227645,1.0,0,32.0,True
2015,16,50,DEN,CIN,-0.2127348533407875,1.0,0,3.0,True
2015,16,100,PHI,WAS,-0.050318275630809,1.0,0,-14.0,False
2015,16,100,ATL,CAR,-0.1459298765552845,1.0,0,7.0,True
2015,16,100,BAL,PIT,-0.1425086112064391,1.0,0,3.0,True
2015,16,100,BUF,DAL,0.0997864504072453,1.0,-1,10.0,True
2015,16,100,DET,SF,0.1635404845569447,1.0,-1,15.0,True
2015,16,100,KC,CLE,0.1784652687768996,1.0,0,4.0,True
2015,16,100,MIA,IND,0.0493807203282888,1.0,0,-6.0,False
2015,16,100,NYJ,NE,-0.187881393075723,1.0,1,6.0,True
2015,16,100,TB,CHI,-0.0285530288853368,1.0,3,-5.0,False
2015,16,100,TEN,HOU,-0.0910585741668902,1.0,0,-28.0,False
2015,16,100,NO,JAX,0.0721536741525636,1.0,-1,11.0,True
2015,16,100,ARI,GB,0.1161729882097958,1.0,0,30.0,True
2015,16,100,MIN,NYG,-0.04520285377409,1.0,0,32.0,True
2015,16,100,DEN,CIN,-0.2096493079428546,1.0,0,3.0,True
2015,17,2,ATL,NO,-0.1544058555436563,1.0,0,-3.0,False
2015,17,2,BUF,NYJ,-0.2102793622627633,1.0,0,5.0,True
2015,17,2,CHI,DET,-0.2579296593634491,1.0,0,-4.0,False
2015,17,2,CIN,BAL,0.1608154893493285,1.0,-1,8.0,True
2015,17,2,CLE,PIT,-0.1217841244757515,1.0,0,-16.0,False
2015,17,2,DAL,WAS,-0.3779237666909085,1.0,-1,-11.0,False
2015,17,2,HOU,JAX,0.2608006020553426,1.0,0,24.0,True
2015,17,2,IND,TEN,0.242080932045369,1.0,0,6.0,True
2015,17,2,MIA,NE,-0.1850386965272319,1.0,0,10.0,True
2015,17,2,NYG,PHI,0.134487804978719,1.0,-1,-5.0,False
2015,17,2,ARI,SEA,0.1296041988397497,1.0,0,-30.0,False
2015,17,2,CAR,TB,-0.0494872066520263,1.0,0,28.0,True
2015,17,2,GB,MIN,-0.2827138057599144,1.0,0,-7.0,False
2015,17,4,ATL,NO,-0.1155430013236519,1.0,0,-3.0,False
2015,17,4,BUF,NYJ,-0.0904731411104361,1.0,0,5.0,True
2015,17,4,CHI,DET,-0.1306005919627474,1.0,0,-4.0,False
2015,17,4,CIN,BAL,0.1751646673825965,1.0,-1,8.0,True
2015,17,4,CLE,PIT,-0.1425690414136607,1.0,0,-16.0,False
2015,17,4,DAL,WAS,-0.2683598082694945,1.0,-1,-11.0,False
2015,17,4,HOU,JAX,0.1493165649953808,1.0,0,24.0,True
2015,17,4,IND,TEN,0.1341248856866494,1.0,0,6.0,True
2015,17,4,MIA,NE,-0.2090807710603317,1.0,0,10.0,True
2015,17,4,NYG,PHI,0.1144937888500709,1.0,-1,-5.0,False
2015,17,4,ARI,SEA,0.0127279937848824,1.0,0,-30.0,False
2015,17,4,CAR,TB,0.0146253907495422,1.0,0,28.0,True
2015,17,4,GB,MIN,-0.140096585355728,1.0,0,-7.0,False
2015,17,6,ATL,NO,-0.101655634814666,1.0,0,-3.0,False
2015,17,6,BUF,NYJ,-0.0470167704916658,1.0,0,5.0,True
2015,17,6,CHI,DET,-0.0655231978246441,1.0,0,-4.0,False
2015,17,6,CIN,BAL,0.1801799005524381,1.0,-1,8.0,True
2015,17,6,CLE,PIT,-0.1387871206332673,1.0,0,-16.0,False
2015,17,6,DAL,WAS,-0.2055046824690511,1.0,-1,-11.0,False
2015,17,6,HOU,JAX,0.1111402209905319,1.0,0,24.0,True
2015,17,6,IND,TEN,0.0962847236856875,1.0,0,6.0,True
2015,17,6,MIA,NE,-0.219031801412706,1.0,0,10.0,True
2015,17,6,NYG,PHI,0.1023134876281067,1.0,-1,-5.0,False
2015,17,6,ARI,SEA,-0.0060035338166875,1.0,0,-30.0,False
2015,17,6,CAR,TB,0.0403953975603524,1.0,0,28.0,True
2015,17,6,GB,MIN,-0.0776685481670483,1.0,0,-7.0,False
2015,17,10,ATL,NO,-0.0902675758358789,1.0,0,-3.0,False
2015,17,10,BUF,NYJ,-0.0146093285181001,1.0,0,5.0,True
2015,17,10,CHI,DET,-0.0091793151281473,1.0,0,-4.0,False
2015,17,10,CIN,BAL,0.1858403082773533,1.0,-1,8.0,True
2015,17,10,CLE,PIT,-0.1302296689261107,1.0,0,-16.0,False
2015,17,10,DAL,WAS,-0.1464801789264683,1.0,-1,-11.0,False
2015,17,10,HOU,JAX,0.0789781349926779,1.0,0,24.0,True
2015,17,10,IND,TEN,0.0654001559252885,1.0,0,6.0,True
2015,17,10,MIA,NE,-0.229288173733818,1.0,0,10.0,True
2015,17,10,NYG,PHI,0.09099511813912,1.0,-1,-5.0,False
2015,17,10,ARI,SEA,-0.009504897681615,1.0,0,-30.0,False
2015,17,10,CAR,TB,0.0615486054225392,1.0,0,28.0,True
2015,17,10,GB,MIN,-0.0200731321056602,1.0,0,-7.0,False
2015,17,20,ATL,NO,-0.0817397852637689,1.0,0,-3.0,False
2015,17,20,BUF,NYJ,0.0070909166444587,1.0,0,5.0,True
2015,17,20,CHI,DET,0.0328416291298591,1.0,0,-4.0,False
2015,17,20,CIN,BAL,0.1914419184147648,1.0,-1,8.0,True
2015,17,20,CLE,PIT,-0.1206163403873464,1.0,0,-16.0,False
2015,17,20,DAL,WAS,-0.098946069917143,1.0,-1,-11.0,False
2015,17,20,HOU,JAX,0.0539298633583128,1.0,0,24.0,True
2015,17,20,IND,TEN,0.0418927379439292,1.0,0,6.0,True
2015,17,20,MIA,NE,-0.2387916563534975,1.0,0,10.0,True
2015,17,20,NYG,PHI,0.0820641242889924,1.0,-1,-5.0,False
2015,17,20,ARI,SEA,-0.0050724329986949,1.0,0,-30.0,False
2015,17,20,CAR,TB,0.0773526677601355,1.0,0,28.0,True
2015,17,20,GB,MIN,0.0275641868181851,1.0,0,-7.0,False
2015,17,50,ATL,NO,-0.0767088260238618,1.0,0,-3.0,False
2015,17,50,BUF,NYJ,0.0187413849007105,1.0,0,5.0,True
2015,17,50,CHI,DET,0.0569802638946101,1.0,0,-4.0,False
2015,17,50,CIN,BAL,0.1954202365109076,1.0,-1,8.0,True
2015,17,50,CLE,PIT,-0.113679408810379,1.0,0,-16.0,False
2015,17,50,DAL,WAS,-0.0698711538694405,1.0,-1,-11.0,False
2015,17,50,HOU,JAX,0.0386416854856086,1.0,0,24.0,True
2015,17,50,IND,TEN,0.0276633477866151,1.0,0,6.0,True
2015,17,50,MIA,NE,-0.2453263499143569,1.0,0,10.0,True
2015,17,50,NYG,PHI,0.0767238607218919,1.0,-1,-5.0,False
2015,17,50,ARI,SEA,0.0003315308222714,1.0,0,-30.0,False
2015,17,50,CAR,TB,0.0867325999639663,1.0,0,28.0,True
2015,17,50,GB,MIN,0.0577482613727681,1.0,0,-7.0,False
2015,17,100,ATL,NO,-0.0750555632198549,1.0,0,-3.0,False
2015,17,100,BUF,NYJ,0.0223757090537048,1.0,0,5.0,True
2015,17,100,CHI,DET,0.0647474695995905,1.0,0,-4.0,False
2015,17,100,CIN,BAL,0.1968497487242426,1.0,-1,8.0,True
2015,17,100,CLE,PIT,-0.1111961682092043,1.0,0,-16.0,False
2015,17,100,DAL,WAS,-0.0601763689566505,1.0,-1,-11.0,False
2015,17,100,HOU,JAX,0.0335229726782874,1.0,0,24.0,True
2015,17,100,IND,TEN,0.0229020771609091,1.0,0,6.0,True
2015,17,100,MIA,NE,-0.2476456565578945,1.0,0,10.0,True
2015,17,100,NYG,PHI,0.0749694270928372,1.0,-1,-5.0,False
2015,17,100,ARI,SEA,0.0025541563034769,1.0,0,-30.0,False
2015,17,100,CAR,TB,0.0898377892399127,1.0,0,28.0,True
2015,17,100,GB,MIN,0.0680366477754966,1.0,0,-7.0,False
2016,4,2,CIN,MIA,-0.1144601046743173,1.0,0,15.0,True
2016,4,2,JAX,IND,-0.1869941248593971,0.0,0,3.0,True
2016,4,2,ATL,CAR,0.1094663270742802,1.0,-1,15.0,True
2016,4,2,CHI,DET,-0.1569751242220801,1.0,0,3.0,True
2016,4,2,HOU,TEN,0.0532108018042054,1.0,3,7.0,True
2016,4,2,NE,BUF,0.3172920787427259,1.0,3,-16.0,False
2016,4,2,NYJ,SEA,-0.0594106210187117,1.0,0,-10.0,False
2016,4,2,WAS,CLE,0.1929538930624625,1.0,0,11.0,True
2016,4,2,TB,DEN,-0.0604021204292563,1.0,0,-20.0,False
2016,4,2,ARI,LA,0.2079540803711842,1.0,0,-4.0,False
2016,4,2,SF,DAL,-0.2299070470989898,1.0,0,-7.0,False
2016,4,2,PIT,KC,-0.0386034012230724,1.0,0,29.0,True
2016,4,2,MIN,NYG,0.1697541456419992,1.0,0,14.0,True
2016,4,4,CIN,MIA,-0.1004501329811919,1.0,0,15.0,True
2016,4,4,JAX,IND,-0.1581342892099113,0.0,0,3.0,True
2016,4,4,ATL,CAR,0.0666635015503552,1.0,-1,15.0,True
2016,4,4,CHI,DET,-0.1442717293661137,1.0,0,3.0,True
2016,4,4,HOU,TEN,0.0466702919966782,1.0,3,7.0,True
2016,4,4,NE,BUF,0.3236972759381208,1.0,3,-16.0,False
2016,4,4,NYJ,SEA,-0.0068283427905186,1.0,0,-10.0,False
2016,4,4,WAS,CLE,0.1880071240246418,1.0,0,11.0,True
2016,4,4,TB,DEN,-0.0648503372409907,1.0,0,-20.0,False
2016,4,4,ARI,LA,0.2319500107073257,1.0,0,-4.0,False
2016,4,4,SF,DAL,-0.1439739370251567,1.0,0,-7.0,False
2016,4,4,PIT,KC,-0.0032861043146475,1.0,0,29.0,True
2016,4,4,MIN,NYG,0.1477551669503146,1.0,0,14.0,True
2016,4,6,CIN,MIA,-0.0963748783697673,1.0,0,15.0,True
2016,4,6,JAX,IND,-0.1477772664188992,0.0,0,3.0,True
2016,4,6,ATL,CAR,0.052332330771208,1.0,-1,15.0,True
2016,4,6,CHI,DET,-0.1400137097427541,1.0,0,3.0,True
2016,4,6,HOU,TEN,0.0437765119659734,1.0,3,7.0,True
2016,4,6,NE,BUF,0.3246467856450624,1.0,3,-16.0,False
2016,4,6,NYJ,SEA,0.0094332756752383,1.0,0,-10.0,False
2016,4,6,WAS,CLE,0.1870172135755093,1.0,0,11.0,True
2016,4,6,TB,DEN,-0.064992705561101,1.0,0,-20.0,False
2016,4,6,ARI,LA,0.2395882832634163,1.0,0,-4.0,False
2016,4,6,SF,DAL,-0.1151938950337714,1.0,0,-7.0,False
2016,4,6,PIT,KC,0.0077737572069189,1.0,0,29.0,True
2016,4,6,MIN,NYG,0.1401999747157572,1.0,0,14.0,True
2016,4,10,CIN,MIA,-0.0933562413660553,1.0,0,15.0,True
2016,4,10,JAX,IND,-0.1392537627768174,0.0,0,3.0,True
2016,4,10,ATL,CAR,0.0409000615325515,1.0,-1,15.0,True
2016,4,10,CHI,DET,-0.1366347183578998,1.0,0,3.0,True
2016,4,10,HOU,TEN,0.0412134263205662,1.0,3,7.0,True
2016,4,10,NE,BUF,0.3249851238926723,1.0,3,-16.0,False
2016,4,10,NYJ,SEA,0.0219350718725492,1.0,0,-10.0,False
2016,4,10,WAS,CLE,0.1864801748398266,1.0,0,11.0,True
2016,4,10,TB,DEN,-0.0645938430084685,1.0,0,-20.0,False
2016,4,10,ARI,LA,0.2455600935433351,1.0,0,-4.0,False
2016,4,10,SF,DAL,-0.0922100098254176,1.0,0,-7.0,False
2016,4,10,PIT,KC,0.0163261271387538,1.0,0,29.0,True
2016,4,10,MIN,NYG,0.1341036944584675,1.0,0,14.0,True
2016,4,20,CIN,MIA,-0.0912394099495401,1.0,0,15.0,True
2016,4,20,JAX,IND,-0.1327323530552237,0.0,0,3.0,True
2016,4,20,ATL,CAR,0.0323611217940289,1.0,-1,15.0,True
2016,4,20,CHI,DET,-0.1341265671226049,1.0,0,3.0,True
2016,4,20,HOU,TEN,0.0391505953487188,1.0,3,7.0,True
2016,4,20,NE,BUF,0.3249971928157319,1.0,3,-16.0,False
2016,4,20,NYJ,SEA,0.0310029878382865,1.0,0,-10.0,False
2016,4,20,WAS,CLE,0.1862299885821051,1.0,0,11.0,True
2016,4,20,TB,DEN,-0.0639900838097996,1.0,0,-20.0,False
2016,4,20,ARI,LA,0.2499568060421496,1.0,0,-4.0,False
2016,4,20,SF,DAL,-0.0750213247902834,1.0,0,-7.0,False
2016,4,20,PIT,KC,0.0225581464110793,1.0,0,29.0,True
2016,4,20,MIN,NYG,0.1295095615594085,1.0,0,14.0,True
2016,4,50,CIN,MIA,-0.0900314236797914,1.0,0,15.0,True
2016,4,50,JAX,IND,-0.1287698188174666,0.0,0,3.0,True
2016,4,50,ATL,CAR,0.027257099291514,1.0,-1,15.0,True
2016,4,50,CHI,DET,-0.1326353530863722,1.0,0,3.0,True
2016,4,50,HOU,TEN,0.0378565830678524,1.0,3,7.0,True
2016,4,50,NE,BUF,0.3249065724917229,1.0,3,-16.0,False
2016,4,50,NYJ,SEA,0.0363135559181002,1.0,0,-10.0,False
2016,4,50,WAS,CLE,0.1861436233504152,1.0,0,11.0,True
2016,4,50,TB,DEN,-0.0635014058481944,1.0,0,-20.0,False
2016,4,50,ARI,LA,0.2525608934104119,1.0,0,-4.0,False
2016,4,50,SF,DAL,-0.0647360593360989,1.0,0,-7.0,False
2016,4,50,PIT,KC,0.0262196554799882,1.0,0,29.0,True
2016,4,50,MIN,NYG,0.1267466474554187,1.0,0,14.0,True
2016,4,100,CIN,MIA,-0.0896392521950097,1.0,0,15.0,True
2016,4,100,JAX,IND,-0.1274410484735795,0.0,0,3.0,True
2016,4,100,ATL,CAR,0.0255594704783991,1.0,-1,15.0,True
2016,4,100,CHI,DET,-0.1321408533060864,1.0,0,3.0,True
2016,4,100,HOU,TEN,0.0374160291178105,1.0,3,7.0,True
2016,4,100,NE,BUF,0.3248602396958882,1.0,3,-16.0,False
2016,4,100,NYJ,SEA,0.0380617450056159,1.0,0,-10.0,False
2016,4,100,WAS,CLE,0.1861255426043654,1.0,0,11.0,True
2016,4,100,TB,DEN,-0.0633173713410927,1.0,0,-20.0,False
2016,4,100,ARI,LA,0.2534232650312145,1.0,0,-4.0,False
2016,4,100,SF,DAL,-0.061313072611672,1.0,0,-7.0,False
2016,4,100,PIT,KC,0.0274269494273516,1.0,0,29.0,True
2016,4,100,MIN,NYG,0.125824868805625,1.0,0,14.0,True
2016,5,2,SF,ARI,-0.1535150483784004,1.0,0,-12.0,False
2016,5,2,BAL,WAS,-0.2092781509443451,1.0,0,-6.0,False
2016,5,2,CLE,NE,-0.1638824404684112,1.0,0,-20.0,False
2016,5,2,DET,PHI,-0.2603966001164043,1.0,-7,1.0,True
2016,5,2,IND,CHI,-0.1499689307698095,1.0,0,6.0,True
2016,5,2,MIA,TEN,-0.0126044395402607,1.0,3,-13.0,False
2016,5,2,MIN,HOU,0.076139296570187,1.0,-1,18.0,True
2016,5,2,PIT,NYJ,0.3331360201234908,1.0,0,18.0,True
2016,5,2,DEN,ATL,-0.2591250608007195,1.0,0,-7.0,False
2016,5,2,DAL,CIN,0.1359170163145485,1.0,-3,14.0,True
2016,5,2,LA,BUF,-0.197818087108646,1.0,0,-11.0,False
2016,5,2,GB,NYG,0.0652988522294288,1.0,8,7.0,True
2016,5,2,CAR,TB,-0.0957441309420819,1.0,0,-3.0,False
2016,5,4,SF,ARI,-0.1472500735036087,1.0,0,-12.0,False
2016,5,4,BAL,WAS,-0.2064368821596424,1.0,0,-6.0,False
2016,5,4,CLE,NE,-0.2118663739895083,1.0,0,-20.0,False
2016,5,4,DET,PHI,-0.2134255525850851,1.0,-7,1.0,True
2016,5,4,IND,CHI,-0.1170441184539936,1.0,0,6.0,True
2016,5,4,MIA,TEN,-0.0056975076902018,1.0,3,-13.0,False
2016,5,4,MIN,HOU,0.0766835533157433,1.0,-1,18.0,True
2016,5,4,PIT,NYJ,0.2140359179510778,1.0,0,18.0,True
2016,5,4,DEN,ATL,-0.2341019399121031,1.0,0,-7.0,False
2016,5,4,DAL,CIN,0.1350268382594406,1.0,-3,14.0,True
2016,5,4,LA,BUF,-0.1747935663629646,1.0,0,-11.0,False
2016,5,4,GB,NYG,0.060894278194803,1.0,8,7.0,True
2016,5,4,CAR,TB,-0.0216274412200894,1.0,0,-3.0,False
2016,5,6,SF,ARI,-0.142458399523428,1.0,0,-12.0,False
2016,5,6,BAL,WAS,-0.2061449878005706,1.0,0,-6.0,False
2016,5,6,CLE,NE,-0.2258372383394405,1.0,0,-20.0,False
2016,5,6,DET,PHI,-0.197518983437656,1.0,-7,1.0,True
2016,5,6,IND,CHI,-0.1091464247188636,1.0,0,6.0,True
2016,5,6,MIA,TEN,-0.0040477214322971,1.0,3,-13.0,False
2016,5,6,MIN,HOU,0.0758012752015595,1.0,-1,18.0,True
2016,5,6,PIT,NYJ,0.1758256232711949,1.0,0,18.0,True
2016,5,6,DEN,ATL,-0.2258450569123357,1.0,0,-7.0,False
2016,5,6,DAL,CIN,0.1335206647050593,1.0,-3,14.0,True
2016,5,6,LA,BUF,-0.1680249564989033,1.0,0,-11.0,False
2016,5,6,GB,NYG,0.0592807185616118,1.0,8,7.0,True
2016,5,6,CAR,TB,0.0022733204927734,1.0,0,-3.0,False
2016,5,10,SF,ARI,-0.1375443631765648,1.0,0,-12.0,False
2016,5,10,BAL,WAS,-0.2061261198185911,1.0,0,-6.0,False
2016,5,10,CLE,NE,-0.2361900482785542,1.0,0,-20.0,False
2016,5,10,DET,PHI,-0.1848240664823088,1.0,-7,1.0,True
2016,5,10,IND,CHI,-0.104022479728469,1.0,0,6.0,True
2016,5,10,MIA,TEN,-0.0029223167610791,1.0,3,-13.0,False
2016,5,10,MIN,HOU,0.074742599596937,1.0,-1,18.0,True
2016,5,10,PIT,NYJ,0.1459580828806001,1.0,0,18.0,True
2016,5,10,DEN,ATL,-0.2192949309070445,1.0,0,-7.0,False
2016,5,10,DAL,CIN,0.1319426283845688,1.0,-3,14.0,True
2016,5,10,LA,BUF,-0.1630404557966898,1.0,0,-11.0,False
2016,5,10,GB,NYG,0.0579382457372802,1.0,8,7.0,True
2016,5,10,CAR,TB,0.0208610476853444,1.0,0,-3.0,False
2016,5,20,SF,ARI,-0.1332078971320482,1.0,0,-12.0,False
2016,5,20,BAL,WAS,-0.206228451323852,1.0,0,-6.0,False
2016,5,20,CLE,NE,-0.2434569898477101,1.0,0,-20.0,False
2016,5,20,DET,PHI,-0.1753558678627501,1.0,-7,1.0,True
2016,5,20,IND,CHI,-0.1008888839355632,1.0,0,6.0,True
2016,5,20,MIA,TEN,-0.0021781370885277,1.0,3,-13.0,False
2016,5,20,MIN,HOU,0.0737563287961955,1.0,-1,18.0,True
2016,5,20,PIT,NYJ,0.1240109755431213,1.0,0,18.0,True
2016,5,20,DEN,ATL,-0.2144216623983312,1.0,0,-7.0,False
2016,5,20,DAL,CIN,0.1305636197575256,1.0,-3,14.0,True
2016,5,20,LA,BUF,-0.1595808542981865,1.0,0,-11.0,False
2016,5,20,GB,NYG,0.056902998114068,1.0,8,7.0,True
2016,5,20,CAR,TB,0.0344231320632252,1.0,0,-3.0,False
2016,5,50,SF,ARI,-0.130333972659807,1.0,0,-12.0,False
2016,5,50,BAL,WAS,-0.2063347976996363,1.0,0,-6.0,False
2016,5,50,CLE,NE,-0.2476090632367486,1.0,0,-20.0,False
2016,5,50,DET,PHI,-0.1697071762691998,1.0,-7,1.0,True
2016,5,50,IND,CHI,-0.0993023286528477,1.0,0,6.0,True
2016,5,50,MIA,TEN,-0.0017684665490002,1.0,3,-13.0,False
2016,5,50,MIN,HOU,0.0730902019834512,1.0,-1,18.0,True
2016,5,50,PIT,NYJ,0.1110420837633044,1.0,0,18.0,True
2016,5,50,DEN,ATL,-0.2115159380457313,1.0,0,-7.0,False
2016,5,50,DAL,CIN,0.1296629097448676,1.0,-3,14.0,True
2016,5,50,LA,BUF,-0.157627575678554,1.0,0,-11.0,False
2016,5,50,GB,NYG,0.0562709067846672,1.0,8,7.0,True
2016,5,50,CAR,TB,0.0423850432751567,1.0,0,-3.0,False
2016,5,100,SF,ARI,-0.1293303685126117,1.0,0,-12.0,False
2016,5,100,BAL,WAS,-0.2063774116506926,1.0,0,-6.0,False
2016,5,100,CLE,NE,-0.2489581926063059,1.0,0,-20.0,False
2016,5,100,DET,PHI,-0.1678306925450514,1.0,-7,1.0,True
2016,5,100,IND,CHI,-0.0988224410065163,1.0,0,6.0,True
2016,5,100,MIA,TEN,-0.0016376061624736,1.0,3,-13.0,False
2016,5,100,MIN,HOU,0.0728562906170983,1.0,-1,18.0,True
2016,5,100,PIT,NYJ,0.1067535936486592,1.0,0,18.0,True
2016,5,100,DEN,ATL,-0.2105506083005689,1.0,0,-7.0,False
2016,5,100,DAL,CIN,0.1293512073784878,1.0,-3,14.0,True
2016,5,100,LA,BUF,-0.1569976475398629,1.0,0,-11.0,False
2016,5,100,GB,NYG,0.0560584758079509,1.0,8,7.0,True
2016,5,100,CAR,TB,0.0450078752126516,1.0,0,-3.0,False
2016,6,2,BUF,SF,0.3212524146188885,1.0,-3,29.0,True
2016,6,2,CHI,JAX,0.2065479220821993,1.0,-7,-1.0,False
2016,6,2,DET,LA,-0.0302178928174145,1.0,0,3.0,True
2016,6,2,MIA,PIT,-0.4311963696724176,1.0,0,15.0,True
2016,6,2,NE,CIN,0.3305599342415801,1.0,0,18.0,True
2016,6,2,NO,CAR,-0.0087197514735557,1.0,8,3.0,True
2016,6,2,NYG,BAL,0.151963080807205,1.0,0,4.0,True
2016,6,2,TEN,CLE,0.2063380927977601,1.0,0,2.0,True
2016,6,2,WAS,PHI,0.1876352199770809,1.0,0,7.0,True
2016,6,2,GB,DAL,-0.2126180989682169,1.0,0,-14.0,False
2016,6,2,SEA,ATL,-0.2210608651345408,1.0,7,2.0,True
2016,6,2,HOU,IND,0.0588564918562507,1.0,0,3.0,True
2016,6,2,ARI,NYJ,0.189362487529019,1.0,3,25.0,True
2016,6,4,BUF,SF,0.2527526511118133,1.0,-3,29.0,True
2016,6,4,CHI,JAX,0.2203946312498178,1.0,-7,-1.0,False
2016,6,4,DET,LA,0.0028489113857197,1.0,0,3.0,True
2016,6,4,MIA,PIT,-0.342652695171555,1.0,0,15.0,True
2016,6,4,NE,CIN,0.3275622407110642,1.0,0,18.0,True
2016,6,4,NO,CAR,-0.0152706267198069,1.0,8,3.0,True
2016,6,4,NYG,BAL,0.1128962616189724,1.0,0,4.0,True
2016,6,4,TEN,CLE,0.1267524995561034,1.0,0,2.0,True
2016,6,4,WAS,PHI,0.1568462177048538,1.0,0,7.0,True
2016,6,4,GB,DAL,-0.1689565524507865,1.0,0,-14.0,False
2016,6,4,SEA,ATL,-0.2165480739806135,1.0,7,2.0,True
2016,6,4,HOU,IND,0.0558172067902749,1.0,0,3.0,True
2016,6,4,ARI,NYJ,0.1345163088184022,1.0,3,25.0,True
2016,6,6,BUF,SF,0.2253062471288933,1.0,-3,29.0,True
2016,6,6,CHI,JAX,0.2239366959388141,1.0,-7,-1.0,False
2016,6,6,DET,LA,0.0179927449043161,1.0,0,3.0,True
2016,6,6,MIA,PIT,-0.3125951172086361,1.0,0,15.0,True
2016,6,6,NE,CIN,0.330367219030426,1.0,0,18.0,True
2016,6,6,NO,CAR,-0.0205073208370652,1.0,8,3.0,True
2016,6,6,NYG,BAL,0.1004439790820928,1.0,0,4.0,True
2016,6,6,TEN,CLE,0.1028310208677731,1.0,0,2.0,True
2016,6,6,WAS,PHI,0.1474659632568464,1.0,0,7.0,True
2016,6,6,GB,DAL,-0.153067165874915,1.0,0,-14.0,False
2016,6,6,SEA,ATL,-0.2129266084428183,1.0,7,2.0,True
2016,6,6,HOU,IND,0.0564381100084107,1.0,0,3.0,True
2016,6,6,ARI,NYJ,0.1141689981651759,1.0,3,25.0,True
2016,6,10,BUF,SF,0.2018310064645585,1.0,-3,29.0,True
2016,6,10,CHI,JAX,0.2264058637102107,1.0,-7,-1.0,False
2016,6,10,DET,LA,0.0315194963475483,1.0,0,3.0,True
2016,6,10,MIA,PIT,-0.2886476085348795,1.0,0,15.0,True
2016,6,10,NE,CIN,0.3337476728857502,1.0,0,18.0,True
2016,6,10,NO,CAR,-0.0257321996357803,1.0,8,3.0,True
2016,6,10,NYG,BAL,0.0908470411671056,1.0,0,4.0,True
2016,6,10,TEN,CLE,0.0848649847645995,1.0,0,2.0,True
2016,6,10,WAS,PHI,0.1403746761461795,1.0,0,7.0,True
2016,6,10,GB,DAL,-0.1400196576506474,1.0,0,-14.0,False
2016,6,10,SEA,ATL,-0.2092698531163193,1.0,7,2.0,True
2016,6,10,HOU,IND,0.0576099468121473,1.0,0,3.0,True
2016,6,10,ARI,NYJ,0.0973129498420952,1.0,3,25.0,True
2016,6,20,BUF,SF,0.1834069552932956,1.0,-3,29.0,True
2016,6,20,CHI,JAX,0.228056504985967,1.0,-7,-1.0,False
2016,6,20,DET,LA,0.0424451798240157,1.0,0,3.0,True
2016,6,20,MIA,PIT,-0.2708286651871077,1.0,0,15.0,True
2016,6,20,NE,CIN,0.3368569338574642,1.0,0,18.0,True
2016,6,20,NO,CAR,-0.0302129179881286,1.0,8,3.0,True
2016,6,20,NYG,BAL,0.0839031217861212,1.0,0,4.0,True
2016,6,20,TEN,CLE,0.0721299493519993,1.0,0,2.0,True
2016,6,20,WAS,PHI,0.1353185604161781,1.0,0,7.0,True
2016,6,20,GB,DAL,-0.1300913559488791,1.0,0,-14.0,False
2016,6,20,SEA,ATL,-0.2060956186097227,1.0,7,2.0,True
2016,6,20,HOU,IND,0.0588952574969597,1.0,0,3.0,True
2016,6,20,ARI,NYJ,0.0843955357608172,1.0,3,25.0,True
2016,6,50,BUF,SF,0.1720403638803135,1.0,-3,29.0,True
2016,6,50,CHI,JAX,0.2289680856074489,1.0,-7,-1.0,False
2016,6,50,DET,LA,0.0493057180997813,1.0,0,3.0,True
2016,6,50,MIA,PIT,-0.2602198404324649,1.0,0,15.0,True
2016,6,50,NE,CIN,0.3389295994436647,1.0,0,18.0,True
2016,6,50,NO,CAR,-0.0331166121000241,1.0,8,3.0,True
2016,6,50,NYG,BAL,0.0798521852877779,1.0,0,4.0,True
2016,6,50,TEN,CLE,0.0648078190402678,1.0,0,2.0,True
2016,6,50,WAS,PHI,0.1323981173001449,1.0,0,7.0,True
2016,6,50,GB,DAL,-0.1240927513216683,1.0,0,-14.0,False
2016,6,50,SEA,ATL,-0.2040184512122462,1.0,7,2.0,True
2016,6,50,HOU,IND,0.0598352174060926,1.0,0,3.0,True
2016,6,50,ARI,NYJ,0.0765520707281681,1.0,3,25.0,True
2016,6,100,BUF,SF,0.168202190417293,1.0,-3,29.0,True
2016,6,100,CHI,JAX,0.2292592489981277,1.0,-7,-1.0,False
2016,6,100,DET,LA,0.0516415792708678,1.0,0,3.0,True
2016,6,100,MIA,PIT,-0.2566996925070226,1.0,0,15.0,True
2016,6,100,NE,CIN,0.3396519328585127,1.0,0,18.0,True
2016,6,100,NO,CAR,-0.0341185432833618,1.0,8,3.0,True
2016,6,100,NYG,BAL,0.0785221263861398,1.0,0,4.0,True
2016,6,100,TEN,CLE,0.0624215751217315,1.0,0,2.0,True
2016,6,100,WAS,PHI,0.1314439599924031,1.0,0,7.0,True
2016,6,100,GB,DAL,-0.122088065499722,1.0,0,-14.0,False
2016,6,100,SEA,ATL,-0.2032978986973176,1.0,7,2.0,True
2016,6,100,HOU,IND,0.0601766641600264,1.0,0,3.0,True
2016,6,100,ARI,NYJ,0.0739242420061809,1.0,3,25.0,True
2016,7,2,GB,CHI,-0.2124142076733157,1.0,0,16.0,True
2016,7,2,LA,NYG,-0.1230358728095206,0.0,0,-7.0,False
2016,7,2,CIN,CLE,0.1202895278051919,1.0,0,14.0,True
2016,7,2,DET,WAS,-0.2682876199065206,1.0,0,3.0,True
2016,7,2,KC,NO,-0.1183435410597084,1.0,0,6.0,True
2016,7,2,MIA,BUF,-0.1567019074336312,1.0,0,3.0,True
2016,7,2,NYJ,BAL,0.0934868668679504,1.0,-1,8.0,True
2016,7,2,PHI,MIN,-0.2490360495654652,1.0,-7,11.0,True
2016,7,2,TEN,IND,0.2039188594434157,1.0,0,-8.0,False
2016,7,2,SF,TB,0.0822492780349289,1.0,-6,-17.0,False
2016,7,2,PIT,NE,-0.1955538113765797,1.0,0,-11.0,False
2016,7,2,ARI,SEA,-0.1123468620160773,1.0,-1,0.0,False
2016,7,2,DEN,HOU,-0.1303378628907566,1.0,3,18.0,True
2016,7,4,GB,CHI,-0.1384904876980324,1.0,0,16.0,True
2016,7,4,LA,NYG,-0.100483142745103,0.0,0,-7.0,False
2016,7,4,CIN,CLE,0.0785445860251926,1.0,0,14.0,True
2016,7,4,DET,WAS,-0.2376188291076991,1.0,0,3.0,True
2016,7,4,KC,NO,-0.1342758288107406,1.0,0,6.0,True
2016,7,4,MIA,BUF,-0.171164204801994,1.0,0,3.0,True
2016,7,4,NYJ,BAL,0.0822818140290708,1.0,-1,8.0,True
2016,7,4,PHI,MIN,-0.1842599778473477,1.0,-7,11.0,True
2016,7,4,TEN,IND,0.1365727716956608,1.0,0,-8.0,False
2016,7,4,SF,TB,0.0503594467875701,1.0,-6,-17.0,False
2016,7,4,PIT,NE,-0.190357480125391,1.0,0,-11.0,False
2016,7,4,ARI,SEA,-0.0852140852203299,1.0,-1,0.0,False
2016,7,4,DEN,HOU,-0.1209265469016513,1.0,3,18.0,True
2016,7,6,GB,CHI,-0.1121880756485711,1.0,0,16.0,True
2016,7,6,LA,NYG,-0.0961701574695159,0.0,0,-7.0,False
2016,7,6,CIN,CLE,0.0639351600242423,1.0,0,14.0,True
2016,7,6,DET,WAS,-0.2245273708013421,1.0,0,3.0,True
2016,7,6,KC,NO,-0.1395017745811061,1.0,0,6.0,True
2016,7,6,MIA,BUF,-0.1697936423350493,1.0,0,3.0,True
2016,7,6,NYJ,BAL,0.0811035727057825,1.0,-1,8.0,True
2016,7,6,PHI,MIN,-0.1614919315241006,1.0,-7,11.0,True
2016,7,6,TEN,IND,0.1152186816521255,1.0,0,-8.0,False
2016,7,6,SF,TB,0.0421587311617848,1.0,-6,-17.0,False
2016,7,6,PIT,NE,-0.1928032596536158,1.0,0,-11.0,False
2016,7,6,ARI,SEA,-0.0729316476966397,1.0,-1,0.0,False
2016,7,6,DEN,HOU,-0.1195424848504955,1.0,3,18.0,True
2016,7,10,GB,CHI,-0.0909552049016803,1.0,0,16.0,True
2016,7,10,LA,NYG,-0.0941177136713775,0.0,0,-7.0,False
2016,7,10,CIN,CLE,0.0521223308994337,1.0,0,14.0,True
2016,7,10,DET,WAS,-0.2131139425401901,1.0,0,3.0,True
2016,7,10,KC,NO,-0.1436236845488752,1.0,0,6.0,True
2016,7,10,MIA,BUF,-0.1664522511936771,1.0,0,3.0,True
2016,7,10,NYJ,BAL,0.0811818094083487,1.0,-1,8.0,True
2016,7,10,PHI,MIN,-0.1432227465006049,1.0,-7,11.0,True
2016,7,10,TEN,IND,0.0990477509266591,1.0,0,-8.0,False
2016,7,10,SF,TB,0.0367222338094975,1.0,-6,-17.0,False
2016,7,10,PIT,NE,-0.1961679573703628,1.0,0,-11.0,False
2016,7,10,ARI,SEA,-0.0622570570426195,1.0,-1,0.0,False
2016,7,10,DEN,HOU,-0.1192732088072849,1.0,3,18.0,True
2016,7,20,GB,CHI,-0.0750565619722627,1.0,0,16.0,True
2016,7,20,LA,NYG,-0.0934443033128883,0.0,0,-7.0,False
2016,7,20,CIN,CLE,0.04324266922822,1.0,0,14.0,True
2016,7,20,DET,WAS,-0.2040594107976508,1.0,0,3.0,True
2016,7,20,KC,NO,-0.1466881554723037,1.0,0,6.0,True
2016,7,20,MIA,BUF,-0.1626820184506806,1.0,0,3.0,True
2016,7,20,NYJ,BAL,0.081838177281048,1.0,-1,8.0,True
2016,7,20,PHI,MIN,-0.1296111098643238,1.0,-7,11.0,True
2016,7,20,TEN,IND,0.0875918221412729,1.0,0,-8.0,False
2016,7,20,SF,TB,0.0333593733630429,1.0,-6,-17.0,False
2016,7,20,PIT,NE,-0.1994380487299271,1.0,0,-11.0,False
2016,7,20,ARI,SEA,-0.0538842164214149,1.0,-1,0.0,False
2016,7,20,DEN,HOU,-0.1196001401198357,1.0,3,18.0,True
2016,7,50,GB,CHI,-0.065570501434963,1.0,0,16.0,True
2016,7,50,LA,NYG,-0.0934074640779286,0.0,0,-7.0,False
2016,7,50,CIN,CLE,0.037924941306162,1.0,0,14.0,True
2016,7,50,DET,WAS,-0.1984434039357918,1.0,0,3.0,True
2016,7,50,KC,NO,-0.1485198847198802,1.0,0,6.0,True
2016,7,50,MIA,BUF,-0.1599211576243513,1.0,0,3.0,True
2016,7,50,NYJ,BAL,0.0824738054220867,1.0,-1,8.0,True
2016,7,50,PHI,MIN,-0.1215184277705415,1.0,-7,11.0,True
2016,7,50,TEN,IND,0.0810333563330696,1.0,0,-8.0,False
2016,7,50,SF,TB,0.0316499882534682,1.0,-6,-17.0,False
2016,7,50,PIT,NE,-0.2016782332997435,1.0,0,-11.0,False
2016,7,50,ARI,SEA,-0.0487512626646832,1.0,-1,0.0,False
2016,7,50,DEN,HOU,-0.1200218627811246,1.0,3,18.0,True
2016,7,100,GB,CHI,-0.0624216644203298,1.0,0,16.0,True
2016,7,100,LA,NYG,-0.0934571791395167,0.0,0,-7.0,False
2016,7,100,CIN,CLE,0.0361560525004263,1.0,0,14.0,True
2016,7,100,DET,WAS,-0.1965431537223076,1.0,0,3.0,True
2016,7,100,KC,NO,-0.1491298257719328,1.0,0,6.0,True
2016,7,100,MIA,BUF,-0.158920448074668,1.0,0,3.0,True
2016,7,100,NYJ,BAL,0.0827252278045711,1.0,-1,8.0,True
2016,7,100,PHI,MIN,-0.1188369942452852,1.0,-7,11.0,True
2016,7,100,TEN,IND,0.0789033280143404,1.0,0,-8.0,False
2016,7,100,SF,TB,0.0311327772478547,1.0,-6,-17.0,False
2016,7,100,PIT,NE,-0.2024679575847609,1.0,0,-11.0,False
2016,7,100,ARI,SEA,-0.0470264466281238,1.0,-1,0.0,False
2016,7,100,DEN,HOU,-0.1202005378184843,1.0,3,18.0,True
2016,8,2,TEN,JAX,0.101148778165746,1.0,0,14.0,True
2016,8,2,CIN,WAS,-0.0116036545179687,0.0,0,0.0,False
2016,8,2,BUF,NE,-0.1986866992975648,1.0,0,-16.0,False
2016,8,2,CAR,ARI,-0.14574964545518,1.0,7,10.0,True
2016,8,2,CLE,NYJ,-0.4544840912426721,1.0,0,-3.0,False
2016,8,2,HOU,DET,-0.1671675548970201,1.0,-1,7.0,True
2016,8,2,IND,KC,0.1298890458484274,1.0,0,-16.0,False
2016,8,2,NO,SEA,0.1298131268226615,1.0,0,5.0,True
2016,8,2,ATL,GB,0.249229989708794,1.0,-3,1.0,True
2016,8,2,DAL,PHI,0.3553368597887288,1.0,7,6.0,True
2016,8,2,CHI,MIN,0.1399839450144562,1.0,3,10.0,True
2016,8,4,TEN,JAX,0.1315847865942664,1.0,0,14.0,True
2016,8,4,CIN,WAS,-0.0812053481445762,0.0,0,0.0,False
2016,8,4,BUF,NE,-0.1648366965484341,1.0,0,-16.0,False
2016,8,4,CAR,ARI,-0.0873081349703145,1.0,7,10.0,True
2016,8,4,CLE,NYJ,-0.2621672652015169,1.0,0,-3.0,False
2016,8,4,HOU,DET,-0.1055314908697252,1.0,-1,7.0,True
2016,8,4,IND,KC,0.0755280243710432,1.0,0,-16.0,False
2016,8,4,NO,SEA,0.0846092560659942,1.0,0,5.0,True
2016,8,4,ATL,GB,0.2315113633912301,1.0,-3,1.0,True
2016,8,4,DAL,PHI,0.2960151291412152,1.0,7,6.0,True
2016,8,4,CHI,MIN,0.0889661044408765,1.0,3,10.0,True
2016,8,6,TEN,JAX,0.1413520768735129,1.0,0,14.0,True
2016,8,6,CIN,WAS,-0.1001650794753042,0.0,0,0.0,False
2016,8,6,BUF,NE,-0.1598115127238477,1.0,0,-16.0,False
2016,8,6,CAR,ARI,-0.0653895017221799,1.0,7,10.0,True
2016,8,6,CLE,NYJ,-0.2024440871152995,1.0,0,-3.0,False
2016,8,6,HOU,DET,-0.087395612620213,1.0,-1,7.0,True
2016,8,6,IND,KC,0.0597904787302392,1.0,0,-16.0,False
2016,8,6,NO,SEA,0.0715018291249458,1.0,0,5.0,True
2016,8,6,ATL,GB,0.2210284224635061,1.0,-3,1.0,True
2016,8,6,DAL,PHI,0.2722020228914295,1.0,7,6.0,True
2016,8,6,CHI,MIN,0.0706865909317879,1.0,3,10.0,True
2016,8,10,TEN,JAX,0.1490754696767424,1.0,0,14.0,True
2016,8,10,CIN,WAS,-0.1136943173080645,0.0,0,0.0,False
2016,8,10,BUF,NE,-0.1584644533376943,1.0,0,-16.0,False
2016,8,10,CAR,ARI,-0.0471304139105735,1.0,7,10.0,True
2016,8,10,CLE,NYJ,-0.1577290261977329,1.0,0,-3.0,False
2016,8,10,HOU,DET,-0.0742869744626375,1.0,-1,7.0,True
2016,8,10,IND,KC,0.0483065961511487,1.0,0,-16.0,False
2016,8,10,NO,SEA,0.0623335122785611,1.0,0,5.0,True
2016,8,10,ATL,GB,0.2108270744650346,1.0,-3,1.0,True
2016,8,10,DAL,PHI,0.2520557911956795,1.0,7,6.0,True
2016,8,10,CHI,MIN,0.0560302693137427,1.0,3,10.0,True
2016,8,20,TEN,JAX,0.1548297706529513,1.0,0,14.0,True
2016,8,20,CIN,WAS,-0.122897292281442,0.0,0,0.0,False
2016,8,20,BUF,NE,-0.1590533620734827,1.0,0,-16.0,False
2016,8,20,CAR,ARI,-0.0330823308675852,1.0,7,10.0,True
2016,8,20,CLE,NYJ,-0.1263679061216688,1.0,0,-3.0,False
2016,8,20,HOU,DET,-0.0654015828490786,1.0,-1,7.0,True
2016,8,20,IND,KC,0.0403866624015936,1.0,0,-16.0,False
2016,8,20,NO,SEA,0.0563592271437541,1.0,0,5.0,True
2016,8,20,ATL,GB,0.2021213257538943,1.0,-3,1.0,True
2016,8,20,DAL,PHI,0.236449054159374,1.0,7,6.0,True
2016,8,20,CHI,MIN,0.0451407378158791,1.0,3,10.0,True
2016,8,50,TEN,JAX,0.1582702860107304,1.0,0,14.0,True
2016,8,50,CIN,WAS,-0.1280406270352037,0.0,0,0.0,False
2016,8,50,BUF,NE,-0.1600605860851685,1.0,0,-16.0,False
2016,8,50,CAR,ARI,-0.02453173723824,1.0,7,10.0,True
2016,8,50,CLE,NYJ,-0.1085474602057329,1.0,0,-3.0,False
2016,8,50,HOU,DET,-0.0604916486119688,1.0,-1,7.0,True
2016,8,50,IND,KC,0.0359287792385399,1.0,0,-16.0,False
2016,8,50,NO,SEA,0.0531750596008484,1.0,0,5.0,True
2016,8,50,ATL,GB,0.1964749510103621,1.0,-3,1.0,True
2016,8,50,DAL,PHI,0.2269277539248942,1.0,7,6.0,True
2016,8,50,CHI,MIN,0.0386838706963779,1.0,3,10.0,True
2016,8,100,TEN,JAX,0.1594154073293386,1.0,0,14.0,True
2016,8,100,CIN,WAS,-0.1296933999914205,0.0,0,0.0,False
2016,8,100,BUF,NE,-0.1605037231384666,1.0,0,-16.0,False
2016,8,100,CAR,ARI,-0.0216638618126707,1.0,7,10.0,True
2016,8,100,CLE,NYJ,-0.1027823409879236,1.0,0,-3.0,False
2016,8,100,HOU,DET,-0.0589279313673926,1.0,-1,7.0,True
2016,8,100,IND,KC,0.0344923324682583,1.0,0,-16.0,False
2016,8,100,NO,SEA,0.0521825667817833,1.0,0,5.0,True
2016,8,100,ATL,GB,0.1945241594042223,1.0,-3,1.0,True
2016,8,100,DAL,PHI,0.2237328420321022,1.0,7,6.0,True
2016,8,100,CHI,MIN,0.0365477361448428,1.0,3,10.0,True
2016,9,2,TB,ATL,-0.273252566877564,1.0,0,-15.0,False
2016,9,2,BAL,PIT,-0.2785712683981078,1.0,0,7.0,True
2016,9,2,CLE,DAL,-0.4146498696485772,1.0,0,-25.0,False
2016,9,2,KC,JAX,0.3186870960897655,1.0,-3,5.0,True
2016,9,2,MIA,NYJ,-0.0504108110463784,1.0,7,4.0,True
2016,9,2,MIN,DET,-0.3243633617016952,1.0,-1,-6.0,False
2016,9,2,NYG,PHI,0.1138538442445533,1.0,7,5.0,True
2016,9,2,LA,CAR,-0.3228506801976561,1.0,7,-3.0,False
2016,9,2,SF,NO,-0.3728670508483521,1.0,7,-18.0,False
2016,9,2,GB,IND,-0.1836207252337662,1.0,0,-5.0,False
2016,9,2,SEA,BUF,0.1651838225711546,1.0,0,6.0,True
2016,9,4,TB,ATL,-0.2827831977355989,1.0,0,-15.0,False
2016,9,4,BAL,PIT,-0.2434351100053426,1.0,0,7.0,True
2016,9,4,CLE,DAL,-0.3718398955530299,1.0,0,-25.0,False
2016,9,4,KC,JAX,0.2499577340028171,1.0,-3,5.0,True
2016,9,4,MIA,NYJ,-0.0504822397307926,1.0,7,4.0,True
2016,9,4,MIN,DET,-0.1597581592507384,1.0,-1,-6.0,False
2016,9,4,NYG,PHI,0.055337739350239,1.0,7,5.0,True
2016,9,4,LA,CAR,-0.2279485908566078,1.0,7,-3.0,False
2016,9,4,SF,NO,-0.3114720131350038,1.0,7,-18.0,False
2016,9,4,GB,IND,-0.0910720738856649,1.0,0,-5.0,False
2016,9,4,SEA,BUF,0.0961903114801537,1.0,0,6.0,True
2016,9,6,TB,ATL,-0.2847845938558365,1.0,0,-15.0,False
2016,9,6,BAL,PIT,-0.2306876479850206,1.0,0,7.0,True
2016,9,6,CLE,DAL,-0.3486950388289651,1.0,0,-25.0,False
2016,9,6,KC,JAX,0.2308039323831323,1.0,-3,5.0,True
2016,9,6,MIA,NYJ,-0.047043647106787,1.0,7,4.0,True
2016,9,6,MIN,DET,-0.1076125273987231,1.0,-1,-6.0,False
2016,9,6,NYG,PHI,0.0323655370957213,1.0,7,5.0,True
2016,9,6,LA,CAR,-0.2101458949070913,1.0,7,-3.0,False
2016,9,6,SF,NO,-0.2858352793175203,1.0,7,-18.0,False
2016,9,6,GB,IND,-0.0566339947135413,1.0,0,-5.0,False
2016,9,6,SEA,BUF,0.0745311984629737,1.0,0,6.0,True
2016,9,10,TB,ATL,-0.2851103768619893,1.0,0,-15.0,False
2016,9,10,BAL,PIT,-0.2200872731794683,1.0,0,7.0,True
2016,9,10,CLE,DAL,-0.3275099365559092,1.0,0,-25.0,False
2016,9,10,KC,JAX,0.2171425782435713,1.0,-3,5.0,True
2016,9,10,MIA,NYJ,-0.0435981196634011,1.0,7,4.0,True
2016,9,10,MIN,DET,-0.0689014820118176,1.0,-1,-6.0,False
2016,9,10,NYG,PHI,0.013034811299277,1.0,7,5.0,True
2016,9,10,LA,CAR,-0.2012291438756723,1.0,7,-3.0,False
2016,9,10,SF,NO,-0.2636989269060905,1.0,7,-18.0,False
2016,9,10,GB,IND,-0.028664630438529,1.0,0,-5.0,False
2016,9,10,SEA,BUF,0.058270863318821,1.0,0,6.0,True
2016,9,20,TB,ATL,-0.2843673486240645,1.0,0,-15.0,False
2016,9,20,BAL,PIT,-0.21191526013996,1.0,0,7.0,True
2016,9,20,CLE,DAL,-0.310370947223101,1.0,0,-25.0,False
2016,9,20,KC,JAX,0.2079367691360201,1.0,-3,5.0,True
2016,9,20,MIA,NYJ,-0.0408298789528687,1.0,7,4.0,True
2016,9,20,MIN,DET,-0.0421524101203297,1.0,-1,-6.0,False
2016,9,20,NYG,PHI,-0.0018580997299064,1.0,7,5.0,True
2016,9,20,LA,CAR,-0.1976411982209607,1.0,7,-3.0,False
2016,9,20,SF,NO,-0.2462882284177195,1.0,7,-18.0,False
2016,9,20,GB,IND,-0.007745075941085,1.0,0,-5.0,False
2016,9,20,SEA,BUF,0.0468755601927254,1.0,0,6.0,True
2016,9,50,TB,ATL,-0.2834506466794063,1.0,0,-15.0,False
2016,9,50,BAL,PIT,-0.2069288331962384,1.0,0,7.0,True
2016,9,50,CLE,DAL,-0.2996837671838009,1.0,0,-25.0,False
2016,9,50,KC,JAX,0.2028575956255531,1.0,-3,5.0,True
2016,9,50,MIA,NYJ,-0.0391630773119695,1.0,7,4.0,True
2016,9,50,MIN,DET,-0.0271777714091488,1.0,-1,-6.0,False
2016,9,50,NYG,PHI,-0.0108971290187895,1.0,7,5.0,True
2016,9,50,LA,CAR,-0.1967434080345793,1.0,7,-3.0,False
2016,9,50,SF,NO,-0.2355601502484052,1.0,7,-18.0,False
2016,9,50,GB,IND,0.0046921625269282,1.0,0,-5.0,False
2016,9,50,SEA,BUF,0.0404182548186275,1.0,0,6.0,True
2016,9,100,TB,ATL,-0.2830608669564253,1.0,0,-15.0,False
2016,9,100,BAL,PIT,-0.2052539262687682,1.0,0,7.0,True
2016,9,100,CLE,DAL,-0.2960662765160646,1.0,0,-25.0,False
2016,9,100,KC,JAX,0.2012398134433648,1.0,-3,5.0,True
2016,9,100,MIA,NYJ,-0.0386135844868485,1.0,7,4.0,True
2016,9,100,MIN,DET,-0.0223769686013857,1.0,-1,-6.0,False
2016,9,100,NYG,PHI,-0.0139206879895735,1.0,7,5.0,True
2016,9,100,LA,CAR,-0.1966499664407656,1.0,7,-3.0,False
2016,9,100,SF,NO,-0.2319428169564387,1.0,7,-18.0,False
2016,9,100,GB,IND,0.0088098558303154,1.0,0,-5.0,False
2016,9,100,SEA,BUF,0.0383339529003295,1.0,0,6.0,True
2016,10,2,BAL,CLE,-0.057121993500388,1.0,0,21.0,True
2016,10,2,CAR,KC,0.0607430551020189,1.0,0,-3.0,False
2016,10,2,JAX,HOU,-0.005577577473445,1.0,-7,-3.0,False
2016,10,2,NO,DEN,0.2944034127272167,1.0,0,-2.0,False
2016,10,2,NYJ,LA,0.2000878398834168,1.0,0,-3.0,False
2016,10,2,PHI,ATL,-0.3134283051460935,1.0,-3,9.0,True
2016,10,2,TB,CHI,-0.2506617295820135,1.0,-3,26.0,True
2016,10,2,TEN,GB,0.2435899205239929,1.0,0,22.0,True
2016,10,2,WAS,MIN,0.3004992316375045,1.0,7,6.0,True
2016,10,2,ARI,SF,0.0573403505475367,1.0,7,3.0,True
2016,10,2,PIT,DAL,-0.2549000138253847,1.0,0,-5.0,False
2016,10,2,NE,SEA,0.320623211511842,1.0,8,-7.0,False
2016,10,2,NYG,CIN,-0.0607592990664222,1.0,-7,1.0,True
2016,10,4,BAL,CLE,-0.0718102233416348,1.0,0,21.0,True
2016,10,4,CAR,KC,0.0255419898251832,1.0,0,-3.0,False
2016,10,4,JAX,HOU,-0.0553577167357096,1.0,-7,-3.0,False
2016,10,4,NO,DEN,0.2407372268179841,1.0,0,-2.0,False
2016,10,4,NYJ,LA,0.1798260694013683,1.0,0,-3.0,False
2016,10,4,PHI,ATL,-0.2909022778016918,1.0,-3,9.0,True
2016,10,4,TB,CHI,-0.1853836553767919,1.0,-3,26.0,True
2016,10,4,TEN,GB,0.1691342055165229,1.0,0,22.0,True
2016,10,4,WAS,MIN,0.2377728690355287,1.0,7,6.0,True
2016,10,4,ARI,SF,0.0722334044574781,1.0,7,3.0,True
2016,10,4,PIT,DAL,-0.2262564060320351,1.0,0,-5.0,False
2016,10,4,NE,SEA,0.2446344607380863,1.0,8,-7.0,False
2016,10,4,NYG,CIN,-0.0642656433422333,1.0,-7,1.0,True
2016,10,6,BAL,CLE,-0.0769556708644302,1.0,0,21.0,True
2016,10,6,CAR,KC,0.0207121571345057,1.0,0,-3.0,False
2016,10,6,JAX,HOU,-0.0757715572771561,1.0,-7,-3.0,False
2016,10,6,NO,DEN,0.2216925561660247,1.0,0,-2.0,False
2016,10,6,NYJ,LA,0.1674160355833167,1.0,0,-3.0,False
2016,10,6,PHI,ATL,-0.2777214966508788,1.0,-3,9.0,True
2016,10,6,TB,CHI,-0.1642056045546461,1.0,-3,26.0,True
2016,10,6,TEN,GB,0.1388918621951359,1.0,0,22.0,True
2016,10,6,WAS,MIN,0.2105344965007882,1.0,7,6.0,True
2016,10,6,ARI,SF,0.0706495090738633,1.0,7,3.0,True
2016,10,6,PIT,DAL,-0.2128763632367708,1.0,0,-5.0,False
2016,10,6,NE,SEA,0.2229394305918963,1.0,8,-7.0,False
2016,10,6,NYG,CIN,-0.0672166962130619,1.0,-7,1.0,True
2016,10,10,BAL,CLE,-0.0813769627068249,1.0,0,21.0,True
2016,10,10,CAR,KC,0.0207936379308044,1.0,0,-3.0,False
2016,10,10,JAX,HOU,-0.0936658302541824,1.0,-7,-3.0,False
2016,10,10,NO,DEN,0.2065805704259605,1.0,0,-2.0,False
2016,10,10,NYJ,LA,0.1564537281531723,1.0,0,-3.0,False
2016,10,10,PHI,ATL,-0.2645969332147687,1.0,-3,9.0,True
2016,10,10,TB,CHI,-0.1474231321421963,1.0,-3,26.0,True
2016,10,10,TEN,GB,0.1133678835121619,1.0,0,22.0,True
2016,10,10,WAS,MIN,0.1878704450513202,1.0,7,6.0,True
2016,10,10,ARI,SF,0.0669852424111823,1.0,7,3.0,True
2016,10,10,PIT,DAL,-0.2011980172518767,1.0,0,-5.0,False
2016,10,10,NE,SEA,0.2077975397576409,1.0,8,-7.0,False
2016,10,10,NYG,CIN,-0.0701508198269293,1.0,-7,1.0,True
2016,10,20,BAL,CLE,-0.0848594511555442,1.0,0,21.0,True
2016,10,20,CAR,KC,0.0234145977072974,1.0,0,-3.0,False
2016,10,20,JAX,HOU,-0.107983853639598,1.0,-7,-3.0,False
2016,10,20,NO,DEN,0.1955629802183052,1.0,0,-2.0,False
2016,10,20,NYJ,LA,0.1480909654098221,1.0,0,-3.0,False
2016,10,20,PHI,ATL,-0.2531735761327258,1.0,-3,9.0,True
2016,10,20,TB,CHI,-0.1349088886720313,1.0,-3,26.0,True
2016,10,20,TEN,GB,0.0937746243744285,1.0,0,22.0,True
2016,10,20,WAS,MIN,0.1709236025692223,1.0,7,6.0,True
2016,10,20,ARI,SF,0.0628620118512244,1.0,7,3.0,True
2016,10,20,PIT,DAL,-0.1920722280761218,1.0,0,-5.0,False
2016,10,20,NE,SEA,0.1979390677731056,1.0,8,-7.0,False
2016,10,20,NYG,CIN,-0.0726184416125283,1.0,-7,1.0,True
2016,10,50,BAL,CLE,-0.0870021757071363,1.0,0,21.0,True
2016,10,50,CAR,KC,0.0260779329936254,1.0,0,-3.0,False
2016,10,50,JAX,HOU,-0.1169253870115944,1.0,-7,-3.0,False
2016,10,50,NO,DEN,0.1891641908268543,1.0,0,-2.0,False
2016,10,50,NYJ,LA,0.1431705409428477,1.0,0,-3.0,False
2016,10,50,PHI,ATL,-0.2456677953543912,1.0,-3,9.0,True
2016,10,50,TB,CHI,-0.1274241377191859,1.0,-3,26.0,True
2016,10,50,TEN,GB,0.0819479335079567,1.0,0,22.0,True
2016,10,50,WAS,MIN,0.1609490367758156,1.0,7,6.0,True
2016,10,50,ARI,SF,0.0598348882927774,1.0,7,3.0,True
2016,10,50,PIT,DAL,-0.1865142743072627,1.0,0,-5.0,False
2016,10,50,NE,SEA,0.1926845550340401,1.0,8,-7.0,False
2016,10,50,NYG,CIN,-0.0741817796373825,1.0,-7,1.0,True
2016,10,100,BAL,CLE,-0.0877230140197687,1.0,0,21.0,True
2016,10,100,CAR,KC,0.0271483001707516,1.0,0,-3.0,False
2016,10,100,JAX,HOU,-0.11996144602075,1.0,-7,-3.0,False
2016,10,100,NO,DEN,0.187075103628039,1.0,0,-2.0,False
2016,10,100,NYJ,LA,0.1415629710783827,1.0,0,-3.0,False
2016,10,100,PHI,ATL,-0.2430587111149745,1.0,-3,9.0,True
2016,10,100,TB,CHI,-0.1249326257247036,1.0,-3,26.0,True
2016,10,100,TEN,GB,0.0780063125774639,1.0,0,22.0,True
2016,10,100,WAS,MIN,0.1576734397598333,1.0,7,6.0,True
2016,10,100,ARI,SF,0.058735303509386,1.0,7,3.0,True
2016,10,100,PIT,DAL,-0.1846551587292089,1.0,0,-5.0,False
2016,10,100,NE,SEA,0.1910461850290871,1.0,8,-7.0,False
2016,10,100,NYG,CIN,-0.0747135335625678,1.0,-7,1.0,True
2016,11,2,CAR,NO,-0.174263283239051,1.0,0,3.0,True
2016,11,2,CIN,BUF,0.0707766599376024,1.0,-7,-4.0,False
2016,11,2,CLE,PIT,-0.2105979661253474,1.0,3,-15.0,False
2016,11,2,DAL,BAL,0.4176256462227938,1.0,-3,10.0,True
2016,11,2,DET,JAX,0.2820676377935198,1.0,7,7.0,True
2016,11,2,IND,TEN,-0.1633782673383853,1.0,7,7.0,True
2016,11,2,KC,TB,-0.1085313793527287,1.0,0,-2.0,False
2016,11,2,MIN,ARI,-0.0388573319165695,1.0,0,6.0,True
2016,11,2,NYG,CHI,0.0958764651682847,1.0,-1,6.0,True
2016,11,2,LA,MIA,-0.2360717846691973,1.0,0,-4.0,False
2016,11,2,SEA,PHI,0.0627163290649961,1.0,0,11.0,True
2016,11,2,SF,NE,-0.1482829587399046,1.0,0,-13.0,False
2016,11,2,WAS,GB,0.5355773336055041,1.0,0,18.0,True
2016,11,4,CAR,NO,-0.1749456922678134,1.0,0,3.0,True
2016,11,4,CIN,BUF,0.0264981991370326,1.0,-7,-4.0,False
2016,11,4,CLE,PIT,-0.2048793711822437,1.0,3,-15.0,False
2016,11,4,DAL,BAL,0.4439991592267127,1.0,-3,10.0,True
2016,11,4,DET,JAX,0.2414047652240091,1.0,7,7.0,True
2016,11,4,IND,TEN,-0.1287046562077305,1.0,7,7.0,True
2016,11,4,KC,TB,-0.0594999444676596,1.0,0,-2.0,False
2016,11,4,MIN,ARI,-0.01760228997266,1.0,0,6.0,True
2016,11,4,NYG,CHI,-0.0060091198693899,1.0,-1,6.0,True
2016,11,4,LA,MIA,-0.1789658365459748,1.0,0,-4.0,False
2016,11,4,SEA,PHI,0.0878213371328873,1.0,0,11.0,True
2016,11,4,SF,NE,-0.2504189175963054,1.0,0,-13.0,False
2016,11,4,WAS,GB,0.3609346015595732,1.0,0,18.0,True
2016,11,6,CAR,NO,-0.1712754454400065,1.0,0,3.0,True
2016,11,6,CIN,BUF,0.0063098670373901,1.0,-7,-4.0,False
2016,11,6,CLE,PIT,-0.1979846756445821,1.0,3,-15.0,False
2016,11,6,DAL,BAL,0.4412899654731995,1.0,-3,10.0,True
2016,11,6,DET,JAX,0.2270124240438209,1.0,7,7.0,True
2016,11,6,IND,TEN,-0.1226697029764578,1.0,7,7.0,True
2016,11,6,KC,TB,-0.0468159261052949,1.0,0,-2.0,False
2016,11,6,MIN,ARI,-0.00238898399185,1.0,0,6.0,True
2016,11,6,NYG,CHI,-0.0334655261904689,1.0,-1,6.0,True
2016,11,6,LA,MIA,-0.1539465749531881,1.0,0,-4.0,False
2016,11,6,SEA,PHI,0.0944374907889471,1.0,0,11.0,True
2016,11,6,SF,NE,-0.2770520402787682,1.0,0,-13.0,False
2016,11,6,WAS,GB,0.302215236906178,1.0,0,18.0,True
2016,11,10,CAR,NO,-0.1658089617176544,1.0,0,3.0,True
2016,11,10,CIN,BUF,-0.0105695389700644,1.0,-7,-4.0,False
2016,11,10,CLE,PIT,-0.1905707688116006,1.0,3,-15.0,False
2016,11,10,DAL,BAL,0.4349005583464919,1.0,-3,10.0,True
2016,11,10,DET,JAX,0.2166295103595537,1.0,7,7.0,True
2016,11,10,IND,TEN,-0.1196615315839569,1.0,7,7.0,True
2016,11,10,KC,TB,-0.038945728913721,1.0,0,-2.0,False
2016,11,10,MIN,ARI,0.0123446223664206,1.0,0,6.0,True
2016,11,10,NYG,CHI,-0.0523397975471215,1.0,-1,6.0,True
2016,11,10,LA,MIA,-0.1329855418624676,1.0,0,-4.0,False
2016,11,10,SEA,PHI,0.0980654183505337,1.0,0,11.0,True
2016,11,10,SF,NE,-0.29436443827872,1.0,0,-13.0,False
2016,11,10,WAS,GB,0.2564515688847501,1.0,0,18.0,True
2016,11,20,CAR,NO,-0.1600083499251194,1.0,0,3.0,True
2016,11,20,CIN,BUF,-0.023182773433066,1.0,-7,-4.0,False
2016,11,20,CLE,PIT,-0.1839686554558211,1.0,3,-15.0,False
2016,11,20,DAL,BAL,0.4278708611983915,1.0,-3,10.0,True
2016,11,20,DET,JAX,0.2099745339429561,1.0,7,7.0,True
2016,11,20,IND,TEN,-0.1183398118340999,1.0,7,7.0,True
2016,11,20,KC,TB,-0.0346451507520735,1.0,0,-2.0,False
2016,11,20,MIN,ARI,0.0244208436400167,1.0,0,6.0,True
2016,11,20,NYG,CHI,-0.0645539235512282,1.0,-1,6.0,True
2016,11,20,LA,MIA,-0.1172724131592102,1.0,0,-4.0,False
2016,11,20,SEA,PHI,0.0995101044689365,1.0,0,11.0,True
2016,11,20,SF,NE,-0.3047451136743896,1.0,0,-13.0,False
2016,11,20,WAS,GB,0.2233468108910108,1.0,0,18.0,True
2016,11,50,CAR,NO,-0.1557955423363353,1.0,0,3.0,True
2016,11,50,CIN,BUF,-0.0305873611394571,1.0,-7,-4.0,False
2016,11,50,CLE,PIT,-0.1796157265460741,1.0,3,-15.0,False
2016,11,50,DAL,BAL,0.4228345905577374,1.0,-3,10.0,True
2016,11,50,DET,JAX,0.2065810620573423,1.0,7,7.0,True
2016,11,50,IND,TEN,-0.1178853400893891,1.0,7,7.0,True
2016,11,50,KC,TB,-0.0327908267520073,1.0,0,-2.0,False
2016,11,50,MIN,ARI,0.0319039957922236,1.0,0,6.0,True
2016,11,50,NYG,CHI,-0.0710584137320792,1.0,-1,6.0,True
2016,11,50,LA,MIA,-0.1080292917538291,1.0,0,-4.0,False
2016,11,50,SEA,PHI,0.0997748035718994,1.0,0,11.0,True
2016,11,50,SF,NE,-0.3098482612695465,1.0,0,-13.0,False
2016,11,50,WAS,GB,0.2041406594690383,1.0,0,18.0,True
2016,11,100,CAR,NO,-0.1542687085734228,1.0,0,3.0,True
2016,11,100,CIN,BUF,-0.0330141101221512,1.0,-7,-4.0,False
2016,11,100,CLE,PIT,-0.1781044030259106,1.0,3,-15.0,False
2016,11,100,DAL,BAL,0.4210318010036588,1.0,-3,10.0,True
2016,11,100,DET,JAX,0.2055622154264288,1.0,7,7.0,True
2016,11,100,IND,TEN,-0.1177853000103903,1.0,7,7.0,True
2016,11,100,KC,TB,-0.0322989294084978,1.0,0,-2.0,False
2016,11,100,MIN,ARI,0.0344173136762941,1.0,0,6.0,True
2016,11,100,NYG,CHI,-0.0730879419751955,1.0,-1,6.0,True
2016,11,100,LA,MIA,-0.1049975545992232,1.0,0,-4.0,False
2016,11,100,SEA,PHI,0.0997564473892515,1.0,0,11.0,True
2016,11,100,SF,NE,-0.3113584461113825,1.0,0,-13.0,False
2016,11,100,WAS,GB,0.1978633021401188,1.0,0,18.0,True
2016,12,2,DET,MIN,0.258513710483201,1.0,0,3.0,True
2016,12,2,DAL,WAS,0.0521036569523347,1.0,0,5.0,True
2016,12,2,IND,PIT,-0.0488836295069883,1.0,0,-21.0,False
2016,12,2,ATL,ARI,0.3617405173872281,1.0,7,19.0,True
2016,12,2,BAL,CIN,-0.1032854535145886,1.0,0,5.0,True
2016,12,2,BUF,JAX,0.2256428439504541,1.0,0,7.0,True
2016,12,2,CHI,TEN,-0.219064648405804,1.0,0,-6.0,False
2016,12,2,CLE,NYG,-0.4456229120976858,1.0,0,-14.0,False
2016,12,2,MIA,SF,0.1750108675367759,1.0,0,7.0,True
2016,12,2,NO,LA,0.4512453470405151,1.0,3,28.0,True
2016,12,2,TB,SEA,-0.2024492318508363,1.0,0,9.0,True
2016,12,2,NYJ,NE,-0.0690773962652514,1.0,7,-5.0,False
2016,12,2,DEN,KC,-0.1729731395475657,1.0,7,-3.0,False
2016,12,2,PHI,GB,0.0598679316884351,1.0,0,-14.0,False
2016,12,4,DET,MIN,0.1906623493499704,1.0,0,3.0,True
2016,12,4,DAL,WAS,0.0796892597996738,1.0,0,5.0,True
2016,12,4,IND,PIT,-0.0214571145487064,1.0,0,-21.0,False
2016,12,4,ATL,ARI,0.3482807451521627,1.0,7,19.0,True
2016,12,4,BAL,CIN,-0.1388565984167986,1.0,0,5.0,True
2016,12,4,BUF,JAX,0.2118052013463653,1.0,0,7.0,True
2016,12,4,CHI,TEN,-0.1487454176492943,1.0,0,-6.0,False
2016,12,4,CLE,NYG,-0.3143883521285689,1.0,0,-14.0,False
2016,12,4,MIA,SF,0.1346637693079383,1.0,0,7.0,True
2016,12,4,NO,LA,0.3924718383904192,1.0,3,28.0,True
2016,12,4,TB,SEA,-0.1658939821448254,1.0,0,9.0,True
2016,12,4,NYJ,NE,-0.151515786790404,1.0,7,-5.0,False
2016,12,4,DEN,KC,-0.1115090978197891,1.0,7,-3.0,False
2016,12,4,PHI,GB,0.0376179997960076,1.0,0,-14.0,False
2016,12,6,DET,MIN,0.1503349809954078,1.0,0,3.0,True
2016,12,6,DAL,WAS,0.085751547997241,1.0,0,5.0,True
2016,12,6,IND,PIT,-0.0204473851626803,1.0,0,-21.0,False
2016,12,6,ATL,ARI,0.334676094397655,1.0,7,19.0,True
2016,12,6,BAL,CIN,-0.1452427268959268,1.0,0,5.0,True
2016,12,6,BUF,JAX,0.2155685866288649,1.0,0,7.0,True
2016,12,6,CHI,TEN,-0.1234850942952596,1.0,0,-6.0,False
2016,12,6,CLE,NYG,-0.2630009844312448,1.0,0,-14.0,False
2016,12,6,MIA,SF,0.1090379075922475,1.0,0,7.0,True
2016,12,6,NO,LA,0.3683010768900501,1.0,3,28.0,True
2016,12,6,TB,SEA,-0.1590989298906669,1.0,0,9.0,True
2016,12,6,NYJ,NE,-0.1858987009012178,1.0,7,-5.0,False
2016,12,6,DEN,KC,-0.0886233720251943,1.0,7,-3.0,False
2016,12,6,PHI,GB,0.0212502388041941,1.0,0,-14.0,False
2016,12,10,DET,MIN,0.1128861263301219,1.0,0,3.0,True
2016,12,10,DAL,WAS,0.0887672859673258,1.0,0,5.0,True
2016,12,10,IND,PIT,-0.0227230383791699,1.0,0,-21.0,False
2016,12,10,ATL,ARI,0.320738069881351,1.0,7,19.0,True
2016,12,10,BAL,CIN,-0.1476690287041802,1.0,0,5.0,True
2016,12,10,BUF,JAX,0.222110265221137,1.0,0,7.0,True
2016,12,10,CHI,TEN,-0.1043080792985807,1.0,0,-6.0,False
2016,12,10,CLE,NYG,-0.2202957725247051,1.0,0,-14.0,False
2016,12,10,MIA,SF,0.0837059686812584,1.0,0,7.0,True
2016,12,10,NO,LA,0.3481241567156,1.0,3,28.0,True
2016,12,10,TB,SEA,-0.1555099356609221,1.0,0,9.0,True
2016,12,10,NYJ,NE,-0.214829155821104,1.0,7,-5.0,False
2016,12,10,DEN,KC,-0.0696206933616061,1.0,7,-3.0,False
2016,12,10,PHI,GB,0.0061876577370914,1.0,0,-14.0,False
2016,12,20,DET,MIN,0.0827876360491626,1.0,0,3.0,True
2016,12,20,DAL,WAS,0.0898484314871028,1.0,0,5.0,True
2016,12,20,IND,PIT,-0.0260755023696211,1.0,0,-21.0,False
2016,12,20,ATL,ARI,0.3087409675881978,1.0,7,19.0,True
2016,12,20,BAL,CIN,-0.1478942162067996,1.0,0,5.0,True
2016,12,20,BUF,JAX,0.2289657022167968,1.0,0,7.0,True
2016,12,20,CHI,TEN,-0.0909992403814928,1.0,0,-6.0,False
2016,12,20,CLE,NYG,-0.1879473407821473,1.0,0,-14.0,False
2016,12,20,MIA,SF,0.0620953596616192,1.0,0,7.0,True
2016,12,20,NO,LA,0.3329771427167035,1.0,3,28.0,True
2016,12,20,TB,SEA,-0.1537387756762513,1.0,0,9.0,True
2016,12,20,NYJ,NE,-0.2368523181231842,1.0,7,-5.0,False
2016,12,20,DEN,KC,-0.0550871348086625,1.0,7,-3.0,False
2016,12,20,PHI,GB,-0.0056065386203756,1.0,0,-14.0,False
2016,12,50,DET,MIN,0.0642984441606337,1.0,0,3.0,True
2016,12,50,DAL,WAS,0.090001551524251,1.0,0,5.0,True
2016,12,50,IND,PIT,-0.0286845773082336,1.0,0,-21.0,False
2016,12,50,ATL,ARI,0.300998313108008,1.0,7,19.0,True
2016,12,50,BAL,CIN,-0.1473982385755088,1.0,0,5.0,True
2016,12,50,BUF,JAX,0.2338017826614632,1.0,0,7.0,True
2016,12,50,CHI,TEN,-0.083574297968494,1.0,0,-6.0,False
2016,12,50,CLE,NYG,-0.1686201429643601,1.0,0,-14.0,False
2016,12,50,MIA,SF,0.0481712319545768,1.0,0,7.0,True
2016,12,50,NO,LA,0.3240557068131653,1.0,3,28.0,True
2016,12,50,TB,SEA,-0.1529893104002438,1.0,0,9.0,True
2016,12,50,NYJ,NE,-0.2500265170681423,1.0,7,-5.0,False
2016,12,50,DEN,KC,-0.0463034983673869,1.0,7,-3.0,False
2016,12,50,PHI,GB,-0.0126663304818041,1.0,0,-14.0,False
2016,12,100,DET,MIN,0.0581088064666375,1.0,0,3.0,True
2016,12,100,DAL,WAS,0.08997073403443,1.0,0,5.0,True
2016,12,100,IND,PIT,-0.0296436822702915,1.0,0,-21.0,False
2016,12,100,ATL,ARI,0.2983367858142177,1.0,7,19.0,True
2016,12,100,BAL,CIN,-0.1471324947974912,1.0,0,5.0,True
2016,12,100,BUF,JAX,0.2355233044179125,1.0,0,7.0,True
2016,12,100,CHI,TEN,-0.0812025906293895,1.0,0,-6.0,False
2016,12,100,CLE,NYG,-0.1622142434680229,1.0,0,-14.0,False
2016,12,100,MIA,SF,0.0433853665209701,1.0,0,7.0,True
2016,12,100,NO,LA,0.3211285363227806,1.0,3,28.0,True
2016,12,100,TB,SEA,-0.1527839905234384,1.0,0,9.0,True
2016,12,100,NYJ,NE,-0.2543927149467691,1.0,7,-5.0,False
2016,12,100,DEN,KC,-0.0433714637281914,1.0,7,-3.0,False
2016,12,100,PHI,GB,-0.0149938008083767,1.0,0,-14.0,False
2016,13,2,MIN,DAL,-0.4778468819013116,1.0,0,-2.0,False
2016,13,2,ATL,KC,0.1585659118831189,1.0,0,-1.0,False
2016,13,2,BAL,MIA,-0.1517197854459245,1.0,0,32.0,True
2016,13,2,CHI,SF,-0.2127197849921344,1.0,0,20.0,True
2016,13,2,CIN,PHI,0.1262146312086686,1.0,1,18.0,True
2016,13,2,GB,HOU,0.135251560006274,1.0,-1,8.0,True
2016,13,2,JAX,DEN,-0.0454671152710833,1.0,0,-10.0,False
2016,13,2,NE,LA,0.3088028445243886,1.0,0,16.0,True
2016,13,2,NO,DET,0.2111565744387803,1.0,-3,-15.0,False
2016,13,2,ARI,WAS,-0.2381872433788082,1.0,-3,8.0,True
2016,13,2,PIT,NYG,0.1706178923556476,1.0,3,10.0,True
2016,13,2,SEA,CAR,0.0062605117799975,1.0,0,33.0,True
2016,13,2,NYJ,IND,0.1453998389520196,1.0,-3,-31.0,False
2016,13,4,MIN,DAL,-0.4360488189501154,1.0,0,-2.0,False
2016,13,4,ATL,KC,0.1917110160511721,1.0,0,-1.0,False
2016,13,4,BAL,MIA,-0.1550900789038776,1.0,0,32.0,True
2016,13,4,CHI,SF,-0.0530636783962507,1.0,0,20.0,True
2016,13,4,CIN,PHI,0.0752922750856708,1.0,1,18.0,True
2016,13,4,GB,HOU,0.0939751792877807,1.0,-1,8.0,True
2016,13,4,JAX,DEN,-0.0665021540471789,1.0,0,-10.0,False
2016,13,4,NE,LA,0.3297203656949256,1.0,0,16.0,True
2016,13,4,NO,DET,0.1922597823339151,1.0,-3,-15.0,False
2016,13,4,ARI,WAS,-0.2596241648979738,1.0,-3,8.0,True
2016,13,4,PIT,NYG,0.1245758276934603,1.0,3,10.0,True
2016,13,4,SEA,CAR,0.0504772501990255,1.0,0,33.0,True
2016,13,4,NYJ,IND,0.0768571582627828,1.0,-3,-31.0,False
2016,13,6,MIN,DAL,-0.4074116353333923,1.0,0,-2.0,False
2016,13,6,ATL,KC,0.2044096490270387,1.0,0,-1.0,False
2016,13,6,BAL,MIA,-0.1409937655256822,1.0,0,32.0,True
2016,13,6,CHI,SF,-0.0004213477821964,1.0,0,20.0,True
2016,13,6,CIN,PHI,0.0568243838062886,1.0,1,18.0,True
2016,13,6,GB,HOU,0.0909317341475855,1.0,-1,8.0,True
2016,13,6,JAX,DEN,-0.0797928049603121,1.0,0,-10.0,False
2016,13,6,NE,LA,0.3408045070124695,1.0,0,16.0,True
2016,13,6,NO,DET,0.1843603360913303,1.0,-3,-15.0,False
2016,13,6,ARI,WAS,-0.2555925807585196,1.0,-3,8.0,True
2016,13,6,PIT,NYG,0.114061407373995,1.0,3,10.0,True
2016,13,6,SEA,CAR,0.0657998723706307,1.0,0,33.0,True
2016,13,6,NYJ,IND,0.0553447284350639,1.0,-3,-31.0,False
2016,13,10,MIN,DAL,-0.3784197320908966,1.0,0,-2.0,False
2016,13,10,ATL,KC,0.2146398371164893,1.0,0,-1.0,False
2016,13,10,BAL,MIA,-0.1231109631237423,1.0,0,32.0,True
2016,13,10,CHI,SF,0.0370010628742187,1.0,0,20.0,True
2016,13,10,CIN,PHI,0.0409396560765961,1.0,1,18.0,True
2016,13,10,GB,HOU,0.0925829681590802,1.0,-1,8.0,True
2016,13,10,JAX,DEN,-0.0927337346906922,1.0,0,-10.0,False
2016,13,10,NE,LA,0.3509876828813119,1.0,0,16.0,True
2016,13,10,NO,DET,0.1771903904901057,1.0,-3,-15.0,False
2016,13,10,ARI,WAS,-0.2482768564151214,1.0,-3,8.0,True
2016,13,10,PIT,NYG,0.1084138894564497,1.0,3,10.0,True
2016,13,10,SEA,CAR,0.0775927894602162,1.0,0,33.0,True
2016,13,10,NYJ,IND,0.0392732812599022,1.0,-3,-31.0,False
2016,13,20,MIN,DAL,-0.3535077818359641,1.0,0,-2.0,False
2016,13,20,ATL,KC,0.2221698272224928,1.0,0,-1.0,False
2016,13,20,BAL,MIA,-0.1061007417607584,1.0,0,32.0,True
2016,13,20,CHI,SF,0.0609377443759682,1.0,0,20.0,True
2016,13,20,CIN,PHI,0.0282309169755382,1.0,1,18.0,True
2016,13,20,GB,HOU,0.0959464817668287,1.0,-1,8.0,True
2016,13,20,JAX,DEN,-0.1036341630593318,1.0,0,-10.0,False
2016,13,20,NE,LA,0.359272911701346,1.0,0,16.0,True
2016,13,20,NO,DET,0.1712635078863664,1.0,-3,-15.0,False
2016,13,20,ARI,WAS,-0.2407438883398545,1.0,-3,8.0,True
2016,13,20,PIT,NYG,0.1059335536185323,1.0,3,10.0,True
2016,13,20,SEA,CAR,0.085754381527013,1.0,0,33.0,True
2016,13,20,NYJ,IND,0.0280910668213332,1.0,-3,-31.0,False
2016,13,50,MIN,DAL,-0.3374959854922786,1.0,0,-2.0,False
2016,13,50,ATL,KC,0.2265689360513097,1.0,0,-1.0,False
2016,13,50,BAL,MIA,-0.0946024608842076,1.0,0,32.0,True
2016,13,50,CHI,SF,0.0732429627717891,1.0,0,20.0,True
2016,13,50,CIN,PHI,0.0202567167030717,1.0,1,18.0,True
2016,13,50,GB,HOU,0.0987027135159668,1.0,-1,8.0,True
2016,13,50,JAX,DEN,-0.1105894033155539,1.0,0,-10.0,False
2016,13,50,NE,LA,0.3644680693659711,1.0,0,16.0,True
2016,13,50,NO,DET,0.1674779573105279,1.0,-3,-15.0,False
2016,13,50,ARI,WAS,-0.2355378870272957,1.0,-3,8.0,True
2016,13,50,PIT,NYG,0.1051663848673643,1.0,3,10.0,True
2016,13,50,SEA,CAR,0.0902244882963752,1.0,0,33.0,True
2016,13,50,NYJ,IND,0.0218047794767031,1.0,-3,-31.0,False
2016,13,100,MIN,DAL,-0.3320137138598331,1.0,0,-2.0,False
2016,13,100,ATL,KC,0.228008963229399,1.0,0,-1.0,False
2016,13,100,BAL,MIA,-0.0905804679154761,1.0,0,32.0,True
2016,13,100,CHI,SF,0.0769723988793801,1.0,0,20.0,True
2016,13,100,CIN,PHI,0.0175405110888408,1.0,1,18.0,True
2016,13,100,GB,HOU,0.0997269820900419,1.0,-1,8.0,True
2016,13,100,JAX,DEN,-0.1129671794768234,1.0,0,-10.0,False
2016,13,100,NE,LA,0.3662326356824191,1.0,0,16.0,True
2016,13,100,NO,DET,0.1661785828782995,1.0,-3,-15.0,False
2016,13,100,ARI,WAS,-0.2337068825050651,1.0,-3,8.0,True
2016,13,100,PIT,NYG,0.1050272561628597,1.0,3,10.0,True
2016,13,100,SEA,CAR,0.091628032403001,1.0,0,33.0,True
2016,13,100,NYJ,IND,0.0197865436383014,1.0,-3,-31.0,False
2016,14,2,BUF,PIT,-0.2268577561632127,1.0,0,-7.0,False
2016,14,2,CLE,CIN,-0.3000370170908193,1.0,7,-13.0,False
2016,14,2,DET,CHI,0.2772958040106343,1.0,0,3.0,True
2016,14,2,IND,HOU,0.4127093727912793,1.0,-1,-5.0,False
2016,14,2,JAX,MIN,0.0330265792376293,1.0,-3,-9.0,False
2016,14,2,MIA,ARI,0.0967053349766147,1.0,0,3.0,True
2016,14,2,PHI,WAS,-0.3410878734872307,1.0,0,-5.0,False
2016,14,2,TEN,DEN,0.23379614812688,1.0,7,3.0,True
2016,14,2,SF,NYJ,-0.0042367720468236,1.0,1,-6.0,False
2016,14,2,GB,SEA,0.1245379253390917,1.0,0,28.0,True
2016,14,2,LA,ATL,-0.4504900966553746,1.0,0,-28.0,False
2016,14,2,TB,NO,-0.000718508029214,1.0,0,5.0,True
2016,14,2,NYG,DAL,-0.2855472113109486,1.0,-3,3.0,True
2016,14,2,NE,BAL,0.1924257557724819,1.0,0,7.0,True
2016,14,4,BUF,PIT,-0.1283887806202428,1.0,0,-7.0,False
2016,14,4,CLE,CIN,-0.2590253192611996,1.0,7,-13.0,False
2016,14,4,DET,CHI,0.1637734920129046,1.0,0,3.0,True
2016,14,4,IND,HOU,0.2741587245541646,1.0,-1,-5.0,False
2016,14,4,JAX,MIN,-0.0028364211936315,1.0,-3,-9.0,False
2016,14,4,MIA,ARI,0.1088549765590806,1.0,0,3.0,True
2016,14,4,PHI,WAS,-0.2779480049534991,1.0,0,-5.0,False
2016,14,4,TEN,DEN,0.2176352578168092,1.0,7,3.0,True
2016,14,4,SF,NYJ,-0.066424126306597,1.0,1,-6.0,False
2016,14,4,GB,SEA,0.0267651731921053,1.0,0,28.0,True
2016,14,4,LA,ATL,-0.4176653673557616,1.0,0,-28.0,False
2016,14,4,TB,NO,-0.0864307593038028,1.0,0,5.0,True
2016,14,4,NYG,DAL,-0.2954493088464643,1.0,-3,3.0,True
2016,14,4,NE,BAL,0.2544221600548297,1.0,0,7.0,True
2016,14,6,BUF,PIT,-0.0886126675832573,1.0,0,-7.0,False
2016,14,6,CLE,CIN,-0.2415759862051087,1.0,7,-13.0,False
2016,14,6,DET,CHI,0.113178001695289,1.0,0,3.0,True
2016,14,6,IND,HOU,0.2222802666166263,1.0,-1,-5.0,False
2016,14,6,JAX,MIN,-0.0288636419318617,1.0,-3,-9.0,False
2016,14,6,MIA,ARI,0.0925948436340228,1.0,0,3.0,True
2016,14,6,PHI,WAS,-0.2535326554644813,1.0,0,-5.0,False
2016,14,6,TEN,DEN,0.207695716397132,1.0,7,3.0,True
2016,14,6,SF,NYJ,-0.0780798684062246,1.0,1,-6.0,False
2016,14,6,GB,SEA,0.0013736264474529,1.0,0,28.0,True
2016,14,6,LA,ATL,-0.4083201904955411,1.0,0,-28.0,False
2016,14,6,TB,NO,-0.1086288411911666,1.0,0,5.0,True
2016,14,6,NYG,DAL,-0.3038797064311152,1.0,-3,3.0,True
2016,14,6,NE,BAL,0.278438733440409,1.0,0,7.0,True
2016,14,10,BUF,PIT,-0.0560396686268978,1.0,0,-7.0,False
2016,14,10,CLE,CIN,-0.2260089219285408,1.0,7,-13.0,False
2016,14,10,DET,CHI,0.0717692364348766,1.0,0,3.0,True
2016,14,10,IND,HOU,0.1795252507036169,1.0,-1,-5.0,False
2016,14,10,JAX,MIN,-0.0562256177387841,1.0,-3,-9.0,False
2016,14,10,MIA,ARI,0.0710068077674097,1.0,0,3.0,True
2016,14,10,PHI,WAS,-0.2323678975620173,1.0,0,-5.0,False
2016,14,10,TEN,DEN,0.1980211850565437,1.0,7,3.0,True
2016,14,10,SF,NYJ,-0.0819951367896124,1.0,1,-6.0,False
2016,14,10,GB,SEA,-0.0134003135537854,1.0,0,28.0,True
2016,14,10,LA,ATL,-0.4012588047963482,1.0,0,-28.0,False
2016,14,10,TB,NO,-0.1224621111610764,1.0,0,5.0,True
2016,14,10,NYG,DAL,-0.3119941711545817,1.0,-3,3.0,True
2016,14,10,NE,BAL,0.2966328560891463,1.0,0,7.0,True
2016,14,20,BUF,PIT,-0.0321015024940484,1.0,0,-7.0,False
2016,14,20,CLE,CIN,-0.213501863961431,1.0,7,-13.0,False
2016,14,20,DET,CHI,0.0417818485132146,1.0,0,3.0,True
2016,14,20,IND,HOU,0.1472742988003693,1.0,-1,-5.0,False
2016,14,20,JAX,MIN,-0.0804644445505294,1.0,-3,-9.0,False
2016,14,20,MIA,ARI,0.0502780293323431,1.0,0,3.0,True
2016,14,20,PHI,WAS,-0.2154588980511059,1.0,0,-5.0,False
2016,14,20,TEN,DEN,0.189928183199892,1.0,7,3.0,True
2016,14,20,SF,NYJ,-0.0813723818732195,1.0,1,-6.0,False
2016,14,20,GB,SEA,-0.0206269276035136,1.0,0,28.0,True
2016,14,20,LA,ATL,-0.3961240452164898,1.0,0,-28.0,False
2016,14,20,TB,NO,-0.1302043257095723,1.0,0,5.0,True
2016,14,20,NYG,DAL,-0.318486607640836,1.0,-3,3.0,True
2016,14,20,NE,BAL,0.3089601678270807,1.0,0,7.0,True
2016,14,50,BUF,PIT,-0.0182562711754496,1.0,0,-7.0,False
2016,14,50,CLE,CIN,-0.2057231166557794,1.0,7,-13.0,False
2016,14,50,DET,CHI,0.0247251363684261,1.0,0,3.0,True
2016,14,50,IND,HOU,0.1280485094116184,1.0,-1,-5.0,False
2016,14,50,JAX,MIN,-0.096370106334992,1.0,-3,-9.0,False
2016,14,50,MIA,ARI,0.0362751611062122,1.0,0,3.0,True
2016,14,50,PHI,WAS,-0.2048904755877052,1.0,0,-5.0,False
2016,14,50,TEN,DEN,0.1848120992445426,1.0,7,3.0,True
2016,14,50,SF,NYJ,-0.0794844071979118,1.0,1,-6.0,False
2016,14,50,GB,SEA,-0.0232917174812167,1.0,0,28.0,True
2016,14,50,LA,ATL,-0.3930838073951187,1.0,0,-28.0,False
2016,14,50,TB,NO,-0.1337138230521012,1.0,0,5.0,True
2016,14,50,NYG,DAL,-0.3224022746389237,1.0,-3,3.0,True
2016,14,50,NE,BAL,0.3156302377155254,1.0,0,7.0,True
2016,14,100,BUF,PIT,-0.0137596949705596,1.0,0,-7.0,False
2016,14,100,CLE,CIN,-0.2030937049530998,1.0,7,-13.0,False
2016,14,100,DET,CHI,0.0192430449359936,1.0,0,3.0,True
2016,14,100,IND,HOU,0.1216824452806822,1.0,-1,-5.0,False
2016,14,100,JAX,MIN,-0.1018718840420617,1.0,-3,-9.0,False
2016,14,100,MIA,ARI,0.0313871598962747,1.0,0,3.0,True
2016,14,100,PHI,WAS,-0.2013002006712021,1.0,0,-5.0,False
2016,14,100,TEN,DEN,0.1830739957566546,1.0,7,3.0,True
2016,14,100,SF,NYJ,-0.0786034890506253,1.0,1,-6.0,False
2016,14,100,GB,SEA,-0.0239015401763732,1.0,0,28.0,True
2016,14,100,LA,ATL,-0.3920746349397001,1.0,0,-28.0,False
2016,14,100,TB,NO,-0.134693343826261,1.0,0,5.0,True
2016,14,100,NYG,DAL,-0.3236949444079008,1.0,-3,3.0,True
2016,14,100,NE,BAL,0.3177177032444027,1.0,0,7.0,True
2016,15,2,SEA,LA,0.2779514386196596,1.0,0,21.0,True
2016,15,2,NYJ,MIA,-0.1301323968956469,1.0,0,-21.0,False
2016,15,2,BAL,PHI,0.2390086992731531,1.0,-1,1.0,True
2016,15,2,BUF,CLE,0.0760216096999307,1.0,0,20.0,True
2016,15,2,CHI,GB,-0.2362077005075486,1.0,0,-3.0,False
2016,15,2,CIN,PIT,-0.2800847364445178,1.0,0,-4.0,False
2016,15,2,HOU,JAX,-0.1527234603515133,1.0,0,1.0,True
2016,15,2,KC,TEN,-0.1380678721429227,1.0,3,-2.0,False
2016,15,2,MIN,IND,-0.2537319775151413,1.0,0,-28.0,False
2016,15,2,NYG,DET,-0.1368345011715002,1.0,0,11.0,True
2016,15,2,ARI,NO,-0.1289028309244451,1.0,0,-7.0,False
2016,15,2,ATL,SF,0.2492779087467354,1.0,0,28.0,True
2016,15,2,DEN,NE,-0.297825002510124,1.0,1,-13.0,False
2016,15,2,DAL,TB,0.0392409563173248,1.0,0,6.0,True
2016,15,2,WAS,CAR,0.2093168283723153,1.0,0,-11.0,False
2016,15,4,SEA,LA,0.2552189019266151,1.0,0,21.0,True
2016,15,4,NYJ,MIA,-0.0719706213520349,1.0,0,-21.0,False
2016,15,4,BAL,PHI,0.1138711764793841,1.0,-1,1.0,True
2016,15,4,BUF,CLE,0.1668255737787462,1.0,0,20.0,True
2016,15,4,CHI,GB,-0.1234021125214468,1.0,0,-3.0,False
2016,15,4,CIN,PIT,-0.195216527104263,1.0,0,-4.0,False
2016,15,4,HOU,JAX,-0.0808363307012476,1.0,0,1.0,True
2016,15,4,KC,TEN,-0.1402578720951043,1.0,3,-2.0,False
2016,15,4,MIN,IND,-0.1932474667704915,1.0,0,-28.0,False
2016,15,4,NYG,DET,-0.1207174499362056,1.0,0,11.0,True
2016,15,4,ARI,NO,-0.2034562980567424,1.0,0,-7.0,False
2016,15,4,ATL,SF,0.2623916642272351,1.0,0,28.0,True
2016,15,4,DEN,NE,-0.275286982274684,1.0,1,-13.0,False
2016,15,4,DAL,TB,0.1166972967097384,1.0,0,6.0,True
2016,15,4,WAS,CAR,0.2085961272042943,1.0,0,-11.0,False
2016,15,6,SEA,LA,0.2473772767960194,1.0,0,21.0,True
2016,15,6,NYJ,MIA,-0.0481392086587093,1.0,0,-21.0,False
2016,15,6,BAL,PHI,0.0601860143938389,1.0,-1,1.0,True
2016,15,6,BUF,CLE,0.1894480597891969,1.0,0,20.0,True
2016,15,6,CHI,GB,-0.0882328067963634,1.0,0,-3.0,False
2016,15,6,CIN,PIT,-0.1555424853961325,1.0,0,-4.0,False
2016,15,6,HOU,JAX,-0.0445453442402713,1.0,0,1.0,True
2016,15,6,KC,TEN,-0.1358996120441347,1.0,3,-2.0,False
2016,15,6,MIN,IND,-0.1566346144785102,1.0,0,-28.0,False
2016,15,6,NYG,DET,-0.1120388387882328,1.0,0,11.0,True
2016,15,6,ARI,NO,-0.2131276123674289,1.0,0,-7.0,False
2016,15,6,ATL,SF,0.2741023270426591,1.0,0,28.0,True
2016,15,6,DEN,NE,-0.2715957057958169,1.0,1,-13.0,False
2016,15,6,DAL,TB,0.1484657489843949,1.0,0,6.0,True
2016,15,6,WAS,CAR,0.207771433469667,1.0,0,-11.0,False
2016,15,10,SEA,LA,0.2422371838821958,1.0,0,21.0,True
2016,15,10,NYJ,MIA,-0.0283120995806343,1.0,0,-21.0,False
2016,15,10,BAL,PHI,0.0153693457295336,1.0,-1,1.0,True
2016,15,10,BUF,CLE,0.2030810081650989,1.0,0,20.0,True
2016,15,10,CHI,GB,-0.0653877863166305,1.0,0,-3.0,False
2016,15,10,CIN,PIT,-0.121644603682965,1.0,0,-4.0,False
2016,15,10,HOU,JAX,-0.0105978578166631,1.0,0,1.0,True
2016,15,10,KC,TEN,-0.1318900259583474,1.0,3,-2.0,False
2016,15,10,MIN,IND,-0.120234811915236,1.0,0,-28.0,False
2016,15,10,NYG,DET,-0.1048606364974877,1.0,0,11.0,True
2016,15,10,ARI,NO,-0.2122945540761601,1.0,0,-7.0,False
2016,15,10,ATL,SF,0.2840977624300839,1.0,0,28.0,True
2016,15,10,DEN,NE,-0.2699959811299621,1.0,1,-13.0,False
2016,15,10,DAL,TB,0.1742801773108008,1.0,0,6.0,True
2016,15,10,WAS,CAR,0.2070487329692706,1.0,0,-11.0,False
2016,15,20,SEA,LA,0.2393707646223362,1.0,0,21.0,True
2016,15,20,NYJ,MIA,-0.0133799692665941,1.0,0,-21.0,False
2016,15,20,BAL,PHI,-0.0183038544062648,1.0,-1,1.0,True
2016,15,20,BUF,CLE,0.2103568844799653,1.0,0,20.0,True
2016,15,20,CHI,GB,-0.0527579696592017,1.0,0,-3.0,False
2016,15,20,CIN,PIT,-0.0961216497060295,1.0,0,-4.0,False
2016,15,20,HOU,JAX,0.017458535957964,1.0,0,1.0,True
2016,15,20,KC,TEN,-0.1292226916404832,1.0,3,-2.0,False
2016,15,20,MIN,IND,-0.0891452709194166,1.0,0,-28.0,False
2016,15,20,NYG,DET,-0.0998049734741412,1.0,0,11.0,True
2016,15,20,ARI,NO,-0.2064510294530689,1.0,0,-7.0,False
2016,15,20,ATL,SF,0.2908238734407097,1.0,0,28.0,True
2016,15,20,DEN,NE,-0.2694914921763913,1.0,1,-13.0,False
2016,15,20,DAL,TB,0.1929524358782688,1.0,0,6.0,True
2016,15,20,WAS,CAR,0.2063192767627777,1.0,0,-11.0,False
2016,15,50,SEA,LA,0.2381294442883091,1.0,0,21.0,True
2016,15,50,NYJ,MIA,-0.0045218402626458,1.0,0,-21.0,False
2016,15,50,BAL,PHI,-0.0382174808155659,1.0,-1,1.0,True
2016,15,50,BUF,CLE,0.2134559474685414,1.0,0,20.0,True
2016,15,50,CHI,GB,-0.0473669706833095,1.0,0,-3.0,False
2016,15,50,CIN,PIT,-0.0811652075543584,1.0,0,-4.0,False
2016,15,50,HOU,JAX,0.0351877799454699,1.0,0,1.0,True
2016,15,50,KC,TEN,-0.1279559302823263,1.0,3,-2.0,False
2016,15,50,MIN,IND,-0.0692052741104424,1.0,0,-28.0,False
2016,15,50,NYG,DET,-0.0970548148309959,1.0,0,11.0,True
2016,15,50,ARI,NO,-0.200917221251737,1.0,0,-7.0,False
2016,15,50,ATL,SF,0.2941588288503135,1.0,0,28.0,True
2016,15,50,DEN,NE,-0.2694386258119937,1.0,1,-13.0,False
2016,15,50,DAL,TB,0.2035610521842631,1.0,0,6.0,True
2016,15,50,WAS,CAR,0.2057228182619508,1.0,0,-11.0,False
2016,15,100,SEA,LA,0.2378004038437144,1.0,0,21.0,True
2016,15,100,NYJ,MIA,-0.0015988985002366,1.0,0,-21.0,False
2016,15,100,BAL,PHI,-0.0447764276109935,1.0,-1,1.0,True
2016,15,100,BUF,CLE,0.2142766723044132,1.0,0,20.0,True
2016,15,100,CHI,GB,-0.0459573999149856,1.0,0,-3.0,False
2016,15,100,CIN,PIT,-0.0762798581735082,1.0,0,-4.0,False
2016,15,100,HOU,JAX,0.0412230437308233,1.0,0,1.0,True
2016,15,100,KC,TEN,-0.1276068170554559,1.0,3,-2.0,False
2016,15,100,MIN,IND,-0.0623836385233607,1.0,0,-28.0,False
2016,15,100,NYG,DET,-0.0961997710395674,1.0,0,11.0,True
2016,15,100,ARI,NO,-0.1987603633371218,1.0,0,-7.0,False
2016,15,100,ATL,SF,0.2951148154264492,1.0,0,28.0,True
2016,15,100,DEN,NE,-0.2694588194679092,1.0,1,-13.0,False
2016,15,100,DAL,TB,0.2069664642784136,1.0,0,6.0,True
2016,15,100,WAS,CAR,0.2054873109655355,1.0,0,-11.0,False
2016,16,2,PHI,NYG,-0.2637902310547668,1.0,0,5.0,True
2016,16,2,BUF,MIA,-0.0615989397794456,1.0,-1,-3.0,False
2016,16,2,CAR,ATL,-0.2624536996210815,1.0,-1,-17.0,False
2016,16,2,CHI,WAS,-0.1559815845436304,1.0,1,-20.0,False
2016,16,2,GB,MIN,0.5321406919969666,1.0,0,13.0,True
2016,16,2,JAX,TEN,-0.2417142744078053,1.0,0,21.0,True
2016,16,2,NE,NYJ,0.5349509752309324,1.0,-1,38.0,True
2016,16,2,LA,SF,-0.385288602670186,1.0,3,-1.0,False
2016,16,2,NO,TB,0.1871170709678358,1.0,0,7.0,True
2016,16,2,SEA,ARI,0.2123100260346047,1.0,3,-3.0,False
2016,16,2,HOU,CIN,-0.0231073977198966,1.0,0,2.0,True
2016,16,2,PIT,BAL,0.3490873594770007,1.0,0,4.0,True
2016,16,2,KC,DEN,0.1989205113918816,1.0,0,23.0,True
2016,16,2,DAL,DET,0.1837770786945612,1.0,0,21.0,True
2016,16,4,PHI,NYG,-0.1630017172672223,1.0,0,5.0,True
2016,16,4,BUF,MIA,-0.0200860395331287,1.0,-1,-3.0,False
2016,16,4,CAR,ATL,-0.2506576159191084,1.0,-1,-17.0,False
2016,16,4,CHI,WAS,-0.156232201563551,1.0,1,-20.0,False
2016,16,4,GB,MIN,0.3459902204303277,1.0,0,13.0,True
2016,16,4,JAX,TEN,-0.2706953406653655,1.0,0,21.0,True
2016,16,4,NE,NYJ,0.3858011832494555,1.0,-1,38.0,True
2016,16,4,LA,SF,-0.2624333216689564,1.0,3,-1.0,False
2016,16,4,NO,TB,0.1656776600615049,1.0,0,7.0,True
2016,16,4,SEA,ARI,0.1604523210415511,1.0,3,-3.0,False
2016,16,4,HOU,CIN,-0.0827479715151363,1.0,0,2.0,True
2016,16,4,PIT,BAL,0.2906168884690939,1.0,0,4.0,True
2016,16,4,KC,DEN,0.145043960979059,1.0,0,23.0,True
2016,16,4,DAL,DET,0.1707721711333729,1.0,0,21.0,True
2016,16,6,PHI,NYG,-0.108610347425573,1.0,0,5.0,True
2016,16,6,BUF,MIA,0.0031401706615748,1.0,-1,-3.0,False
2016,16,6,CAR,ATL,-0.2512323327909162,1.0,-1,-17.0,False
2016,16,6,CHI,WAS,-0.1514133977243906,1.0,1,-20.0,False
2016,16,6,GB,MIN,0.2741016902591647,1.0,0,13.0,True
2016,16,6,JAX,TEN,-0.27751381466373,1.0,0,21.0,True
2016,16,6,NE,NYJ,0.3373490807579081,1.0,-1,38.0,True
2016,16,6,LA,SF,-0.2142978222899669,1.0,3,-1.0,False
2016,16,6,NO,TB,0.1654383843056905,1.0,0,7.0,True
2016,16,6,SEA,ARI,0.1461478464830781,1.0,3,-3.0,False
2016,16,6,HOU,CIN,-0.0932127401860534,1.0,0,2.0,True
2016,16,6,PIT,BAL,0.2585433278242685,1.0,0,4.0,True
2016,16,6,KC,DEN,0.1242442823995395,1.0,0,23.0,True
2016,16,6,DAL,DET,0.178438705045705,1.0,0,21.0,True
2016,16,10,PHI,NYG,-0.0581690880220956,1.0,0,5.0,True
2016,16,10,BUF,MIA,0.0263611157995744,1.0,-1,-3.0,False
2016,16,10,CAR,ATL,-0.2528933514566622,1.0,-1,-17.0,False
2016,16,10,CHI,WAS,-0.1462756465378403,1.0,1,-20.0,False
2016,16,10,GB,MIN,0.2159533792478237,1.0,0,13.0,True
2016,16,10,JAX,TEN,-0.2816321834199007,1.0,0,21.0,True
2016,16,10,NE,NYJ,0.3039593459636139,1.0,-1,38.0,True
2016,16,10,LA,SF,-0.177169498348636,1.0,3,-1.0,False
2016,16,10,NO,TB,0.1668035724404361,1.0,0,7.0,True
2016,16,10,SEA,ARI,0.1343859808234891,1.0,3,-3.0,False
2016,16,10,HOU,CIN,-0.0962266093168486,1.0,0,2.0,True
2016,16,10,PIT,BAL,0.22834993615704,1.0,0,4.0,True
2016,16,10,KC,DEN,0.1059930239771395,1.0,0,23.0,True
2016,16,10,DAL,DET,0.188551475567322,1.0,0,21.0,True
2016,16,20,PHI,NYG,-0.0172444712493441,1.0,0,5.0,True
2016,16,20,BUF,MIA,0.0463179609473163,1.0,-1,-3.0,False
2016,16,20,CAR,ATL,-0.254210961636256,1.0,-1,-17.0,False
2016,16,20,CHI,WAS,-0.1422233347131453,1.0,1,-20.0,False
2016,16,20,GB,MIN,0.1735108000985571,1.0,0,13.0,True
2016,16,20,JAX,TEN,-0.2841713522826619,1.0,0,21.0,True
2016,16,20,NE,NYJ,0.2834070781713381,1.0,-1,38.0,True
2016,16,20,LA,SF,-0.1518060562957409,1.0,3,-1.0,False
2016,16,20,NO,TB,0.1681973635862494,1.0,0,7.0,True
2016,16,20,SEA,ARI,0.1250431281962754,1.0,3,-3.0,False
2016,16,20,HOU,CIN,-0.095009767093493,1.0,0,2.0,True
2016,16,20,PIT,BAL,0.2037240846779765,1.0,0,4.0,True
2016,16,20,KC,DEN,0.0912741080110315,1.0,0,23.0,True
2016,16,20,DAL,DET,0.1976523345304192,1.0,0,21.0,True
2016,16,50,PHI,NYG,0.0081715328927836,1.0,0,5.0,True
2016,16,50,BUF,MIA,0.0591436104209278,1.0,-1,-3.0,False
2016,16,50,CAR,ATL,-0.2547678546559574,1.0,-1,-17.0,False
2016,16,50,CHI,WAS,-0.1399201523064375,1.0,1,-20.0,False
2016,16,50,GB,MIN,0.1490561269139217,1.0,0,13.0,True
2016,16,50,JAX,TEN,-0.2855838485411642,1.0,0,21.0,True
2016,16,50,NE,NYJ,0.2731903160650615,1.0,-1,38.0,True
2016,16,50,LA,SF,-0.1381141338990485,1.0,3,-1.0,False
2016,16,50,NO,TB,0.1690053399386916,1.0,0,7.0,True
2016,16,50,SEA,ARI,0.1191897529095153,1.0,3,-3.0,False
2016,16,50,HOU,CIN,-0.09283935637588,1.0,0,2.0,True
2016,16,50,PIT,BAL,0.1884642444544563,1.0,0,4.0,True
2016,16,50,KC,DEN,0.08203288599602,1.0,0,23.0,True
2016,16,50,DAL,DET,0.2033923117895172,1.0,0,21.0,True
2016,16,100,PHI,NYG,0.0167382561864696,1.0,0,5.0,True
2016,16,100,BUF,MIA,0.0635308026718704,1.0,-1,-3.0,False
2016,16,100,CAR,ATL,-0.254884605826279,1.0,-1,-17.0,False
2016,16,100,CHI,WAS,-0.1391961284154411,1.0,1,-20.0,False
2016,16,100,GB,MIN,0.1411278081476413,1.0,0,13.0,True
2016,16,100,JAX,TEN,-0.2860494291348778,1.0,0,21.0,True
2016,16,100,NE,NYJ,0.2701505285576542,1.0,-1,38.0,True
2016,16,100,LA,SF,-0.13385151524961,1.0,3,-1.0,False
2016,16,100,NO,TB,0.1692518529637697,1.0,0,7.0,True
2016,16,100,SEA,ARI,0.1171999589759939,1.0,3,-3.0,False
2016,16,100,HOU,CIN,-0.091883065955738,1.0,0,2.0,True
2016,16,100,PIT,BAL,0.1833379251669195,1.0,0,4.0,True
2016,16,100,KC,DEN,0.0788894187402701,1.0,0,23.0,True
2016,16,100,DAL,DET,0.2053128232175907,1.0,0,21.0,True
2016,17,2,CIN,BAL,0.0650661867557217,1.0,1,17.0,True
2016,17,2,IND,JAX,0.108212518354614,1.0,0,4.0,True
2016,17,2,MIA,NE,-0.3683166147026026,1.0,0,-21.0,False
2016,17,2,MIN,CHI,0.0084953400316103,1.0,0,28.0,True
2016,17,2,NYJ,BUF,-0.4549345722664286,1.0,0,20.0,True
2016,17,2,PHI,DAL,-0.4137666864270484,1.0,4,14.0,True
2016,17,2,PIT,CLE,0.4775683006992525,1.0,-1,3.0,True
2016,17,2,TB,CAR,-0.0273019467468432,1.0,0,1.0,True
2016,17,2,TEN,HOU,0.0945735378202753,1.0,0,7.0,True
2016,17,2,ATL,NO,0.2066851690828317,1.0,0,6.0,True
2016,17,2,LA,ARI,-0.4518791476734703,1.0,0,-38.0,False
2016,17,2,SF,SEA,0.040209653820111,1.0,0,-2.0,False
2016,17,2,WAS,NYG,0.3113662595901666,1.0,-2,-9.0,False
2016,17,2,DET,GB,-0.3345076738223332,1.0,-2,-7.0,False
2016,17,4,CIN,BAL,0.04868197995817,1.0,1,17.0,True
2016,17,4,IND,JAX,0.161807865012705,1.0,0,4.0,True
2016,17,4,MIA,NE,-0.2716311704820359,1.0,0,-21.0,False
2016,17,4,MIN,CHI,-0.0369133221440308,1.0,0,28.0,True
2016,17,4,NYJ,BUF,-0.2796486622906208,1.0,0,20.0,True
2016,17,4,PHI,DAL,-0.3801996439473913,1.0,4,14.0,True
2016,17,4,PIT,CLE,0.4470794141758704,1.0,-1,3.0,True
2016,17,4,TB,CAR,0.0075727557757349,1.0,0,1.0,True
2016,17,4,TEN,HOU,0.1904396795514573,1.0,0,7.0,True
2016,17,4,ATL,NO,0.126891860612793,1.0,0,6.0,True
2016,17,4,LA,ARI,-0.3221356198675776,1.0,0,-38.0,False
2016,17,4,SF,SEA,-0.0348128456380577,1.0,0,-2.0,False
2016,17,4,WAS,NYG,0.2537476688110041,1.0,-2,-9.0,False
2016,17,4,DET,GB,-0.1789732468546085,1.0,-2,-7.0,False
2016,17,6,CIN,BAL,0.0497416478918834,1.0,1,17.0,True
2016,17,6,IND,JAX,0.1684458899947644,1.0,0,4.0,True
2016,17,6,MIA,NE,-0.246372448153619,1.0,0,-21.0,False
2016,17,6,MIN,CHI,-0.0466862501074562,1.0,0,28.0,True
2016,17,6,NYJ,BUF,-0.2222832753434744,1.0,0,20.0,True
2016,17,6,PHI,DAL,-0.3543552257909574,1.0,4,14.0,True
2016,17,6,PIT,CLE,0.4139602439151135,1.0,-1,3.0,True
2016,17,6,TB,CAR,0.0159386993606081,1.0,0,1.0,True
2016,17,6,TEN,HOU,0.2109460774452147,1.0,0,7.0,True
2016,17,6,ATL,NO,0.1025961716192406,1.0,0,6.0,True
2016,17,6,LA,ARI,-0.2714343247117755,1.0,0,-38.0,False
2016,17,6,SF,SEA,-0.0669684219362869,1.0,0,-2.0,False
2016,17,6,WAS,NYG,0.244118091180349,1.0,-2,-9.0,False
2016,17,6,DET,GB,-0.1331538748954607,1.0,-2,-7.0,False
2016,17,10,CIN,BAL,0.0524340514685726,1.0,1,17.0,True
2016,17,10,IND,JAX,0.1702901211150086,1.0,0,4.0,True
2016,17,10,MIA,NE,-0.2327479144124864,1.0,0,-21.0,False
2016,17,10,MIN,CHI,-0.0491172908092181,1.0,0,28.0,True
2016,17,10,NYJ,BUF,-0.1826036349757296,1.0,0,20.0,True
2016,17,10,PHI,DAL,-0.326495689809837,1.0,4,14.0,True
2016,17,10,PIT,CLE,0.3768754546486559,1.0,-1,3.0,True
2016,17,10,TB,CAR,0.0194568210392711,1.0,0,1.0,True
2016,17,10,TEN,HOU,0.2184446776704567,1.0,0,7.0,True
2016,17,10,ATL,NO,0.0875059435790259,1.0,0,6.0,True
2016,17,10,LA,ARI,-0.2337730641460617,1.0,0,-38.0,False
2016,17,10,SF,SEA,-0.0939549117406401,1.0,0,-2.0,False
2016,17,10,WAS,NYG,0.2415709997348856,1.0,-2,-9.0,False
2016,17,10,DET,GB,-0.1053123826840012,1.0,-2,-7.0,False
2016,17,20,CIN,BAL,0.0549369066677545,1.0,1,17.0,True
2016,17,20,IND,JAX,0.1703717031097858,1.0,0,4.0,True
2016,17,20,MIA,NE,-0.2274369262113305,1.0,0,-21.0,False
2016,17,20,MIN,CHI,-0.0466116523596936,1.0,0,28.0,True
2016,17,20,NYJ,BUF,-0.1581479808176714,1.0,0,20.0,True
2016,17,20,PHI,DAL,-0.3013947263203886,1.0,4,14.0,True
2016,17,20,PIT,CLE,0.3435788209279967,1.0,-1,3.0,True
2016,17,20,TB,CAR,0.0197737436356944,1.0,0,1.0,True
2016,17,20,TEN,HOU,0.2179328711168881,1.0,0,7.0,True
2016,17,20,ATL,NO,0.0794030856461326,1.0,0,6.0,True
2016,17,20,LA,ARI,-0.2093709423719265,1.0,0,-38.0,False
2016,17,20,SF,SEA,-0.1137272305203427,1.0,0,-2.0,False
2016,17,20,WAS,NYG,0.2427524463362779,1.0,-2,-9.0,False
2016,17,20,DET,GB,-0.0913099464237667,1.0,-2,-7.0,False
2016,17,50,CIN,BAL,0.0564153230468894,1.0,1,17.0,True
2016,17,50,IND,JAX,0.1701515663155731,1.0,0,4.0,True
2016,17,50,MIA,NE,-0.2264304080695389,1.0,0,-21.0,False
2016,17,50,MIN,CHI,-0.0430853703833295,1.0,0,28.0,True
2016,17,50,NYJ,BUF,-0.1459761071156912,1.0,0,20.0,True
2016,17,50,PHI,DAL,-0.2847451234381636,1.0,4,14.0,True
2016,17,50,PIT,CLE,0.3218815683441396,1.0,-1,3.0,True
2016,17,50,TB,CAR,0.0189363479303637,1.0,0,1.0,True
2016,17,50,TEN,HOU,0.2150391131121277,1.0,0,7.0,True
2016,17,50,ATL,NO,0.0759055461460558,1.0,0,6.0,True
2016,17,50,LA,ARI,-0.196855993131598,1.0,0,-38.0,False
2016,17,50,SF,SEA,-0.1249351321555379,1.0,0,-2.0,False
2016,17,50,WAS,NYG,0.2446391884937735,1.0,-2,-9.0,False
2016,17,50,DET,GB,-0.0860275703842422,1.0,-2,-7.0,False
2016,17,100,CIN,BAL,0.0568813103563106,1.0,1,17.0,True
2016,17,100,IND,JAX,0.1700604944993597,1.0,0,4.0,True
2016,17,100,MIA,NE,-0.2264587459117823,1.0,0,-21.0,False
2016,17,100,MIN,CHI,-0.0415627587398242,1.0,0,28.0,True
2016,17,100,NYJ,BUF,-0.1423493100856991,1.0,0,20.0,True
2016,17,100,PHI,DAL,-0.278955741829924,1.0,4,14.0,True
2016,17,100,PIT,CLE,0.3144380315739639,1.0,-1,3.0,True
2016,17,100,TB,CAR,0.0184849775643548,1.0,0,1.0,True
2016,17,100,TEN,HOU,0.2136556766653265,1.0,0,7.0,True
2016,17,100,ATL,NO,0.0749578605917362,1.0,0,6.0,True
2016,17,100,LA,ARI,-0.1930791801728185,1.0,0,-38.0,False
2016,17,100,SF,SEA,-0.1285121179338967,1.0,0,-2.0,False
2016,17,100,WAS,NYG,0.2454462915741839,1.0,-2,-9.0,False
2016,17,100,DET,GB,-0.0847933598874292,1.0,-2,-7.0,False
2017,4,2,GB,CHI,-0.118153492838686,1.0,0,21.0,True
2017,4,2,ATL,BUF,0.209882452282113,1.0,0,-6.0,False
2017,4,2,BAL,PIT,-0.1793302951152729,1.0,0,-17.0,False
2017,4,2,CLE,CIN,-0.0996793569317893,1.0,0,-24.0,False
2017,4,2,DAL,LA,-0.0199848199287021,1.0,-4,-5.0,False
2017,4,2,HOU,TEN,-0.2449902374073909,1.0,0,43.0,True
2017,4,2,MIN,DET,0.3155591995781872,1.0,0,-7.0,False
2017,4,2,NE,CAR,0.3740233246366683,1.0,0,-3.0,False
2017,4,2,NYJ,JAX,-0.1390996757620764,1.0,0,3.0,True
2017,4,2,ARI,SF,-0.0821869848094729,1.0,-4,3.0,True
2017,4,2,LAC,PHI,-0.1353044758443286,1.0,0,-2.0,False
2017,4,2,TB,NYG,-0.1741482001133563,1.0,0,2.0,True
2017,4,2,SEA,IND,0.052425574080518,1.0,0,28.0,True
2017,4,2,MIA,NO,-0.5091326690646363,0.0,0,-20.0,False
2017,4,2,KC,WAS,0.0259017602511275,1.0,0,9.0,True
2017,4,4,GB,CHI,-0.1069732411489046,1.0,0,21.0,True
2017,4,4,ATL,BUF,0.18522088711845,1.0,0,-6.0,False
2017,4,4,BAL,PIT,-0.1347399567222694,1.0,0,-17.0,False
2017,4,4,CLE,CIN,-0.0942337000194832,1.0,0,-24.0,False
2017,4,4,DAL,LA,-0.0498158522924111,1.0,-4,-5.0,False
2017,4,4,HOU,TEN,-0.2139793568962294,1.0,0,43.0,True
2017,4,4,MIN,DET,0.2716613062741843,1.0,0,-7.0,False
2017,4,4,NE,CAR,0.2959185770665403,1.0,0,-3.0,False
2017,4,4,NYJ,JAX,-0.1399957389014589,1.0,0,3.0,True
2017,4,4,ARI,SF,-0.077373542397204,1.0,-4,3.0,True
2017,4,4,LAC,PHI,-0.1342228960716329,1.0,0,-2.0,False
2017,4,4,TB,NYG,-0.1057632719537879,1.0,0,2.0,True
2017,4,4,SEA,IND,0.1009382871570131,1.0,0,28.0,True
2017,4,4,MIA,NO,-0.4175912249888555,0.0,0,-20.0,False
2017,4,4,KC,WAS,0.0649492628614708,1.0,0,9.0,True
2017,4,6,GB,CHI,-0.1031827588555546,1.0,0,21.0,True
2017,4,6,ATL,BUF,0.1759247832991872,1.0,0,-6.0,False
2017,4,6,BAL,PIT,-0.1211391182864172,1.0,0,-17.0,False
2017,4,6,CLE,CIN,-0.0921254472688124,1.0,0,-24.0,False
2017,4,6,DAL,LA,-0.0600473033297065,1.0,-4,-5.0,False
2017,4,6,HOU,TEN,-0.2026793779602191,1.0,0,43.0,True
2017,4,6,MIN,DET,0.2568681321431378,1.0,0,-7.0,False
2017,4,6,NE,CAR,0.2693813262194226,1.0,0,-3.0,False
2017,4,6,NYJ,JAX,-0.1414254742166391,1.0,0,3.0,True
2017,4,6,ARI,SF,-0.0760319416411221,1.0,-4,3.0,True
2017,4,6,LAC,PHI,-0.1344425433394694,1.0,0,-2.0,False
2017,4,6,TB,NYG,-0.0815645819547163,1.0,0,2.0,True
2017,4,6,SEA,IND,0.1180708100003153,1.0,0,28.0,True
2017,4,6,MIA,NO,-0.3875833825225928,0.0,0,-20.0,False
2017,4,6,KC,WAS,0.0775880046077707,1.0,0,9.0,True
2017,4,10,GB,CHI,-0.1001444185913749,1.0,0,21.0,True
2017,4,10,ATL,BUF,0.1681221204971694,1.0,0,-6.0,False
2017,4,10,BAL,PIT,-0.1107262874636786,1.0,0,-17.0,False
2017,4,10,CLE,CIN,-0.0903306643109213,1.0,0,-24.0,False
2017,4,10,DAL,LA,-0.0683221091513068,1.0,-4,-5.0,False
2017,4,10,HOU,TEN,-0.1933373509234714,1.0,0,43.0,True
2017,4,10,MIN,DET,0.2450313726759225,1.0,0,-7.0,False
2017,4,10,NE,CAR,0.2480530570610873,1.0,0,-3.0,False
2017,4,10,NYJ,JAX,-0.1429526237318047,1.0,0,3.0,True
2017,4,10,ARI,SF,-0.0750477917704903,1.0,-4,3.0,True
2017,4,10,LAC,PHI,-0.1348310010810367,1.0,0,-2.0,False
2017,4,10,TB,NYG,-0.0617392743827303,1.0,0,2.0,True
2017,4,10,SEA,IND,0.1320919882824865,1.0,0,28.0,True
2017,4,10,MIA,NO,-0.3638608905113125,0.0,0,-20.0,False
2017,4,10,KC,WAS,0.0875480873113579,1.0,0,9.0,True
2017,4,20,GB,CHI,-0.0978672123695835,1.0,0,21.0,True
2017,4,20,ATL,BUF,0.1620658448552784,1.0,0,-6.0,False
2017,4,20,BAL,PIT,-0.1031911944654009,1.0,0,-17.0,False
2017,4,20,CLE,CIN,-0.0889213201900963,1.0,0,-24.0,False
2017,4,20,DAL,LA,-0.0745767478229463,1.0,-4,-5.0,False
2017,4,20,HOU,TEN,-0.1861702979649669,1.0,0,43.0,True
2017,4,20,MIN,DET,0.2361696428812342,1.0,0,-7.0,False
2017,4,20,NE,CAR,0.2320249724504734,1.0,0,-3.0,False
2017,4,20,NYJ,JAX,-0.1443133746245191,1.0,0,3.0,True
2017,4,20,ARI,SF,-0.074359517173064,1.0,-4,3.0,True
2017,4,20,LAC,PHI,-0.135246248374824,1.0,0,-2.0,False
2017,4,20,TB,NYG,-0.0466125353248623,1.0,0,2.0,True
2017,4,20,SEA,IND,0.142781516829178,1.0,0,28.0,True
2017,4,20,MIA,NO,-0.3462632629897502,0.0,0,-20.0,False
2017,4,20,KC,WAS,0.0949263164319041,1.0,0,9.0,True
2017,4,50,GB,CHI,-0.0965030307694194,1.0,0,21.0,True
2017,4,50,ATL,BUF,0.1583512003158323,1.0,0,-6.0,False
2017,4,50,BAL,PIT,-0.0987832413727979,1.0,0,-17.0,False
2017,4,50,CLE,CIN,-0.0880497491550195,1.0,0,-24.0,False
2017,4,50,DAL,LA,-0.0783484228667582,1.0,-4,-5.0,False
2017,4,50,HOU,TEN,-0.1818090961848774,1.0,0,43.0,True
2017,4,50,MIN,DET,0.2308643783629655,1.0,0,-7.0,False
2017,4,50,NE,CAR,0.2224028823996653,1.0,0,-3.0,False
2017,4,50,NYJ,JAX,-0.1452157845256537,1.0,0,3.0,True
2017,4,50,ARI,SF,-0.073966338419572,1.0,-4,3.0,True
2017,4,50,LAC,PHI,-0.1355461085645247,1.0,0,-2.0,False
2017,4,50,TB,NYG,-0.0374351897115131,1.0,0,2.0,True
2017,4,50,SEA,IND,0.1492634474839146,1.0,0,28.0,True
2017,4,50,MIA,NO,-0.3357930238976649,0.0,0,-20.0,False
2017,4,50,KC,WAS,0.0993144101851236,1.0,0,9.0,True
2017,4,100,GB,CHI,-0.0960488130531075,1.0,0,21.0,True
2017,4,100,ATL,BUF,0.1570998579842324,1.0,0,-6.0,False
2017,4,100,BAL,PIT,-0.0973327669864917,1.0,0,-17.0,False
2017,4,100,CLE,CIN,-0.0877549119816242,1.0,0,-24.0,False
2017,4,100,DAL,LA,-0.0796086905933473,1.0,-4,-5.0,False
2017,4,100,HOU,TEN,-0.1803457421732192,1.0,0,43.0,True
2017,4,100,MIN,DET,0.2290984605111275,1.0,0,-7.0,False
2017,4,100,NE,CAR,0.2191954605203417,1.0,0,-3.0,False
2017,4,100,NYJ,JAX,-0.1455306315663854,1.0,0,3.0,True
2017,4,100,ARI,SF,-0.0738384988596017,1.0,-4,3.0,True
2017,4,100,LAC,PHI,-0.1356544724033327,1.0,0,-2.0,False
2017,4,100,TB,NYG,-0.034359705990671,1.0,0,2.0,True
2017,4,100,SEA,IND,0.1514351200844528,1.0,0,28.0,True
2017,4,100,MIA,NO,-0.3323185085380957,0.0,0,-20.0,False
2017,4,100,KC,WAS,0.1007705312726269,1.0,0,9.0,True
2017,5,2,TB,NE,-0.0857490065339818,1.0,0,-5.0,False
2017,5,2,CIN,BUF,0.1544260593791622,1.0,0,4.0,True
2017,5,2,CLE,NYJ,-0.3827953230652325,1.0,0,-3.0,False
2017,5,2,DET,CAR,0.0480418782830807,1.0,0,-3.0,False
2017,5,2,IND,SF,-0.1011578238630224,1.0,0,3.0,True
2017,5,2,MIA,TEN,-0.3262544012636443,1.0,0,6.0,True
2017,5,2,NYG,LAC,0.0862836282471988,1.0,0,-5.0,False
2017,5,2,PHI,ARI,0.0756797974861379,1.0,0,27.0,True
2017,5,2,PIT,JAX,-0.0372293639329807,1.0,0,-21.0,False
2017,5,2,LA,SEA,-0.0235136684737643,1.0,0,-6.0,False
2017,5,2,DAL,GB,0.1454049808299378,1.0,-3,-4.0,False
2017,5,2,HOU,KC,-0.0181459719362977,1.0,1,-8.0,False
2017,5,2,CHI,MIN,-0.3407770969139415,1.0,3,-3.0,False
2017,5,4,TB,NE,-0.0776996367423765,1.0,0,-5.0,False
2017,5,4,CIN,BUF,0.0788881266074025,1.0,0,4.0,True
2017,5,4,CLE,NYJ,-0.3042769582348439,1.0,0,-3.0,False
2017,5,4,DET,CAR,0.0565428466180076,1.0,0,-3.0,False
2017,5,4,IND,SF,-0.0851540473686135,1.0,0,3.0,True
2017,5,4,MIA,TEN,-0.3611089659952089,1.0,0,6.0,True
2017,5,4,NYG,LAC,0.0606328126044443,1.0,0,-5.0,False
2017,5,4,PHI,ARI,0.1045696331677283,1.0,0,27.0,True
2017,5,4,PIT,JAX,-0.0267231151075844,1.0,0,-21.0,False
2017,5,4,LA,SEA,0.0369128439501379,1.0,0,-6.0,False
2017,5,4,DAL,GB,0.1771821680430584,1.0,-3,-4.0,False
2017,5,4,HOU,KC,-0.0598817451564799,1.0,1,-8.0,False
2017,5,4,CHI,MIN,-0.336565771307983,1.0,3,-3.0,False
2017,5,6,TB,NE,-0.072628847864453,1.0,0,-5.0,False
2017,5,6,CIN,BUF,0.0532418736544302,1.0,0,4.0,True
2017,5,6,CLE,NYJ,-0.2776526955070273,1.0,0,-3.0,False
2017,5,6,DET,CAR,0.0587150298602943,1.0,0,-3.0,False
2017,5,6,IND,SF,-0.0810485075060848,1.0,0,3.0,True
2017,5,6,MIA,TEN,-0.3701461867989539,1.0,0,6.0,True
2017,5,6,NYG,LAC,0.0502199883598655,1.0,0,-5.0,False
2017,5,6,PHI,ARI,0.1156733760405088,1.0,0,27.0,True
2017,5,6,PIT,JAX,-0.0218247202999899,1.0,0,-21.0,False
2017,5,6,LA,SEA,0.056529042228021,1.0,0,-6.0,False
2017,5,6,DAL,GB,0.18638563373502,1.0,-3,-4.0,False
2017,5,6,HOU,KC,-0.0728705652563557,1.0,1,-8.0,False
2017,5,6,CHI,MIN,-0.335958440426001,1.0,3,-3.0,False
2017,5,10,TB,NE,-0.0676382287001424,1.0,0,-5.0,False
2017,5,10,CIN,BUF,0.0326286784830446,1.0,0,4.0,True
2017,5,10,CLE,NYJ,-0.2563686015069746,1.0,0,-3.0,False
2017,5,10,DET,CAR,0.0601974451884267,1.0,0,-3.0,False
2017,5,10,IND,SF,-0.0782284776376979,1.0,0,3.0,True
2017,5,10,MIA,TEN,-0.3763531109984598,1.0,0,6.0,True
2017,5,10,NYG,LAC,0.0412351962943362,1.0,0,-5.0,False
2017,5,10,PHI,ARI,0.125077211852794,1.0,0,27.0,True
2017,5,10,PIT,JAX,-0.0174838654071605,1.0,0,-21.0,False
2017,5,10,LA,SEA,0.0719963741464508,1.0,0,-6.0,False
2017,5,10,DAL,GB,0.1932126159961247,1.0,-3,-4.0,False
2017,5,10,HOU,KC,-0.0829022493825622,1.0,1,-8.0,False
2017,5,10,CHI,MIN,-0.3357563206460817,1.0,3,-3.0,False
2017,5,20,TB,NE,-0.0633343669997461,1.0,0,-5.0,False
2017,5,20,CIN,BUF,0.0171357252988137,1.0,0,4.0,True
2017,5,20,CLE,NYJ,-0.2404711539446441,1.0,0,-3.0,False
2017,5,20,DET,CAR,0.0611573569424664,1.0,0,-3.0,False
2017,5,20,IND,SF,-0.0763870159834257,1.0,0,3.0,True
2017,5,20,MIA,TEN,-0.3803926435573685,1.0,0,6.0,True
2017,5,20,NYG,LAC,0.0341261155364328,1.0,0,-5.0,False
2017,5,20,PHI,ARI,0.1324263796026182,1.0,0,27.0,True
2017,5,20,PIT,JAX,-0.0140138228450463,1.0,0,-21.0,False
2017,5,20,LA,SEA,0.0834589957152013,1.0,0,-6.0,False
2017,5,20,DAL,GB,0.1980165814073005,1.0,-3,-4.0,False
2017,5,20,HOU,KC,-0.0902115900158897,1.0,1,-8.0,False
2017,5,20,CHI,MIN,-0.3357670510266085,1.0,3,-3.0,False
2017,5,50,TB,NE,-0.0605174600571924,1.0,0,-5.0,False
2017,5,50,CIN,BUF,0.007833586239747,1.0,0,4.0,True
2017,5,50,CLE,NYJ,-0.2309771931086196,1.0,0,-3.0,False
2017,5,50,DET,CAR,0.0616702632114167,1.0,0,-3.0,False
2017,5,50,IND,SF,-0.0753949166291799,1.0,0,3.0,True
2017,5,50,MIA,TEN,-0.3825588083320713,1.0,0,6.0,True
2017,5,50,NYG,LAC,0.0297127250276963,1.0,0,-5.0,False
2017,5,50,PHI,ARI,0.1369547689500964,1.0,0,27.0,True
2017,5,50,PIT,JAX,-0.0118543188197555,1.0,0,-21.0,False
2017,5,50,LA,SEA,0.0902786391510138,1.0,0,-6.0,False
2017,5,50,DAL,GB,0.2007688248531939,1.0,-3,-4.0,False
2017,5,50,HOU,KC,-0.0945080135820946,1.0,1,-8.0,False
2017,5,50,CHI,MIN,-0.3358389570668554,1.0,3,-3.0,False
2017,5,100,TB,NE,-0.0595390781732231,1.0,0,-5.0,False
2017,5,100,CIN,BUF,0.0047325689870956,1.0,0,4.0,True
2017,5,100,CLE,NYJ,-0.227821762344883,1.0,0,-3.0,False
2017,5,100,DET,CAR,0.0618306942848576,1.0,0,-3.0,False
2017,5,100,IND,SF,-0.0750829971276297,1.0,0,3.0,True
2017,5,100,MIA,TEN,-0.3832376100287731,1.0,0,6.0,True
2017,5,100,NYG,LAC,0.0282174713817403,1.0,0,-5.0,False
2017,5,100,PHI,ARI,0.1384836873974682,1.0,0,27.0,True
2017,5,100,PIT,JAX,-0.0111227384232647,1.0,0,-21.0,False
2017,5,100,LA,SEA,0.0925421229387656,1.0,0,-6.0,False
2017,5,100,DAL,GB,0.2016646268896008,1.0,-3,-4.0,False
2017,5,100,HOU,KC,-0.09592522621257,1.0,1,-8.0,False
2017,5,100,CHI,MIN,-0.3358736788837839,1.0,3,-3.0,False
2017,6,2,CAR,PHI,-0.0209239635776278,1.0,0,-5.0,False
2017,6,2,ATL,MIA,0.378549748257731,1.0,7,-3.0,False
2017,6,2,BAL,CHI,-3.612957707890829e-05,1.0,1,-3.0,False
2017,6,2,HOU,CLE,0.326602947003671,1.0,0,16.0,True
2017,6,2,MIN,GB,-0.0208562630423423,1.0,-1,13.0,True
2017,6,2,NO,DET,0.2916389296985309,1.0,7,14.0,True
2017,6,2,NYJ,NE,0.0558720343334638,1.0,-3,-7.0,False
2017,6,2,WAS,SF,0.2281737989103729,1.0,6,2.0,True
2017,6,2,ARI,TB,-0.1567917373008887,1.0,-3,5.0,True
2017,6,2,JAX,LA,0.0344139311166736,1.0,0,-10.0,False
2017,6,2,KC,PIT,0.2238859644572997,1.0,0,-6.0,False
2017,6,2,DEN,NYG,0.0567498670866078,1.0,7,-13.0,False
2017,6,2,TEN,IND,0.0885945739540268,1.0,0,14.0,True
2017,6,4,CAR,PHI,-0.0159011274706401,1.0,0,-5.0,False
2017,6,4,ATL,MIA,0.4236198557875807,1.0,7,-3.0,False
2017,6,4,BAL,CHI,0.0354313455540621,1.0,1,-3.0,False
2017,6,4,HOU,CLE,0.3301429720240422,1.0,0,16.0,True
2017,6,4,MIN,GB,0.0293074310568686,1.0,-1,13.0,True
2017,6,4,NO,DET,0.1763451240381768,1.0,7,14.0,True
2017,6,4,NYJ,NE,0.0168475928828698,1.0,-3,-7.0,False
2017,6,4,WAS,SF,0.2353739045265127,1.0,6,2.0,True
2017,6,4,ARI,TB,-0.1673724629774935,1.0,-3,5.0,True
2017,6,4,JAX,LA,0.0017062967461781,1.0,0,-10.0,False
2017,6,4,KC,PIT,0.2189464494966544,1.0,0,-6.0,False
2017,6,4,DEN,NYG,0.0866928844559081,1.0,7,-13.0,False
2017,6,4,TEN,IND,0.1252996536820483,1.0,0,14.0,True
2017,6,6,CAR,PHI,-0.0128317613013956,1.0,0,-5.0,False
2017,6,6,ATL,MIA,0.437962798665284,1.0,7,-3.0,False
2017,6,6,BAL,CHI,0.050031094501418,1.0,1,-3.0,False
2017,6,6,HOU,CLE,0.3296592053562709,1.0,0,16.0,True
2017,6,6,MIN,GB,0.0469515045714893,1.0,-1,13.0,True
2017,6,6,NO,DET,0.1349102265382414,1.0,7,14.0,True
2017,6,6,NYJ,NE,0.0014513924596742,1.0,-3,-7.0,False
2017,6,6,WAS,SF,0.2364364667727101,1.0,6,2.0,True
2017,6,6,ARI,TB,-0.173722591961121,1.0,-3,5.0,True
2017,6,6,JAX,LA,-0.0117019160972126,1.0,0,-10.0,False
2017,6,6,KC,PIT,0.216045930393465,1.0,0,-6.0,False
2017,6,6,DEN,NYG,0.0976366403768263,1.0,7,-13.0,False
2017,6,6,TEN,IND,0.1378899919771956,1.0,0,14.0,True
2017,6,10,CAR,PHI,-0.009824652831022,1.0,0,-5.0,False
2017,6,10,ATL,MIA,0.4490526553540637,1.0,7,-3.0,False
2017,6,10,BAL,CHI,0.062731022189888,1.0,1,-3.0,False
2017,6,10,HOU,CLE,0.3286557608735888,1.0,0,16.0,True
2017,6,10,MIN,GB,0.061146470461146,1.0,-1,13.0,True
2017,6,10,NO,DET,0.1009197406199124,1.0,7,14.0,True
2017,6,10,NYJ,NE,-0.0115656791784286,1.0,-3,-7.0,False
2017,6,10,WAS,SF,0.2368030540461948,1.0,6,2.0,True
2017,6,10,ARI,TB,-0.17989267553206,1.0,-3,5.0,True
2017,6,10,JAX,LA,-0.0232863311534322,1.0,0,-10.0,False
2017,6,10,KC,PIT,0.2132672136859614,1.0,0,-6.0,False
2017,6,10,DEN,NYG,0.1067411899228814,1.0,7,-13.0,False
2017,6,10,TEN,IND,0.1478954709945636,1.0,0,14.0,True
2017,6,20,CAR,PHI,-0.0072407586193731,1.0,0,-5.0,False
2017,6,20,ATL,MIA,0.4571063998192697,1.0,7,-3.0,False
2017,6,20,BAL,CHI,0.072839123833329,1.0,1,-3.0,False
2017,6,20,HOU,CLE,0.3275471759199965,1.0,0,16.0,True
2017,6,20,MIN,GB,0.0717564889837845,1.0,-1,13.0,True
2017,6,20,NO,DET,0.0750193421649827,1.0,7,14.0,True
2017,6,20,NYJ,NE,-0.0216699575749784,1.0,-3,-7.0,False
2017,6,20,WAS,SF,0.2368024983162135,1.0,6,2.0,True
2017,6,20,ARI,TB,-0.185170460126704,1.0,-3,5.0,True
2017,6,20,JAX,LA,-0.0324480692802475,1.0,0,-10.0,False
2017,6,20,KC,PIT,0.2109238404225509,1.0,0,-6.0,False
2017,6,20,DEN,NYG,0.1137712293797789,1.0,7,-13.0,False
2017,6,20,TEN,IND,0.1553057565500639,1.0,0,14.0,True
2017,6,50,CAR,PHI,-0.0055546055697404,1.0,0,-5.0,False
2017,6,50,ATL,MIA,0.4618187701253257,1.0,7,-3.0,False
2017,6,50,BAL,CHI,0.0791372814660285,1.0,1,-3.0,False
2017,6,50,HOU,CLE,0.3267380598385669,1.0,0,16.0,True
2017,6,50,MIN,GB,0.0780820869776261,1.0,-1,13.0,True
2017,6,50,NO,DET,0.0593385701411497,1.0,7,14.0,True
2017,6,50,NYJ,NE,-0.0278500212079156,1.0,-3,-7.0,False
2017,6,50,WAS,SF,0.2366919018672551,1.0,6,2.0,True
2017,6,50,ARI,TB,-0.1886077692686991,1.0,-3,5.0,True
2017,6,50,JAX,LA,-0.0381296500357067,1.0,0,-10.0,False
2017,6,50,KC,PIT,0.2094150514361486,1.0,0,-6.0,False
2017,6,50,DEN,NYG,0.1180708821751956,1.0,7,-13.0,False
2017,6,50,TEN,IND,0.1596977213661583,1.0,0,14.0,True
2017,6,100,CAR,PHI,-0.004969957348464,1.0,0,-5.0,False
2017,6,100,ATL,MIA,0.4633684564328335,1.0,7,-3.0,False
2017,6,100,BAL,CHI,0.081274657912664,1.0,1,-3.0,False
2017,6,100,HOU,CLE,0.3264447148603266,1.0,0,16.0,True
2017,6,100,MIN,GB,0.0801812688594663,1.0,-1,13.0,True
2017,6,100,NO,DET,0.0540911065437476,1.0,7,14.0,True
2017,6,100,NYJ,NE,-0.0299270996968636,1.0,-3,-7.0,False
2017,6,100,WAS,SF,0.2366370506811952,1.0,6,2.0,True
2017,6,100,ARI,TB,-0.1897988757534933,1.0,-3,5.0,True
2017,6,100,JAX,LA,-0.0400530805949218,1.0,0,-10.0,False
2017,6,100,KC,PIT,0.208895496711122,1.0,0,-6.0,False
2017,6,100,DEN,NYG,0.1195175191962859,1.0,7,-13.0,False
2017,6,100,TEN,IND,0.1611511657738388,1.0,0,14.0,True
2017,7,2,BUF,TB,0.0826632599074575,1.0,7,3.0,True
2017,7,2,CHI,CAR,0.0842036092990464,1.0,-3,14.0,True
2017,7,2,CLE,TEN,-0.3587291221308198,1.0,1,-3.0,False
2017,7,2,GB,NO,-0.2379766104653156,1.0,0,-9.0,False
2017,7,2,IND,JAX,-0.053960898779581,1.0,-1,-27.0,False
2017,7,2,LA,ARI,-0.040426833353744,0.0,0,33.0,True
2017,7,2,MIA,NYJ,-0.107686897259528,1.0,0,3.0,True
2017,7,2,MIN,BAL,0.186893755238536,1.0,0,8.0,True
2017,7,2,SF,DAL,-0.1792045994946413,1.0,-7,-30.0,False
2017,7,2,LAC,DEN,0.2957748939563002,1.0,0,21.0,True
2017,7,2,NYG,SEA,0.162109337380008,1.0,-7,-17.0,False
2017,7,2,PIT,CIN,-0.154897818638764,1.0,-7,15.0,True
2017,7,2,NE,ATL,-0.0578520574277072,1.0,0,16.0,True
2017,7,2,PHI,WAS,0.1285903219954562,1.0,3,10.0,True
2017,7,4,BUF,TB,0.0218799178174886,1.0,7,3.0,True
2017,7,4,CHI,CAR,0.0104190374647449,1.0,-3,14.0,True
2017,7,4,CLE,TEN,-0.3195764902252036,1.0,1,-3.0,False
2017,7,4,GB,NO,-0.1543193151681364,1.0,0,-9.0,False
2017,7,4,IND,JAX,-0.0939168708178761,1.0,-1,-27.0,False
2017,7,4,LA,ARI,0.0561129495002796,0.0,0,33.0,True
2017,7,4,MIA,NYJ,-0.14320402706034,1.0,0,3.0,True
2017,7,4,MIN,BAL,0.1858419591362191,1.0,0,8.0,True
2017,7,4,SF,DAL,-0.2243350031842145,1.0,-7,-30.0,False
2017,7,4,LAC,DEN,0.156237622706277,1.0,0,21.0,True
2017,7,4,NYG,SEA,0.090049643552416,1.0,-7,-17.0,False
2017,7,4,PIT,CIN,-0.0810837949072257,1.0,-7,15.0,True
2017,7,4,NE,ATL,-0.0865720657114263,1.0,0,16.0,True
2017,7,4,PHI,WAS,0.034175390475389,1.0,3,10.0,True
2017,7,6,BUF,TB,0.0038785757803851,1.0,7,3.0,True
2017,7,6,CHI,CAR,-0.0159191606348622,1.0,-3,14.0,True
2017,7,6,CLE,TEN,-0.3078890048482389,1.0,1,-3.0,False
2017,7,6,GB,NO,-0.125252695084251,1.0,0,-9.0,False
2017,7,6,IND,JAX,-0.1070568344148365,1.0,-1,-27.0,False
2017,7,6,LA,ARI,0.0870744621052979,0.0,0,33.0,True
2017,7,6,MIA,NYJ,-0.1523883796756761,1.0,0,3.0,True
2017,7,6,MIN,BAL,0.1844477016140614,1.0,0,8.0,True
2017,7,6,SF,DAL,-0.2396816554121922,1.0,-7,-30.0,False
2017,7,6,LAC,DEN,0.1125137431740668,1.0,0,21.0,True
2017,7,6,NYG,SEA,0.0678890437673618,1.0,-7,-17.0,False
2017,7,6,PIT,CIN,-0.0529065459089767,1.0,-7,15.0,True
2017,7,6,NE,ATL,-0.0972626005253552,1.0,0,16.0,True
2017,7,6,PHI,WAS,0.0043557234309065,1.0,3,10.0,True
2017,7,10,BUF,TB,-0.009771953764679,1.0,7,3.0,True
2017,7,10,CHI,CAR,-0.037495396255356,1.0,-3,14.0,True
2017,7,10,CLE,TEN,-0.2989703138143778,1.0,1,-3.0,False
2017,7,10,GB,NO,-0.1018724165881445,1.0,0,-9.0,False
2017,7,10,IND,JAX,-0.1174821666196804,1.0,-1,-27.0,False
2017,7,10,LA,ARI,0.1115220924177855,0.0,0,33.0,True
2017,7,10,MIA,NYJ,-0.1584308489506662,1.0,0,3.0,True
2017,7,10,MIN,BAL,0.1827903329373799,1.0,0,8.0,True
2017,7,10,SF,DAL,-0.2520138475437516,1.0,-7,-30.0,False
2017,7,10,LAC,DEN,0.0792181351668821,1.0,0,21.0,True
2017,7,10,NYG,SEA,0.0509357314700051,1.0,-7,-17.0,False
2017,7,10,PIT,CIN,-0.0293308386553449,1.0,-7,15.0,True
2017,7,10,NE,ATL,-0.1061576988668843,1.0,0,16.0,True
2017,7,10,PHI,WAS,-0.0181444807381909,1.0,3,10.0,True
2017,7,20,BUF,TB,-0.0195985853904275,1.0,7,3.0,True
2017,7,20,CHI,CAR,-0.053922012688694,1.0,-3,14.0,True
2017,7,20,CLE,TEN,-0.2924969045298531,1.0,1,-3.0,False
2017,7,20,GB,NO,-0.0843383966264558,1.0,0,-9.0,False
2017,7,20,IND,JAX,-0.1252518974516118,1.0,-1,-27.0,False
2017,7,20,LA,ARI,0.1297085673156853,0.0,0,33.0,True
2017,7,20,MIA,NYJ,-0.1621219093525025,1.0,0,3.0,True
2017,7,20,MIN,BAL,0.1811863853269701,1.0,0,8.0,True
2017,7,20,SF,DAL,-0.2612818382817211,1.0,-7,-30.0,False
2017,7,20,LAC,DEN,0.0553867875037642,1.0,0,21.0,True
2017,7,20,NYG,SEA,0.0386927014256248,1.0,-7,-17.0,False
2017,7,20,PIT,CIN,-0.0111415891258851,1.0,-7,15.0,True
2017,7,20,NE,ATL,-0.1130028902458848,1.0,0,16.0,True
2017,7,20,PHI,WAS,-0.0340270886262818,1.0,3,10.0,True
2017,7,50,BUF,TB,-0.0253344898527184,1.0,7,3.0,True
2017,7,50,CHI,CAR,-0.0638612303476451,1.0,-3,14.0,True
2017,7,50,CLE,TEN,-0.2886884014502694,1.0,1,-3.0,False
2017,7,50,GB,NO,-0.0738380428921707,1.0,0,-9.0,False
2017,7,50,IND,JAX,-0.1298952529774548,1.0,-1,-27.0,False
2017,7,50,LA,ARI,0.140570525724092,0.0,0,33.0,True
2017,7,50,MIA,NYJ,-0.1639719338783321,1.0,0,3.0,True
2017,7,50,MIN,BAL,0.1800634917503731,1.0,0,8.0,True
2017,7,50,SF,DAL,-0.2668470615234618,1.0,-7,-30.0,False
2017,7,50,LAC,DEN,0.0415967394272536,1.0,0,21.0,True
2017,7,50,NYG,SEA,0.0315451349554872,1.0,-7,-17.0,False
2017,7,50,PIT,CIN,-5.074876801601513e-05,1.0,-7,15.0,True
2017,7,50,NE,ATL,-0.1171725711794338,1.0,0,16.0,True
2017,7,50,PHI,WAS,-0.043093950577926,1.0,3,10.0,True
2017,7,100,BUF,TB,-0.0272207839573165,1.0,7,3.0,True
2017,7,100,CHI,CAR,-0.0671862789910232,1.0,-3,14.0,True
2017,7,100,CLE,TEN,-0.2874300170253016,1.0,1,-3.0,False
2017,7,100,GB,NO,-0.0703430242551203,1.0,0,-9.0,False
2017,7,100,IND,JAX,-0.1314402415512893,1.0,-1,-27.0,False
2017,7,100,LA,ARI,0.1441839998580096,0.0,0,33.0,True
2017,7,100,MIA,NYJ,-0.164526352224376,1.0,0,3.0,True
2017,7,100,MIN,BAL,0.179661345108797,1.0,0,8.0,True
2017,7,100,SF,DAL,-0.2687025860720337,1.0,-7,-30.0,False
2017,7,100,LAC,DEN,0.0370882859811727,1.0,0,21.0,True
2017,7,100,NYG,SEA,0.0291959383751214,1.0,-7,-17.0,False
2017,7,100,PIT,CIN,0.0036723773491869,1.0,-7,15.0,True
2017,7,100,NE,ATL,-0.1185719083777369,1.0,0,16.0,True
2017,7,100,PHI,WAS,-0.046034120123136,1.0,3,10.0,True
2017,8,2,BAL,MIA,-0.0748761250156238,1.0,0,40.0,True
2017,8,2,CIN,IND,0.0072513206646773,1.0,0,1.0,True
2017,8,2,NE,LAC,0.1470384522267126,1.0,0,8.0,True
2017,8,2,NO,CHI,0.288065336886002,1.0,0,8.0,True
2017,8,2,NYJ,ATL,-0.0067507978425729,1.0,0,-5.0,False
2017,8,2,PHI,SF,0.3340364361483683,1.0,-1,23.0,True
2017,8,2,TB,CAR,0.2071982587314558,1.0,0,-14.0,False
2017,8,2,SEA,HOU,-0.171967117448434,1.0,-7,3.0,True
2017,8,2,WAS,DAL,-0.2531233450041721,1.0,-1,-14.0,False
2017,8,2,DET,PIT,-0.3039876399762477,1.0,7,-5.0,False
2017,8,2,CLE,MIN,-0.4335912156746054,0.0,0,-17.0,False
2017,8,2,KC,DEN,0.4136051525760522,1.0,3,10.0,True
2017,8,4,BAL,MIA,-0.0151346441476152,1.0,0,40.0,True
2017,8,4,CIN,IND,0.0538636617305305,1.0,0,1.0,True
2017,8,4,NE,LAC,0.1517653498104413,1.0,0,8.0,True
2017,8,4,NO,CHI,0.2649690008257317,1.0,0,8.0,True
2017,8,4,NYJ,ATL,-0.0860174053591944,1.0,0,-5.0,False
2017,8,4,PHI,SF,0.2767453578288042,1.0,-1,23.0,True
2017,8,4,TB,CAR,0.1887970006553734,1.0,0,-14.0,False
2017,8,4,SEA,HOU,-0.1584116226035907,1.0,-7,3.0,True
2017,8,4,WAS,DAL,-0.1646778331679785,1.0,-1,-14.0,False
2017,8,4,DET,PIT,-0.1992774181526412,1.0,7,-5.0,False
2017,8,4,CLE,MIN,-0.4236736818448602,0.0,0,-17.0,False
2017,8,4,KC,DEN,0.3658466439479847,1.0,3,10.0,True
2017,8,6,BAL,MIA,0.0090382351641401,1.0,0,40.0,True
2017,8,6,CIN,IND,0.0642701665478041,1.0,0,1.0,True
2017,8,6,NE,LAC,0.1524971683186301,1.0,0,8.0,True
2017,8,6,NO,CHI,0.2530156235058832,1.0,0,8.0,True
2017,8,6,NYJ,ATL,-0.1154653268250188,1.0,0,-5.0,False
2017,8,6,PHI,SF,0.2579846499820153,1.0,-1,23.0,True
2017,8,6,TB,CAR,0.1834531802552418,1.0,0,-14.0,False
2017,8,6,SEA,HOU,-0.1556889675634996,1.0,-7,3.0,True
2017,8,6,WAS,DAL,-0.1386952695025945,1.0,-1,-14.0,False
2017,8,6,DET,PIT,-0.165931412633572,1.0,7,-5.0,False
2017,8,6,CLE,MIN,-0.4214271807556634,0.0,0,-17.0,False
2017,8,6,KC,DEN,0.3470557467314141,1.0,3,10.0,True
2017,8,10,BAL,MIA,0.0299718235849565,1.0,0,40.0,True
2017,8,10,CIN,IND,0.0705869822906918,1.0,0,1.0,True
2017,8,10,NE,LAC,0.152554281378676,1.0,0,8.0,True
2017,8,10,NO,CHI,0.2420798351668484,1.0,0,8.0,True
2017,8,10,NYJ,ATL,-0.1399770561660791,1.0,0,-5.0,False
2017,8,10,PHI,SF,0.2435373997045425,1.0,-1,23.0,True
2017,8,10,TB,CAR,0.1795270574050066,1.0,0,-14.0,False
2017,8,10,SEA,HOU,-0.1540817902805639,1.0,-7,3.0,True
2017,8,10,WAS,DAL,-0.1197953351261758,1.0,-1,-14.0,False
2017,8,10,DET,PIT,-0.1401959075826974,1.0,7,-5.0,False
2017,8,10,CLE,MIN,-0.420125104449413,0.0,0,-17.0,False
2017,8,10,KC,DEN,0.3315458023953392,1.0,3,10.0,True
2017,8,20,BAL,MIA,0.0465839939134806,1.0,0,40.0,True
2017,8,20,CIN,IND,0.0741844337367229,1.0,0,1.0,True
2017,8,20,NE,LAC,0.1522251294168152,1.0,0,8.0,True
2017,8,20,NO,CHI,0.2331808134159963,1.0,0,8.0,True
2017,8,20,NYJ,ATL,-0.1588459939633959,1.0,0,-5.0,False
2017,8,20,PHI,SF,0.2331734457794662,1.0,-1,23.0,True
2017,8,20,TB,CAR,0.1768029666067141,1.0,0,-14.0,False
2017,8,20,SEA,HOU,-0.1531783378506913,1.0,-7,3.0,True
2017,8,20,WAS,DAL,-0.1068812747259033,1.0,-1,-14.0,False
2017,8,20,DET,PIT,-0.12153124197425,1.0,7,-5.0,False
2017,8,20,CLE,MIN,-0.4194696138150232,0.0,0,-17.0,False
2017,8,20,KC,DEN,0.3198072515571959,1.0,3,10.0,True
2017,8,50,BAL,MIA,0.0569141431249274,1.0,0,40.0,True
2017,8,50,CIN,IND,0.0758948284359309,1.0,0,1.0,True
2017,8,50,NE,LAC,0.1518569756094627,1.0,0,8.0,True
2017,8,50,NO,CHI,0.2275918456950747,1.0,0,8.0,True
2017,8,50,NYJ,ATL,-0.1703408165485203,1.0,0,-5.0,False
2017,8,50,PHI,SF,0.2271925968966492,1.0,-1,23.0,True
2017,8,50,TB,CAR,0.1752639430820119,1.0,0,-14.0,False
2017,8,50,SEA,HOU,-0.1527501438636999,1.0,-7,3.0,True
2017,8,50,WAS,DAL,-0.099693427420093,1.0,-1,-14.0,False
2017,8,50,DET,PIT,-0.1106160351764075,1.0,7,-5.0,False
2017,8,50,CLE,MIN,-0.4192173873879098,0.0,0,-17.0,False
2017,8,50,KC,DEN,0.3127700118167895,1.0,3,10.0,True
2017,8,100,BAL,MIA,0.060416247131125,1.0,0,40.0,True
2017,8,100,CIN,IND,0.0763931572480869,1.0,0,1.0,True
2017,8,100,NE,LAC,0.1517041738384668,1.0,0,8.0,True
2017,8,100,NO,CHI,0.2256913390163526,1.0,0,8.0,True
2017,8,100,NYJ,ATL,-0.1741983488940178,1.0,0,-5.0,False
2017,8,100,PHI,SF,0.2252429292365728,1.0,-1,23.0,True
2017,8,100,TB,CAR,0.1747672899370675,1.0,0,-14.0,False
2017,8,100,SEA,HOU,-0.1526252866468273,1.0,-7,3.0,True
2017,8,100,WAS,DAL,-0.0973946195196332,1.0,-1,-14.0,False
2017,8,100,DET,PIT,-0.1070267230100597,1.0,7,-5.0,False
2017,8,100,CLE,MIN,-0.4191576587652094,0.0,0,-17.0,False
2017,8,100,KC,DEN,0.3104300227571869,1.0,3,10.0,True
2017,9,2,NYJ,BUF,0.0968149490091359,1.0,0,13.0,True
2017,9,2,CAR,ATL,-0.1001894043926743,1.0,0,3.0,True
2017,9,2,HOU,IND,0.1432528509331138,1.0,0,-6.0,False
2017,9,2,JAX,CIN,0.1557414335867248,1.0,7,16.0,True
2017,9,2,NO,TB,0.3749639623556416,1.0,0,20.0,True
2017,9,2,NYG,LA,-0.1707079366238412,1.0,0,-34.0,False
2017,9,2,PHI,DEN,0.4622788878991414,1.0,1,28.0,True
2017,9,2,TEN,BAL,0.1061158496634587,1.0,4,3.0,True
2017,9,2,SEA,WAS,0.1534518996141884,1.0,0,-3.0,False
2017,9,2,SF,ARI,-0.2617483945256359,1.0,-7,-10.0,False
2017,9,2,DAL,KC,0.2088884962962035,1.0,1,11.0,True
2017,9,2,GB,DET,0.0502169474735269,1.0,7,-13.0,False
2017,9,4,NYJ,BUF,0.0698214456882115,1.0,0,13.0,True
2017,9,4,CAR,ATL,-0.1499189978986029,1.0,0,3.0,True
2017,9,4,HOU,IND,0.1740969335372726,1.0,0,-6.0,False
2017,9,4,JAX,CIN,0.1052623483437007,1.0,7,16.0,True
2017,9,4,NO,TB,0.2745016781032139,1.0,0,20.0,True
2017,9,4,NYG,LA,-0.1583862073102064,1.0,0,-34.0,False
2017,9,4,PHI,DEN,0.3566861778810611,1.0,1,28.0,True
2017,9,4,TEN,BAL,0.1136632139297551,1.0,4,3.0,True
2017,9,4,SEA,WAS,0.0535758542716418,1.0,0,-3.0,False
2017,9,4,SF,ARI,-0.1898959961499688,1.0,-7,-10.0,False
2017,9,4,DAL,KC,0.1229438223821978,1.0,1,11.0,True
2017,9,4,GB,DET,0.0510999074243636,1.0,7,-13.0,False
2017,9,6,NYJ,BUF,0.0539990918712674,1.0,0,13.0,True
2017,9,6,CAR,ATL,-0.1668849675877064,1.0,0,3.0,True
2017,9,6,HOU,IND,0.1809746814738512,1.0,0,-6.0,False
2017,9,6,JAX,CIN,0.0916419621096869,1.0,7,16.0,True
2017,9,6,NO,TB,0.2294041645567586,1.0,0,20.0,True
2017,9,6,NYG,LA,-0.1610412732532448,1.0,0,-34.0,False
2017,9,6,PHI,DEN,0.310407274696177,1.0,1,28.0,True
2017,9,6,TEN,BAL,0.1107021901235819,1.0,4,3.0,True
2017,9,6,SEA,WAS,0.0161101035993065,1.0,0,-3.0,False
2017,9,6,SF,ARI,-0.1650235006439552,1.0,-7,-10.0,False
2017,9,6,DAL,KC,0.0925189689780367,1.0,1,11.0,True
2017,9,6,GB,DET,0.0427384811894407,1.0,7,-13.0,False
2017,9,10,NYJ,BUF,0.0388542622144334,1.0,0,13.0,True
2017,9,10,CAR,ATL,-0.1799602561504765,1.0,0,3.0,True
2017,9,10,HOU,IND,0.1854161048474431,1.0,0,-6.0,False
2017,9,10,JAX,CIN,0.0828267456892643,1.0,7,16.0,True
2017,9,10,NO,TB,0.1892679374342625,1.0,0,20.0,True
2017,9,10,NYG,LA,-0.1657357688872777,1.0,0,-34.0,False
2017,9,10,PHI,DEN,0.2703594468437857,1.0,1,28.0,True
2017,9,10,TEN,BAL,0.1059630070658625,1.0,4,3.0,True
2017,9,10,SEA,WAS,-0.0142925685003714,1.0,0,-3.0,False
2017,9,10,SF,ARI,-0.1454128629761236,1.0,-7,-10.0,False
2017,9,10,DAL,KC,0.0684328395464749,1.0,1,11.0,True
2017,9,10,GB,DET,0.0329360381545867,1.0,7,-13.0,False
2017,9,20,NYJ,BUF,0.0261064323923008,1.0,0,13.0,True
2017,9,20,CAR,ATL,-0.1892591538430319,1.0,0,3.0,True
2017,9,20,HOU,IND,0.1882479299983343,1.0,0,-6.0,False
2017,9,20,JAX,CIN,0.0776473987745341,1.0,7,16.0,True
2017,9,20,NO,TB,0.1570279404930988,1.0,0,20.0,True
2017,9,20,NYG,LA,-0.1707518497568455,1.0,0,-34.0,False
2017,9,20,PHI,DEN,0.2390384567495331,1.0,1,28.0,True
2017,9,20,TEN,BAL,0.100926444922587,1.0,4,3.0,True
2017,9,20,SEA,WAS,-0.0369439565297577,1.0,0,-3.0,False
2017,9,20,SF,ARI,-0.131035729315329,1.0,-7,-10.0,False
2017,9,20,DAL,KC,0.0507980425319523,1.0,1,11.0,True
2017,9,20,GB,DET,0.0238956905525757,1.0,7,-13.0,False
2017,9,50,NYJ,BUF,0.0179157395522229,1.0,0,13.0,True
2017,9,50,CAR,ATL,-0.1945637984869151,1.0,0,3.0,True
2017,9,50,HOU,IND,0.1897854549923258,1.0,0,-6.0,False
2017,9,50,JAX,CIN,0.0751787410588348,1.0,7,16.0,True
2017,9,50,NO,TB,0.1369030327864574,1.0,0,20.0,True
2017,9,50,NYG,LA,-0.1743683967463583,1.0,0,-34.0,False
2017,9,50,PHI,DEN,0.2198833058044201,1.0,1,28.0,True
2017,9,50,TEN,BAL,0.0972704704819205,1.0,4,3.0,True
2017,9,50,SEA,WAS,-0.0503477665603826,1.0,0,-3.0,False
2017,9,50,SF,ARI,-0.1225894523221499,1.0,-7,-10.0,False
2017,9,50,DAL,KC,0.040477070191155,1.0,1,11.0,True
2017,9,50,GB,DET,0.0178331289384501,1.0,7,-13.0,False
2017,9,100,NYJ,BUF,0.0150989267920341,1.0,0,13.0,True
2017,9,100,CAR,ATL,-0.196279674662366,1.0,0,3.0,True
2017,9,100,HOU,IND,0.1902758780541055,1.0,0,-6.0,False
2017,9,100,JAX,CIN,0.0744661202584407,1.0,7,16.0,True
2017,9,100,NO,TB,0.1300764461963764,1.0,0,20.0,True
2017,9,100,NYG,LA,-0.1756737432189639,1.0,0,-34.0,False
2017,9,100,PHI,DEN,0.2134558050831493,1.0,1,28.0,True
2017,9,100,TEN,BAL,0.0959441817554441,1.0,4,3.0,True
2017,9,100,SEA,WAS,-0.054771910136447,1.0,0,-3.0,False
2017,9,100,SF,ARI,-0.119808072337979,1.0,-7,-10.0,False
2017,9,100,DAL,KC,0.0370882292998886,1.0,1,11.0,True
2017,9,100,GB,DET,0.015712721222108,1.0,7,-13.0,False
2017,10,2,ARI,SEA,-0.0316596800122972,1.0,0,-6.0,False
2017,10,2,BUF,NO,-0.716084778759684,1.0,3,-37.0,False
2017,10,2,CHI,GB,-0.048743148683607,1.0,8,-7.0,False
2017,10,2,DET,CLE,0.2651007004565928,1.0,-8,14.0,True
2017,10,2,IND,PIT,0.0453375203479546,1.0,-7,-3.0,False
2017,10,2,JAX,LAC,0.0879294506974755,1.0,-7,3.0,True
2017,10,2,TB,NYJ,-0.3005798314887887,1.0,-3,5.0,True
2017,10,2,TEN,CIN,0.1563853744951467,1.0,0,4.0,True
2017,10,2,WAS,MIN,-0.2680148076936183,1.0,-7,-8.0,False
2017,10,2,LA,HOU,0.3681793204313721,1.0,0,26.0,True
2017,10,2,ATL,DAL,-0.2193820272077821,1.0,0,20.0,True
2017,10,2,SF,NYG,-0.1004627790512086,1.0,0,10.0,True
2017,10,2,DEN,NE,-0.4970920372448809,1.0,-7,-25.0,False
2017,10,2,CAR,MIA,0.108612945055463,1.0,0,24.0,True
2017,10,4,ARI,SEA,-0.0500973992720972,1.0,0,-6.0,False
2017,10,4,BUF,NO,-0.5207237161591793,1.0,3,-37.0,False
2017,10,4,CHI,GB,-0.1011837673617428,1.0,8,-7.0,False
2017,10,4,DET,CLE,0.2637529464186446,1.0,-8,14.0,True
2017,10,4,IND,PIT,-0.0303423308549434,1.0,-7,-3.0,False
2017,10,4,JAX,LAC,0.1128825481526293,1.0,-7,3.0,True
2017,10,4,TB,NYJ,-0.1604080250841703,1.0,-3,5.0,True
2017,10,4,TEN,CIN,0.0878821828157855,1.0,0,4.0,True
2017,10,4,WAS,MIN,-0.17837632085788,1.0,-7,-8.0,False
2017,10,4,LA,HOU,0.2268306839896496,1.0,0,26.0,True
2017,10,4,ATL,DAL,-0.1687283981095154,1.0,0,20.0,True
2017,10,4,SF,NYG,-0.1099019737953382,1.0,0,10.0,True
2017,10,4,DEN,NE,-0.3775269685061019,1.0,-7,-25.0,False
2017,10,4,CAR,MIA,0.0870454547173256,1.0,0,24.0,True
2017,10,6,ARI,SEA,-0.0569184452960717,1.0,0,-6.0,False
2017,10,6,BUF,NO,-0.4427084639453543,1.0,3,-37.0,False
2017,10,6,CHI,GB,-0.1209801656693297,1.0,8,-7.0,False
2017,10,6,DET,CLE,0.2697740157819693,1.0,-8,14.0,True
2017,10,6,IND,PIT,-0.0583896377284381,1.0,-7,-3.0,False
2017,10,6,JAX,LAC,0.1216347199248503,1.0,-7,3.0,True
2017,10,6,TB,NYJ,-0.1132178365404225,1.0,-3,5.0,True
2017,10,6,TEN,CIN,0.0661601354584859,1.0,0,4.0,True
2017,10,6,WAS,MIN,-0.145693776197417,1.0,-7,-8.0,False
2017,10,6,LA,HOU,0.1860382964081552,1.0,0,26.0,True
2017,10,6,ATL,DAL,-0.1455020373072233,1.0,0,20.0,True
2017,10,6,SF,NYG,-0.1058125608863817,1.0,0,10.0,True
2017,10,6,DEN,NE,-0.3288559791065302,1.0,-7,-25.0,False
2017,10,6,CAR,MIA,0.0835239360150792,1.0,0,24.0,True
2017,10,10,ARI,SEA,-0.0621214652048096,1.0,0,-6.0,False
2017,10,10,BUF,NO,-0.3766308040944005,1.0,3,-37.0,False
2017,10,10,CHI,GB,-0.1372971917441558,1.0,8,-7.0,False
2017,10,10,DET,CLE,0.2773863849743022,1.0,-8,14.0,True
2017,10,10,IND,PIT,-0.0815717851056072,1.0,-7,-3.0,False
2017,10,10,JAX,LAC,0.1285861453498635,1.0,-7,3.0,True
2017,10,10,TB,NYJ,-0.075429406021711,1.0,-3,5.0,True
2017,10,10,TEN,CIN,0.050506243879771,1.0,0,4.0,True
2017,10,10,WAS,MIN,-0.1199605813448438,1.0,-7,-8.0,False
2017,10,10,LA,HOU,0.1576221761154939,1.0,0,26.0,True
2017,10,10,ATL,DAL,-0.1252738439566848,1.0,0,20.0,True
2017,10,10,SF,NYG,-0.1003817067037949,1.0,0,10.0,True
2017,10,10,DEN,NE,-0.2876650790837419,1.0,-7,-25.0,False
2017,10,10,CAR,MIA,0.0827740181487815,1.0,0,24.0,True
2017,10,20,ARI,SEA,-0.0657735657208157,1.0,0,-6.0,False
2017,10,20,BUF,NO,-0.3254956175527583,1.0,3,-37.0,False
2017,10,20,CHI,GB,-0.1497115824107107,1.0,8,-7.0,False
2017,10,20,DET,CLE,0.2847152625332927,1.0,-8,14.0,True
2017,10,20,IND,PIT,-0.0992815226626301,1.0,-7,-3.0,False
2017,10,20,JAX,LAC,0.1336896404790718,1.0,-7,3.0,True
2017,10,20,TB,NYJ,-0.0471055769455117,1.0,-3,5.0,True
2017,10,20,TEN,CIN,0.0401522051036213,1.0,0,4.0,True
2017,10,20,WAS,MIN,-0.1014407226622546,1.0,-7,-8.0,False
2017,10,20,LA,HOU,0.1391991740955667,1.0,0,26.0,True
2017,10,20,ATL,DAL,-0.1094500961929705,1.0,0,20.0,True
2017,10,20,SF,NYG,-0.0952684430180241,1.0,0,10.0,True
2017,10,20,DEN,NE,-0.2559008216673443,1.0,-7,-25.0,False
2017,10,20,CAR,MIA,0.0835905471256787,1.0,0,24.0,True
2017,10,50,ARI,SEA,-0.0678445658282231,1.0,0,-6.0,False
2017,10,50,BUF,NO,-0.2943706550875217,1.0,3,-37.0,False
2017,10,50,CHI,GB,-0.1572026121728698,1.0,8,-7.0,False
2017,10,50,DET,CLE,0.2897496022065279,1.0,-8,14.0,True
2017,10,50,IND,PIT,-0.1100043258072406,1.0,-7,-3.0,False
2017,10,50,JAX,LAC,0.1366804430035839,1.0,-7,3.0,True
2017,10,50,TB,NYJ,-0.0301305005623552,1.0,-3,5.0,True
2017,10,50,TEN,CIN,0.0346097690051269,1.0,0,4.0,True
2017,10,50,WAS,MIN,-0.0908184366054419,1.0,-7,-8.0,False
2017,10,50,LA,HOU,0.1294255248104052,1.0,0,26.0,True
2017,10,50,ATL,DAL,-0.0997936885183116,1.0,0,20.0,True
2017,10,50,SF,NYG,-0.0918461641703596,1.0,0,10.0,True
2017,10,50,DEN,NE,-0.236634686202521,1.0,-7,-25.0,False
2017,10,50,CAR,MIA,0.0846866937985384,1.0,0,24.0,True
2017,10,100,ARI,SEA,-0.0685140894751247,1.0,0,-6.0,False
2017,10,100,BUF,NO,-0.2839444997555708,1.0,3,-37.0,False
2017,10,100,CHI,GB,-0.1597036700851222,1.0,8,-7.0,False
2017,10,100,DET,CLE,0.2915291897124368,1.0,-8,14.0,True
2017,10,100,IND,PIT,-0.1135910167253309,1.0,-7,-3.0,False
2017,10,100,JAX,LAC,0.1376628056146696,1.0,-7,3.0,True
2017,10,100,TB,NYJ,-0.0244766144734038,1.0,-3,5.0,True
2017,10,100,TEN,CIN,0.0328825636740528,1.0,0,4.0,True
2017,10,100,WAS,MIN,-0.0873762708493738,1.0,-7,-8.0,False
2017,10,100,LA,HOU,0.1263873825013713,1.0,0,26.0,True
2017,10,100,ATL,DAL,-0.096559329377288,1.0,0,20.0,True
2017,10,100,SF,NYG,-0.0906541260650088,1.0,0,10.0,True
2017,10,100,DEN,NE,-0.2301940658694739,1.0,-7,-25.0,False
2017,10,100,CAR,MIA,0.085155990469424,1.0,0,24.0,True
2017,11,2,PIT,TEN,0.0474532520907514,1.0,0,23.0,True
2017,11,2,CHI,DET,-0.3148125645194941,1.0,0,-3.0,False
2017,11,2,CLE,JAX,-0.0682675626973631,1.0,0,-12.0,False
2017,11,2,GB,BAL,0.1981357011979578,1.0,-7,-23.0,False
2017,11,2,HOU,ARI,-0.0309520766034524,1.0,-3,10.0,True
2017,11,2,MIA,TB,-0.2254058015914671,1.0,-1,-10.0,False
2017,11,2,MIN,LA,-0.002699483201671,1.0,0,17.0,True
2017,11,2,NO,WAS,0.5999300662129772,1.0,0,3.0,True
2017,11,2,NYG,KC,-0.039351683173902,1.0,-7,3.0,True
2017,11,2,LAC,BUF,0.452696659397777,1.0,0,30.0,True
2017,11,2,DEN,CIN,-0.3468313486530224,1.0,0,-3.0,False
2017,11,2,DAL,PHI,-0.1692696797771784,1.0,-7,-28.0,False
2017,11,2,SEA,ATL,0.1049272136064356,1.0,3,-3.0,False
2017,11,4,PIT,TEN,0.0638642293337983,1.0,0,23.0,True
2017,11,4,CHI,DET,-0.2288968487763736,1.0,0,-3.0,False
2017,11,4,CLE,JAX,-0.1577491585480754,1.0,0,-12.0,False
2017,11,4,GB,BAL,0.187893640120615,1.0,-7,-23.0,False
2017,11,4,HOU,ARI,0.0192321162688359,1.0,-3,10.0,True
2017,11,4,MIA,TB,-0.1454451639464397,1.0,-1,-10.0,False
2017,11,4,MIN,LA,-0.0087754957207316,1.0,0,17.0,True
2017,11,4,NO,WAS,0.4248061569169681,1.0,0,3.0,True
2017,11,4,NYG,KC,-0.0779072429708913,1.0,-7,3.0,True
2017,11,4,LAC,BUF,0.2658140162721332,1.0,0,30.0,True
2017,11,4,DEN,CIN,-0.2542467290817513,1.0,0,-3.0,False
2017,11,4,DAL,PHI,-0.0559818527439045,1.0,-7,-28.0,False
2017,11,4,SEA,ATL,0.0466386855238579,1.0,3,-3.0,False
2017,11,6,PIT,TEN,0.0719955062527435,1.0,0,23.0,True
2017,11,6,CHI,DET,-0.2099216381996827,1.0,0,-3.0,False
2017,11,6,CLE,JAX,-0.187308294492843,1.0,0,-12.0,False
2017,11,6,GB,BAL,0.1835369495811926,1.0,-7,-23.0,False
2017,11,6,HOU,ARI,0.0437468246438017,1.0,-3,10.0,True
2017,11,6,MIA,TB,-0.1263202632977101,1.0,-1,-10.0,False
2017,11,6,MIN,LA,-0.0046248688745482,1.0,0,17.0,True
2017,11,6,NO,WAS,0.345762932350019,1.0,0,3.0,True
2017,11,6,NYG,KC,-0.1000591706401745,1.0,-7,3.0,True
2017,11,6,LAC,BUF,0.1955072007072809,1.0,0,30.0,True
2017,11,6,DEN,CIN,-0.2135578652690566,1.0,0,-3.0,False
2017,11,6,DAL,PHI,-0.0197822993063608,1.0,-7,-28.0,False
2017,11,6,SEA,ATL,0.01705508637458,1.0,3,-3.0,False
2017,11,10,PIT,TEN,0.079257908849641,1.0,0,23.0,True
2017,11,10,CHI,DET,-0.2006119235123398,1.0,0,-3.0,False
2017,11,10,CLE,JAX,-0.2091805423419696,1.0,0,-12.0,False
2017,11,10,GB,BAL,0.1790172252052841,1.0,-7,-23.0,False
2017,11,10,HOU,ARI,0.0650994611124308,1.0,-3,10.0,True
2017,11,10,MIA,TB,-0.1147520978220553,1.0,-1,-10.0,False
2017,11,10,MIN,LA,0.00059974188801,1.0,0,17.0,True
2017,11,10,NO,WAS,0.2760747874525439,1.0,0,3.0,True
2017,11,10,NYG,KC,-0.1216124013973179,1.0,-7,3.0,True
2017,11,10,LAC,BUF,0.1384790082471355,1.0,0,30.0,True
2017,11,10,DEN,CIN,-0.1777502149597513,1.0,0,-3.0,False
2017,11,10,DAL,PHI,0.0082947861706282,1.0,-7,-28.0,False
2017,11,10,SEA,ATL,-0.0103138683838139,1.0,3,-3.0,False
2017,11,20,PIT,TEN,0.0850569543101375,1.0,0,23.0,True
2017,11,20,CHI,DET,-0.1975135198712531,1.0,0,-3.0,False
2017,11,20,CLE,JAX,-0.2240835197182795,1.0,0,-12.0,False
2017,11,20,GB,BAL,0.1748272376386362,1.0,-7,-23.0,False
2017,11,20,HOU,ARI,0.081602600709627,1.0,-3,10.0,True
2017,11,20,MIA,TB,-0.1084515743111922,1.0,-1,-10.0,False
2017,11,20,MIN,LA,0.0054524982706017,1.0,0,17.0,True
2017,11,20,NO,WAS,0.2208843121700239,1.0,0,3.0,True
2017,11,20,NYG,KC,-0.1399128570176697,1.0,-7,3.0,True
2017,11,20,LAC,BUF,0.0960199341016777,1.0,0,30.0,True
2017,11,20,DEN,CIN,-0.1492874178844206,1.0,0,-3.0,False
2017,11,20,DAL,PHI,0.0287604484297685,1.0,-7,-28.0,False
2017,11,20,SEA,ATL,-0.0327598916812958,1.0,3,-3.0,False
2017,11,50,PIT,TEN,0.0886539040388519,1.0,0,23.0,True
2017,11,50,CHI,DET,-0.1973255303091521,1.0,0,-3.0,False
2017,11,50,CLE,JAX,-0.232290679206104,1.0,0,-12.0,False
2017,11,50,GB,BAL,0.1719337689229124,1.0,-7,-23.0,False
2017,11,50,HOU,ARI,0.0915336551168177,1.0,-3,10.0,True
2017,11,50,MIA,TB,-0.1056847470003924,1.0,-1,-10.0,False
2017,11,50,MIN,LA,0.008688550830941,1.0,0,17.0,True
2017,11,50,NO,WAS,0.1869031205226584,1.0,0,3.0,True
2017,11,50,NYG,KC,-0.1517009155004453,1.0,-7,3.0,True
2017,11,50,LAC,BUF,0.0709051121381166,1.0,0,30.0,True
2017,11,50,DEN,CIN,-0.1316654980606077,1.0,0,-3.0,False
2017,11,50,DAL,PHI,0.0407745359315,1.0,-7,-28.0,False
2017,11,50,SEA,ATL,-0.0469021198443255,1.0,3,-3.0,False
2017,11,100,PIT,TEN,0.0898698348842459,1.0,0,23.0,True
2017,11,100,CHI,DET,-0.1975437430293849,1.0,0,-3.0,False
2017,11,100,CLE,JAX,-0.2348942272549142,1.0,0,-12.0,False
2017,11,100,GB,BAL,0.170901807593121,1.0,-7,-23.0,False
2017,11,100,HOU,ARI,0.0948314957064183,1.0,-3,10.0,True
2017,11,100,MIA,TB,-0.1049332406232617,1.0,-1,-10.0,False
2017,11,100,MIN,LA,0.0098149144518282,1.0,0,17.0,True
2017,11,100,NO,WAS,0.1754706474641668,1.0,0,3.0,True
2017,11,100,NYG,KC,-0.155755068473626,1.0,-7,3.0,True
2017,11,100,LAC,BUF,0.0626163897645497,1.0,0,30.0,True
2017,11,100,DEN,CIN,-0.12571431793137,1.0,0,-3.0,False
2017,11,100,DAL,PHI,0.0447328622288795,1.0,-7,-28.0,False
2017,11,100,SEA,ATL,-0.0517142253024641,1.0,3,-3.0,False
2017,12,2,DET,MIN,-0.1603920998681599,1.0,0,-7.0,False
2017,12,2,DAL,LAC,-0.3895215472416034,1.0,0,-22.0,False
2017,12,2,WAS,NYG,-0.0868341947595704,1.0,0,10.0,True
2017,12,2,ATL,TB,0.1375360260107871,1.0,-1,14.0,True
2017,12,2,CIN,CLE,0.1365937009042753,1.0,0,14.0,True
2017,12,2,IND,TEN,0.0765271391875723,1.0,4,-4.0,False
2017,12,2,KC,BUF,0.4469913441219619,1.0,0,-6.0,False
2017,12,2,NE,MIA,0.4841624385691258,1.0,0,18.0,True
2017,12,2,NYJ,CAR,-0.1511296681023871,1.0,1,-8.0,False
2017,12,2,PHI,CHI,0.465299609547862,1.0,0,28.0,True
2017,12,2,SF,SEA,-0.2209835663199749,1.0,8,-11.0,False
2017,12,2,ARI,JAX,-0.1748884117776069,1.0,0,3.0,True
2017,12,2,LA,NO,-0.2602449826147961,1.0,0,6.0,True
2017,12,2,PIT,GB,0.1534058963506106,1.0,3,3.0,True
2017,12,2,BAL,HOU,-0.2533212754231109,1.0,0,7.0,True
2017,12,4,DET,MIN,-0.1424875767499956,1.0,0,-7.0,False
2017,12,4,DAL,LAC,-0.1126899371511656,1.0,0,-22.0,False
2017,12,4,WAS,NYG,-0.0280528062371923,1.0,0,10.0,True
2017,12,4,ATL,TB,0.1519808767121471,1.0,-1,14.0,True
2017,12,4,CIN,CLE,0.1655795873183462,1.0,0,14.0,True
2017,12,4,IND,TEN,0.0180172360843147,1.0,4,-4.0,False
2017,12,4,KC,BUF,0.3308076748477729,1.0,0,-6.0,False
2017,12,4,NE,MIA,0.4111051600005656,1.0,0,18.0,True
2017,12,4,NYJ,CAR,-0.0770612484845672,1.0,1,-8.0,False
2017,12,4,PHI,CHI,0.3561788541939202,1.0,0,28.0,True
2017,12,4,SF,SEA,-0.2142556165271743,1.0,8,-11.0,False
2017,12,4,ARI,JAX,-0.1143669244407045,1.0,0,3.0,True
2017,12,4,LA,NO,-0.1971826961984856,1.0,0,6.0,True
2017,12,4,PIT,GB,0.1298430226350688,1.0,3,3.0,True
2017,12,4,BAL,HOU,-0.2467668420090046,1.0,0,7.0,True
2017,12,6,DET,MIN,-0.1354210393857018,1.0,0,-7.0,False
2017,12,6,DAL,LAC,-0.0251227733919916,1.0,0,-22.0,False
2017,12,6,WAS,NYG,0.0024788223396691,1.0,0,10.0,True
2017,12,6,ATL,TB,0.1564548343149152,1.0,-1,14.0,True
2017,12,6,CIN,CLE,0.17679829345552,1.0,0,14.0,True
2017,12,6,IND,TEN,-0.0027770869342954,1.0,4,-4.0,False
2017,12,6,KC,BUF,0.2988512959000796,1.0,0,-6.0,False
2017,12,6,NE,MIA,0.3837792713163142,1.0,0,18.0,True
2017,12,6,NYJ,CAR,-0.0609139361003858,1.0,1,-8.0,False
2017,12,6,PHI,CHI,0.314178813700241,1.0,0,28.0,True
2017,12,6,SF,SEA,-0.2035226560882316,1.0,8,-11.0,False
2017,12,6,ARI,JAX,-0.1047020084861297,1.0,0,3.0,True
2017,12,6,LA,NO,-0.1637726332202482,1.0,0,6.0,True
2017,12,6,PIT,GB,0.1195163475481395,1.0,3,3.0,True
2017,12,6,BAL,HOU,-0.2435582448769755,1.0,0,7.0,True
2017,12,10,DET,MIN,-0.1285626315295596,1.0,0,-7.0,False
2017,12,10,DAL,LAC,0.0402824059067698,1.0,0,-22.0,False
2017,12,10,WAS,NYG,0.0315869313681854,1.0,0,10.0,True
2017,12,10,ATL,TB,0.1597848235671619,1.0,-1,14.0,True
2017,12,10,CIN,CLE,0.1851985533362433,1.0,0,14.0,True
2017,12,10,IND,TEN,-0.0193889692040002,1.0,4,-4.0,False
2017,12,10,KC,BUF,0.27646245743454,1.0,0,-6.0,False
2017,12,10,NE,MIA,0.3617647253708849,1.0,0,18.0,True
2017,12,10,NYJ,CAR,-0.0523103299539717,1.0,1,-8.0,False
2017,12,10,PHI,CHI,0.2807558269891965,1.0,0,28.0,True
2017,12,10,SF,SEA,-0.192095873191687,1.0,8,-11.0,False
2017,12,10,ARI,JAX,-0.102364312405794,1.0,0,3.0,True
2017,12,10,LA,NO,-0.1317461270423056,1.0,0,6.0,True
2017,12,10,PIT,GB,0.1111024667409258,1.0,3,3.0,True
2017,12,10,BAL,HOU,-0.2392128385219734,1.0,0,7.0,True
2017,12,20,DET,MIN,-0.1225353426184927,1.0,0,-7.0,False
2017,12,20,DAL,LAC,0.0858818319797157,1.0,0,-22.0,False
2017,12,20,WAS,NYG,0.0560442632132103,1.0,0,10.0,True
2017,12,20,ATL,TB,0.1620809593661352,1.0,-1,14.0,True
2017,12,20,CIN,CLE,0.190707313783414,1.0,0,14.0,True
2017,12,20,IND,TEN,-0.0317038539494769,1.0,4,-4.0,False
2017,12,20,KC,BUF,0.2616111389929757,1.0,0,-6.0,False
2017,12,20,NE,MIA,0.3454625466469017,1.0,0,18.0,True
2017,12,20,NYJ,CAR,-0.0486702674143168,1.0,1,-8.0,False
2017,12,20,PHI,CHI,0.2564780213624746,1.0,0,28.0,True
2017,12,20,SF,SEA,-0.182144761518193,1.0,8,-11.0,False
2017,12,20,ARI,JAX,-0.1038922888403582,1.0,0,3.0,True
2017,12,20,LA,NO,-0.1046043582821611,1.0,0,6.0,True
2017,12,20,PIT,GB,0.1049814899127657,1.0,3,3.0,True
2017,12,20,BAL,HOU,-0.2344886472444123,1.0,0,7.0,True
2017,12,50,DET,MIN,-0.1185297649571141,1.0,0,-7.0,False
2017,12,50,DAL,LAC,0.1116467344594751,1.0,0,-22.0,False
2017,12,50,WAS,NYG,0.0716955705218961,1.0,0,10.0,True
2017,12,50,ATL,TB,0.163351813284942,1.0,-1,14.0,True
2017,12,50,CIN,CLE,0.1935441249273561,1.0,0,14.0,True
2017,12,50,IND,TEN,-0.038999331026771,1.0,4,-4.0,False
2017,12,50,KC,BUF,0.2534944972249429,1.0,0,-6.0,False
2017,12,50,NE,MIA,0.3358519023931681,1.0,0,18.0,True
2017,12,50,NYJ,CAR,-0.0477093535564386,1.0,1,-8.0,False
2017,12,50,PHI,CHI,0.2424234508021985,1.0,0,28.0,True
2017,12,50,SF,SEA,-0.1757219532132811,1.0,8,-11.0,False
2017,12,50,ARI,JAX,-0.1061204600541532,1.0,0,3.0,True
2017,12,50,LA,NO,-0.0870844028404788,1.0,0,6.0,True
2017,12,50,PIT,GB,0.1014647693281312,1.0,3,3.0,True
2017,12,50,BAL,HOU,-0.2309374207635605,1.0,0,7.0,True
2017,12,100,DET,MIN,-0.1171295742736243,1.0,0,-7.0,False
2017,12,100,DAL,LAC,0.1199558513707975,1.0,0,-22.0,False
2017,12,100,WAS,NYG,0.0770598561496502,1.0,0,10.0,True
2017,12,100,ATL,TB,0.1637545868518053,1.0,-1,14.0,True
2017,12,100,CIN,CLE,0.1943974319895502,1.0,0,14.0,True
2017,12,100,IND,TEN,-0.0414124834899018,1.0,4,-4.0,False
2017,12,100,KC,BUF,0.2509185935879494,1.0,0,-6.0,False
2017,12,100,NE,MIA,0.3326847275848467,1.0,0,18.0,True
2017,12,100,NYJ,CAR,-0.0475976058609241,1.0,1,-8.0,False
2017,12,100,PHI,CHI,0.237840903868532,1.0,0,28.0,True
2017,12,100,SF,SEA,-0.1735194223358398,1.0,8,-11.0,False
2017,12,100,ARI,JAX,-0.1070722577353071,1.0,0,3.0,True
2017,12,100,LA,NO,-0.0810483521290752,1.0,0,6.0,True
2017,12,100,PIT,GB,0.1003254528767298,1.0,3,3.0,True
2017,12,100,BAL,HOU,-0.2296243182474835,1.0,0,7.0,True
2017,13,2,DAL,WAS,-0.0901675797818008,1.0,0,24.0,True
2017,13,2,ATL,MIN,-0.0080364274262304,1.0,-3,-5.0,False
2017,13,2,BAL,DET,-0.1958518674925584,1.0,-4,24.0,True
2017,13,2,BUF,NE,-0.6743538128827721,1.0,0,-20.0,False
2017,13,2,CHI,SF,-0.0739609240897703,1.0,0,-1.0,False
2017,13,2,GB,TB,0.200905615175046,1.0,0,6.0,True
2017,13,2,JAX,IND,-0.1171522688534803,1.0,0,20.0,True
2017,13,2,MIA,DEN,0.1060990757701323,1.0,0,26.0,True
2017,13,2,NYJ,KC,0.1350772464087702,1.0,0,7.0,True
2017,13,2,TEN,HOU,-0.1872222048617525,1.0,1,11.0,True
2017,13,2,LAC,CLE,0.5778764722323888,1.0,3,9.0,True
2017,13,2,ARI,LA,0.0225839727148379,1.0,0,-16.0,False
2017,13,2,NO,CAR,0.2108599687826877,1.0,0,10.0,True
2017,13,2,SEA,PHI,-0.4051575628263228,1.0,0,14.0,True
2017,13,2,CIN,PIT,0.0646336798362584,1.0,0,-3.0,False
2017,13,4,DAL,WAS,0.0253514720479769,1.0,0,24.0,True
2017,13,4,ATL,MIN,-0.0445084230456759,1.0,-3,-5.0,False
2017,13,4,BAL,DET,-0.203647944789778,1.0,-4,24.0,True
2017,13,4,BUF,NE,-0.5354629650116268,1.0,0,-20.0,False
2017,13,4,CHI,SF,-0.0257023685160879,1.0,0,-1.0,False
2017,13,4,GB,TB,0.1355371784852262,1.0,0,6.0,True
2017,13,4,JAX,IND,-0.0444524597826173,1.0,0,20.0,True
2017,13,4,MIA,DEN,0.0500167449773876,1.0,0,26.0,True
2017,13,4,NYJ,KC,0.0324267225567773,1.0,0,7.0,True
2017,13,4,TEN,HOU,-0.1443620570924268,1.0,1,11.0,True
2017,13,4,LAC,CLE,0.4206563323749214,1.0,3,9.0,True
2017,13,4,ARI,LA,-0.0638210306367905,1.0,0,-16.0,False
2017,13,4,NO,CAR,0.2483971656298125,1.0,0,10.0,True
2017,13,4,SEA,PHI,-0.2619148839809731,1.0,0,14.0,True
2017,13,4,CIN,PIT,-0.0124586961866722,1.0,0,-3.0,False
2017,13,6,DAL,WAS,0.0520423222902701,1.0,0,24.0,True
2017,13,6,ATL,MIN,-0.0512534714180719,1.0,-3,-5.0,False
2017,13,6,BAL,DET,-0.2082184103696037,1.0,-4,24.0,True
2017,13,6,BUF,NE,-0.4690269705572955,1.0,0,-20.0,False
2017,13,6,CHI,SF,-0.0134931018370588,1.0,0,-1.0,False
2017,13,6,GB,TB,0.1126515244856838,1.0,0,6.0,True
2017,13,6,JAX,IND,-0.0101306024517196,1.0,0,20.0,True
2017,13,6,MIA,DEN,0.0214808161520527,1.0,0,26.0,True
2017,13,6,NYJ,KC,-0.0172173901878263,1.0,0,7.0,True
2017,13,6,TEN,HOU,-0.1308841550960695,1.0,1,11.0,True
2017,13,6,LAC,CLE,0.3610255075681324,1.0,3,9.0,True
2017,13,6,ARI,LA,-0.0952144354281896,1.0,0,-16.0,False
2017,13,6,NO,CAR,0.2497986468663885,1.0,0,10.0,True
2017,13,6,SEA,PHI,-0.2127543339414429,1.0,0,14.0,True
2017,13,6,CIN,PIT,-0.033771901061075,1.0,0,-3.0,False
2017,13,10,DAL,WAS,0.0666781341908141,1.0,0,24.0,True
2017,13,10,ATL,MIN,-0.0537717226696558,1.0,-3,-5.0,False
2017,13,10,BAL,DET,-0.2129054031622479,1.0,-4,24.0,True
2017,13,10,BUF,NE,-0.4110173499621679,1.0,0,-20.0,False
2017,13,10,CHI,SF,-0.0060254006323681,1.0,0,-1.0,False
2017,13,10,GB,TB,0.0942579821223575,1.0,0,6.0,True
2017,13,10,JAX,IND,0.0203907284974951,1.0,0,20.0,True
2017,13,10,MIA,DEN,-0.0056614450672378,1.0,0,26.0,True
2017,13,10,NYJ,KC,-0.061895107178033,1.0,0,7.0,True
2017,13,10,TEN,HOU,-0.1207846744410793,1.0,1,11.0,True
2017,13,10,LAC,CLE,0.3136545450643023,1.0,3,9.0,True
2017,13,10,ARI,LA,-0.1208617599671704,1.0,0,-16.0,False
2017,13,10,NO,CAR,0.2431188057723241,1.0,0,10.0,True
2017,13,10,SEA,PHI,-0.1758988720856811,1.0,0,14.0,True
2017,13,10,CIN,PIT,-0.0487847789105086,1.0,0,-3.0,False
2017,13,20,DAL,WAS,0.0734190859895386,1.0,0,24.0,True
2017,13,20,ATL,MIN,-0.0538934787378608,1.0,-3,-5.0,False
2017,13,20,BAL,DET,-0.2170690897074426,1.0,-4,24.0,True
2017,13,20,BUF,NE,-0.3658544745948348,1.0,0,-20.0,False
2017,13,20,CHI,SF,-0.0019075785403432,1.0,0,-1.0,False
2017,13,20,GB,TB,0.0805073192032887,1.0,0,6.0,True
2017,13,20,JAX,IND,0.0445676875128124,1.0,0,20.0,True
2017,13,20,MIA,DEN,-0.0283703456302785,1.0,0,26.0,True
2017,13,20,NYJ,KC,-0.0976960372111286,1.0,0,7.0,True
2017,13,20,TEN,HOU,-0.113653938705708,1.0,1,11.0,True
2017,13,20,LAC,CLE,0.2792862973234209,1.0,3,9.0,True
2017,13,20,ARI,LA,-0.1402787695484029,1.0,0,-16.0,False
2017,13,20,NO,CAR,0.2326790030584933,1.0,0,10.0,True
2017,13,20,SEA,PHI,-0.150502816408887,1.0,0,14.0,True
2017,13,20,CIN,PIT,-0.0588984229098519,1.0,0,-3.0,False
2017,13,50,DAL,WAS,0.075737645635264,1.0,0,24.0,True
2017,13,50,ATL,MIN,-0.0532629421245769,1.0,-3,-5.0,False
2017,13,50,BAL,DET,-0.2198247677884762,1.0,-4,24.0,True
2017,13,50,BUF,NE,-0.3384621567514375,1.0,0,-20.0,False
2017,13,50,CHI,SF,-5.765795131557061e-05,1.0,0,-1.0,False
2017,13,50,GB,TB,0.0723008022618607,1.0,0,6.0,True
2017,13,50,JAX,IND,0.0594099981836896,1.0,0,20.0,True
2017,13,50,MIA,DEN,-0.0428329271673477,1.0,0,26.0,True
2017,13,50,NYJ,KC,-0.1198815187297638,1.0,0,7.0,True
2017,13,50,TEN,HOU,-0.1095584907570088,1.0,1,11.0,True
2017,13,50,LAC,CLE,0.259404639817328,1.0,3,9.0,True
2017,13,50,ARI,LA,-0.1519645379020374,1.0,0,-16.0,False
2017,13,50,NO,CAR,0.2240288357723114,1.0,0,10.0,True
2017,13,50,SEA,PHI,-0.1363724195348392,1.0,0,14.0,True
2017,13,50,CIN,PIT,-0.0645456919584895,1.0,0,-3.0,False
2017,13,100,DAL,WAS,0.0762332591570608,1.0,0,24.0,True
2017,13,100,ATL,MIN,-0.0529417059511242,1.0,-3,-5.0,False
2017,13,100,BAL,DET,-0.2207831185852203,1.0,-4,24.0,True
2017,13,100,BUF,NE,-0.3293216091769551,1.0,0,-20.0,False
2017,13,100,CHI,SF,0.0004568634518362,1.0,0,-1.0,False
2017,13,100,GB,TB,0.0695749623472098,1.0,0,6.0,True
2017,13,100,JAX,IND,0.0643919579642785,1.0,0,20.0,True
2017,13,100,MIA,DEN,-0.0477746249332985,1.0,0,26.0,True
2017,13,100,NYJ,KC,-0.1273669986690542,1.0,0,7.0,True
2017,13,100,TEN,HOU,-0.1082230767202588,1.0,1,11.0,True
2017,13,100,LAC,CLE,0.2529238835366229,1.0,3,9.0,True
2017,13,100,ARI,LA,-0.1558617728279391,1.0,0,-16.0,False
2017,13,100,NO,CAR,0.2207422812927135,1.0,0,10.0,True
2017,13,100,SEA,PHI,-0.1318602936111921,1.0,0,14.0,True
2017,13,100,CIN,PIT,-0.0663657446250921,1.0,0,-3.0,False
2017,14,2,ATL,NO,-0.193090990825226,1.0,0,3.0,True
2017,14,2,BUF,IND,-0.2662889273204142,1.0,0,6.0,True
2017,14,2,CAR,MIN,-0.2086515690033135,1.0,0,7.0,True
2017,14,2,CIN,CHI,0.2820556751604846,1.0,-1,-26.0,False
2017,14,2,CLE,GB,-0.2417975320260269,1.0,0,-6.0,False
2017,14,2,HOU,SF,0.0878858140238606,1.0,0,-10.0,False
2017,14,2,NYG,DAL,-0.1561022744935824,1.0,-3,-20.0,False
2017,14,2,TB,DET,-0.0516963716542136,1.0,0,-3.0,False
2017,14,2,ARI,TEN,-0.022262039757502,1.0,0,5.0,True
2017,14,2,DEN,NYJ,-0.3784797787614352,1.0,0,23.0,True
2017,14,2,LAC,WAS,0.4723042850691978,1.0,-3,17.0,True
2017,14,2,JAX,SEA,-0.1144707162104079,1.0,0,6.0,True
2017,14,2,LA,PHI,-0.2065927837178743,1.0,0,-8.0,False
2017,14,2,PIT,BAL,0.0103836237268965,1.0,-1,1.0,True
2017,14,2,MIA,NE,-0.4736413019696179,1.0,0,7.0,True
2017,14,4,ATL,NO,-0.1844102586566488,1.0,0,3.0,True
2017,14,4,BUF,IND,-0.2335299069998588,1.0,0,6.0,True
2017,14,4,CAR,MIN,-0.1939173101180797,1.0,0,7.0,True
2017,14,4,CIN,CHI,0.2185366397765589,1.0,-1,-26.0,False
2017,14,4,CLE,GB,-0.2295861897169659,1.0,0,-6.0,False
2017,14,4,HOU,SF,0.1393139826830725,1.0,0,-10.0,False
2017,14,4,NYG,DAL,-0.1512461498484719,1.0,-3,-20.0,False
2017,14,4,TB,DET,-0.0689262755556489,1.0,0,-3.0,False
2017,14,4,ARI,TEN,-0.0174719546813568,1.0,0,5.0,True
2017,14,4,DEN,NYJ,-0.3053032635221744,1.0,0,23.0,True
2017,14,4,LAC,WAS,0.312598694258959,1.0,-3,17.0,True
2017,14,4,JAX,SEA,-0.1075424450080692,1.0,0,6.0,True
2017,14,4,LA,PHI,-0.1849980053710789,1.0,0,-8.0,False
2017,14,4,PIT,BAL,0.1181984203676542,1.0,-1,1.0,True
2017,14,4,MIA,NE,-0.4352389199663304,1.0,0,7.0,True
2017,14,6,ATL,NO,-0.1678055436088795,1.0,0,3.0,True
2017,14,6,BUF,IND,-0.1976436917559829,1.0,0,6.0,True
2017,14,6,CAR,MIN,-0.1936313083799539,1.0,0,7.0,True
2017,14,6,CIN,CHI,0.1972076793162923,1.0,-1,-26.0,False
2017,14,6,CLE,GB,-0.2266972546448915,1.0,0,-6.0,False
2017,14,6,HOU,SF,0.1541224809803859,1.0,0,-10.0,False
2017,14,6,NYG,DAL,-0.1601139295140216,1.0,-3,-20.0,False
2017,14,6,TB,DET,-0.0740564387484804,1.0,0,-3.0,False
2017,14,6,ARI,TEN,-0.0197683233350515,1.0,0,5.0,True
2017,14,6,DEN,NYJ,-0.2586641008087093,1.0,0,23.0,True
2017,14,6,LAC,WAS,0.2324477615208571,1.0,-3,17.0,True
2017,14,6,JAX,SEA,-0.0941304257326236,1.0,0,6.0,True
2017,14,6,LA,PHI,-0.1540151298001843,1.0,0,-8.0,False
2017,14,6,PIT,BAL,0.1558147235359618,1.0,-1,1.0,True
2017,14,6,MIA,NE,-0.4087113424806028,1.0,0,7.0,True
2017,14,10,ATL,NO,-0.1457937855733815,1.0,0,3.0,True
2017,14,10,BUF,IND,-0.1594361423851222,1.0,0,6.0,True
2017,14,10,CAR,MIN,-0.1949285460893768,1.0,0,7.0,True
2017,14,10,CIN,CHI,0.1817764703897241,1.0,-1,-26.0,False
2017,14,10,CLE,GB,-0.2251341254824046,1.0,0,-6.0,False
2017,14,10,HOU,SF,0.1642761152807619,1.0,0,-10.0,False
2017,14,10,NYG,DAL,-0.171722618710692,1.0,-3,-20.0,False
2017,14,10,TB,DET,-0.0784910546835958,1.0,0,-3.0,False
2017,14,10,ARI,TEN,-0.0240511832979493,1.0,0,5.0,True
2017,14,10,DEN,NYJ,-0.212217008399858,1.0,0,23.0,True
2017,14,10,LAC,WAS,0.1606415663301137,1.0,-3,17.0,True
2017,14,10,JAX,SEA,-0.0785285556017236,1.0,0,6.0,True
2017,14,10,LA,PHI,-0.1217474890030735,1.0,0,-8.0,False
2017,14,10,PIT,BAL,0.1836466840269169,1.0,-1,1.0,True
2017,14,10,MIA,NE,-0.384437567993511,1.0,0,7.0,True
2017,14,20,ATL,NO,-0.1233682775398794,1.0,0,3.0,True
2017,14,20,BUF,IND,-0.1259962639242489,1.0,0,6.0,True
2017,14,20,CAR,MIN,-0.1965840050832533,1.0,0,7.0,True
2017,14,20,CIN,CHI,0.1717030472560164,1.0,-1,-26.0,False
2017,14,20,CLE,GB,-0.2244059132627993,1.0,0,-6.0,False
2017,14,20,HOU,SF,0.1706955144316643,1.0,0,-10.0,False
2017,14,20,NYG,DAL,-0.1831189156112621,1.0,-3,-20.0,False
2017,14,20,TB,DET,-0.0822642543002633,1.0,0,-3.0,False
2017,14,20,ARI,TEN,-0.0289346661519537,1.0,0,5.0,True
2017,14,20,DEN,NYJ,-0.1724977211523058,1.0,0,23.0,True
2017,14,20,LAC,WAS,0.1039662378000412,1.0,-3,17.0,True
2017,14,20,JAX,SEA,-0.0640985129342426,1.0,0,6.0,True
2017,14,20,LA,PHI,-0.0943739924830432,1.0,0,-8.0,False
2017,14,20,PIT,BAL,0.2021777044098162,1.0,-1,1.0,True
2017,14,20,MIA,NE,-0.3652792562113409,1.0,0,7.0,True
2017,14,50,ATL,NO,-0.1073693308496368,1.0,0,3.0,True
2017,14,50,BUF,IND,-0.1043255925132505,1.0,0,6.0,True
2017,14,50,CAR,MIN,-0.1977794108798038,1.0,0,7.0,True
2017,14,50,CIN,CHI,0.1664082432204408,1.0,-1,-26.0,False
2017,14,50,CLE,GB,-0.2241373192020018,1.0,0,-6.0,False
2017,14,50,HOU,SF,0.174012282456333,1.0,0,-10.0,False
2017,14,50,NYG,DAL,-0.1910342139780773,1.0,-3,-20.0,False
2017,14,50,TB,DET,-0.0847785070956161,1.0,0,-3.0,False
2017,14,50,ARI,TEN,-0.032586499830827,1.0,0,5.0,True
2017,14,50,DEN,NYJ,-0.1469413066753521,1.0,0,23.0,True
2017,14,50,LAC,WAS,0.0694306861112,1.0,-3,17.0,True
2017,14,50,JAX,SEA,-0.0544354652278522,1.0,0,6.0,True
2017,14,50,LA,PHI,-0.0770820872723952,1.0,0,-8.0,False
2017,14,50,PIT,BAL,0.2120517671669401,1.0,-1,1.0,True
2017,14,50,MIA,NE,-0.3536385061149815,1.0,0,7.0,True
2017,14,100,ATL,NO,-0.1016139761981141,1.0,0,3.0,True
2017,14,100,BUF,IND,-0.0968779422674127,1.0,0,6.0,True
2017,14,100,CAR,MIN,-0.198203093259961,1.0,0,7.0,True
2017,14,100,CIN,CHI,0.1647776079495801,1.0,-1,-26.0,False
2017,14,100,CLE,GB,-0.2240733727674068,1.0,0,-6.0,False
2017,14,100,HOU,SF,0.1750261599566477,1.0,0,-10.0,False
2017,14,100,NYG,DAL,-0.1938456440739419,1.0,-3,-20.0,False
2017,14,100,TB,DET,-0.0856631246709484,1.0,0,-3.0,False
2017,14,100,ARI,TEN,-0.0339238766320475,1.0,0,5.0,True
2017,14,100,DEN,NYJ,-0.1381736153105465,1.0,0,23.0,True
2017,14,100,LAC,WAS,0.0579000334551923,1.0,-3,17.0,True
2017,14,100,JAX,SEA,-0.051064726854953,1.0,0,6.0,True
2017,14,100,LA,PHI,-0.0712196887641379,1.0,0,-8.0,False
2017,14,100,PIT,BAL,0.2151113936785421,1.0,-1,1.0,True
2017,14,100,MIA,NE,-0.3497572034409479,1.0,0,7.0,True
2017,15,2,IND,DEN,0.0827990020040949,1.0,0,-12.0,False
2017,15,2,DET,CHI,-0.0602326610131149,1.0,0,10.0,True
2017,15,2,KC,LAC,-0.1843971565126475,1.0,0,17.0,True
2017,15,2,BUF,MIA,-0.390074966965455,1.0,1,8.0,True
2017,15,2,CAR,GB,-0.0440423358847048,1.0,0,7.0,True
2017,15,2,CLE,BAL,-0.2049408011091259,1.0,0,-17.0,False
2017,15,2,JAX,HOU,0.0925465935461426,1.0,0,38.0,True
2017,15,2,MIN,CIN,0.0127619274677468,1.0,0,27.0,True
2017,15,2,NO,NYJ,0.3903258511321563,1.0,3,12.0,True
2017,15,2,NYG,PHI,-0.2041607842496426,1.0,0,-5.0,False
2017,15,2,WAS,ARI,-0.2379425560408934,1.0,0,5.0,True
2017,15,2,SEA,LA,-0.1456173702437801,1.0,0,-35.0,False
2017,15,2,PIT,NE,-0.1661478704964835,1.0,1,-3.0,False
2017,15,2,SF,TEN,0.0057199347512185,1.0,0,2.0,True
2017,15,2,TB,ATL,-0.0155952078296583,1.0,-3,-3.0,False
2017,15,4,IND,DEN,0.1308043859637966,1.0,0,-12.0,False
2017,15,4,DET,CHI,0.0217712762457275,1.0,0,10.0,True
2017,15,4,KC,LAC,-0.1536959683091361,1.0,0,17.0,True
2017,15,4,BUF,MIA,-0.2395169031750605,1.0,1,8.0,True
2017,15,4,CAR,GB,-0.0408068519401393,1.0,0,7.0,True
2017,15,4,CLE,BAL,-0.1608086440382613,1.0,0,-17.0,False
2017,15,4,JAX,HOU,0.0175253282348003,1.0,0,38.0,True
2017,15,4,MIN,CIN,0.0508671106237439,1.0,0,27.0,True
2017,15,4,NO,NYJ,0.3240366875637124,1.0,3,12.0,True
2017,15,4,NYG,PHI,-0.2589523618926342,1.0,0,-5.0,False
2017,15,4,WAS,ARI,-0.1241676713251635,1.0,0,5.0,True
2017,15,4,SEA,LA,-0.0754614617806413,1.0,0,-35.0,False
2017,15,4,PIT,NE,-0.1550569330526256,1.0,1,-3.0,False
2017,15,4,SF,TEN,-0.03211760908254,1.0,0,2.0,True
2017,15,4,TB,ATL,-0.075772874317337,1.0,-3,-3.0,False
2017,15,6,IND,DEN,0.1218779544697502,1.0,0,-12.0,False
2017,15,6,DET,CHI,0.0521311070060721,1.0,0,10.0,True
2017,15,6,KC,LAC,-0.1072656794505114,1.0,0,17.0,True
2017,15,6,BUF,MIA,-0.1751179420636168,1.0,1,8.0,True
2017,15,6,CAR,GB,-0.0400197437928206,1.0,0,7.0,True
2017,15,6,CLE,BAL,-0.1466616076609802,1.0,0,-17.0,False
2017,15,6,JAX,HOU,0.0004859097178559,1.0,0,38.0,True
2017,15,6,MIN,CIN,0.068997059046905,1.0,0,27.0,True
2017,15,6,NO,NYJ,0.2990609253176023,1.0,3,12.0,True
2017,15,6,NYG,PHI,-0.2632125567392527,1.0,0,-5.0,False
2017,15,6,WAS,ARI,-0.07221782101333,1.0,0,5.0,True
2017,15,6,SEA,LA,-0.0640350855834887,1.0,0,-35.0,False
2017,15,6,PIT,NE,-0.1302893102403353,1.0,1,-3.0,False
2017,15,6,SF,TEN,-0.0467451679508075,1.0,0,2.0,True
2017,15,6,TB,ATL,-0.0971217476273367,1.0,-3,-3.0,False
2017,15,10,IND,DEN,0.1022306533921302,1.0,0,-12.0,False
2017,15,10,DET,CHI,0.0784532655324608,1.0,0,10.0,True
2017,15,10,KC,LAC,-0.0565696184935212,1.0,0,17.0,True
2017,15,10,BUF,MIA,-0.1191424322564007,1.0,1,8.0,True
2017,15,10,CAR,GB,-0.0394933342763729,1.0,0,7.0,True
2017,15,10,CLE,BAL,-0.1371456318013481,1.0,0,-17.0,False
2017,15,10,JAX,HOU,-0.0087160651164543,1.0,0,38.0,True
2017,15,10,MIN,CIN,0.0844574074526748,1.0,0,27.0,True
2017,15,10,NO,NYJ,0.2767999843418428,1.0,3,12.0,True
2017,15,10,NYG,PHI,-0.2593905717457803,1.0,0,-5.0,False
2017,15,10,WAS,ARI,-0.0246475720516361,1.0,0,5.0,True
2017,15,10,SEA,LA,-0.0607614580563977,1.0,0,-35.0,False
2017,15,10,PIT,NE,-0.1036698453929592,1.0,1,-3.0,False
2017,15,10,SF,TEN,-0.0581896598675032,1.0,0,2.0,True
2017,15,10,TB,ATL,-0.1137026639236896,1.0,-3,-3.0,False
2017,15,20,IND,DEN,0.0799893422749105,1.0,0,-12.0,False
2017,15,20,DET,CHI,0.0998119508212036,1.0,0,10.0,True
2017,15,20,KC,LAC,-0.0120621078056751,1.0,0,17.0,True
2017,15,20,BUF,MIA,-0.0754688849220162,1.0,1,8.0,True
2017,15,20,CAR,GB,-0.0390699170245649,1.0,0,7.0,True
2017,15,20,CLE,BAL,-0.1316378638481224,1.0,0,-17.0,False
2017,15,20,JAX,HOU,-0.0127132308016439,1.0,0,38.0,True
2017,15,20,MIN,CIN,0.0962391799413125,1.0,0,27.0,True
2017,15,20,NO,NYJ,0.2582876916830308,1.0,3,12.0,True
2017,15,20,NYG,PHI,-0.2526982322093696,1.0,0,-5.0,False
2017,15,20,WAS,ARI,0.0142527269078045,1.0,0,5.0,True
2017,15,20,SEA,LA,-0.0618888846089798,1.0,0,-35.0,False
2017,15,20,PIT,NE,-0.080833646601635,1.0,1,-3.0,False
2017,15,20,SF,TEN,-0.0662683680108783,1.0,0,2.0,True
2017,15,20,TB,ATL,-0.1254226507500872,1.0,-3,-3.0,False
2017,15,50,IND,DEN,0.0637153889659567,1.0,0,-12.0,False
2017,15,50,DET,CHI,0.1134106464522987,1.0,0,10.0,True
2017,15,50,KC,LAC,0.0166434680280444,1.0,0,17.0,True
2017,15,50,BUF,MIA,-0.0489610790527003,1.0,1,8.0,True
2017,15,50,CAR,GB,-0.0387643866198283,1.0,0,7.0,True
2017,15,50,CLE,BAL,-0.1291643233375287,1.0,0,-17.0,False
2017,15,50,JAX,HOU,-0.0138746830973988,1.0,0,38.0,True
2017,15,50,MIN,CIN,0.1032957053198611,1.0,0,27.0,True
2017,15,50,NO,NYJ,0.2463208323362963,1.0,3,12.0,True
2017,15,50,NYG,PHI,-0.2474276678332201,1.0,0,-5.0,False
2017,15,50,WAS,ARI,0.0386921207130664,1.0,0,5.0,True
2017,15,50,SEA,LA,-0.0640144532079381,1.0,0,-35.0,False
2017,15,50,PIT,NE,-0.0663724407045386,1.0,1,-3.0,False
2017,15,50,SF,TEN,-0.0708151221261358,1.0,0,2.0,True
2017,15,50,TB,ATL,-0.1320197301235315,1.0,-3,-3.0,False
2017,15,100,IND,DEN,0.0578351796912395,1.0,0,-12.0,False
2017,15,100,DET,CHI,0.1180831385628246,1.0,0,10.0,True
2017,15,100,KC,LAC,0.0264654426300758,1.0,0,17.0,True
2017,15,100,BUF,MIA,-0.0401204847205151,1.0,1,8.0,True
2017,15,100,CAR,GB,-0.0386492802035191,1.0,0,7.0,True
2017,15,100,CLE,BAL,-0.1284923866193794,1.0,0,-17.0,False
2017,15,100,JAX,HOU,-0.0140562170536241,1.0,0,38.0,True
2017,15,100,MIN,CIN,0.1056398033740593,1.0,0,27.0,True
2017,15,100,NO,NYJ,0.2421825354420827,1.0,3,12.0,True
2017,15,100,NYG,PHI,-0.2455052165073018,1.0,0,-5.0,False
2017,15,100,WAS,ARI,0.0469885036915569,1.0,0,5.0,True
2017,15,100,SEA,LA,-0.0649566450102107,1.0,0,-35.0,False
2017,15,100,PIT,NE,-0.061470665884067,1.0,1,-3.0,False
2017,15,100,SF,TEN,-0.0722730739739106,1.0,0,2.0,True
2017,15,100,TB,ATL,-0.1341318465566044,1.0,-3,-3.0,False
2017,16,2,BAL,IND,0.3078615617571361,1.0,-3,7.0,True
2017,16,2,GB,MIN,-0.2127885280477149,1.0,0,-16.0,False
2017,16,2,CAR,TB,0.1372666421153591,1.0,1,3.0,True
2017,16,2,CHI,CLE,0.1994580847831036,1.0,1,17.0,True
2017,16,2,CIN,DET,-0.2278135781374775,1.0,-1,9.0,True
2017,16,2,KC,MIA,0.1745575022022489,1.0,1,16.0,True
2017,16,2,NE,BUF,0.1415633774654828,1.0,0,21.0,True
2017,16,2,NO,ATL,0.1955980299782625,1.0,1,10.0,True
2017,16,2,NYJ,LAC,-0.2919600633308081,1.0,-1,-7.0,False
2017,16,2,TEN,LA,-0.2084601603312448,1.0,0,-4.0,False
2017,16,2,WAS,DEN,-0.0061992340453146,1.0,-3,16.0,True
2017,16,2,SF,JAX,-0.2863160829806701,1.0,0,11.0,True
2017,16,2,ARI,NYG,0.0550202181083532,1.0,0,23.0,True
2017,16,2,DAL,SEA,0.2023538784251297,1.0,0,-9.0,False
2017,16,2,HOU,PIT,0.0565687975512897,1.0,0,-28.0,False
2017,16,4,BAL,IND,0.1655202404737271,1.0,-3,7.0,True
2017,16,4,GB,MIN,-0.1693895752004836,1.0,0,-16.0,False
2017,16,4,CAR,TB,0.0845323714213987,1.0,1,3.0,True
2017,16,4,CHI,CLE,0.1645243613337609,1.0,1,17.0,True
2017,16,4,CIN,DET,-0.1121023391693173,1.0,-1,9.0,True
2017,16,4,KC,MIA,0.1715166038337652,1.0,1,16.0,True
2017,16,4,NE,BUF,0.2802534591347665,1.0,0,21.0,True
2017,16,4,NO,ATL,0.168764205597023,1.0,1,10.0,True
2017,16,4,NYJ,LAC,-0.2649303629114937,1.0,-1,-7.0,False
2017,16,4,TEN,LA,-0.1729130726363463,1.0,0,-4.0,False
2017,16,4,WAS,DEN,0.0680914342633703,1.0,-3,16.0,True
2017,16,4,SF,JAX,-0.20210010191848,1.0,0,11.0,True
2017,16,4,ARI,NYG,0.0418344258252083,1.0,0,23.0,True
2017,16,4,DAL,SEA,0.0961311051333047,1.0,0,-9.0,False
2017,16,4,HOU,PIT,0.0218750141537273,1.0,0,-28.0,False
2017,16,6,BAL,IND,0.1137172689493657,1.0,-3,7.0,True
2017,16,6,GB,MIN,-0.1616945798247276,1.0,0,-16.0,False
2017,16,6,CAR,TB,0.0610914837172532,1.0,1,3.0,True
2017,16,6,CHI,CLE,0.1504161195842908,1.0,1,17.0,True
2017,16,6,CIN,DET,-0.0805533857131406,1.0,-1,9.0,True
2017,16,6,KC,MIA,0.1874440947367095,1.0,1,16.0,True
2017,16,6,NE,BUF,0.3028554067210852,1.0,0,21.0,True
2017,16,6,NO,ATL,0.1501004742626517,1.0,1,10.0,True
2017,16,6,NYJ,LAC,-0.2297481904823937,1.0,-1,-7.0,False
2017,16,6,TEN,LA,-0.1658615697705744,1.0,0,-4.0,False
2017,16,6,WAS,DEN,0.0893645401745973,1.0,-3,16.0,True
2017,16,6,SF,JAX,-0.1814323216528764,1.0,0,11.0,True
2017,16,6,ARI,NYG,0.0319797362348511,1.0,0,23.0,True
2017,16,6,DAL,SEA,0.072769645386972,1.0,0,-9.0,False
2017,16,6,HOU,PIT,-0.0007194668019196,1.0,0,-28.0,False
2017,16,10,BAL,IND,0.0752896593988477,1.0,-3,7.0,True
2017,16,10,GB,MIN,-0.1582265175201586,1.0,0,-16.0,False
2017,16,10,CAR,TB,0.0407825471491107,1.0,1,3.0,True
2017,16,10,CHI,CLE,0.138676088402923,1.0,1,17.0,True
2017,16,10,CIN,DET,-0.0604328936620174,1.0,-1,9.0,True
2017,16,10,KC,MIA,0.2076111175664717,1.0,1,16.0,True
2017,16,10,NE,BUF,0.3055141584769601,1.0,0,21.0,True
2017,16,10,NO,ATL,0.1275861368828955,1.0,1,10.0,True
2017,16,10,NYJ,LAC,-0.1931664984944416,1.0,-1,-7.0,False
2017,16,10,TEN,LA,-0.162254862338493,1.0,0,-4.0,False
2017,16,10,WAS,DEN,0.1022128712246848,1.0,-3,16.0,True
2017,16,10,SF,JAX,-0.1691085066589351,1.0,0,11.0,True
2017,16,10,ARI,NYG,0.0222266585177324,1.0,0,23.0,True
2017,16,10,DAL,SEA,0.0620633541138427,1.0,0,-9.0,False
2017,16,10,HOU,PIT,-0.0218391210243698,1.0,0,-28.0,False
2017,16,20,BAL,IND,0.0501281453443491,1.0,-3,7.0,True
2017,16,20,GB,MIN,-0.1571798960690407,1.0,0,-16.0,False
2017,16,20,CAR,TB,0.0250754150980514,1.0,1,3.0,True
2017,16,20,CHI,CLE,0.1297116378945767,1.0,1,17.0,True
2017,16,20,CIN,DET,-0.0494068893778863,1.0,-1,9.0,True
2017,16,20,KC,MIA,0.2268448346544352,1.0,1,16.0,True
2017,16,20,NE,BUF,0.2976358984654084,1.0,0,21.0,True
2017,16,20,NO,ATL,0.1050006994715683,1.0,1,10.0,True
2017,16,20,NYJ,LAC,-0.1625766964848179,1.0,-1,-7.0,False
2017,16,20,TEN,LA,-0.1607210867288789,1.0,0,-4.0,False
2017,16,20,WAS,DEN,0.1086351127891341,1.0,-3,16.0,True
2017,16,20,SF,JAX,-0.1625489546362322,1.0,0,11.0,True
2017,16,20,ARI,NYG,0.0141132682742782,1.0,0,23.0,True
2017,16,20,DAL,SEA,0.059458800910604,1.0,0,-9.0,False
2017,16,20,HOU,PIT,-0.0387497701378456,1.0,0,-28.0,False
2017,16,50,BAL,IND,0.0370906087230726,1.0,-3,7.0,True
2017,16,50,GB,MIN,-0.1571695634573798,1.0,0,-16.0,False
2017,16,50,CAR,TB,0.015608402471072,1.0,1,3.0,True
2017,16,50,CHI,CLE,0.1242849363152446,1.0,1,17.0,True
2017,16,50,CIN,DET,-0.0447817470642025,1.0,-1,9.0,True
2017,16,50,KC,MIA,0.23986264026225,1.0,1,16.0,True
2017,16,50,NE,BUF,0.288952207056912,1.0,0,21.0,True
2017,16,50,NO,ATL,0.0888332114740352,1.0,1,10.0,True
2017,16,50,NYJ,LAC,-0.1436524988742388,1.0,-1,-7.0,False
2017,16,50,TEN,LA,-0.1602613839804497,1.0,0,-4.0,False
2017,16,50,WAS,DEN,0.11101617177081,1.0,-3,16.0,True
2017,16,50,SF,JAX,-0.1597254469173944,1.0,0,11.0,True
2017,16,50,ARI,NYG,0.009057637339463,1.0,0,23.0,True
2017,16,50,DAL,SEA,0.0602254694433275,1.0,0,-9.0,False
2017,16,50,HOU,PIT,-0.0490862605837854,1.0,0,-28.0,False
2017,16,100,BAL,IND,0.0331376144256736,1.0,-3,7.0,True
2017,16,100,GB,MIN,-0.1572655318803901,1.0,0,-16.0,False
2017,16,100,CAR,TB,0.0124613307149802,1.0,1,3.0,True
2017,16,100,CHI,CLE,0.1224686474142908,1.0,1,17.0,True
2017,16,100,CIN,DET,-0.0435999986468292,1.0,-1,9.0,True
2017,16,100,KC,MIA,0.2444165337088349,1.0,1,16.0,True
2017,16,100,NE,BUF,0.2854361571902419,1.0,0,21.0,True
2017,16,100,NO,ATL,0.0829940045207007,1.0,1,10.0,True
2017,16,100,NYJ,LAC,-0.1373306185196394,1.0,-1,-7.0,False
2017,16,100,TEN,LA,-0.1601819127223099,1.0,0,-4.0,False
2017,16,100,WAS,DEN,0.1115574353976735,1.0,-3,16.0,True
2017,16,100,SF,JAX,-0.1589659459343797,1.0,0,11.0,True
2017,16,100,ARI,NYG,0.0073588166012098,1.0,0,23.0,True
2017,16,100,DAL,SEA,0.0608673658809121,1.0,0,-9.0,False
2017,16,100,HOU,PIT,-0.0525378085177282,1.0,0,-28.0,False
2017,17,2,DET,GB,0.1771761807162764,1.0,-1,24.0,True
2017,17,2,IND,HOU,0.0811015559205005,1.0,2,9.0,True
2017,17,2,MIN,CHI,0.0472646824194287,1.0,1,13.0,True
2017,17,2,NE,NYJ,0.451892666993983,1.0,0,20.0,True
2017,17,2,NYG,WAS,-0.1609799689132537,1.0,0,8.0,True
2017,17,2,PHI,DAL,0.0320494074814942,1.0,-1,-6.0,False
2017,17,2,PIT,CLE,0.3479602358274798,1.0,-1,4.0,True
2017,17,2,ATL,CAR,-0.1588630890835815,1.0,0,12.0,True
2017,17,2,BAL,CIN,0.1806820586316662,1.0,1,-4.0,False
2017,17,2,DEN,KC,-0.2933036247415949,1.0,0,-3.0,False
2017,17,2,LA,SF,0.1473399901930033,1.0,0,-21.0,False
2017,17,2,MIA,BUF,0.1372670697087732,1.0,0,-6.0,False
2017,17,2,SEA,ARI,-0.1560799783057503,1.0,0,-2.0,False
2017,17,2,TB,NO,-0.1014521902436476,1.0,0,7.0,True
2017,17,2,TEN,JAX,-0.1019055577977763,1.0,0,5.0,True
2017,17,4,DET,GB,0.1106826464213932,1.0,-1,24.0,True
2017,17,4,IND,HOU,-0.0156419334761538,1.0,2,9.0,True
2017,17,4,MIN,CHI,0.1200308151102423,1.0,1,13.0,True
2017,17,4,NE,NYJ,0.3713884188571638,1.0,0,20.0,True
2017,17,4,NYG,WAS,-0.0994613960131738,1.0,0,8.0,True
2017,17,4,PHI,DAL,0.0825711306372578,1.0,-1,-6.0,False
2017,17,4,PIT,CLE,0.3088606638963922,1.0,-1,4.0,True
2017,17,4,ATL,CAR,-0.0605740760607078,1.0,0,12.0,True
2017,17,4,BAL,CIN,0.0900058078094345,1.0,1,-4.0,False
2017,17,4,DEN,KC,-0.286988507520732,1.0,0,-3.0,False
2017,17,4,LA,SF,0.1744903141948066,1.0,0,-21.0,False
2017,17,4,MIA,BUF,0.1251058743880211,1.0,0,-6.0,False
2017,17,4,SEA,ARI,-0.0441948147473356,1.0,0,-2.0,False
2017,17,4,TB,NO,-0.1684527459611863,1.0,0,7.0,True
2017,17,4,TEN,JAX,-0.0962456379944952,1.0,0,5.0,True
2017,17,6,DET,GB,0.0866083585263179,1.0,-1,24.0,True
2017,17,6,IND,HOU,-0.0417497024331524,1.0,2,9.0,True
2017,17,6,MIN,CHI,0.1510820577338707,1.0,1,13.0,True
2017,17,6,NE,NYJ,0.3356410689120652,1.0,0,20.0,True
2017,17,6,NYG,WAS,-0.0897947155788435,1.0,0,8.0,True
2017,17,6,PHI,DAL,0.0902206387756395,1.0,-1,-6.0,False
2017,17,6,PIT,CLE,0.3085222663988319,1.0,-1,4.0,True
2017,17,6,ATL,CAR,-0.0146093252716177,1.0,0,12.0,True
2017,17,6,BAL,CIN,0.0492443221853981,1.0,1,-4.0,False
2017,17,6,DEN,KC,-0.2794354996741597,1.0,0,-3.0,False
2017,17,6,LA,SF,0.1892815078361149,1.0,0,-21.0,False
2017,17,6,MIA,BUF,0.1019397896937391,1.0,0,-6.0,False
2017,17,6,SEA,ARI,-0.0014657293723734,1.0,0,-2.0,False
2017,17,6,TB,NO,-0.1880059105328547,1.0,0,7.0,True
2017,17,6,TEN,JAX,-0.0889219970484408,1.0,0,5.0,True
2017,17,10,DET,GB,0.0696127060339711,1.0,-1,24.0,True
2017,17,10,IND,HOU,-0.0604155746013867,1.0,2,9.0,True
2017,17,10,MIN,CHI,0.1782046285509315,1.0,1,13.0,True
2017,17,10,NE,NYJ,0.3047306830874334,1.0,0,20.0,True
2017,17,10,NYG,WAS,-0.0902520206028925,1.0,0,8.0,True
2017,17,10,PHI,DAL,0.0875548419525689,1.0,-1,-6.0,False
2017,17,10,PIT,CLE,0.3133920360151916,1.0,-1,4.0,True
2017,17,10,ATL,CAR,0.0260411559896318,1.0,0,12.0,True
2017,17,10,BAL,CIN,0.0154877076847513,1.0,1,-4.0,False
2017,17,10,DEN,KC,-0.2701999103890008,1.0,0,-3.0,False
2017,17,10,LA,SF,0.2031297729323212,1.0,0,-21.0,False
2017,17,10,MIA,BUF,0.0736331163271858,1.0,0,-6.0,False
2017,17,10,SEA,ARI,0.0320137073290655,1.0,0,-2.0,False
2017,17,10,TB,NO,-0.1966338389068971,1.0,0,7.0,True
2017,17,10,TEN,JAX,-0.0822787822376562,1.0,0,5.0,True
2017,17,20,DET,GB,0.0596189738129808,1.0,-1,24.0,True
2017,17,20,IND,HOU,-0.0732329753613261,1.0,2,9.0,True
2017,17,20,MIN,CHI,0.1995403144523333,1.0,1,13.0,True
2017,17,20,NE,NYJ,0.2812613429198595,1.0,0,20.0,True
2017,17,20,NYG,WAS,-0.0964781603222104,1.0,0,8.0,True
2017,17,20,PHI,DAL,0.0790036844611565,1.0,-1,-6.0,False
2017,17,20,PIT,CLE,0.3195858199430972,1.0,-1,4.0,True
2017,17,20,ATL,CAR,0.0578026796892999,1.0,0,12.0,True
2017,17,20,BAL,CIN,-0.0089234524631173,1.0,1,-4.0,False
2017,17,20,DEN,KC,-0.2611703288937115,1.0,0,-3.0,False
2017,17,20,LA,SF,0.2143111467911541,1.0,0,-21.0,False
2017,17,20,MIA,BUF,0.0467619457939663,1.0,0,-6.0,False
2017,17,20,SEA,ARI,0.0557200625262943,1.0,0,-2.0,False
2017,17,20,TB,NO,-0.1966319353317809,1.0,0,7.0,True
2017,17,20,TEN,JAX,-0.0773790743082787,1.0,0,5.0,True
2017,17,50,DET,GB,0.0552024741599269,1.0,-1,24.0,True
2017,17,50,IND,HOU,-0.0804699643494856,1.0,2,9.0,True
2017,17,50,MIN,CHI,0.2126109687265476,1.0,1,13.0,True
2017,17,50,NE,NYJ,0.2674903541459869,1.0,0,20.0,True
2017,17,50,NYG,WAS,-0.1028144637995688,1.0,0,8.0,True
2017,17,50,PHI,DAL,0.0709953623501918,1.0,-1,-6.0,False
2017,17,50,PIT,CLE,0.3240946704934548,1.0,-1,4.0,True
2017,17,50,ATL,CAR,0.0769716222729862,1.0,0,12.0,True
2017,17,50,BAL,CIN,-0.0226379509382062,1.0,1,-4.0,False
2017,17,50,DEN,KC,-0.2548827080646853,1.0,0,-3.0,False
2017,17,50,LA,SF,0.2211917173432481,1.0,0,-21.0,False
2017,17,50,MIA,BUF,0.0285912766274934,1.0,0,-6.0,False
2017,17,50,SEA,ARI,0.0690896156647688,1.0,0,-2.0,False
2017,17,50,TB,NO,-0.1933106602818565,1.0,0,7.0,True
2017,17,50,TEN,JAX,-0.0746381844764502,1.0,0,5.0,True
2017,17,100,DET,GB,0.0540343579292102,1.0,-1,24.0,True
2017,17,100,IND,HOU,-0.0828092594495999,1.0,2,9.0,True
2017,17,100,MIN,CHI,0.2169972725591938,1.0,1,13.0,True
2017,17,100,NE,NYJ,0.2629987046953025,1.0,0,20.0,True
2017,17,100,NYG,WAS,-0.105362836592424,1.0,0,8.0,True
2017,17,100,PHI,DAL,0.0678522511869589,1.0,-1,-6.0,False
2017,17,100,PIT,CLE,0.3256977896829631,1.0,-1,4.0,True
2017,17,100,ATL,CAR,0.0833327738161782,1.0,0,12.0,True
2017,17,100,BAL,CIN,-0.026995663765875,1.0,1,-4.0,False
2017,17,100,DEN,KC,-0.2526480956467108,1.0,0,-3.0,False
2017,17,100,LA,SF,0.2234972768711745,1.0,0,-21.0,False
2017,17,100,MIA,BUF,0.0222391549771876,1.0,0,-6.0,False
2017,17,100,SEA,ARI,0.073379536213873,1.0,0,-2.0,False
2017,17,100,TB,NO,-0.1915964664167417,1.0,0,7.0,True
2017,17,100,TEN,JAX,-0.0737729744970663,1.0,0,5.0,True
2018,4,2,LA,MIN,0.2734097729060586,1.0,0,7.0,True
2018,4,2,ATL,CIN,0.0004600213590386,1.0,0,-1.0,False
2018,4,2,CHI,TB,0.0230698396216475,1.0,1,38.0,True
2018,4,2,DAL,DET,-0.0953465087166663,1.0,0,2.0,True
2018,4,2,GB,BUF,0.3391033966080723,1.0,0,22.0,True
2018,4,2,IND,HOU,-0.0062676717014555,1.0,0,-3.0,False
2018,4,2,JAX,NYJ,0.1766136273629924,1.0,-3,19.0,True
2018,4,2,NE,MIA,-0.0944373334602298,1.0,0,31.0,True
2018,4,2,TEN,PHI,0.1409440102256705,1.0,0,3.0,True
2018,4,2,ARI,SEA,-0.3480745569160445,1.0,0,-3.0,False
2018,4,2,LAC,SF,0.37036638597059,1.0,0,2.0,True
2018,4,2,NYG,NO,-0.2921526549644026,1.0,0,-15.0,False
2018,4,2,PIT,BAL,0.1414126610071074,1.0,-1,-12.0,False
2018,4,2,DEN,KC,-0.5766226660849441,1.0,0,-4.0,False
2018,4,4,LA,MIN,0.2493969253554833,1.0,0,7.0,True
2018,4,4,ATL,CIN,-0.0304750393432837,1.0,0,-1.0,False
2018,4,4,CHI,TB,-0.0482001947598851,1.0,1,38.0,True
2018,4,4,DAL,DET,-0.0263990386223326,1.0,0,2.0,True
2018,4,4,GB,BUF,0.4285860988332282,1.0,0,22.0,True
2018,4,4,IND,HOU,-0.016373002524007,1.0,0,-3.0,False
2018,4,4,JAX,NYJ,0.1574251126850954,1.0,-3,19.0,True
2018,4,4,NE,MIA,-0.0869482642821779,1.0,0,31.0,True
2018,4,4,TEN,PHI,0.1220370679107408,1.0,0,3.0,True
2018,4,4,ARI,SEA,-0.2903429376755428,1.0,0,-3.0,False
2018,4,4,LAC,SF,0.3628446750297187,1.0,0,2.0,True
2018,4,4,NYG,NO,-0.2854463832099017,1.0,0,-15.0,False
2018,4,4,PIT,BAL,0.1417963830481667,1.0,-1,-12.0,False
2018,4,4,DEN,KC,-0.5297167742340364,1.0,0,-4.0,False
2018,4,6,LA,MIN,0.2420697325225154,1.0,0,7.0,True
2018,4,6,ATL,CIN,-0.0410702118671953,1.0,0,-1.0,False
2018,4,6,CHI,TB,-0.0721807970255671,1.0,1,38.0,True
2018,4,6,DAL,DET,-0.0043579034068211,1.0,0,2.0,True
2018,4,6,GB,BUF,0.4570640356956983,1.0,0,22.0,True
2018,4,6,IND,HOU,-0.0195098507006563,1.0,0,-3.0,False
2018,4,6,JAX,NYJ,0.1497706044780693,1.0,-3,19.0,True
2018,4,6,NE,MIA,-0.0836325635502496,1.0,0,31.0,True
2018,4,6,TEN,PHI,0.1152133210937939,1.0,0,3.0,True
2018,4,6,ARI,SEA,-0.2712344155991714,1.0,0,-3.0,False
2018,4,6,LAC,SF,0.3598112664819588,1.0,0,2.0,True
2018,4,6,NYG,NO,-0.2818351052845527,1.0,0,-15.0,False
2018,4,6,PIT,BAL,0.1423354882543067,1.0,-1,-12.0,False
2018,4,6,DEN,KC,-0.51225139601695,1.0,0,-4.0,False
2018,4,10,LA,MIN,0.2364222379771451,1.0,0,7.0,True
2018,4,10,ATL,CIN,-0.0496178390323716,1.0,0,-1.0,False
2018,4,10,CHI,TB,-0.0913453699843124,1.0,1,38.0,True
2018,4,10,DAL,DET,0.012852288983143,1.0,0,2.0,True
2018,4,10,GB,BUF,0.4793048501607055,1.0,0,22.0,True
2018,4,10,IND,HOU,-0.0219259745986201,1.0,0,-3.0,False
2018,4,10,JAX,NYJ,0.143189543366149,1.0,-3,19.0,True
2018,4,10,NE,MIA,-0.0806869242445867,1.0,0,31.0,True
2018,4,10,TEN,PHI,0.1095889907844841,1.0,0,3.0,True
2018,4,10,ARI,SEA,-0.2560556444609127,1.0,0,-3.0,False
2018,4,10,LAC,SF,0.3571731901817808,1.0,0,2.0,True
2018,4,10,NYG,NO,-0.2784438381203453,1.0,0,-15.0,False
2018,4,10,PIT,BAL,0.1428815069678952,1.0,-1,-12.0,False
2018,4,10,DEN,KC,-0.497665111667863,1.0,0,-4.0,False
2018,4,20,LA,MIN,0.2323024822478297,1.0,0,7.0,True
2018,4,20,ATL,CIN,-0.0560607193974874,1.0,0,-1.0,False
2018,4,20,CHI,TB,-0.1056767003175868,1.0,1,38.0,True
2018,4,20,DAL,DET,0.0254912257109699,1.0,0,2.0,True
2018,4,20,GB,BUF,0.4956549956254918,1.0,0,22.0,True
2018,4,20,IND,HOU,-0.023681103971023,1.0,0,-3.0,False
2018,4,20,JAX,NYJ,0.1379884314977714,1.0,-3,19.0,True
2018,4,20,NE,MIA,-0.0783091441794591,1.0,0,31.0,True
2018,4,20,TEN,PHI,0.1052822634373293,1.0,0,3.0,True
2018,4,20,ARI,SEA,-0.2447510589101864,1.0,0,-3.0,False
2018,4,20,LAC,SF,0.3550664157130264,1.0,0,2.0,True
2018,4,20,NYG,NO,-0.2756086034711071,1.0,0,-15.0,False
2018,4,20,PIT,BAL,0.1433454527731699,1.0,-1,-12.0,False
2018,4,20,DEN,KC,-0.4863844305591615,1.0,0,-4.0,False
2018,4,50,LA,MIN,0.2298755280215067,1.0,0,7.0,True
2018,4,50,ATL,CIN,-0.0599367274381554,1.0,0,-1.0,False
2018,4,50,CHI,TB,-0.114248904560015,1.0,1,38.0,True
2018,4,50,DAL,DET,0.0329577947472725,1.0,0,2.0,True
2018,4,50,GB,BUF,0.5053250083770915,1.0,0,22.0,True
2018,4,50,IND,HOU,-0.0247100550670322,1.0,0,-3.0,False
2018,4,50,JAX,NYJ,0.1347595322022191,1.0,-3,19.0,True
2018,4,50,NE,MIA,-0.076814146210581,1.0,0,31.0,True
2018,4,50,TEN,PHI,0.1026644246992812,1.0,0,3.0,True
2018,4,50,ARI,SEA,-0.2380058071353846,1.0,0,-3.0,False
2018,4,50,LAC,SF,0.3537483878705147,1.0,0,2.0,True
2018,4,50,NYG,NO,-0.2737882837816922,1.0,0,-15.0,False
2018,4,50,PIT,BAL,0.1436420601110307,1.0,-1,-12.0,False
2018,4,50,DEN,KC,-0.4794815154689522,1.0,0,-4.0,False
2018,4,100,LA,MIN,0.2290737438222081,1.0,0,7.0,True
2018,4,100,ATL,CIN,-0.061230137392774,1.0,0,-1.0,False
2018,4,100,CHI,TB,-0.1171009239612712,1.0,1,38.0,True
2018,4,100,DAL,DET,0.0354265802019146,1.0,0,2.0,True
2018,4,100,GB,BUF,0.5085246003802816,1.0,0,22.0,True
2018,4,100,IND,HOU,-0.0250489518039532,1.0,0,-3.0,False
2018,4,100,JAX,NYJ,0.1336653213816743,1.0,-3,19.0,True
2018,4,100,NE,MIA,-0.0763045491149969,1.0,0,31.0,True
2018,4,100,TEN,PHI,0.1017864567433305,1.0,0,3.0,True
2018,4,100,ARI,SEA,-0.2357641166270192,1.0,0,-3.0,False
2018,4,100,LAC,SF,0.3532999483169525,1.0,0,2.0,True
2018,4,100,NYG,NO,-0.2731617718611812,1.0,0,-15.0,False
2018,4,100,PIT,BAL,0.143743519648651,1.0,-1,-12.0,False
2018,4,100,DEN,KC,-0.4771587560914825,1.0,0,-4.0,False
2018,5,2,NE,IND,0.1440898732881583,1.0,0,14.0,True
2018,5,2,BUF,TEN,-0.3703467820053545,1.0,0,1.0,True
2018,5,2,CAR,NYG,0.2715161896784976,1.0,7,2.0,True
2018,5,2,CIN,MIA,0.0636004774283333,1.0,0,10.0,True
2018,5,2,CLE,BAL,-0.2673665848190397,1.0,0,3.0,True
2018,5,2,DET,GB,-0.0345163361141835,1.0,0,8.0,True
2018,5,2,KC,JAX,0.1904647800116115,1.0,-1,16.0,True
2018,5,2,NYJ,DEN,-0.1830013367200889,1.0,1,18.0,True
2018,5,2,PIT,ATL,-0.1818890177501282,1.0,0,24.0,True
2018,5,2,PHI,MIN,0.025177625551206,1.0,-3,-2.0,False
2018,5,2,SEA,LA,-0.3154436997822931,1.0,-3,-2.0,False
2018,5,2,SF,ARI,0.045133547976516,1.0,0,-10.0,False
2018,5,2,HOU,DAL,0.1420663979321075,1.0,0,3.0,True
2018,5,2,NO,WAS,0.0967710485395543,1.0,-7,24.0,True
2018,5,4,NE,IND,0.1255156846402235,1.0,0,14.0,True
2018,5,4,BUF,TEN,-0.3768447141985772,1.0,0,1.0,True
2018,5,4,CAR,NYG,0.2252443361612054,1.0,7,2.0,True
2018,5,4,CIN,MIA,0.0582867685583639,1.0,0,10.0,True
2018,5,4,CLE,BAL,-0.2324862855382298,1.0,0,3.0,True
2018,5,4,DET,GB,-0.0458618402689386,1.0,0,8.0,True
2018,5,4,KC,JAX,0.2391202057330622,1.0,-1,16.0,True
2018,5,4,NYJ,DEN,-0.1804028621175386,1.0,1,18.0,True
2018,5,4,PIT,ATL,-0.1467987007182633,1.0,0,24.0,True
2018,5,4,PHI,MIN,-0.0862535814738872,1.0,-3,-2.0,False
2018,5,4,SEA,LA,-0.3566484147960116,1.0,-3,-2.0,False
2018,5,4,SF,ARI,0.0296617756345883,1.0,0,-10.0,False
2018,5,4,HOU,DAL,0.0963335466438738,1.0,0,3.0,True
2018,5,4,NO,WAS,0.0508162445150914,1.0,-7,24.0,True
2018,5,6,NE,IND,0.1231315570887121,1.0,0,14.0,True
2018,5,6,BUF,TEN,-0.3793501502322411,1.0,0,1.0,True
2018,5,6,CAR,NYG,0.2101107245072845,1.0,7,2.0,True
2018,5,6,CIN,MIA,0.0595188089857747,1.0,0,10.0,True
2018,5,6,CLE,BAL,-0.2225962297448984,1.0,0,3.0,True
2018,5,6,DET,GB,-0.0524518094815554,1.0,0,8.0,True
2018,5,6,KC,JAX,0.254380493476057,1.0,-1,16.0,True
2018,5,6,NYJ,DEN,-0.180478557647092,1.0,1,18.0,True
2018,5,6,PIT,ATL,-0.1343303470711432,1.0,0,24.0,True
2018,5,6,PHI,MIN,-0.123034264235028,1.0,-3,-2.0,False
2018,5,6,SEA,LA,-0.37380207017305,1.0,-3,-2.0,False
2018,5,6,SF,ARI,0.0245551067708871,1.0,0,-10.0,False
2018,5,6,HOU,DAL,0.0800288685777749,1.0,0,3.0,True
2018,5,6,NO,WAS,0.0343089831534721,1.0,-7,24.0,True
2018,5,10,NE,IND,0.1226035147124345,1.0,0,14.0,True
2018,5,10,BUF,TEN,-0.3814386950982925,1.0,0,1.0,True
2018,5,10,CAR,NYG,0.1981597628113142,1.0,7,2.0,True
2018,5,10,CIN,MIA,0.0615075106870133,1.0,0,10.0,True
2018,5,10,CLE,BAL,-0.2154423066373257,1.0,0,3.0,True
2018,5,10,DET,GB,-0.0587281266217001,1.0,0,8.0,True
2018,5,10,KC,JAX,0.2661227817700004,1.0,-1,16.0,True
2018,5,10,NYJ,DEN,-0.1808807975832221,1.0,1,18.0,True
2018,5,10,PIT,ATL,-0.1240782689771658,1.0,0,24.0,True
2018,5,10,PHI,MIN,-0.1519996283709922,1.0,-3,-2.0,False
2018,5,10,SEA,LA,-0.3886754297011658,1.0,-3,-2.0,False
2018,5,10,SF,ARI,0.0204962696027995,1.0,0,-10.0,False
2018,5,10,HOU,DAL,0.0667191722051344,1.0,0,3.0,True
2018,5,10,NO,WAS,0.0207112981595888,1.0,-7,24.0,True
2018,5,20,NE,IND,0.1230032030639301,1.0,0,14.0,True
2018,5,20,BUF,TEN,-0.3830426369918284,1.0,0,1.0,True
2018,5,20,CAR,NYG,0.189302703332808,1.0,7,2.0,True
2018,5,20,CIN,MIA,0.063551197375723,1.0,0,10.0,True
2018,5,20,CLE,BAL,-0.2105536047158969,1.0,0,3.0,True
2018,5,20,DET,GB,-0.0640106193404778,1.0,0,8.0,True
2018,5,20,KC,JAX,0.274624383028816,1.0,-1,16.0,True
2018,5,20,NYJ,DEN,-0.1813779505116948,1.0,1,18.0,True
2018,5,20,PIT,ATL,-0.1162309621599836,1.0,0,24.0,True
2018,5,20,PHI,MIN,-0.1733632766267769,1.0,-3,-2.0,False
2018,5,20,SEA,LA,-0.4004633175017738,1.0,-3,-2.0,False
2018,5,20,SF,ARI,0.0174686166411726,1.0,0,-10.0,False
2018,5,20,HOU,DAL,0.0566202601956788,1.0,0,3.0,True
2018,5,20,NO,WAS,0.0102980851669061,1.0,-7,24.0,True
2018,5,50,NE,IND,0.1235659852728325,1.0,0,14.0,True
2018,5,50,BUF,TEN,-0.3840169397660366,1.0,0,1.0,True
2018,5,50,CAR,NYG,0.1840367149921561,1.0,7,2.0,True
2018,5,50,CIN,MIA,0.0649933043203856,1.0,0,10.0,True
2018,5,50,CLE,BAL,-0.207826067893865,1.0,0,3.0,True
2018,5,50,DET,GB,-0.0674122873065083,1.0,0,8.0,True
2018,5,50,KC,JAX,0.2795903109214604,1.0,-1,16.0,True
2018,5,50,NYJ,DEN,-0.1817547953648525,1.0,1,18.0,True
2018,5,50,PIT,ATL,-0.1114591317967253,1.0,0,24.0,True
2018,5,50,PHI,MIN,-0.1860064730604773,1.0,-3,-2.0,False
2018,5,50,SEA,LA,-0.4077827407203632,1.0,-3,-2.0,False
2018,5,50,SF,ARI,0.0156588638267156,1.0,0,-10.0,False
2018,5,50,HOU,DAL,0.0505250599584539,1.0,0,3.0,True
2018,5,50,NO,WAS,0.0039662940650911,1.0,-7,24.0,True
2018,5,100,NE,IND,0.12380683741338,1.0,0,14.0,True
2018,5,100,BUF,TEN,-0.3843433398707033,1.0,0,1.0,True
2018,5,100,CAR,NYG,0.1822898907997165,1.0,7,2.0,True
2018,5,100,CIN,MIA,0.0655087529086501,1.0,0,10.0,True
2018,5,100,CLE,BAL,-0.2069520782158168,1.0,0,3.0,True
2018,5,100,DET,GB,-0.0685843236334804,1.0,0,8.0,True
2018,5,100,KC,JAX,0.2812221901840189,1.0,-1,16.0,True
2018,5,100,NYJ,DEN,-0.1818932631168751,1.0,1,18.0,True
2018,5,100,PIT,ATL,-0.1098581587576652,1.0,0,24.0,True
2018,5,100,PHI,MIN,-0.1901890784669216,1.0,-3,-2.0,False
2018,5,100,SEA,LA,-0.4102621215627877,1.0,-3,-2.0,False
2018,5,100,SF,ARI,0.015056741214268,1.0,0,-10.0,False
2018,5,100,HOU,DAL,0.0484886198536472,1.0,0,3.0,True
2018,5,100,NO,WAS,0.0018422179853236,1.0,-7,24.0,True
2018,6,2,NYG,PHI,0.0825537597343678,1.0,0,-21.0,False
2018,6,2,ATL,TB,0.1620460452171512,1.0,-7,5.0,True
2018,6,2,CIN,PIT,-0.0829739754808237,1.0,0,-7.0,False
2018,6,2,CLE,LAC,-0.1913487302735748,1.0,0,-24.0,False
2018,6,2,HOU,BUF,0.2913060030103291,1.0,0,7.0,True
2018,6,2,MIA,CHI,-0.3420390280491212,1.0,-7,3.0,True
2018,6,2,MIN,ARI,0.1277406835003504,1.0,0,10.0,True
2018,6,2,NYJ,IND,-0.0313881833614989,1.0,-3,8.0,True
2018,6,2,WAS,CAR,-0.1642597419198031,1.0,-1,6.0,True
2018,6,2,DEN,LA,-0.3983489516294728,1.0,0,-3.0,False
2018,6,2,DAL,JAX,-0.2469077970670969,1.0,0,33.0,True
2018,6,2,TEN,BAL,-0.1010595501537011,1.0,0,-21.0,False
2018,6,2,NE,KC,-0.1873030127075936,1.0,3,3.0,True
2018,6,2,GB,SF,0.2089404846880568,1.0,0,3.0,True
2018,6,4,NYG,PHI,0.0773751984642021,1.0,0,-21.0,False
2018,6,4,ATL,TB,0.0856033962984178,1.0,-7,5.0,True
2018,6,4,CIN,PIT,-0.0496215933509836,1.0,0,-7.0,False
2018,6,4,CLE,LAC,-0.1964501524880821,1.0,0,-24.0,False
2018,6,4,HOU,BUF,0.2936191157863951,1.0,0,7.0,True
2018,6,4,MIA,CHI,-0.2267866333474521,1.0,-7,3.0,True
2018,6,4,MIN,ARI,0.1876445929593691,1.0,0,10.0,True
2018,6,4,NYJ,IND,-0.047642622380115,1.0,-3,8.0,True
2018,6,4,WAS,CAR,-0.0700074486932076,1.0,-1,6.0,True
2018,6,4,DEN,LA,-0.3744894062524859,1.0,0,-3.0,False
2018,6,4,DAL,JAX,-0.2232805794022975,1.0,0,33.0,True
2018,6,4,TEN,BAL,-0.0827709376239037,1.0,0,-21.0,False
2018,6,4,NE,KC,-0.2064668048344366,1.0,3,3.0,True
2018,6,4,GB,SF,0.2165434536376605,1.0,0,3.0,True
2018,6,6,NYG,PHI,0.0770641039937743,1.0,0,-21.0,False
2018,6,6,ATL,TB,0.0598355402890912,1.0,-7,5.0,True
2018,6,6,CIN,PIT,-0.0374798694309045,1.0,0,-7.0,False
2018,6,6,CLE,LAC,-0.2002212382967399,1.0,0,-24.0,False
2018,6,6,HOU,BUF,0.2960149567843861,1.0,0,7.0,True
2018,6,6,MIA,CHI,-0.1881119050342161,1.0,-7,3.0,True
2018,6,6,MIN,ARI,0.2134797565729861,1.0,0,10.0,True
2018,6,6,NYJ,IND,-0.0481882510460003,1.0,-3,8.0,True
2018,6,6,WAS,CAR,-0.0387016384946725,1.0,-1,6.0,True
2018,6,6,DEN,LA,-0.3642415844203508,1.0,0,-3.0,False
2018,6,6,DAL,JAX,-0.2123567952075634,1.0,0,33.0,True
2018,6,6,TEN,BAL,-0.0767241889836342,1.0,0,-21.0,False
2018,6,6,NE,KC,-0.212515599158642,1.0,3,3.0,True
2018,6,6,GB,SF,0.2212031434972836,1.0,0,3.0,True
2018,6,10,NYG,PHI,0.0772953618417841,1.0,0,-21.0,False
2018,6,10,ATL,TB,0.0392061931189161,1.0,-7,5.0,True
2018,6,10,CIN,PIT,-0.0275669450239606,1.0,0,-7.0,False
2018,6,10,CLE,LAC,-0.2039272489478707,1.0,0,-24.0,False
2018,6,10,HOU,BUF,0.2984871128318195,1.0,0,7.0,True
2018,6,10,MIA,CHI,-0.1574450685891828,1.0,-7,3.0,True
2018,6,10,MIN,ARI,0.2361019552480306,1.0,0,10.0,True
2018,6,10,NYJ,IND,-0.046745445829246,1.0,-3,8.0,True
2018,6,10,WAS,CAR,-0.0139786458692532,1.0,-1,6.0,True
2018,6,10,DEN,LA,-0.3552323677211969,1.0,0,-3.0,False
2018,6,10,DAL,JAX,-0.2026482891493938,1.0,0,33.0,True
2018,6,10,TEN,BAL,-0.072052041521672,1.0,0,-21.0,False
2018,6,10,NE,KC,-0.2169401449737684,1.0,3,3.0,True
2018,6,10,GB,SF,0.2258350836984496,1.0,0,3.0,True
2018,6,20,NYG,PHI,0.0777316986671109,1.0,0,-21.0,False
2018,6,20,ATL,TB,0.0237545202887567,1.0,-7,5.0,True
2018,6,20,CIN,PIT,-0.0200730526387876,1.0,0,-7.0,False
2018,6,20,CLE,LAC,-0.2070779910994476,1.0,0,-24.0,False
2018,6,20,HOU,BUF,0.3006439430131371,1.0,0,7.0,True
2018,6,20,MIA,CHI,-0.1347122163112343,1.0,-7,3.0,True
2018,6,20,MIN,ARI,0.2541261747850786,1.0,0,10.0,True
2018,6,20,NYJ,IND,-0.0445547394167162,1.0,-3,8.0,True
2018,6,20,WAS,CAR,0.0043007029379375,1.0,-1,6.0,True
2018,6,20,DEN,LA,-0.3480175171983272,1.0,0,-3.0,False
2018,6,20,DAL,JAX,-0.1948594358015053,1.0,0,33.0,True
2018,6,20,TEN,BAL,-0.0686925370173008,1.0,0,-21.0,False
2018,6,20,NE,KC,-0.219932242923847,1.0,3,3.0,True
2018,6,20,GB,SF,0.2298636445791018,1.0,0,3.0,True
2018,6,50,NYG,PHI,0.0780952184472505,1.0,0,-21.0,False
2018,6,50,ATL,TB,0.0145011975276346,1.0,-7,5.0,True
2018,6,50,CIN,PIT,-0.015570316307619,1.0,0,-7.0,False
2018,6,50,CLE,LAC,-0.2091097779920746,1.0,0,-24.0,False
2018,6,50,HOU,BUF,0.302054238858321,1.0,0,7.0,True
2018,6,50,MIA,CHI,-0.1212141273813044,1.0,-7,3.0,True
2018,6,50,MIN,ARI,0.2653458386692414,1.0,0,10.0,True
2018,6,50,NYJ,IND,-0.0427844357129231,1.0,-3,8.0,True
2018,6,50,WAS,CAR,0.0151390271033346,1.0,-1,6.0,True
2018,6,50,DEN,LA,-0.3435063419621681,1.0,0,-3.0,False
2018,6,50,DAL,JAX,-0.1899976604340836,1.0,0,33.0,True
2018,6,50,TEN,BAL,-0.0667513684382859,1.0,0,-21.0,False
2018,6,50,NE,KC,-0.2215688785137895,1.0,3,3.0,True
2018,6,50,GB,SF,0.2325145820105309,1.0,0,3.0,True
2018,6,100,NYG,PHI,0.078232604180688,1.0,0,-21.0,False
2018,6,100,ATL,TB,0.011420691093001,1.0,-7,5.0,True
2018,6,100,CIN,PIT,-0.0140702014268065,1.0,0,-7.0,False
2018,6,100,CLE,LAC,-0.2098092938005824,1.0,0,-24.0,False
2018,6,100,HOU,BUF,0.3025427241490758,1.0,0,7.0,True
2018,6,100,MIA,CHI,-0.1167415008924395,1.0,-7,3.0,True
2018,6,100,MIN,ARI,0.2691498528080777,1.0,0,10.0,True
2018,6,100,NYJ,IND,-0.0421186531272158,1.0,-3,8.0,True
2018,6,100,WAS,CAR,0.0187282194182736,1.0,-1,6.0,True
2018,6,100,DEN,LA,-0.3419729717396509,1.0,0,-3.0,False
2018,6,100,DAL,JAX,-0.1883479099082554,1.0,0,33.0,True
2018,6,100,TEN,BAL,-0.0661182940604261,1.0,0,-21.0,False
2018,6,100,NE,KC,-0.2220856076610248,1.0,3,3.0,True
2018,6,100,GB,SF,0.2334375784303895,1.0,0,3.0,True
2018,7,2,ARI,DEN,-0.149042499115789,1.0,0,-35.0,False
2018,7,2,CHI,NE,0.0267952225176924,1.0,0,-7.0,False
2018,7,2,IND,BUF,0.1922272056347338,1.0,0,32.0,True
2018,7,2,JAX,HOU,-0.2741307043341314,1.0,0,-13.0,False
2018,7,2,MIA,DET,-0.07771804490874,1.0,-7,-11.0,False
2018,7,2,NYJ,MIN,-0.1441724637387608,1.0,0,-20.0,False
2018,7,2,PHI,CAR,0.0712043804416152,1.0,3,-4.0,False
2018,7,2,TB,CLE,0.1819044817035439,1.0,0,3.0,True
2018,7,2,BAL,NO,-0.1222100237825056,1.0,-6,-1.0,False
2018,7,2,SF,LA,-0.2796669478418314,1.0,-1,-29.0,False
2018,7,2,WAS,DAL,-0.0005480213898373,1.0,0,3.0,True
2018,7,2,KC,CIN,0.1953375742229318,1.0,0,35.0,True
2018,7,2,LAC,TEN,0.3428677847804205,0.0,0,1.0,True
2018,7,2,ATL,NYG,0.176391625706587,1.0,-3,3.0,True
2018,7,4,ARI,DEN,-0.1806975579975726,1.0,0,-35.0,False
2018,7,4,CHI,NE,0.0260327222301736,1.0,0,-7.0,False
2018,7,4,IND,BUF,0.2457077740898569,1.0,0,32.0,True
2018,7,4,JAX,HOU,-0.1139346031115083,1.0,0,-13.0,False
2018,7,4,MIA,DET,-0.0335536094871723,1.0,-7,-11.0,False
2018,7,4,NYJ,MIN,-0.155995295482581,1.0,0,-20.0,False
2018,7,4,PHI,CAR,-0.0128515616116412,1.0,3,-4.0,False
2018,7,4,TB,CLE,0.1711961747075043,1.0,0,3.0,True
2018,7,4,BAL,NO,-0.0967310602662256,1.0,-6,-1.0,False
2018,7,4,SF,LA,-0.3468535292896594,1.0,-1,-29.0,False
2018,7,4,WAS,DAL,0.043875820054342,1.0,0,3.0,True
2018,7,4,KC,CIN,0.2162702031502401,1.0,0,35.0,True
2018,7,4,LAC,TEN,0.262627150630075,0.0,0,1.0,True
2018,7,4,ATL,NYG,0.1813616106830655,1.0,-3,3.0,True
2018,7,6,ARI,DEN,-0.1982064635134971,1.0,0,-35.0,False
2018,7,6,CHI,NE,0.0225307912971964,1.0,0,-7.0,False
2018,7,6,IND,BUF,0.2645837164964251,1.0,0,32.0,True
2018,7,6,JAX,HOU,-0.063712992919224,1.0,0,-13.0,False
2018,7,6,MIA,DET,-0.0144893517181796,1.0,-7,-11.0,False
2018,7,6,NYJ,MIN,-0.163231881864466,1.0,0,-20.0,False
2018,7,6,PHI,CAR,-0.0386246863345143,1.0,3,-4.0,False
2018,7,6,TB,CLE,0.1763664351426879,1.0,0,3.0,True
2018,7,6,BAL,NO,-0.0878637437309444,1.0,-6,-1.0,False
2018,7,6,SF,LA,-0.3713221529005951,1.0,-1,-29.0,False
2018,7,6,WAS,DAL,0.0584687818423722,1.0,0,3.0,True
2018,7,6,KC,CIN,0.2210041393256291,1.0,0,35.0,True
2018,7,6,LAC,TEN,0.2398338706651818,0.0,0,1.0,True
2018,7,6,ATL,NYG,0.1840281165399117,1.0,-3,3.0,True
2018,7,10,ARI,DEN,-0.2147833216380377,1.0,0,-35.0,False
2018,7,10,CHI,NE,0.0182067391359738,1.0,0,-7.0,False
2018,7,10,IND,BUF,0.2798574636463412,1.0,0,32.0,True
2018,7,10,JAX,HOU,-0.0251983474037276,1.0,0,-13.0,False
2018,7,10,MIA,DET,0.0021759520093758,1.0,-7,-11.0,False
2018,7,10,NYJ,MIN,-0.169927560554639,1.0,0,-20.0,False
2018,7,10,PHI,CAR,-0.0580656698543512,1.0,3,-4.0,False
2018,7,10,TB,CLE,0.1836585110833378,1.0,0,3.0,True
2018,7,10,BAL,NO,-0.0805969076140565,1.0,-6,-1.0,False
2018,7,10,SF,LA,-0.3914159560457648,1.0,-1,-29.0,False
2018,7,10,WAS,DAL,0.0700988134281176,1.0,0,3.0,True
2018,7,10,KC,CIN,0.2237670742078871,1.0,0,35.0,True
2018,7,10,LAC,TEN,0.2231984305791694,0.0,0,1.0,True
2018,7,10,ATL,NYG,0.1863479783934538,1.0,-3,3.0,True
2018,7,20,ARI,DEN,-0.2286892391023115,1.0,0,-35.0,False
2018,7,20,CHI,NE,0.013987287297465,1.0,0,-7.0,False
2018,7,20,IND,BUF,0.2913414477108407,1.0,0,32.0,True
2018,7,20,JAX,HOU,0.0025972874975954,1.0,0,-13.0,False
2018,7,20,MIA,DET,0.0154208590811028,1.0,-7,-11.0,False
2018,7,20,NYJ,MIN,-0.1753636715518808,1.0,0,-20.0,False
2018,7,20,PHI,CAR,-0.0718671803418447,1.0,3,-4.0,False
2018,7,20,TB,CLE,0.1908875593288339,1.0,0,3.0,True
2018,7,20,BAL,NO,-0.075025318557182,1.0,-6,-1.0,False
2018,7,20,SF,LA,-0.4067059995400134,1.0,-1,-29.0,False
2018,7,20,WAS,DAL,0.0787946034033594,1.0,0,3.0,True
2018,7,20,KC,CIN,0.2251963525721708,1.0,0,35.0,True
2018,7,20,LAC,TEN,0.2116761116760678,0.0,0,1.0,True
2018,7,20,ATL,NYG,0.1881389201076699,1.0,-3,3.0,True
2018,7,50,ARI,DEN,-0.2376237136132365,1.0,0,-35.0,False
2018,7,50,CHI,NE,0.0110320136739395,1.0,0,-7.0,False
2018,7,50,IND,BUF,0.2982202954293158,1.0,0,32.0,True
2018,7,50,JAX,HOU,0.0187956375002511,1.0,0,-13.0,False
2018,7,50,MIA,DET,0.0236459772362282,1.0,-7,-11.0,False
2018,7,50,NYJ,MIN,-0.1787576664986078,1.0,0,-20.0,False
2018,7,50,PHI,CAR,-0.0798035786575893,1.0,3,-4.0,False
2018,7,50,TB,CLE,0.1959128218228329,1.0,0,3.0,True
2018,7,50,BAL,NO,-0.0716248238521357,1.0,-6,-1.0,False
2018,7,50,SF,LA,-0.4159435532615191,1.0,-1,-29.0,False
2018,7,50,WAS,DAL,0.0839992865806151,1.0,0,3.0,True
2018,7,50,KC,CIN,0.225779225357371,1.0,0,35.0,True
2018,7,50,LAC,TEN,0.2051566147903178,0.0,0,1.0,True
2018,7,50,ATL,NYG,0.1892169235293617,1.0,-3,3.0,True
2018,7,100,ARI,DEN,-0.2406982832315852,1.0,0,-35.0,False
2018,7,100,CHI,NE,0.0099744962458674,1.0,0,-7.0,False
2018,7,100,IND,BUF,0.300508848254634,1.0,0,32.0,True
2018,7,100,JAX,HOU,0.0241125726524351,1.0,0,-13.0,False
2018,7,100,MIA,DET,0.0264308024094288,1.0,-7,-11.0,False
2018,7,100,NYJ,MIN,-0.1799069651274769,1.0,0,-20.0,False
2018,7,100,PHI,CAR,-0.0823895023856626,1.0,3,-4.0,False
2018,7,100,TB,CLE,0.197698100167812,1.0,0,3.0,True
2018,7,100,BAL,NO,-0.0704808742994375,1.0,-6,-1.0,False
2018,7,100,SF,LA,-0.419030486885889,1.0,-1,-29.0,False
2018,7,100,WAS,DAL,0.0857317749008376,1.0,0,3.0,True
2018,7,100,KC,CIN,0.2259269579701139,1.0,0,35.0,True
2018,7,100,LAC,TEN,0.2030488633975999,0.0,0,1.0,True
2018,7,100,ATL,NYG,0.1895750584608005,1.0,-3,3.0,True
2018,8,2,HOU,MIA,0.3240227182725407,1.0,0,19.0,True
2018,8,2,CAR,BAL,-0.0345459709508309,1.0,0,15.0,True
2018,8,2,CHI,NYJ,0.1136592761779079,1.0,0,14.0,True
2018,8,2,CIN,TB,-0.2521390995747222,1.0,0,3.0,True
2018,8,2,DET,SEA,0.1127771828921282,1.0,-7,-14.0,False
2018,8,2,KC,DEN,0.2274671251006628,1.0,-3,7.0,True
2018,8,2,NYG,WAS,-0.1886281170921578,1.0,-1,-7.0,False
2018,8,2,PIT,CLE,0.2696482569740802,1.0,7,15.0,True
2018,8,2,ARI,SF,-0.0656653466120043,1.0,3,3.0,True
2018,8,2,LA,GB,0.3293216496411397,1.0,-6,2.0,True
2018,8,2,MIN,NO,-0.0700010597600193,1.0,0,-10.0,False
2018,8,2,JAX,PHI,-0.3381272617916536,0.0,0,-6.0,False
2018,8,2,BUF,NE,-0.4729390842992597,1.0,0,-19.0,False
2018,8,4,HOU,MIA,0.1581187304950442,1.0,0,19.0,True
2018,8,4,CAR,BAL,-0.0375537365023334,1.0,0,15.0,True
2018,8,4,CHI,NYJ,0.1684204851198374,1.0,0,14.0,True
2018,8,4,CIN,TB,-0.1512560760372487,1.0,0,3.0,True
2018,8,4,DET,SEA,0.0995918531224539,1.0,-7,-14.0,False
2018,8,4,KC,DEN,0.257833863859314,1.0,-3,7.0,True
2018,8,4,NYG,WAS,-0.1725450300568456,1.0,-1,-7.0,False
2018,8,4,PIT,CLE,0.231292530691161,1.0,7,15.0,True
2018,8,4,ARI,SF,-0.080711264090081,1.0,3,3.0,True
2018,8,4,LA,GB,0.278744483221693,1.0,-6,2.0,True
2018,8,4,MIN,NO,-0.0894268555497355,1.0,0,-10.0,False
2018,8,4,JAX,PHI,-0.1673885473731225,0.0,0,-6.0,False
2018,8,4,BUF,NE,-0.4538920258055096,1.0,0,-19.0,False
2018,8,6,HOU,MIA,0.0983041522281396,1.0,0,19.0,True
2018,8,6,CAR,BAL,-0.0355986583269539,1.0,0,15.0,True
2018,8,6,CHI,NYJ,0.1857999967948036,1.0,0,14.0,True
2018,8,6,CIN,TB,-0.1206271970063655,1.0,0,3.0,True
2018,8,6,DET,SEA,0.1005203027413245,1.0,-7,-14.0,False
2018,8,6,KC,DEN,0.2642456162047001,1.0,-3,7.0,True
2018,8,6,NYG,WAS,-0.1697611595551693,1.0,-1,-7.0,False
2018,8,6,PIT,CLE,0.2201998655483487,1.0,7,15.0,True
2018,8,6,ARI,SF,-0.0855414858777259,1.0,3,3.0,True
2018,8,6,LA,GB,0.2667020759405218,1.0,-6,2.0,True
2018,8,6,MIN,NO,-0.0881981748141066,1.0,0,-10.0,False
2018,8,6,JAX,PHI,-0.1086935568499955,0.0,0,-6.0,False
2018,8,6,BUF,NE,-0.4529030065830092,1.0,0,-19.0,False
2018,8,10,HOU,MIA,0.0496032522827642,1.0,0,19.0,True
2018,8,10,CAR,BAL,-0.0330733789009013,1.0,0,15.0,True
2018,8,10,CHI,NYJ,0.1983303508662308,1.0,0,14.0,True
2018,8,10,CIN,TB,-0.0980267558474146,1.0,0,3.0,True
2018,8,10,DET,SEA,0.1034223253560643,1.0,-7,-14.0,False
2018,8,10,KC,DEN,0.2677590990443115,1.0,-3,7.0,True
2018,8,10,NYG,WAS,-0.1688677378181407,1.0,-1,-7.0,False
2018,8,10,PIT,CLE,0.2124369347425816,1.0,7,15.0,True
2018,8,10,ARI,SF,-0.0892427391045669,1.0,3,3.0,True
2018,8,10,LA,GB,0.2588209234357278,1.0,-6,2.0,True
2018,8,10,MIN,NO,-0.0840051581985786,1.0,0,-10.0,False
2018,8,10,JAX,PHI,-0.0627112924325619,0.0,0,-6.0,False
2018,8,10,BUF,NE,-0.4545880407241958,1.0,0,-19.0,False
2018,8,20,HOU,MIA,0.0128650936790237,1.0,0,19.0,True
2018,8,20,CAR,BAL,-0.0306875428213602,1.0,0,15.0,True
2018,8,20,CHI,NYJ,0.206609392196678,1.0,0,14.0,True
2018,8,20,CIN,TB,-0.0823803226796242,1.0,0,3.0,True
2018,8,20,DET,SEA,0.1068636955288017,1.0,-7,-14.0,False
2018,8,20,KC,DEN,0.2693831629950588,1.0,-3,7.0,True
2018,8,20,NYG,WAS,-0.1690611741932311,1.0,-1,-7.0,False
2018,8,20,PIT,CLE,0.2073990122489806,1.0,7,15.0,True
2018,8,20,ARI,SF,-0.0919066790918993,1.0,3,3.0,True
2018,8,20,LA,GB,0.2539003327722332,1.0,-6,2.0,True
2018,8,20,MIN,NO,-0.0789470814399718,1.0,0,-10.0,False
2018,8,20,JAX,PHI,-0.029258488943159,0.0,0,-6.0,False
2018,8,20,BUF,NE,-0.4574348895404714,1.0,0,-19.0,False
2018,8,50,HOU,MIA,-0.0091749017413049,1.0,0,19.0,True
2018,8,50,CAR,BAL,-0.029079741763829,1.0,0,15.0,True
2018,8,50,CHI,NYJ,0.2110270209612744,1.0,0,14.0,True
2018,8,50,CIN,TB,-0.0735739546267794,1.0,0,3.0,True
2018,8,50,DET,SEA,0.1094397799090283,1.0,-7,-14.0,False
2018,8,50,KC,DEN,0.2699243150236102,1.0,-3,7.0,True
2018,8,50,NYG,WAS,-0.1695504940905703,1.0,-1,-7.0,False
2018,8,50,PIT,CLE,0.2047357563205157,1.0,7,15.0,True
2018,8,50,ARI,SF,-0.0934560654146149,1.0,3,3.0,True
2018,8,50,LA,GB,0.2513401013317334,1.0,-6,2.0,True
2018,8,50,MIN,NO,-0.0751280519423149,1.0,0,-10.0,False
2018,8,50,JAX,PHI,-0.0097421931301592,0.0,0,-6.0,False
2018,8,50,BUF,NE,-0.4598290055295297,1.0,0,-19.0,False
2018,8,100,HOU,MIA,-0.0165116723938902,1.0,0,19.0,True
2018,8,100,CAR,BAL,-0.0285174095766979,1.0,0,15.0,True
2018,8,100,CHI,NYJ,0.2123994933318684,1.0,0,14.0,True
2018,8,100,CIN,TB,-0.0707389118948441,1.0,0,3.0,True
2018,8,100,DET,SEA,0.1103820266338715,1.0,-7,-14.0,False
2018,8,100,KC,DEN,0.270030986480565,1.0,-3,7.0,True
2018,8,100,NYG,WAS,-0.1697770409330828,1.0,-1,-7.0,False
2018,8,100,PIT,CLE,0.2039113067579369,1.0,7,15.0,True
2018,8,100,ARI,SF,-0.0939642279455087,1.0,3,3.0,True
2018,8,100,LA,GB,0.2505501162527834,1.0,-6,2.0,True
2018,8,100,MIN,NO,-0.0737257241940107,1.0,0,-10.0,False
2018,8,100,JAX,PHI,-0.0033415846120258,0.0,0,-6.0,False
2018,8,100,BUF,NE,-0.4607442884370039,1.0,0,-19.0,False
2018,9,2,BAL,PIT,-0.5038762208617935,1.0,0,-7.0,False
2018,9,2,BUF,CHI,-0.3772058773327638,1.0,-1,-32.0,False
2018,9,2,CAR,TB,0.3530970072541561,1.0,0,14.0,True
2018,9,2,CLE,KC,-0.5711945869753923,1.0,0,-16.0,False
2018,9,2,MIA,NYJ,0.0426615332534088,1.0,3,7.0,True
2018,9,2,MIN,DET,0.0188357626790786,1.0,0,15.0,True
2018,9,2,WAS,ATL,0.083676720223547,1.0,-6,-24.0,False
2018,9,2,DEN,HOU,-0.2241834763963912,1.0,-3,-2.0,False
2018,9,2,SEA,LAC,0.0404411133914944,1.0,-7,-8.0,False
2018,9,2,NO,LA,0.0664071729854041,1.0,0,10.0,True
2018,9,2,NE,GB,0.0959144958158946,1.0,-1,14.0,True
2018,9,2,DAL,TEN,0.0823831673122291,1.0,0,-14.0,False
2018,9,4,BAL,PIT,-0.2905428790388309,1.0,0,-7.0,False
2018,9,4,BUF,CHI,-0.3808322087963643,1.0,-1,-32.0,False
2018,9,4,CAR,TB,0.2288442441780312,1.0,0,14.0,True
2018,9,4,CLE,KC,-0.5160097617689612,1.0,0,-16.0,False
2018,9,4,MIA,NYJ,0.1142895469366394,1.0,3,7.0,True
2018,9,4,MIN,DET,-0.0173530033211184,1.0,0,15.0,True
2018,9,4,WAS,ATL,0.0217996185027429,1.0,-6,-24.0,False
2018,9,4,DEN,HOU,-0.1364390641868949,1.0,-3,-2.0,False
2018,9,4,SEA,LAC,-0.0173078035173102,1.0,-7,-8.0,False
2018,9,4,NO,LA,-0.0134613964416205,1.0,0,10.0,True
2018,9,4,NE,GB,0.0807459252070054,1.0,-1,14.0,True
2018,9,4,DAL,TEN,0.0520676386124255,1.0,0,-14.0,False
2018,9,6,BAL,PIT,-0.2274209492785055,1.0,0,-7.0,False
2018,9,6,BUF,CHI,-0.388457609282449,1.0,-1,-32.0,False
2018,9,6,CAR,TB,0.1859168820996406,1.0,0,14.0,True
2018,9,6,CLE,KC,-0.5017488593691766,1.0,0,-16.0,False
2018,9,6,MIA,NYJ,0.1428448259098824,1.0,3,7.0,True
2018,9,6,MIN,DET,-0.0245694888478895,1.0,0,15.0,True
2018,9,6,WAS,ATL,0.0017038709288762,1.0,-6,-24.0,False
2018,9,6,DEN,HOU,-0.1004901796285383,1.0,-3,-2.0,False
2018,9,6,SEA,LAC,-0.0411505221846338,1.0,-7,-8.0,False
2018,9,6,NO,LA,-0.0453761494593771,1.0,0,10.0,True
2018,9,6,NE,GB,0.0733787518294037,1.0,-1,14.0,True
2018,9,6,DAL,TEN,0.0446339516068969,1.0,0,-14.0,False
2018,9,10,BAL,PIT,-0.1812326570578344,1.0,0,-7.0,False
2018,9,10,BUF,CHI,-0.3968865710884636,1.0,-1,-32.0,False
2018,9,10,CAR,TB,0.1510259040343247,1.0,0,14.0,True
2018,9,10,CLE,KC,-0.4924054343598248,1.0,0,-16.0,False
2018,9,10,MIA,NYJ,0.166645521209697,1.0,3,7.0,True
2018,9,10,MIN,DET,-0.0277317520442793,1.0,0,15.0,True
2018,9,10,WAS,ATL,-0.0133290504321249,1.0,-6,-24.0,False
2018,9,10,DEN,HOU,-0.0691595387920811,1.0,-3,-2.0,False
2018,9,10,SEA,LAC,-0.0617399707124278,1.0,-7,-8.0,False
2018,9,10,NO,LA,-0.0725271650912609,1.0,0,10.0,True
2018,9,10,NE,GB,0.0670982377081659,1.0,-1,14.0,True
2018,9,10,DAL,TEN,0.0400460633325337,1.0,0,-14.0,False
2018,9,20,BAL,PIT,-0.1493986531429917,1.0,0,-7.0,False
2018,9,20,BUF,CHI,-0.4044878892670253,1.0,-1,-32.0,False
2018,9,20,CAR,TB,0.1245928623424178,1.0,0,14.0,True
2018,9,20,CLE,KC,-0.4867117894335692,1.0,0,-16.0,False
2018,9,20,MIA,NYJ,0.1847529440126359,1.0,3,7.0,True
2018,9,20,MIN,DET,-0.0283904688736659,1.0,0,15.0,True
2018,9,20,WAS,ATL,-0.0237276268223758,1.0,-6,-24.0,False
2018,9,20,DEN,HOU,-0.0441947217655951,1.0,-3,-2.0,False
2018,9,20,SEA,LAC,-0.0779809185451083,1.0,-7,-8.0,False
2018,9,20,NO,LA,-0.0936524917733787,1.0,0,10.0,True
2018,9,20,NE,GB,0.0623658217412268,1.0,-1,14.0,True
2018,9,20,DAL,TEN,0.037482971508783,1.0,0,-14.0,False
2018,9,50,BAL,PIT,-0.1315153149052544,1.0,0,-7.0,False
2018,9,50,BUF,CHI,-0.4095383978510957,1.0,-1,-32.0,False
2018,9,50,CAR,TB,0.1086536401768999,1.0,0,14.0,True
2018,9,50,CLE,KC,-0.4838560303864978,1.0,0,-16.0,False
2018,9,50,MIA,NYJ,0.1956236089930544,1.0,3,7.0,True
2018,9,50,MIN,DET,-0.0280392620333711,1.0,0,15.0,True
2018,9,50,WAS,ATL,-0.0295295387329027,1.0,-6,-24.0,False
2018,9,50,DEN,HOU,-0.0286364729290064,1.0,-3,-2.0,False
2018,9,50,SEA,LAC,-0.088022613237399,1.0,-7,-8.0,False
2018,9,50,NO,LA,-0.1065739124335072,1.0,0,10.0,True
2018,9,50,NE,GB,0.0595869908726756,1.0,-1,14.0,True
2018,9,50,DAL,TEN,0.0363249140032473,1.0,0,-14.0,False
2018,9,100,BAL,PIT,-0.1257614204246833,1.0,0,-7.0,False
2018,9,100,BUF,CHI,-0.4112989406067444,1.0,-1,-32.0,False
2018,9,100,CAR,TB,0.1033313167769556,1.0,0,14.0,True
2018,9,100,CLE,KC,-0.4829985521073005,1.0,0,-16.0,False
2018,9,100,MIA,NYJ,0.1992376796527419,1.0,3,7.0,True
2018,9,100,MIN,DET,-0.0277947574291572,1.0,0,15.0,True
2018,9,100,WAS,ATL,-0.0313833195453581,1.0,-6,-24.0,False
2018,9,100,DEN,HOU,-0.0233572693105253,1.0,-3,-2.0,False
2018,9,100,SEA,LAC,-0.0914157839195331,1.0,-7,-8.0,False
2018,9,100,NO,LA,-0.1109145665055701,1.0,0,10.0,True
2018,9,100,NE,GB,0.0586783107401464,1.0,-1,14.0,True
2018,9,100,DAL,TEN,0.0360035530195525,1.0,0,-14.0,False
2018,10,2,PIT,CAR,-0.079489235326803,1.0,0,31.0,True
2018,10,2,CHI,DET,0.3058298268289563,1.0,0,12.0,True
2018,10,2,CIN,NO,-0.2232430169865075,1.0,7,-37.0,False
2018,10,2,CLE,ATL,-0.5426789440534467,1.0,0,12.0,True
2018,10,2,IND,JAX,0.3201605253643289,1.0,0,3.0,True
2018,10,2,KC,ARI,0.5226322930392162,1.0,-7,12.0,True
2018,10,2,NYJ,BUF,0.1996287374858881,1.0,0,-31.0,False
2018,10,2,TB,WAS,-0.1972145009253741,1.0,0,-13.0,False
2018,10,2,TEN,NE,-0.2354512201657057,1.0,-1,24.0,True
2018,10,2,GB,MIA,0.1730356457019933,1.0,0,19.0,True
2018,10,2,LA,SEA,0.1401586959574527,1.0,0,5.0,True
2018,10,2,PHI,DAL,0.0942093261954443,1.0,8,-7.0,False
2018,10,2,SF,NYG,0.1692251041620158,1.0,-4,-4.0,False
2018,10,4,PIT,CAR,-0.0354964725477792,1.0,0,31.0,True
2018,10,4,CHI,DET,0.1707265155681545,1.0,0,12.0,True
2018,10,4,CIN,NO,-0.2318137722916791,1.0,7,-37.0,False
2018,10,4,CLE,ATL,-0.4059326961634154,1.0,0,12.0,True
2018,10,4,IND,JAX,0.2358473951804018,1.0,0,3.0,True
2018,10,4,KC,ARI,0.5404091190740308,1.0,-7,12.0,True
2018,10,4,NYJ,BUF,0.1659930228841067,1.0,0,-31.0,False
2018,10,4,TB,WAS,-0.1512825071582706,1.0,0,-13.0,False
2018,10,4,TEN,NE,-0.2373851207277686,1.0,-1,24.0,True
2018,10,4,GB,MIA,0.1501808177287406,1.0,0,19.0,True
2018,10,4,LA,SEA,0.1687576074550569,1.0,0,5.0,True
2018,10,4,PHI,DAL,0.0558967300783735,1.0,8,-7.0,False
2018,10,4,SF,NYG,0.0950673220699499,1.0,-4,-4.0,False
2018,10,6,PIT,CAR,-0.0255354332779487,1.0,0,31.0,True
2018,10,6,CHI,DET,0.1329106649598452,1.0,0,12.0,True
2018,10,6,CIN,NO,-0.2223484571350215,1.0,7,-37.0,False
2018,10,6,CLE,ATL,-0.3665329017267138,1.0,0,12.0,True
2018,10,6,IND,JAX,0.1966369053933682,1.0,0,3.0,True
2018,10,6,KC,ARI,0.5507844195435283,1.0,-7,12.0,True
2018,10,6,NYJ,BUF,0.1606192317250833,1.0,0,-31.0,False
2018,10,6,TB,WAS,-0.1308657265268541,1.0,0,-13.0,False
2018,10,6,TEN,NE,-0.2351659112573254,1.0,-1,24.0,True
2018,10,6,GB,MIA,0.1332718892292919,1.0,0,19.0,True
2018,10,6,LA,SEA,0.192894739626701,1.0,0,5.0,True
2018,10,6,PHI,DAL,0.0408977071950744,1.0,8,-7.0,False
2018,10,6,SF,NYG,0.0729624901235876,1.0,-4,-4.0,False
2018,10,10,PIT,CAR,-0.0188733082208985,1.0,0,31.0,True
2018,10,10,CHI,DET,0.1063859971127899,1.0,0,12.0,True
2018,10,10,CIN,NO,-0.2096871459254742,1.0,7,-37.0,False
2018,10,10,CLE,ATL,-0.3382592071747009,1.0,0,12.0,True
2018,10,10,IND,JAX,0.1623327401554539,1.0,0,3.0,True
2018,10,10,KC,ARI,0.5610907740233781,1.0,-7,12.0,True
2018,10,10,NYJ,BUF,0.1591361216603187,1.0,0,-31.0,False
2018,10,10,TB,WAS,-0.1128080670321038,1.0,0,-13.0,False
2018,10,10,TEN,NE,-0.2327711580554081,1.0,-1,24.0,True
2018,10,10,GB,MIA,0.1166700845607555,1.0,0,19.0,True
2018,10,10,LA,SEA,0.2179844026544836,1.0,0,5.0,True
2018,10,10,PHI,DAL,0.0281798656707526,1.0,8,-7.0,False
2018,10,10,SF,NYG,0.056461647255694,1.0,-4,-4.0,False
2018,10,20,PIT,CAR,-0.0144660576443935,1.0,0,31.0,True
2018,10,20,CHI,DET,0.0888579186721448,1.0,0,12.0,True
2018,10,20,CIN,NO,-0.197226987797751,1.0,7,-37.0,False
2018,10,20,CLE,ATL,-0.3191474039759208,1.0,0,12.0,True
2018,10,20,IND,JAX,0.1353885663904605,1.0,0,3.0,True
2018,10,20,KC,ARI,0.5700347143171423,1.0,-7,12.0,True
2018,10,20,NYJ,BUF,0.1598631317974979,1.0,0,-31.0,False
2018,10,20,TB,WAS,-0.0983934092309366,1.0,0,-13.0,False
2018,10,20,TEN,NE,-0.2308296247360557,1.0,-1,24.0,True
2018,10,20,GB,MIA,0.1026899235572356,1.0,0,19.0,True
2018,10,20,LA,SEA,0.2400223015872923,1.0,0,5.0,True
2018,10,20,PHI,DAL,0.0182948218786406,1.0,8,-7.0,False
2018,10,20,SF,NYG,0.0448133588836378,1.0,-4,-4.0,False
2018,10,50,PIT,CAR,-0.0120099652832468,1.0,0,31.0,True
2018,10,50,CHI,DET,0.0793395104503438,1.0,0,12.0,True
2018,10,50,CIN,NO,-0.1885690193574508,1.0,7,-37.0,False
2018,10,50,CLE,ATL,-0.3085817532941791,1.0,0,12.0,True
2018,10,50,IND,JAX,0.1188887387894948,1.0,0,3.0,True
2018,10,50,KC,ARI,0.5758983764470671,1.0,-7,12.0,True
2018,10,50,NYJ,BUF,0.1611086519904018,1.0,0,-31.0,False
2018,10,50,TB,WAS,-0.0894452941800635,1.0,0,-13.0,False
2018,10,50,TEN,NE,-0.2296830983937602,1.0,-1,24.0,True
2018,10,50,GB,MIA,0.0937786987093101,1.0,0,19.0,True
2018,10,50,LA,SEA,0.2544748002719065,1.0,0,5.0,True
2018,10,50,PHI,DAL,0.0122507515329097,1.0,8,-7.0,False
2018,10,50,SF,NYG,0.0381284534117111,1.0,-4,-4.0,False
2018,10,100,PIT,CAR,-0.0112172138113992,1.0,0,31.0,True
2018,10,100,CHI,DET,0.0763332931900122,1.0,0,12.0,True
2018,10,100,CIN,NO,-0.185492405841821,1.0,7,-37.0,False
2018,10,100,CLE,ATL,-0.3052127184197468,1.0,0,12.0,True
2018,10,100,IND,JAX,0.1133509124704007,1.0,0,3.0,True
2018,10,100,KC,ARI,0.5779344470027385,1.0,-7,12.0,True
2018,10,100,NYJ,BUF,0.1616633999836849,1.0,0,-31.0,False
2018,10,100,TB,WAS,-0.0864200382803682,1.0,0,-13.0,False
2018,10,100,TEN,NE,-0.2293127050632695,1.0,-1,24.0,True
2018,10,100,GB,MIA,0.0907334017893012,1.0,0,19.0,True
2018,10,100,LA,SEA,0.2594843978619774,1.0,0,5.0,True
2018,10,100,PHI,DAL,0.0102207278094463,1.0,8,-7.0,False
2018,10,100,SF,NYG,0.0359508666619595,1.0,-4,-4.0,False
2018,11,2,SEA,GB,-0.4549240667915328,1.0,0,3.0,True
2018,11,2,ATL,DAL,-0.040392317772646,1.0,0,-3.0,False
2018,11,2,BAL,CIN,-0.0725341533215081,1.0,7,3.0,True
2018,11,2,DET,CAR,-0.4687269229246738,1.0,-3,1.0,True
2018,11,2,IND,TEN,0.0283645493047784,1.0,0,28.0,True
2018,11,2,JAX,PIT,-0.5429427414458305,1.0,-3,-4.0,False
2018,11,2,NYG,TB,-0.1679277873794256,1.0,-1,3.0,True
2018,11,2,WAS,HOU,-0.2792371848801191,1.0,-7,-2.0,False
2018,11,2,LAC,DEN,0.3426610716487028,1.0,-7,-1.0,False
2018,11,2,NO,PHI,0.2146477412244833,1.0,0,41.0,True
2018,11,2,CHI,MIN,0.2320269467374192,1.0,-7,5.0,True
2018,11,2,LA,KC,-0.1184439070825684,1.0,0,3.0,True
2018,11,4,SEA,GB,-0.270588101527991,1.0,0,3.0,True
2018,11,4,ATL,DAL,0.045023563397581,1.0,0,-3.0,False
2018,11,4,BAL,CIN,-0.0387150351961885,1.0,7,3.0,True
2018,11,4,DET,CAR,-0.2812733280172395,1.0,-3,1.0,True
2018,11,4,IND,TEN,0.0577340900626296,1.0,0,28.0,True
2018,11,4,JAX,PIT,-0.4074158175099185,1.0,-3,-4.0,False
2018,11,4,NYG,TB,-0.1403248008398394,1.0,-1,3.0,True
2018,11,4,WAS,HOU,-0.1755056766980561,1.0,-7,-2.0,False
2018,11,4,LAC,DEN,0.287063883480253,1.0,-7,-1.0,False
2018,11,4,NO,PHI,0.2105120046031992,1.0,0,41.0,True
2018,11,4,CHI,MIN,0.1510344838165964,1.0,-7,5.0,True
2018,11,4,LA,KC,-0.0812800512225913,1.0,0,3.0,True
2018,11,6,SEA,GB,-0.2163246607095515,1.0,0,3.0,True
2018,11,6,ATL,DAL,0.0712662905788278,1.0,0,-3.0,False
2018,11,6,BAL,CIN,-0.0267944479612406,1.0,7,3.0,True
2018,11,6,DET,CAR,-0.2154461091446024,1.0,-3,1.0,True
2018,11,6,IND,TEN,0.0660424023091555,1.0,0,28.0,True
2018,11,6,JAX,PIT,-0.3467456926854345,1.0,-3,-4.0,False
2018,11,6,NYG,TB,-0.1360410694278429,1.0,-1,3.0,True
2018,11,6,WAS,HOU,-0.1327755678924906,1.0,-7,-2.0,False
2018,11,6,LAC,DEN,0.2601454927392696,1.0,-7,-1.0,False
2018,11,6,NO,PHI,0.2102821823397896,1.0,0,41.0,True
2018,11,6,CHI,MIN,0.1297533180313215,1.0,-7,5.0,True
2018,11,6,LA,KC,-0.0660856314386904,1.0,0,3.0,True
2018,11,10,SEA,GB,-0.1794062571855044,1.0,0,3.0,True
2018,11,10,ATL,DAL,0.0908461509854088,1.0,0,-3.0,False
2018,11,10,BAL,CIN,-0.0184077957149091,1.0,7,3.0,True
2018,11,10,DET,CAR,-0.1649096692083418,1.0,-3,1.0,True
2018,11,10,IND,TEN,0.0717618932730312,1.0,0,28.0,True
2018,11,10,JAX,PIT,-0.2947165611669291,1.0,-3,-4.0,False
2018,11,10,NYG,TB,-0.1357230447890359,1.0,-1,3.0,True
2018,11,10,WAS,HOU,-0.0958666698213334,1.0,-7,-2.0,False
2018,11,10,LAC,DEN,0.2357920718396008,1.0,-7,-1.0,False
2018,11,10,NO,PHI,0.2098899916977708,1.0,0,41.0,True
2018,11,10,CHI,MIN,0.1143721233107341,1.0,-7,5.0,True
2018,11,10,LA,KC,-0.0538479827538044,1.0,0,3.0,True
2018,11,20,SEA,GB,-0.1565133908850003,1.0,0,3.0,True
2018,11,20,ATL,DAL,0.1045210039153514,1.0,0,-3.0,False
2018,11,20,BAL,CIN,-0.0131567534488028,1.0,7,3.0,True
2018,11,20,DET,CAR,-0.1292383212847917,1.0,-3,1.0,True
2018,11,20,IND,TEN,0.0754074743846484,1.0,0,28.0,True
2018,11,20,JAX,PIT,-0.2547051829895376,1.0,-3,-4.0,False
2018,11,20,NYG,TB,-0.1376591190787052,1.0,-1,3.0,True
2018,11,20,WAS,HOU,-0.0667673532632258,1.0,-7,-2.0,False
2018,11,20,LAC,DEN,0.2160718251711947,1.0,-7,-1.0,False
2018,11,20,NO,PHI,0.2092681269149692,1.0,0,41.0,True
2018,11,20,CHI,MIN,0.1035450760065782,1.0,-7,5.0,True
2018,11,20,LA,KC,-0.0449409437400257,1.0,0,3.0,True
2018,11,50,SEA,GB,-0.1449808857958716,1.0,0,3.0,True
2018,11,50,ATL,DAL,0.1122591563360322,1.0,0,-3.0,False
2018,11,50,BAL,CIN,-0.0105260110566753,1.0,7,3.0,True
2018,11,50,DET,CAR,-0.1090173605588487,1.0,-3,1.0,True
2018,11,50,IND,TEN,0.0773063641382793,1.0,0,28.0,True
2018,11,50,JAX,PIT,-0.2306450064148011,1.0,-3,-4.0,False
2018,11,50,NYG,TB,-0.1397970528716129,1.0,-1,3.0,True
2018,11,50,WAS,HOU,-0.0487933523883296,1.0,-7,-2.0,False
2018,11,50,LAC,DEN,0.203712985774922,1.0,-7,-1.0,False
2018,11,50,NO,PHI,0.2087037231362619,1.0,0,41.0,True
2018,11,50,CHI,MIN,0.097250986920441,1.0,-7,5.0,True
2018,11,50,LA,KC,-0.0398016430385608,1.0,0,3.0,True
2018,11,100,SEA,GB,-0.1415207713720074,1.0,0,3.0,True
2018,11,100,ATL,DAL,0.1147560725474499,1.0,0,-3.0,False
2018,11,100,BAL,CIN,-0.0097435110684439,1.0,7,3.0,True
2018,11,100,DET,CAR,-0.1024973402600531,1.0,-3,1.0,True
2018,11,100,IND,TEN,0.0778895570166782,1.0,0,28.0,True
2018,11,100,JAX,PIT,-0.2226531251349882,1.0,-3,-4.0,False
2018,11,100,NYG,TB,-0.1406780496197059,1.0,-1,3.0,True
2018,11,100,WAS,HOU,-0.0427243860919777,1.0,-7,-2.0,False
2018,11,100,LAC,DEN,0.1995136666534164,1.0,-7,-1.0,False
2018,11,100,NO,PHI,0.2084786454768886,1.0,0,41.0,True
2018,11,100,CHI,MIN,0.0951768665134843,1.0,-7,5.0,True
2018,11,100,LA,KC,-0.0381316136853699,1.0,0,3.0,True
2018,12,2,DET,CHI,-0.5756192603350152,1.0,0,-7.0,False
2018,12,2,DAL,WAS,0.0638940444230966,1.0,0,8.0,True
2018,12,2,NO,ATL,0.3337202062775702,1.0,0,14.0,True
2018,12,2,BUF,JAX,-0.0056249691711629,1.0,7,3.0,True
2018,12,2,CAR,SEA,0.3605370969488189,1.0,-3,-3.0,False
2018,12,2,CIN,CLE,0.0381397620908307,1.0,-7,-15.0,False
2018,12,2,NYJ,NE,-0.4292247910555854,1.0,0,-14.0,False
2018,12,2,PHI,NYG,0.0421497468293898,1.0,0,3.0,True
2018,12,2,TB,SF,-0.0449334628311681,1.0,-6,18.0,True
2018,12,2,LAC,ARI,0.4134088240473867,1.0,0,35.0,True
2018,12,2,DEN,PIT,-0.1363606457107044,1.0,0,7.0,True
2018,12,2,IND,MIA,0.5510325877372309,1.0,-7,3.0,True
2018,12,2,MIN,GB,-0.3564187145454054,1.0,-3,7.0,True
2018,12,2,HOU,TEN,0.0654046904720761,1.0,0,17.0,True
2018,12,4,DET,CHI,-0.367198929611469,1.0,0,-7.0,False
2018,12,4,DAL,WAS,0.0589700345580151,1.0,0,8.0,True
2018,12,4,NO,ATL,0.2346815480192007,1.0,0,14.0,True
2018,12,4,BUF,JAX,-0.0636879061157157,1.0,7,3.0,True
2018,12,4,CAR,SEA,0.2462612110946894,1.0,-3,-3.0,False
2018,12,4,CIN,CLE,0.083013504046093,1.0,-7,-15.0,False
2018,12,4,NYJ,NE,-0.400783033911726,1.0,0,-14.0,False
2018,12,4,PHI,NYG,0.1272824630228101,1.0,0,3.0,True
2018,12,4,TB,SF,0.0035044345513188,1.0,-6,18.0,True
2018,12,4,LAC,ARI,0.4098755748713207,1.0,0,35.0,True
2018,12,4,DEN,PIT,-0.1510667692036974,1.0,0,7.0,True
2018,12,4,IND,MIA,0.3339911265965061,1.0,-7,3.0,True
2018,12,4,MIN,GB,-0.2383419891328034,1.0,-3,7.0,True
2018,12,4,HOU,TEN,0.0660944884495998,1.0,0,17.0,True
2018,12,6,DET,CHI,-0.287401740675364,1.0,0,-7.0,False
2018,12,6,DAL,WAS,0.0488543241325608,1.0,0,8.0,True
2018,12,6,NO,ATL,0.1972910222574507,1.0,0,14.0,True
2018,12,6,BUF,JAX,-0.0919572467170627,1.0,7,3.0,True
2018,12,6,CAR,SEA,0.2024759526096217,1.0,-3,-3.0,False
2018,12,6,CIN,CLE,0.0946355526020897,1.0,-7,-15.0,False
2018,12,6,NYJ,NE,-0.3893049784361357,1.0,0,-14.0,False
2018,12,6,PHI,NYG,0.141784882895365,1.0,0,3.0,True
2018,12,6,TB,SF,0.025419040845281,1.0,-6,18.0,True
2018,12,6,LAC,ARI,0.40458653754232,1.0,0,35.0,True
2018,12,6,DEN,PIT,-0.1435889091522349,1.0,0,7.0,True
2018,12,6,IND,MIA,0.2565018891184619,1.0,-7,3.0,True
2018,12,6,MIN,GB,-0.2041276712544759,1.0,-3,7.0,True
2018,12,6,HOU,TEN,0.0617172735996329,1.0,0,17.0,True
2018,12,10,DET,CHI,-0.2240081075308136,1.0,0,-7.0,False
2018,12,10,DAL,WAS,0.0374491325155634,1.0,0,8.0,True
2018,12,10,NO,ATL,0.1663879202037796,1.0,0,14.0,True
2018,12,10,BUF,JAX,-0.1195845697903085,1.0,7,3.0,True
2018,12,10,CAR,SEA,0.1692378236569472,1.0,-3,-3.0,False
2018,12,10,CIN,CLE,0.1037263983885691,1.0,-7,-15.0,False
2018,12,10,NYJ,NE,-0.3796731080466364,1.0,0,-14.0,False
2018,12,10,PHI,NYG,0.1473397161310804,1.0,0,3.0,True
2018,12,10,TB,SF,0.0459119108199223,1.0,-6,18.0,True
2018,12,10,LAC,ARI,0.3990973000748832,1.0,0,35.0,True
2018,12,10,DEN,PIT,-0.1325497791150124,1.0,0,7.0,True
2018,12,10,IND,MIA,0.1945101248972274,1.0,-7,3.0,True
2018,12,10,MIN,GB,-0.1793775745392682,1.0,-3,7.0,True
2018,12,10,HOU,TEN,0.0557252994703768,1.0,0,17.0,True
2018,12,20,DET,CHI,-0.1782329705412703,1.0,0,-7.0,False
2018,12,20,DAL,WAS,0.0270771295927222,1.0,0,8.0,True
2018,12,20,NO,ATL,0.1429200063738714,1.0,0,14.0,True
2018,12,20,BUF,JAX,-0.1433718702327658,1.0,7,3.0,True
2018,12,20,CAR,SEA,0.1467700041584079,1.0,-3,-3.0,False
2018,12,20,CIN,CLE,0.1107362032785909,1.0,-7,-15.0,False
2018,12,20,NYJ,NE,-0.3723327878935484,1.0,0,-14.0,False
2018,12,20,PHI,NYG,0.1480569720388451,1.0,0,3.0,True
2018,12,20,TB,SF,0.063232051658016,1.0,-6,18.0,True
2018,12,20,LAC,ARI,0.394450969625725,1.0,0,35.0,True
2018,12,20,DEN,PIT,-0.121494341945118,1.0,0,7.0,True
2018,12,20,IND,MIA,0.1486470580164151,1.0,-7,3.0,True
2018,12,20,MIN,GB,-0.1623930899636766,1.0,-3,7.0,True
2018,12,20,HOU,TEN,0.0496975555430092,1.0,0,17.0,True
2018,12,50,DET,CHI,-0.1519340182476206,1.0,0,-7.0,False
2018,12,50,DAL,WAS,0.0201750294728838,1.0,0,8.0,True
2018,12,50,NO,ATL,0.1288176217333895,1.0,0,14.0,True
2018,12,50,BUF,JAX,-0.1588602332611907,1.0,7,3.0,True
2018,12,50,CAR,SEA,0.1347031122211059,1.0,-3,-3.0,False
2018,12,50,CIN,CLE,0.1151047296394443,1.0,-7,-15.0,False
2018,12,50,NYJ,NE,-0.3679337870234843,1.0,0,-14.0,False
2018,12,50,PHI,NYG,0.1471600369188392,1.0,0,3.0,True
2018,12,50,TB,SF,0.0744691795445334,1.0,-6,18.0,True
2018,12,50,LAC,ARI,0.3915257362585641,1.0,0,35.0,True
2018,12,50,DEN,PIT,-0.1138284287762827,1.0,0,7.0,True
2018,12,50,IND,MIA,0.1215756860482557,1.0,-7,3.0,True
2018,12,50,MIN,GB,-0.1528373642784712,1.0,-3,7.0,True
2018,12,50,HOU,TEN,0.0454580457085939,1.0,0,17.0,True
2018,12,100,DET,CHI,-0.1434027804610351,1.0,0,-7.0,False
2018,12,100,DAL,WAS,0.0177704799583128,1.0,0,8.0,True
2018,12,100,NO,ATL,0.1241235852096324,1.0,0,14.0,True
2018,12,100,BUF,JAX,-0.1642147147807532,1.0,7,3.0,True
2018,12,100,CAR,SEA,0.1309526628638402,1.0,-3,-3.0,False
2018,12,100,CIN,CLE,0.1165954796989012,1.0,-7,-15.0,False
2018,12,100,NYJ,NE,-0.3664742528058943,1.0,0,-14.0,False
2018,12,100,PHI,NYG,0.1466535361928579,1.0,0,3.0,True
2018,12,100,TB,SF,0.0783575894627028,1.0,-6,18.0,True
2018,12,100,LAC,ARI,0.3905368741188482,1.0,0,35.0,True
2018,12,100,DEN,PIT,-0.1111155460571511,1.0,0,7.0,True
2018,12,100,IND,MIA,0.1126445492543617,1.0,-7,3.0,True
2018,12,100,MIN,GB,-0.1497546471332853,1.0,-3,7.0,True
2018,12,100,HOU,TEN,0.043944164690079,1.0,0,17.0,True
2018,13,2,DAL,NO,-0.3488918945500419,1.0,0,3.0,True
2018,13,2,ATL,BAL,0.0472670783760088,1.0,3,-10.0,False
2018,13,2,CIN,DEN,-0.2744708311084263,1.0,0,-14.0,False
2018,13,2,DET,LA,-0.1772540105885773,1.0,-3,-14.0,False
2018,13,2,GB,ARI,0.3725574867441442,1.0,0,-3.0,False
2018,13,2,HOU,CLE,-0.0233073519067079,1.0,-1,16.0,True
2018,13,2,JAX,IND,-0.3424173618191159,1.0,0,6.0,True
2018,13,2,MIA,BUF,-0.2565171700945374,1.0,0,4.0,True
2018,13,2,NYG,CHI,-0.1838805843255061,1.0,-3,3.0,True
2018,13,2,TB,CAR,-0.0905995637223403,1.0,0,7.0,True
2018,13,2,TEN,NYJ,0.1705297481033992,1.0,-1,4.0,True
2018,13,2,NE,MIN,0.0442995101995274,1.0,0,14.0,True
2018,13,2,SEA,SF,0.0323005344981337,1.0,0,27.0,True
2018,13,2,PIT,LAC,-0.1969049904299082,1.0,0,-3.0,False
2018,13,2,PHI,WAS,0.0982206599090123,1.0,-3,15.0,True
2018,13,4,DAL,NO,-0.2880420035412134,1.0,0,3.0,True
2018,13,4,ATL,BAL,0.1036926713862753,1.0,3,-10.0,False
2018,13,4,CIN,DEN,-0.1462786873832371,1.0,0,-14.0,False
2018,13,4,DET,LA,-0.223743130759967,1.0,-3,-14.0,False
2018,13,4,GB,ARI,0.3776080672388078,1.0,0,-3.0,False
2018,13,4,HOU,CLE,0.0867513497447556,1.0,-1,16.0,True
2018,13,4,JAX,IND,-0.2966552785945637,1.0,0,6.0,True
2018,13,4,MIA,BUF,-0.0680541475483293,1.0,0,4.0,True
2018,13,4,NYG,CHI,-0.2381829278665851,1.0,-3,3.0,True
2018,13,4,TB,CAR,-0.1531731088072308,1.0,0,7.0,True
2018,13,4,TEN,NYJ,0.173132697941925,1.0,-1,4.0,True
2018,13,4,NE,MIN,0.0798968018691764,1.0,0,14.0,True
2018,13,4,SEA,SF,0.0656507461100888,1.0,0,27.0,True
2018,13,4,PIT,LAC,-0.1299471179360083,1.0,0,-3.0,False
2018,13,4,PHI,WAS,0.0846778494454315,1.0,-3,15.0,True
2018,13,6,DAL,NO,-0.2651429640041336,1.0,0,3.0,True
2018,13,6,ATL,BAL,0.1133041029006575,1.0,3,-10.0,False
2018,13,6,CIN,DEN,-0.1034719843278817,1.0,0,-14.0,False
2018,13,6,DET,LA,-0.2336154833835325,1.0,-3,-14.0,False
2018,13,6,GB,ARI,0.3757615415022806,1.0,0,-3.0,False
2018,13,6,HOU,CLE,0.1025239697235411,1.0,-1,16.0,True
2018,13,6,JAX,IND,-0.2651934240083994,1.0,0,6.0,True
2018,13,6,MIA,BUF,0.0096788638341561,1.0,0,4.0,True
2018,13,6,NYG,CHI,-0.2442860074820452,1.0,-3,3.0,True
2018,13,6,TB,CAR,-0.1608573397857383,1.0,0,7.0,True
2018,13,6,TEN,NYJ,0.1652283948898027,1.0,-1,4.0,True
2018,13,6,NE,MIN,0.0955092841457969,1.0,0,14.0,True
2018,13,6,SEA,SF,0.0893011742658556,1.0,0,27.0,True
2018,13,6,PIT,LAC,-0.1092170976179729,1.0,0,-3.0,False
2018,13,6,PHI,WAS,0.0724241064048244,1.0,-3,15.0,True
2018,13,10,DAL,NO,-0.2462442625075377,1.0,0,3.0,True
2018,13,10,ATL,BAL,0.1167014964276052,1.0,3,-10.0,False
2018,13,10,CIN,DEN,-0.0712771452451132,1.0,0,-14.0,False
2018,13,10,DET,LA,-0.2398074088626686,1.0,-3,-14.0,False
2018,13,10,GB,ARI,0.3738325707838621,1.0,0,-3.0,False
2018,13,10,HOU,CLE,0.1063558045394788,1.0,-1,16.0,True
2018,13,10,JAX,IND,-0.2334804697113936,1.0,0,6.0,True
2018,13,10,MIA,BUF,0.0750187089308712,1.0,0,4.0,True
2018,13,10,NYG,CHI,-0.2436968578496603,1.0,-3,3.0,True
2018,13,10,TB,CAR,-0.1599331301125802,1.0,0,7.0,True
2018,13,10,TEN,NYJ,0.1559022320747637,1.0,-1,4.0,True
2018,13,10,NE,MIN,0.1079428915789115,1.0,0,14.0,True
2018,13,10,SEA,SF,0.1097225307400079,1.0,0,27.0,True
2018,13,10,PIT,LAC,-0.0939286407957014,1.0,0,-3.0,False
2018,13,10,PHI,WAS,0.0586255738548196,1.0,-3,15.0,True
2018,13,20,DAL,NO,-0.2318262699120577,1.0,0,3.0,True
2018,13,20,ATL,BAL,0.1167685398350091,1.0,3,-10.0,False
2018,13,20,CIN,DEN,-0.0490225073664132,1.0,0,-14.0,False
2018,13,20,DET,LA,-0.2438790761011372,1.0,-3,-14.0,False
2018,13,20,GB,ARI,0.3724764534350935,1.0,0,-3.0,False
2018,13,20,HOU,CLE,0.1042989570326382,1.0,-1,16.0,True
2018,13,20,JAX,IND,-0.2061969259488198,1.0,0,6.0,True
2018,13,20,MIA,BUF,0.1249657358991797,1.0,0,4.0,True
2018,13,20,NYG,CHI,-0.2401086304892307,1.0,-3,3.0,True
2018,13,20,TB,CAR,-0.1547058866508427,1.0,0,7.0,True
2018,13,20,TEN,NYJ,0.147398673716158,1.0,-1,4.0,True
2018,13,20,NE,MIN,0.1166580120453182,1.0,0,14.0,True
2018,13,20,SEA,SF,0.1244450440509953,1.0,0,27.0,True
2018,13,20,PIT,LAC,-0.0833203498545234,1.0,0,-3.0,False
2018,13,20,PHI,WAS,0.0458587116242509,1.0,-3,15.0,True
2018,13,50,DAL,NO,-0.2230991397946377,1.0,0,3.0,True
2018,13,50,ATL,BAL,0.1158546060429399,1.0,3,-10.0,False
2018,13,50,CIN,DEN,-0.0366343145074528,1.0,0,-14.0,False
2018,13,50,DET,LA,-0.2462534776652986,1.0,-3,-14.0,False
2018,13,50,GB,ARI,0.3718120923646739,1.0,0,-3.0,False
2018,13,50,HOU,CLE,0.1011855591577737,1.0,-1,16.0,True
2018,13,50,JAX,IND,-0.1885834868441598,1.0,0,6.0,True
2018,13,50,MIA,BUF,0.1550357544411578,1.0,0,4.0,True
2018,13,50,NYG,CHI,-0.2367535471999784,1.0,-3,3.0,True
2018,13,50,TB,CAR,-0.1496602197889054,1.0,0,7.0,True
2018,13,50,TEN,NYJ,0.1417750119040939,1.0,-1,4.0,True
2018,13,50,NE,MIN,0.1214627217475287,1.0,0,14.0,True
2018,13,50,SEA,SF,0.132572639443281,1.0,0,27.0,True
2018,13,50,PIT,LAC,-0.0773089061570795,1.0,0,-3.0,False
2018,13,50,PHI,WAS,0.0372385014750769,1.0,-3,15.0,True
2018,13,100,DAL,NO,-0.2201795188343842,1.0,0,3.0,True
2018,13,100,ATL,BAL,0.1154015752219562,1.0,3,-10.0,False
2018,13,100,CIN,DEN,-0.0326816563705298,1.0,0,-14.0,False
2018,13,100,DET,LA,-0.247051855901608,1.0,-3,-14.0,False
2018,13,100,GB,ARI,0.3716267211166824,1.0,0,-3.0,False
2018,13,100,HOU,CLE,0.0998553076881905,1.0,-1,16.0,True
2018,13,100,JAX,IND,-0.1825316521214373,1.0,0,6.0,True
2018,13,100,MIA,BUF,0.165046967406772,1.0,0,4.0,True
2018,13,100,NYG,CHI,-0.2354494478176355,1.0,-3,3.0,True
2018,13,100,TB,CAR,-0.1476620924275684,1.0,0,7.0,True
2018,13,100,TEN,NYJ,0.1398248849561081,1.0,-1,4.0,True
2018,13,100,NE,MIN,0.1229772820803621,1.0,0,14.0,True
2018,13,100,SEA,SF,0.135119761833439,1.0,0,27.0,True
2018,13,100,PIT,LAC,-0.0753618561337231,1.0,0,-3.0,False
2018,13,100,PHI,WAS,0.0342129396083039,1.0,-3,15.0,True
2018,14,2,TEN,JAX,0.0652372659145076,1.0,0,21.0,True
2018,14,2,BUF,NYJ,0.3532398748912978,1.0,0,-4.0,False
2018,14,2,CLE,CAR,-0.2198435121737205,1.0,0,6.0,True
2018,14,2,GB,ATL,0.1796070328308532,1.0,0,14.0,True
2018,14,2,HOU,IND,0.2433250815930234,1.0,0,-3.0,False
2018,14,2,KC,BAL,0.2715006567887106,1.0,0,3.0,True
2018,14,2,MIA,NE,-0.387802858977161,1.0,0,1.0,True
2018,14,2,TB,NO,-0.1692532499503544,1.0,-3,-14.0,False
2018,14,2,WAS,NYG,-0.3732129047471521,1.0,-1,-24.0,False
2018,14,2,LAC,CIN,0.4814998900930984,1.0,0,5.0,True
2018,14,2,SF,DEN,-0.4251219602561918,1.0,0,6.0,True
2018,14,2,ARI,DET,-0.0458720879009667,1.0,0,-14.0,False
2018,14,2,DAL,PHI,-0.0366436518591455,1.0,4,6.0,True
2018,14,2,CHI,LA,-0.2159911958756159,1.0,0,9.0,True
2018,14,2,SEA,MIN,0.0139330792012108,1.0,0,14.0,True
2018,14,4,TEN,JAX,0.0790185776314682,1.0,0,21.0,True
2018,14,4,BUF,NYJ,0.2180429873570284,1.0,0,-4.0,False
2018,14,4,CLE,CAR,-0.2297247178680244,1.0,0,6.0,True
2018,14,4,GB,ATL,0.1186844353074291,1.0,0,14.0,True
2018,14,4,HOU,IND,0.1023211790917505,1.0,0,-3.0,False
2018,14,4,KC,BAL,0.3281599991821783,1.0,0,3.0,True
2018,14,4,MIA,NE,-0.3344164862992247,1.0,0,1.0,True
2018,14,4,TB,NO,-0.2368894265559273,1.0,-3,-14.0,False
2018,14,4,WAS,NYG,-0.1597545417578696,1.0,-1,-24.0,False
2018,14,4,LAC,CIN,0.3762546080184546,1.0,0,5.0,True
2018,14,4,SF,DEN,-0.2685952241287256,1.0,0,6.0,True
2018,14,4,ARI,DET,-0.1025284732301855,1.0,0,-14.0,False
2018,14,4,DAL,PHI,-0.0201833510579959,1.0,4,6.0,True
2018,14,4,CHI,LA,-0.1618800328911661,1.0,0,9.0,True
2018,14,4,SEA,MIN,-0.0294705354383024,1.0,0,14.0,True
2018,14,6,TEN,JAX,0.0776797585562243,1.0,0,21.0,True
2018,14,6,BUF,NYJ,0.1526567220858894,1.0,0,-4.0,False
2018,14,6,CLE,CAR,-0.2325824973813837,1.0,0,6.0,True
2018,14,6,GB,ATL,0.0907922997820417,1.0,0,14.0,True
2018,14,6,HOU,IND,0.0619327517804772,1.0,0,-3.0,False
2018,14,6,KC,BAL,0.3375294864703909,1.0,0,3.0,True
2018,14,6,MIA,NE,-0.3054181996972339,1.0,0,1.0,True
2018,14,6,TB,NO,-0.2443844233907787,1.0,-3,-14.0,False
2018,14,6,WAS,NYG,-0.0831766675777231,1.0,-1,-24.0,False
2018,14,6,LAC,CIN,0.3295564984501529,1.0,0,5.0,True
2018,14,6,SF,DEN,-0.2221557979019865,1.0,0,6.0,True
2018,14,6,ARI,DET,-0.1324971322939465,1.0,0,-14.0,False
2018,14,6,DAL,PHI,-0.0185410043888393,1.0,4,6.0,True
2018,14,6,CHI,LA,-0.1588758968650884,1.0,0,9.0,True
2018,14,6,SEA,MIN,-0.0304424147400565,1.0,0,14.0,True
2018,14,10,TEN,JAX,0.0713747968678026,1.0,0,21.0,True
2018,14,10,BUF,NYJ,0.0955926309841496,1.0,0,-4.0,False
2018,14,10,CLE,CAR,-0.2319843966820189,1.0,0,6.0,True
2018,14,10,GB,ATL,0.0671921268265854,1.0,0,14.0,True
2018,14,10,HOU,IND,0.0331299732695042,1.0,0,-3.0,False
2018,14,10,KC,BAL,0.3410583648599228,1.0,0,3.0,True
2018,14,10,MIA,NE,-0.2774884850531112,1.0,0,1.0,True
2018,14,10,TB,NO,-0.241654444537019,1.0,-3,-14.0,False
2018,14,10,WAS,NYG,-0.0234727565776099,1.0,-1,-24.0,False
2018,14,10,LAC,CIN,0.2887028872028343,1.0,0,5.0,True
2018,14,10,SF,DEN,-0.1910114497850805,1.0,0,6.0,True
2018,14,10,ARI,DET,-0.1605115392445639,1.0,0,-14.0,False
2018,14,10,DAL,PHI,-0.018194690736318,1.0,4,6.0,True
2018,14,10,CHI,LA,-0.1637994105092433,1.0,0,9.0,True
2018,14,10,SEA,MIN,-0.0279170261270623,1.0,0,14.0,True
2018,14,20,TEN,JAX,0.0628381577115901,1.0,0,21.0,True
2018,14,20,BUF,NYJ,0.0513334073631697,1.0,0,-4.0,False
2018,14,20,CLE,CAR,-0.2294375187968708,1.0,0,6.0,True
2018,14,20,GB,ATL,0.049480864105223,1.0,0,14.0,True
2018,14,20,HOU,IND,0.0136598214428553,1.0,0,-3.0,False
2018,14,20,KC,BAL,0.3416494954720645,1.0,0,3.0,True
2018,14,20,MIA,NE,-0.2540597281422119,1.0,0,1.0,True
2018,14,20,TB,NO,-0.2337701525865697,1.0,-3,-14.0,False
2018,14,20,WAS,NYG,0.0191230686124674,1.0,-1,-24.0,False
2018,14,20,LAC,CIN,0.2565575914182669,1.0,0,5.0,True
2018,14,20,SF,DEN,-0.1723176769177862,1.0,0,6.0,True
2018,14,20,ARI,DET,-0.1833114077784164,1.0,0,-14.0,False
2018,14,20,DAL,PHI,-0.0182920450325144,1.0,4,6.0,True
2018,14,20,CHI,LA,-0.1718837387362223,1.0,0,9.0,True
2018,14,20,SEA,MIN,-0.0253766253087436,1.0,0,14.0,True
2018,14,50,TEN,JAX,0.0560337267343865,1.0,0,21.0,True
2018,14,50,BUF,NYJ,0.0245987667660703,1.0,0,-4.0,False
2018,14,50,CLE,CAR,-0.2270281172401907,1.0,0,6.0,True
2018,14,50,GB,ATL,0.0390921975009204,1.0,0,14.0,True
2018,14,50,HOU,IND,0.0028286086410931,1.0,0,-3.0,False
2018,14,50,KC,BAL,0.3412990927128275,1.0,0,3.0,True
2018,14,50,MIA,NE,-0.2391672697144015,1.0,0,1.0,True
2018,14,50,TB,NO,-0.2265049677406731,1.0,-3,-14.0,False
2018,14,50,WAS,NYG,0.0434306020330682,1.0,-1,-24.0,False
2018,14,50,LAC,CIN,0.2368530226536636,1.0,0,5.0,True
2018,14,50,SF,DEN,-0.1633016349371132,1.0,0,6.0,True
2018,14,50,ARI,DET,-0.1974548925437781,1.0,0,-14.0,False
2018,14,50,DAL,PHI,-0.0184243777995755,1.0,4,6.0,True
2018,14,50,CHI,LA,-0.1784646015446912,1.0,0,9.0,True
2018,14,50,SEA,MIN,-0.0240701670175188,1.0,0,14.0,True
2018,14,100,TEN,JAX,0.0534839157273757,1.0,0,21.0,True
2018,14,100,BUF,NYJ,0.0156991304803944,1.0,0,-4.0,False
2018,14,100,CLE,CAR,-0.226084141087678,1.0,0,6.0,True
2018,14,100,GB,ATL,0.0356934464520854,1.0,0,14.0,True
2018,14,100,HOU,IND,-0.0006459559770665,1.0,0,-3.0,False
2018,14,100,KC,BAL,0.3410823524217014,1.0,0,3.0,True
2018,14,100,MIA,NE,-0.2340895841113908,1.0,0,1.0,True
2018,14,100,TB,NO,-0.2236554296629456,1.0,-3,-14.0,False
2018,14,100,WAS,NYG,0.0512941087551602,1.0,-1,-24.0,False
2018,14,100,LAC,CIN,0.2302376064967683,1.0,0,5.0,True
2018,14,100,SF,DEN,-0.16068431012818,1.0,0,6.0,True
2018,14,100,ARI,DET,-0.2022132319822029,1.0,0,-14.0,False
2018,14,100,DAL,PHI,-0.0184728872135818,1.0,4,6.0,True
2018,14,100,CHI,LA,-0.1809304359762427,1.0,0,9.0,True
2018,14,100,SEA,MIN,-0.0237233865266792,1.0,0,14.0,True
2018,15,2,KC,LAC,-0.0621448368526669,1.0,0,-1.0,False
2018,15,2,NYJ,HOU,-0.3085838480594112,1.0,0,-7.0,False
2018,15,2,DEN,CLE,-0.0896536728281023,1.0,0,-1.0,False
2018,15,2,ATL,ARI,0.0339474770135667,1.0,0,26.0,True
2018,15,2,BAL,TB,-0.0651849989380505,1.0,0,8.0,True
2018,15,2,BUF,DET,0.0434904282680987,1.0,0,1.0,True
2018,15,2,CHI,GB,-0.1291145573542744,1.0,0,7.0,True
2018,15,2,IND,DAL,0.0619367797585402,1.0,0,23.0,True
2018,15,2,JAX,WAS,0.196557017403267,1.0,3,-3.0,False
2018,15,2,MIN,MIA,-0.0283143033882006,1.0,-1,24.0,True
2018,15,2,NYG,TEN,0.0809862750834603,1.0,-3,-17.0,False
2018,15,2,SF,SEA,-0.0235908174363383,1.0,1,3.0,True
2018,15,2,PIT,NE,-0.2378666802480031,1.0,0,7.0,True
2018,15,2,LA,PHI,0.0445131321513579,1.0,0,-7.0,False
2018,15,2,CAR,NO,-0.222103025575977,1.0,0,-3.0,False
2018,15,4,KC,LAC,-0.0072661616178905,1.0,0,-1.0,False
2018,15,4,NYJ,HOU,-0.3180221590146774,1.0,0,-7.0,False
2018,15,4,DEN,CLE,0.0094894838454759,1.0,0,-1.0,False
2018,15,4,ATL,ARI,0.1579905514115258,1.0,0,26.0,True
2018,15,4,BAL,TB,-0.0503107768937193,1.0,0,8.0,True
2018,15,4,BUF,DET,0.0032464792175143,1.0,0,1.0,True
2018,15,4,CHI,GB,-0.0956331113560954,1.0,0,7.0,True
2018,15,4,IND,DAL,0.0565007634236317,1.0,0,23.0,True
2018,15,4,JAX,WAS,0.071151475579002,1.0,3,-3.0,False
2018,15,4,MIN,MIA,0.0363892710031573,1.0,-1,24.0,True
2018,15,4,NYG,TEN,0.0043915552058305,1.0,-3,-17.0,False
2018,15,4,SF,SEA,-0.0645733173720656,1.0,1,3.0,True
2018,15,4,PIT,NE,-0.18642820194103,1.0,0,7.0,True
2018,15,4,LA,PHI,0.0798113457158003,1.0,0,-7.0,False
2018,15,4,CAR,NO,-0.1758759974013299,1.0,0,-3.0,False
2018,15,6,KC,LAC,0.0217081963284628,1.0,0,-1.0,False
2018,15,6,NYJ,HOU,-0.2995301732294966,1.0,0,-7.0,False
2018,15,6,DEN,CLE,0.0385857032077594,1.0,0,-1.0,False
2018,15,6,ATL,ARI,0.2084063964738043,1.0,0,26.0,True
2018,15,6,BAL,TB,-0.0344299296094986,1.0,0,8.0,True
2018,15,6,BUF,DET,-0.0345626371357111,1.0,0,1.0,True
2018,15,6,CHI,GB,-0.085426609373229,1.0,0,7.0,True
2018,15,6,IND,DAL,0.0520015395058364,1.0,0,23.0,True
2018,15,6,JAX,WAS,0.0304927447351515,1.0,3,-3.0,False
2018,15,6,MIN,MIA,0.0458783600760219,1.0,-1,24.0,True
2018,15,6,NYG,TEN,-0.0251461435171058,1.0,-3,-17.0,False
2018,15,6,SF,SEA,-0.0853101690011651,1.0,1,3.0,True
2018,15,6,PIT,NE,-0.164519078363973,1.0,0,7.0,True
2018,15,6,LA,PHI,0.1033570542558424,1.0,0,-7.0,False
2018,15,6,CAR,NO,-0.1514366148283516,1.0,0,-3.0,False
2018,15,10,KC,LAC,0.0490276888498761,1.0,0,-1.0,False
2018,15,10,NYJ,HOU,-0.2757101893933595,1.0,0,-7.0,False
2018,15,10,DEN,CLE,0.0580903092767282,1.0,0,-1.0,False
2018,15,10,ATL,ARI,0.249037667550234,1.0,0,26.0,True
2018,15,10,BAL,TB,-0.0187100549592644,1.0,0,8.0,True
2018,15,10,BUF,DET,-0.0745447382995304,1.0,0,1.0,True
2018,15,10,CHI,GB,-0.0786341260548727,1.0,0,7.0,True
2018,15,10,IND,DAL,0.047169306524113,1.0,0,23.0,True
2018,15,10,JAX,WAS,0.0020336086931572,1.0,3,-3.0,False
2018,15,10,MIN,MIA,0.0454982033259493,1.0,-1,24.0,True
2018,15,10,NYG,TEN,-0.0477080151642082,1.0,-3,-17.0,False
2018,15,10,SF,SEA,-0.1031720428481595,1.0,1,3.0,True
2018,15,10,PIT,NE,-0.1473025967535401,1.0,0,7.0,True
2018,15,10,LA,PHI,0.1272957705191966,1.0,0,-7.0,False
2018,15,10,CAR,NO,-0.1291062012936552,1.0,0,-3.0,False
2018,15,20,KC,LAC,0.071662715825709,1.0,0,-1.0,False
2018,15,20,NYJ,HOU,-0.2530089436593709,1.0,0,-7.0,False
2018,15,20,DEN,CLE,0.0704498830849737,1.0,0,-1.0,False
2018,15,20,ATL,ARI,0.2784989433002657,1.0,0,26.0,True
2018,15,20,BAL,TB,-0.0062100292037227,1.0,0,8.0,True
2018,15,20,BUF,DET,-0.109452333609603,1.0,0,1.0,True
2018,15,20,CHI,GB,-0.0747299789364826,1.0,0,7.0,True
2018,15,20,IND,DAL,0.0429156109587705,1.0,0,23.0,True
2018,15,20,JAX,WAS,-0.015827091405064,1.0,3,-3.0,False
2018,15,20,MIN,MIA,0.0401042157843232,1.0,-1,24.0,True
2018,15,20,NYG,TEN,-0.0629838149972089,1.0,-3,-17.0,False
2018,15,20,SF,SEA,-0.1162483108657474,1.0,1,3.0,True
2018,15,20,PIT,NE,-0.135350106722414,1.0,0,7.0,True
2018,15,20,LA,PHI,0.1480244326106624,1.0,0,-7.0,False
2018,15,20,CAR,NO,-0.1112636543355452,1.0,0,-3.0,False
2018,15,50,KC,LAC,0.0859717295941503,1.0,0,-1.0,False
2018,15,50,NYJ,HOU,-0.2376678674838103,1.0,0,-7.0,False
2018,15,50,DEN,CLE,0.0770588381252102,1.0,0,-1.0,False
2018,15,50,ATL,ARI,0.2954230391327132,1.0,0,26.0,True
2018,15,50,BAL,TB,0.0011507019954872,1.0,0,8.0,True
2018,15,50,BUF,DET,-0.1319960153845987,1.0,0,1.0,True
2018,15,50,CHI,GB,-0.072982339404402,1.0,0,7.0,True
2018,15,50,IND,DAL,0.0401501707535665,1.0,0,23.0,True
2018,15,50,JAX,WAS,-0.0248633564344157,1.0,3,-3.0,False
2018,15,50,MIN,MIA,0.0348262419734076,1.0,-1,24.0,True
2018,15,50,NYG,TEN,-0.0711773658965576,1.0,-3,-17.0,False
2018,15,50,SF,SEA,-0.1235651702490789,1.0,1,3.0,True
2018,15,50,PIT,NE,-0.1287857552015158,1.0,0,7.0,True
2018,15,50,LA,PHI,0.161448305030614,1.0,0,-7.0,False
2018,15,50,CAR,NO,-0.100309087407934,1.0,0,-3.0,False
2018,15,100,KC,LAC,0.0908422151092118,1.0,0,-1.0,False
2018,15,100,NYJ,HOU,-0.2323028858327117,1.0,0,-7.0,False
2018,15,100,DEN,CLE,0.0791492107885699,1.0,0,-1.0,False
2018,15,100,ATL,ARI,0.3009092437868178,1.0,0,26.0,True
2018,15,100,BAL,TB,0.0035321328010284,1.0,0,8.0,True
2018,15,100,BUF,DET,-0.139721811482701,1.0,0,1.0,True
2018,15,100,CHI,GB,-0.0725074433127387,1.0,0,7.0,True
2018,15,100,IND,DAL,0.0391977759615409,1.0,0,23.0,True
2018,15,100,JAX,WAS,-0.0275800119441557,1.0,3,-3.0,False
2018,15,100,MIN,MIA,0.0327482333736586,1.0,-1,24.0,True
2018,15,100,NYG,TEN,-0.0737204705417009,1.0,-3,-17.0,False
2018,15,100,SF,SEA,-0.1258737728503629,1.0,1,3.0,True
2018,15,100,PIT,NE,-0.1267166164824982,1.0,0,7.0,True
2018,15,100,LA,PHI,0.1660654942422139,1.0,0,-7.0,False
2018,15,100,CAR,NO,-0.0966376155864841,1.0,0,-3.0,False
2018,16,2,TEN,WAS,0.4252266311525525,1.0,0,9.0,True
2018,16,2,LAC,BAL,0.060447584400105,1.0,3,-12.0,False
2018,16,2,CAR,ATL,-0.1815447242884623,1.0,-1,-14.0,False
2018,16,2,CLE,CIN,0.2271757746963113,1.0,1,8.0,True
2018,16,2,DAL,TB,-0.0845058325917618,1.0,0,7.0,True
2018,16,2,DET,MIN,-0.0769667939569671,1.0,0,-18.0,False
2018,16,2,IND,NYG,0.302256099048144,1.0,0,1.0,True
2018,16,2,MIA,JAX,0.0703255932052623,1.0,0,-10.0,False
2018,16,2,NE,BUF,0.2427252557716516,1.0,0,12.0,True
2018,16,2,NYJ,GB,-0.1307340910686344,1.0,1,-6.0,False
2018,16,2,PHI,HOU,0.0784983912592958,1.0,-1,2.0,True
2018,16,2,ARI,LA,-0.472195045977745,1.0,0,-22.0,False
2018,16,2,SF,CHI,-0.0035181655015306,1.0,0,-5.0,False
2018,16,2,NO,PIT,0.2054894008507017,1.0,-1,3.0,True
2018,16,2,SEA,KC,-0.0840068872112319,1.0,-3,7.0,True
2018,16,4,TEN,WAS,0.2718130768550993,1.0,0,9.0,True
2018,16,4,LAC,BAL,0.1406715074795285,1.0,3,-12.0,False
2018,16,4,CAR,ATL,-0.0505833283132778,1.0,-1,-14.0,False
2018,16,4,CLE,CIN,0.134385870084984,1.0,1,8.0,True
2018,16,4,DAL,TB,-0.0105262124609549,1.0,0,7.0,True
2018,16,4,DET,MIN,-0.097394309448442,1.0,0,-18.0,False
2018,16,4,IND,NYG,0.2511208587264897,1.0,0,1.0,True
2018,16,4,MIA,JAX,0.0899867874779205,1.0,0,-10.0,False
2018,16,4,NE,BUF,0.2757671566064982,1.0,0,12.0,True
2018,16,4,NYJ,GB,-0.2246116034777363,1.0,1,-6.0,False
2018,16,4,PHI,HOU,0.0337133672085536,1.0,-1,2.0,True
2018,16,4,ARI,LA,-0.4524670313749978,1.0,0,-22.0,False
2018,16,4,SF,CHI,-0.067756752757433,1.0,0,-5.0,False
2018,16,4,NO,PIT,0.1680668875153668,1.0,-1,3.0,True
2018,16,4,SEA,KC,-0.161436453369238,1.0,-3,7.0,True
2018,16,6,TEN,WAS,0.2008640356090567,1.0,0,9.0,True
2018,16,6,LAC,BAL,0.1607043459362699,1.0,3,-12.0,False
2018,16,6,CAR,ATL,-0.0225980746433248,1.0,-1,-14.0,False
2018,16,6,CLE,CIN,0.0835732378961747,1.0,1,8.0,True
2018,16,6,DAL,TB,0.0133302188106061,1.0,0,7.0,True
2018,16,6,DET,MIN,-0.0996458742987765,1.0,0,-18.0,False
2018,16,6,IND,NYG,0.2400667245778693,1.0,0,1.0,True
2018,16,6,MIA,JAX,0.1015755988900389,1.0,0,-10.0,False
2018,16,6,NE,BUF,0.2997562106203559,1.0,0,12.0,True
2018,16,6,NYJ,GB,-0.2504208071963157,1.0,1,-6.0,False
2018,16,6,PHI,HOU,0.0260196306568396,1.0,-1,2.0,True
2018,16,6,ARI,LA,-0.4561735946263499,1.0,0,-22.0,False
2018,16,6,SF,CHI,-0.0931537130836587,1.0,0,-5.0,False
2018,16,6,NO,PIT,0.142886024218433,1.0,-1,3.0,True
2018,16,6,SEA,KC,-0.1890036521637727,1.0,-3,7.0,True
2018,16,10,TEN,WAS,0.140228714025436,1.0,0,9.0,True
2018,16,10,LAC,BAL,0.1701675420801709,1.0,3,-12.0,False
2018,16,10,CAR,ATL,-0.008329034392926,1.0,-1,-14.0,False
2018,16,10,CLE,CIN,0.0384183053446541,1.0,1,8.0,True
2018,16,10,DAL,TB,0.0287819359141414,1.0,0,7.0,True
2018,16,10,DET,MIN,-0.0974735817099055,1.0,0,-18.0,False
2018,16,10,IND,NYG,0.2316899827548768,1.0,0,1.0,True
2018,16,10,MIA,JAX,0.112097315297933,1.0,0,-10.0,False
2018,16,10,NE,BUF,0.3245250306020832,1.0,0,12.0,True
2018,16,10,NYJ,GB,-0.2654846725162711,1.0,1,-6.0,False
2018,16,10,PHI,HOU,0.024290490126128,1.0,-1,2.0,True
2018,16,10,ARI,LA,-0.4644426413474393,1.0,0,-22.0,False
2018,16,10,SF,CHI,-0.1129204286766952,1.0,0,-5.0,False
2018,16,10,NO,PIT,0.1176951934468576,1.0,-1,3.0,True
2018,16,10,SEA,KC,-0.2114370566795005,1.0,-3,7.0,True
2018,16,20,TEN,WAS,0.0941885432933148,1.0,0,9.0,True
2018,16,20,LAC,BAL,0.1724124285316168,1.0,3,-12.0,False
2018,16,20,CAR,ATL,-0.0026229754590898,1.0,-1,-14.0,False
2018,16,20,CLE,CIN,0.0035794348587187,1.0,1,8.0,True
2018,16,20,DAL,TB,0.0368700320137818,1.0,0,7.0,True
2018,16,20,DET,MIN,-0.0932275951806828,1.0,0,-18.0,False
2018,16,20,IND,NYG,0.2250935118726537,1.0,0,1.0,True
2018,16,20,MIA,JAX,0.1200849605006625,1.0,0,-10.0,False
2018,16,20,NE,BUF,0.3461615860771302,1.0,0,12.0,True
2018,16,20,NYJ,GB,-0.2726861979867958,1.0,1,-6.0,False
2018,16,20,PHI,HOU,0.0258620987798021,1.0,-1,2.0,True
2018,16,20,ARI,LA,-0.4739775491568511,1.0,0,-22.0,False
2018,16,20,SF,CHI,-0.1266214344767574,1.0,0,-5.0,False
2018,16,20,NO,PIT,0.0963255939925878,1.0,-1,3.0,True
2018,16,20,SEA,KC,-0.2288084164572709,1.0,-3,7.0,True
2018,16,50,TEN,WAS,0.0668677662457903,1.0,0,9.0,True
2018,16,50,LAC,BAL,0.1716036733134716,1.0,3,-12.0,False
2018,16,50,CAR,ATL,-0.0011948552984591,1.0,-1,-14.0,False
2018,16,50,CLE,CIN,-0.0172081345521357,1.0,1,8.0,True
2018,16,50,DAL,TB,0.0398810267217495,1.0,0,7.0,True
2018,16,50,DET,MIN,-0.0896679424943891,1.0,0,-18.0,False
2018,16,50,IND,NYG,0.2208579074109318,1.0,0,1.0,True
2018,16,50,MIA,JAX,0.1246839435396105,1.0,0,-10.0,False
2018,16,50,NE,BUF,0.3602499538718112,1.0,0,12.0,True
2018,16,50,NYJ,GB,-0.2752012502167887,1.0,1,-6.0,False
2018,16,50,PHI,HOU,0.0279909049945349,1.0,-1,2.0,True
2018,16,50,ARI,LA,-0.481061693908303,1.0,0,-22.0,False
2018,16,50,SF,CHI,-0.1341549111542639,1.0,0,-5.0,False
2018,16,50,NO,PIT,0.0827343557336264,1.0,-1,3.0,True
2018,16,50,SEA,KC,-0.2396221073290043,1.0,-3,7.0,True
2018,16,100,TEN,WAS,0.05786252560591,1.0,0,9.0,True
2018,16,100,LAC,BAL,0.1709725226924213,1.0,3,-12.0,False
2018,16,100,CAR,ATL,-0.0010344571752649,1.0,-1,-14.0,False
2018,16,100,CLE,CIN,-0.0240703066355678,1.0,1,8.0,True
2018,16,100,DAL,TB,0.0405424138083495,1.0,0,7.0,True
2018,16,100,DET,MIN,-0.0883322692918516,1.0,0,-18.0,False
2018,16,100,IND,NYG,0.2193879617409426,1.0,0,1.0,True
2018,16,100,MIA,JAX,0.1261612161171544,1.0,0,-10.0,False
2018,16,100,NE,BUF,0.3651091379094097,1.0,0,12.0,True
2018,16,100,NYJ,GB,-0.2757381108736802,1.0,1,-6.0,False
2018,16,100,PHI,HOU,0.0288925225076588,1.0,-1,2.0,True
2018,16,100,ARI,LA,-0.4836427405671992,1.0,0,-22.0,False
2018,16,100,SF,CHI,-0.1365326516664133,1.0,0,-5.0,False
2018,16,100,NO,PIT,0.0781067728502421,1.0,-1,3.0,True
2018,16,100,SEA,KC,-0.2433115503640028,1.0,-3,7.0,True
2018,17,2,BUF,MIA,-0.0430212591215116,1.0,0,25.0,True
2018,17,2,GB,DET,0.0453517879033749,1.0,0,-31.0,False
2018,17,2,HOU,JAX,0.269038120873951,1.0,0,17.0,True
2018,17,2,NE,NYJ,0.2888292756406052,1.0,0,35.0,True
2018,17,2,NO,CAR,0.2551107468606157,1.0,0,-19.0,False
2018,17,2,NYG,DAL,-0.0294943036214138,1.0,0,-1.0,False
2018,17,2,TB,ATL,-0.1306779894059857,1.0,0,-2.0,False
2018,17,2,BAL,CLE,-0.1116354937349654,1.0,1,2.0,True
2018,17,2,DEN,LAC,-0.1074453115162465,1.0,-2,-14.0,False
2018,17,2,LA,SF,0.1590408996672095,1.0,0,16.0,True
2018,17,2,MIN,CHI,0.2333401093364383,1.0,0,-14.0,False
2018,17,2,PIT,CIN,0.2388429823659459,1.0,0,3.0,True
2018,17,2,SEA,ARI,0.5144095028762664,1.0,0,3.0,True
2018,17,2,WAS,PHI,-0.1894273140344625,1.0,1,-24.0,False
2018,17,2,TEN,IND,0.0319174441761335,1.0,1,-16.0,False
2018,17,4,BUF,MIA,-0.035012067404298,1.0,0,25.0,True
2018,17,4,GB,DET,0.0966675263362663,1.0,0,-31.0,False
2018,17,4,HOU,JAX,0.2752980972122592,1.0,0,17.0,True
2018,17,4,NE,NYJ,0.3286821159668291,1.0,0,35.0,True
2018,17,4,NO,CAR,0.2075978084069817,1.0,0,-19.0,False
2018,17,4,NYG,DAL,-0.065464113212366,1.0,0,-1.0,False
2018,17,4,TB,ATL,-0.0822372901645944,1.0,0,-2.0,False
2018,17,4,BAL,CLE,-0.0443765861808501,1.0,1,2.0,True
2018,17,4,DEN,LAC,-0.1335933156651522,1.0,-2,-14.0,False
2018,17,4,LA,SF,0.1865282565145057,1.0,0,16.0,True
2018,17,4,MIN,CHI,0.1365640571784606,1.0,0,-14.0,False
2018,17,4,PIT,CIN,0.2158181158142834,1.0,0,3.0,True
2018,17,4,SEA,ARI,0.4129614509267731,1.0,0,3.0,True
2018,17,4,WAS,PHI,-0.2075100627258924,1.0,1,-24.0,False
2018,17,4,TEN,IND,-0.0400968265911995,1.0,1,-16.0,False
2018,17,6,BUF,MIA,-0.0560584052239744,1.0,0,25.0,True
2018,17,6,GB,DET,0.1127535752312939,1.0,0,-31.0,False
2018,17,6,HOU,JAX,0.2623947533423249,1.0,0,17.0,True
2018,17,6,NE,NYJ,0.3399157748762857,1.0,0,35.0,True
2018,17,6,NO,CAR,0.1819679563458382,1.0,0,-19.0,False
2018,17,6,NYG,DAL,-0.0847596092728285,1.0,0,-1.0,False
2018,17,6,TB,ATL,-0.0804760945109324,1.0,0,-2.0,False
2018,17,6,BAL,CLE,-0.0105489863172507,1.0,1,2.0,True
2018,17,6,DEN,LAC,-0.1442635468722572,1.0,-2,-14.0,False
2018,17,6,LA,SF,0.2123617094347952,1.0,0,16.0,True
2018,17,6,MIN,CHI,0.0997487200464978,1.0,0,-14.0,False
2018,17,6,PIT,CIN,0.2037581988552044,1.0,0,3.0,True
2018,17,6,SEA,ARI,0.3810187896114086,1.0,0,3.0,True
2018,17,6,WAS,PHI,-0.1960043801645866,1.0,1,-24.0,False
2018,17,6,TEN,IND,-0.0651440373517558,1.0,1,-16.0,False
2018,17,10,BUF,MIA,-0.0866198081135515,1.0,0,25.0,True
2018,17,10,GB,DET,0.1216344777295156,1.0,0,-31.0,False
2018,17,10,HOU,JAX,0.2414150479625214,1.0,0,17.0,True
2018,17,10,NE,NYJ,0.3454625631523752,1.0,0,35.0,True
2018,17,10,NO,CAR,0.1573748216855683,1.0,0,-19.0,False
2018,17,10,NYG,DAL,-0.1007270249221451,1.0,0,-1.0,False
2018,17,10,TB,ATL,-0.0842987247123424,1.0,0,-2.0,False
2018,17,10,BAL,CLE,0.0188116253488711,1.0,1,2.0,True
2018,17,10,DEN,LAC,-0.1517518957055898,1.0,-2,-14.0,False
2018,17,10,LA,SF,0.2402624781091644,1.0,0,16.0,True
2018,17,10,MIN,CHI,0.071213196252657,1.0,0,-14.0,False
2018,17,10,PIT,CIN,0.1903591242988505,1.0,0,3.0,True
2018,17,10,SEA,ARI,0.358349466632413,1.0,0,3.0,True
2018,17,10,WAS,PHI,-0.1783869684519168,1.0,1,-24.0,False
2018,17,10,TEN,IND,-0.0820764580478471,1.0,1,-16.0,False
2018,17,20,BUF,MIA,-0.1182433940347138,1.0,0,25.0,True
2018,17,20,GB,DET,0.1249737600232457,1.0,0,-31.0,False
2018,17,20,HOU,JAX,0.2182441977568918,1.0,0,17.0,True
2018,17,20,NE,NYJ,0.3468929774756791,1.0,0,35.0,True
2018,17,20,NO,CAR,0.1369123426266672,1.0,0,-19.0,False
2018,17,20,NYG,DAL,-0.1117992875650059,1.0,0,-1.0,False
2018,17,20,TB,ATL,-0.0891495573321184,1.0,0,-2.0,False
2018,17,20,BAL,CLE,0.0410218000287501,1.0,1,2.0,True
2018,17,20,DEN,LAC,-0.1556781415712282,1.0,-2,-14.0,False
2018,17,20,LA,SF,0.2650593994797923,1.0,0,16.0,True
2018,17,20,MIN,CHI,0.0516552207549912,1.0,0,-14.0,False
2018,17,20,PIT,CIN,0.1776706078056336,1.0,0,3.0,True
2018,17,20,SEA,ARI,0.3432578428276908,1.0,0,3.0,True
2018,17,20,WAS,PHI,-0.1603801503288496,1.0,1,-24.0,False
2018,17,20,TEN,IND,-0.0918429575613881,1.0,1,-16.0,False
2018,17,50,BUF,MIA,-0.1406973821065885,1.0,0,25.0,True
2018,17,50,GB,DET,0.1254487167351176,1.0,0,-31.0,False
2018,17,50,HOU,JAX,0.201153915437408,1.0,0,17.0,True
2018,17,50,NE,NYJ,0.3465185019282331,1.0,0,35.0,True
2018,17,50,NO,CAR,0.1240376140761073,1.0,0,-19.0,False
2018,17,50,NYG,DAL,-0.1176819056441416,1.0,0,-1.0,False
2018,17,50,TB,ATL,-0.0923655036589797,1.0,0,-2.0,False
2018,17,50,BAL,CLE,0.0540818960674586,1.0,1,2.0,True
2018,17,50,DEN,LAC,-0.1569560808433701,1.0,-2,-14.0,False
2018,17,50,LA,SF,0.281279450714358,1.0,0,16.0,True
2018,17,50,MIN,CHI,0.041107347632151,1.0,0,-14.0,False
2018,17,50,PIT,CIN,0.1689320277285271,1.0,0,3.0,True
2018,17,50,SEA,ARI,0.3349179176897352,1.0,0,3.0,True
2018,17,50,WAS,PHI,-0.147812616498024,1.0,1,-24.0,False
2018,17,50,TEN,IND,-0.0962674427861943,1.0,1,-16.0,False
2018,17,100,BUF,MIA,-0.1487265095501297,1.0,0,25.0,True
2018,17,100,GB,DET,0.1253499700490904,1.0,0,-31.0,False
2018,17,100,HOU,JAX,0.1949353194448034,1.0,0,17.0,True
2018,17,100,NE,NYJ,0.3461877987284464,1.0,0,35.0,True
2018,17,100,NO,CAR,0.1196776426314717,1.0,0,-19.0,False
2018,17,100,NYG,DAL,-0.1194798932558686,1.0,0,-1.0,False
2018,17,100,TB,ATL,-0.0934265007096997,1.0,0,-2.0,False
2018,17,100,BAL,CLE,0.0583604518833005,1.0,1,2.0,True
2018,17,100,DEN,LAC,-0.1571634264321017,1.0,-2,-14.0,False
2018,17,100,LA,SF,0.2868751815522906,1.0,0,16.0,True
2018,17,100,MIN,CHI,0.0378308416718465,1.0,0,-14.0,False
2018,17,100,PIT,CIN,0.1658358483679586,1.0,0,3.0,True
2018,17,100,SEA,ARI,0.3322400102591112,1.0,0,3.0,True
2018,17,100,WAS,PHI,-0.1433624442929788,1.0,1,-24.0,False
2018,17,100,TEN,IND,-0.0974917598386495,1.0,1,-16.0,False
2019,4,2,GB,PHI,0.0666223117214876,1.0,0,-7.0,False
2019,4,2,ATL,TEN,0.1050849695396457,1.0,-3,-14.0,False
2019,4,2,BAL,CLE,-0.0289589239061805,1.0,0,-15.0,False
2019,4,2,BUF,NE,-0.3884118386847807,1.0,0,-6.0,False
2019,4,2,DET,KC,-0.3657798407835381,1.0,0,-4.0,False
2019,4,2,HOU,CAR,-0.1404538571763321,1.0,0,-6.0,False
2019,4,2,MIA,LAC,-0.2438278272689385,1.0,0,-20.0,False
2019,4,2,NYG,WAS,0.3155954248903058,1.0,1,21.0,True
2019,4,2,ARI,SEA,-0.1970262278376296,1.0,0,-17.0,False
2019,4,2,LA,TB,0.1358395987823646,1.0,0,-15.0,False
2019,4,2,CHI,MIN,-0.1746501547801115,1.0,-1,10.0,True
2019,4,2,DEN,JAX,-0.025441161683941,1.0,-3,-2.0,False
2019,4,2,NO,DAL,-0.1178411632295381,1.0,0,2.0,True
2019,4,2,PIT,CIN,0.1716836743070023,1.0,0,24.0,True
2019,4,4,GB,PHI,0.0851110011342617,1.0,0,-7.0,False
2019,4,4,ATL,TEN,0.0942579447992519,1.0,-3,-14.0,False
2019,4,4,BAL,CLE,0.0121018880304659,1.0,0,-15.0,False
2019,4,4,BUF,NE,-0.363629693604691,1.0,0,-6.0,False
2019,4,4,DET,KC,-0.3464336075179015,1.0,0,-4.0,False
2019,4,4,HOU,CAR,-0.1326245352545192,1.0,0,-6.0,False
2019,4,4,MIA,LAC,-0.2899516651850308,1.0,0,-20.0,False
2019,4,4,NYG,WAS,0.2579508964490434,1.0,1,21.0,True
2019,4,4,ARI,SEA,-0.1873632046124369,1.0,0,-17.0,False
2019,4,4,LA,TB,0.1340813787118415,1.0,0,-15.0,False
2019,4,4,CHI,MIN,-0.2170527618865451,1.0,-1,10.0,True
2019,4,4,DEN,JAX,-0.0219656317357941,1.0,-3,-2.0,False
2019,4,4,NO,DAL,-0.1258210753866517,1.0,0,2.0,True
2019,4,4,PIT,CIN,0.1372212907822351,1.0,0,24.0,True
2019,4,6,GB,PHI,0.0918669680537733,1.0,0,-7.0,False
2019,4,6,ATL,TEN,0.0898547468293,1.0,-3,-14.0,False
2019,4,6,BAL,CLE,0.0270732937546653,1.0,0,-15.0,False
2019,4,6,BUF,NE,-0.3556653628567173,1.0,0,-6.0,False
2019,4,6,DET,KC,-0.3393058286648914,1.0,0,-4.0,False
2019,4,6,HOU,CAR,-0.1306262046581918,1.0,0,-6.0,False
2019,4,6,MIA,LAC,-0.3068260602267882,1.0,0,-20.0,False
2019,4,6,NYG,WAS,0.2373973620399687,1.0,1,21.0,True
2019,4,6,ARI,SEA,-0.1837143752902138,1.0,0,-17.0,False
2019,4,6,LA,TB,0.1337141396473824,1.0,0,-15.0,False
2019,4,6,CHI,MIN,-0.2305600805952424,1.0,-1,10.0,True
2019,4,6,DEN,JAX,-0.0215149546503456,1.0,-3,-2.0,False
2019,4,6,NO,DAL,-0.1278908906778978,1.0,0,2.0,True
2019,4,6,PIT,CIN,0.1250317492846754,1.0,0,24.0,True
2019,4,10,GB,PHI,0.0974704844401274,1.0,0,-7.0,False
2019,4,10,ATL,TEN,0.0860422677003837,1.0,-3,-14.0,False
2019,4,10,BAL,CLE,0.0395251522436994,1.0,0,-15.0,False
2019,4,10,BUF,NE,-0.3494163321468615,1.0,0,-6.0,False
2019,4,10,DET,KC,-0.3333694157975253,1.0,0,-4.0,False
2019,4,10,HOU,CAR,-0.1292573009125143,1.0,0,-6.0,False
2019,4,10,MIA,LAC,-0.3208559154225808,1.0,0,-20.0,False
2019,4,10,NYG,WAS,0.2205246528973513,1.0,1,21.0,True
2019,4,10,ARI,SEA,-0.1806567952135526,1.0,0,-17.0,False
2019,4,10,LA,TB,0.1335072970702411,1.0,0,-15.0,False
2019,4,10,CHI,MIN,-0.2411197599646256,1.0,-1,10.0,True
2019,4,10,DEN,JAX,-0.0214236038799327,1.0,-3,-2.0,False
2019,4,10,NO,DAL,-0.1293390590006942,1.0,0,2.0,True
2019,4,10,PIT,CIN,0.1150572627030263,1.0,0,24.0,True
2019,4,20,GB,PHI,0.1017834867531272,1.0,0,-7.0,False
2019,4,20,ATL,TEN,0.0830136816989568,1.0,-3,-14.0,False
2019,4,20,BAL,CLE,0.0491432306507216,1.0,0,-15.0,False
2019,4,20,BUF,NE,-0.3448051583469076,1.0,0,-6.0,False
2019,4,20,DET,KC,-0.328784963840499,1.0,0,-4.0,False
2019,4,20,HOU,CAR,-0.128365970985027,1.0,0,-6.0,False
2019,4,20,MIA,LAC,-0.3316824899030533,1.0,0,-20.0,False
2019,4,20,NYG,WAS,0.2076370264966469,1.0,1,21.0,True
2019,4,20,ARI,SEA,-0.1782879554879449,1.0,0,-17.0,False
2019,4,20,LA,TB,0.1334048942496207,1.0,0,-15.0,False
2019,4,20,CHI,MIN,-0.2488910640613405,1.0,-1,10.0,True
2019,4,20,DEN,JAX,-0.0215150389567831,1.0,-3,-2.0,False
2019,4,20,NO,DAL,-0.1303065437935307,1.0,0,2.0,True
2019,4,20,PIT,CIN,0.1074567489159302,1.0,0,24.0,True
2019,4,50,GB,PHI,0.1044148313921865,1.0,0,-7.0,False
2019,4,50,ATL,TEN,0.0811270408568596,1.0,-3,-14.0,False
2019,4,50,BAL,CLE,0.0550293848287905,1.0,0,-15.0,False
2019,4,50,BUF,NE,-0.3420707492635547,1.0,0,-6.0,False
2019,4,50,DET,KC,-0.3259815013047813,1.0,0,-4.0,False
2019,4,50,HOU,CAR,-0.1278870194880405,1.0,0,-6.0,False
2019,4,50,MIA,LAC,-0.3383016410816216,1.0,0,-20.0,False
2019,4,50,NYG,WAS,0.1998142265913207,1.0,1,21.0,True
2019,4,50,ARI,SEA,-0.1768371551422579,1.0,0,-17.0,False
2019,4,50,LA,TB,0.1333656833846003,1.0,0,-15.0,False
2019,4,50,CHI,MIN,-0.25349147982687,1.0,-1,10.0,True
2019,4,50,DEN,JAX,-0.0216363757395644,1.0,-3,-2.0,False
2019,4,50,NO,DAL,-0.1308391314740236,1.0,0,2.0,True
2019,4,50,PIT,CIN,0.1028505708548216,1.0,0,24.0,True
2019,4,100,GB,PHI,0.1052990005562414,1.0,0,-7.0,False
2019,4,100,ATL,TEN,0.0804866045798999,1.0,-3,-14.0,False
2019,4,100,BAL,CLE,0.0570106817063367,1.0,0,-15.0,False
2019,4,100,BUF,NE,-0.3411647789284911,1.0,0,-6.0,False
2019,4,100,DET,KC,-0.3250383920545253,1.0,0,-4.0,False
2019,4,100,HOU,CAR,-0.1277366765102083,1.0,0,-6.0,False
2019,4,100,MIA,LAC,-0.3405283338376563,1.0,0,-20.0,False
2019,4,100,NYG,WAS,0.1971921925248703,1.0,1,21.0,True
2019,4,100,ARI,SEA,-0.1763488103127919,1.0,0,-17.0,False
2019,4,100,LA,TB,0.1333563678771481,1.0,0,-15.0,False
2019,4,100,CHI,MIN,-0.2550144378543289,1.0,-1,10.0,True
2019,4,100,DEN,JAX,-0.0216879537513505,1.0,-3,-2.0,False
2019,4,100,NO,DAL,-0.1310087796923345,1.0,0,2.0,True
2019,4,100,PIT,CIN,0.1013078921113001,1.0,0,24.0,True
2019,5,2,SEA,LA,0.0419978685873947,1.0,0,1.0,True
2019,5,2,CAR,JAX,0.107367531020804,1.0,0,7.0,True
2019,5,2,CIN,ARI,0.0544083686449846,1.0,-1,-3.0,False
2019,5,2,HOU,ATL,0.0879400496111622,1.0,0,21.0,True
2019,5,2,NO,TB,-0.10149180012717,1.0,0,7.0,True
2019,5,2,NYG,MIN,0.2068709974083618,1.0,0,-18.0,False
2019,5,2,PHI,NYJ,0.3308341445177593,1.0,-4,25.0,True
2019,5,2,PIT,BAL,0.1853053018564567,1.0,-1,-3.0,False
2019,5,2,TEN,BUF,-0.0269287505651692,1.0,0,-7.0,False
2019,5,2,WAS,NE,-0.455699055916467,1.0,0,-26.0,False
2019,5,2,LAC,DEN,-0.0667689969164682,1.0,0,-7.0,False
2019,5,2,DAL,GB,0.1640251439926596,1.0,-3,-10.0,False
2019,5,2,KC,IND,0.2914958906939702,1.0,0,-6.0,False
2019,5,2,SF,CLE,0.0322556462755773,1.0,7,28.0,True
2019,5,4,SEA,LA,-0.0212897050075687,1.0,0,1.0,True
2019,5,4,CAR,JAX,0.0796901920730516,1.0,0,7.0,True
2019,5,4,CIN,ARI,0.0981660463856344,1.0,-1,-3.0,False
2019,5,4,HOU,ATL,0.0613901669675514,1.0,0,21.0,True
2019,5,4,NO,TB,-0.0780532835862238,1.0,0,7.0,True
2019,5,4,NYG,MIN,0.1078028604776097,1.0,0,-18.0,False
2019,5,4,PHI,NYJ,0.2409390473574716,1.0,-4,25.0,True
2019,5,4,PIT,BAL,0.0938131320704833,1.0,-1,-3.0,False
2019,5,4,TEN,BUF,-0.0203627829665333,1.0,0,-7.0,False
2019,5,4,WAS,NE,-0.4345077928948609,1.0,0,-26.0,False
2019,5,4,LAC,DEN,-0.0565797890706032,1.0,0,-7.0,False
2019,5,4,DAL,GB,0.1566216545915209,1.0,-3,-10.0,False
2019,5,4,KC,IND,0.29312583135605,1.0,0,-6.0,False
2019,5,4,SF,CLE,0.0483932383411972,1.0,7,28.0,True
2019,5,6,SEA,LA,-0.0426113256045223,1.0,0,1.0,True
2019,5,6,CAR,JAX,0.0707200136837534,1.0,0,7.0,True
2019,5,6,CIN,ARI,0.1130641763848946,1.0,-1,-3.0,False
2019,5,6,HOU,ATL,0.0529033693484638,1.0,0,21.0,True
2019,5,6,NO,TB,-0.0697349811283456,1.0,0,7.0,True
2019,5,6,NYG,MIN,0.0756130234512606,1.0,0,-18.0,False
2019,5,6,PHI,NYJ,0.2122107747668686,1.0,-4,25.0,True
2019,5,6,PIT,BAL,0.0612187559112844,1.0,-1,-3.0,False
2019,5,6,TEN,BUF,-0.016900785410272,1.0,0,-7.0,False
2019,5,6,WAS,NE,-0.426116744108973,1.0,0,-26.0,False
2019,5,6,LAC,DEN,-0.0518264823329951,1.0,0,-7.0,False
2019,5,6,DAL,GB,0.1549174013297316,1.0,-3,-10.0,False
2019,5,6,KC,IND,0.2943078943937587,1.0,0,-6.0,False
2019,5,6,SF,CLE,0.0534827870595067,1.0,7,28.0,True
2019,5,10,SEA,LA,-0.0596313585198032,1.0,0,1.0,True
2019,5,10,CAR,JAX,0.0637250535403825,1.0,0,7.0,True
2019,5,10,CIN,ARI,0.1250688577318344,1.0,-1,-3.0,False
2019,5,10,HOU,ATL,0.0463266859182733,1.0,0,21.0,True
2019,5,10,NO,TB,-0.0629213009930815,1.0,0,7.0,True
2019,5,10,NYG,MIN,0.050234124917769,1.0,0,-18.0,False
2019,5,10,PHI,NYJ,0.1897726714832947,1.0,-4,25.0,True
2019,5,10,PIT,BAL,0.034444928822684,1.0,-1,-3.0,False
2019,5,10,TEN,BUF,-0.0136901379351061,1.0,0,-7.0,False
2019,5,10,WAS,NE,-0.4189149046139146,1.0,0,-26.0,False
2019,5,10,LAC,DEN,-0.0474977232014567,1.0,0,-7.0,False
2019,5,10,DAL,GB,0.1538404849604637,1.0,-3,-10.0,False
2019,5,10,KC,IND,0.2954646986608285,1.0,0,-6.0,False
2019,5,10,SF,CLE,0.0574333970545736,1.0,7,28.0,True
2019,5,20,SEA,LA,-0.0723395288379523,1.0,0,1.0,True
2019,5,20,CAR,JAX,0.0586104646137341,1.0,0,7.0,True
2019,5,20,CIN,ARI,0.1341141597483552,1.0,-1,-3.0,False
2019,5,20,HOU,ATL,0.0415421313037354,1.0,0,21.0,True
2019,5,20,NO,TB,-0.0577272678330334,1.0,0,7.0,True
2019,5,20,NYG,MIN,0.0314353875949242,1.0,0,-18.0,False
2019,5,20,PHI,NYJ,0.1732868022627579,1.0,-4,25.0,True
2019,5,20,PIT,BAL,0.0139772373070748,1.0,-1,-3.0,False
2019,5,20,TEN,BUF,-0.0110347786522224,1.0,0,-7.0,False
2019,5,20,WAS,NE,-0.4132293109423153,1.0,0,-26.0,False
2019,5,20,LAC,DEN,-0.0439377977668579,1.0,0,-7.0,False
2019,5,20,DAL,GB,0.1532009231315147,1.0,-3,-10.0,False
2019,5,20,KC,IND,0.2964456843566874,1.0,0,-6.0,False
2019,5,20,SF,CLE,0.0603216722680725,1.0,7,28.0,True
2019,5,50,SEA,LA,-0.0799305616813084,1.0,0,1.0,True
2019,5,50,CAR,JAX,0.0556035099708432,1.0,0,7.0,True
2019,5,50,CIN,ARI,0.1395558554561377,1.0,-1,-3.0,False
2019,5,50,HOU,ATL,0.0387393449072506,1.0,0,21.0,True
2019,5,50,NO,TB,-0.0545794227844068,1.0,0,7.0,True
2019,5,50,NYG,MIN,0.0202578289267696,1.0,0,-18.0,False
2019,5,50,PHI,NYJ,0.1635431634498285,1.0,-4,25.0,True
2019,5,50,PIT,BAL,0.0015438054815866,1.0,-1,-3.0,False
2019,5,50,TEN,BUF,-0.0093434747016396,1.0,0,-7.0,False
2019,5,50,WAS,NE,-0.4097021494228421,1.0,0,-26.0,False
2019,5,50,LAC,DEN,-0.0416717564929569,1.0,0,-7.0,False
2019,5,50,DAL,GB,0.1528862711885645,1.0,-3,-10.0,False
2019,5,50,KC,IND,0.2970773342447323,1.0,0,-6.0,False
2019,5,50,SF,CLE,0.0620228083680087,1.0,7,28.0,True
2019,5,100,SEA,LA,-0.0824542047976562,1.0,0,1.0,True
2019,5,100,CAR,JAX,0.0546122539878533,1.0,0,7.0,True
2019,5,100,CIN,ARI,0.141371890985417,1.0,-1,-3.0,False
2019,5,100,HOU,ATL,0.0378171178127495,1.0,0,21.0,True
2019,5,100,NO,TB,-0.0535252355653734,1.0,0,7.0,True
2019,5,100,NYG,MIN,0.0165493756412288,1.0,0,-18.0,False
2019,5,100,PHI,NYJ,0.1603205851466388,1.0,-4,25.0,True
2019,5,100,PIT,BAL,-0.0026254404736031,1.0,-1,-3.0,False
2019,5,100,TEN,BUF,-0.0087637817723964,1.0,0,-7.0,False
2019,5,100,WAS,NE,-0.4085073050112287,1.0,0,-26.0,False
2019,5,100,LAC,DEN,-0.0408946662491248,1.0,0,-7.0,False
2019,5,100,DAL,GB,0.1527928648967197,1.0,-3,-10.0,False
2019,5,100,KC,IND,0.2972946515518601,1.0,0,-6.0,False
2019,5,100,SF,CLE,0.0625844451060902,1.0,7,28.0,True
2019,6,2,NE,NYG,-0.0129861218344971,1.0,0,21.0,True
2019,6,2,TB,CAR,-0.1020767523616935,0.0,0,-11.0,False
2019,6,2,BAL,CIN,0.03694277198262,1.0,0,6.0,True
2019,6,2,CLE,SEA,-0.1340577287169803,1.0,-4,-4.0,False
2019,6,2,JAX,NO,-0.1193604626310941,1.0,0,-7.0,False
2019,6,2,KC,HOU,-0.0010346975680329,1.0,0,-7.0,False
2019,6,2,MIA,WAS,-0.0321281613296171,1.0,7,-1.0,False
2019,6,2,MIN,PHI,-0.1105928028487517,1.0,0,18.0,True
2019,6,2,ARI,ATL,0.0838107579276327,1.0,0,1.0,True
2019,6,2,LA,SF,-0.2589799519403245,1.0,4,-13.0,False
2019,6,2,DEN,TEN,0.247053409076833,1.0,0,16.0,True
2019,6,2,NYJ,DAL,-0.4502337198363837,1.0,0,2.0,True
2019,6,2,LAC,PIT,-0.2963034923429956,1.0,0,-7.0,False
2019,6,2,GB,DET,-0.0240181226870128,1.0,-7,1.0,True
2019,6,4,NE,NYG,0.0569543857611657,1.0,0,21.0,True
2019,6,4,TB,CAR,-0.0634638012304468,0.0,0,-11.0,False
2019,6,4,BAL,CIN,0.0494650395975583,1.0,0,6.0,True
2019,6,4,CLE,SEA,-0.0777642733228919,1.0,-4,-4.0,False
2019,6,4,JAX,NO,-0.0824718589413052,1.0,0,-7.0,False
2019,6,4,KC,HOU,0.0928318602324493,1.0,0,-7.0,False
2019,6,4,MIA,WAS,-0.0534714272209825,1.0,7,-1.0,False
2019,6,4,MIN,PHI,-0.0533067372794585,1.0,0,18.0,True
2019,6,4,ARI,ATL,-0.0059187026467044,1.0,0,1.0,True
2019,6,4,LA,SF,-0.1970890194000653,1.0,4,-13.0,False
2019,6,4,DEN,TEN,0.1837609447822307,1.0,0,16.0,True
2019,6,4,NYJ,DAL,-0.4205474022978425,1.0,0,2.0,True
2019,6,4,LAC,PIT,-0.2054283174471484,1.0,0,-7.0,False
2019,6,4,GB,DET,-0.0255981174931323,1.0,-7,1.0,True
2019,6,6,NE,NYG,0.0830584959894152,1.0,0,21.0,True
2019,6,6,TB,CAR,-0.0503786416737238,0.0,0,-11.0,False
2019,6,6,BAL,CIN,0.0547173342201935,1.0,0,6.0,True
2019,6,6,CLE,SEA,-0.0587794866959534,1.0,-4,-4.0,False
2019,6,6,JAX,NO,-0.0724069750140563,1.0,0,-7.0,False
2019,6,6,KC,HOU,0.1252691146359499,1.0,0,-7.0,False
2019,6,6,MIA,WAS,-0.06655029058473,1.0,7,-1.0,False
2019,6,6,MIN,PHI,-0.0326324302160294,1.0,0,18.0,True
2019,6,6,ARI,ATL,-0.0343380351810702,1.0,0,1.0,True
2019,6,6,LA,SF,-0.1764091336876535,1.0,4,-13.0,False
2019,6,6,DEN,TEN,0.1623875849525298,1.0,0,16.0,True
2019,6,6,NYJ,DAL,-0.4087871755560571,1.0,0,2.0,True
2019,6,6,LAC,PIT,-0.1735843412364994,1.0,0,-7.0,False
2019,6,6,GB,DET,-0.0265013476480577,1.0,-7,1.0,True
2019,6,10,NE,NYG,0.1046962775897839,1.0,0,21.0,True
2019,6,10,TB,CAR,-0.0399022427890431,0.0,0,-11.0,False
2019,6,10,BAL,CIN,0.0593924705382994,1.0,0,6.0,True
2019,6,10,CLE,SEA,-0.0436352892652244,1.0,-4,-4.0,False
2019,6,10,JAX,NO,-0.065414579300107,1.0,0,-7.0,False
2019,6,10,KC,HOU,0.1513315739838574,1.0,0,-7.0,False
2019,6,10,MIA,WAS,-0.0792308048198206,1.0,7,-1.0,False
2019,6,10,MIN,PHI,-0.015710965129542,1.0,0,18.0,True
2019,6,10,ARI,ATL,-0.0561668875329912,1.0,0,1.0,True
2019,6,10,LA,SF,-0.1599684265388148,1.0,4,-13.0,False
2019,6,10,DEN,TEN,0.1452455418049635,1.0,0,16.0,True
2019,6,10,NYJ,DAL,-0.3990696751565514,1.0,0,2.0,True
2019,6,10,LAC,PIT,-0.1478157548388717,1.0,0,-7.0,False
2019,6,10,GB,DET,-0.0274129718988699,1.0,-7,1.0,True
2019,6,20,NE,NYG,0.1212744998348139,1.0,0,21.0,True
2019,6,20,TB,CAR,-0.0320633098840831,0.0,0,-11.0,False
2019,6,20,BAL,CIN,0.0632012685561973,1.0,0,6.0,True
2019,6,20,CLE,SEA,-0.0323421084877251,1.0,-4,-4.0,False
2019,6,20,JAX,NO,-0.0608514302971726,1.0,0,-7.0,False
2019,6,20,KC,HOU,0.1708458196497637,1.0,0,-7.0,False
2019,6,20,MIA,WAS,-0.0900301051701944,1.0,7,-1.0,False
2019,6,20,MIN,PHI,-0.0028588165405974,1.0,0,18.0,True
2019,6,20,ARI,ATL,-0.0719101987849405,1.0,0,1.0,True
2019,6,20,LA,SF,-0.1477352722565381,1.0,4,-13.0,False
2019,6,20,DEN,TEN,0.1323805416912503,1.0,0,16.0,True
2019,6,20,NYJ,DAL,-0.3917065292855328,1.0,0,2.0,True
2019,6,20,LAC,PIT,-0.1284037328144816,1.0,0,-7.0,False
2019,6,20,GB,DET,-0.0282203630545881,1.0,-7,1.0,True
2019,6,50,NE,NYG,0.1313362219341288,1.0,0,21.0,True
2019,6,50,TB,CAR,-0.0273748644386087,0.0,0,-11.0,False
2019,6,50,BAL,CIN,0.0656188942476038,1.0,0,6.0,True
2019,6,50,CLE,SEA,-0.0256050909816121,1.0,-4,-4.0,False
2019,6,50,JAX,NO,-0.0584101141669866,1.0,0,-7.0,False
2019,6,50,KC,HOU,0.1825103831140752,1.0,0,-7.0,False
2019,6,50,MIA,WAS,-0.097034575150787,1.0,7,-1.0,False
2019,6,50,MIN,PHI,0.0048994346579241,1.0,0,18.0,True
2019,6,50,ARI,ATL,-0.0810699235849502,1.0,0,1.0,True
2019,6,50,LA,SF,-0.140446887387278,1.0,4,-13.0,False
2019,6,50,DEN,TEN,0.1246631720026789,1.0,0,16.0,True
2019,6,50,NYJ,DAL,-0.3872877864757721,1.0,0,2.0,True
2019,6,50,LAC,PIT,-0.1167477046652308,1.0,0,-7.0,False
2019,6,50,GB,DET,-0.02875920517476,1.0,-7,1.0,True
2019,6,100,NE,NYG,0.1347061759479739,1.0,0,21.0,True
2019,6,100,TB,CAR,-0.0258153069058854,0.0,0,-11.0,False
2019,6,100,BAL,CIN,0.0664476222789612,1.0,0,6.0,True
2019,6,100,CLE,SEA,-0.0233671471188245,1.0,-4,-4.0,False
2019,6,100,JAX,NO,-0.0576472254583853,1.0,0,-7.0,False
2019,6,100,KC,HOU,0.1863880799851606,1.0,0,-7.0,False
2019,6,100,MIA,WAS,-0.0994560489770023,1.0,7,-1.0,False
2019,6,100,MIN,PHI,0.0074913456165731,1.0,0,18.0,True
2019,6,100,ARI,ATL,-0.0840728036149252,1.0,0,1.0,True
2019,6,100,LA,SF,-0.1380271916384172,1.0,4,-13.0,False
2019,6,100,DEN,TEN,0.1220915112546231,1.0,0,16.0,True
2019,6,100,NYJ,DAL,-0.3858176252076735,1.0,0,2.0,True
2019,6,100,LAC,PIT,-0.1128636064441692,1.0,0,-7.0,False
2019,6,100,GB,DET,-0.0289482060988481,1.0,-7,1.0,True
2019,7,2,DEN,KC,0.1072708608316394,1.0,0,-24.0,False
2019,7,2,ATL,LA,-0.0165338667179152,1.0,0,-27.0,False
2019,7,2,BUF,MIA,0.4839005349310981,1.0,7,10.0,True
2019,7,2,CIN,JAX,-0.2034590145093966,1.0,0,-10.0,False
2019,7,2,DET,MIN,0.011422523993387,1.0,-1,-12.0,False
2019,7,2,IND,HOU,-0.1143942192519075,1.0,7,7.0,True
2019,7,2,NYG,ARI,0.0508948444019373,1.0,3,-6.0,False
2019,7,2,WAS,SF,-0.1301790485422601,1.0,0,-9.0,False
2019,7,2,TEN,LAC,-0.1040667987939017,1.0,0,3.0,True
2019,7,2,CHI,NO,-0.1971920924926975,1.0,7,-11.0,False
2019,7,2,SEA,BAL,0.1167321361333292,1.0,0,-14.0,False
2019,7,2,DAL,PHI,-0.0815665773824483,1.0,0,27.0,True
2019,7,2,NYJ,NE,-0.1571922885076001,1.0,-3,-33.0,False
2019,7,4,DEN,KC,-0.0184385624374658,1.0,0,-24.0,False
2019,7,4,ATL,LA,-0.03887793493676,1.0,0,-27.0,False
2019,7,4,BUF,MIA,0.4434100429618776,1.0,7,10.0,True
2019,7,4,CIN,JAX,-0.1925894844633626,1.0,0,-10.0,False
2019,7,4,DET,MIN,0.030566246384614,1.0,-1,-12.0,False
2019,7,4,IND,HOU,-0.1071339945670999,1.0,7,7.0,True
2019,7,4,NYG,ARI,0.0722041853169996,1.0,3,-6.0,False
2019,7,4,WAS,SF,-0.2090589842786436,1.0,0,-9.0,False
2019,7,4,TEN,LAC,-0.1012442356720438,1.0,0,3.0,True
2019,7,4,CHI,NO,-0.1288234966510472,1.0,7,-11.0,False
2019,7,4,SEA,BAL,0.1018872228259132,1.0,0,-14.0,False
2019,7,4,DAL,PHI,-0.0104301573809593,1.0,0,27.0,True
2019,7,4,NYJ,NE,-0.2121701261223603,1.0,-3,-33.0,False
2019,7,6,DEN,KC,-0.0632830779302436,1.0,0,-24.0,False
2019,7,6,ATL,LA,-0.0467469631574748,1.0,0,-27.0,False
2019,7,6,BUF,MIA,0.4323653676619937,1.0,7,10.0,True
2019,7,6,CIN,JAX,-0.1860114743914895,1.0,0,-10.0,False
2019,7,6,DET,MIN,0.0358452848421114,1.0,-1,-12.0,False
2019,7,6,IND,HOU,-0.1001412166266656,1.0,7,7.0,True
2019,7,6,NYG,ARI,0.078659996742787,1.0,3,-6.0,False
2019,7,6,WAS,SF,-0.2331444871641549,1.0,0,-9.0,False
2019,7,6,TEN,LAC,-0.1000402331087614,1.0,0,3.0,True
2019,7,6,CHI,NO,-0.109666088085357,1.0,7,-11.0,False
2019,7,6,SEA,BAL,0.0900965877773235,1.0,0,-14.0,False
2019,7,6,DAL,PHI,0.0162966203140241,1.0,0,27.0,True
2019,7,6,NYJ,NE,-0.2285398463076367,1.0,-3,-33.0,False
2019,7,10,DEN,KC,-0.0996986155154373,1.0,0,-24.0,False
2019,7,10,ATL,LA,-0.0532410343100014,1.0,0,-27.0,False
2019,7,10,BUF,MIA,0.424797016562605,1.0,7,10.0,True
2019,7,10,CIN,JAX,-0.1796036291085746,1.0,0,-10.0,False
2019,7,10,DET,MIN,0.0395370510524988,1.0,-1,-12.0,False
2019,7,10,IND,HOU,-0.0930115728323157,1.0,7,7.0,True
2019,7,10,NYG,ARI,0.0833336341323262,1.0,3,-6.0,False
2019,7,10,WAS,SF,-0.2510253792417269,1.0,0,-9.0,False
2019,7,10,TEN,LAC,-0.0990476988424322,1.0,0,3.0,True
2019,7,10,CHI,NO,-0.0960480036315858,1.0,7,-11.0,False
2019,7,10,SEA,BAL,0.0779810453766841,1.0,0,-14.0,False
2019,7,10,DAL,PHI,0.0384376898903345,1.0,0,27.0,True
2019,7,10,NYJ,NE,-0.2404709270586198,1.0,-3,-33.0,False
2019,7,20,DEN,KC,-0.127146666254155,1.0,0,-24.0,False
2019,7,20,ATL,LA,-0.0582379004550407,1.0,0,-27.0,False
2019,7,20,BUF,MIA,0.4199637446890663,1.0,7,10.0,True
2019,7,20,CIN,JAX,-0.1741230117821009,1.0,0,-10.0,False
2019,7,20,DET,MIN,0.0419718184518081,1.0,-1,-12.0,False
2019,7,20,IND,HOU,-0.0868366207166372,1.0,7,7.0,True
2019,7,20,NYG,ARI,0.086480577596667,1.0,3,-6.0,False
2019,7,20,WAS,SF,-0.2634659421681584,1.0,0,-9.0,False
2019,7,20,TEN,LAC,-0.0983075312014406,1.0,0,3.0,True
2019,7,20,CHI,NO,-0.0869236723038466,1.0,7,-11.0,False
2019,7,20,SEA,BAL,0.0673027323806819,1.0,0,-14.0,False
2019,7,20,DAL,PHI,0.0553696716029355,1.0,0,27.0,True
2019,7,20,NYJ,NE,-0.2486418630216905,1.0,-3,-33.0,False
2019,7,50,DEN,KC,-0.1436151688699166,1.0,0,-24.0,False
2019,7,50,ATL,LA,-0.0612901887672796,1.0,0,-27.0,False
2019,7,50,BUF,MIA,0.4174392019534561,1.0,7,10.0,True
2019,7,50,CIN,JAX,-0.1705580916234628,1.0,0,-10.0,False
2019,7,50,DET,MIN,0.0432908446703085,1.0,-1,-12.0,False
2019,7,50,IND,HOU,-0.082816543886005,1.0,7,7.0,True
2019,7,50,NYG,ARI,0.0882011833812835,1.0,3,-6.0,False
2019,7,50,WAS,SF,-0.2704874305358545,1.0,0,-9.0,False
2019,7,50,TEN,LAC,-0.097871451380124,1.0,0,3.0,True
2019,7,50,CHI,NO,-0.0819199906129144,1.0,7,-11.0,False
2019,7,50,SEA,BAL,0.0602394002776423,1.0,0,-14.0,False
2019,7,50,DAL,PHI,0.0656255495078336,1.0,0,27.0,True
2019,7,50,NYJ,NE,-0.2532027698799226,1.0,-3,-33.0,False
2019,7,100,DEN,KC,-0.1490987345315955,1.0,0,-24.0,False
2019,7,100,ATL,LA,-0.0623167976416703,1.0,0,-27.0,False
2019,7,100,BUF,MIA,0.4166629491105253,1.0,7,10.0,True
2019,7,100,CIN,JAX,-0.1693240176357931,1.0,0,-10.0,False
2019,7,100,DET,MIN,0.0437066378349656,1.0,-1,-12.0,False
2019,7,100,IND,HOU,-0.0814269092308729,1.0,7,7.0,True
2019,7,100,NYG,ARI,0.0887448709188586,1.0,3,-6.0,False
2019,7,100,WAS,SF,-0.2727500761764566,1.0,0,-9.0,False
2019,7,100,TEN,LAC,-0.0977280402180039,1.0,0,3.0,True
2019,7,100,CHI,NO,-0.0803324979871018,1.0,7,-11.0,False
2019,7,100,SEA,BAL,0.0577758743721995,1.0,0,-14.0,False
2019,7,100,DAL,PHI,0.0690563503481345,1.0,0,27.0,True
2019,7,100,NYJ,NE,-0.2546644631166159,1.0,-3,-33.0,False
2019,8,2,MIN,WAS,0.0213965295908983,1.0,0,10.0,True
2019,8,2,ATL,SEA,-0.1517486080742646,1.0,0,-7.0,False
2019,8,2,BUF,PHI,0.0976547428013961,1.0,0,-18.0,False
2019,8,2,CHI,LAC,-0.1009413503586745,1.0,0,-1.0,False
2019,8,2,DET,NYG,0.2031307722269779,1.0,0,5.0,True
2019,8,2,IND,DEN,-0.0754615763387525,1.0,-3,2.0,True
2019,8,2,JAX,NYJ,0.3551499242177734,1.0,1,14.0,True
2019,8,2,LA,CIN,0.3397487186897496,0.0,0,14.0,True
2019,8,2,NO,ARI,0.2548486587213491,1.0,0,22.0,True
2019,8,2,TEN,TB,-0.0038866747741187,1.0,-7,4.0,True
2019,8,2,SF,CAR,-0.1706441168663679,1.0,-7,38.0,True
2019,8,2,NE,CLE,0.1984133252089326,1.0,-8,14.0,True
2019,8,2,KC,GB,0.0287753288051309,1.0,3,-7.0,False
2019,8,2,PIT,MIA,0.4390248120623674,1.0,7,13.0,True
2019,8,4,MIN,WAS,0.1098152701609643,1.0,0,10.0,True
2019,8,4,ATL,SEA,-0.1492062263870054,1.0,0,-7.0,False
2019,8,4,BUF,PHI,0.0494784207640785,1.0,0,-18.0,False
2019,8,4,CHI,LAC,-0.0166077245987587,1.0,0,-1.0,False
2019,8,4,DET,NYG,0.227220757792631,1.0,0,5.0,True
2019,8,4,IND,DEN,-0.074400092495437,1.0,-3,2.0,True
2019,8,4,JAX,NYJ,0.2988573791807428,1.0,1,14.0,True
2019,8,4,LA,CIN,0.2570316673298182,0.0,0,14.0,True
2019,8,4,NO,ARI,0.2706670523197736,1.0,0,22.0,True
2019,8,4,TEN,TB,-0.0713871379029051,1.0,-7,4.0,True
2019,8,4,SF,CAR,-0.0782225580530249,1.0,-7,38.0,True
2019,8,4,NE,CLE,0.1677921365689103,1.0,-8,14.0,True
2019,8,4,KC,GB,0.0298723949037897,1.0,3,-7.0,False
2019,8,4,PIT,MIA,0.4115773427585403,1.0,7,13.0,True
2019,8,6,MIN,WAS,0.1414694911599505,1.0,0,10.0,True
2019,8,6,ATL,SEA,-0.1445776506853828,1.0,0,-7.0,False
2019,8,6,BUF,PHI,0.033011337923291,1.0,0,-18.0,False
2019,8,6,CHI,LAC,0.0054156942451692,1.0,0,-1.0,False
2019,8,6,DET,NYG,0.2397597640119844,1.0,0,5.0,True
2019,8,6,IND,DEN,-0.0663792674971636,1.0,-3,2.0,True
2019,8,6,JAX,NYJ,0.2782017522959258,1.0,1,14.0,True
2019,8,6,LA,CIN,0.2316678795266496,0.0,0,14.0,True
2019,8,6,NO,ARI,0.2788689506959571,1.0,0,22.0,True
2019,8,6,TEN,TB,-0.089205077849315,1.0,-7,4.0,True
2019,8,6,SF,CAR,-0.048234067666392,1.0,-7,38.0,True
2019,8,6,NE,CLE,0.1627959690745328,1.0,-8,14.0,True
2019,8,6,KC,GB,0.0333571641602318,1.0,3,-7.0,False
2019,8,6,PIT,MIA,0.4033186010664557,1.0,7,13.0,True
2019,8,10,MIN,WAS,0.1668588668316298,1.0,0,10.0,True
2019,8,10,ATL,SEA,-0.1393230647023496,1.0,0,-7.0,False
2019,8,10,BUF,PHI,0.0198179814639106,1.0,0,-18.0,False
2019,8,10,CHI,LAC,0.020155482994577,1.0,0,-1.0,False
2019,8,10,DET,NYG,0.2515265805218466,1.0,0,5.0,True
2019,8,10,IND,DEN,-0.0571825801929805,1.0,-3,2.0,True
2019,8,10,JAX,NYJ,0.2608238530376206,1.0,1,14.0,True
2019,8,10,LA,CIN,0.2124547222782041,0.0,0,14.0,True
2019,8,10,NO,ARI,0.2865391962274604,1.0,0,22.0,True
2019,8,10,TEN,TB,-0.101515303641368,1.0,-7,4.0,True
2019,8,10,SF,CAR,-0.0250330462876211,1.0,-7,38.0,True
2019,8,10,NE,CLE,0.160844611169793,1.0,-8,14.0,True
2019,8,10,KC,GB,0.0372406053395897,1.0,3,-7.0,False
2019,8,10,PIT,MIA,0.3973443998852,1.0,7,13.0,True
2019,8,20,MIN,WAS,0.1856897382979216,1.0,0,10.0,True
2019,8,20,ATL,SEA,-0.1344674534121464,1.0,0,-7.0,False
2019,8,20,BUF,PHI,0.0099529121670496,1.0,0,-18.0,False
2019,8,20,CHI,LAC,0.0294162477961496,1.0,0,-1.0,False
2019,8,20,DET,NYG,0.2613587088258438,1.0,0,5.0,True
2019,8,20,IND,DEN,-0.0487352338006486,1.0,-3,2.0,True
2019,8,20,JAX,NYJ,0.2472883242118136,1.0,1,14.0,True
2019,8,20,LA,CIN,0.1987390072759477,0.0,0,14.0,True
2019,8,20,NO,ARI,0.2929267124192866,1.0,0,22.0,True
2019,8,20,TEN,TB,-0.1095796537902979,1.0,-7,4.0,True
2019,8,20,SF,CAR,-0.0082339586238675,1.0,-7,38.0,True
2019,8,20,NE,CLE,0.1605769596076841,1.0,-8,14.0,True
2019,8,20,KC,GB,0.0407525892995351,1.0,3,-7.0,False
2019,8,20,PIT,MIA,0.3933242622448099,1.0,7,13.0,True
2019,8,50,MIN,WAS,0.1968241575631254,1.0,0,10.0,True
2019,8,50,ATL,SEA,-0.1311835987370126,1.0,0,-7.0,False
2019,8,50,BUF,PHI,0.0040585602346897,1.0,0,-18.0,False
2019,8,50,CHI,LAC,0.0342157585459266,1.0,0,-1.0,False
2019,8,50,DET,NYG,0.2676643670680833,1.0,0,5.0,True
2019,8,50,IND,DEN,-0.0430628283937751,1.0,-3,2.0,True
2019,8,50,JAX,NYJ,0.2389681639754916,1.0,1,14.0,True
2019,8,50,LA,CIN,0.1908106912115239,0.0,0,14.0,True
2019,8,50,NO,ARI,0.2970121893481673,1.0,0,22.0,True
2019,8,50,TEN,TB,-0.1139342404360193,1.0,-7,4.0,True
2019,8,50,SF,CAR,0.0015591913170657,1.0,-7,38.0,True
2019,8,50,NE,CLE,0.1609007024848027,1.0,-8,14.0,True
2019,8,50,KC,GB,0.0430894401179286,1.0,3,-7.0,False
2019,8,50,PIT,MIA,0.3911282575935265,1.0,7,13.0,True
2019,8,100,MIN,WAS,0.2005004389716991,1.0,0,10.0,True
2019,8,100,ATL,SEA,-0.1300284582031103,1.0,0,-7.0,False
2019,8,100,BUF,PHI,0.002099120144271,1.0,0,-18.0,False
2019,8,100,CHI,LAC,0.0356886278439714,1.0,0,-1.0,False
2019,8,100,DET,NYG,0.2698327452457789,1.0,0,5.0,True
2019,8,100,IND,DEN,-0.0410755786829193,1.0,-3,2.0,True
2019,8,100,JAX,NYJ,0.2361630647191068,1.0,1,14.0,True
2019,8,100,LA,CIN,0.1882193521148978,0.0,0,14.0,True
2019,8,100,NO,ARI,0.298415020626302,1.0,0,22.0,True
2019,8,100,TEN,TB,-0.1153052389681476,1.0,-7,4.0,True
2019,8,100,SF,CAR,0.0047722642724211,1.0,-7,38.0,True
2019,8,100,NE,CLE,0.16108794893337,1.0,-8,14.0,True
2019,8,100,KC,GB,0.0439046038786609,1.0,3,-7.0,False
2019,8,100,PIT,MIA,0.3904348889553923,1.0,7,13.0,True
2019,9,2,ARI,SF,-0.1243718544800459,1.0,0,-3.0,False
2019,9,2,JAX,HOU,0.1560178054341712,0.0,0,-23.0,False
2019,9,2,BUF,WAS,0.0407644969113213,1.0,-3,15.0,True
2019,9,2,CAR,TEN,-0.0166065957451644,1.0,0,10.0,True
2019,9,2,KC,MIN,-0.0030995909750619,1.0,-3,3.0,True
2019,9,2,MIA,NYJ,0.0896260265097746,1.0,-1,8.0,True
2019,9,2,PHI,CHI,0.2545079251676053,1.0,0,8.0,True
2019,9,2,PIT,IND,0.118626752890707,1.0,-1,2.0,True
2019,9,2,SEA,TB,0.2192865310198694,1.0,0,6.0,True
2019,9,2,DEN,CLE,0.0137750525169723,1.0,0,5.0,True
2019,9,2,LAC,GB,-0.0497546669681314,1.0,0,15.0,True
2019,9,2,BAL,NE,0.0280770803601618,1.0,7,17.0,True
2019,9,2,NYG,DAL,-0.2234071375732871,1.0,-7,-19.0,False
2019,9,4,ARI,SF,-0.1679602056064475,1.0,0,-3.0,False
2019,9,4,JAX,HOU,0.0636811534803317,0.0,0,-23.0,False
2019,9,4,BUF,WAS,0.0681600078911229,1.0,-3,15.0,True
2019,9,4,CAR,TEN,0.0692637211279203,1.0,0,10.0,True
2019,9,4,KC,MIN,0.0193241390835814,1.0,-3,3.0,True
2019,9,4,MIA,NYJ,0.0258787758388926,1.0,-1,8.0,True
2019,9,4,PHI,CHI,0.179295591749107,1.0,0,8.0,True
2019,9,4,PIT,IND,0.1182157002086046,1.0,-1,2.0,True
2019,9,4,SEA,TB,0.1625698067792924,1.0,0,6.0,True
2019,9,4,DEN,CLE,0.011261867877606,1.0,0,5.0,True
2019,9,4,LAC,GB,-0.1211018591320538,1.0,0,15.0,True
2019,9,4,BAL,NE,-0.0224129161182794,1.0,7,17.0,True
2019,9,4,NYG,DAL,-0.2138360499428264,1.0,-7,-19.0,False
2019,9,6,ARI,SF,-0.1890401540859411,1.0,0,-3.0,False
2019,9,6,JAX,HOU,0.0374516516033526,0.0,0,-23.0,False
2019,9,6,BUF,WAS,0.0804735434178793,1.0,-3,15.0,True
2019,9,6,CAR,TEN,0.0868733890429703,1.0,0,10.0,True
2019,9,6,KC,MIN,0.0299509289170754,1.0,-3,3.0,True
2019,9,6,MIA,NYJ,-0.0002033078206605,1.0,-1,8.0,True
2019,9,6,PHI,CHI,0.1493386299680388,1.0,0,8.0,True
2019,9,6,PIT,IND,0.112827891508634,1.0,-1,2.0,True
2019,9,6,SEA,TB,0.1381535214537136,1.0,0,6.0,True
2019,9,6,DEN,CLE,0.0005569360477832,1.0,0,5.0,True
2019,9,6,LAC,GB,-0.1402597751109164,1.0,0,15.0,True
2019,9,6,BAL,NE,-0.0382782896114228,1.0,7,17.0,True
2019,9,6,NYG,DAL,-0.2169762988291966,1.0,-7,-19.0,False
2019,9,10,ARI,SF,-0.2077618637437361,1.0,0,-3.0,False
2019,9,10,JAX,HOU,0.0189468854502418,0.0,0,-23.0,False
2019,9,10,BUF,WAS,0.0907185533190094,1.0,-3,15.0,True
2019,9,10,CAR,TEN,0.0968128140402534,1.0,0,10.0,True
2019,9,10,KC,MIN,0.0393817144319278,1.0,-3,3.0,True
2019,9,10,MIA,NYJ,-0.0231307399826174,1.0,-1,8.0,True
2019,9,10,PHI,CHI,0.1249049636432967,1.0,0,8.0,True
2019,9,10,PIT,IND,0.1063597228354564,1.0,-1,2.0,True
2019,9,10,SEA,TB,0.1170893342720427,1.0,0,6.0,True
2019,9,10,DEN,CLE,-0.0116750395904185,1.0,0,5.0,True
2019,9,10,LAC,GB,-0.1533045982223915,1.0,0,15.0,True
2019,9,10,BAL,NE,-0.050187698622061,1.0,7,17.0,True
2019,9,10,NYG,DAL,-0.2222451275773658,1.0,-7,-19.0,False
2019,9,20,ARI,SF,-0.2226527464168651,1.0,0,-3.0,False
2019,9,20,JAX,HOU,0.0066927952005051,0.0,0,-23.0,False
2019,9,20,BUF,WAS,0.0983563407036473,1.0,-3,15.0,True
2019,9,20,CAR,TEN,0.1019052709069509,1.0,0,10.0,True
2019,9,20,KC,MIN,0.0468619140785831,1.0,-3,3.0,True
2019,9,20,MIA,NYJ,-0.0415909560743683,1.0,-1,8.0,True
2019,9,20,PHI,CHI,0.1067751252048039,1.0,0,8.0,True
2019,9,20,PIT,IND,0.1002303103663814,1.0,-1,2.0,True
2019,9,20,SEA,TB,0.1005832079622892,1.0,0,6.0,True
2019,9,20,DEN,CLE,-0.0228846952716412,1.0,0,5.0,True
2019,9,20,LAC,GB,-0.1616395700385625,1.0,0,15.0,True
2019,9,20,BAL,NE,-0.0585107397941749,1.0,7,17.0,True
2019,9,20,NYG,DAL,-0.2279019294673838,1.0,-7,-19.0,False
2019,9,50,ARI,SF,-0.2318562961277712,1.0,0,-3.0,False
2019,9,50,JAX,HOU,4.619391860768984e-05,0.0,0,-23.0,False
2019,9,50,BUF,WAS,0.1028331560585397,1.0,-3,15.0,True
2019,9,50,CAR,TEN,0.1040227247219588,1.0,0,10.0,True
2019,9,50,KC,MIN,0.0514669540653644,1.0,-3,3.0,True
2019,9,50,MIA,NYJ,-0.0531968535274976,1.0,-1,8.0,True
2019,9,50,PHI,CHI,0.096118970746238,1.0,0,8.0,True
2019,9,50,PIT,IND,0.0960323743255758,1.0,-1,2.0,True
2019,9,50,SEA,TB,0.090447591132047,1.0,0,6.0,True
2019,9,50,DEN,CLE,-0.030394974205854,1.0,0,5.0,True
2019,9,50,LAC,GB,-0.1660227505509186,1.0,0,15.0,True
2019,9,50,BAL,NE,-0.0632051833881992,1.0,7,17.0,True
2019,9,50,NYG,DAL,-0.2320163127558888,1.0,-7,-19.0,False
2019,9,100,ARI,SF,-0.2349602759340477,1.0,0,-3.0,False
2019,9,100,JAX,HOU,-0.0020491445982224,0.0,0,-23.0,False
2019,9,100,BUF,WAS,0.1042988730340008,1.0,-3,15.0,True
2019,9,100,CAR,TEN,0.1045767233856546,1.0,0,10.0,True
2019,9,100,KC,MIN,0.0530157373823678,1.0,-3,3.0,True
2019,9,100,MIA,NYJ,-0.057153979119311,1.0,-1,8.0,True
2019,9,100,PHI,CHI,0.0926177687138998,1.0,0,8.0,True
2019,9,100,PIT,IND,0.094547765917075,1.0,-1,2.0,True
2019,9,100,SEA,TB,0.0870365425671041,1.0,0,6.0,True
2019,9,100,DEN,CLE,-0.0330223219663585,1.0,0,5.0,True
2019,9,100,LAC,GB,-0.1673796480137155,1.0,0,15.0,True
2019,9,100,BAL,NE,-0.0647149724876673,1.0,7,17.0,True
2019,9,100,NYG,DAL,-0.2335088833108077,1.0,-7,-19.0,False
2019,10,2,CHI,DET,-0.255396216934864,1.0,0,7.0,True
2019,10,2,CIN,BAL,-0.5637905222417614,1.0,7,-36.0,False
2019,10,2,CLE,BUF,-0.0394740565027378,1.0,0,3.0,True
2019,10,2,NO,ATL,0.3690812138268378,1.0,0,-17.0,False
2019,10,2,NYJ,NYG,-0.0914776929521402,1.0,1,7.0,True
2019,10,2,TB,ARI,-0.1996964660346437,1.0,-3,3.0,True
2019,10,2,TEN,KC,-0.2364811339310885,1.0,0,3.0,True
2019,10,2,IND,MIA,0.169268385565598,1.0,0,-4.0,False
2019,10,2,GB,CAR,-0.122068931412456,1.0,0,8.0,True
2019,10,2,PIT,LA,-0.1846145366063816,1.0,-7,5.0,True
2019,10,2,DAL,MIN,0.1700405471104058,1.0,-1,-4.0,False
2019,10,2,SF,SEA,-0.0539311933898193,1.0,3,-3.0,False
2019,10,4,CHI,DET,-0.2244371247113324,1.0,0,7.0,True
2019,10,4,CIN,BAL,-0.4167494396792116,1.0,7,-36.0,False
2019,10,4,CLE,BUF,-0.0172794264987533,1.0,0,3.0,True
2019,10,4,NO,ATL,0.3013343209454071,1.0,0,-17.0,False
2019,10,4,NYJ,NYG,-0.1133264351252605,1.0,1,7.0,True
2019,10,4,TB,ARI,-0.0858983533085426,1.0,-3,3.0,True
2019,10,4,TEN,KC,-0.2376236350476033,1.0,0,3.0,True
2019,10,4,IND,MIA,0.1901120224689239,1.0,0,-4.0,False
2019,10,4,GB,CAR,-0.0365706454498684,1.0,0,8.0,True
2019,10,4,PIT,LA,-0.0878974641393146,1.0,-7,5.0,True
2019,10,4,DAL,MIN,0.1030420293287924,1.0,-1,-4.0,False
2019,10,4,SF,SEA,-0.0083641447058744,1.0,3,-3.0,False
2019,10,6,CHI,DET,-0.212986308158866,1.0,0,7.0,True
2019,10,6,CIN,BAL,-0.3686681684136976,1.0,7,-36.0,False
2019,10,6,CLE,BUF,-0.0058645714548076,1.0,0,3.0,True
2019,10,6,NO,ATL,0.2741297130859925,1.0,0,-17.0,False
2019,10,6,NYJ,NYG,-0.1183095034360998,1.0,1,7.0,True
2019,10,6,TB,ARI,-0.0361073665074329,1.0,-3,3.0,True
2019,10,6,TEN,KC,-0.2394034591382722,1.0,0,3.0,True
2019,10,6,IND,MIA,0.1989203926413988,1.0,0,-4.0,False
2019,10,6,GB,CAR,-0.0068117984264924,1.0,0,8.0,True
2019,10,6,PIT,LA,-0.0696316233467828,1.0,-7,5.0,True
2019,10,6,DAL,MIN,0.0891391978026056,1.0,-1,-4.0,False
2019,10,6,SF,SEA,0.006161351363915,1.0,3,-3.0,False
2019,10,10,CHI,DET,-0.2046029750542094,1.0,0,7.0,True
2019,10,10,CIN,BAL,-0.3319510586101489,1.0,7,-36.0,False
2019,10,10,CLE,BUF,0.0045687902146979,1.0,0,3.0,True
2019,10,10,NO,ATL,0.2514441903942582,1.0,0,-17.0,False
2019,10,10,NYJ,NYG,-0.1205336976300537,1.0,1,7.0,True
2019,10,10,TB,ARI,0.0070685526600036,1.0,-3,3.0,True
2019,10,10,TEN,KC,-0.2413320047157462,1.0,0,3.0,True
2019,10,10,IND,MIA,0.2074257365097443,1.0,0,-4.0,False
2019,10,10,GB,CAR,0.0170238969831014,1.0,0,8.0,True
2019,10,10,PIT,LA,-0.061298865836473,1.0,-7,5.0,True
2019,10,10,DAL,MIN,0.0819206101728036,1.0,-1,-4.0,False
2019,10,10,SF,SEA,0.0172645463626617,1.0,3,-3.0,False
2019,10,20,CHI,DET,-0.1992038973581328,1.0,0,7.0,True
2019,10,20,CIN,BAL,-0.305848494935968,1.0,7,-36.0,False
2019,10,20,CLE,BUF,0.0130203867046351,1.0,0,3.0,True
2019,10,20,NO,ATL,0.2341882554892322,1.0,0,-17.0,False
2019,10,20,NYJ,NYG,-0.1208790659218165,1.0,1,7.0,True
2019,10,20,TB,ARI,0.0408820950675231,1.0,-3,3.0,True
2019,10,20,TEN,KC,-0.2430370220987711,1.0,0,3.0,True
2019,10,20,IND,MIA,0.2148979605469079,1.0,0,-4.0,False
2019,10,20,GB,CAR,0.0347023195829307,1.0,0,8.0,True
2019,10,20,PIT,LA,-0.0588199950184811,1.0,-7,5.0,True
2019,10,20,DAL,MIN,0.0788548278925791,1.0,-1,-4.0,False
2019,10,20,SF,SEA,0.0252321411555411,1.0,3,-3.0,False
2019,10,50,CHI,DET,-0.1964591694815144,1.0,0,7.0,True
2019,10,50,CIN,BAL,-0.2908951709235745,1.0,7,-36.0,False
2019,10,50,CLE,BUF,0.0182968679252477,1.0,0,3.0,True
2019,10,50,NO,ATL,0.2238321447566491,1.0,0,-17.0,False
2019,10,50,NYJ,NYG,-0.1204602326306742,1.0,1,7.0,True
2019,10,50,TB,ARI,0.0615750718436953,1.0,-3,3.0,True
2019,10,50,TEN,KC,-0.2441496305317915,1.0,0,3.0,True
2019,10,50,IND,MIA,0.21989581214658,1.0,0,-4.0,False
2019,10,50,GB,CAR,0.0451554627727071,1.0,0,8.0,True
2019,10,50,PIT,LA,-0.0588692823476833,1.0,-7,5.0,True
2019,10,50,DAL,MIN,0.077968599794296,1.0,-1,-4.0,False
2019,10,50,SF,SEA,0.029854620043328,1.0,3,-3.0,False
2019,10,100,CHI,DET,-0.1956390678133262,1.0,0,7.0,True
2019,10,100,CIN,BAL,-0.2860399782272474,1.0,7,-36.0,False
2019,10,100,CLE,BUF,0.0200839258764805,1.0,0,3.0,True
2019,10,100,NO,ATL,0.2203898905756315,1.0,0,-17.0,False
2019,10,100,NYJ,NYG,-0.1202088382990893,1.0,1,7.0,True
2019,10,100,TB,ARI,0.0685201337555962,1.0,-3,3.0,True
2019,10,100,TEN,KC,-0.2445333347572264,1.0,0,3.0,True
2019,10,100,IND,MIA,0.2216531714581822,1.0,0,-4.0,False
2019,10,100,GB,CAR,0.0486066449070018,1.0,0,8.0,True
2019,10,100,PIT,LA,-0.0591370906024156,1.0,-7,5.0,True
2019,10,100,DAL,MIN,0.0778283892529455,1.0,-1,-4.0,False
2019,10,100,SF,SEA,0.0313686902220449,1.0,3,-3.0,False
2019,11,2,CLE,PIT,0.0379839218618505,1.0,0,14.0,True
2019,11,2,BAL,HOU,0.157014724728664,1.0,-7,34.0,True
2019,11,2,CAR,ATL,-0.0216940588814027,1.0,0,-26.0,False
2019,11,2,DET,DAL,-0.258692706030474,1.0,0,-8.0,False
2019,11,2,IND,JAX,0.0266010206432385,1.0,-7,20.0,True
2019,11,2,MIA,BUF,0.1757654865178748,1.0,0,-17.0,False
2019,11,2,MIN,DEN,-0.0452664022052954,1.0,-7,4.0,True
2019,11,2,TB,NO,-0.1960980568385211,1.0,0,-17.0,False
2019,11,2,WAS,NYJ,0.2042742764111266,1.0,7,-17.0,False
2019,11,2,SF,ARI,-0.15173830838522,1.0,-1,10.0,True
2019,11,2,PHI,NE,0.2061447074229775,1.0,0,-7.0,False
2019,11,2,LA,CHI,0.2214743889142176,1.0,0,10.0,True
2019,11,2,LAC,KC,-0.1933708143032898,0.0,3,-7.0,False
2019,11,4,CLE,PIT,0.0125048179116602,1.0,0,14.0,True
2019,11,4,BAL,HOU,0.0949971515732863,1.0,-7,34.0,True
2019,11,4,CAR,ATL,0.0470577991983208,1.0,0,-26.0,False
2019,11,4,DET,DAL,-0.1854309416421072,1.0,0,-8.0,False
2019,11,4,IND,JAX,-0.0215325567158897,1.0,-7,20.0,True
2019,11,4,MIA,BUF,0.0093779796662633,1.0,0,-17.0,False
2019,11,4,MIN,DEN,0.0104419394161321,1.0,-7,4.0,True
2019,11,4,TB,NO,-0.2242337057153068,1.0,0,-17.0,False
2019,11,4,WAS,NYJ,0.1752072978933493,1.0,7,-17.0,False
2019,11,4,SF,ARI,-0.016992299712192,1.0,-1,10.0,True
2019,11,4,PHI,NE,0.0618325965294253,1.0,0,-7.0,False
2019,11,4,LA,CHI,0.1771547099651955,1.0,0,10.0,True
2019,11,4,LAC,KC,-0.2058930213355797,0.0,3,-7.0,False
2019,11,6,CLE,PIT,0.0144822066762802,1.0,0,14.0,True
2019,11,6,BAL,HOU,0.0785714936253905,1.0,-7,34.0,True
2019,11,6,CAR,ATL,0.0626533116186219,1.0,0,-26.0,False
2019,11,6,DET,DAL,-0.1567381795441808,1.0,0,-8.0,False
2019,11,6,IND,JAX,-0.0407594244626001,1.0,-7,20.0,True
2019,11,6,MIA,BUF,-0.0560576293280416,1.0,0,-17.0,False
2019,11,6,MIN,DEN,0.0336481250806855,1.0,-7,4.0,True
2019,11,6,TB,NO,-0.2201279020050013,1.0,0,-17.0,False
2019,11,6,WAS,NYJ,0.1595347710507558,1.0,7,-17.0,False
2019,11,6,SF,ARI,0.0399815468551845,1.0,-1,10.0,True
2019,11,6,PHI,NE,0.0088471507492416,1.0,0,-7.0,False
2019,11,6,LA,CHI,0.1508648101826777,1.0,0,10.0,True
2019,11,6,LAC,KC,-0.2123937889620145,0.0,3,-7.0,False
2019,11,10,CLE,PIT,0.020958630869441,1.0,0,14.0,True
2019,11,10,BAL,HOU,0.0689330679792695,1.0,-7,34.0,True
2019,11,10,CAR,ATL,0.0713497743095692,1.0,0,-26.0,False
2019,11,10,DET,DAL,-0.1335480823408323,1.0,0,-8.0,False
2019,11,10,IND,JAX,-0.0570052616375679,1.0,-7,20.0,True
2019,11,10,MIA,BUF,-0.1107328749093621,1.0,0,-17.0,False
2019,11,10,MIN,DEN,0.0541149635161667,1.0,-7,4.0,True
2019,11,10,TB,NO,-0.2115102045806107,1.0,0,-17.0,False
2019,11,10,WAS,NYJ,0.1449867238242723,1.0,7,-17.0,False
2019,11,10,SF,ARI,0.0885889188770528,1.0,-1,10.0,True
2019,11,10,PHI,NE,-0.0343518886990649,1.0,0,-7.0,False
2019,11,10,LA,CHI,0.1270499371860511,1.0,0,10.0,True
2019,11,10,LAC,KC,-0.2183004332412357,0.0,3,-7.0,False
2019,11,20,CLE,PIT,0.0287371700335629,1.0,0,14.0,True
2019,11,20,BAL,HOU,0.0642546869178262,1.0,-7,34.0,True
2019,11,20,CAR,ATL,0.0755343234946838,1.0,0,-26.0,False
2019,11,20,DET,DAL,-0.1165118305602475,1.0,0,-8.0,False
2019,11,20,IND,JAX,-0.0694634067561326,1.0,-7,20.0,True
2019,11,20,MIA,BUF,-0.152533496508511,1.0,0,-17.0,False
2019,11,20,MIN,DEN,0.0705654831664264,1.0,-7,4.0,True
2019,11,20,TB,NO,-0.2021936653791123,1.0,0,-17.0,False
2019,11,20,WAS,NYJ,0.1330463879965621,1.0,7,-17.0,False
2019,11,20,SF,ARI,0.1260686088182452,1.0,-1,10.0,True
2019,11,20,PHI,NE,-0.0668476713606842,1.0,0,-7.0,False
2019,11,20,LA,CHI,0.1082876738486902,1.0,0,10.0,True
2019,11,20,LAC,KC,-0.2230438296430531,0.0,3,-7.0,False
2019,11,50,CLE,PIT,0.0345710177792008,1.0,0,14.0,True
2019,11,50,BAL,HOU,0.0626231978142346,1.0,-7,34.0,True
2019,11,50,CAR,ATL,0.0770858889137819,1.0,0,-26.0,False
2019,11,50,DET,DAL,-0.1065864876882664,1.0,0,-8.0,False
2019,11,50,IND,JAX,-0.0769609413913549,1.0,-7,20.0,True
2019,11,50,MIA,BUF,-0.1777539801327918,1.0,0,-17.0,False
2019,11,50,MIN,DEN,0.080871926398825,1.0,-7,4.0,True
2019,11,50,TB,NO,-0.1955710405402202,1.0,0,-17.0,False
2019,11,50,WAS,NYJ,0.125517141171899,1.0,7,-17.0,False
2019,11,50,SF,ARI,0.1487126231001244,1.0,-1,10.0,True
2019,11,50,PHI,NE,-0.0862639480092521,1.0,0,-7.0,False
2019,11,50,LA,CHI,0.0969121809756702,1.0,0,10.0,True
2019,11,50,LAC,KC,-0.2259798935631453,0.0,3,-7.0,False
2019,11,100,CLE,PIT,0.0367026327921074,1.0,0,14.0,True
2019,11,100,BAL,HOU,0.0622858790500042,1.0,-7,34.0,True
2019,11,100,CAR,ATL,0.0774465146384489,1.0,0,-26.0,False
2019,11,100,DET,DAL,-0.1033420693655361,1.0,0,-8.0,False
2019,11,100,IND,JAX,-0.079453660351859,1.0,-7,20.0,True
2019,11,100,MIA,BUF,-0.1861646538634592,1.0,0,-17.0,False
2019,11,100,MIN,DEN,0.0843774715842007,1.0,-7,4.0,True
2019,11,100,TB,NO,-0.1932095933614084,1.0,0,-17.0,False
2019,11,100,WAS,NYJ,0.1229535149584188,1.0,7,-17.0,False
2019,11,100,SF,ARI,0.1562578667968537,1.0,-1,10.0,True
2019,11,100,PHI,NE,-0.092710017004653,1.0,0,-7.0,False
2019,11,100,LA,CHI,0.0931277950160087,1.0,0,10.0,True
2019,11,100,LAC,KC,-0.2269690677584085,0.0,3,-7.0,False
2019,12,2,HOU,IND,-0.1548122198180418,1.0,0,3.0,True
2019,12,2,ATL,TB,0.3744166381847649,1.0,0,-13.0,False
2019,12,2,BUF,DEN,-0.0044175422729483,1.0,0,17.0,True
2019,12,2,CHI,NYG,0.0294733203508141,1.0,-7,5.0,True
2019,12,2,CIN,PIT,-0.1120170117727598,1.0,-3,-6.0,False
2019,12,2,CLE,MIA,0.2599398168426989,1.0,3,17.0,True
2019,12,2,NO,CAR,0.3815141990680128,1.0,0,3.0,True
2019,12,2,PHI,SEA,0.0568642600909345,1.0,-6,-8.0,False
2019,12,2,WAS,DET,-0.1472906657504179,1.0,0,3.0,True
2019,12,2,TEN,JAX,0.1347119463991953,1.0,7,22.0,True
2019,12,2,NE,DAL,-0.3046543079017676,1.0,0,4.0,True
2019,12,2,SF,GB,-0.057419771917072,1.0,-7,29.0,True
2019,12,2,LA,BAL,-0.412393165403246,1.0,0,-39.0,False
2019,12,4,HOU,IND,0.0078733512208786,1.0,0,3.0,True
2019,12,4,ATL,TB,0.2015890464991421,1.0,0,-13.0,False
2019,12,4,BUF,DEN,-0.0334854508232232,1.0,0,17.0,True
2019,12,4,CHI,NYG,0.0261596195175593,1.0,-7,5.0,True
2019,12,4,CIN,PIT,-0.1477302914084964,1.0,-3,-6.0,False
2019,12,4,CLE,MIA,0.2190326957322294,1.0,3,17.0,True
2019,12,4,NO,CAR,0.2821045187232252,1.0,0,3.0,True
2019,12,4,PHI,SEA,-0.0013537173319674,1.0,-6,-8.0,False
2019,12,4,WAS,DET,-0.1407632277151305,1.0,0,3.0,True
2019,12,4,TEN,JAX,0.037727973956828,1.0,7,22.0,True
2019,12,4,NE,DAL,-0.2058450316894682,1.0,0,4.0,True
2019,12,4,SF,GB,-0.0419582428923015,1.0,-7,29.0,True
2019,12,4,LA,BAL,-0.2747632634183126,1.0,0,-39.0,False
2019,12,6,HOU,IND,0.0547422524809869,1.0,0,3.0,True
2019,12,6,ATL,TB,0.1452164579933938,1.0,0,-13.0,False
2019,12,6,BUF,DEN,-0.0333041813745998,1.0,0,17.0,True
2019,12,6,CHI,NYG,0.0318486286727396,1.0,-7,5.0,True
2019,12,6,CIN,PIT,-0.1442103376648676,1.0,-3,-6.0,False
2019,12,6,CLE,MIA,0.2226243302631773,1.0,3,17.0,True
2019,12,6,NO,CAR,0.2458272731846625,1.0,0,3.0,True
2019,12,6,PHI,SEA,-0.0212825157394506,1.0,-6,-8.0,False
2019,12,6,WAS,DET,-0.1600875436357359,1.0,0,3.0,True
2019,12,6,TEN,JAX,0.0118683331803537,1.0,7,22.0,True
2019,12,6,NE,DAL,-0.1642320331093628,1.0,0,4.0,True
2019,12,6,SF,GB,-0.0365798194472145,1.0,-7,29.0,True
2019,12,6,LA,BAL,-0.2355109264742399,1.0,0,-39.0,False
2019,12,10,HOU,IND,0.0883392590656934,1.0,0,3.0,True
2019,12,10,ATL,TB,0.1024915452542946,1.0,0,-13.0,False
2019,12,10,BUF,DEN,-0.0287612985944564,1.0,0,17.0,True
2019,12,10,CHI,NYG,0.039804580005627,1.0,-7,5.0,True
2019,12,10,CIN,PIT,-0.1340356005269364,1.0,-3,-6.0,False
2019,12,10,CLE,MIA,0.2335097950295477,1.0,3,17.0,True
2019,12,10,NO,CAR,0.2172150326295142,1.0,0,3.0,True
2019,12,10,PHI,SEA,-0.0356488358146933,1.0,-6,-8.0,False
2019,12,10,WAS,DET,-0.1838860793156133,1.0,0,3.0,True
2019,12,10,TEN,JAX,-0.0051919776259378,1.0,7,22.0,True
2019,12,10,NE,DAL,-0.1295360282998879,1.0,0,4.0,True
2019,12,10,SF,GB,-0.0321399036578853,1.0,-7,29.0,True
2019,12,10,LA,BAL,-0.2087934888685678,1.0,0,-39.0,False
2019,12,20,HOU,IND,0.1109080771022199,1.0,0,3.0,True
2019,12,20,ATL,TB,0.0723496499054315,1.0,0,-13.0,False
2019,12,20,BUF,DEN,-0.0227286728453575,1.0,0,17.0,True
2019,12,20,CHI,NYG,0.047794095760085,1.0,-7,5.0,True
2019,12,20,CIN,PIT,-0.1218853448299446,1.0,-3,-6.0,False
2019,12,20,CLE,MIA,0.2465298928307515,1.0,3,17.0,True
2019,12,20,NO,CAR,0.1965868803976074,1.0,0,3.0,True
2019,12,20,PHI,SEA,-0.0449516907081,1.0,-6,-8.0,False
2019,12,20,WAS,DET,-0.2062153492579453,1.0,0,3.0,True
2019,12,20,TEN,JAX,-0.0156700542554944,1.0,7,22.0,True
2019,12,20,NE,DAL,-0.1034652591620133,1.0,0,4.0,True
2019,12,20,SF,GB,-0.0288420406498567,1.0,-7,29.0,True
2019,12,20,LA,BAL,-0.1919418378712621,1.0,0,-39.0,False
2019,12,50,HOU,IND,0.1232723858420191,1.0,0,3.0,True
2019,12,50,ATL,TB,0.0551823004100442,1.0,0,-13.0,False
2019,12,50,BUF,DEN,-0.0180507245241253,1.0,0,17.0,True
2019,12,50,CHI,NYG,0.0533748753373633,1.0,-7,5.0,True
2019,12,50,CIN,PIT,-0.1127405067454929,1.0,-3,-6.0,False
2019,12,50,CLE,MIA,0.2563081328316989,1.0,3,17.0,True
2019,12,50,NO,CAR,0.1847245844789191,1.0,0,3.0,True
2019,12,50,PHI,SEA,-0.0497806976153383,1.0,-6,-8.0,False
2019,12,50,WAS,DET,-0.2212454998819567,1.0,0,3.0,True
2019,12,50,TEN,JAX,-0.0209789893902623,1.0,7,22.0,True
2019,12,50,NE,DAL,-0.0880520244794631,1.0,0,4.0,True
2019,12,50,SF,GB,-0.0269333110343739,1.0,-7,29.0,True
2019,12,50,LA,BAL,-0.1832286625488045,1.0,0,-39.0,False
2019,12,100,HOU,IND,0.1271892482613238,1.0,0,3.0,True
2019,12,100,ATL,TB,0.0496247413744782,1.0,0,-13.0,False
2019,12,100,BUF,DEN,-0.0163200970516666,1.0,0,17.0,True
2019,12,100,CHI,NYG,0.0553577505876672,1.0,-7,5.0,True
2019,12,100,CIN,PIT,-0.1093891094183135,1.0,-3,-6.0,False
2019,12,100,CLE,MIA,0.2598853990328556,1.0,3,17.0,True
2019,12,100,NO,CAR,0.1808723566702617,1.0,0,3.0,True
2019,12,100,PHI,SEA,-0.0512521018919533,1.0,-6,-8.0,False
2019,12,100,WAS,DET,-0.2265001462076564,1.0,0,3.0,True
2019,12,100,TEN,JAX,-0.0225856731373262,1.0,7,22.0,True
2019,12,100,NE,DAL,-0.0829777653059327,1.0,0,4.0,True
2019,12,100,SF,GB,-0.0263157871489517,1.0,-7,29.0,True
2019,12,100,LA,BAL,-0.1805625805162575,1.0,0,-39.0,False
2019,13,2,DET,CHI,0.0589336093040964,1.0,0,-4.0,False
2019,13,2,DAL,BUF,-0.0038032746844745,1.0,0,-11.0,False
2019,13,2,ATL,NO,-0.2437129003162492,1.0,0,-8.0,False
2019,13,2,BAL,SF,0.6085180534637171,1.0,-1,3.0,True
2019,13,2,CAR,WAS,-0.0231639300821473,1.0,0,-8.0,False
2019,13,2,CIN,NYJ,-0.2050546036906408,1.0,0,16.0,True
2019,13,2,IND,TEN,-0.1392649785618542,1.0,3,-14.0,False
2019,13,2,JAX,TB,-0.2484268476650838,1.0,0,-17.0,False
2019,13,2,MIA,PHI,-0.2808117475889148,1.0,0,6.0,True
2019,13,2,NYG,GB,0.1036634632293443,1.0,0,-18.0,False
2019,13,2,PIT,CLE,-0.5087411095024913,1.0,0,7.0,True
2019,13,2,ARI,LA,0.3067330400302113,1.0,8,-27.0,False
2019,13,2,DEN,LAC,0.0260794612193937,1.0,-6,3.0,True
2019,13,2,HOU,NE,0.1496810256082197,1.0,3,6.0,True
2019,13,2,SEA,MIN,0.1380420832267549,1.0,-7,7.0,True
2019,13,4,DET,CHI,0.0946156512277898,1.0,0,-4.0,False
2019,13,4,DAL,BUF,0.0836185476233311,1.0,0,-11.0,False
2019,13,4,ATL,NO,-0.2388469929476207,1.0,0,-8.0,False
2019,13,4,BAL,SF,0.3885124013926878,1.0,-1,3.0,True
2019,13,4,CAR,WAS,0.0527601243282549,1.0,0,-8.0,False
2019,13,4,CIN,NYJ,-0.1480424394988466,1.0,0,16.0,True
2019,13,4,IND,TEN,-0.0643091663418646,1.0,3,-14.0,False
2019,13,4,JAX,TB,-0.0772891621356279,1.0,0,-17.0,False
2019,13,4,MIA,PHI,-0.2517536057222778,1.0,0,6.0,True
2019,13,4,NYG,GB,-0.0501182586174205,1.0,0,-18.0,False
2019,13,4,PIT,CLE,-0.3032183052838465,1.0,0,7.0,True
2019,13,4,ARI,LA,0.1329295479434497,1.0,8,-27.0,False
2019,13,4,DEN,LAC,0.0643843333831776,1.0,-6,3.0,True
2019,13,4,HOU,NE,0.1008306660808632,1.0,3,6.0,True
2019,13,4,SEA,MIN,0.0680465496814768,1.0,-7,7.0,True
2019,13,6,DET,CHI,0.1105615068493462,1.0,0,-4.0,False
2019,13,6,DAL,BUF,0.1117704822112584,1.0,0,-11.0,False
2019,13,6,ATL,NO,-0.2372488579055574,1.0,0,-8.0,False
2019,13,6,BAL,SF,0.3074293262163691,1.0,-1,3.0,True
2019,13,6,CAR,WAS,0.0894286433945262,1.0,0,-8.0,False
2019,13,6,CIN,NYJ,-0.1159220766282474,1.0,0,16.0,True
2019,13,6,IND,TEN,-0.0536301300404742,1.0,3,-14.0,False
2019,13,6,JAX,TB,-0.0306867522947194,1.0,0,-17.0,False
2019,13,6,MIA,PHI,-0.2519352867191472,1.0,0,6.0,True
2019,13,6,NYG,GB,-0.1003737990271396,1.0,0,-18.0,False
2019,13,6,PIT,CLE,-0.2371999412976107,1.0,0,7.0,True
2019,13,6,ARI,LA,0.0718198876679717,1.0,8,-27.0,False
2019,13,6,DEN,LAC,0.0716813700889891,1.0,-6,3.0,True
2019,13,6,HOU,NE,0.0689469475385433,1.0,3,6.0,True
2019,13,6,SEA,MIN,0.0426539973529879,1.0,-7,7.0,True
2019,13,10,DET,CHI,0.1244372635490451,1.0,0,-4.0,False
2019,13,10,DAL,BUF,0.1335648025096283,1.0,0,-11.0,False
2019,13,10,ATL,NO,-0.2340843620359841,1.0,0,-8.0,False
2019,13,10,BAL,SF,0.2445113040758731,1.0,-1,3.0,True
2019,13,10,CAR,WAS,0.1216037032083024,1.0,0,-8.0,False
2019,13,10,CIN,NYJ,-0.0849307254145189,1.0,0,16.0,True
2019,13,10,IND,TEN,-0.0513972624915514,1.0,3,-14.0,False
2019,13,10,JAX,TB,-0.000493453937427,1.0,0,-17.0,False
2019,13,10,MIA,PHI,-0.2574181943811979,1.0,0,6.0,True
2019,13,10,NYG,GB,-0.1383688069616983,1.0,0,-18.0,False
2019,13,10,PIT,CLE,-0.1897355542162635,1.0,0,7.0,True
2019,13,10,ARI,LA,0.0228511042031227,1.0,8,-27.0,False
2019,13,10,DEN,LAC,0.0734088024932642,1.0,-6,3.0,True
2019,13,10,HOU,NE,0.0364887631900074,1.0,3,6.0,True
2019,13,10,SEA,MIN,0.0221787948653292,1.0,-7,7.0,True
2019,13,20,DET,CHI,0.1353512588748283,1.0,0,-4.0,False
2019,13,20,DAL,BUF,0.1494712350365851,1.0,0,-11.0,False
2019,13,20,ATL,NO,-0.2301557772582262,1.0,0,-8.0,False
2019,13,20,BAL,SF,0.2000861002868312,1.0,-1,3.0,True
2019,13,20,CAR,WAS,0.146535659715381,1.0,0,-8.0,False
2019,13,20,CIN,NYJ,-0.0590590728037921,1.0,0,16.0,True
2019,13,20,IND,TEN,-0.0533340889790937,1.0,3,-14.0,False
2019,13,20,JAX,TB,0.0174380972863715,1.0,0,-17.0,False
2019,13,20,MIA,PHI,-0.2651005131542776,1.0,0,6.0,True
2019,13,20,NYG,GB,-0.1651198382230504,1.0,0,-18.0,False
2019,13,20,PIT,CLE,-0.1586851082677202,1.0,0,7.0,True
2019,13,20,ARI,LA,-0.0135790485515023,1.0,8,-27.0,False
2019,13,20,DEN,LAC,0.0717822326194534,1.0,-6,3.0,True
2019,13,20,HOU,NE,0.0082322250734763,1.0,3,6.0,True
2019,13,20,SEA,MIN,0.0069053208691764,1.0,-7,7.0,True
2019,13,50,DET,CHI,0.1420684642695833,1.0,0,-4.0,False
2019,13,50,DAL,BUF,0.1588493709884403,1.0,0,-11.0,False
2019,13,50,ATL,NO,-0.2270801687669918,1.0,0,-8.0,False
2019,13,50,BAL,SF,0.1750382768487371,1.0,-1,3.0,True
2019,13,50,CAR,WAS,0.1615199382068144,1.0,0,-8.0,False
2019,13,50,CIN,NYJ,-0.0427089464773708,1.0,0,16.0,True
2019,13,50,IND,TEN,-0.0558833618331242,1.0,3,-14.0,False
2019,13,50,JAX,TB,0.0261957321786346,1.0,0,-17.0,False
2019,13,50,MIA,PHI,-0.2712721353481372,1.0,0,6.0,True
2019,13,50,NYG,GB,-0.1803495737324855,1.0,0,-18.0,False
2019,13,50,PIT,CLE,-0.1422986747037357,1.0,0,7.0,True
2019,13,50,ARI,LA,-0.0352128190373456,1.0,8,-27.0,False
2019,13,50,DEN,LAC,0.06949570747885,1.0,-6,3.0,True
2019,13,50,HOU,NE,-0.0101797468575361,1.0,3,6.0,True
2019,13,50,SEA,MIN,-0.0021781076219451,1.0,-7,7.0,True
2019,13,100,DET,CHI,0.1443323570473291,1.0,0,-4.0,False
2019,13,100,DAL,BUF,0.1619505881281156,1.0,0,-11.0,False
2019,13,100,ATL,NO,-0.2259323393088793,1.0,0,-8.0,False
2019,13,100,BAL,SF,0.1670013229505965,1.0,-1,3.0,True
2019,13,100,CAR,WAS,0.1664866874137402,1.0,0,-8.0,False
2019,13,100,CIN,NYJ,-0.0371537870975498,1.0,0,16.0,True
2019,13,100,IND,TEN,-0.0569491824371671,1.0,3,-14.0,False
2019,13,100,JAX,TB,0.0287836529367583,1.0,0,-17.0,False
2019,13,100,MIA,PHI,-0.2735948876730885,1.0,0,6.0,True
2019,13,100,NYG,GB,-0.1852817969382389,1.0,0,-18.0,False
2019,13,100,PIT,CLE,-0.1372414670507325,1.0,0,7.0,True
2019,13,100,ARI,LA,-0.0423764513358237,1.0,8,-27.0,False
2019,13,100,DEN,LAC,0.0685084261538524,1.0,-6,3.0,True
2019,13,100,HOU,NE,-0.0165373633069839,1.0,3,6.0,True
2019,13,100,SEA,MIN,-0.0051885134557574,1.0,-7,7.0,True
2019,14,2,CHI,DAL,-0.0758062062690436,1.0,0,7.0,True
2019,14,2,ATL,CAR,0.0610362475890933,1.0,3,20.0,True
2019,14,2,BUF,BAL,-0.1927823516385071,1.0,3,-7.0,False
2019,14,2,CLE,CIN,0.0278767802108922,1.0,0,8.0,True
2019,14,2,GB,WAS,0.0601491592573325,1.0,0,5.0,True
2019,14,2,HOU,DEN,0.4006973739247066,1.0,0,-14.0,False
2019,14,2,MIN,DET,0.1255086759875901,1.0,-4,13.0,True
2019,14,2,NO,SF,0.2415255904726672,1.0,3,-2.0,False
2019,14,2,NYJ,MIA,0.0318779111083955,1.0,0,1.0,True
2019,14,2,TB,IND,0.1593888281394779,1.0,0,3.0,True
2019,14,2,JAX,LAC,-0.4117479125615393,1.0,0,-35.0,False
2019,14,2,ARI,PIT,0.0537137401298273,1.0,0,-6.0,False
2019,14,2,NE,KC,-0.6637993731820716,1.0,0,-7.0,False
2019,14,2,LA,SEA,-0.0915519206760186,1.0,1,16.0,True
2019,14,2,PHI,NYG,0.1309326569370097,1.0,0,6.0,True
2019,14,4,CHI,DAL,-0.1804892436072613,1.0,0,7.0,True
2019,14,4,ATL,CAR,0.0278569824749396,1.0,3,20.0,True
2019,14,4,BUF,BAL,-0.2155726695244027,1.0,3,-7.0,False
2019,14,4,CLE,CIN,0.1323916609047918,1.0,0,8.0,True
2019,14,4,GB,WAS,0.1122631569139149,1.0,0,5.0,True
2019,14,4,HOU,DEN,0.2504215434773477,1.0,0,-14.0,False
2019,14,4,MIN,DET,0.1119978390392136,1.0,-4,13.0,True
2019,14,4,NO,SF,0.1840891236352811,1.0,3,-2.0,False
2019,14,4,NYJ,MIA,0.0401980447388007,1.0,0,1.0,True
2019,14,4,TB,IND,0.0477887942109833,1.0,0,3.0,True
2019,14,4,JAX,LAC,-0.1737650032826093,1.0,0,-35.0,False
2019,14,4,ARI,PIT,0.0864600331058496,1.0,0,-6.0,False
2019,14,4,NE,KC,-0.4221090827639481,1.0,0,-7.0,False
2019,14,4,LA,SEA,-0.0785758211322045,1.0,1,16.0,True
2019,14,4,PHI,NYG,0.1614390835884711,1.0,0,6.0,True
2019,14,6,CHI,DAL,-0.2102088378955313,1.0,0,7.0,True
2019,14,6,ATL,CAR,0.0048284714526951,1.0,3,20.0,True
2019,14,6,BUF,BAL,-0.210730756376501,1.0,3,-7.0,False
2019,14,6,CLE,CIN,0.1541572774896088,1.0,0,8.0,True
2019,14,6,GB,WAS,0.1469280588849536,1.0,0,5.0,True
2019,14,6,HOU,DEN,0.2051082446774824,1.0,0,-14.0,False
2019,14,6,MIN,DET,0.1000370348465675,1.0,-4,13.0,True
2019,14,6,NO,SF,0.1529816185148838,1.0,3,-2.0,False
2019,14,6,NYJ,MIA,0.0401542021375533,1.0,0,1.0,True
2019,14,6,TB,IND,0.0268269842578188,1.0,0,3.0,True
2019,14,6,JAX,LAC,-0.0978723904822606,1.0,0,-35.0,False
2019,14,6,ARI,PIT,0.0745386302519074,1.0,0,-6.0,False
2019,14,6,NE,KC,-0.3276378151147331,1.0,0,-7.0,False
2019,14,6,LA,SEA,-0.0709161367623693,1.0,1,16.0,True
2019,14,6,PHI,NYG,0.1671043897944691,1.0,0,6.0,True
2019,14,10,CHI,DAL,-0.2303450303734895,1.0,0,7.0,True
2019,14,10,ATL,CAR,-0.0159481764192147,1.0,3,20.0,True
2019,14,10,BUF,BAL,-0.2035653620985178,1.0,3,-7.0,False
2019,14,10,CLE,CIN,0.1640268211103729,1.0,0,8.0,True
2019,14,10,GB,WAS,0.1805436595873185,1.0,0,5.0,True
2019,14,10,HOU,DEN,0.1737224106433878,1.0,0,-14.0,False
2019,14,10,MIN,DET,0.0864877348315108,1.0,-4,13.0,True
2019,14,10,NO,SF,0.123489826296078,1.0,3,-2.0,False
2019,14,10,NYJ,MIA,0.0419878972332763,1.0,0,1.0,True
2019,14,10,TB,IND,0.0187477977504433,1.0,0,3.0,True
2019,14,10,JAX,LAC,-0.0425857282430008,1.0,0,-35.0,False
2019,14,10,ARI,PIT,0.0575982794139518,1.0,0,-6.0,False
2019,14,10,NE,KC,-0.2493485066063267,1.0,0,-7.0,False
2019,14,10,LA,SEA,-0.0638102258004839,1.0,1,16.0,True
2019,14,10,PHI,NYG,0.1691932238964084,1.0,0,6.0,True
2019,14,20,CHI,DAL,-0.2430234827913744,1.0,0,7.0,True
2019,14,20,ATL,CAR,-0.0317340268343736,1.0,3,20.0,True
2019,14,20,BUF,BAL,-0.197129240992745,1.0,3,-7.0,False
2019,14,20,CLE,CIN,0.1666184056591419,1.0,0,8.0,True
2019,14,20,GB,WAS,0.2084144838001936,1.0,0,5.0,True
2019,14,20,HOU,DEN,0.1538421892758851,1.0,0,-14.0,False
2019,14,20,MIN,DET,0.0739173969913616,1.0,-4,13.0,True
2019,14,20,NO,SF,0.0990848568699752,1.0,3,-2.0,False
2019,14,20,NYJ,MIA,0.0455748285163846,1.0,0,1.0,True
2019,14,20,TB,IND,0.0181105639287902,1.0,0,3.0,True
2019,14,20,JAX,LAC,-0.0053148846718957,1.0,0,-35.0,False
2019,14,20,ARI,PIT,0.0415433681256324,1.0,0,-6.0,False
2019,14,20,NE,KC,-0.1903289665690657,1.0,0,-7.0,False
2019,14,20,LA,SEA,-0.057900605576755,1.0,1,16.0,True
2019,14,20,PHI,NYG,0.1694131631635076,1.0,0,6.0,True
2019,14,50,CHI,DAL,-0.249623039073528,1.0,0,7.0,True
2019,14,50,ATL,CAR,-0.0408990939781983,1.0,3,20.0,True
2019,14,50,BUF,BAL,-0.1931295244415067,1.0,3,-7.0,False
2019,14,50,CLE,CIN,0.1661936558836695,1.0,0,8.0,True
2019,14,50,GB,WAS,0.2258998030599593,1.0,0,5.0,True
2019,14,50,HOU,DEN,0.1435954277652519,1.0,0,-14.0,False
2019,14,50,MIN,DET,0.0654354390234964,1.0,-4,13.0,True
2019,14,50,NO,SF,0.0837253885867595,1.0,3,-2.0,False
2019,14,50,NYJ,MIA,0.0489778182693251,1.0,0,1.0,True
2019,14,50,TB,IND,0.0199234469442183,1.0,0,3.0,True
2019,14,50,JAX,LAC,0.0151000902426094,1.0,0,-35.0,False
2019,14,50,ARI,PIT,0.0309182973040096,1.0,0,-6.0,False
2019,14,50,NE,KC,-0.1552495972477913,1.0,0,-7.0,False
2019,14,50,LA,SEA,-0.0541012852158635,1.0,1,16.0,True
2019,14,50,PHI,NYG,0.1690823825340499,1.0,0,6.0,True
2019,14,100,CHI,DAL,-0.2516606697852894,1.0,0,7.0,True
2019,14,100,ATL,CAR,-0.0438642808937667,1.0,3,20.0,True
2019,14,100,BUF,BAL,-0.1918044510371742,1.0,3,-7.0,False
2019,14,100,CLE,CIN,0.165731246443388,1.0,0,8.0,True
2019,14,100,GB,WAS,0.2318164568563228,1.0,0,5.0,True
2019,14,100,HOU,DEN,0.1404713981594163,1.0,0,-14.0,False
2019,14,100,MIN,DET,0.0624623773370757,1.0,-4,13.0,True
2019,14,100,NO,SF,0.0785159338716688,1.0,3,-2.0,False
2019,14,100,NYJ,MIA,0.0503532357253533,1.0,0,1.0,True
2019,14,100,TB,IND,0.0208788759683343,1.0,0,3.0,True
2019,14,100,JAX,LAC,0.0215651779405591,1.0,0,-35.0,False
2019,14,100,ARI,PIT,0.027254862164961,1.0,0,-6.0,False
2019,14,100,NE,KC,-0.1436610461007568,1.0,0,-7.0,False
2019,14,100,LA,SEA,-0.0527904808321705,1.0,1,16.0,True
2019,14,100,PHI,NYG,0.1689087212547038,1.0,0,6.0,True
2019,15,2,BAL,NYJ,0.4992458280897206,1.0,0,21.0,True
2019,15,2,CAR,SEA,-0.4124010353442513,1.0,0,-6.0,False
2019,15,2,CIN,NE,0.4508415126063368,1.0,0,-21.0,False
2019,15,2,DET,TB,-0.3190004216435012,1.0,0,-21.0,False
2019,15,2,GB,CHI,0.0262707248676034,1.0,-3,8.0,True
2019,15,2,KC,DEN,0.4076561702103868,1.0,0,20.0,True
2019,15,2,NYG,MIA,-0.0554306798182542,1.0,-1,16.0,True
2019,15,2,TEN,HOU,0.2154064374933355,1.0,0,-3.0,False
2019,15,2,WAS,PHI,-0.0803893575881451,1.0,1,-10.0,False
2019,15,2,ARI,CLE,-0.0972730394080398,1.0,0,14.0,True
2019,15,2,LAC,MIN,0.099613573053839,1.0,0,-29.0,False
2019,15,2,DAL,LA,-0.1369213792457186,1.0,3,23.0,True
2019,15,2,SF,ATL,-0.084119127921841,1.0,0,-7.0,False
2019,15,2,PIT,BUF,-0.0351033700717839,1.0,0,-7.0,False
2019,15,2,NO,IND,0.2604996073971271,1.0,0,27.0,True
2019,15,4,BAL,NYJ,0.4538180610944914,1.0,0,21.0,True
2019,15,4,CAR,SEA,-0.3164338803116581,1.0,0,-6.0,False
2019,15,4,CIN,NE,0.1877197917800019,1.0,0,-21.0,False
2019,15,4,DET,TB,-0.1568247667124176,1.0,0,-21.0,False
2019,15,4,GB,CHI,0.0487390426857867,1.0,-3,8.0,True
2019,15,4,KC,DEN,0.3080848240684177,1.0,0,20.0,True
2019,15,4,NYG,MIA,-0.0401411576445784,1.0,-1,16.0,True
2019,15,4,TEN,HOU,0.090637068103283,1.0,0,-3.0,False
2019,15,4,WAS,PHI,-0.1238352713094424,1.0,1,-10.0,False
2019,15,4,ARI,CLE,-0.0719500284099571,1.0,0,14.0,True
2019,15,4,LAC,MIN,-0.0114844709884521,1.0,0,-29.0,False
2019,15,4,DAL,LA,-0.0123719583420431,1.0,3,23.0,True
2019,15,4,SF,ATL,0.0177275504355072,1.0,0,-7.0,False
2019,15,4,PIT,BUF,-0.0816859608199794,1.0,0,-7.0,False
2019,15,4,NO,IND,0.24220276261854,1.0,0,27.0,True
2019,15,6,BAL,NYJ,0.4338745345751451,1.0,0,21.0,True
2019,15,6,CAR,SEA,-0.2686240405683791,1.0,0,-6.0,False
2019,15,6,CIN,NE,0.0714719917131317,1.0,0,-21.0,False
2019,15,6,DET,TB,-0.0914927092591285,1.0,0,-21.0,False
2019,15,6,GB,CHI,0.0636078905799797,1.0,-3,8.0,True
2019,15,6,KC,DEN,0.2679185998989621,1.0,0,20.0,True
2019,15,6,NYG,MIA,-0.0221872968207491,1.0,-1,16.0,True
2019,15,6,TEN,HOU,0.0455123809812531,1.0,0,-3.0,False
2019,15,6,WAS,PHI,-0.1478211963983958,1.0,1,-10.0,False
2019,15,6,ARI,CLE,-0.0657617855148676,1.0,0,14.0,True
2019,15,6,LAC,MIN,-0.0509411568452261,1.0,0,-29.0,False
2019,15,6,DAL,LA,0.0317386828422068,1.0,3,23.0,True
2019,15,6,SF,ATL,0.0609273014728728,1.0,0,-7.0,False
2019,15,6,PIT,BUF,-0.086352219219774,1.0,0,-7.0,False
2019,15,6,NO,IND,0.2366648084724471,1.0,0,27.0,True
2019,15,10,BAL,NYJ,0.4178815495412482,1.0,0,21.0,True
2019,15,10,CAR,SEA,-0.2262701685007524,1.0,0,-6.0,False
2019,15,10,CIN,NE,-0.0268736167869168,1.0,0,-21.0,False
2019,15,10,DET,TB,-0.0374576276363649,1.0,0,-21.0,False
2019,15,10,GB,CHI,0.0772163894222379,1.0,-3,8.0,True
2019,15,10,KC,DEN,0.2380957811759833,1.0,0,20.0,True
2019,15,10,NYG,MIA,-0.000664049664298,1.0,-1,16.0,True
2019,15,10,TEN,HOU,0.0119325360483225,1.0,0,-3.0,False
2019,15,10,WAS,PHI,-0.1704576308641587,1.0,1,-10.0,False
2019,15,10,ARI,CLE,-0.064895427706285,1.0,0,14.0,True
2019,15,10,LAC,MIN,-0.0814626946657886,1.0,0,-29.0,False
2019,15,10,DAL,LA,0.0667962411107386,1.0,3,23.0,True
2019,15,10,SF,ATL,0.0977027412866376,1.0,0,-7.0,False
2019,15,10,PIT,BUF,-0.0870499758443656,1.0,0,-7.0,False
2019,15,10,NO,IND,0.2329126244739199,1.0,0,27.0,True
2019,15,20,BAL,NYJ,0.4067665615554778,1.0,0,21.0,True
2019,15,20,CAR,SEA,-0.1934660849817317,1.0,0,-6.0,False
2019,15,20,CIN,NE,-0.1010177544618447,1.0,0,-21.0,False
2019,15,20,DET,TB,0.0029022411794321,1.0,0,-21.0,False
2019,15,20,GB,CHI,0.0875508043887805,1.0,-3,8.0,True
2019,15,20,KC,DEN,0.2187921067849413,1.0,0,20.0,True
2019,15,20,NYG,MIA,0.0200317848674654,1.0,-1,16.0,True
2019,15,20,TEN,HOU,-0.0103558826014252,1.0,0,-3.0,False
2019,15,20,WAS,PHI,-0.1890914955189442,1.0,1,-10.0,False
2019,15,20,ARI,CLE,-0.0675322105569623,1.0,0,14.0,True
2019,15,20,LAC,MIN,-0.1030430456461237,1.0,0,-29.0,False
2019,15,20,DAL,LA,0.0924328250808587,1.0,3,23.0,True
2019,15,20,SF,ATL,0.125688104654026,1.0,0,-7.0,False
2019,15,20,PIT,BUF,-0.0866480851064824,1.0,0,-7.0,False
2019,15,20,NO,IND,0.2304855559105475,1.0,0,27.0,True
2019,15,50,BAL,NYJ,0.4007216488858583,1.0,0,21.0,True
2019,15,50,CAR,SEA,-0.1738582585956763,1.0,0,-6.0,False
2019,15,50,CIN,NE,-0.144732415551384,1.0,0,-21.0,False
2019,15,50,DET,TB,0.0266470244883035,1.0,0,-21.0,False
2019,15,50,GB,CHI,0.093489561676521,1.0,-3,8.0,True
2019,15,50,KC,DEN,0.2089305225621982,1.0,0,20.0,True
2019,15,50,NYG,MIA,0.0343136037416131,1.0,-1,16.0,True
2019,15,50,TEN,HOU,-0.0221534804295523,1.0,0,-3.0,False
2019,15,50,WAS,PHI,-0.2007825716607782,1.0,1,-10.0,False
2019,15,50,ARI,CLE,-0.0706588679848594,1.0,0,14.0,True
2019,15,50,LAC,MIN,-0.1152530402916693,1.0,0,-29.0,False
2019,15,50,DAL,LA,0.1073868010031383,1.0,3,23.0,True
2019,15,50,SF,ATL,0.1423056265403854,1.0,0,-7.0,False
2019,15,50,PIT,BUF,-0.0863541574308849,1.0,0,-7.0,False
2019,15,50,NO,IND,0.2291532674960665,1.0,0,27.0,True
2019,15,100,BAL,NYJ,0.3988328052015806,1.0,0,21.0,True
2019,15,100,CAR,SEA,-0.1673876636295148,1.0,0,-6.0,False
2019,15,100,CIN,NE,-0.1590798026159952,1.0,0,-21.0,False
2019,15,100,DET,TB,0.0344426223281469,1.0,0,-21.0,False
2019,15,100,GB,CHI,0.0953935884022614,1.0,-3,8.0,True
2019,15,100,KC,DEN,0.2059688944391024,1.0,0,20.0,True
2019,15,100,NYG,MIA,0.0393739108643761,1.0,-1,16.0,True
2019,15,100,TEN,HOU,-0.0257913567846112,1.0,0,-3.0,False
2019,15,100,WAS,PHI,-0.2047436482605577,1.0,1,-10.0,False
2019,15,100,ARI,CLE,-0.0719701398962166,1.0,0,14.0,True
2019,15,100,LAC,MIN,-0.1191821143083307,1.0,0,-29.0,False
2019,15,100,DAL,LA,0.1122855446253492,1.0,3,23.0,True
2019,15,100,SF,ATL,0.1477780725005947,1.0,0,-7.0,False
2019,15,100,PIT,BUF,-0.0862833788389434,1.0,0,-7.0,False
2019,15,100,NO,IND,0.2287242784946877,1.0,0,27.0,True
2019,16,2,TB,HOU,0.0356787461770027,1.0,0,-3.0,False
2019,16,2,NE,BUF,-0.3457580791585692,1.0,0,7.0,True
2019,16,2,SF,LA,0.020779907070909,1.0,0,3.0,True
2019,16,2,ATL,JAX,0.5315939568446492,1.0,0,12.0,True
2019,16,2,CLE,BAL,-0.533570970606866,1.0,-3,-16.0,False
2019,16,2,IND,CAR,0.1639164184047973,1.0,-1,32.0,True
2019,16,2,MIA,CIN,-0.1996164124796851,1.0,0,3.0,True
2019,16,2,NYJ,PIT,0.0676484779309697,1.0,3,6.0,True
2019,16,2,TEN,NO,-0.2238248477422013,1.0,1,-10.0,False
2019,16,2,WAS,NYG,-0.0082373070300959,1.0,0,-6.0,False
2019,16,2,DEN,DET,0.0894323422787312,1.0,0,10.0,True
2019,16,2,PHI,DAL,-0.2519136911916162,1.0,0,8.0,True
2019,16,2,SEA,ARI,-0.013930251603045,1.0,0,-14.0,False
2019,16,2,CHI,KC,-0.5653811777813798,1.0,0,-23.0,False
2019,16,2,MIN,GB,-0.3240600042974241,1.0,0,-13.0,False
2019,16,4,TB,HOU,-0.0337013357422752,1.0,0,-3.0,False
2019,16,4,NE,BUF,-0.2301008320823575,1.0,0,7.0,True
2019,16,4,SF,LA,-0.0048671244750428,1.0,0,3.0,True
2019,16,4,ATL,JAX,0.3357812843336863,1.0,0,12.0,True
2019,16,4,CLE,BAL,-0.4079974960530458,1.0,-3,-16.0,False
2019,16,4,IND,CAR,0.1380298519763758,1.0,-1,32.0,True
2019,16,4,MIA,CIN,-0.1136284733759962,1.0,0,3.0,True
2019,16,4,NYJ,PIT,0.0490396329147865,1.0,3,6.0,True
2019,16,4,TEN,NO,-0.1813134371708292,1.0,1,-10.0,False
2019,16,4,WAS,NYG,0.0131959051166657,1.0,0,-6.0,False
2019,16,4,DEN,DET,0.0784189870030043,1.0,0,10.0,True
2019,16,4,PHI,DAL,-0.2063203121800803,1.0,0,8.0,True
2019,16,4,SEA,ARI,0.0430434872481929,1.0,0,-14.0,False
2019,16,4,CHI,KC,-0.4154947169109376,1.0,0,-23.0,False
2019,16,4,MIN,GB,-0.1590800068397966,1.0,0,-13.0,False
2019,16,6,TB,HOU,-0.0621387906768433,1.0,0,-3.0,False
2019,16,6,NE,BUF,-0.1599506775533817,1.0,0,7.0,True
2019,16,6,SF,LA,0.0022732988929577,1.0,0,3.0,True
2019,16,6,ATL,JAX,0.2418410633845627,1.0,0,12.0,True
2019,16,6,CLE,BAL,-0.3549583950729312,1.0,-3,-16.0,False
2019,16,6,IND,CAR,0.1062531028464638,1.0,-1,32.0,True
2019,16,6,MIA,CIN,-0.0862139793248195,1.0,0,3.0,True
2019,16,6,NYJ,PIT,0.0270372468661354,1.0,3,6.0,True
2019,16,6,TEN,NO,-0.173341772216902,1.0,1,-10.0,False
2019,16,6,WAS,NYG,0.011194551355693,1.0,0,-6.0,False
2019,16,6,DEN,DET,0.0622058850662896,1.0,0,10.0,True
2019,16,6,PHI,DAL,-0.1954046983100501,1.0,0,8.0,True
2019,16,6,SEA,ARI,0.0665869713942295,1.0,0,-14.0,False
2019,16,6,CHI,KC,-0.3653163865085561,1.0,0,-23.0,False
2019,16,6,MIN,GB,-0.1024039335368233,1.0,0,-13.0,False
2019,16,10,TB,HOU,-0.0839018520954782,1.0,0,-3.0,False
2019,16,10,NE,BUF,-0.0910344970719678,1.0,0,7.0,True
2019,16,10,SF,LA,0.0164005754234183,1.0,0,3.0,True
2019,16,10,ATL,JAX,0.1630113929087365,1.0,0,12.0,True
2019,16,10,CLE,BAL,-0.3103992026142512,1.0,-3,-16.0,False
2019,16,10,IND,CAR,0.0720645113091941,1.0,-1,32.0,True
2019,16,10,MIA,CIN,-0.0717780568681568,1.0,0,3.0,True
2019,16,10,NYJ,PIT,0.0043283056554336,1.0,3,6.0,True
2019,16,10,TEN,NO,-0.1678787437380297,1.0,1,-10.0,False
2019,16,10,WAS,NYG,0.0032361641779315,1.0,0,-6.0,False
2019,16,10,DEN,DET,0.0412747174808653,1.0,0,10.0,True
2019,16,10,PHI,DAL,-0.1894131139424641,1.0,0,8.0,True
2019,16,10,SEA,ARI,0.0878908486939259,1.0,0,-14.0,False
2019,16,10,CHI,KC,-0.3267912382190965,1.0,0,-23.0,False
2019,16,10,MIN,GB,-0.0612056720864611,1.0,0,-13.0,False
2019,16,20,TB,HOU,-0.0982890664107935,1.0,0,-3.0,False
2019,16,20,NE,BUF,-0.0329093747338572,1.0,0,7.0,True
2019,16,20,SF,LA,0.0319409037304615,1.0,0,3.0,True
2019,16,20,ATL,JAX,0.1052386173371566,1.0,0,12.0,True
2019,16,20,CLE,BAL,-0.2772028530656459,1.0,-3,-16.0,False
2019,16,20,IND,CAR,0.0424966554253708,1.0,-1,32.0,True
2019,16,20,MIA,CIN,-0.0679275262796403,1.0,0,3.0,True
2019,16,20,NYJ,PIT,-0.0144112567730895,1.0,3,6.0,True
2019,16,20,TEN,NO,-0.1634757387460622,1.0,1,-10.0,False
2019,16,20,WAS,NYG,-0.0068514959462342,1.0,0,-6.0,False
2019,16,20,DEN,DET,0.0201803104826825,1.0,0,10.0,True
2019,16,20,PHI,DAL,-0.1869711723843222,1.0,0,8.0,True
2019,16,20,SEA,ARI,0.1053068245834769,1.0,0,-14.0,False
2019,16,20,CHI,KC,-0.2993785631484902,1.0,0,-23.0,False
2019,16,20,MIN,GB,-0.0340400870426963,1.0,0,-13.0,False
2019,16,50,TB,HOU,-0.1057177230593927,1.0,0,-3.0,False
2019,16,50,NE,BUF,0.0040030971079919,1.0,0,7.0,True
2019,16,50,SF,LA,0.0430855606861779,1.0,0,3.0,True
2019,16,50,ATL,JAX,0.0721939016844275,1.0,0,12.0,True
2019,16,50,CLE,BAL,-0.2579136221809538,1.0,-3,-16.0,False
2019,16,50,IND,CAR,0.0237307862857651,1.0,-1,32.0,True
2019,16,50,MIA,CIN,-0.0691566029258344,1.0,0,3.0,True
2019,16,50,NYJ,PIT,-0.0257854590976503,1.0,3,6.0,True
2019,16,50,TEN,NO,-0.1604413901538495,1.0,1,-10.0,False
2019,16,50,WAS,NYG,-0.0145411864990785,1.0,0,-6.0,False
2019,16,50,DEN,DET,0.0052327767921398,1.0,0,10.0,True
2019,16,50,PHI,DAL,-0.1864658675826182,1.0,0,8.0,True
2019,16,50,SEA,ARI,0.1162770858821934,1.0,0,-14.0,False
2019,16,50,CHI,KC,-0.283683313879638,1.0,0,-23.0,False
2019,16,50,MIN,GB,-0.0195307771372724,1.0,0,-13.0,False
2019,16,100,TB,HOU,-0.1079568817112334,1.0,0,-3.0,False
2019,16,100,NE,BUF,0.0165652613554984,1.0,0,7.0,True
2019,16,100,SF,LA,0.0470652696402835,1.0,0,3.0,True
2019,16,100,ATL,JAX,0.0615458262253256,1.0,0,12.0,True
2019,16,100,CLE,BAL,-0.2516450616732831,1.0,-3,-16.0,False
2019,16,100,IND,CAR,0.0173768162956537,1.0,-1,32.0,True
2019,16,100,MIA,CIN,-0.0702070830408608,1.0,0,3.0,True
2019,16,100,NYJ,PIT,-0.0295300620877743,1.0,3,6.0,True
2019,16,100,TEN,NO,-0.1593401856707594,1.0,1,-10.0,False
2019,16,100,WAS,NYG,-0.0173569294804389,1.0,0,-6.0,False
2019,16,100,DEN,DET,-0.0001247385253767,1.0,0,10.0,True
2019,16,100,PHI,DAL,-0.186465932302681,1.0,0,8.0,True
2019,16,100,SEA,ARI,0.1200082389420746,1.0,0,-14.0,False
2019,16,100,CHI,KC,-0.2785898705197234,1.0,0,-23.0,False
2019,16,100,MIN,GB,-0.0150052954100824,1.0,0,-13.0,False
2019,17,2,BUF,NYJ,-0.1307726345512386,1.0,0,-7.0,False
2019,17,2,CAR,NO,-0.6047289129817244,1.0,0,-32.0,False
2019,17,2,CIN,CLE,0.1352147211531101,1.0,0,10.0,True
2019,17,2,DET,GB,-0.5847105137285072,1.0,1,-3.0,False
2019,17,2,KC,LAC,0.3756239462769317,1.0,0,10.0,True
2019,17,2,MIN,CHI,0.1059177431075903,1.0,-1,-2.0,False
2019,17,2,NE,MIA,-0.1523423704380263,1.0,0,-3.0,False
2019,17,2,TB,ATL,-0.1564499623663481,1.0,0,-6.0,False
2019,17,2,BAL,PIT,0.7551153503506487,1.0,0,18.0,True
2019,17,2,DAL,WAS,0.1919702779184338,1.0,0,31.0,True
2019,17,2,HOU,TEN,-0.0164447122749328,1.0,0,-21.0,False
2019,17,2,JAX,IND,-0.4383450012949108,1.0,0,18.0,True
2019,17,2,LA,ARI,-0.2848446066671128,1.0,0,7.0,True
2019,17,2,NYG,PHI,0.1565309024512217,1.0,0,-17.0,False
2019,17,2,SEA,SF,-0.0109686748789781,1.0,0,-5.0,False
2019,17,4,BUF,NYJ,-0.0143412961136151,1.0,0,-7.0,False
2019,17,4,CAR,NO,-0.4985769369126687,1.0,0,-32.0,False
2019,17,4,CIN,CLE,0.0146659405331303,1.0,0,10.0,True
2019,17,4,DET,GB,-0.382359022132655,1.0,1,-3.0,False
2019,17,4,KC,LAC,0.313702823544488,1.0,0,10.0,True
2019,17,4,MIN,CHI,0.1052815120374765,1.0,-1,-2.0,False
2019,17,4,NE,MIA,-0.0584726032917555,1.0,0,-3.0,False
2019,17,4,TB,ATL,-0.0901950430001005,1.0,0,-6.0,False
2019,17,4,BAL,PIT,0.619604530279588,1.0,0,18.0,True
2019,17,4,DAL,WAS,0.2210202119462248,1.0,0,31.0,True
2019,17,4,HOU,TEN,-0.0195218761763424,1.0,0,-21.0,False
2019,17,4,JAX,IND,-0.301434852425883,1.0,0,18.0,True
2019,17,4,LA,ARI,-0.1328712140223682,1.0,0,7.0,True
2019,17,4,NYG,PHI,0.0367127962971381,1.0,0,-17.0,False
2019,17,4,SEA,SF,0.029112279654721,1.0,0,-5.0,False
2019,17,6,BUF,NYJ,0.0315019743330695,1.0,0,-7.0,False
2019,17,6,CAR,NO,-0.4355328589724757,1.0,0,-32.0,False
2019,17,6,CIN,CLE,-0.0355459941358216,1.0,0,10.0,True
2019,17,6,DET,GB,-0.2910472669247648,1.0,1,-3.0,False
2019,17,6,KC,LAC,0.2933468693850357,1.0,0,10.0,True
2019,17,6,MIN,CHI,0.1099179847520699,1.0,-1,-2.0,False
2019,17,6,NE,MIA,0.010756047963492,1.0,0,-3.0,False
2019,17,6,TB,ATL,-0.0688276392920927,1.0,0,-6.0,False
2019,17,6,BAL,PIT,0.5504345439929372,1.0,0,18.0,True
2019,17,6,DAL,WAS,0.246135750780211,1.0,0,31.0,True
2019,17,6,HOU,TEN,-0.010245212364499,1.0,0,-21.0,False
2019,17,6,JAX,IND,-0.2276257315139451,1.0,0,18.0,True
2019,17,6,LA,ARI,-0.0712497311959445,1.0,0,7.0,True
2019,17,6,NYG,PHI,-0.012667902534772,1.0,0,-17.0,False
2019,17,6,SEA,SF,0.0274077497227174,1.0,0,-5.0,False
2019,17,10,BUF,NYJ,0.0700923867412246,1.0,0,-7.0,False
2019,17,10,CAR,NO,-0.3753128175296892,1.0,0,-32.0,False
2019,17,10,CIN,CLE,-0.0744674215823005,1.0,0,10.0,True
2019,17,10,DET,GB,-0.2138465700085857,1.0,1,-3.0,False
2019,17,10,KC,LAC,0.2792589662146987,1.0,0,10.0,True
2019,17,10,MIN,CHI,0.114452963727722,1.0,-1,-2.0,False
2019,17,10,NE,MIA,0.0856820252299017,1.0,0,-3.0,False
2019,17,10,TB,ATL,-0.0528176051669724,1.0,0,-6.0,False
2019,17,10,BAL,PIT,0.488460851701928,1.0,0,18.0,True
2019,17,10,DAL,WAS,0.2743633899052653,1.0,0,31.0,True
2019,17,10,HOU,TEN,0.0006190212156739,1.0,0,-21.0,False
2019,17,10,JAX,IND,-0.1603066754237138,1.0,0,18.0,True
2019,17,10,LA,ARI,-0.0196310532551428,1.0,0,7.0,True
2019,17,10,NYG,PHI,-0.0520473386000373,1.0,0,-17.0,False
2019,17,10,SEA,SF,0.0164483676439589,1.0,0,-5.0,False
2019,17,20,BUF,NYJ,0.0994365406332272,1.0,0,-7.0,False
2019,17,20,CAR,NO,-0.3261596504266916,1.0,0,-32.0,False
2019,17,20,CIN,CLE,-0.1006748666042894,1.0,0,10.0,True
2019,17,20,DET,GB,-0.1558327581265071,1.0,1,-3.0,False
2019,17,20,KC,LAC,0.2705127584148012,1.0,0,10.0,True
2019,17,20,MIN,CHI,0.1178028310921571,1.0,-1,-2.0,False
2019,17,20,NE,MIA,0.1537251329983686,1.0,0,-3.0,False
2019,17,20,TB,ATL,-0.0417935721102156,1.0,0,-6.0,False
2019,17,20,BAL,PIT,0.4408060841027105,1.0,0,18.0,True
2019,17,20,DAL,WAS,0.3005366166483364,1.0,0,31.0,True
2019,17,20,HOU,TEN,0.0098479724444377,1.0,0,-21.0,False
2019,17,20,JAX,IND,-0.1074149930697398,1.0,0,18.0,True
2019,17,20,LA,ARI,0.0196120341457192,1.0,0,7.0,True
2019,17,20,NYG,PHI,-0.0799518373521583,1.0,0,-17.0,False
2019,17,20,SEA,SF,0.0019044811950407,1.0,0,-5.0,False
2019,17,50,BUF,NYJ,0.1168786384884506,1.0,0,-7.0,False
2019,17,50,CAR,NO,-0.2958331190133977,1.0,0,-32.0,False
2019,17,50,CIN,CLE,-0.1145100655432563,1.0,0,10.0,True
2019,17,50,DET,GB,-0.1217086744468326,1.0,1,-3.0,False
2019,17,50,KC,LAC,0.2660993300623513,1.0,0,10.0,True
2019,17,50,MIN,CHI,0.1196262539252069,1.0,-1,-2.0,False
2019,17,50,NE,MIA,0.1991392627520751,1.0,0,-3.0,False
2019,17,50,TB,ATL,-0.0356743196058162,1.0,0,-6.0,False
2019,17,50,BAL,PIT,0.4128534221575015,1.0,0,18.0,True
2019,17,50,DAL,WAS,0.3181884376868115,1.0,0,31.0,True
2019,17,50,HOU,TEN,0.0154273913978432,1.0,0,-21.0,False
2019,17,50,JAX,IND,-0.0756147110096892,1.0,0,18.0,True
2019,17,50,LA,ARI,0.0431043776637058,1.0,0,7.0,True
2019,17,50,NYG,PHI,-0.0955844276668379,1.0,0,-17.0,False
2019,17,50,SEA,SF,-0.0094036744065138,1.0,0,-5.0,False
2019,17,100,BUF,NYJ,0.1226242451752528,1.0,0,-7.0,False
2019,17,100,CAR,NO,-0.2856815203136154,1.0,0,-32.0,False
2019,17,100,CIN,CLE,-0.11874946705104,1.0,0,10.0,True
2019,17,100,DET,GB,-0.1105180925726016,1.0,1,-3.0,False
2019,17,100,KC,LAC,0.2647693217665836,1.0,0,10.0,True
2019,17,100,MIN,CHI,0.1201881227084786,1.0,-1,-2.0,False
2019,17,100,NE,MIA,0.2149788368698039,1.0,0,-3.0,False
2019,17,100,TB,ATL,-0.0337235939113535,1.0,0,-6.0,False
2019,17,100,BAL,PIT,0.4037689118116057,1.0,0,18.0,True
2019,17,100,DAL,WAS,0.3243705170118831,1.0,0,31.0,True
2019,17,100,HOU,TEN,0.0172486680808694,1.0,0,-21.0,False
2019,17,100,JAX,IND,-0.065101069340586,1.0,0,18.0,True
2019,17,100,LA,ARI,0.0508988419046684,1.0,0,7.0,True
2019,17,100,NYG,PHI,-0.1005734570319396,1.0,0,-17.0,False
2019,17,100,SEA,SF,-0.0135801846448243,1.0,0,-5.0,False
2020,4,2,NYJ,DEN,0.106901791859743,1.0,0,-9.0,False
2020,4,2,CAR,ARI,0.2120975937909271,1.0,0,10.0,True
2020,4,2,CIN,JAX,0.0333150105653901,1.0,-3,8.0,True
2020,4,2,DAL,CLE,-0.3070616565045672,1.0,0,-11.0,False
2020,4,2,DET,NO,-0.0050014313701729,1.0,0,-6.0,False
2020,4,2,HOU,MIN,-0.0205374548127785,1.0,0,-8.0,False
2020,4,2,MIA,SEA,-0.0604675910343659,1.0,3,-8.0,False
2020,4,2,TB,LAC,0.1072520658916136,1.0,0,7.0,True
2020,4,2,WAS,BAL,-0.2193911674413058,1.0,1,-14.0,False
2020,4,2,LA,NYG,0.3366773333433631,1.0,0,8.0,True
2020,4,2,CHI,IND,-0.0826698273610013,1.0,0,-8.0,False
2020,4,2,LV,BUF,0.0150604103211137,1.0,0,-7.0,False
2020,4,2,SF,PHI,0.3515728667352564,1.0,0,-5.0,False
2020,4,2,KC,NE,0.3473791576405233,1.0,-1,16.0,True
2020,4,2,GB,ATL,0.1550571300817445,1.0,0,14.0,True
2020,4,4,NYJ,DEN,0.0832480899926073,1.0,0,-9.0,False
2020,4,4,CAR,ARI,0.1675312653658369,1.0,0,10.0,True
2020,4,4,CIN,JAX,-0.0473227655609231,1.0,-3,8.0,True
2020,4,4,DAL,CLE,-0.2702675768118568,1.0,0,-11.0,False
2020,4,4,DET,NO,-0.0547021608901796,1.0,0,-6.0,False
2020,4,4,HOU,MIN,0.0050523763551429,1.0,0,-8.0,False
2020,4,4,MIA,SEA,-0.1193674364287351,1.0,3,-8.0,False
2020,4,4,TB,LAC,0.046500629101591,1.0,0,7.0,True
2020,4,4,WAS,BAL,-0.2405403825684209,1.0,1,-14.0,False
2020,4,4,LA,NYG,0.3042004584527114,1.0,0,8.0,True
2020,4,4,CHI,IND,-0.0403180586721161,1.0,0,-8.0,False
2020,4,4,LV,BUF,-0.0169436966204131,1.0,0,-7.0,False
2020,4,4,SF,PHI,0.304619191224394,1.0,0,-5.0,False
2020,4,4,KC,NE,0.3034697632178911,1.0,-1,16.0,True
2020,4,4,GB,ATL,0.1810914580259726,1.0,0,14.0,True
2020,4,6,NYJ,DEN,0.0749674173601182,1.0,0,-9.0,False
2020,4,6,CAR,ARI,0.1529601736536784,1.0,0,10.0,True
2020,4,6,CIN,JAX,-0.0741634125736937,1.0,-3,8.0,True
2020,4,6,DAL,CLE,-0.256468955721871,1.0,0,-11.0,False
2020,4,6,DET,NO,-0.0710122501271226,1.0,0,-6.0,False
2020,4,6,HOU,MIN,0.0138248247114778,1.0,0,-8.0,False
2020,4,6,MIA,SEA,-0.1384824307326449,1.0,3,-8.0,False
2020,4,6,TB,LAC,0.0261606448425591,1.0,0,7.0,True
2020,4,6,WAS,BAL,-0.2478500192983013,1.0,1,-14.0,False
2020,4,6,LA,NYG,0.2936919005255541,1.0,0,8.0,True
2020,4,6,CHI,IND,-0.0250355276796037,1.0,0,-8.0,False
2020,4,6,LV,BUF,-0.027501855233373,1.0,0,-7.0,False
2020,4,6,SF,PHI,0.2893786199195726,1.0,0,-5.0,False
2020,4,6,KC,NE,0.2885126907801997,1.0,-1,16.0,True
2020,4,6,GB,ATL,0.190005224042795,1.0,0,14.0,True
2020,4,10,NYJ,DEN,0.0682116636711848,1.0,0,-9.0,False
2020,4,10,CAR,ARI,0.1414850983518589,1.0,0,10.0,True
2020,4,10,CIN,JAX,-0.0955238191823916,1.0,-3,8.0,True
2020,4,10,DAL,CLE,-0.2448898798708406,1.0,0,-11.0,False
2020,4,10,DET,NO,-0.0838960290162344,1.0,0,-6.0,False
2020,4,10,HOU,MIN,0.0208791913278556,1.0,0,-8.0,False
2020,4,10,MIA,SEA,-0.1535224945097494,1.0,3,-8.0,False
2020,4,10,TB,LAC,0.0099234805886935,1.0,0,7.0,True
2020,4,10,WAS,BAL,-0.2537847202979463,1.0,1,-14.0,False
2020,4,10,LA,NYG,0.2854398845756486,1.0,0,8.0,True
2020,4,10,CHI,IND,-0.0124376280863086,1.0,0,-8.0,False
2020,4,10,LV,BUF,-0.0358749255233626,1.0,0,-7.0,False
2020,4,10,SF,PHI,0.2773959980408059,1.0,0,-5.0,False
2020,4,10,KC,NE,0.2764859728214501,1.0,-1,16.0,True
2020,4,10,GB,ATL,0.1971920298036988,1.0,0,14.0,True
2020,4,20,NYJ,DEN,0.0630725700709604,1.0,0,-9.0,False
2020,4,20,CAR,ARI,0.1330070980172961,1.0,0,10.0,True
2020,4,20,CIN,JAX,-0.1114507101366774,1.0,-3,8.0,True
2020,4,20,DAL,CLE,-0.2358970486248522,1.0,0,-11.0,False
2020,4,20,DET,NO,-0.0934427906904232,1.0,0,-6.0,False
2020,4,20,HOU,MIN,0.0261749436554373,1.0,0,-8.0,False
2020,4,20,MIA,SEA,-0.1646376012207248,1.0,3,-8.0,False
2020,4,20,TB,LAC,-0.0022144619635255,1.0,0,7.0,True
2020,4,20,WAS,BAL,-0.2582838511675585,1.0,1,-14.0,False
2020,4,20,LA,NYG,0.2793523629752643,1.0,0,8.0,True
2020,4,20,CHI,IND,-0.0027887382303529,1.0,0,-8.0,False
2020,4,20,LV,BUF,-0.04210243349134,1.0,0,-7.0,False
2020,4,20,SF,PHI,0.268547974126528,1.0,0,-5.0,False
2020,4,20,KC,NE,0.267446926571906,1.0,-1,16.0,True
2020,4,20,GB,ATL,0.2026058243140326,1.0,0,14.0,True
2020,4,50,NYJ,DEN,0.0599608106299763,1.0,0,-9.0,False
2020,4,50,CAR,ARI,0.1279795552405664,1.0,0,10.0,True
2020,4,50,CIN,JAX,-0.1209601529891711,1.0,-3,8.0,True
2020,4,50,DAL,CLE,-0.2303768787785196,1.0,0,-11.0,False
2020,4,50,DET,NO,-0.099117179752414,1.0,0,-6.0,False
2020,4,50,HOU,MIN,0.0293493801256075,1.0,0,-8.0,False
2020,4,50,MIA,SEA,-0.171233597690046,1.0,3,-8.0,False
2020,4,50,TB,LAC,-0.0094749294239662,1.0,0,7.0,True
2020,4,50,WAS,BAL,-0.2610021972624307,1.0,1,-14.0,False
2020,4,50,LA,NYG,0.2757448307888623,1.0,0,8.0,True
2020,4,50,CHI,IND,0.0030777563197933,1.0,0,-8.0,False
2020,4,50,LV,BUF,-0.0458146722612552,1.0,0,-7.0,False
2020,4,50,SF,PHI,0.2633010213949849,1.0,0,-5.0,False
2020,4,50,KC,NE,0.2620207539380903,1.0,-1,16.0,True
2020,4,50,GB,ATL,0.2058611438167329,1.0,0,14.0,True
2020,4,100,NYJ,DEN,0.0589189971350382,1.0,0,-9.0,False
2020,4,100,CAR,ARI,0.1263142247631702,1.0,0,10.0,True
2020,4,100,CIN,JAX,-0.1241213574693414,1.0,-3,8.0,True
2020,4,100,DAL,CLE,-0.2285163622559474,1.0,0,-11.0,False
2020,4,100,DET,NO,-0.1009991096091488,1.0,0,-6.0,False
2020,4,100,HOU,MIN,0.0304064969289697,1.0,0,-8.0,False
2020,4,100,MIA,SEA,-0.1734195697795131,1.0,3,-8.0,False
2020,4,100,TB,LAC,-0.0118907740918385,1.0,0,7.0,True
2020,4,100,WAS,BAL,-0.2619113533753962,1.0,1,-14.0,False
2020,4,100,LA,NYG,0.2745501352039737,1.0,0,8.0,True
2020,4,100,CHI,IND,0.0050455485082964,1.0,0,-8.0,False
2020,4,100,LV,BUF,-0.0470477674560331,1.0,0,-7.0,False
2020,4,100,SF,PHI,0.2615628057331179,1.0,0,-5.0,False
2020,4,100,KC,NE,0.2602120938325257,1.0,-1,16.0,True
2020,4,100,GB,ATL,0.2069471463054648,1.0,0,14.0,True
2020,5,2,CHI,TB,-0.1549103364088538,1.0,0,1.0,True
2020,5,2,ATL,CAR,-0.2872528040004495,1.0,-1,-7.0,False
2020,5,2,BAL,CIN,0.0897582525073488,1.0,0,24.0,True
2020,5,2,HOU,JAX,0.0400550935648438,1.0,0,16.0,True
2020,5,2,KC,LV,0.139070495351602,1.0,-1,-8.0,False
2020,5,2,NYJ,ARI,0.1431195022343373,1.0,3,-20.0,False
2020,5,2,PIT,PHI,0.1534898437650588,1.0,7,9.0,True
2020,5,2,WAS,LA,-0.3697093267406478,1.0,0,-20.0,False
2020,5,2,SF,MIA,0.0441631755831275,1.0,0,-26.0,False
2020,5,2,CLE,IND,0.3130895308910024,1.0,0,9.0,True
2020,5,2,DAL,NYG,0.1196977487332997,1.0,0,3.0,True
2020,5,2,SEA,MIN,-0.0130814776838875,1.0,0,1.0,True
2020,5,2,NO,LAC,0.1053914579600549,1.0,0,3.0,True
2020,5,2,TEN,BUF,-0.1463327719325445,1.0,7,26.0,True
2020,5,4,CHI,TB,-0.1448914797768343,1.0,0,1.0,True
2020,5,4,ATL,CAR,-0.204598237726972,1.0,-1,-7.0,False
2020,5,4,BAL,CIN,0.1261577100848693,1.0,0,24.0,True
2020,5,4,HOU,JAX,-0.0143543704829706,1.0,0,16.0,True
2020,5,4,KC,LV,0.1162631074074385,1.0,-1,-8.0,False
2020,5,4,NYJ,ARI,0.059013630901163,1.0,3,-20.0,False
2020,5,4,PIT,PHI,0.1825794691661139,1.0,7,9.0,True
2020,5,4,WAS,LA,-0.3193747429875521,1.0,0,-20.0,False
2020,5,4,SF,MIA,0.0807559093684412,1.0,0,-26.0,False
2020,5,4,CLE,IND,0.297912731640753,1.0,0,9.0,True
2020,5,4,DAL,NYG,0.1525006374251893,1.0,0,3.0,True
2020,5,4,SEA,MIN,0.0447356799036241,1.0,0,1.0,True
2020,5,4,NO,LAC,0.1023787878186869,1.0,0,3.0,True
2020,5,4,TEN,BUF,-0.1443860732740833,1.0,7,26.0,True
2020,5,6,CHI,TB,-0.139053820666878,1.0,0,1.0,True
2020,5,6,ATL,CAR,-0.1785772297340062,1.0,-1,-7.0,False
2020,5,6,BAL,CIN,0.1414333115648894,1.0,0,24.0,True
2020,5,6,HOU,JAX,-0.0352607800992678,1.0,0,16.0,True
2020,5,6,KC,LV,0.1083568721784296,1.0,-1,-8.0,False
2020,5,6,NYJ,ARI,0.0303039889885381,1.0,3,-20.0,False
2020,5,6,PIT,PHI,0.1920821863368424,1.0,7,9.0,True
2020,5,6,WAS,LA,-0.3004772484667417,1.0,0,-20.0,False
2020,5,6,SF,MIA,0.0933951227850783,1.0,0,-26.0,False
2020,5,6,CLE,IND,0.2930449416026356,1.0,0,9.0,True
2020,5,6,DAL,NYG,0.1627957818028784,1.0,0,3.0,True
2020,5,6,SEA,MIN,0.0659209636020269,1.0,0,1.0,True
2020,5,6,NO,LAC,0.1009865630814861,1.0,0,3.0,True
2020,5,6,TEN,BUF,-0.1445122587131976,1.0,7,26.0,True
2020,5,10,CHI,TB,-0.1335028345625794,1.0,0,1.0,True
2020,5,10,ATL,CAR,-0.1584423257692239,1.0,-1,-7.0,False
2020,5,10,BAL,CIN,0.1547055978069725,1.0,0,24.0,True
2020,5,10,HOU,JAX,-0.0528690543277126,1.0,0,16.0,True
2020,5,10,KC,LV,0.1019805992860156,1.0,-1,-8.0,False
2020,5,10,NYJ,ARI,0.0072803886969162,1.0,3,-20.0,False
2020,5,10,PIT,PHI,0.1995555557060675,1.0,7,9.0,True
2020,5,10,WAS,LA,-0.2846815702296031,1.0,0,-20.0,False
2020,5,10,SF,MIA,0.1035847223646205,1.0,0,-26.0,False
2020,5,10,CLE,IND,0.2892283365983625,1.0,0,9.0,True
2020,5,10,DAL,NYG,0.1707789016220189,1.0,0,3.0,True
2020,5,10,SEA,MIN,0.08344264292687,1.0,0,1.0,True
2020,5,10,NO,LAC,0.0997589563339735,1.0,0,3.0,True
2020,5,10,TEN,BUF,-0.1449023131998658,1.0,7,26.0,True
2020,5,20,CHI,TB,-0.1288409436280392,1.0,0,1.0,True
2020,5,20,ATL,CAR,-0.1437715967207071,1.0,-1,-7.0,False
2020,5,20,BAL,CIN,0.165239523329967,1.0,0,24.0,True
2020,5,20,HOU,JAX,-0.0665469214456576,1.0,0,16.0,True
2020,5,20,KC,LV,0.0971862332498518,1.0,-1,-8.0,False
2020,5,20,NYJ,ARI,-0.0099627597914717,1.0,3,-20.0,False
2020,5,20,PIT,PHI,0.2050687640514567,1.0,7,9.0,True
2020,5,20,WAS,LA,-0.2724727304701627,1.0,0,-20.0,False
2020,5,20,SF,MIA,0.11124813380097,1.0,0,-26.0,False
2020,5,20,CLE,IND,0.2864104012107807,1.0,0,9.0,True
2020,5,20,DAL,NYG,0.1766150391047119,1.0,0,3.0,True
2020,5,20,SEA,MIN,0.0968757861761709,1.0,0,1.0,True
2020,5,20,NO,LAC,0.098781524188908,1.0,0,3.0,True
2020,5,20,TEN,BUF,-0.1453645241448263,1.0,7,26.0,True
2020,5,50,CHI,TB,-0.125844696291708,1.0,0,1.0,True
2020,5,50,ATL,CAR,-0.135155100251412,1.0,-1,-7.0,False
2020,5,50,BAL,CIN,0.17178665721392,1.0,0,24.0,True
2020,5,50,HOU,JAX,-0.0749332354231096,1.0,0,16.0,True
2020,5,50,KC,LV,0.0943099990361906,1.0,-1,-8.0,False
2020,5,50,NYJ,ARI,-0.0202812634340892,1.0,3,-20.0,False
2020,5,50,PIT,PHI,0.2083340661542698,1.0,7,9.0,True
2020,5,50,WAS,LA,-0.2650096146399478,1.0,0,-20.0,False
2020,5,50,SF,MIA,0.1158475519717815,1.0,0,-26.0,False
2020,5,50,CLE,IND,0.2847372059507778,1.0,0,9.0,True
2020,5,50,DAL,NYG,0.1800538961537128,1.0,0,3.0,True
2020,5,50,SEA,MIN,0.1050416247824797,1.0,0,1.0,True
2020,5,50,NO,LAC,0.0981749204188618,1.0,0,3.0,True
2020,5,50,TEN,BUF,-0.1457116650922294,1.0,7,26.0,True
2020,5,100,CHI,TB,-0.1248134781271539,1.0,0,1.0,True
2020,5,100,ATL,CAR,-0.1323147539749464,1.0,-1,-7.0,False
2020,5,100,BAL,CIN,0.1740055325509013,1.0,0,24.0,True
2020,5,100,HOU,JAX,-0.0777570446975691,1.0,0,16.0,True
2020,5,100,KC,LV,0.0933518685785307,1.0,-1,-8.0,False
2020,5,100,NYJ,ARI,-0.0237144432877028,1.0,3,-20.0,False
2020,5,100,PIT,PHI,0.2094149173739534,1.0,7,9.0,True
2020,5,100,WAS,LA,-0.2625001531055435,1.0,0,-20.0,False
2020,5,100,SF,MIA,0.1173801735462909,1.0,0,-26.0,False
2020,5,100,CLE,IND,0.2841822900184995,1.0,0,9.0,True
2020,5,100,DAL,NYG,0.1811896803597937,1.0,0,3.0,True
2020,5,100,SEA,MIN,0.1077797016351021,1.0,0,1.0,True
2020,5,100,NO,LAC,0.0979697052788827,1.0,0,3.0,True
2020,5,100,TEN,BUF,-0.145838994258713,1.0,7,26.0,True
2020,6,2,CAR,CHI,0.2474232305073717,1.0,-3,-7.0,False
2020,6,2,IND,CIN,0.0367265734407537,1.0,0,4.0,True
2020,6,2,JAX,DET,-0.1408015944555143,1.0,-7,-18.0,False
2020,6,2,MIN,ATL,0.1280305098259855,1.0,0,-17.0,False
2020,6,2,NE,DEN,0.0702441989761264,1.0,-4,-6.0,False
2020,6,2,NYG,WAS,0.1392261292044922,1.0,0,1.0,True
2020,6,2,PHI,BAL,-0.2670933188997301,1.0,0,-2.0,False
2020,6,2,PIT,CLE,-0.3377141426768094,1.0,0,31.0,True
2020,6,2,TEN,HOU,0.109361220485391,1.0,-2,6.0,True
2020,6,2,MIA,NYJ,0.2884081869876553,1.0,0,24.0,True
2020,6,2,TB,GB,-0.2610104588089932,1.0,-3,28.0,True
2020,6,2,SF,LA,-0.2417333704024188,1.0,0,8.0,True
2020,6,2,BUF,KC,-0.1434095063934394,1.0,-2,-9.0,False
2020,6,2,DAL,ARI,0.1630523230009504,1.0,0,-28.0,False
2020,6,4,CAR,CHI,0.2252849422775756,1.0,-3,-7.0,False
2020,6,4,IND,CIN,0.0394327468901177,1.0,0,4.0,True
2020,6,4,JAX,DET,-0.0881685344505584,1.0,-7,-18.0,False
2020,6,4,MIN,ATL,0.0624425559998713,1.0,0,-17.0,False
2020,6,4,NE,DEN,0.1058211030056281,1.0,-4,-6.0,False
2020,6,4,NYG,WAS,0.1214435002637422,1.0,0,1.0,True
2020,6,4,PHI,BAL,-0.2460565448327007,1.0,0,-2.0,False
2020,6,4,PIT,CLE,-0.2778070111436211,1.0,0,31.0,True
2020,6,4,TEN,HOU,0.0948213344752582,1.0,-2,6.0,True
2020,6,4,MIA,NYJ,0.209662018672106,1.0,0,24.0,True
2020,6,4,TB,GB,-0.2383083525994335,1.0,-3,28.0,True
2020,6,4,SF,LA,-0.1527845288304281,1.0,0,8.0,True
2020,6,4,BUF,KC,-0.1076567407218209,1.0,-2,-9.0,False
2020,6,4,DAL,ARI,0.1580860155344113,1.0,0,-28.0,False
2020,6,6,CAR,CHI,0.2152243827582813,1.0,-3,-7.0,False
2020,6,6,IND,CIN,0.0403221094550803,1.0,0,4.0,True
2020,6,6,JAX,DET,-0.0673140896535902,1.0,-7,-18.0,False
2020,6,6,MIN,ATL,0.0377526552680851,1.0,0,-17.0,False
2020,6,6,NE,DEN,0.1188228446626817,1.0,-4,-6.0,False
2020,6,6,NYG,WAS,0.1137440451144449,1.0,0,1.0,True
2020,6,6,PHI,BAL,-0.2422885841268906,1.0,0,-2.0,False
2020,6,6,PIT,CLE,-0.2549808837633112,1.0,0,31.0,True
2020,6,6,TEN,HOU,0.092964581966605,1.0,-2,6.0,True
2020,6,6,MIA,NYJ,0.1846489176438631,1.0,0,24.0,True
2020,6,6,TB,GB,-0.2336609686523679,1.0,-3,28.0,True
2020,6,6,SF,LA,-0.1256173153145718,1.0,0,8.0,True
2020,6,6,BUF,KC,-0.0941451195737545,1.0,-2,-9.0,False
2020,6,6,DAL,ARI,0.1556138291127246,1.0,0,-28.0,False
2020,6,10,CAR,CHI,0.2062911994620407,1.0,-3,-7.0,False
2020,6,10,IND,CIN,0.0408014005028704,1.0,0,4.0,True
2020,6,10,JAX,DET,-0.0495883088094492,1.0,-7,-18.0,False
2020,6,10,MIN,ATL,0.0171583347548636,1.0,0,-17.0,False
2020,6,10,NE,DEN,0.1295943983893089,1.0,-4,-6.0,False
2020,6,10,NYG,WAS,0.1069553443824457,1.0,0,1.0,True
2020,6,10,PHI,BAL,-0.2405733085511012,1.0,0,-2.0,False
2020,6,10,PIT,CLE,-0.2357750044635989,1.0,0,31.0,True
2020,6,10,TEN,HOU,0.0926234249046671,1.0,-2,6.0,True
2020,6,10,MIA,NYJ,0.1653335291885618,1.0,0,24.0,True
2020,6,10,TB,GB,-0.2311233073270269,1.0,-3,28.0,True
2020,6,10,SF,LA,-0.104932309518639,1.0,0,8.0,True
2020,6,10,BUF,KC,-0.0828313320371284,1.0,-2,-9.0,False
2020,6,10,DAL,ARI,0.1533994553478408,1.0,0,-28.0,False
2020,6,20,CAR,CHI,0.1991130704875432,1.0,-3,-7.0,False
2020,6,20,IND,CIN,0.040957790047552,1.0,0,4.0,True
2020,6,20,JAX,DET,-0.0357495480929385,1.0,-7,-18.0,False
2020,6,20,MIN,ATL,0.0012881088808492,1.0,0,-17.0,False
2020,6,20,NE,DEN,0.1378727983448178,1.0,-4,-6.0,False
2020,6,20,NYG,WAS,0.1015103640998096,1.0,0,1.0,True
2020,6,20,PHI,BAL,-0.2400668623097558,1.0,0,-2.0,False
2020,6,20,PIT,CLE,-0.2208531353442944,1.0,0,31.0,True
2020,6,20,TEN,HOU,0.0930316957424673,1.0,-2,6.0,True
2020,6,20,MIA,NYJ,0.1513210203013175,1.0,0,24.0,True
2020,6,20,TB,GB,-0.2299329226081288,1.0,-3,28.0,True
2020,6,20,SF,LA,-0.0900618187873018,1.0,0,8.0,True
2020,6,20,BUF,KC,-0.074081028201747,1.0,-2,-9.0,False
2020,6,20,DAL,ARI,0.1516263608081335,1.0,0,-28.0,False
2020,6,50,CAR,CHI,0.1946227808984169,1.0,-3,-7.0,False
2020,6,50,IND,CIN,0.0409483608018374,1.0,0,4.0,True
2020,6,50,JAX,DET,-0.0272441347867449,1.0,-7,-18.0,False
2020,6,50,MIN,ATL,-0.0083863547492113,1.0,0,-17.0,False
2020,6,50,NE,DEN,0.1429165625232931,1.0,-4,-6.0,False
2020,6,50,NYG,WAS,0.0981036859222787,1.0,0,1.0,True
2020,6,50,PHI,BAL,-0.2400878171656663,1.0,0,-2.0,False
2020,6,50,PIT,CLE,-0.2116985789794385,1.0,0,31.0,True
2020,6,50,TEN,HOU,0.0935455409531382,1.0,-2,6.0,True
2020,6,50,MIA,NYJ,0.1431278217436483,1.0,0,24.0,True
2020,6,50,TB,GB,-0.2295168452909698,1.0,-3,28.0,True
2020,6,50,SF,LA,-0.0814112444889093,1.0,0,8.0,True
2020,6,50,BUF,KC,-0.0687319122488714,1.0,-2,-9.0,False
2020,6,50,DAL,ARI,0.1505252702382556,1.0,0,-28.0,False
2020,6,100,CAR,CHI,0.1930969337865622,1.0,-3,-7.0,False
2020,6,100,IND,CIN,0.0409260712255802,1.0,0,4.0,True
2020,6,100,JAX,DET,-0.0243777004887245,1.0,-7,-18.0,False
2020,6,100,MIN,ATL,-0.0116341484303148,1.0,0,-17.0,False
2020,6,100,NE,DEN,0.1446100111320599,1.0,-4,-6.0,False
2020,6,100,NYG,WAS,0.0969455391354278,1.0,0,1.0,True
2020,6,100,PHI,BAL,-0.2401491378665473,1.0,0,-2.0,False
2020,6,100,PIT,CLE,-0.2086147411625171,1.0,0,31.0,True
2020,6,100,TEN,HOU,0.0937609726499373,1.0,-2,6.0,True
2020,6,100,MIA,NYJ,0.1404343230420885,1.0,0,24.0,True
2020,6,100,TB,GB,-0.229428157182663,1.0,-3,28.0,True
2020,6,100,SF,LA,-0.0785735536726056,1.0,0,8.0,True
2020,6,100,BUF,KC,-0.0669334923153796,1.0,-2,-9.0,False
2020,6,100,DAL,ARI,0.1501530265475409,1.0,0,-28.0,False
2020,7,2,PHI,NYG,0.0299263558635041,1.0,0,1.0,True
2020,7,2,ATL,DET,-0.131452283738069,1.0,0,-1.0,False
2020,7,2,CIN,CLE,-0.1421563655260679,1.0,0,-3.0,False
2020,7,2,HOU,GB,-0.0280171122286959,1.0,0,-15.0,False
2020,7,2,NO,CAR,0.077050664732562,1.0,6,3.0,True
2020,7,2,NYJ,BUF,-0.1205625190117637,1.0,1,-8.0,False
2020,7,2,TEN,PIT,-0.1090135804326079,1.0,0,-3.0,False
2020,7,2,WAS,DAL,-0.1608195926987178,1.0,1,22.0,True
2020,7,2,LV,TB,-0.013765221463442,1.0,7,-25.0,False
2020,7,2,DEN,KC,-0.3481576290357625,1.0,1,-27.0,False
2020,7,2,LAC,JAX,0.2020547202199716,1.0,6,10.0,True
2020,7,2,NE,SF,-0.0244004371523846,1.0,0,-27.0,False
2020,7,2,ARI,SEA,0.0057741549372384,1.0,-8,3.0,True
2020,7,2,LA,CHI,0.0337860615292485,1.0,0,14.0,True
2020,7,4,PHI,NYG,0.0197428083472782,1.0,0,1.0,True
2020,7,4,ATL,DET,-0.0905931031768409,1.0,0,-1.0,False
2020,7,4,CIN,CLE,-0.2097229325361209,1.0,0,-3.0,False
2020,7,4,HOU,GB,-0.1203609398047768,1.0,0,-15.0,False
2020,7,4,NO,CAR,0.0707239710803497,1.0,6,3.0,True
2020,7,4,NYJ,BUF,-0.1676251082039584,1.0,1,-8.0,False
2020,7,4,TEN,PIT,-0.0696096335997228,1.0,0,-3.0,False
2020,7,4,WAS,DAL,-0.2059882124132804,1.0,1,22.0,True
2020,7,4,LV,TB,0.0046860122130316,1.0,7,-25.0,False
2020,7,4,DEN,KC,-0.355821476828443,1.0,1,-27.0,False
2020,7,4,LAC,JAX,0.1610290111351519,1.0,6,10.0,True
2020,7,4,NE,SF,-0.0564775152024079,1.0,0,-27.0,False
2020,7,4,ARI,SEA,-0.0449442454604599,1.0,-8,3.0,True
2020,7,4,LA,CHI,0.0773803145933186,1.0,0,14.0,True
2020,7,6,PHI,NYG,0.0153229309329418,1.0,0,1.0,True
2020,7,6,ATL,DET,-0.0754938554339797,1.0,0,-1.0,False
2020,7,6,CIN,CLE,-0.2274431143320163,1.0,0,-3.0,False
2020,7,6,HOU,GB,-0.1496568493242432,1.0,0,-15.0,False
2020,7,6,NO,CAR,0.0724507252519541,1.0,6,3.0,True
2020,7,6,NYJ,BUF,-0.1890940620810735,1.0,1,-8.0,False
2020,7,6,TEN,PIT,-0.0599534140333288,1.0,0,-3.0,False
2020,7,6,WAS,DAL,-0.2186814607190896,1.0,1,22.0,True
2020,7,6,LV,TB,0.0120512659231699,1.0,7,-25.0,False
2020,7,6,DEN,KC,-0.3575332687623542,1.0,1,-27.0,False
2020,7,6,LAC,JAX,0.1448232868157796,1.0,6,10.0,True
2020,7,6,NE,SF,-0.062952286724985,1.0,0,-27.0,False
2020,7,6,ARI,SEA,-0.0590770981897584,1.0,-8,3.0,True
2020,7,6,LA,CHI,0.0878813035036472,1.0,0,14.0,True
2020,7,10,PHI,NYG,0.0115353422165588,1.0,0,1.0,True
2020,7,10,ATL,DET,-0.0631801550741658,1.0,0,-1.0,False
2020,7,10,CIN,CLE,-0.2395919523397378,1.0,0,-3.0,False
2020,7,10,HOU,GB,-0.1723169329913201,1.0,0,-15.0,False
2020,7,10,NO,CAR,0.0753031731790074,1.0,6,3.0,True
2020,7,10,NYJ,BUF,-0.2081795494948424,1.0,1,-8.0,False
2020,7,10,TEN,PIT,-0.053458874179846,1.0,0,-3.0,False
2020,7,10,WAS,DAL,-0.2277634709868596,1.0,1,22.0,True
2020,7,10,LV,TB,0.0184410395065358,1.0,7,-25.0,False
2020,7,10,DEN,KC,-0.3584746082707775,1.0,1,-27.0,False
2020,7,10,LAC,JAX,0.1310297887209361,1.0,6,10.0,True
2020,7,10,NE,SF,-0.066181916764524,1.0,0,-27.0,False
2020,7,10,ARI,SEA,-0.0691513859507892,1.0,-8,3.0,True
2020,7,10,LA,CHI,0.094510250027573,1.0,0,14.0,True
2020,7,20,PHI,NYG,0.0085897225197363,1.0,0,1.0,True
2020,7,20,ATL,DET,-0.0538993352217669,1.0,0,-1.0,False
2020,7,20,CIN,CLE,-0.2474547737466109,1.0,0,-3.0,False
2020,7,20,HOU,GB,-0.1888107382498402,1.0,0,-15.0,False
2020,7,20,NO,CAR,0.0782931897064459,1.0,6,3.0,True
2020,7,20,NYJ,BUF,-0.2235255050753014,1.0,1,-8.0,False
2020,7,20,TEN,PIT,-0.0492700003105257,1.0,0,-3.0,False
2020,7,20,WAS,DAL,-0.2339020763034014,1.0,1,22.0,True
2020,7,20,LV,TB,0.023535081009496,1.0,7,-25.0,False
2020,7,20,DEN,KC,-0.358904825476862,1.0,1,-27.0,False
2020,7,20,LAC,JAX,0.1202467276477662,1.0,6,10.0,True
2020,7,20,NE,SF,-0.0673888891780251,1.0,0,-27.0,False
2020,7,20,ARI,SEA,-0.0759479478504356,1.0,-8,3.0,True
2020,7,20,LA,CHI,0.0983836668948141,1.0,0,14.0,True
2020,7,50,PHI,NYG,0.0067926119439225,1.0,0,1.0,True
2020,7,50,ATL,DET,-0.0483394557291409,1.0,0,-1.0,False
2020,7,50,CIN,CLE,-0.2516429172324319,1.0,0,-3.0,False
2020,7,50,HOU,GB,-0.1984897312952874,1.0,0,-15.0,False
2020,7,50,NO,CAR,0.0804293844891621,1.0,6,3.0,True
2020,7,50,NYJ,BUF,-0.2331283864021392,1.0,1,-8.0,False
2020,7,50,TEN,PIT,-0.0470227565070747,1.0,0,-3.0,False
2020,7,50,WAS,DAL,-0.2372978201640126,1.0,1,22.0,True
2020,7,50,LV,TB,0.0267177973200741,1.0,7,-25.0,False
2020,7,50,DEN,KC,-0.3590436825980333,1.0,1,-27.0,False
2020,7,50,LAC,JAX,0.1136135527055004,1.0,6,10.0,True
2020,7,50,NE,SF,-0.0675984540825821,1.0,0,-27.0,False
2020,7,50,ARI,SEA,-0.0797064541574563,1.0,-8,3.0,True
2020,7,50,LA,CHI,0.100242140892903,1.0,0,14.0,True
2020,7,100,PHI,NYG,0.0061900305058534,1.0,0,1.0,True
2020,7,100,ATL,DET,-0.04649035599112,1.0,0,-1.0,False
2020,7,100,CIN,CLE,-0.2529494169159255,1.0,0,-3.0,False
2020,7,100,HOU,GB,-0.2016789495758313,1.0,0,-15.0,False
2020,7,100,NO,CAR,0.0811973015859696,1.0,6,3.0,True
2020,7,100,NYJ,BUF,-0.2363919800233963,1.0,1,-8.0,False
2020,7,100,TEN,PIT,-0.0463163181713575,1.0,0,-3.0,False
2020,7,100,WAS,DAL,-0.2383810310866601,1.0,1,22.0,True
2020,7,100,LV,TB,0.0277998711063807,1.0,7,-25.0,False
2020,7,100,DEN,KC,-0.3590696497727279,1.0,1,-27.0,False
2020,7,100,LAC,JAX,0.1113771865743602,1.0,6,10.0,True
2020,7,100,NE,SF,-0.0675816690028136,1.0,0,-27.0,False
2020,7,100,ARI,SEA,-0.0809056952833987,1.0,-8,3.0,True
2020,7,100,LA,CHI,0.1007830717061756,1.0,0,14.0,True
2020,8,2,CAR,ATL,0.0230310358125448,1.0,0,-8.0,False
2020,8,2,BAL,PIT,0.0750325904631725,1.0,7,-4.0,False
2020,8,2,BUF,NE,0.1618177481192657,1.0,0,3.0,True
2020,8,2,CIN,TEN,-0.0652138995595157,1.0,0,11.0,True
2020,8,2,CLE,LV,0.026120956704457,1.0,0,-10.0,False
2020,8,2,DET,IND,0.191357239312651,1.0,-7,-20.0,False
2020,8,2,GB,MIN,0.3335118855120914,1.0,-7,-6.0,False
2020,8,2,KC,NYJ,0.4594338815209127,1.0,0,26.0,True
2020,8,2,MIA,LA,0.1299114994045946,1.0,8,11.0,True
2020,8,2,DEN,LAC,-0.2598206527626929,1.0,0,1.0,True
2020,8,2,CHI,NO,-0.2102047232585898,1.0,-1,-3.0,False
2020,8,2,SEA,SF,-0.0374745790527813,1.0,0,10.0,True
2020,8,2,PHI,DAL,0.1767079806218387,1.0,3,14.0,True
2020,8,2,NYG,TB,-0.1841136610522188,1.0,3,-2.0,False
2020,8,4,CAR,ATL,0.0531855763687382,1.0,0,-8.0,False
2020,8,4,BAL,PIT,0.0348967197253125,1.0,7,-4.0,False
2020,8,4,BUF,NE,0.1401854730594273,1.0,0,3.0,True
2020,8,4,CIN,TEN,-0.0721499247968388,1.0,0,11.0,True
2020,8,4,CLE,LV,0.0729190395682092,1.0,0,-10.0,False
2020,8,4,DET,IND,0.1382162700248464,1.0,-7,-20.0,False
2020,8,4,GB,MIN,0.3525255859847644,1.0,-7,-6.0,False
2020,8,4,KC,NYJ,0.4075635636154607,1.0,0,26.0,True
2020,8,4,MIA,LA,0.035607254205236,1.0,8,11.0,True
2020,8,4,DEN,LAC,-0.2375608934832747,1.0,0,1.0,True
2020,8,4,CHI,NO,-0.2286952407099158,1.0,-1,-3.0,False
2020,8,4,SEA,SF,0.0119584367998892,1.0,0,10.0,True
2020,8,4,PHI,DAL,0.0714698747865546,1.0,3,14.0,True
2020,8,4,NYG,TB,-0.1885046836961788,1.0,3,-2.0,False
2020,8,6,CAR,ATL,0.0597318997142201,1.0,0,-8.0,False
2020,8,6,BAL,PIT,0.0230735634075636,1.0,7,-4.0,False
2020,8,6,BUF,NE,0.1375571033400345,1.0,0,3.0,True
2020,8,6,CIN,TEN,-0.0762455483786384,1.0,0,11.0,True
2020,8,6,CLE,LV,0.0866214813874439,1.0,0,-10.0,False
2020,8,6,DET,IND,0.1203617623936921,1.0,-7,-20.0,False
2020,8,6,GB,MIN,0.3654352161361431,1.0,-7,-6.0,False
2020,8,6,KC,NYJ,0.3916873142529763,1.0,0,26.0,True
2020,8,6,MIA,LA,0.0050210247754836,1.0,8,11.0,True
2020,8,6,DEN,LAC,-0.2324759023227188,1.0,0,1.0,True
2020,8,6,CHI,NO,-0.2346661776652297,1.0,-1,-3.0,False
2020,8,6,SEA,SF,0.0271972989428777,1.0,0,10.0,True
2020,8,6,PHI,DAL,0.0356169191290515,1.0,3,14.0,True
2020,8,6,NYG,TB,-0.1885651328174455,1.0,3,-2.0,False
2020,8,10,CAR,ATL,0.0632365425605459,1.0,0,-8.0,False
2020,8,10,BAL,PIT,0.0145268546531122,1.0,7,-4.0,False
2020,8,10,BUF,NE,0.1369221889348247,1.0,0,3.0,True
2020,8,10,CIN,TEN,-0.0802257422436187,1.0,0,11.0,True
2020,8,10,CLE,LV,0.0960484237499255,1.0,0,-10.0,False
2020,8,10,DET,IND,0.1066349769092851,1.0,-7,-20.0,False
2020,8,10,GB,MIN,0.377911088414118,1.0,-7,-6.0,False
2020,8,10,KC,NYJ,0.3798666158327529,1.0,0,26.0,True
2020,8,10,MIA,LA,-0.0186674590238836,1.0,8,11.0,True
2020,8,10,DEN,LAC,-0.2293170759636239,1.0,0,1.0,True
2020,8,10,CHI,NO,-0.239146437239808,1.0,-1,-3.0,False
2020,8,10,SEA,SF,0.0389349652011362,1.0,0,10.0,True
2020,8,10,PHI,DAL,0.0072873297956794,1.0,3,14.0,True
2020,8,10,NYG,TB,-0.187911522794937,1.0,3,-2.0,False
2020,8,20,CAR,ATL,0.0647706716429999,1.0,0,-8.0,False
2020,8,20,BAL,PIT,0.0087450443774167,1.0,7,-4.0,False
2020,8,20,BUF,NE,0.1371967475281911,1.0,0,3.0,True
2020,8,20,CIN,TEN,-0.0836238141825333,1.0,0,11.0,True
2020,8,20,CLE,LV,0.1019863196666391,1.0,0,-10.0,False
2020,8,20,DET,IND,0.0968598862165313,1.0,-7,-20.0,False
2020,8,20,GB,MIN,0.3884209112420238,1.0,-7,-6.0,False
2020,8,20,KC,NYJ,0.3716111394362961,1.0,0,26.0,True
2020,8,20,MIA,LA,-0.0358582509383349,1.0,8,11.0,True
2020,8,20,DEN,LAC,-0.2274748488160286,1.0,0,1.0,True
2020,8,20,CHI,NO,-0.2422710640293229,1.0,-1,-3.0,False
2020,8,20,SEA,SF,0.0474806548052322,1.0,0,10.0,True
2020,8,20,PHI,DAL,-0.0135656860263809,1.0,3,14.0,True
2020,8,20,NYG,TB,-0.1869648559539411,1.0,3,-2.0,False
2020,8,50,CAR,ATL,0.0652268029590987,1.0,0,-8.0,False
2020,8,50,BAL,PIT,0.0055612430234711,1.0,7,-4.0,False
2020,8,50,BUF,NE,0.1376320817844,1.0,0,3.0,True
2020,8,50,CIN,TEN,-0.0858303260323619,1.0,0,11.0,True
2020,8,50,CLE,LV,0.1050186262719814,1.0,0,-10.0,False
2020,8,50,DET,IND,0.0912671727024919,1.0,-7,-20.0,False
2020,8,50,GB,MIN,0.3951671003300205,1.0,-7,-6.0,False
2020,8,50,KC,NYJ,0.366934508756265,1.0,0,26.0,True
2020,8,50,MIA,LA,-0.0459038890664971,1.0,8,11.0,True
2020,8,50,DEN,LAC,-0.2265816189265135,1.0,0,1.0,True
2020,8,50,CHI,NO,-0.2440315573258164,1.0,-1,-3.0,False
2020,8,50,SEA,SF,0.0525051070414227,1.0,0,10.0,True
2020,8,50,PHI,DAL,-0.0258611996783281,1.0,3,14.0,True
2020,8,50,NYG,TB,-0.1861977753466844,1.0,3,-2.0,False
2020,8,100,CAR,ATL,0.0653008475966687,1.0,0,-8.0,False
2020,8,100,BAL,PIT,0.0045500649349035,1.0,7,-4.0,False
2020,8,100,BUF,NE,0.1378180214052584,1.0,0,3.0,True
2020,8,100,CIN,TEN,-0.0865933314079822,1.0,0,11.0,True
2020,8,100,CLE,LV,0.1059350325307794,1.0,0,-10.0,False
2020,8,100,DET,IND,0.0894541341110478,1.0,-7,-20.0,False
2020,8,100,GB,MIN,0.3974855358753799,1.0,-7,-6.0,False
2020,8,100,KC,NYJ,0.3654240749452159,1.0,0,26.0,True
2020,8,100,MIA,LA,-0.049204684733864,1.0,8,11.0,True
2020,8,100,DEN,LAC,-0.2263185071227742,1.0,0,1.0,True
2020,8,100,CHI,NO,-0.244597705842354,1.0,-1,-3.0,False
2020,8,100,SEA,SF,0.054163115201785,1.0,0,10.0,True
2020,8,100,PHI,DAL,-0.0299184229885806,1.0,3,14.0,True
2020,8,100,NYG,TB,-0.1859079883468917,1.0,3,-2.0,False
2020,9,2,SF,GB,-0.1076175396415386,1.0,0,-17.0,False
2020,9,2,ATL,DEN,0.2536078906804598,1.0,3,7.0,True
2020,9,2,BUF,SEA,-0.1464192188479245,1.0,0,10.0,True
2020,9,2,IND,BAL,-0.2114137188070432,1.0,0,-14.0,False
2020,9,2,JAX,HOU,-0.1499247171151717,1.0,0,-2.0,False
2020,9,2,KC,CAR,0.3534530015592406,1.0,-3,2.0,True
2020,9,2,MIN,DET,-0.0043876930483463,1.0,0,14.0,True
2020,9,2,TEN,CHI,0.1646963628727034,1.0,0,7.0,True
2020,9,2,WAS,NYG,-0.0208888694294974,1.0,8,-3.0,False
2020,9,2,LAC,LV,-0.0231293510053254,1.0,0,-5.0,False
2020,9,2,ARI,MIA,-0.108537473942424,1.0,7,-3.0,False
2020,9,2,DAL,PIT,-0.0525618075116742,1.0,0,-5.0,False
2020,9,2,TB,NO,-0.1299753746628555,1.0,-1,-35.0,False
2020,9,2,NYJ,NE,-0.230937978057858,1.0,0,-3.0,False
2020,9,4,SF,GB,-0.1546143392114927,1.0,0,-17.0,False
2020,9,4,ATL,DEN,0.2298667890704188,1.0,3,7.0,True
2020,9,4,BUF,SEA,-0.0999060424671502,1.0,0,10.0,True
2020,9,4,IND,BAL,-0.1877650811223213,1.0,0,-14.0,False
2020,9,4,JAX,HOU,-0.1405516699853353,1.0,0,-2.0,False
2020,9,4,KC,CAR,0.2509948427299422,1.0,-3,2.0,True
2020,9,4,MIN,DET,-0.0567685540614858,1.0,0,14.0,True
2020,9,4,TEN,CHI,0.1581478020640088,1.0,0,7.0,True
2020,9,4,WAS,NYG,-0.0704217239205401,1.0,8,-3.0,False
2020,9,4,LAC,LV,-0.0357682328321653,1.0,0,-5.0,False
2020,9,4,ARI,MIA,-0.0647820900004287,1.0,7,-3.0,False
2020,9,4,DAL,PIT,-0.0979828488705704,1.0,0,-5.0,False
2020,9,4,TB,NO,-0.0995947289283003,1.0,-1,-35.0,False
2020,9,4,NYJ,NE,-0.1894798933246557,1.0,0,-3.0,False
2020,9,6,SF,GB,-0.1759580546995638,1.0,0,-17.0,False
2020,9,6,ATL,DEN,0.2229666284272751,1.0,3,7.0,True
2020,9,6,BUF,SEA,-0.0823640848766856,1.0,0,10.0,True
2020,9,6,IND,BAL,-0.1775571594369084,1.0,0,-14.0,False
2020,9,6,JAX,HOU,-0.1294468544783396,1.0,0,-2.0,False
2020,9,6,KC,CAR,0.2190282178062824,1.0,-3,2.0,True
2020,9,6,MIN,DET,-0.0724768780198376,1.0,0,14.0,True
2020,9,6,TEN,CHI,0.155675477970031,1.0,0,7.0,True
2020,9,6,WAS,NYG,-0.0816376558279942,1.0,8,-3.0,False
2020,9,6,LAC,LV,-0.0390355930952713,1.0,0,-5.0,False
2020,9,6,ARI,MIA,-0.0362164490386505,1.0,7,-3.0,False
2020,9,6,DAL,PIT,-0.1082566864471665,1.0,0,-5.0,False
2020,9,6,TB,NO,-0.0921123411342945,1.0,-1,-35.0,False
2020,9,6,NYJ,NE,-0.1804231400709127,1.0,0,-3.0,False
2020,9,10,SF,GB,-0.194515644710603,1.0,0,-17.0,False
2020,9,10,ATL,DEN,0.2180040846357525,1.0,3,7.0,True
2020,9,10,BUF,SEA,-0.0676131742051343,1.0,0,10.0,True
2020,9,10,IND,BAL,-0.1695413563044809,1.0,0,-14.0,False
2020,9,10,JAX,HOU,-0.1176078648506527,1.0,0,-2.0,False
2020,9,10,KC,CAR,0.1952157514738393,1.0,-3,2.0,True
2020,9,10,MIN,DET,-0.0846881386540981,1.0,0,14.0,True
2020,9,10,TEN,CHI,0.1536087037855252,1.0,0,7.0,True
2020,9,10,WAS,NYG,-0.0882521112879707,1.0,8,-3.0,False
2020,9,10,LAC,LV,-0.0409939039120861,1.0,0,-5.0,False
2020,9,10,ARI,MIA,-0.0091394810928965,1.0,7,-3.0,False
2020,9,10,DAL,PIT,-0.1145027840917114,1.0,0,-5.0,False
2020,9,10,TB,NO,-0.0875651700223814,1.0,-1,-35.0,False
2020,9,10,NYJ,NE,-0.1757268872260538,1.0,0,-3.0,False
2020,9,20,SF,GB,-0.2090608215828192,1.0,0,-17.0,False
2020,9,20,ATL,DEN,0.2146362205094107,1.0,3,7.0,True
2020,9,20,BUF,SEA,-0.0561746800941709,1.0,0,10.0,True
2020,9,20,IND,BAL,-0.1639598780503273,1.0,0,-14.0,False
2020,9,20,JAX,HOU,-0.1070599541303868,1.0,0,-2.0,False
2020,9,20,KC,CAR,0.1786423526382521,1.0,-3,2.0,True
2020,9,20,MIN,DET,-0.0937519810339634,1.0,0,14.0,True
2020,9,20,TEN,CHI,0.1520158216568129,1.0,0,7.0,True
2020,9,20,WAS,NYG,-0.0917574380286574,1.0,8,-3.0,False
2020,9,20,LAC,LV,-0.0420149893501625,1.0,0,-5.0,False
2020,9,20,ARI,MIA,0.0132290626716601,1.0,7,-3.0,False
2020,9,20,DAL,PIT,-0.1180368825853196,1.0,0,-5.0,False
2020,9,20,TB,NO,-0.0851070832550618,1.0,-1,-35.0,False
2020,9,20,NYJ,NE,-0.1738820131252975,1.0,0,-3.0,False
2020,9,50,SF,GB,-0.2179690297256989,1.0,0,-17.0,False
2020,9,50,ATL,DEN,0.212764251145064,1.0,3,7.0,True
2020,9,50,BUF,SEA,-0.0491768743530874,1.0,0,10.0,True
2020,9,50,IND,BAL,-0.1608923308756494,1.0,0,-14.0,False
2020,9,50,JAX,HOU,-0.1000741742369554,1.0,0,-2.0,False
2020,9,50,KC,CAR,0.1692944753178898,1.0,-3,2.0,True
2020,9,50,MIN,DET,-0.0991877057437347,1.0,0,14.0,True
2020,9,50,TEN,CHI,0.151046186959753,1.0,0,7.0,True
2020,9,50,WAS,NYG,-0.0932482256814175,1.0,8,-3.0,False
2020,9,50,LAC,LV,-0.0424304313029521,1.0,0,-5.0,False
2020,9,50,ARI,MIA,0.0273626373976947,1.0,7,-3.0,False
2020,9,50,DAL,PIT,-0.119694337685761,1.0,0,-5.0,False
2020,9,50,TB,NO,-0.0840499602650984,1.0,-1,-35.0,False
2020,9,50,NYJ,NE,-0.1735087663108613,1.0,0,-3.0,False
2020,9,100,SF,GB,-0.2209606899207286,1.0,0,-17.0,False
2020,9,100,ATL,DEN,0.2121649632461427,1.0,3,7.0,True
2020,9,100,BUF,SEA,-0.0468242884809472,1.0,0,10.0,True
2020,9,100,IND,BAL,-0.1599271463841355,1.0,0,-14.0,False
2020,9,100,JAX,HOU,-0.0976399534953688,1.0,0,-2.0,False
2020,9,100,KC,CAR,0.1662837470160824,1.0,-3,2.0,True
2020,9,100,MIN,DET,-0.1010029437841394,1.0,0,14.0,True
2020,9,100,TEN,CHI,0.1507211008911878,1.0,0,7.0,True
2020,9,100,WAS,NYG,-0.0936424778265755,1.0,8,-3.0,False
2020,9,100,LAC,LV,-0.0425352243470319,1.0,0,-5.0,False
2020,9,100,ARI,MIA,0.0321782502221322,1.0,7,-3.0,False
2020,9,100,DAL,PIT,-0.1201713782608214,1.0,0,-5.0,False
2020,9,100,TB,NO,-0.0837691941640593,1.0,-1,-35.0,False
2020,9,100,NYJ,NE,-0.1735099909867724,1.0,0,-3.0,False
2020,10,2,TEN,IND,0.0150683464198215,1.0,0,-17.0,False
2020,10,2,CAR,TB,0.0449029395233597,1.0,0,-23.0,False
2020,10,2,CLE,HOU,0.0352767563074002,1.0,7,3.0,True
2020,10,2,DET,WAS,0.0745774613595705,1.0,0,3.0,True
2020,10,2,GB,JAX,0.325362516359333,1.0,3,4.0,True
2020,10,2,NYG,PHI,0.0938109721028368,1.0,-7,10.0,True
2020,10,2,ARI,BUF,-0.0403660280698817,1.0,0,2.0,True
2020,10,2,LV,DEN,0.4157206528661888,1.0,0,25.0,True
2020,10,2,MIA,LAC,0.1219726085473166,1.0,0,8.0,True
2020,10,2,LA,SEA,0.001886577520348,1.0,7,7.0,True
2020,10,2,NO,SF,0.6235907108231344,1.0,-3,14.0,True
2020,10,2,PIT,CIN,-0.0915919939620977,1.0,-7,26.0,True
2020,10,2,NE,BAL,-0.1739898897950712,1.0,-1,6.0,True
2020,10,2,CHI,MIN,-0.4015943633082911,1.0,0,-6.0,False
2020,10,4,TEN,IND,0.0418735449271713,1.0,0,-17.0,False
2020,10,4,CAR,TB,0.0082493610012019,1.0,0,-23.0,False
2020,10,4,CLE,HOU,0.0930161368160926,1.0,7,3.0,True
2020,10,4,DET,WAS,0.1386076735956991,1.0,0,3.0,True
2020,10,4,GB,JAX,0.3251927369913195,1.0,3,4.0,True
2020,10,4,NYG,PHI,0.0646929756637252,1.0,-7,10.0,True
2020,10,4,ARI,BUF,-0.0341786872161197,1.0,0,2.0,True
2020,10,4,LV,DEN,0.3598921321885278,1.0,0,25.0,True
2020,10,4,MIA,LAC,0.0815702780870466,1.0,0,8.0,True
2020,10,4,LA,SEA,-0.0354778141967029,1.0,7,7.0,True
2020,10,4,NO,SF,0.411799743593879,1.0,-3,14.0,True
2020,10,4,PIT,CIN,-0.0317886476023186,1.0,-7,26.0,True
2020,10,4,NE,BAL,-0.1725527166356171,1.0,-1,6.0,True
2020,10,4,CHI,MIN,-0.2531484309388611,1.0,0,-6.0,False
2020,10,6,TEN,IND,0.0485715450773094,1.0,0,-17.0,False
2020,10,6,CAR,TB,0.0017414628890275,1.0,0,-23.0,False
2020,10,6,CLE,HOU,0.112692525324794,1.0,7,3.0,True
2020,10,6,DET,WAS,0.1594997910623283,1.0,0,3.0,True
2020,10,6,GB,JAX,0.3250733739881773,1.0,3,4.0,True
2020,10,6,NYG,PHI,0.05570125270348,1.0,-7,10.0,True
2020,10,6,ARI,BUF,-0.0387872697501557,1.0,0,2.0,True
2020,10,6,LV,DEN,0.3416776699562265,1.0,0,25.0,True
2020,10,6,MIA,LAC,0.0564515758791104,1.0,0,8.0,True
2020,10,6,LA,SEA,-0.0483735297245405,1.0,7,7.0,True
2020,10,6,NO,SF,0.3479168668447102,1.0,-3,14.0,True
2020,10,6,PIT,CIN,-0.0072227128111956,1.0,-7,26.0,True
2020,10,6,NE,BAL,-0.1672493703053584,1.0,-1,6.0,True
2020,10,6,CHI,MIN,-0.2045393561374891,1.0,0,-6.0,False
2020,10,10,TEN,IND,0.0529705442196468,1.0,0,-17.0,False
2020,10,10,CAR,TB,-0.0016128756194198,1.0,0,-23.0,False
2020,10,10,CLE,HOU,0.1277943734793912,1.0,7,3.0,True
2020,10,10,DET,WAS,0.1748366646832708,1.0,0,3.0,True
2020,10,10,GB,JAX,0.3242874297257173,1.0,3,4.0,True
2020,10,10,NYG,PHI,0.0487972703550048,1.0,-7,10.0,True
2020,10,10,ARI,BUF,-0.0448135905798269,1.0,0,2.0,True
2020,10,10,LV,DEN,0.327829071598646,1.0,0,25.0,True
2020,10,10,MIA,LAC,0.0317186362479713,1.0,0,8.0,True
2020,10,10,LA,SEA,-0.0589279971853215,1.0,7,7.0,True
2020,10,10,NO,SF,0.3010350380303491,1.0,-3,14.0,True
2020,10,10,PIT,CIN,0.0138478935007369,1.0,-7,26.0,True
2020,10,10,NE,BAL,-0.1609807958783042,1.0,-1,6.0,True
2020,10,10,CHI,MIN,-0.1670115742856611,1.0,0,-6.0,False
2020,10,20,TEN,IND,0.0557462724474748,1.0,0,-17.0,False
2020,10,20,CAR,TB,-0.0031846574319364,1.0,0,-23.0,False
2020,10,20,CLE,HOU,0.1384658433754205,1.0,7,3.0,True
2020,10,20,DET,WAS,0.1851656813932603,1.0,0,3.0,True
2020,10,20,GB,JAX,0.3230959082284762,1.0,3,4.0,True
2020,10,20,NYG,PHI,0.0438040506117439,1.0,-7,10.0,True
2020,10,20,ARI,BUF,-0.0505649845129379,1.0,0,2.0,True
2020,10,20,LV,DEN,0.3180314694252769,1.0,0,25.0,True
2020,10,20,MIA,LAC,0.0106190755755228,1.0,0,8.0,True
2020,10,20,LA,SEA,-0.0670021866026783,1.0,7,7.0,True
2020,10,20,NO,SF,0.2687589688064806,1.0,-3,14.0,True
2020,10,20,PIT,CIN,0.030318707186324,1.0,-7,26.0,True
2020,10,20,NE,BAL,-0.1551413115450051,1.0,-1,6.0,True
2020,10,20,CHI,MIN,-0.1398565301082698,1.0,0,-6.0,False
2020,10,50,TEN,IND,0.0572219214422849,1.0,0,-17.0,False
2020,10,50,CAR,TB,-0.0037895528878457,1.0,0,-23.0,False
2020,10,50,CLE,HOU,0.1445123202433996,1.0,7,3.0,True
2020,10,50,DET,WAS,0.1907801275830963,1.0,0,3.0,True
2020,10,50,GB,JAX,0.3220785071152551,1.0,3,4.0,True
2020,10,50,NYG,PHI,0.0408896295024742,1.0,-7,10.0,True
2020,10,50,ARI,BUF,-0.0544663576623731,1.0,0,2.0,True
2020,10,50,LV,DEN,0.3124384963677634,1.0,0,25.0,True
2020,10,50,MIA,LAC,-0.0029950890522762,1.0,0,8.0,True
2020,10,50,LA,SEA,-0.0719164466526025,1.0,7,7.0,True
2020,10,50,NO,SF,0.2506766111592511,1.0,-3,14.0,True
2020,10,50,PIT,CIN,0.0404157603721636,1.0,-7,26.0,True
2020,10,50,NE,BAL,-0.1512064143434231,1.0,-1,6.0,True
2020,10,50,CHI,MIN,-0.1240106558459044,1.0,0,-6.0,False
2020,10,100,TEN,IND,0.05768578613036,1.0,0,-17.0,False
2020,10,100,CAR,TB,-0.0039404007889012,1.0,0,-23.0,False
2020,10,100,CLE,HOU,0.1464596615531447,1.0,7,3.0,True
2020,10,100,DET,WAS,0.1925455097834903,1.0,0,3.0,True
2020,10,100,GB,JAX,0.3216839752971537,1.0,3,4.0,True
2020,10,100,NYG,PHI,0.0399323137233095,1.0,-7,10.0,True
2020,10,100,ARI,BUF,-0.0558352224416037,1.0,0,2.0,True
2020,10,100,LV,DEN,0.3106254915515062,1.0,0,25.0,True
2020,10,100,MIA,LAC,-0.0076795722975814,1.0,0,8.0,True
2020,10,100,LA,SEA,-0.0735665050732491,1.0,7,7.0,True
2020,10,100,NO,SF,0.244870388216739,1.0,-3,14.0,True
2020,10,100,PIT,CIN,0.0438103587061623,1.0,-7,26.0,True
2020,10,100,NE,BAL,-0.1498282918953091,1.0,-1,6.0,True
2020,10,100,CHI,MIN,-0.1188058846744246,1.0,0,-6.0,False
2020,11,2,SEA,ARI,-0.2222637215492715,1.0,0,7.0,True
2020,11,2,BAL,TEN,0.0550365695904068,1.0,-3,-6.0,False
2020,11,2,CAR,DET,-0.1024105410640561,1.0,0,20.0,True
2020,11,2,CLE,PHI,0.063363446514199,1.0,0,5.0,True
2020,11,2,HOU,NE,-0.053664136301319,1.0,0,7.0,True
2020,11,2,JAX,PIT,-0.0670190513709913,1.0,0,-24.0,False
2020,11,2,NO,ATL,0.1576127917614534,1.0,-7,15.0,True
2020,11,2,WAS,CIN,-0.3365759382602205,1.0,0,11.0,True
2020,11,2,DEN,MIA,-0.5743498688636387,1.0,0,7.0,True
2020,11,2,LAC,NYJ,0.0779632765909997,1.0,-6,6.0,True
2020,11,2,IND,GB,-0.1194757149716713,1.0,3,3.0,True
2020,11,2,MIN,DAL,0.3911568672990336,1.0,-8,-3.0,False
2020,11,2,LV,KC,0.0589989246913857,1.0,-7,-4.0,False
2020,11,2,TB,LA,-0.1407627326788676,1.0,0,-3.0,False
2020,11,4,SEA,ARI,-0.1038145772910723,1.0,0,7.0,True
2020,11,4,BAL,TEN,0.0540564204240963,1.0,-3,-6.0,False
2020,11,4,CAR,DET,-0.0507773675044432,1.0,0,20.0,True
2020,11,4,CLE,PHI,0.1319204960266815,1.0,0,5.0,True
2020,11,4,HOU,NE,-0.0148458436420858,1.0,0,7.0,True
2020,11,4,JAX,PIT,-0.1146671660528498,1.0,0,-24.0,False
2020,11,4,NO,ATL,0.163542142977568,1.0,-7,15.0,True
2020,11,4,WAS,CIN,-0.2645653545393637,1.0,0,11.0,True
2020,11,4,DEN,MIA,-0.46134592457839,1.0,0,7.0,True
2020,11,4,LAC,NYJ,0.1371829292780032,1.0,-6,6.0,True
2020,11,4,IND,GB,-0.1490556932258291,1.0,3,3.0,True
2020,11,4,MIN,DAL,0.2672265038269331,1.0,-8,-3.0,False
2020,11,4,LV,KC,-0.01685952443337,1.0,-7,-4.0,False
2020,11,4,TB,LA,-0.045171173268964,1.0,0,-3.0,False
2020,11,6,SEA,ARI,-0.061266712842737,1.0,0,7.0,True
2020,11,6,BAL,TEN,0.0516092951678407,1.0,-3,-6.0,False
2020,11,6,CAR,DET,-0.0322753812161335,1.0,0,20.0,True
2020,11,6,CLE,PHI,0.1623583838908657,1.0,0,5.0,True
2020,11,6,HOU,NE,-0.0041102533478923,1.0,0,7.0,True
2020,11,6,JAX,PIT,-0.1275952890419891,1.0,0,-24.0,False
2020,11,6,NO,ATL,0.160828004146721,1.0,-7,15.0,True
2020,11,6,WAS,CIN,-0.2401130301809705,1.0,0,11.0,True
2020,11,6,DEN,MIA,-0.4106420962625171,1.0,0,7.0,True
2020,11,6,LAC,NYJ,0.1538471532011954,1.0,-6,6.0,True
2020,11,6,IND,GB,-0.1633215505461609,1.0,3,3.0,True
2020,11,6,MIN,DAL,0.2119342032159429,1.0,-8,-3.0,False
2020,11,6,LV,KC,-0.0390259623718897,1.0,-7,-4.0,False
2020,11,6,TB,LA,-0.0147697578902003,1.0,0,-3.0,False
2020,11,10,SEA,ARI,-0.0278752598591828,1.0,0,7.0,True
2020,11,10,BAL,TEN,0.0491036765808627,1.0,-3,-6.0,False
2020,11,10,CAR,DET,-0.017670052397472,1.0,0,20.0,True
2020,11,10,CLE,PHI,0.1877265213902188,1.0,0,5.0,True
2020,11,10,HOU,NE,0.0022864787898323,1.0,0,7.0,True
2020,11,10,JAX,PIT,-0.1355434236357882,1.0,0,-24.0,False
2020,11,10,NO,ATL,0.15739059911867,1.0,-7,15.0,True
2020,11,10,WAS,CIN,-0.2206763560829934,1.0,0,11.0,True
2020,11,10,DEN,MIA,-0.3655496963271034,1.0,0,7.0,True
2020,11,10,LAC,NYJ,0.1660414798663297,1.0,-6,6.0,True
2020,11,10,IND,GB,-0.1765942916828174,1.0,3,3.0,True
2020,11,10,MIN,DAL,0.1638895885627741,1.0,-8,-3.0,False
2020,11,10,LV,KC,-0.0546557471527482,1.0,-7,-4.0,False
2020,11,10,TB,LA,0.0077348689294322,1.0,0,-3.0,False
2020,11,20,SEA,ARI,-0.0038371733771553,1.0,0,7.0,True
2020,11,20,BAL,TEN,0.0470714743327209,1.0,-3,-6.0,False
2020,11,20,CAR,DET,-0.0071154528587352,1.0,0,20.0,True
2020,11,20,CLE,PHI,0.2066514382998598,1.0,0,5.0,True
2020,11,20,HOU,NE,0.0053840103597125,1.0,0,7.0,True
2020,11,20,JAX,PIT,-0.1397809598211735,1.0,0,-24.0,False
2020,11,20,NO,ATL,0.1542543408498882,1.0,-7,15.0,True
2020,11,20,WAS,CIN,-0.2061820148635161,1.0,0,11.0,True
2020,11,20,DEN,MIA,-0.3295269261985237,1.0,0,7.0,True
2020,11,20,LAC,NYJ,0.1745910767313397,1.0,-6,6.0,True
2020,11,20,IND,GB,-0.1875919142233777,1.0,3,3.0,True
2020,11,20,MIN,DAL,0.1262548523967928,1.0,-8,-3.0,False
2020,11,20,LV,KC,-0.0648754908643239,1.0,-7,-4.0,False
2020,11,20,TB,LA,0.0232400998397093,1.0,0,-3.0,False
2020,11,50,SEA,ARI,0.0099863947551765,1.0,0,7.0,True
2020,11,50,BAL,TEN,0.0458546979715432,1.0,-3,-6.0,False
2020,11,50,CAR,DET,-0.0010395464028957,1.0,0,20.0,True
2020,11,50,CLE,PHI,0.2177456321730278,1.0,0,5.0,True
2020,11,50,HOU,NE,0.0064342736260004,1.0,0,7.0,True
2020,11,50,JAX,PIT,-0.141541211411273,1.0,0,-24.0,False
2020,11,50,NO,ATL,0.1521986302475682,1.0,-7,15.0,True
2020,11,50,WAS,CIN,-0.1975118331345778,1.0,0,11.0,True
2020,11,50,DEN,MIA,-0.3071994267805447,1.0,0,7.0,True
2020,11,50,LAC,NYJ,0.1795079397741023,1.0,-6,6.0,True
2020,11,50,IND,GB,-0.19458425178996,1.0,3,3.0,True
2020,11,50,MIN,DAL,0.1032230726950836,1.0,-8,-3.0,False
2020,11,50,LV,KC,-0.0703205889446471,1.0,-7,-4.0,False
2020,11,50,TB,LA,0.0319060888177925,1.0,0,-3.0,False
2020,11,100,SEA,ARI,0.0144766329928923,1.0,0,7.0,True
2020,11,100,BAL,TEN,0.0454570368145342,1.0,-3,-6.0,False
2020,11,100,CAR,DET,0.0009334609945591,1.0,0,20.0,True
2020,11,100,CLE,PHI,0.221378096673211,1.0,0,5.0,True
2020,11,100,HOU,NE,0.0066405382018367,1.0,0,7.0,True
2020,11,100,JAX,PIT,-0.1419922949952193,1.0,0,-24.0,False
2020,11,100,NO,ATL,0.15148991776767,1.0,-7,15.0,True
2020,11,100,WAS,CIN,-0.1946248050847467,1.0,0,11.0,True
2020,11,100,DEN,MIA,-0.2996610677471268,1.0,0,7.0,True
2020,11,100,LAC,NYJ,0.1811154741587844,1.0,-6,6.0,True
2020,11,100,IND,GB,-0.1969756088706933,1.0,3,3.0,True
2020,11,100,MIN,DAL,0.0954923155714271,1.0,-8,-3.0,False
2020,11,100,LV,KC,-0.0720156434995144,1.0,-7,-4.0,False
2020,11,100,TB,LA,0.0346830477337457,1.0,0,-3.0,False
2020,12,2,DET,HOU,-0.1543854326726705,1.0,0,-16.0,False
2020,12,2,DAL,WAS,0.1271317319076363,1.0,0,-25.0,False
2020,12,2,ATL,LV,-0.1804705269956343,1.0,0,37.0,True
2020,12,2,BUF,LAC,0.0232554066645544,1.0,7,10.0,True
2020,12,2,CIN,NYG,0.0031521250097108,1.0,-7,-2.0,False
2020,12,2,IND,TEN,-0.0607584482473396,1.0,0,-19.0,False
2020,12,2,JAX,CLE,-0.130946424873359,1.0,0,-2.0,False
2020,12,2,MIN,CAR,0.0808311138446157,1.0,0,1.0,True
2020,12,2,NE,ARI,-0.1109527993973057,1.0,-3,3.0,True
2020,12,2,NYJ,MIA,-0.1599181071888512,1.0,0,-17.0,False
2020,12,2,DEN,NO,-0.5406339251362998,1.0,0,-28.0,False
2020,12,2,LA,SF,0.44194308091117,1.0,-8,-3.0,False
2020,12,2,TB,KC,-0.2742944996222572,1.0,-1,-3.0,False
2020,12,2,GB,CHI,0.4443230626439818,1.0,-6,16.0,True
2020,12,2,PHI,SEA,-0.0646288932671819,1.0,-3,-6.0,False
2020,12,2,PIT,BAL,0.0821215030979418,1.0,0,5.0,True
2020,12,4,DET,HOU,-0.0932540629152217,1.0,0,-16.0,False
2020,12,4,DAL,WAS,0.1068747611090248,1.0,0,-25.0,False
2020,12,4,ATL,LV,-0.1444742177233869,1.0,0,37.0,True
2020,12,4,BUF,LAC,0.0355725788864916,1.0,7,10.0,True
2020,12,4,CIN,NYG,0.0328171486170467,1.0,-7,-2.0,False
2020,12,4,IND,TEN,-0.0406531073791611,1.0,0,-19.0,False
2020,12,4,JAX,CLE,-0.1608789907581972,1.0,0,-2.0,False
2020,12,4,MIN,CAR,0.0554105899715746,1.0,0,1.0,True
2020,12,4,NE,ARI,-0.0948038541764258,1.0,-3,3.0,True
2020,12,4,NYJ,MIA,-0.1969863455047243,1.0,0,-17.0,False
2020,12,4,DEN,NO,-0.5002152321007562,1.0,0,-28.0,False
2020,12,4,LA,SF,0.2987135040075018,1.0,-8,-3.0,False
2020,12,4,TB,KC,-0.2254661304280133,1.0,-1,-3.0,False
2020,12,4,GB,CHI,0.3885120559773382,1.0,-6,16.0,True
2020,12,4,PHI,SEA,-0.1006082900586493,1.0,-3,-6.0,False
2020,12,4,PIT,BAL,0.0198523279329156,1.0,0,5.0,True
2020,12,6,DET,HOU,-0.0764334657348445,1.0,0,-16.0,False
2020,12,6,DAL,WAS,0.1051804952130908,1.0,0,-25.0,False
2020,12,6,ATL,LV,-0.1349482986226368,1.0,0,37.0,True
2020,12,6,BUF,LAC,0.0407988037372268,1.0,7,10.0,True
2020,12,6,CIN,NYG,0.0399529047699408,1.0,-7,-2.0,False
2020,12,6,IND,TEN,-0.0376364104605683,1.0,0,-19.0,False
2020,12,6,JAX,CLE,-0.1751820819952926,1.0,0,-2.0,False
2020,12,6,MIN,CAR,0.0289983312107142,1.0,0,1.0,True
2020,12,6,NE,ARI,-0.0850296803713892,1.0,-3,3.0,True
2020,12,6,NYJ,MIA,-0.1970625879746194,1.0,0,-17.0,False
2020,12,6,DEN,NO,-0.4753581086806872,1.0,0,-28.0,False
2020,12,6,LA,SF,0.243369444439258,1.0,-8,-3.0,False
2020,12,6,TB,KC,-0.2045803907696742,1.0,-1,-3.0,False
2020,12,6,GB,CHI,0.3756678603472531,1.0,-6,16.0,True
2020,12,6,PHI,SEA,-0.1210984891521139,1.0,-3,-6.0,False
2020,12,6,PIT,BAL,0.0017462036252383,1.0,0,5.0,True
2020,12,10,DET,HOU,-0.0647532349501581,1.0,0,-16.0,False
2020,12,10,DAL,WAS,0.1064595613363229,1.0,0,-25.0,False
2020,12,10,ATL,LV,-0.1281898774655472,1.0,0,37.0,True
2020,12,10,BUF,LAC,0.0461727500605944,1.0,7,10.0,True
2020,12,10,CIN,NYG,0.0444402501373241,1.0,-7,-2.0,False
2020,12,10,IND,TEN,-0.036600242520757,1.0,0,-19.0,False
2020,12,10,JAX,CLE,-0.1857110947041284,1.0,0,-2.0,False
2020,12,10,MIN,CAR,0.0019128578910562,1.0,0,1.0,True
2020,12,10,NE,ARI,-0.075264797924571,1.0,-3,3.0,True
2020,12,10,NYJ,MIA,-0.1902407064106569,1.0,0,-17.0,False
2020,12,10,DEN,NO,-0.4523600689081488,1.0,0,-28.0,False
2020,12,10,LA,SF,0.1989452064636796,1.0,-8,-3.0,False
2020,12,10,TB,KC,-0.1872694039999943,1.0,-1,-3.0,False
2020,12,10,GB,CHI,0.3688925057463358,1.0,-6,16.0,True
2020,12,10,PHI,SEA,-0.1400411296362207,1.0,-3,-6.0,False
2020,12,10,PIT,BAL,-0.0108969343975075,1.0,0,5.0,True
2020,12,20,DET,HOU,-0.0570931677407109,1.0,0,-16.0,False
2020,12,20,DAL,WAS,0.1089709486909871,1.0,0,-25.0,False
2020,12,20,ATL,LV,-0.1236305998533832,1.0,0,37.0,True
2020,12,20,BUF,LAC,0.0511117214993503,1.0,7,10.0,True
2020,12,20,CIN,NYG,0.0470813739219102,1.0,-7,-2.0,False
2020,12,20,IND,TEN,-0.0365668662539865,1.0,0,-19.0,False
2020,12,20,JAX,CLE,-0.1921056916550752,1.0,0,-2.0,False
2020,12,20,MIN,CAR,-0.0212262320933159,1.0,0,1.0,True
2020,12,20,NE,ARI,-0.0668220303404792,1.0,-3,3.0,True
2020,12,20,NYJ,MIA,-0.1807835805696387,1.0,0,-17.0,False
2020,12,20,DEN,NO,-0.4338668411280085,1.0,0,-28.0,False
2020,12,20,LA,SF,0.1664503142650558,1.0,-8,-3.0,False
2020,12,20,TB,KC,-0.1743848419435907,1.0,-1,-3.0,False
2020,12,20,GB,CHI,0.3661346397955275,1.0,-6,16.0,True
2020,12,20,PHI,SEA,-0.1553565936675499,1.0,-3,-6.0,False
2020,12,20,PIT,BAL,-0.0191115371843481,1.0,0,5.0,True
2020,12,50,DET,HOU,-0.0529493361515454,1.0,0,-16.0,False
2020,12,50,DAL,WAS,0.1110756296170346,1.0,0,-25.0,False
2020,12,50,ATL,LV,-0.1211129826941705,1.0,0,37.0,True
2020,12,50,BUF,LAC,0.0544974262475886,1.0,7,10.0,True
2020,12,50,CIN,NYG,0.0483725921205958,1.0,-7,-2.0,False
2020,12,50,IND,TEN,-0.0368252198866826,1.0,0,-19.0,False
2020,12,50,JAX,CLE,-0.1950358260472051,1.0,0,-2.0,False
2020,12,50,MIN,CAR,-0.036009262709754,1.0,0,1.0,True
2020,12,50,NE,ARI,-0.0613276467756834,1.0,-3,3.0,True
2020,12,50,NYJ,MIA,-0.1733383154690121,1.0,0,-17.0,False
2020,12,50,DEN,NO,-0.4224574817143021,1.0,0,-28.0,False
2020,12,50,LA,SF,0.1475516764929314,1.0,-8,-3.0,False
2020,12,50,TB,KC,-0.166835271809045,1.0,-1,-3.0,False
2020,12,50,GB,CHI,0.365475574998419,1.0,-6,16.0,True
2020,12,50,PHI,SEA,-0.1648609138958813,1.0,-3,-6.0,False
2020,12,50,PIT,BAL,-0.0234886009718351,1.0,0,5.0,True
2020,12,100,DET,HOU,-0.0516419099767861,1.0,0,-16.0,False
2020,12,100,DAL,WAS,0.1118696646526401,1.0,0,-25.0,False
2020,12,100,ATL,LV,-0.1203113543621944,1.0,0,37.0,True
2020,12,100,BUF,LAC,0.0556997876434109,1.0,7,10.0,True
2020,12,100,CIN,NYG,0.0487550549149985,1.0,-7,-2.0,False
2020,12,100,IND,TEN,-0.0369545200773559,1.0,0,-19.0,False
2020,12,100,JAX,CLE,-0.1958340432797701,1.0,0,-2.0,False
2020,12,100,MIN,CAR,-0.0410567455915168,1.0,0,1.0,True
2020,12,100,NE,ARI,-0.0594298724874855,1.0,-3,3.0,True
2020,12,100,NYJ,MIA,-0.1705716807258901,1.0,0,-17.0,False
2020,12,100,DEN,NO,-0.4186231959722829,1.0,0,-28.0,False
2020,12,100,LA,SF,0.1413758444894655,1.0,-8,-3.0,False
2020,12,100,TB,KC,-0.164362827698684,1.0,-1,-3.0,False
2020,12,100,GB,CHI,0.365422094524136,1.0,-6,16.0,True
2020,12,100,PHI,SEA,-0.1680659981511985,1.0,-3,-6.0,False
2020,12,100,PIT,BAL,-0.0248551177475602,1.0,0,5.0,True
2020,13,2,ATL,NO,-0.2766171107963588,1.0,0,-5.0,False
2020,13,2,CHI,DET,-0.3074937062967187,1.0,-3,-4.0,False
2020,13,2,HOU,IND,0.3988736257120855,1.0,3,-6.0,False
2020,13,2,MIA,CIN,0.0401254150005981,1.0,0,12.0,True
2020,13,2,MIN,JAX,0.2424818704985969,1.0,0,3.0,True
2020,13,2,NYJ,LV,-0.1843988406836343,1.0,0,-3.0,False
2020,13,2,TEN,CLE,0.1340137649838877,1.0,0,-6.0,False
2020,13,2,ARI,LA,0.0287833078766314,1.0,0,-10.0,False
2020,13,2,SEA,NYG,0.1469435553642773,1.0,-1,-5.0,False
2020,13,2,GB,PHI,0.5622034944104379,1.0,1,14.0,True
2020,13,2,LAC,NE,0.0795710751413947,1.0,0,-45.0,False
2020,13,2,KC,DEN,0.5562935103082147,1.0,0,6.0,True
2020,13,2,PIT,WAS,0.2023190735639135,1.0,-6,-6.0,False
2020,13,2,SF,BUF,-0.0583097305006197,0.0,0,-10.0,False
2020,13,2,BAL,DAL,-0.0945425635319946,1.0,-6,17.0,True
2020,13,4,ATL,NO,-0.2189792928516183,1.0,0,-5.0,False
2020,13,4,CHI,DET,-0.2209915168641328,1.0,-3,-4.0,False
2020,13,4,HOU,IND,0.2219674824669819,1.0,3,-6.0,False
2020,13,4,MIA,CIN,0.0462316762494392,1.0,0,12.0,True
2020,13,4,MIN,JAX,0.2198029404808991,1.0,0,3.0,True
2020,13,4,NYJ,LV,-0.2272296279033998,1.0,0,-3.0,False
2020,13,4,TEN,CLE,0.0624651084731682,1.0,0,-6.0,False
2020,13,4,ARI,LA,0.0132912552308526,1.0,0,-10.0,False
2020,13,4,SEA,NYG,0.1407737757483372,1.0,-1,-5.0,False
2020,13,4,GB,PHI,0.4256028140875909,1.0,1,14.0,True
2020,13,4,LAC,NE,0.0575506626303672,1.0,0,-45.0,False
2020,13,4,KC,DEN,0.5492733587692809,1.0,0,6.0,True
2020,13,4,PIT,WAS,0.1960039812755024,1.0,-6,-6.0,False
2020,13,4,SF,BUF,-0.1101000310744385,0.0,0,-10.0,False
2020,13,4,BAL,DAL,0.0065802361592261,1.0,-6,17.0,True
2020,13,6,ATL,NO,-0.197170718183109,1.0,0,-5.0,False
2020,13,6,CHI,DET,-0.1993420271665735,1.0,-3,-4.0,False
2020,13,6,HOU,IND,0.1644079067147548,1.0,3,-6.0,False
2020,13,6,MIA,CIN,0.0469184876995444,1.0,0,12.0,True
2020,13,6,MIN,JAX,0.1953185358120591,1.0,0,3.0,True
2020,13,6,NYJ,LV,-0.2371585752456182,1.0,0,-3.0,False
2020,13,6,TEN,CLE,0.0363555224034666,1.0,0,-6.0,False
2020,13,6,ARI,LA,0.0128676983270847,1.0,0,-10.0,False
2020,13,6,SEA,NYG,0.1474379428649412,1.0,-1,-5.0,False
2020,13,6,GB,PHI,0.389808956944276,1.0,1,14.0,True
2020,13,6,LAC,NE,0.0500630152993578,1.0,0,-45.0,False
2020,13,6,KC,DEN,0.5425266824226278,1.0,0,6.0,True
2020,13,6,PIT,WAS,0.2010105151828645,1.0,-6,-6.0,False
2020,13,6,SF,BUF,-0.1219142905379924,0.0,0,-10.0,False
2020,13,6,BAL,DAL,0.0425594749850465,1.0,-6,17.0,True
2020,13,10,ATL,NO,-0.1795463086937797,1.0,0,-5.0,False
2020,13,10,CHI,DET,-0.1848138286748087,1.0,-3,-4.0,False
2020,13,10,HOU,IND,0.1213499860417545,1.0,3,-6.0,False
2020,13,10,MIA,CIN,0.0441035605304781,1.0,0,12.0,True
2020,13,10,MIN,JAX,0.1674253426281214,1.0,0,3.0,True
2020,13,10,NYJ,LV,-0.2431758899193316,1.0,0,-3.0,False
2020,13,10,TEN,CLE,0.0156790256020352,1.0,0,-6.0,False
2020,13,10,ARI,LA,0.0144893574210666,1.0,0,-10.0,False
2020,13,10,SEA,NYG,0.1567382415209932,1.0,-1,-5.0,False
2020,13,10,GB,PHI,0.3676525310350675,1.0,1,14.0,True
2020,13,10,LAC,NE,0.0435315174417213,1.0,0,-45.0,False
2020,13,10,KC,DEN,0.5351149736962999,1.0,0,6.0,True
2020,13,10,PIT,WAS,0.2080269992048578,1.0,-6,-6.0,False
2020,13,10,SF,BUF,-0.1297343562445699,0.0,0,-10.0,False
2020,13,10,BAL,DAL,0.0698089007360832,1.0,-6,17.0,True
2020,13,20,ATL,NO,-0.1665195766504001,1.0,0,-5.0,False
2020,13,20,CHI,DET,-0.1754019972394466,1.0,-3,-4.0,False
2020,13,20,HOU,IND,0.0915419419308127,1.0,3,-6.0,False
2020,13,20,MIA,CIN,0.0391192578300567,1.0,0,12.0,True
2020,13,20,MIN,JAX,0.1414763357910322,1.0,0,3.0,True
2020,13,20,NYJ,LV,-0.2466503163056481,1.0,0,-3.0,False
2020,13,20,TEN,CLE,0.0008650118836896,1.0,0,-6.0,False
2020,13,20,ARI,LA,0.0168520707138523,1.0,0,-10.0,False
2020,13,20,SEA,NYG,0.1660139667152605,1.0,-1,-5.0,False
2020,13,20,GB,PHI,0.3554747367957789,1.0,1,14.0,True
2020,13,20,LAC,NE,0.0381034636775607,1.0,0,-45.0,False
2020,13,20,KC,DEN,0.5283982686351598,1.0,0,6.0,True
2020,13,20,PIT,WAS,0.2148963394345037,1.0,-6,-6.0,False
2020,13,20,SF,BUF,-0.1350555928936774,0.0,0,-10.0,False
2020,13,20,BAL,DAL,0.0885909198505461,1.0,-6,17.0,True
2020,13,50,ATL,NO,-0.1588716208433041,1.0,0,-5.0,False
2020,13,50,CHI,DET,-0.1702955848965682,1.0,-3,-4.0,False
2020,13,50,HOU,IND,0.0748666848242687,1.0,3,-6.0,False
2020,13,50,MIA,CIN,0.0347465468124069,1.0,0,12.0,True
2020,13,50,MIN,JAX,0.1239015759317583,1.0,0,3.0,True
2020,13,50,NYJ,LV,-0.2483712338353981,1.0,0,-3.0,False
2020,13,50,TEN,CLE,-0.0075387826177951,1.0,0,-6.0,False
2020,13,50,ARI,LA,0.0187327164193098,1.0,0,-10.0,False
2020,13,50,SEA,NYG,0.1724640125414706,1.0,-1,-5.0,False
2020,13,50,GB,PHI,0.3501067167738332,1.0,1,14.0,True
2020,13,50,LAC,NE,0.0345654875922202,1.0,0,-45.0,False
2020,13,50,KC,DEN,0.5239239476983828,1.0,0,6.0,True
2020,13,50,PIT,WAS,0.2195801997929562,1.0,-6,-6.0,False
2020,13,50,SF,BUF,-0.1381820356421186,0.0,0,-10.0,False
2020,13,50,BAL,DAL,0.0989834637172431,1.0,-6,17.0,True
2020,13,100,ATL,NO,-0.1563588762207675,1.0,0,-5.0,False
2020,13,100,CHI,DET,-0.1686751582372359,1.0,-3,-4.0,False
2020,13,100,HOU,IND,0.0695251167227514,1.0,3,-6.0,False
2020,13,100,MIA,CIN,0.0330464662989415,1.0,0,12.0,True
2020,13,100,MIN,JAX,0.1177244148107859,1.0,0,3.0,True
2020,13,100,NYJ,LV,-0.248893203418005,1.0,0,-3.0,False
2020,13,100,TEN,CLE,-0.0102382042114251,1.0,0,-6.0,False
2020,13,100,ARI,LA,0.0194354811909423,1.0,0,-10.0,False
2020,13,100,SEA,NYG,0.174751137489124,1.0,-1,-5.0,False
2020,13,100,GB,PHI,0.3486444405590287,1.0,1,14.0,True
2020,13,100,LAC,NE,0.0333336139509501,1.0,0,-45.0,False
2020,13,100,KC,DEN,0.5223635013321741,1.0,0,6.0,True
2020,13,100,PIT,WAS,0.2212216498210636,1.0,-6,-6.0,False
2020,13,100,SF,BUF,-0.139230347407734,0.0,0,-10.0,False
2020,13,100,BAL,DAL,0.1022855706358176,1.0,-6,17.0,True
2020,14,2,LA,NE,0.2519165100213614,1.0,0,21.0,True
2020,14,2,CAR,DEN,0.3704450726631336,1.0,7,-5.0,False
2020,14,2,CHI,HOU,-0.5038853065812556,1.0,0,29.0,True
2020,14,2,CIN,DAL,-0.1264924873381588,1.0,2,-23.0,False
2020,14,2,JAX,TEN,-0.1287375548534495,1.0,0,-21.0,False
2020,14,2,MIA,KC,-0.2475950596055025,1.0,0,-6.0,False
2020,14,2,NYG,ARI,0.1546210059272939,1.0,0,-19.0,False
2020,14,2,TB,MIN,-0.2662990356628765,1.0,7,12.0,True
2020,14,2,LV,IND,0.1666595125876595,1.0,0,-17.0,False
2020,14,2,SEA,NYJ,0.1286778187549721,1.0,0,37.0,True
2020,14,2,DET,GB,-0.4251730536159162,1.0,0,-7.0,False
2020,14,2,LAC,ATL,0.0037603046006244,1.0,0,3.0,True
2020,14,2,PHI,NO,-0.4873089340764515,1.0,0,3.0,True
2020,14,2,SF,WAS,-0.1886091513803626,0.0,0,-8.0,False
2020,14,2,BUF,PIT,0.2457342840462439,1.0,0,11.0,True
2020,14,2,CLE,BAL,0.1472636223927449,1.0,2,-5.0,False
2020,14,4,LA,NE,0.1906941277628004,1.0,0,21.0,True
2020,14,4,CAR,DEN,0.3578238107760541,1.0,7,-5.0,False
2020,14,4,CHI,HOU,-0.3878745101768812,1.0,0,29.0,True
2020,14,4,CIN,DAL,-0.0448625095382614,1.0,2,-23.0,False
2020,14,4,JAX,TEN,-0.1558915737010142,1.0,0,-21.0,False
2020,14,4,MIA,KC,-0.2289755509092572,1.0,0,-6.0,False
2020,14,4,NYG,ARI,0.0375783665542852,1.0,0,-19.0,False
2020,14,4,TB,MIN,-0.148086917188992,1.0,7,12.0,True
2020,14,4,LV,IND,0.133914866958399,1.0,0,-17.0,False
2020,14,4,SEA,NYJ,0.1636095220295163,1.0,0,37.0,True
2020,14,4,DET,GB,-0.3239537164050453,1.0,0,-7.0,False
2020,14,4,LAC,ATL,-0.003892363119268,1.0,0,3.0,True
2020,14,4,PHI,NO,-0.3753587342999402,1.0,0,3.0,True
2020,14,4,SF,WAS,-0.069651612133214,0.0,0,-8.0,False
2020,14,4,BUF,PIT,0.1519687184137207,1.0,0,11.0,True
2020,14,4,CLE,BAL,0.1026148361326642,1.0,2,-5.0,False
2020,14,6,LA,NE,0.1624503912097151,1.0,0,21.0,True
2020,14,6,CAR,DEN,0.3533770522766283,1.0,7,-5.0,False
2020,14,6,CHI,HOU,-0.3354462436268555,1.0,0,29.0,True
2020,14,6,CIN,DAL,-0.0239445185428541,1.0,2,-23.0,False
2020,14,6,JAX,TEN,-0.165564639361146,1.0,0,-21.0,False
2020,14,6,MIA,KC,-0.2283089706689431,1.0,0,-6.0,False
2020,14,6,NYG,ARI,-0.0050777493825019,1.0,0,-19.0,False
2020,14,6,TB,MIN,-0.0915396532866136,1.0,7,12.0,True
2020,14,6,LV,IND,0.116876749159831,1.0,0,-17.0,False
2020,14,6,SEA,NYJ,0.1822254549484487,1.0,0,37.0,True
2020,14,6,DET,GB,-0.2891925212387846,1.0,0,-7.0,False
2020,14,6,LAC,ATL,-0.0011153907980213,1.0,0,3.0,True
2020,14,6,PHI,NO,-0.331675753241405,1.0,0,3.0,True
2020,14,6,SF,WAS,-0.0196276676293621,0.0,0,-8.0,False
2020,14,6,BUF,PIT,0.1244172123110262,1.0,0,11.0,True
2020,14,6,CLE,BAL,0.0874560235318344,1.0,2,-5.0,False
2020,14,10,LA,NE,0.1366413899906269,1.0,0,21.0,True
2020,14,10,CAR,DEN,0.349290453904224,1.0,7,-5.0,False
2020,14,10,CHI,HOU,-0.291556583233167,1.0,0,29.0,True
2020,14,10,CIN,DAL,-0.0125620093898194,1.0,2,-23.0,False
2020,14,10,JAX,TEN,-0.172157391953239,1.0,0,-21.0,False
2020,14,10,MIA,KC,-0.232993392809948,1.0,0,-6.0,False
2020,14,10,NYG,ARI,-0.0389005066366019,1.0,0,-19.0,False
2020,14,10,TB,MIN,-0.0401097274368088,1.0,7,12.0,True
2020,14,10,LV,IND,0.1016528446010714,1.0,0,-17.0,False
2020,14,10,SEA,NYJ,0.1998219712048655,1.0,0,37.0,True
2020,14,10,DET,GB,-0.2638879362753878,1.0,0,-7.0,False
2020,14,10,LAC,ATL,0.0038098478497681,1.0,0,3.0,True
2020,14,10,PHI,NO,-0.2969290033333019,1.0,0,3.0,True
2020,14,10,SF,WAS,0.0225872392233477,0.0,0,-8.0,False
2020,14,10,BUF,PIT,0.1053217193088961,1.0,0,11.0,True
2020,14,10,CLE,BAL,0.0757342179198727,1.0,2,-5.0,False
2020,14,20,LA,NE,0.1155173279673131,1.0,0,21.0,True
2020,14,20,CAR,DEN,0.3457594007454847,1.0,7,-5.0,False
2020,14,20,CHI,HOU,-0.2587789747390773,1.0,0,29.0,True
2020,14,20,CIN,DAL,-0.0078032980706752,1.0,2,-23.0,False
2020,14,20,JAX,TEN,-0.1757809635136967,1.0,0,-21.0,False
2020,14,20,MIA,KC,-0.2404190371872708,1.0,0,-6.0,False
2020,14,20,NYG,ARI,-0.0635295227720843,1.0,0,-19.0,False
2020,14,20,TB,MIN,0.0014468554614643,1.0,7,12.0,True
2020,14,20,LV,IND,0.0897755327769502,1.0,0,-17.0,False
2020,14,20,SEA,NYJ,0.214405189879271,1.0,0,37.0,True
2020,14,20,DET,GB,-0.247405601234019,1.0,0,-7.0,False
2020,14,20,LAC,ATL,0.0090163374050876,1.0,0,3.0,True
2020,14,20,PHI,NO,-0.2720049801398869,1.0,0,3.0,True
2020,14,20,SF,WAS,0.0543957583656415,0.0,0,-8.0,False
2020,14,20,BUF,PIT,0.0931443052364637,1.0,0,11.0,True
2020,14,20,CLE,BAL,0.067126772294172,1.0,2,-5.0,False
2020,14,50,LA,NE,0.1021931693119416,1.0,0,21.0,True
2020,14,50,CAR,DEN,0.3434051144961368,1.0,7,-5.0,False
2020,14,50,CHI,HOU,-0.2395523383572266,1.0,0,29.0,True
2020,14,50,CIN,DAL,-0.0066037749058402,1.0,2,-23.0,False
2020,14,50,JAX,TEN,-0.1772084244709542,1.0,0,-21.0,False
2020,14,50,MIA,KC,-0.2466498314303339,1.0,0,-6.0,False
2020,14,50,NYG,ARI,-0.0778503085106522,1.0,0,-19.0,False
2020,14,50,TB,MIN,0.0272965757362661,1.0,7,12.0,True
2020,14,50,LV,IND,0.0826388266748511,1.0,0,-17.0,False
2020,14,50,SEA,NYJ,0.2236267175739394,1.0,0,37.0,True
2020,14,50,DET,GB,-0.2388317890247123,1.0,0,-7.0,False
2020,14,50,LAC,ATL,0.0126851979267188,1.0,0,3.0,True
2020,14,50,PHI,NO,-0.2578135353074042,1.0,0,3.0,True
2020,14,50,SF,WAS,0.0731221834872311,0.0,0,-8.0,False
2020,14,50,BUF,PIT,0.0868179328547041,1.0,0,11.0,True
2020,14,50,CLE,BAL,0.0619779794362704,1.0,2,-5.0,False
2020,14,100,LA,NE,0.0976542214630294,1.0,0,21.0,True
2020,14,100,CAR,DEN,0.342577167578611,1.0,7,-5.0,False
2020,14,100,CHI,HOU,-0.2332527741338239,1.0,0,29.0,True
2020,14,100,CIN,DAL,-0.0064823827561112,1.0,2,-23.0,False
2020,14,100,JAX,TEN,-0.1775406326167322,1.0,0,-21.0,False
2020,14,100,MIA,KC,-0.2490298488993799,1.0,0,-6.0,False
2020,14,100,NYG,ARI,-0.0825345267776786,1.0,0,-19.0,False
2020,14,100,TB,MIN,0.0360261191093359,1.0,7,12.0,True
2020,14,100,LV,IND,0.0802779853624027,1.0,0,-17.0,False
2020,14,100,SEA,NYJ,0.226766840603398,1.0,0,37.0,True
2020,14,100,DET,GB,-0.2362182873074066,1.0,0,-7.0,False
2020,14,100,LAC,ATL,0.0139876502279173,1.0,0,3.0,True
2020,14,100,PHI,NO,-0.2532369123088309,1.0,0,3.0,True
2020,14,100,SF,WAS,0.0792594020681934,0.0,0,-8.0,False
2020,14,100,BUF,PIT,0.0848796753934984,1.0,0,11.0,True
2020,14,100,CLE,BAL,0.060255225902582,1.0,2,-5.0,False
2020,15,2,LV,LAC,-0.0147178632090491,1.0,0,-3.0,False
2020,15,2,DEN,BUF,-0.3823053763978832,1.0,0,-29.0,False
2020,15,2,GB,CAR,0.3983555887151664,1.0,0,8.0,True
2020,15,2,ATL,TB,-0.1108480386940322,1.0,0,-4.0,False
2020,15,2,BAL,JAX,0.1965335335215415,1.0,-1,26.0,True
2020,15,2,DAL,SF,0.0642510845732538,1.0,0,8.0,True
2020,15,2,IND,HOU,-0.1466408041691489,1.0,0,7.0,True
2020,15,2,MIA,NE,0.1121044741910496,1.0,-3,10.0,True
2020,15,2,MIN,CHI,0.170377950504337,1.0,0,-6.0,False
2020,15,2,TEN,DET,0.2716244154254503,1.0,0,21.0,True
2020,15,2,WAS,SEA,-0.2746620640946599,1.0,0,-5.0,False
2020,15,2,ARI,PHI,0.0996647770929977,1.0,0,7.0,True
2020,15,2,LA,NYJ,0.3446316269379003,1.0,3,-3.0,False
2020,15,2,NO,KC,-0.3065129557031034,1.0,0,-3.0,False
2020,15,2,NYG,CLE,-0.1512176120014651,1.0,1,-14.0,False
2020,15,2,CIN,PIT,-0.0821885421640352,1.0,0,10.0,True
2020,15,4,LV,LAC,0.0534911770292249,1.0,0,-3.0,False
2020,15,4,DEN,BUF,-0.3648749045293723,1.0,0,-29.0,False
2020,15,4,GB,CAR,0.2915122839581567,1.0,0,8.0,True
2020,15,4,ATL,TB,-0.082454126889797,1.0,0,-4.0,False
2020,15,4,BAL,JAX,0.176812339927025,1.0,-1,26.0,True
2020,15,4,DAL,SF,0.0516044063333893,1.0,0,8.0,True
2020,15,4,IND,HOU,-0.1259409887415098,1.0,0,7.0,True
2020,15,4,MIA,NE,0.1119885401335744,1.0,-3,10.0,True
2020,15,4,MIN,CHI,0.215758739226616,1.0,0,-6.0,False
2020,15,4,TEN,DET,0.1694755482035133,1.0,0,21.0,True
2020,15,4,WAS,SEA,-0.2418493470667866,1.0,0,-5.0,False
2020,15,4,ARI,PHI,0.1090657082380721,1.0,0,7.0,True
2020,15,4,LA,NYJ,0.2787196043044841,1.0,3,-3.0,False
2020,15,4,NO,KC,-0.2018400377805029,1.0,0,-3.0,False
2020,15,4,NYG,CLE,-0.1524412962870683,1.0,1,-14.0,False
2020,15,4,CIN,PIT,-0.0667307003093222,1.0,0,10.0,True
2020,15,6,LV,LAC,0.0719927289049752,1.0,0,-3.0,False
2020,15,6,DEN,BUF,-0.3588127736864295,1.0,0,-29.0,False
2020,15,6,GB,CAR,0.2522598141499613,1.0,0,8.0,True
2020,15,6,ATL,TB,-0.0869676268855965,1.0,0,-4.0,False
2020,15,6,BAL,JAX,0.1793150135394255,1.0,-1,26.0,True
2020,15,6,DAL,SF,0.0408475378946843,1.0,0,8.0,True
2020,15,6,IND,HOU,-0.1045418733727821,1.0,0,7.0,True
2020,15,6,MIA,NE,0.1003145954129518,1.0,-3,10.0,True
2020,15,6,MIN,CHI,0.2073685689550743,1.0,0,-6.0,False
2020,15,6,TEN,DET,0.1363766051523562,1.0,0,21.0,True
2020,15,6,WAS,SEA,-0.2420795654699382,1.0,0,-5.0,False
2020,15,6,ARI,PHI,0.1098782095431182,1.0,0,7.0,True
2020,15,6,LA,NYJ,0.2560844833151463,1.0,3,-3.0,False
2020,15,6,NO,KC,-0.1714751849312963,1.0,0,-3.0,False
2020,15,6,NYG,CLE,-0.1639009974785517,1.0,1,-14.0,False
2020,15,6,CIN,PIT,-0.0667673374417068,1.0,0,10.0,True
2020,15,10,LV,LAC,0.0834285793439662,1.0,0,-3.0,False
2020,15,10,DEN,BUF,-0.3555114155965588,1.0,0,-29.0,False
2020,15,10,GB,CAR,0.2228047469052675,1.0,0,8.0,True
2020,15,10,ATL,TB,-0.0959840631502797,1.0,0,-4.0,False
2020,15,10,BAL,JAX,0.1843574351165999,1.0,-1,26.0,True
2020,15,10,DAL,SF,0.0304029542022647,1.0,0,8.0,True
2020,15,10,IND,HOU,-0.0830545166033887,1.0,0,7.0,True
2020,15,10,MIA,NE,0.083363962166878,1.0,-3,10.0,True
2020,15,10,MIN,CHI,0.1897125182577753,1.0,0,-6.0,False
2020,15,10,TEN,DET,0.1118540844347832,1.0,0,21.0,True
2020,15,10,WAS,SEA,-0.2478230952013105,1.0,0,-5.0,False
2020,15,10,ARI,PHI,0.1102198236793862,1.0,0,7.0,True
2020,15,10,LA,NYJ,0.2379609106035984,1.0,3,-3.0,False
2020,15,10,NO,KC,-0.1516870168135337,1.0,0,-3.0,False
2020,15,10,NYG,CLE,-0.1778353532420791,1.0,1,-14.0,False
2020,15,10,CIN,PIT,-0.0711299560737723,1.0,0,10.0,True
2020,15,20,LV,LAC,0.0896459606174836,1.0,0,-3.0,False
2020,15,20,DEN,BUF,-0.3544298353245527,1.0,0,-29.0,False
2020,15,20,GB,CAR,0.2031392496628813,1.0,0,8.0,True
2020,15,20,ATL,TB,-0.105370643713934,1.0,0,-4.0,False
2020,15,20,BAL,JAX,0.1893902561306419,1.0,-1,26.0,True
2020,15,20,DAL,SF,0.022127498682988,1.0,0,8.0,True
2020,15,20,IND,HOU,-0.0651564480103459,1.0,0,7.0,True
2020,15,20,MIA,NE,0.0651811481055826,1.0,-3,10.0,True
2020,15,20,MIN,CHI,0.1700842643004705,1.0,0,-6.0,False
2020,15,20,TEN,DET,0.0951535659382456,1.0,0,21.0,True
2020,15,20,WAS,SEA,-0.2553322384238793,1.0,0,-5.0,False
2020,15,20,ARI,PHI,0.110573128895377,1.0,0,7.0,True
2020,15,20,LA,NYJ,0.2245899935967299,1.0,3,-3.0,False
2020,15,20,NO,KC,-0.1400371663382386,1.0,0,-3.0,False
2020,15,20,NYG,CLE,-0.190756186351802,1.0,1,-14.0,False
2020,15,20,CIN,PIT,-0.0774352922299377,1.0,0,10.0,True
2020,15,50,LV,LAC,0.0923535387008634,1.0,0,-3.0,False
2020,15,50,DEN,BUF,-0.3544710278585596,1.0,0,-29.0,False
2020,15,50,GB,CAR,0.1927167845744489,1.0,0,8.0,True
2020,15,50,ATL,TB,-0.1118071923280072,1.0,0,-4.0,False
2020,15,50,BAL,JAX,0.1926987546162091,1.0,-1,26.0,True
2020,15,50,DAL,SF,0.0172359130590299,1.0,0,8.0,True
2020,15,50,IND,HOU,-0.0539786655808575,1.0,0,7.0,True
2020,15,50,MIA,NE,0.0518042399021266,1.0,-3,10.0,True
2020,15,50,MIN,CHI,0.1558510121324767,1.0,0,-6.0,False
2020,15,50,TEN,DET,0.0859811051677911,1.0,0,21.0,True
2020,15,50,WAS,SEA,-0.2610136605267505,1.0,0,-5.0,False
2020,15,50,ARI,PHI,0.1109135685389643,1.0,0,7.0,True
2020,15,50,LA,NYJ,0.2167569147574932,1.0,3,-3.0,False
2020,15,50,NO,KC,-0.1344218716868902,1.0,0,-3.0,False
2020,15,50,NYG,CLE,-0.1993168969474918,1.0,1,-14.0,False
2020,15,50,CIN,PIT,-0.0825194415117177,1.0,0,10.0,True
2020,15,100,LV,LAC,0.0930860959329309,1.0,0,-3.0,False
2020,15,100,DEN,BUF,-0.3546084077260787,1.0,0,-29.0,False
2020,15,100,GB,CAR,0.1895066510619338,1.0,0,8.0,True
2020,15,100,ATL,TB,-0.1140521285904672,1.0,0,-4.0,False
2020,15,100,BAL,JAX,0.1938235745866115,1.0,-1,26.0,True
2020,15,100,DAL,SF,0.0156462369214203,1.0,0,8.0,True
2020,15,100,IND,HOU,-0.0502120709273636,1.0,0,7.0,True
2020,15,100,MIA,NE,0.0469228565590091,1.0,-3,10.0,True
2020,15,100,MIN,CHI,0.1507271134362918,1.0,0,-6.0,False
2020,15,100,TEN,DET,0.0830782464694497,1.0,0,21.0,True
2020,15,100,WAS,SEA,-0.2630799036926932,1.0,0,-5.0,False
2020,15,100,ARI,PHI,0.1110571511588881,1.0,0,7.0,True
2020,15,100,LA,NYJ,0.2141888308256286,1.0,3,-3.0,False
2020,15,100,NO,KC,-0.1327768748175662,1.0,0,-3.0,False
2020,15,100,NYG,CLE,-0.2022763747162703,1.0,1,-14.0,False
2020,15,100,CIN,PIT,-0.0844280754618011,1.0,0,10.0,True
2020,16,2,NO,MIN,-0.0463212668523671,1.0,0,19.0,True
2020,16,2,DET,TB,-0.1030653610632836,1.0,0,-40.0,False
2020,16,2,ARI,SF,0.230970346479526,1.0,0,-8.0,False
2020,16,2,LV,MIA,-0.0167343904114038,1.0,3,-1.0,False
2020,16,2,BAL,NYG,0.1235065409936709,1.0,0,14.0,True
2020,16,2,HOU,CIN,-0.0222949589844719,1.0,1,-6.0,False
2020,16,2,JAX,CHI,-0.1380874287419166,1.0,0,-24.0,False
2020,16,2,KC,ATL,0.4389488202073968,1.0,0,3.0,True
2020,16,2,NYJ,CLE,-0.2160985758239823,1.0,0,7.0,True
2020,16,2,PIT,IND,-0.1795995815716765,1.0,-1,4.0,True
2020,16,2,LAC,DEN,0.2575528957440086,1.0,2,3.0,True
2020,16,2,WAS,CAR,-0.0331878960024625,1.0,-1,-7.0,False
2020,16,2,DAL,PHI,0.2843897319590349,1.0,0,20.0,True
2020,16,2,SEA,LA,0.2195951945091793,1.0,0,11.0,True
2020,16,2,GB,TEN,0.1265842161294474,1.0,1,26.0,True
2020,16,2,NE,BUF,-0.3986344878815959,1.0,-1,-29.0,False
2020,16,4,NO,MIN,0.0035247398070981,1.0,0,19.0,True
2020,16,4,DET,TB,-0.0603520456672819,1.0,0,-40.0,False
2020,16,4,ARI,SF,0.1869166453401747,1.0,0,-8.0,False
2020,16,4,LV,MIA,0.0137029902111264,1.0,3,-1.0,False
2020,16,4,BAL,NYG,0.0884587619608611,1.0,0,14.0,True
2020,16,4,HOU,CIN,0.0693734778087073,1.0,1,-6.0,False
2020,16,4,JAX,CHI,-0.0533735818146467,1.0,0,-24.0,False
2020,16,4,KC,ATL,0.3796467509482316,1.0,0,3.0,True
2020,16,4,NYJ,CLE,-0.2395917854641358,1.0,0,7.0,True
2020,16,4,PIT,IND,-0.105704406980011,1.0,-1,4.0,True
2020,16,4,LAC,DEN,0.2382015547323432,1.0,2,3.0,True
2020,16,4,WAS,CAR,-0.1058394632385436,1.0,-1,-7.0,False
2020,16,4,DAL,PHI,0.1715761924062764,1.0,0,20.0,True
2020,16,4,SEA,LA,0.1205628250885241,1.0,0,11.0,True
2020,16,4,GB,TEN,0.137927696290168,1.0,1,26.0,True
2020,16,4,NE,BUF,-0.3052294558469388,1.0,-1,-29.0,False
2020,16,6,NO,MIN,0.0257282080313828,1.0,0,19.0,True
2020,16,6,DET,TB,-0.0538188475724282,1.0,0,-40.0,False
2020,16,6,ARI,SF,0.1696586525900148,1.0,0,-8.0,False
2020,16,6,LV,MIA,0.0297179800912246,1.0,3,-1.0,False
2020,16,6,BAL,NYG,0.0947327400207096,1.0,0,14.0,True
2020,16,6,HOU,CIN,0.0928529314564798,1.0,1,-6.0,False
2020,16,6,JAX,CHI,-0.0330572385322639,1.0,0,-24.0,False
2020,16,6,KC,ATL,0.3501196476305329,1.0,0,3.0,True
2020,16,6,NYJ,CLE,-0.2527403161421372,1.0,0,7.0,True
2020,16,6,PIT,IND,-0.0864770935851579,1.0,-1,4.0,True
2020,16,6,LAC,DEN,0.2337385395325478,1.0,2,3.0,True
2020,16,6,WAS,CAR,-0.1389855543929719,1.0,-1,-7.0,False
2020,16,6,DAL,PHI,0.1264216569002908,1.0,0,20.0,True
2020,16,6,SEA,LA,0.0963936487003196,1.0,0,11.0,True
2020,16,6,GB,TEN,0.137238714065457,1.0,1,26.0,True
2020,16,6,NE,BUF,-0.2683968058085607,1.0,-1,-29.0,False
2020,16,10,NO,MIN,0.0456535607920087,1.0,0,19.0,True
2020,16,10,DET,TB,-0.0525144398353702,1.0,0,-40.0,False
2020,16,10,ARI,SF,0.1540878168768206,1.0,0,-8.0,False
2020,16,10,LV,MIA,0.0463368895054408,1.0,3,-1.0,False
2020,16,10,BAL,NYG,0.1085797795112265,1.0,0,14.0,True
2020,16,10,HOU,CIN,0.1081910439936025,1.0,1,-6.0,False
2020,16,10,JAX,CHI,-0.0212012424523865,1.0,0,-24.0,False
2020,16,10,KC,ATL,0.3247320777614295,1.0,0,3.0,True
2020,16,10,NYJ,CLE,-0.2656574320892291,1.0,0,7.0,True
2020,16,10,PIT,IND,-0.0735459434581413,1.0,-1,4.0,True
2020,16,10,LAC,DEN,0.2312938843553053,1.0,2,3.0,True
2020,16,10,WAS,CAR,-0.1673717739101801,1.0,-1,-7.0,False
2020,16,10,DAL,PHI,0.0915663526705428,1.0,0,20.0,True
2020,16,10,SEA,LA,0.0840367694389286,1.0,0,11.0,True
2020,16,10,GB,TEN,0.1351008834723077,1.0,1,26.0,True
2020,16,10,NE,BUF,-0.2393302180576678,1.0,-1,-29.0,False
2020,16,20,NO,MIN,0.061889075695703,1.0,0,19.0,True
2020,16,20,DET,TB,-0.0537031547820245,1.0,0,-40.0,False
2020,16,20,ARI,SF,0.141445091982947,1.0,0,-8.0,False
2020,16,20,LV,MIA,0.0616419430028166,1.0,3,-1.0,False
2020,16,20,BAL,NYG,0.1241069603820172,1.0,0,14.0,True
2020,16,20,HOU,CIN,0.1175804648093272,1.0,1,-6.0,False
2020,16,20,JAX,CHI,-0.0147092127712074,1.0,0,-24.0,False
2020,16,20,KC,ATL,0.3056344228463618,1.0,0,3.0,True
2020,16,20,NYJ,CLE,-0.2764915668673822,1.0,0,7.0,True
2020,16,20,PIT,IND,-0.0651179650227057,1.0,-1,4.0,True
2020,16,20,LAC,DEN,0.2302418376209569,1.0,2,3.0,True
2020,16,20,WAS,CAR,-0.1888574651433859,1.0,-1,-7.0,False
2020,16,20,DAL,PHI,0.068032573884768,1.0,0,20.0,True
2020,16,20,SEA,LA,0.079710374447849,1.0,0,11.0,True
2020,16,20,GB,TEN,0.1329837315532242,1.0,1,26.0,True
2020,16,20,NE,BUF,-0.218710381739309,1.0,-1,-29.0,False
2020,16,50,NO,MIN,0.0721694230175973,1.0,0,19.0,True
2020,16,50,DET,TB,-0.0551794685056964,1.0,0,-40.0,False
2020,16,50,ARI,SF,0.1335775490409137,1.0,0,-8.0,False
2020,16,50,LV,MIA,0.0721483986375381,1.0,3,-1.0,False
2020,16,50,BAL,NYG,0.1353709935299509,1.0,0,14.0,True
2020,16,50,HOU,CIN,0.1223540810223312,1.0,1,-6.0,False
2020,16,50,JAX,CHI,-0.0116195996087073,1.0,0,-24.0,False
2020,16,50,KC,ATL,0.2944642510230334,1.0,0,3.0,True
2020,16,50,NYJ,CLE,-0.2832978573849344,1.0,0,7.0,True
2020,16,50,PIT,IND,-0.0604802974739754,1.0,-1,4.0,True
2020,16,50,LAC,DEN,0.2299572323415142,1.0,2,3.0,True
2020,16,50,WAS,CAR,-0.2014861896529862,1.0,-1,-7.0,False
2020,16,50,DAL,PHI,0.0555389527711138,1.0,0,20.0,True
2020,16,50,SEA,LA,0.0792586111602183,1.0,0,11.0,True
2020,16,50,GB,TEN,0.1316929381389379,1.0,1,26.0,True
2020,16,50,NE,BUF,-0.2070871499092117,1.0,-1,-29.0,False
2020,16,100,NO,MIN,0.0756859998755421,1.0,0,19.0,True
2020,16,100,DET,TB,-0.0557801097496834,1.0,0,-40.0,False
2020,16,100,ARI,SF,0.1309267447413774,1.0,0,-8.0,False
2020,16,100,LV,MIA,0.0758815456912911,1.0,3,-1.0,False
2020,16,100,BAL,NYG,0.1394218789293782,1.0,0,14.0,True
2020,16,100,HOU,CIN,0.1238062063650833,1.0,1,-6.0,False
2020,16,100,JAX,CHI,-0.0106976684855227,1.0,0,-24.0,False
2020,16,100,KC,ATL,0.2908186091447032,1.0,0,3.0,True
2020,16,100,NYJ,CLE,-0.2855947807526289,1.0,0,7.0,True
2020,16,100,PIT,IND,-0.0589906274293148,1.0,-1,4.0,True
2020,16,100,LAC,DEN,0.2299211873992953,1.0,2,3.0,True
2020,16,100,WAS,CAR,-0.205613456591954,1.0,-1,-7.0,False
2020,16,100,DAL,PHI,0.0516945979701086,1.0,0,20.0,True
2020,16,100,SEA,LA,0.0794630953091136,1.0,0,11.0,True
2020,16,100,GB,TEN,0.1312818020120357,1.0,1,26.0,True
2020,16,100,NE,BUF,-0.2033603487320235,1.0,-1,-29.0,False
2020,17,2,BUF,MIA,0.3614675583078927,1.0,-2,30.0,True
2020,17,2,CIN,BAL,-0.0648070127715854,1.0,0,-35.0,False
2020,17,2,CLE,PIT,0.1566264195747263,1.0,0,2.0,True
2020,17,2,DET,MIN,-0.1785309947173309,1.0,-1,-2.0,False
2020,17,2,NE,NYJ,-0.2952140035641972,1.0,-1,14.0,True
2020,17,2,NYG,DAL,-0.3779719804295182,1.0,0,4.0,True
2020,17,2,TB,ATL,0.2518875679943345,1.0,1,17.0,True
2020,17,2,CAR,NO,0.0264555369475266,1.0,-2,-26.0,False
2020,17,2,CHI,GB,-0.5167416496470304,1.0,0,-19.0,False
2020,17,2,DEN,LV,-0.2085231666596236,1.0,-1,-1.0,False
2020,17,2,HOU,TEN,0.1077277326500179,1.0,0,-3.0,False
2020,17,2,IND,JAX,0.0928419598204598,1.0,0,14.0,True
2020,17,2,KC,LAC,0.192967309772667,1.0,0,-17.0,False
2020,17,2,LA,ARI,-0.0050660622112713,1.0,-1,11.0,True
2020,17,2,SF,SEA,-0.2397460098596122,0.0,1,-3.0,False
2020,17,2,PHI,WAS,0.0233740809323237,1.0,0,-6.0,False
2020,17,4,BUF,MIA,0.2428867391230909,1.0,-2,30.0,True
2020,17,4,CIN,BAL,-0.064031811485246,1.0,0,-35.0,False
2020,17,4,CLE,PIT,0.1554713425220159,1.0,0,2.0,True
2020,17,4,DET,MIN,-0.1347953417216908,1.0,-1,-2.0,False
2020,17,4,NE,NYJ,-0.1397430373462766,1.0,-1,14.0,True
2020,17,4,NYG,DAL,-0.1976744520487757,1.0,0,4.0,True
2020,17,4,TB,ATL,0.1634599740942904,1.0,1,17.0,True
2020,17,4,CAR,NO,-0.0572879870346286,1.0,-2,-26.0,False
2020,17,4,CHI,GB,-0.4683490853874998,1.0,0,-19.0,False
2020,17,4,DEN,LV,-0.2419784056633625,1.0,-1,-1.0,False
2020,17,4,HOU,TEN,0.045338666667524,1.0,0,-3.0,False
2020,17,4,IND,JAX,0.1120713267361291,1.0,0,14.0,True
2020,17,4,KC,LAC,0.2305897578003927,1.0,0,-17.0,False
2020,17,4,LA,ARI,0.0177417564176177,1.0,-1,11.0,True
2020,17,4,SF,SEA,-0.2205437654760174,0.0,1,-3.0,False
2020,17,4,PHI,WAS,0.0390905274528165,1.0,0,-6.0,False
2020,17,6,BUF,MIA,0.2030932011344517,1.0,-2,30.0,True
2020,17,6,CIN,BAL,-0.0768740509452402,1.0,0,-35.0,False
2020,17,6,CLE,PIT,0.1496361370725995,1.0,0,2.0,True
2020,17,6,DET,MIN,-0.1116075164221554,1.0,-1,-2.0,False
2020,17,6,NE,NYJ,-0.0767833550650445,1.0,-1,14.0,True
2020,17,6,NYG,DAL,-0.1375356730155017,1.0,0,4.0,True
2020,17,6,TB,ATL,0.1428262189928647,1.0,1,17.0,True
2020,17,6,CAR,NO,-0.0784868543281289,1.0,-2,-26.0,False
2020,17,6,CHI,GB,-0.4414579855572575,1.0,0,-19.0,False
2020,17,6,DEN,LV,-0.2580908509429068,1.0,-1,-1.0,False
2020,17,6,HOU,TEN,0.0257993230311196,1.0,0,-3.0,False
2020,17,6,IND,JAX,0.1250677684616424,1.0,0,14.0,True
2020,17,6,KC,LAC,0.2380248645076208,1.0,0,-17.0,False
2020,17,6,LA,ARI,0.0185797025187257,1.0,-1,11.0,True
2020,17,6,SF,SEA,-0.2080670732572878,0.0,1,-3.0,False
2020,17,6,PHI,WAS,0.0562707913036638,1.0,0,-6.0,False
2020,17,10,BUF,MIA,0.1781286803513796,1.0,-2,30.0,True
2020,17,10,CIN,BAL,-0.0928900587985177,1.0,0,-35.0,False
2020,17,10,CLE,PIT,0.1434054537771645,1.0,0,2.0,True
2020,17,10,DET,MIN,-0.0871758211098712,1.0,-1,-2.0,False
2020,17,10,NE,NYJ,-0.023536225560206,1.0,-1,14.0,True
2020,17,10,NYG,DAL,-0.0956739388875639,1.0,0,4.0,True
2020,17,10,TB,ATL,0.1321676184080531,1.0,1,17.0,True
2020,17,10,CAR,NO,-0.0898104312049504,1.0,-2,-26.0,False
2020,17,10,CHI,GB,-0.4159060387353959,1.0,0,-19.0,False
2020,17,10,DEN,LV,-0.2710801575138879,1.0,-1,-1.0,False
2020,17,10,HOU,TEN,0.0100174539991706,1.0,0,-3.0,False
2020,17,10,IND,JAX,0.1380981811344881,1.0,0,14.0,True
2020,17,10,KC,LAC,0.2403867705822445,1.0,0,-17.0,False
2020,17,10,LA,ARI,0.0150858418651045,1.0,-1,11.0,True
2020,17,10,SF,SEA,-0.1967399118920687,0.0,1,-3.0,False
2020,17,10,PHI,WAS,0.0740396648228782,1.0,0,-6.0,False
2020,17,20,BUF,MIA,0.1662112418228289,1.0,-2,30.0,True
2020,17,20,CIN,BAL,-0.1080125952888954,1.0,0,-35.0,False
2020,17,20,CLE,PIT,0.1378895235392322,1.0,0,2.0,True
2020,17,20,DET,MIN,-0.0648399226750857,1.0,-1,-2.0,False
2020,17,20,NE,NYJ,0.0171869128151869,1.0,-1,14.0,True
2020,17,20,NYG,DAL,-0.070153540767037,1.0,0,4.0,True
2020,17,20,TB,ATL,0.1279055461545657,1.0,1,17.0,True
2020,17,20,CAR,NO,-0.0943511841941966,1.0,-2,-26.0,False
2020,17,20,CHI,GB,-0.3951576545983055,1.0,0,-19.0,False
2020,17,20,DEN,LV,-0.2800612106929379,1.0,-1,-1.0,False
2020,17,20,HOU,TEN,-0.0019770343348807,1.0,0,-3.0,False
2020,17,20,IND,JAX,0.1488222339900914,1.0,0,14.0,True
2020,17,20,KC,LAC,0.2396197290264277,1.0,0,-17.0,False
2020,17,20,LA,ARI,0.0098119597346297,1.0,-1,11.0,True
2020,17,20,SF,SEA,-0.1880511345527576,0.0,1,-3.0,False
2020,17,20,PHI,WAS,0.0889080892878758,1.0,0,-6.0,False
2020,17,50,BUF,MIA,0.1626292954247589,1.0,-2,30.0,True
2020,17,50,CIN,BAL,-0.1181765335025148,1.0,0,-35.0,False
2020,17,50,CLE,PIT,0.1342273118215936,1.0,0,2.0,True
2020,17,50,DET,MIN,-0.0497538516576893,1.0,-1,-2.0,False
2020,17,50,NE,NYJ,0.0416060100882886,1.0,-1,14.0,True
2020,17,50,NYG,DAL,-0.0578196746849349,1.0,0,4.0,True
2020,17,50,TB,ATL,0.1268270960220376,1.0,1,17.0,True
2020,17,50,CAR,NO,-0.0954001981095716,1.0,-2,-26.0,False
2020,17,50,CHI,GB,-0.3824489435295334,1.0,0,-19.0,False
2020,17,50,DEN,LV,-0.2848945716461794,1.0,-1,-1.0,False
2020,17,50,HOU,TEN,-0.0092122408423828,1.0,0,-3.0,False
2020,17,50,IND,JAX,0.1553429502084908,1.0,0,14.0,True
2020,17,50,KC,LAC,0.2380449173552433,1.0,0,-17.0,False
2020,17,50,LA,ARI,0.0055893415237607,1.0,-1,11.0,True
2020,17,50,SF,SEA,-0.1829794111246574,0.0,1,-3.0,False
2020,17,50,PHI,WAS,0.098103645616324,1.0,0,-6.0,False
2020,17,100,BUF,MIA,0.1620925867338257,1.0,-2,30.0,True
2020,17,100,CIN,BAL,-0.1217196614868851,1.0,0,-35.0,False
2020,17,100,CLE,PIT,0.1329450637377494,1.0,0,2.0,True
2020,17,100,DET,MIN,-0.0444544702097227,1.0,-1,-2.0,False
2020,17,100,NE,NYJ,0.0497066712345053,1.0,-1,14.0,True
2020,17,100,NYG,DAL,-0.054246306292721,1.0,0,4.0,True
2020,17,100,TB,ATL,0.1266962598043587,1.0,1,17.0,True
2020,17,100,CAR,NO,-0.095479047216023,1.0,-2,-26.0,False
2020,17,100,CHI,GB,-0.3782180297291969,1.0,0,-19.0,False
2020,17,100,DEN,LV,-0.2863921836835889,1.0,-1,-1.0,False
2020,17,100,HOU,TEN,-0.0116240210817403,1.0,0,-3.0,False
2020,17,100,IND,JAX,0.1574926269208622,1.0,0,14.0,True
2020,17,100,KC,LAC,0.2373336165765905,1.0,0,-17.0,False
2020,17,100,LA,ARI,0.0040167291297889,1.0,-1,11.0,True
2020,17,100,SF,SEA,-0.1813362889119945,0.0,1,-3.0,False
2020,17,100,PHI,WAS,0.1011721088188633,1.0,0,-6.0,False
2021,4,2,CIN,JAX,0.1845815590215758,1.0,0,3.0,True
2021,4,2,ATL,WAS,-0.1279311994708142,1.0,0,-4.0,False
2021,4,2,BUF,HOU,0.0918401139293366,1.0,-3,40.0,True
2021,4,2,CHI,DET,0.0593727823639434,1.0,0,10.0,True
2021,4,2,DAL,CAR,0.0393803149248564,1.0,-4,8.0,True
2021,4,2,MIA,IND,0.0687897008712555,1.0,0,-10.0,False
2021,4,2,MIN,CLE,-0.0334589114411257,1.0,0,-7.0,False
2021,4,2,NO,NYG,0.1841740014952329,1.0,0,-6.0,False
2021,4,2,NYJ,TEN,-0.2048123837972372,1.0,0,3.0,True
2021,4,2,PHI,KC,-0.2183930936169253,1.0,-1,-12.0,False
2021,4,2,LA,ARI,0.1858401487353139,1.0,0,-17.0,False
2021,4,2,SF,SEA,-0.2496177195200437,1.0,0,-7.0,False
2021,4,2,DEN,BAL,0.196514600914887,1.0,0,-16.0,False
2021,4,2,GB,PIT,0.3532988611155949,1.0,0,10.0,True
2021,4,2,NE,TB,-0.0863509187581854,1.0,0,-2.0,False
2021,4,2,LAC,LV,-0.0433667196319132,1.0,0,14.0,True
2021,4,4,CIN,JAX,0.1438638799587286,1.0,0,3.0,True
2021,4,4,ATL,WAS,-0.1737560044287432,1.0,0,-4.0,False
2021,4,4,BUF,HOU,0.0475483100354919,1.0,-3,40.0,True
2021,4,4,CHI,DET,0.0837000484940425,1.0,0,10.0,True
2021,4,4,DAL,CAR,0.0005360351166598,1.0,-4,8.0,True
2021,4,4,MIA,IND,0.1040907483264422,1.0,0,-10.0,False
2021,4,4,MIN,CLE,-0.0047991254158989,1.0,0,-7.0,False
2021,4,4,NO,NYG,0.1672329389458845,1.0,0,-6.0,False
2021,4,4,NYJ,TEN,-0.1638912623036863,1.0,0,3.0,True
2021,4,4,PHI,KC,-0.1735647537052568,1.0,-1,-12.0,False
2021,4,4,LA,ARI,0.1921852374242699,1.0,0,-17.0,False
2021,4,4,SF,SEA,-0.2261931300254161,1.0,0,-7.0,False
2021,4,4,DEN,BAL,0.1684917613256752,1.0,0,-16.0,False
2021,4,4,GB,PIT,0.2663168643471447,1.0,0,10.0,True
2021,4,4,NE,TB,-0.0639428868350861,1.0,0,-2.0,False
2021,4,4,LAC,LV,-0.0465448568390839,1.0,0,14.0,True
2021,4,6,CIN,JAX,0.1322034475141515,1.0,0,3.0,True
2021,4,6,ATL,WAS,-0.1890067546840691,1.0,0,-4.0,False
2021,4,6,BUF,HOU,0.0314871621646522,1.0,-3,40.0,True
2021,4,6,CHI,DET,0.0912666302627673,1.0,0,10.0,True
2021,4,6,DAL,CAR,-0.0112509967155095,1.0,-4,8.0,True
2021,4,6,MIA,IND,0.1166156721504475,1.0,0,-10.0,False
2021,4,6,MIN,CLE,0.0044132047290982,1.0,0,-7.0,False
2021,4,6,NO,NYG,0.1619000355876406,1.0,0,-6.0,False
2021,4,6,NYJ,TEN,-0.1504231747107391,1.0,0,3.0,True
2021,4,6,PHI,KC,-0.1583788437357756,1.0,-1,-12.0,False
2021,4,6,LA,ARI,0.1936142570631135,1.0,0,-17.0,False
2021,4,6,SF,SEA,-0.2181381420328394,1.0,0,-7.0,False
2021,4,6,DEN,BAL,0.1593556239421263,1.0,0,-16.0,False
2021,4,6,GB,PIT,0.2371391413774986,1.0,0,10.0,True
2021,4,6,NE,TB,-0.0563704353228199,1.0,0,-2.0,False
2021,4,6,LAC,LV,-0.047972509082743,1.0,0,14.0,True
2021,4,10,CIN,JAX,0.1236241032928943,1.0,0,3.0,True
2021,4,10,ATL,WAS,-0.2011439744741278,1.0,0,-4.0,False
2021,4,10,BUF,HOU,0.0182212683508479,1.0,-3,40.0,True
2021,4,10,CHI,DET,0.0970934637153197,1.0,0,10.0,True
2021,4,10,DAL,CAR,-0.0202221654608897,1.0,-4,8.0,True
2021,4,10,MIA,IND,0.1268720822055656,1.0,0,-10.0,False
2021,4,10,MIN,CLE,0.0116290262325984,1.0,0,-7.0,False
2021,4,10,NO,NYG,0.1577783852217423,1.0,0,-6.0,False
2021,4,10,NYJ,TEN,-0.1397606837069721,1.0,0,3.0,True
2021,4,10,PHI,KC,-0.1461764757918802,1.0,-1,-12.0,False
2021,4,10,LA,ARI,0.1944955240402536,1.0,0,-17.0,False
2021,4,10,SF,SEA,-0.2116312445497333,1.0,0,-7.0,False
2021,4,10,DEN,BAL,0.15213752801765,1.0,0,-16.0,False
2021,4,10,GB,PIT,0.2138264926771128,1.0,0,10.0,True
2021,4,10,NE,TB,-0.0503231145364447,1.0,0,-2.0,False
2021,4,10,LAC,LV,-0.0492433789503091,1.0,0,14.0,True
2021,4,20,CIN,JAX,0.1176397477719096,1.0,0,3.0,True
2021,4,20,ATL,WAS,-0.2101939714726271,1.0,0,-4.0,False
2021,4,20,BUF,HOU,0.0080453893764226,1.0,-3,40.0,True
2021,4,20,CHI,DET,0.1013233807792498,1.0,0,10.0,True
2021,4,20,DAL,CAR,-0.0266735971192296,1.0,-4,8.0,True
2021,4,20,MIA,IND,0.1346898604417292,1.0,0,-10.0,False
2021,4,20,MIN,CLE,0.0169430982185803,1.0,0,-7.0,False
2021,4,20,NO,NYG,0.154780240029922,1.0,0,-6.0,False
2021,4,20,NYJ,TEN,-0.1318427305628105,1.0,0,3.0,True
2021,4,20,PHI,KC,-0.1370032881698074,1.0,-1,-12.0,False
2021,4,20,LA,ARI,0.1950007568205238,1.0,0,-17.0,False
2021,4,20,SF,SEA,-0.2067225178967942,1.0,0,-7.0,False
2021,4,20,DEN,BAL,0.1467814748193951,1.0,0,-16.0,False
2021,4,20,GB,PIT,0.1963876647903587,1.0,0,10.0,True
2021,4,20,NE,TB,-0.0458077815408826,1.0,0,-2.0,False
2021,4,20,LAC,LV,-0.0502695823104757,1.0,0,14.0,True
2021,4,50,CIN,JAX,0.1142375909797337,1.0,0,3.0,True
2021,4,50,ATL,WAS,-0.2155974368824416,1.0,0,-4.0,False
2021,4,50,BUF,HOU,0.0018520344745264,1.0,-3,40.0,True
2021,4,50,CHI,DET,0.103801366050314,1.0,0,10.0,True
2021,4,50,DAL,CAR,-0.0304280336102552,1.0,-4,8.0,True
2021,4,50,MIA,IND,0.1394281305526082,1.0,0,-10.0,False
2021,4,50,MIN,CLE,0.0200891187720513,1.0,0,-7.0,False
2021,4,50,NO,NYG,0.1530221626107491,1.0,0,-6.0,False
2021,4,50,NYJ,TEN,-0.1271283289251579,1.0,0,3.0,True
2021,4,50,PHI,KC,-0.1314935305604323,1.0,-1,-12.0,False
2021,4,50,LA,ARI,0.1952391931711973,1.0,0,-17.0,False
2021,4,50,SF,SEA,-0.2037680550476897,1.0,0,-7.0,False
2021,4,50,DEN,BAL,0.1435928110721408,1.0,0,-16.0,False
2021,4,50,GB,PIT,0.185951734313006,1.0,0,10.0,True
2021,4,50,NE,TB,-0.043111020136768,1.0,0,-2.0,False
2021,4,50,LAC,LV,-0.0509146011397539,1.0,0,14.0,True
2021,4,100,CIN,JAX,0.1131352275753782,1.0,0,3.0,True
2021,4,100,ATL,WAS,-0.2173936882332139,1.0,0,-4.0,False
2021,4,100,BUF,HOU,-0.0002264909722762,1.0,-3,40.0,True
2021,4,100,CHI,DET,0.1046171465457618,1.0,0,10.0,True
2021,4,100,DAL,CAR,-0.0316598833043559,1.0,-4,8.0,True
2021,4,100,MIA,IND,0.141015060223148,1.0,0,-10.0,False
2021,4,100,MIN,CLE,0.0211305131356834,1.0,0,-7.0,False
2021,4,100,NO,NYG,0.1524431856563992,1.0,0,-6.0,False
2021,4,100,NYJ,TEN,-0.1255633071735236,1.0,0,3.0,True
2021,4,100,PHI,KC,-0.1296562721068717,1.0,-1,-12.0,False
2021,4,100,LA,ARI,0.1953078402772628,1.0,0,-17.0,False
2021,4,100,SF,SEA,-0.2027819576357239,1.0,0,-7.0,False
2021,4,100,DEN,BAL,0.1425342131308012,1.0,0,-16.0,False
2021,4,100,GB,PIT,0.1824785267652129,1.0,0,10.0,True
2021,4,100,NE,TB,-0.0422145898955197,1.0,0,-2.0,False
2021,4,100,LAC,LV,-0.0511344032632277,1.0,0,14.0,True
2021,5,2,SEA,LA,-0.0605052494320862,1.0,0,-9.0,False
2021,5,2,ATL,NYJ,0.053864950982845,0.0,0,7.0,True
2021,5,2,CAR,PHI,-0.0437940267947864,1.0,0,-3.0,False
2021,5,2,CIN,GB,-0.2435816560507372,1.0,3,-3.0,False
2021,5,2,HOU,NE,-0.0803691749925699,1.0,0,-3.0,False
2021,5,2,JAX,TEN,0.0773649336433535,1.0,3,-18.0,False
2021,5,2,MIN,DET,0.0810827075511184,1.0,0,2.0,True
2021,5,2,PIT,DEN,-0.132385769443159,1.0,0,8.0,True
2021,5,2,TB,MIA,0.1411504539602516,1.0,0,28.0,True
2021,5,2,WAS,NO,0.1910103932407233,1.0,0,-11.0,False
2021,5,2,LAC,CLE,-0.077942468630739,1.0,-1,5.0,True
2021,5,2,LV,CHI,0.1286148491004359,1.0,-1,-11.0,False
2021,5,2,ARI,SF,0.1219600193425562,1.0,0,7.0,True
2021,5,2,DAL,NYG,0.4340843971076856,1.0,0,24.0,True
2021,5,2,KC,BUF,-0.1805388915995572,1.0,0,-18.0,False
2021,5,2,BAL,IND,0.1442141860696301,1.0,0,6.0,True
2021,5,4,SEA,LA,-0.0661112917184101,1.0,0,-9.0,False
2021,5,4,ATL,NYJ,0.1026679300421726,0.0,0,7.0,True
2021,5,4,CAR,PHI,0.0566604889842275,1.0,0,-3.0,False
2021,5,4,CIN,GB,-0.1969022022811046,1.0,3,-3.0,False
2021,5,4,HOU,NE,-0.0410139624326881,1.0,0,-3.0,False
2021,5,4,JAX,TEN,0.0728635679401168,1.0,3,-18.0,False
2021,5,4,MIN,DET,0.11777984780467,1.0,0,2.0,True
2021,5,4,PIT,DEN,-0.092760840256019,1.0,0,8.0,True
2021,5,4,TB,MIA,0.0726404014544376,1.0,0,28.0,True
2021,5,4,WAS,NO,0.1703241937483764,1.0,0,-11.0,False
2021,5,4,LAC,CLE,-0.0746672333951848,1.0,-1,5.0,True
2021,5,4,LV,CHI,0.1298799721786171,1.0,-1,-11.0,False
2021,5,4,ARI,SF,0.0924111614767567,1.0,0,7.0,True
2021,5,4,DAL,NYG,0.3718368172795058,1.0,0,24.0,True
2021,5,4,KC,BUF,-0.0557001624217917,1.0,0,-18.0,False
2021,5,4,BAL,IND,0.1427313499727111,1.0,0,6.0,True
2021,5,6,SEA,LA,-0.0666024659378678,1.0,0,-9.0,False
2021,5,6,ATL,NYJ,0.1178545605644873,0.0,0,7.0,True
2021,5,6,CAR,PHI,0.0881085652861419,1.0,0,-3.0,False
2021,5,6,CIN,GB,-0.1813096136162472,1.0,3,-3.0,False
2021,5,6,HOU,NE,-0.029079502145638,1.0,0,-3.0,False
2021,5,6,JAX,TEN,0.0714752128411506,1.0,3,-18.0,False
2021,5,6,MIN,DET,0.1311572636889164,1.0,0,2.0,True
2021,5,6,PIT,DEN,-0.0770038934986987,1.0,0,8.0,True
2021,5,6,TB,MIA,0.0508742283618156,1.0,0,28.0,True
2021,5,6,WAS,NO,0.1639729172255817,1.0,0,-11.0,False
2021,5,6,LAC,CLE,-0.0730330133678509,1.0,-1,5.0,True
2021,5,6,LV,CHI,0.1310056060583662,1.0,-1,-11.0,False
2021,5,6,ARI,SF,0.0821492829886324,1.0,0,7.0,True
2021,5,6,DAL,NYG,0.3525509726515295,1.0,0,24.0,True
2021,5,6,KC,BUF,-0.0149252415114794,1.0,0,-18.0,False
2021,5,6,BAL,IND,0.1432172365977586,1.0,0,6.0,True
2021,5,10,SEA,LA,-0.0664967054945641,1.0,0,-9.0,False
2021,5,10,ATL,NYJ,0.129472656583709,0.0,0,7.0,True
2021,5,10,CAR,PHI,0.112261561264958,1.0,0,-3.0,False
2021,5,10,CIN,GB,-0.1688302629442689,1.0,3,-3.0,False
2021,5,10,HOU,NE,-0.0198935265928249,1.0,0,-3.0,False
2021,5,10,JAX,TEN,0.0703815418421848,1.0,3,-18.0,False
2021,5,10,MIN,DET,0.1422350163186677,1.0,0,2.0,True
2021,5,10,PIT,DEN,-0.0635961492666541,1.0,0,8.0,True
2021,5,10,TB,MIA,0.0339775957432327,1.0,0,28.0,True
2021,5,10,WAS,NO,0.1590524631469654,1.0,0,-11.0,False
2021,5,10,LAC,CLE,-0.0715585376881888,1.0,-1,5.0,True
2021,5,10,LV,CHI,0.1322521806103913,1.0,-1,-11.0,False
2021,5,10,ARI,SF,0.0738731293532533,1.0,0,7.0,True
2021,5,10,DAL,NYG,0.3377908892721457,1.0,0,24.0,True
2021,5,10,KC,BUF,0.0171701671426999,1.0,0,-18.0,False
2021,5,10,BAL,IND,0.1440106260624805,1.0,0,6.0,True
2021,5,20,SEA,LA,-0.0661306451401629,1.0,0,-9.0,False
2021,5,20,ATL,NYJ,0.137838582669035,0.0,0,7.0,True
2021,5,20,CAR,PHI,0.1297179769873018,1.0,0,-3.0,False
2021,5,20,CIN,GB,-0.1594693566144822,1.0,3,-3.0,False
2021,5,20,HOU,NE,-0.0131893914233326,1.0,0,-3.0,False
2021,5,20,JAX,TEN,0.0695636633188703,1.0,3,-18.0,False
2021,5,20,MIN,DET,0.1507485381139579,1.0,0,2.0,True
2021,5,20,PIT,DEN,-0.0531141420289212,1.0,0,8.0,True
2021,5,20,TB,MIA,0.0216405939383879,1.0,0,28.0,True
2021,5,20,WAS,NO,0.1554401401694232,1.0,0,-11.0,False
2021,5,20,LAC,CLE,-0.0703660959052535,1.0,-1,5.0,True
2021,5,20,LV,CHI,0.1334152200130793,1.0,-1,-11.0,False
2021,5,20,ARI,SF,0.0676525257101415,1.0,0,7.0,True
2021,5,20,DAL,NYG,0.3271434707303555,1.0,0,24.0,True
2021,5,20,KC,BUF,0.0408747318848292,1.0,0,-18.0,False
2021,5,20,BAL,IND,0.1448534117151064,1.0,0,6.0,True
2021,5,50,SEA,LA,-0.0657950586808906,1.0,0,-9.0,False
2021,5,50,ATL,NYJ,0.1427046024486481,0.0,0,7.0,True
2021,5,50,CAR,PHI,0.1399010131819623,1.0,0,-3.0,False
2021,5,50,CIN,GB,-0.1538528288219722,1.0,3,-3.0,False
2021,5,50,HOU,NE,-0.0092346441523925,1.0,0,-3.0,False
2021,5,50,JAX,TEN,0.0690715974505506,1.0,3,-18.0,False
2021,5,50,MIN,DET,0.1559363635662027,1.0,0,2.0,True
2021,5,50,PIT,DEN,-0.0466631945727557,1.0,0,8.0,True
2021,5,50,TB,MIA,0.0143859464269751,1.0,0,28.0,True
2021,5,50,WAS,NO,0.1532994028365628,1.0,0,-11.0,False
2021,5,50,LAC,CLE,-0.0696185957596837,1.0,-1,5.0,True
2021,5,50,LV,CHI,0.1342144587899268,1.0,-1,-11.0,False
2021,5,50,ARI,SF,0.0639223729745095,1.0,0,7.0,True
2021,5,50,DAL,NYG,0.3209371944477635,1.0,0,24.0,True
2021,5,50,KC,BUF,0.0549289475509962,1.0,0,-18.0,False
2021,5,50,BAL,IND,0.1454638590209963,1.0,0,6.0,True
2021,5,100,SEA,LA,-0.0656641304099551,1.0,0,-9.0,False
2021,5,100,ATL,NYJ,0.1443000182850858,0.0,0,7.0,True
2021,5,100,CAR,PHI,0.1432449844515468,1.0,0,-3.0,False
2021,5,100,CIN,GB,-0.1519807254027623,1.0,3,-3.0,False
2021,5,100,HOU,NE,-0.0079267665706957,1.0,0,-3.0,False
2021,5,100,JAX,TEN,0.0689071158254869,1.0,3,-18.0,False
2021,5,100,MIN,DET,0.1576784100593731,1.0,0,2.0,True
2021,5,100,PIT,DEN,-0.0444873740581376,1.0,0,8.0,True
2021,5,100,TB,MIA,0.0119932341428539,1.0,0,28.0,True
2021,5,100,WAS,NO,0.1525896652834613,1.0,0,-11.0,False
2021,5,100,LAC,CLE,-0.0693644733383992,1.0,-1,5.0,True
2021,5,100,LV,CHI,0.1344985154302322,1.0,-1,-11.0,False
2021,5,100,ARI,SF,0.0626801521096756,1.0,0,7.0,True
2021,5,100,DAL,NYG,0.3188995327187068,1.0,0,24.0,True
2021,5,100,KC,BUF,0.0595838752587411,1.0,0,-18.0,False
2021,5,100,BAL,IND,0.1456850438931149,1.0,0,6.0,True
2021,6,2,PHI,TB,-0.1381389124924426,1.0,0,-6.0,False
2021,6,2,JAX,MIA,-0.0259552817323407,0.0,0,3.0,True
2021,6,2,BAL,LAC,0.0087507531563421,1.0,-1,28.0,True
2021,6,2,CAR,MIN,-0.2910835629694097,1.0,0,-6.0,False
2021,6,2,CHI,GB,-0.1671247653404285,1.0,0,-10.0,False
2021,6,2,DET,CIN,0.0157361284158349,1.0,0,-23.0,False
2021,6,2,IND,HOU,0.3055546483608015,1.0,-1,28.0,True
2021,6,2,NYG,LA,-0.1908469215683534,1.0,-3,-27.0,False
2021,6,2,WAS,KC,-0.0183079915307906,1.0,0,-18.0,False
2021,6,2,CLE,ARI,-0.0853453241022065,1.0,0,-23.0,False
2021,6,2,DEN,LV,-0.0850346694497042,1.0,0,-10.0,False
2021,6,2,NE,DAL,-0.5428970971167677,1.0,0,-6.0,False
2021,6,2,PIT,SEA,-0.1030059522928306,1.0,-3,3.0,True
2021,6,2,TEN,BUF,-0.226022941487758,1.0,0,3.0,True
2021,6,4,PHI,TB,-0.1406993027289228,1.0,0,-6.0,False
2021,6,4,JAX,MIA,-0.0413240592466916,0.0,0,3.0,True
2021,6,4,BAL,LAC,-0.0099500411297274,1.0,-1,28.0,True
2021,6,4,CAR,MIN,-0.1948090754002985,1.0,0,-6.0,False
2021,6,4,CHI,GB,-0.1688870494691507,1.0,0,-10.0,False
2021,6,4,DET,CIN,-0.0107560542294359,1.0,0,-23.0,False
2021,6,4,IND,HOU,0.2449153338744883,1.0,-1,28.0,True
2021,6,4,NYG,LA,-0.2032485977220805,1.0,-3,-27.0,False
2021,6,4,WAS,KC,-0.0277170569428557,1.0,0,-18.0,False
2021,6,4,CLE,ARI,-0.047571969768547,1.0,0,-23.0,False
2021,6,4,DEN,LV,-0.0729845721171962,1.0,0,-10.0,False
2021,6,4,NE,DAL,-0.4951895914382671,1.0,0,-6.0,False
2021,6,4,PIT,SEA,-0.1372671123864117,1.0,-3,3.0,True
2021,6,4,TEN,BUF,-0.2180010292128565,1.0,0,3.0,True
2021,6,6,PHI,TB,-0.1379563465533521,1.0,0,-6.0,False
2021,6,6,JAX,MIA,-0.0493217015873115,0.0,0,3.0,True
2021,6,6,BAL,LAC,-0.0180979317514049,1.0,-1,28.0,True
2021,6,6,CAR,MIN,-0.1588095548438733,1.0,0,-6.0,False
2021,6,6,CHI,GB,-0.166422408498556,1.0,0,-10.0,False
2021,6,6,DET,CIN,-0.0204363411122622,1.0,0,-23.0,False
2021,6,6,IND,HOU,0.2192974581811096,1.0,-1,28.0,True
2021,6,6,NYG,LA,-0.2097744671350889,1.0,-3,-27.0,False
2021,6,6,WAS,KC,-0.0307346645686881,1.0,0,-18.0,False
2021,6,6,CLE,ARI,-0.0378997736559924,1.0,0,-23.0,False
2021,6,6,DEN,LV,-0.0680443703302078,1.0,0,-10.0,False
2021,6,6,NE,DAL,-0.4751423329799296,1.0,0,-6.0,False
2021,6,6,PIT,SEA,-0.1461600335598866,1.0,-3,3.0,True
2021,6,6,TEN,BUF,-0.212558084874092,1.0,0,3.0,True
2021,6,10,PHI,TB,-0.1343894054322109,1.0,0,-6.0,False
2021,6,10,JAX,MIA,-0.0567148481475218,0.0,0,3.0,True
2021,6,10,BAL,LAC,-0.0251105493159267,1.0,-1,28.0,True
2021,6,10,CAR,MIN,-0.1289710622378273,1.0,0,-6.0,False
2021,6,10,CHI,GB,-0.1633273856066172,1.0,0,-10.0,False
2021,6,10,DET,CIN,-0.0284536611757358,1.0,0,-23.0,False
2021,6,10,IND,HOU,0.1969607288200375,1.0,-1,28.0,True
2021,6,10,NYG,LA,-0.2157726078990832,1.0,-3,-27.0,False
2021,6,10,WAS,KC,-0.0331437108667344,1.0,0,-18.0,False
2021,6,10,CLE,ARI,-0.0315433591441501,1.0,0,-23.0,False
2021,6,10,DEN,LV,-0.0639190859902482,1.0,0,-10.0,False
2021,6,10,NE,DAL,-0.4579347169578298,1.0,0,-6.0,False
2021,6,10,PIT,SEA,-0.1522869035579239,1.0,-3,3.0,True
2021,6,10,TEN,BUF,-0.2073247333644782,1.0,0,3.0,True
2021,6,20,PHI,TB,-0.1309113299472927,1.0,0,-6.0,False
2021,6,20,JAX,MIA,-0.0628164108167463,0.0,0,3.0,True
2021,6,20,BAL,LAC,-0.030589913706506,1.0,-1,28.0,True
2021,6,20,CAR,MIN,-0.1061253088211789,1.0,0,-6.0,False
2021,6,20,CHI,GB,-0.1603646246840915,1.0,0,-10.0,False
2021,6,20,DET,CIN,-0.0346175022815679,1.0,0,-23.0,False
2021,6,20,IND,HOU,0.1791922322106706,1.0,-1,28.0,True
2021,6,20,NYG,LA,-0.2206872655259721,1.0,-3,-27.0,False
2021,6,20,WAS,KC,-0.0349572279973309,1.0,0,-18.0,False
2021,6,20,CLE,ARI,-0.0276640521845005,1.0,0,-23.0,False
2021,6,20,DEN,LV,-0.0607781457659872,1.0,0,-10.0,False
2021,6,20,NE,DAL,-0.4444669343178454,1.0,0,-6.0,False
2021,6,20,PIT,SEA,-0.1563005936695686,1.0,-3,3.0,True
2021,6,20,TEN,BUF,-0.20294202042177,1.0,0,3.0,True
2021,6,50,PHI,TB,-0.1284969874584288,1.0,0,-6.0,False
2021,6,50,JAX,MIA,-0.0666974821976772,0.0,0,3.0,True
2021,6,50,BAL,LAC,-0.0339462581701379,1.0,-1,28.0,True
2021,6,50,CAR,MIN,-0.0922716186638237,1.0,0,-6.0,False
2021,6,50,CHI,GB,-0.1583306196884862,1.0,0,-10.0,False
2021,6,50,DET,CIN,-0.0383756071612417,1.0,0,-23.0,False
2021,6,50,IND,HOU,0.1681349693841806,1.0,-1,28.0,True
2021,6,50,NYG,LA,-0.2237941972427762,1.0,-3,-27.0,False
2021,6,50,WAS,KC,-0.0360505515868516,1.0,0,-18.0,False
2021,6,50,CLE,ARI,-0.0257232595850713,1.0,0,-23.0,False
2021,6,50,DEN,LV,-0.0588911111090362,1.0,0,-10.0,False
2021,6,50,NE,DAL,-0.4361941816513997,1.0,0,-6.0,False
2021,6,50,PIT,SEA,-0.1584706709548267,1.0,-3,3.0,True
2021,6,50,TEN,BUF,-0.2001433212339547,1.0,0,3.0,True
2021,6,100,PHI,TB,-0.1276381589521544,1.0,0,-6.0,False
2021,6,100,JAX,MIA,-0.0680268359947759,0.0,0,3.0,True
2021,6,100,BAL,LAC,-0.0350742217300389,1.0,-1,28.0,True
2021,6,100,CAR,MIN,-0.0876342565469917,1.0,0,-6.0,False
2021,6,100,CHI,GB,-0.1576109051290915,1.0,0,-10.0,False
2021,6,100,DET,CIN,-0.0396380656138697,1.0,0,-23.0,False
2021,6,100,IND,HOU,0.1643856820771974,1.0,-1,28.0,True
2021,6,100,NYG,LA,-0.2248547573507494,1.0,-3,-27.0,False
2021,6,100,WAS,KC,-0.0364160703017122,1.0,0,-18.0,False
2021,6,100,CLE,ARI,-0.0251427167673774,1.0,0,-23.0,False
2021,6,100,DEN,LV,-0.0582634262193831,1.0,0,-10.0,False
2021,6,100,NE,DAL,-0.4334087382845783,1.0,0,-6.0,False
2021,6,100,PIT,SEA,-0.1591546384984848,1.0,-3,3.0,True
2021,6,100,TEN,BUF,-0.1991843643737313,1.0,0,3.0,True
2021,7,2,CLE,DEN,0.1775693526978336,1.0,0,3.0,True
2021,7,2,BAL,CIN,0.1103723446357138,1.0,0,-24.0,False
2021,7,2,GB,WAS,0.205287143666623,1.0,0,14.0,True
2021,7,2,MIA,ATL,-0.100578220826111,1.0,-7,-2.0,False
2021,7,2,NE,NYJ,0.2193406515918687,1.0,-7,41.0,True
2021,7,2,NYG,CAR,0.187932130085436,1.0,0,22.0,True
2021,7,2,TEN,KC,0.1216298738971118,1.0,-1,24.0,True
2021,7,2,LA,DET,0.321264383861677,1.0,0,9.0,True
2021,7,2,LV,PHI,0.1738396217894834,1.0,-3,11.0,True
2021,7,2,ARI,HOU,0.4709654815889345,1.0,0,26.0,True
2021,7,2,TB,CHI,0.1909944286738619,1.0,3,35.0,True
2021,7,2,SF,IND,-0.1661863389415515,1.0,7,-12.0,False
2021,7,2,SEA,NO,-0.0939308512416744,1.0,-7,-3.0,False
2021,7,4,CLE,DEN,0.1576551917139184,1.0,0,3.0,True
2021,7,4,BAL,CIN,0.0835020331498155,1.0,0,-24.0,False
2021,7,4,GB,WAS,0.16144239270354,1.0,0,14.0,True
2021,7,4,MIA,ATL,-0.045753538233979,1.0,-7,-2.0,False
2021,7,4,NE,NYJ,0.2237800083812105,1.0,-7,41.0,True
2021,7,4,NYG,CAR,0.1230607980710875,1.0,0,22.0,True
2021,7,4,TEN,KC,0.0397092849100937,1.0,-1,24.0,True
2021,7,4,LA,DET,0.3045721332118796,1.0,0,9.0,True
2021,7,4,LV,PHI,0.1488982955207327,1.0,-3,11.0,True
2021,7,4,ARI,HOU,0.4128440196333262,1.0,0,26.0,True
2021,7,4,TB,CHI,0.1565595365893988,1.0,3,35.0,True
2021,7,4,SF,IND,-0.0556679055644157,1.0,7,-12.0,False
2021,7,4,SEA,NO,-0.0219602081626173,1.0,-7,-3.0,False
2021,7,6,CLE,DEN,0.14845639664461,1.0,0,3.0,True
2021,7,6,BAL,CIN,0.0724055624707814,1.0,0,-24.0,False
2021,7,6,GB,WAS,0.1428245505363568,1.0,0,14.0,True
2021,7,6,MIA,ATL,-0.0268404168556725,1.0,-7,-2.0,False
2021,7,6,NE,NYJ,0.2285644679945564,1.0,-7,41.0,True
2021,7,6,NYG,CAR,0.0928747206585963,1.0,0,22.0,True
2021,7,6,TEN,KC,0.0101235482719224,1.0,-1,24.0,True
2021,7,6,LA,DET,0.304068938692373,1.0,0,9.0,True
2021,7,6,LV,PHI,0.1424056631652276,1.0,-3,11.0,True
2021,7,6,ARI,HOU,0.3913222462522857,1.0,0,26.0,True
2021,7,6,TB,CHI,0.1458358236463388,1.0,3,35.0,True
2021,7,6,SF,IND,-0.0149128139431111,1.0,7,-12.0,False
2021,7,6,SEA,NO,0.00422223867807,1.0,-7,-3.0,False
2021,7,10,CLE,DEN,0.1402010733539549,1.0,0,3.0,True
2021,7,10,BAL,CIN,0.0630057346314255,1.0,0,-24.0,False
2021,7,10,GB,WAS,0.1265205996891324,1.0,0,14.0,True
2021,7,10,MIA,ATL,-0.0115859519587645,1.0,-7,-2.0,False
2021,7,10,NE,NYJ,0.233638784072632,1.0,-7,41.0,True
2021,7,10,NYG,CAR,0.0657630556240387,1.0,0,22.0,True
2021,7,10,TEN,KC,-0.0140879156468275,1.0,-1,24.0,True
2021,7,10,LA,DET,0.3056513335095499,1.0,0,9.0,True
2021,7,10,LV,PHI,0.1376358748945679,1.0,-3,11.0,True
2021,7,10,ARI,HOU,0.3735029044620771,1.0,0,26.0,True
2021,7,10,TB,CHI,0.1376847159437269,1.0,3,35.0,True
2021,7,10,SF,IND,0.0188600353714064,1.0,7,-12.0,False
2021,7,10,SEA,NO,0.025648960992228,1.0,-7,-3.0,False
2021,7,20,CLE,DEN,0.1335174145773683,1.0,0,3.0,True
2021,7,20,BAL,CIN,0.0557394204054809,1.0,0,-24.0,False
2021,7,20,GB,WAS,0.1135094603947616,1.0,0,14.0,True
2021,7,20,MIA,ATL,-0.0001115794163279,1.0,-7,-2.0,False
2021,7,20,NE,NYJ,0.2381622562232575,1.0,-7,41.0,True
2021,7,20,NYG,CAR,0.0438231257468777,1.0,0,22.0,True
2021,7,20,TEN,KC,-0.0324655948181112,1.0,-1,24.0,True
2021,7,20,LA,DET,0.3080132947949284,1.0,0,9.0,True
2021,7,20,LV,PHI,0.1342248129189166,1.0,-3,11.0,True
2021,7,20,ARI,HOU,0.3598608351126467,1.0,0,26.0,True
2021,7,20,TB,CHI,0.1318681276913279,1.0,3,35.0,True
2021,7,20,SF,IND,0.0447796171334392,1.0,7,-12.0,False
2021,7,20,SEA,NO,0.0418794330517886,1.0,-7,-3.0,False
2021,7,50,CLE,DEN,0.1293176261829657,1.0,0,3.0,True
2021,7,50,BAL,CIN,0.0513184879967739,1.0,0,-24.0,False
2021,7,50,GB,WAS,0.1053970534534786,1.0,0,14.0,True
2021,7,50,MIA,ATL,0.0067742259564752,1.0,-7,-2.0,False
2021,7,50,NE,NYJ,0.2411640971918989,1.0,-7,41.0,True
2021,7,50,NYG,CAR,0.0300490284789106,1.0,0,22.0,True
2021,7,50,TEN,KC,-0.0435511071642986,1.0,-1,24.0,True
2021,7,50,LA,DET,0.3099139339223999,1.0,0,9.0,True
2021,7,50,LV,PHI,0.1322213426678732,1.0,-3,11.0,True
2021,7,50,ARI,HOU,0.3515866503353319,1.0,0,26.0,True
2021,7,50,TB,CHI,0.1285142730330544,1.0,3,35.0,True
2021,7,50,SF,IND,0.0605437152765335,1.0,7,-12.0,False
2021,7,50,SEA,NO,0.0516438211838045,1.0,-7,-3.0,False
2021,7,100,CLE,DEN,0.1278876605848301,1.0,0,3.0,True
2021,7,100,BAL,CIN,0.0498375410479425,1.0,0,-24.0,False
2021,7,100,GB,WAS,0.1026439640749989,1.0,0,14.0,True
2021,7,100,MIA,ATL,0.0090683544770569,1.0,-7,-2.0,False
2021,7,100,NE,NYJ,0.2422115660680854,1.0,-7,41.0,True
2021,7,100,NYG,CAR,0.025362082033216,1.0,0,22.0,True
2021,7,100,TEN,KC,-0.0472528131172479,1.0,-1,24.0,True
2021,7,100,LA,DET,0.3106276822212226,1.0,0,9.0,True
2021,7,100,LV,PHI,0.1315581360083619,1.0,-3,11.0,True
2021,7,100,ARI,HOU,0.3488165259655403,1.0,0,26.0,True
2021,7,100,TB,CHI,0.1274204043716524,1.0,3,35.0,True
2021,7,100,SF,IND,0.0658305457451335,1.0,7,-12.0,False
2021,7,100,SEA,NO,0.0548986833027936,1.0,-7,-3.0,False
2021,8,2,ARI,GB,0.1554195018949489,1.0,0,-3.0,False
2021,8,2,ATL,CAR,0.3734693997345213,1.0,0,-6.0,False
2021,8,2,BUF,MIA,0.1397446532052972,1.0,6,15.0,True
2021,8,2,CHI,SF,-0.1231081439278899,1.0,0,-11.0,False
2021,8,2,CLE,PIT,0.0558831662159131,1.0,-4,-5.0,False
2021,8,2,DET,PHI,0.0940617949785115,1.0,0,-38.0,False
2021,8,2,HOU,LA,-0.4251103797719874,1.0,0,-16.0,False
2021,8,2,IND,TEN,-0.0382023343178107,1.0,0,-3.0,False
2021,8,2,NYJ,CIN,-0.2933043715641187,1.0,0,3.0,True
2021,8,2,LAC,NE,-0.0110143009263637,1.0,7,-3.0,False
2021,8,2,SEA,JAX,-0.0128275411850504,1.0,-8,24.0,True
2021,8,2,DEN,WAS,-0.3244684422474936,1.0,3,7.0,True
2021,8,2,NO,TB,-0.203412341535903,1.0,-1,9.0,True
2021,8,2,MIN,DAL,-0.017748964254943,1.0,0,-4.0,False
2021,8,2,KC,NYG,-0.0719141803978257,1.0,0,3.0,True
2021,8,4,ARI,GB,0.1047626855023039,1.0,0,-3.0,False
2021,8,4,ATL,CAR,0.2541705266668738,1.0,0,-6.0,False
2021,8,4,BUF,MIA,0.1678181089107634,1.0,6,15.0,True
2021,8,4,CHI,SF,-0.12121249522857,1.0,0,-11.0,False
2021,8,4,CLE,PIT,0.0809262380517216,1.0,-4,-5.0,False
2021,8,4,DET,PHI,0.0424436987541956,1.0,0,-38.0,False
2021,8,4,HOU,LA,-0.4098482768591842,1.0,0,-16.0,False
2021,8,4,IND,TEN,-0.0106519954849792,1.0,0,-3.0,False
2021,8,4,NYJ,CIN,-0.306384410923362,1.0,0,3.0,True
2021,8,4,LAC,NE,0.048050467940904,1.0,7,-3.0,False
2021,8,4,SEA,JAX,0.0538340521792136,1.0,-8,24.0,True
2021,8,4,DEN,WAS,-0.2423958028981279,1.0,3,7.0,True
2021,8,4,NO,TB,-0.1472814695586755,1.0,-1,9.0,True
2021,8,4,MIN,DAL,-0.0734624096623278,1.0,0,-4.0,False
2021,8,4,KC,NYG,0.0216744672318637,1.0,0,3.0,True
2021,8,6,ARI,GB,0.0947537848410585,1.0,0,-3.0,False
2021,8,6,ATL,CAR,0.2024343186588824,1.0,0,-6.0,False
2021,8,6,BUF,MIA,0.1702703598254287,1.0,6,15.0,True
2021,8,6,CHI,SF,-0.1277841489573189,1.0,0,-11.0,False
2021,8,6,CLE,PIT,0.0872682010338455,1.0,-4,-5.0,False
2021,8,6,DET,PHI,0.0236690259645887,1.0,0,-38.0,False
2021,8,6,HOU,LA,-0.4029856195592635,1.0,0,-16.0,False
2021,8,6,IND,TEN,-0.0045602409258333,1.0,0,-3.0,False
2021,8,6,NYJ,CIN,-0.312837126917178,1.0,0,3.0,True
2021,8,6,LAC,NE,0.0643776513748449,1.0,7,-3.0,False
2021,8,6,SEA,JAX,0.081612846635834,1.0,-8,24.0,True
2021,8,6,DEN,WAS,-0.2120728993874157,1.0,3,7.0,True
2021,8,6,NO,TB,-0.1284505810436322,1.0,-1,9.0,True
2021,8,6,MIN,DAL,-0.086495686544491,1.0,0,-4.0,False
2021,8,6,KC,NYG,0.0494932107356686,1.0,0,3.0,True
2021,8,10,ARI,GB,0.0898710218104946,1.0,0,-3.0,False
2021,8,10,ATL,CAR,0.1569588100497563,1.0,0,-6.0,False
2021,8,10,BUF,MIA,0.169376722043462,1.0,6,15.0,True
2021,8,10,CHI,SF,-0.1357002018531921,1.0,0,-11.0,False
2021,8,10,CLE,PIT,0.0909828426054965,1.0,-4,-5.0,False
2021,8,10,DET,PHI,0.0077735391640956,1.0,0,-38.0,False
2021,8,10,HOU,LA,-0.39680487645312,1.0,0,-16.0,False
2021,8,10,IND,TEN,-0.0009109213588276,1.0,0,-3.0,False
2021,8,10,NYJ,CIN,-0.3186359369051345,1.0,0,3.0,True
2021,8,10,LAC,NE,0.0758612787631481,1.0,7,-3.0,False
2021,8,10,SEA,JAX,0.1058108048347823,1.0,-8,24.0,True
2021,8,10,DEN,WAS,-0.1871776205797286,1.0,3,7.0,True
2021,8,10,NO,TB,-0.1134725284721678,1.0,-1,9.0,True
2021,8,10,MIN,DAL,-0.0946668813370919,1.0,0,-4.0,False
2021,8,10,KC,NYG,0.0703593695832405,1.0,0,3.0,True
2021,8,20,ARI,GB,0.0881711395916606,1.0,0,-3.0,False
2021,8,20,ATL,CAR,0.1206647007583908,1.0,0,-6.0,False
2021,8,20,BUF,MIA,0.166999323408738,1.0,6,15.0,True
2021,8,20,CHI,SF,-0.1431533932089241,1.0,0,-11.0,False
2021,8,20,CLE,PIT,0.0928046078620715,1.0,-4,-5.0,False
2021,8,20,DET,PHI,-0.0047479682265189,1.0,0,-38.0,False
2021,8,20,HOU,LA,-0.391759749726523,1.0,0,-16.0,False
2021,8,20,IND,TEN,0.0011169747013051,1.0,0,-3.0,False
2021,8,20,NYJ,CIN,-0.3233036341029527,1.0,0,3.0,True
2021,8,20,LAC,NE,0.0834715465850367,1.0,7,-3.0,False
2021,8,20,SEA,JAX,0.1250460082690696,1.0,-8,24.0,True
2021,8,20,DEN,WAS,-0.1683076501557215,1.0,3,7.0,True
2021,8,20,NO,TB,-0.1023156595167208,1.0,-1,9.0,True
2021,8,20,MIN,DAL,-0.0994612843089923,1.0,0,-4.0,False
2021,8,20,KC,NYG,0.0851756775082662,1.0,0,3.0,True
2021,8,50,ARI,GB,0.0879895959355599,1.0,0,-3.0,False
2021,8,50,ATL,CAR,0.0980683189970337,1.0,0,-6.0,False
2021,8,50,BUF,MIA,0.1648704757736481,1.0,6,15.0,True
2021,8,50,CHI,SF,-0.1482305326188885,1.0,0,-11.0,False
2021,8,50,CLE,PIT,0.0934551208848107,1.0,-4,-5.0,False
2021,8,50,DET,PHI,-0.0125321180104675,1.0,0,-38.0,False
2021,8,50,HOU,LA,-0.3885638546258425,1.0,0,-16.0,False
2021,8,50,IND,TEN,0.0020490055180661,1.0,0,-3.0,False
2021,8,50,NYJ,CIN,-0.326217288295951,1.0,0,3.0,True
2021,8,50,LAC,NE,0.0876066700321364,1.0,7,-3.0,False
2021,8,50,SEA,JAX,0.1370051202195274,1.0,-8,24.0,True
2021,8,50,DEN,WAS,-0.1569615486254289,1.0,3,7.0,True
2021,8,50,NO,TB,-0.0956581084266379,1.0,-1,9.0,True
2021,8,50,MIN,DAL,-0.1017936514397178,1.0,0,-4.0,False
2021,8,50,KC,NYG,0.0937200229480588,1.0,0,3.0,True
2021,8,100,ARI,GB,0.0880711322174095,1.0,0,-3.0,False
2021,8,100,ATL,CAR,0.0904091123614394,1.0,0,-6.0,False
2021,8,100,BUF,MIA,0.1640446925209323,1.0,6,15.0,True
2021,8,100,CHI,SF,-0.1500213622995464,1.0,0,-11.0,False
2021,8,100,CLE,PIT,0.0935940460244144,1.0,-4,-5.0,False
2021,8,100,DET,PHI,-0.0151742943308784,1.0,0,-38.0,False
2021,8,100,HOU,LA,-0.3874705195460851,1.0,0,-16.0,False
2021,8,100,IND,TEN,0.002313300010942,1.0,0,-3.0,False
2021,8,100,NYJ,CIN,-0.3272053889040247,1.0,0,3.0,True
2021,8,100,LAC,NE,0.0889117893338803,1.0,7,-3.0,False
2021,8,100,SEA,JAX,0.1410575471125005,1.0,-8,24.0,True
2021,8,100,DEN,WAS,-0.1531816434725193,1.0,3,7.0,True
2021,8,100,NO,TB,-0.0934453146690649,1.0,-1,9.0,True
2021,8,100,MIN,DAL,-0.1024815659711274,1.0,0,-4.0,False
2021,8,100,KC,NYG,0.0965105946578359,1.0,0,3.0,True
2021,9,2,IND,NYJ,-0.0568721942278956,1.0,0,15.0,True
2021,9,2,BAL,MIN,-0.0197906205036113,1.0,7,3.0,True
2021,9,2,CAR,NE,-0.2212454282335167,1.0,0,-18.0,False
2021,9,2,CIN,CLE,-0.0748824446863015,1.0,0,-25.0,False
2021,9,2,DAL,DEN,0.3740541305738641,1.0,0,-14.0,False
2021,9,2,JAX,BUF,-0.2923905650887364,1.0,0,3.0,True
2021,9,2,MIA,HOU,0.3543824134171576,1.0,0,8.0,True
2021,9,2,NO,ATL,0.0899824081545778,1.0,0,-2.0,False
2021,9,2,NYG,LV,-0.1691966089627695,1.0,-8,7.0,True
2021,9,2,PHI,LAC,0.0679918745976057,1.0,0,-3.0,False
2021,9,2,KC,GB,-0.1131891304069119,1.0,-4,6.0,True
2021,9,2,SF,ARI,-0.0631763691878186,1.0,-3,-14.0,False
2021,9,2,LA,TEN,0.0793941587778673,1.0,0,-12.0,False
2021,9,2,PIT,CHI,0.3122439720554049,1.0,0,2.0,True
2021,9,4,IND,NYJ,0.0438804466420311,1.0,0,15.0,True
2021,9,4,BAL,MIN,-0.0350141751378096,1.0,7,3.0,True
2021,9,4,CAR,NE,-0.1702856530238907,1.0,0,-18.0,False
2021,9,4,CIN,CLE,-0.0600369254879544,1.0,0,-25.0,False
2021,9,4,DAL,DEN,0.367903237174034,1.0,0,-14.0,False
2021,9,4,JAX,BUF,-0.2800531257853164,1.0,0,3.0,True
2021,9,4,MIA,HOU,0.2644721097497828,1.0,0,8.0,True
2021,9,4,NO,ATL,0.0862752170319803,1.0,0,-2.0,False
2021,9,4,NYG,LV,-0.1405547243293743,1.0,-8,7.0,True
2021,9,4,PHI,LAC,-0.0050887082173662,1.0,0,-3.0,False
2021,9,4,KC,GB,-0.1078289656417747,1.0,-4,6.0,True
2021,9,4,SF,ARI,-0.092936576899898,1.0,-3,-14.0,False
2021,9,4,LA,TEN,0.1121212013450478,1.0,0,-12.0,False
2021,9,4,PIT,CHI,0.1936320296962539,1.0,0,2.0,True
2021,9,6,IND,NYJ,0.0766295815783696,1.0,0,15.0,True
2021,9,6,BAL,MIN,-0.0401211255617078,1.0,7,3.0,True
2021,9,6,CAR,NE,-0.1398291706306383,1.0,0,-18.0,False
2021,9,6,CIN,CLE,-0.0563692219918735,1.0,0,-25.0,False
2021,9,6,DAL,DEN,0.3558328559452886,1.0,0,-14.0,False
2021,9,6,JAX,BUF,-0.2786592205279915,1.0,0,3.0,True
2021,9,6,MIA,HOU,0.2336008384091419,1.0,0,8.0,True
2021,9,6,NO,ATL,0.0875945692046008,1.0,0,-2.0,False
2021,9,6,NYG,LV,-0.1356065641139239,1.0,-8,7.0,True
2021,9,6,PHI,LAC,-0.0233165951744673,1.0,0,-3.0,False
2021,9,6,KC,GB,-0.0997385399375027,1.0,-4,6.0,True
2021,9,6,SF,ARI,-0.0941193013143605,1.0,-3,-14.0,False
2021,9,6,LA,TEN,0.1320929630403424,1.0,0,-12.0,False
2021,9,6,PIT,CHI,0.1582237694668737,1.0,0,2.0,True
2021,9,10,IND,NYJ,0.1012804968734192,1.0,0,15.0,True
2021,9,10,BAL,MIN,-0.0443671619055148,1.0,7,3.0,True
2021,9,10,CAR,NE,-0.1105326920817645,1.0,0,-18.0,False
2021,9,10,CIN,CLE,-0.0540366083685398,1.0,0,-25.0,False
2021,9,10,DAL,DEN,0.3421061945943852,1.0,0,-14.0,False
2021,9,10,JAX,BUF,-0.2779273738786231,1.0,0,3.0,True
2021,9,10,MIA,HOU,0.2089814523798461,1.0,0,8.0,True
2021,9,10,NO,ATL,0.0898712930560297,1.0,0,-2.0,False
2021,9,10,NYG,LV,-0.1332217771409854,1.0,-8,7.0,True
2021,9,10,PHI,LAC,-0.0351588164331277,1.0,0,-3.0,False
2021,9,10,KC,GB,-0.0906071860681471,1.0,-4,6.0,True
2021,9,10,SF,ARI,-0.0915087259187103,1.0,-3,-14.0,False
2021,9,10,LA,TEN,0.1510689021488221,1.0,0,-12.0,False
2021,9,10,PIT,CHI,0.1329234498972744,1.0,0,2.0,True
2021,9,20,IND,NYJ,0.1184888519598578,1.0,0,15.0,True
2021,9,20,BAL,MIN,-0.0476881841633559,1.0,7,3.0,True
2021,9,20,CAR,NE,-0.0858392189252281,1.0,0,-18.0,False
2021,9,20,CIN,CLE,-0.052649221922023,1.0,0,-25.0,False
2021,9,20,DAL,DEN,0.3294694623231019,1.0,0,-14.0,False
2021,9,20,JAX,BUF,-0.2774178854283133,1.0,0,3.0,True
2021,9,20,MIA,HOU,0.1906863383419141,1.0,0,8.0,True
2021,9,20,NO,ATL,0.0923507622514535,1.0,0,-2.0,False
2021,9,20,NYG,LV,-0.1322770623840397,1.0,-8,7.0,True
2021,9,20,PHI,LAC,-0.0423461638695676,1.0,0,-3.0,False
2021,9,20,KC,GB,-0.0821577401079924,1.0,-4,6.0,True
2021,9,20,SF,ARI,-0.0874959435255349,1.0,-3,-14.0,False
2021,9,20,LA,TEN,0.1668658400528168,1.0,0,-12.0,False
2021,9,20,PIT,CHI,0.1160934833652152,1.0,0,2.0,True
2021,9,50,IND,NYJ,0.1281839185580504,1.0,0,15.0,True
2021,9,50,BAL,MIN,-0.0497478252906316,1.0,7,3.0,True
2021,9,50,CAR,NE,-0.0699808178308217,1.0,0,-18.0,False
2021,9,50,CIN,CLE,-0.0519629242804014,1.0,0,-25.0,False
2021,9,50,DAL,DEN,0.3209651143544096,1.0,0,-14.0,False
2021,9,50,JAX,BUF,-0.2770775401911767,1.0,0,3.0,True
2021,9,50,MIA,HOU,0.1798149262096869,1.0,0,8.0,True
2021,9,50,NO,ATL,0.0941683408429106,1.0,0,-2.0,False
2021,9,50,NYG,LV,-0.1320297455629801,1.0,-8,7.0,True
2021,9,50,PHI,LAC,-0.0459435814730987,1.0,0,-3.0,False
2021,9,50,KC,GB,-0.0764269963044585,1.0,-4,6.0,True
2021,9,50,SF,ARI,-0.0842730269219816,1.0,-3,-14.0,False
2021,9,50,LA,TEN,0.1769180241391,1.0,0,-12.0,False
2021,9,50,PIT,CHI,0.1069714364642795,1.0,0,2.0,True
2021,9,100,IND,NYJ,0.1313011937021335,1.0,0,15.0,True
2021,9,100,BAL,MIN,-0.0504464466615461,1.0,7,3.0,True
2021,9,100,CAR,NE,-0.0645309115477909,1.0,0,-18.0,False
2021,9,100,CIN,CLE,-0.0517577696377599,1.0,0,-25.0,False
2021,9,100,DAL,DEN,0.3179830080396493,1.0,0,-14.0,False
2021,9,100,JAX,BUF,-0.2769536445632587,1.0,0,3.0,True
2021,9,100,MIA,HOU,0.1762122121859272,1.0,0,8.0,True
2021,9,100,NO,ATL,0.0948300416785436,1.0,0,-2.0,False
2021,9,100,NYG,LV,-0.1319974719548098,1.0,-8,7.0,True
2021,9,100,PHI,LAC,-0.0470225226561055,1.0,0,-3.0,False
2021,9,100,KC,GB,-0.0744072502049299,1.0,-4,6.0,True
2021,9,100,SF,ARI,-0.0830675507173009,1.0,-3,-14.0,False
2021,9,100,LA,TEN,0.180356450535344,1.0,0,-12.0,False
2021,9,100,PIT,CHI,0.1041011872606129,1.0,0,2.0,True
2021,10,2,MIA,BAL,-0.0936337388442188,1.0,0,12.0,True
2021,10,2,DAL,ATL,0.0474550687692723,1.0,0,40.0,True
2021,10,2,IND,JAX,0.1354111050878458,1.0,3,6.0,True
2021,10,2,NE,CLE,0.0018644687511782,1.0,0,38.0,True
2021,10,2,NYJ,BUF,-0.0212410096315271,1.0,3,-28.0,False
2021,10,2,PIT,DET,0.2813649629731068,1.0,-8,0.0,False
2021,10,2,TEN,NO,0.1857260754982888,1.0,0,2.0,True
2021,10,2,WAS,TB,-0.1407657984525797,1.0,0,10.0,True
2021,10,2,ARI,CAR,0.5914046338356536,1.0,0,-24.0,False
2021,10,2,LAC,MIN,0.0500160069054736,1.0,0,-7.0,False
2021,10,2,DEN,PHI,-0.0109443921585149,1.0,0,-17.0,False
2021,10,2,GB,SEA,-0.0484718802211282,1.0,-7,17.0,True
2021,10,2,LV,KC,0.0583128748471396,1.0,0,-27.0,False
2021,10,2,SF,LA,-0.1936481262260819,1.0,0,21.0,True
2021,10,4,MIA,BAL,-0.1214954801248421,1.0,0,12.0,True
2021,10,4,DAL,ATL,0.1633857431614198,1.0,0,40.0,True
2021,10,4,IND,JAX,0.1573058785327657,1.0,3,6.0,True
2021,10,4,NE,CLE,-0.0672148825335994,1.0,0,38.0,True
2021,10,4,NYJ,BUF,-0.1068650113212336,1.0,3,-28.0,False
2021,10,4,PIT,DET,0.2135790187268874,1.0,-8,0.0,False
2021,10,4,TEN,NO,0.1043911359091601,1.0,0,2.0,True
2021,10,4,WAS,TB,-0.1148870962973203,1.0,0,10.0,True
2021,10,4,ARI,CAR,0.5157996474441046,1.0,0,-24.0,False
2021,10,4,LAC,MIN,-0.0001808985239623,1.0,0,-7.0,False
2021,10,4,DEN,PHI,-0.0299711546669377,1.0,0,-17.0,False
2021,10,4,GB,SEA,-0.0249725309055111,1.0,-7,17.0,True
2021,10,4,LV,KC,0.0734537158416184,1.0,0,-27.0,False
2021,10,4,SF,LA,-0.1362614164909152,1.0,0,21.0,True
2021,10,6,MIA,BAL,-0.1258613499918905,1.0,0,12.0,True
2021,10,6,DAL,ATL,0.1993173170533058,1.0,0,40.0,True
2021,10,6,IND,JAX,0.1613755979107394,1.0,3,6.0,True
2021,10,6,NE,CLE,-0.0923545423786324,1.0,0,38.0,True
2021,10,6,NYJ,BUF,-0.1435553715796274,1.0,3,-28.0,False
2021,10,6,PIT,DET,0.1931448718754665,1.0,-8,0.0,False
2021,10,6,TEN,NO,0.0692543221452379,1.0,0,2.0,True
2021,10,6,WAS,TB,-0.1012667530411546,1.0,0,10.0,True
2021,10,6,ARI,CAR,0.4785679120699759,1.0,0,-24.0,False
2021,10,6,LAC,MIN,-0.0127452794542476,1.0,0,-7.0,False
2021,10,6,DEN,PHI,-0.0279684561691368,1.0,0,-17.0,False
2021,10,6,GB,SEA,-0.0273949012775602,1.0,-7,17.0,True
2021,10,6,LV,KC,0.073314385976377,1.0,0,-27.0,False
2021,10,6,SF,LA,-0.115932965516328,1.0,0,21.0,True
2021,10,10,MIA,BAL,-0.1268670846304469,1.0,0,12.0,True
2021,10,10,DAL,ATL,0.2259898132237272,1.0,0,40.0,True
2021,10,10,IND,JAX,0.1627846112782819,1.0,3,6.0,True
2021,10,10,NE,CLE,-0.1122805175693828,1.0,0,38.0,True
2021,10,10,NYJ,BUF,-0.1742032313555131,1.0,3,-28.0,False
2021,10,10,PIT,DET,0.1790149445654031,1.0,-8,0.0,False
2021,10,10,TEN,NO,0.0388057614112061,1.0,0,2.0,True
2021,10,10,WAS,TB,-0.0887137334727813,1.0,0,10.0,True
2021,10,10,ARI,CAR,0.4440491397028193,1.0,0,-24.0,False
2021,10,10,LAC,MIN,-0.0208228973067749,1.0,0,-7.0,False
2021,10,10,DEN,PHI,-0.0234271190446319,1.0,0,-17.0,False
2021,10,10,GB,SEA,-0.0339633810072724,1.0,-7,17.0,True
2021,10,10,LV,KC,0.071543046297737,1.0,0,-27.0,False
2021,10,10,SF,LA,-0.0993177786819641,1.0,0,21.0,True
2021,10,20,MIA,BAL,-0.1260474166451081,1.0,0,12.0,True
2021,10,20,DAL,ATL,0.2445124811689083,1.0,0,40.0,True
2021,10,20,IND,JAX,0.1626428752647395,1.0,3,6.0,True
2021,10,20,NE,CLE,-0.1267768038884237,1.0,0,38.0,True
2021,10,20,NYJ,BUF,-0.1972514686909287,1.0,3,-28.0,False
2021,10,20,PIT,DET,0.1701790259417176,1.0,-8,0.0,False
2021,10,20,TEN,NO,0.0149000550640912,1.0,0,2.0,True
2021,10,20,WAS,TB,-0.0784584591663602,1.0,0,10.0,True
2021,10,20,ARI,CAR,0.4155011560250873,1.0,0,-24.0,False
2021,10,20,LAC,MIN,-0.0257004628389277,1.0,0,-7.0,False
2021,10,20,DEN,PHI,-0.0184780932666306,1.0,0,-17.0,False
2021,10,20,GB,SEA,-0.041768930778695,1.0,-7,17.0,True
2021,10,20,LV,KC,0.0693940141110176,1.0,0,-27.0,False
2021,10,20,SF,LA,-0.0866776212346102,1.0,0,21.0,True
2021,10,50,MIA,BAL,-0.1248905284329986,1.0,0,12.0,True
2021,10,50,DAL,ATL,0.2549516542454599,1.0,0,40.0,True
2021,10,50,IND,JAX,0.162047115191442,1.0,3,6.0,True
2021,10,50,NE,CLE,-0.1351847851822238,1.0,0,38.0,True
2021,10,50,NYJ,BUF,-0.2108842273148817,1.0,3,-28.0,False
2021,10,50,PIT,DET,0.1657358681770899,1.0,-8,0.0,False
2021,10,50,TEN,NO,0.000220108750198,1.0,0,2.0,True
2021,10,50,WAS,TB,-0.0720087535789001,1.0,0,10.0,True
2021,10,50,ARI,CAR,0.3973491970917444,1.0,0,-24.0,False
2021,10,50,LAC,MIN,-0.0281525324536074,1.0,0,-7.0,False
2021,10,50,DEN,PHI,-0.0149499841760682,1.0,0,-17.0,False
2021,10,50,GB,SEA,-0.0476666116690179,1.0,-7,17.0,True
2021,10,50,LV,KC,0.0678208364563504,1.0,0,-27.0,False
2021,10,50,SF,LA,-0.0790285235272094,1.0,0,21.0,True
2021,10,100,MIA,BAL,-0.1243937388180839,1.0,0,12.0,True
2021,10,100,DAL,ATL,0.2583138432038968,1.0,0,40.0,True
2021,10,100,IND,JAX,0.161763039535081,1.0,3,6.0,True
2021,10,100,NE,CLE,-0.1379285116774161,1.0,0,38.0,True
2021,10,100,NYJ,BUF,-0.2153732518720778,1.0,3,-28.0,False
2021,10,100,PIT,DET,0.1644104177640369,1.0,-8,0.0,False
2021,10,100,TEN,NO,-0.0047181118164764,1.0,0,2.0,True
2021,10,100,WAS,TB,-0.0698150984099653,1.0,0,10.0,True
2021,10,100,ARI,CAR,0.3911380283119132,1.0,0,-24.0,False
2021,10,100,LAC,MIN,-0.02889331552049,1.0,0,-7.0,False
2021,10,100,DEN,PHI,-0.0136901847866944,1.0,0,-17.0,False
2021,10,100,GB,SEA,-0.0498360300786161,1.0,-7,17.0,True
2021,10,100,LV,KC,0.0672550837645639,1.0,0,-27.0,False
2021,10,100,SF,LA,-0.0764688962922351,1.0,0,21.0,True
2021,11,2,ATL,NE,-0.2465642642399963,1.0,0,-25.0,False
2021,11,2,BUF,IND,0.0650827469005433,1.0,0,-26.0,False
2021,11,2,CAR,WAS,-0.1888295304408335,1.0,0,-6.0,False
2021,11,2,CHI,BAL,-0.0943165757266633,1.0,3,-3.0,False
2021,11,2,CLE,DET,0.0724458243652178,1.0,0,3.0,True
2021,11,2,JAX,SF,-0.0751059534358539,1.0,1,-20.0,False
2021,11,2,MIN,GB,-0.0362589206099134,1.0,0,3.0,True
2021,11,2,NYJ,MIA,-0.3124492045573769,1.0,-3,-7.0,False
2021,11,2,PHI,NO,0.0667748525452555,1.0,0,11.0,True
2021,11,2,TEN,HOU,0.4021070997675353,1.0,-7,-9.0,False
2021,11,2,LV,CIN,0.1740006323716214,1.0,-7,-19.0,False
2021,11,2,KC,DAL,0.0142493082729528,1.0,0,10.0,True
2021,11,2,SEA,ARI,-0.2348139840947759,1.0,0,-10.0,False
2021,11,2,LAC,PIT,0.0382654455272455,1.0,0,4.0,True
2021,11,2,TB,NYG,0.1315284116877351,1.0,-7,20.0,True
2021,11,4,ATL,NE,-0.1252890672349197,1.0,0,-25.0,False
2021,11,4,BUF,IND,0.0512040914496676,1.0,0,-26.0,False
2021,11,4,CAR,WAS,-0.2236160857923387,1.0,0,-6.0,False
2021,11,4,CHI,BAL,-0.108167951467196,1.0,3,-3.0,False
2021,11,4,CLE,DET,0.1574079657575994,1.0,0,3.0,True
2021,11,4,JAX,SF,-0.1216760841099499,1.0,1,-20.0,False
2021,11,4,MIN,GB,0.0126105509639582,1.0,0,3.0,True
2021,11,4,NYJ,MIA,-0.1843556275846196,1.0,-3,-7.0,False
2021,11,4,PHI,NO,0.0212410195452602,1.0,0,11.0,True
2021,11,4,TEN,HOU,0.3554530572531051,1.0,-7,-9.0,False
2021,11,4,LV,CIN,0.1276052097191178,1.0,-7,-19.0,False
2021,11,4,KC,DAL,-0.1023579018649445,1.0,0,10.0,True
2021,11,4,SEA,ARI,-0.1936172415007024,1.0,0,-10.0,False
2021,11,4,LAC,PIT,0.0705630314971873,1.0,0,4.0,True
2021,11,4,TB,NYG,0.1541238455526326,1.0,-7,20.0,True
2021,11,6,ATL,NE,-0.0884431704549288,1.0,0,-25.0,False
2021,11,6,BUF,IND,0.0566234740946457,1.0,0,-26.0,False
2021,11,6,CAR,WAS,-0.2208093426250404,1.0,0,-6.0,False
2021,11,6,CHI,BAL,-0.1076799994883884,1.0,3,-3.0,False
2021,11,6,CLE,DET,0.1858552454805671,1.0,0,3.0,True
2021,11,6,JAX,SF,-0.1503899368613173,1.0,1,-20.0,False
2021,11,6,MIN,GB,0.0284733807722116,1.0,0,3.0,True
2021,11,6,NYJ,MIA,-0.1525231341141121,1.0,-3,-7.0,False
2021,11,6,PHI,NO,0.0026906395059322,1.0,0,11.0,True
2021,11,6,TEN,HOU,0.323627189956704,1.0,-7,-9.0,False
2021,11,6,LV,CIN,0.1106479325192841,1.0,-7,-19.0,False
2021,11,6,KC,DAL,-0.1378498548560031,1.0,0,10.0,True
2021,11,6,SEA,ARI,-0.1745141139912131,1.0,0,-10.0,False
2021,11,6,LAC,PIT,0.0834754545693405,1.0,0,4.0,True
2021,11,6,TB,NYG,0.1546691525008858,1.0,-7,20.0,True
2021,11,10,ATL,NE,-0.0619754807358965,1.0,0,-25.0,False
2021,11,10,BUF,IND,0.0644246001911763,1.0,0,-26.0,False
2021,11,10,CAR,WAS,-0.2122082317683079,1.0,0,-6.0,False
2021,11,10,CHI,BAL,-0.1051963341253606,1.0,3,-3.0,False
2021,11,10,CLE,DET,0.2086632274154837,1.0,0,3.0,True
2021,11,10,JAX,SF,-0.1782105474881002,1.0,1,-20.0,False
2021,11,10,MIN,GB,0.0408512961793006,1.0,0,3.0,True
2021,11,10,NYJ,MIA,-0.1329026642983806,1.0,-3,-7.0,False
2021,11,10,PHI,NO,-0.0124939903202456,1.0,0,11.0,True
2021,11,10,TEN,HOU,0.2919768787602406,1.0,-7,-9.0,False
2021,11,10,LV,CIN,0.097136612638145,1.0,-7,-19.0,False
2021,11,10,KC,DAL,-0.1626984136544726,1.0,0,10.0,True
2021,11,10,SEA,ARI,-0.1571811146341569,1.0,0,-10.0,False
2021,11,10,LAC,PIT,0.0935013369721106,1.0,0,4.0,True
2021,11,10,TB,NYG,0.1523573472738523,1.0,-7,20.0,True
2021,11,20,ATL,NE,-0.0443442098057177,1.0,0,-25.0,False
2021,11,20,BUF,IND,0.0720404035275278,1.0,0,-26.0,False
2021,11,20,CAR,WAS,-0.2019150495815168,1.0,0,-6.0,False
2021,11,20,CHI,BAL,-0.1021265996640306,1.0,3,-3.0,False
2021,11,20,CLE,DET,0.225782503321398,1.0,0,3.0,True
2021,11,20,JAX,SF,-0.201700924997985,1.0,1,-20.0,False
2021,11,20,MIN,GB,0.0499773137087913,1.0,0,3.0,True
2021,11,20,NYJ,MIA,-0.121927250989929,1.0,-3,-7.0,False
2021,11,20,PHI,NO,-0.0237361946881413,1.0,0,11.0,True
2021,11,20,TEN,HOU,0.2648401527271793,1.0,-7,-9.0,False
2021,11,20,LV,CIN,0.0873110191392173,1.0,-7,-19.0,False
2021,11,20,KC,DAL,-0.1786912870035653,1.0,0,10.0,True
2021,11,20,SEA,ARI,-0.1430572064451848,1.0,0,-10.0,False
2021,11,20,LAC,PIT,0.1003914401930226,1.0,0,4.0,True
2021,11,20,TB,NYG,0.149135369324207,1.0,-7,20.0,True
2021,11,50,ATL,NE,-0.0347967920475773,1.0,0,-25.0,False
2021,11,50,BUF,IND,0.0772273762036935,1.0,0,-26.0,False
2021,11,50,CAR,WAS,-0.1941629527961184,1.0,0,-6.0,False
2021,11,50,CHI,BAL,-0.0998107864551299,1.0,3,-3.0,False
2021,11,50,CLE,DET,0.2360503562372423,1.0,0,3.0,True
2021,11,50,JAX,SF,-0.2167774379653074,1.0,1,-20.0,False
2021,11,50,MIN,GB,0.0554098828039179,1.0,0,3.0,True
2021,11,50,NYJ,MIA,-0.116922413282704,1.0,-3,-7.0,False
2021,11,50,PHI,NO,-0.030313014167712,1.0,0,11.0,True
2021,11,50,TEN,HOU,0.2472752767242648,1.0,-7,-9.0,False
2021,11,50,LV,CIN,0.0816341996402797,1.0,-7,-19.0,False
2021,11,50,KC,DAL,-0.1870693787371542,1.0,0,10.0,True
2021,11,50,SEA,ARI,-0.1341632627101971,1.0,0,-10.0,False
2021,11,50,LAC,PIT,0.1041252343152854,1.0,0,4.0,True
2021,11,50,TB,NYG,0.1466497449733539,1.0,-7,20.0,True
2021,11,100,ATL,NE,-0.0317962564158498,1.0,0,-25.0,False
2021,11,100,BUF,IND,0.0790463984426403,1.0,0,-26.0,False
2021,11,100,CAR,WAS,-0.1913201345278034,1.0,0,-6.0,False
2021,11,100,CHI,BAL,-0.0989634731596163,1.0,3,-3.0,False
2021,11,100,CLE,DET,0.2394710978892152,1.0,0,3.0,True
2021,11,100,JAX,SF,-0.2219545038038516,1.0,1,-20.0,False
2021,11,100,MIN,GB,0.0572167364131453,1.0,0,3.0,True
2021,11,100,NYJ,MIA,-0.1155174390562273,1.0,-3,-7.0,False
2021,11,100,PHI,NO,-0.0324664016707426,1.0,0,11.0,True
2021,11,100,TEN,HOU,0.2412216274282048,1.0,-7,-9.0,False
2021,11,100,LV,CIN,0.0797878721356002,1.0,-7,-19.0,False
2021,11,100,KC,DAL,-0.1896496095618112,1.0,0,10.0,True
2021,11,100,SEA,ARI,-0.13113453750815,1.0,0,-10.0,False
2021,11,100,LAC,PIT,0.1052891388221986,1.0,0,4.0,True
2021,11,100,TB,NYG,0.1457366253747251,1.0,-7,20.0,True
2021,12,2,DET,CHI,-0.165348075782162,1.0,0,-2.0,False
2021,12,2,DAL,LV,-0.1669056754706844,1.0,0,-3.0,False
2021,12,2,NO,BUF,-0.1038130401696081,1.0,0,-25.0,False
2021,12,2,CIN,PIT,-0.0312304627751059,1.0,0,31.0,True
2021,12,2,HOU,NYJ,-0.0494591034207628,1.0,0,-7.0,False
2021,12,2,IND,TB,-0.0862385675750746,1.0,1,-7.0,False
2021,12,2,JAX,ATL,0.1140235231618614,1.0,-3,-7.0,False
2021,12,2,MIA,CAR,0.12558037026296,1.0,0,23.0,True
2021,12,2,NE,TEN,0.3333876672605073,1.0,3,23.0,True
2021,12,2,NYG,PHI,-0.2955850729115665,1.0,-1,6.0,True
2021,12,2,DEN,LAC,-0.300581295313035,1.0,7,15.0,True
2021,12,2,GB,LA,0.2163709454855208,1.0,-6,8.0,True
2021,12,2,SF,MIN,0.1986934850591332,1.0,0,8.0,True
2021,12,2,BAL,CLE,-0.0713286700552739,1.0,0,6.0,True
2021,12,2,WAS,SEA,0.1426623288105132,1.0,0,2.0,True
2021,12,4,DET,CHI,-0.1328513551984305,1.0,0,-2.0,False
2021,12,4,DAL,LV,-0.0404445470492719,1.0,0,-3.0,False
2021,12,4,NO,BUF,-0.1115102161530676,1.0,0,-25.0,False
2021,12,4,CIN,PIT,-0.0051553647589214,1.0,0,31.0,True
2021,12,4,HOU,NYJ,-0.0982516685232232,1.0,0,-7.0,False
2021,12,4,IND,TB,-0.0722742949930178,1.0,1,-7.0,False
2021,12,4,JAX,ATL,0.0541440652805583,1.0,-3,-7.0,False
2021,12,4,MIA,CAR,0.1258316336565993,1.0,0,23.0,True
2021,12,4,NE,TEN,0.1588048272718033,1.0,3,23.0,True
2021,12,4,NYG,PHI,-0.1720871973519256,1.0,-1,6.0,True
2021,12,4,DEN,LAC,-0.2373131250263249,1.0,7,15.0,True
2021,12,4,GB,LA,0.082905063878283,1.0,-6,8.0,True
2021,12,4,SF,MIN,0.0979540808471928,1.0,0,8.0,True
2021,12,4,BAL,CLE,-0.0531648793528229,1.0,0,6.0,True
2021,12,4,WAS,SEA,0.1000431464915302,1.0,0,2.0,True
2021,12,6,DET,CHI,-0.1265305049344867,1.0,0,-2.0,False
2021,12,6,DAL,LV,0.0042322213124948,1.0,0,-3.0,False
2021,12,6,NO,BUF,-0.1129726168768734,1.0,0,-25.0,False
2021,12,6,CIN,PIT,0.0099216837504745,1.0,0,31.0,True
2021,12,6,HOU,NYJ,-0.1014897737994288,1.0,0,-7.0,False
2021,12,6,IND,TB,-0.0666925504546856,1.0,1,-7.0,False
2021,12,6,JAX,ATL,0.0309346226657057,1.0,-3,-7.0,False
2021,12,6,MIA,CAR,0.110280333097272,1.0,0,23.0,True
2021,12,6,NE,TEN,0.1053588524746142,1.0,3,23.0,True
2021,12,6,NYG,PHI,-0.1380401445910303,1.0,-1,6.0,True
2021,12,6,DEN,LAC,-0.2104542630558137,1.0,7,15.0,True
2021,12,6,GB,LA,0.0380725602883779,1.0,-6,8.0,True
2021,12,6,SF,MIN,0.0722323806569461,1.0,0,8.0,True
2021,12,6,BAL,CLE,-0.0514338595220281,1.0,0,6.0,True
2021,12,6,WAS,SEA,0.0803058553177551,1.0,0,2.0,True
2021,12,10,DET,CHI,-0.1239178347864553,1.0,0,-2.0,False
2021,12,10,DAL,LV,0.0383478989578666,1.0,0,-3.0,False
2021,12,10,NO,BUF,-0.1126615868712446,1.0,0,-25.0,False
2021,12,10,CIN,PIT,0.0228438284860313,1.0,0,31.0,True
2021,12,10,HOU,NYJ,-0.0968397316447507,1.0,0,-7.0,False
2021,12,10,IND,TB,-0.0624368888082715,1.0,1,-7.0,False
2021,12,10,JAX,ATL,0.0121041031595647,1.0,-3,-7.0,False
2021,12,10,MIA,CAR,0.0908234027964622,1.0,0,23.0,True
2021,12,10,NE,TEN,0.0681293889818535,1.0,3,23.0,True
2021,12,10,NYG,PHI,-0.1147899012690348,1.0,-1,6.0,True
2021,12,10,DEN,LAC,-0.186841311087665,1.0,7,15.0,True
2021,12,10,GB,LA,0.0021677731534404,1.0,-6,8.0,True
2021,12,10,SF,MIN,0.0569418204721685,1.0,0,8.0,True
2021,12,10,BAL,CLE,-0.0525855861058923,1.0,0,6.0,True
2021,12,10,WAS,SEA,0.0629324775956061,1.0,0,2.0,True
2021,12,20,DET,CHI,-0.1235160091010638,1.0,0,-2.0,False
2021,12,20,DAL,LV,0.062100417243138,1.0,0,-3.0,False
2021,12,20,NO,BUF,-0.1111762837701693,1.0,0,-25.0,False
2021,12,20,CIN,PIT,0.0324368728704869,1.0,0,31.0,True
2021,12,20,HOU,NYJ,-0.0887355578548052,1.0,0,-7.0,False
2021,12,20,IND,TB,-0.0596364153095955,1.0,1,-7.0,False
2021,12,20,JAX,ATL,-0.0018027823828064,1.0,-3,-7.0,False
2021,12,20,MIA,CAR,0.0720673299727092,1.0,0,23.0,True
2021,12,20,NE,TEN,0.0444106867667515,1.0,3,23.0,True
2021,12,20,NYG,PHI,-0.1000042182239593,1.0,-1,6.0,True
2021,12,20,DEN,LAC,-0.1680107770797269,1.0,7,15.0,True
2021,12,20,GB,LA,-0.024786392955228,1.0,-6,8.0,True
2021,12,20,SF,MIN,0.0491870827570877,1.0,0,8.0,True
2021,12,20,BAL,CLE,-0.0551377478016684,1.0,0,6.0,True
2021,12,20,WAS,SEA,0.0491600250677377,1.0,0,2.0,True
2021,12,50,DET,CHI,-0.1239299602581288,1.0,0,-2.0,False
2021,12,50,DAL,LV,0.0753485414337915,1.0,0,-3.0,False
2021,12,50,NO,BUF,-0.1096578945868847,1.0,0,-25.0,False
2021,12,50,CIN,PIT,0.0379587389895228,1.0,0,31.0,True
2021,12,50,HOU,NYJ,-0.0819484755023934,1.0,0,-7.0,False
2021,12,50,IND,TB,-0.0582050179400087,1.0,1,-7.0,False
2021,12,50,JAX,ATL,-0.0099431073329979,1.0,-3,-7.0,False
2021,12,50,MIA,CAR,0.059150821020785,1.0,0,23.0,True
2021,12,50,NE,TEN,0.0321334386690852,1.0,3,23.0,True
2021,12,50,NYG,PHI,-0.0922934125107757,1.0,-1,6.0,True
2021,12,50,DEN,LAC,-0.1563072777467204,1.0,7,15.0,True
2021,12,50,GB,LA,-0.0409703425738532,1.0,-6,8.0,True
2021,12,50,SF,MIN,0.0462005136187063,1.0,0,8.0,True
2021,12,50,BAL,CLE,-0.0573941793047452,1.0,0,6.0,True
2021,12,50,WAS,SEA,0.0406487407689146,1.0,0,2.0,True
2021,12,100,DET,CHI,-0.1241767098957479,1.0,0,-2.0,False
2021,12,100,DAL,LV,0.0795748543071622,1.0,0,-3.0,False
2021,12,100,NO,BUF,-0.1090368502702143,1.0,0,-25.0,False
2021,12,100,CIN,PIT,0.0397406040274321,1.0,0,31.0,True
2021,12,100,HOU,NYJ,-0.0793698735115521,1.0,0,-7.0,False
2021,12,100,IND,TB,-0.0577781667112124,1.0,1,-7.0,False
2021,12,100,JAX,ATL,-0.0126112509688873,1.0,-3,-7.0,False
2021,12,100,MIA,CAR,0.0545784126390808,1.0,0,23.0,True
2021,12,100,NE,TEN,0.0283833561953528,1.0,3,23.0,True
2021,12,100,NYG,PHI,-0.0899212648582696,1.0,-1,6.0,True
2021,12,100,DEN,LAC,-0.152345531019432,1.0,7,15.0,True
2021,12,100,GB,LA,-0.0463668109696241,1.0,-6,8.0,True
2021,12,100,SF,MIN,0.0454921366320516,1.0,0,8.0,True
2021,12,100,BAL,CLE,-0.0582674565984021,1.0,0,6.0,True
2021,12,100,WAS,SEA,0.0377762355356,1.0,0,2.0,True
2021,13,2,NO,DAL,-0.087971420089399,1.0,0,-10.0,False
2021,13,2,ATL,TB,-0.2220488090429205,1.0,0,-13.0,False
2021,13,2,CHI,ARI,-0.19798892669789,1.0,-4,-11.0,False
2021,13,2,CIN,LAC,-0.065695293130075,1.0,0,-19.0,False
2021,13,2,DET,MIN,-0.0025291908940774,1.0,3,2.0,True
2021,13,2,HOU,IND,-0.1987286519674538,1.0,0,-31.0,False
2021,13,2,MIA,NYG,0.1918431467887434,1.0,0,11.0,True
2021,13,2,NYJ,PHI,-0.1173677494560705,1.0,0,-15.0,False
2021,13,2,LA,JAX,0.0474568209154898,1.0,0,30.0,True
2021,13,2,LV,WAS,-0.0048846445669577,1.0,4,-2.0,False
2021,13,2,PIT,BAL,-0.1861979128108054,1.0,0,1.0,True
2021,13,2,SEA,SF,-0.2525350945094262,1.0,-1,7.0,True
2021,13,2,KC,DEN,0.1062468022791981,1.0,7,13.0,True
2021,13,2,BUF,NE,-0.2272122147211606,1.0,3,-4.0,False
2021,13,4,NO,DAL,-0.1132552015605239,1.0,0,-10.0,False
2021,13,4,ATL,TB,-0.2256308593640213,1.0,0,-13.0,False
2021,13,4,CHI,ARI,-0.2258226622275927,1.0,-4,-11.0,False
2021,13,4,CIN,LAC,-0.0904634630322848,1.0,0,-19.0,False
2021,13,4,DET,MIN,-0.1222065756130714,1.0,3,2.0,True
2021,13,4,HOU,IND,-0.2702302175610853,1.0,0,-31.0,False
2021,13,4,MIA,NYG,0.1089426470136717,1.0,0,11.0,True
2021,13,4,NYJ,PHI,-0.1254497082965324,1.0,0,-15.0,False
2021,13,4,LA,JAX,0.1122247379521807,1.0,0,30.0,True
2021,13,4,LV,WAS,0.0122934803691478,1.0,4,-2.0,False
2021,13,4,PIT,BAL,-0.1136748182901423,1.0,0,1.0,True
2021,13,4,SEA,SF,-0.1895651613895666,1.0,-1,7.0,True
2021,13,4,KC,DEN,0.1108739527378639,1.0,7,13.0,True
2021,13,4,BUF,NE,-0.0970114896591443,1.0,3,-4.0,False
2021,13,6,NO,DAL,-0.1309413788691527,1.0,0,-10.0,False
2021,13,6,ATL,TB,-0.2192471289047408,1.0,0,-13.0,False
2021,13,6,CHI,ARI,-0.2350685217624611,1.0,-4,-11.0,False
2021,13,6,CIN,LAC,-0.084475001505592,1.0,0,-19.0,False
2021,13,6,DET,MIN,-0.1659850076932079,1.0,3,2.0,True
2021,13,6,HOU,IND,-0.2846761802879165,1.0,0,-31.0,False
2021,13,6,MIA,NYG,0.0805050783780375,1.0,0,11.0,True
2021,13,6,NYJ,PHI,-0.1275308055722772,1.0,0,-15.0,False
2021,13,6,LA,JAX,0.1441874684248896,1.0,0,30.0,True
2021,13,6,LV,WAS,0.0185234835638242,1.0,4,-2.0,False
2021,13,6,PIT,BAL,-0.0913575484544964,1.0,0,1.0,True
2021,13,6,SEA,SF,-0.1650467603668437,1.0,-1,7.0,True
2021,13,6,KC,DEN,0.1050317331472159,1.0,7,13.0,True
2021,13,6,BUF,NE,-0.0386606997773678,1.0,3,-4.0,False
2021,13,10,NO,DAL,-0.1468978699404151,1.0,0,-10.0,False
2021,13,10,ATL,TB,-0.2111990168003837,1.0,0,-13.0,False
2021,13,10,CHI,ARI,-0.241600670849492,1.0,-4,-11.0,False
2021,13,10,CIN,LAC,-0.0756149602784379,1.0,0,-19.0,False
2021,13,10,DET,MIN,-0.2007090236893721,1.0,3,2.0,True
2021,13,10,HOU,IND,-0.2893308490575209,1.0,0,-31.0,False
2021,13,10,MIA,NYG,0.0591233499553419,1.0,0,11.0,True
2021,13,10,NYJ,PHI,-0.1308664013481968,1.0,0,-15.0,False
2021,13,10,LA,JAX,0.1726154606302415,1.0,0,30.0,True
2021,13,10,LV,WAS,0.0232521046968246,1.0,4,-2.0,False
2021,13,10,PIT,BAL,-0.0740265642546786,1.0,0,1.0,True
2021,13,10,SEA,SF,-0.1462356663530158,1.0,-1,7.0,True
2021,13,10,KC,DEN,0.0972978440904693,1.0,7,13.0,True
2021,13,10,BUF,NE,0.0096242641046796,1.0,3,-4.0,False
2021,13,20,NO,DAL,-0.1590407411268329,1.0,0,-10.0,False
2021,13,20,ATL,TB,-0.2036430597848663,1.0,0,-13.0,False
2021,13,20,CHI,ARI,-0.2458326095716772,1.0,-4,-11.0,False
2021,13,20,CIN,LAC,-0.0672129490997669,1.0,0,-19.0,False
2021,13,20,DET,MIN,-0.2259629056498487,1.0,3,2.0,True
2021,13,20,HOU,IND,-0.2879187729089872,1.0,0,-31.0,False
2021,13,20,MIA,NYG,0.0444051535967469,1.0,0,11.0,True
2021,13,20,NYJ,PHI,-0.1350083730252647,1.0,0,-15.0,False
2021,13,20,LA,JAX,0.1951704405250729,1.0,0,30.0,True
2021,13,20,LV,WAS,0.0264966204982364,1.0,4,-2.0,False
2021,13,20,PIT,BAL,-0.0611387333697093,1.0,0,1.0,True
2021,13,20,SEA,SF,-0.1332823141216298,1.0,-1,7.0,True
2021,13,20,KC,DEN,0.0898012433545199,1.0,7,13.0,True
2021,13,20,BUF,NE,0.0450923011535297,1.0,3,-4.0,False
2021,13,50,NO,DAL,-0.1661023079308167,1.0,0,-10.0,False
2021,13,50,ATL,TB,-0.1985893508432881,1.0,0,-13.0,False
2021,13,50,CHI,ARI,-0.24807555749464,1.0,-4,-11.0,False
2021,13,50,CIN,LAC,-0.0616621047260716,1.0,0,-19.0,False
2021,13,50,DET,MIN,-0.2406150578532463,1.0,3,2.0,True
2021,13,50,HOU,IND,-0.28487688852332,1.0,0,-31.0,False
2021,13,50,MIA,NYG,0.0362555432002025,1.0,0,11.0,True
2021,13,50,NYJ,PHI,-0.1383445055613594,1.0,0,-15.0,False
2021,13,50,LA,JAX,0.2090598737472263,1.0,0,30.0,True
2021,13,50,LV,WAS,0.0282819710825217,1.0,4,-2.0,False
2021,13,50,PIT,BAL,-0.053373821853308,1.0,0,1.0,True
2021,13,50,SEA,SF,-0.1261666574302026,1.0,-1,7.0,True
2021,13,50,KC,DEN,0.0846661854156837,1.0,7,13.0,True
2021,13,50,BUF,NE,0.0655330114756305,1.0,3,-4.0,False
2021,13,100,NO,DAL,-0.1683886800081437,1.0,0,-10.0,False
2021,13,100,ATL,TB,-0.1968315648760232,1.0,0,-13.0,False
2021,13,100,CHI,ARI,-0.2487737950167713,1.0,-4,-11.0,False
2021,13,100,CIN,LAC,-0.0597494484434174,1.0,0,-19.0,False
2021,13,100,DET,MIN,-0.2453998012860621,1.0,3,2.0,True
2021,13,100,HOU,IND,-0.2834869639048291,1.0,0,-31.0,False
2021,13,100,MIA,NYG,0.0336647166497984,1.0,0,11.0,True
2021,13,100,NYJ,PHI,-0.1396128928226225,1.0,0,-15.0,False
2021,13,100,LA,JAX,0.2137326400215036,1.0,0,30.0,True
2021,13,100,LV,WAS,0.0288474920706812,1.0,4,-2.0,False
2021,13,100,PIT,BAL,-0.0507714653838242,1.0,0,1.0,True
2021,13,100,SEA,SF,-0.1239195839312008,1.0,-1,7.0,True
2021,13,100,KC,DEN,0.0828566281307008,1.0,7,13.0,True
2021,13,100,BUF,NE,0.0721535845166034,1.0,3,-4.0,False
2021,14,2,MIN,PIT,0.1211733563986452,1.0,0,8.0,True
2021,14,2,CAR,ATL,-0.136355186534431,1.0,7,-8.0,False
2021,14,2,CLE,BAL,0.1209257253043335,1.0,7,2.0,True
2021,14,2,HOU,SEA,-0.0912755602609662,1.0,0,-20.0,False
2021,14,2,KC,LV,0.0782633432467471,1.0,0,39.0,True
2021,14,2,NYJ,NO,0.0474434834411124,1.0,-3,-21.0,False
2021,14,2,TEN,JAX,0.1116056475542755,1.0,7,20.0,True
2021,14,2,WAS,DAL,-0.0176689252632542,1.0,-3,-7.0,False
2021,14,2,DEN,DET,0.0721670697427101,1.0,0,28.0,True
2021,14,2,LAC,NYG,0.1594596362797655,1.0,0,16.0,True
2021,14,2,CIN,SF,-0.1610585183935861,1.0,0,-3.0,False
2021,14,2,TB,BUF,0.2322590075526998,1.0,1,6.0,True
2021,14,2,GB,CHI,0.3600168479161348,1.0,7,15.0,True
2021,14,2,ARI,LA,0.2748046871107585,1.0,0,-7.0,False
2021,14,4,MIN,PIT,0.1487696734639728,1.0,0,8.0,True
2021,14,4,CAR,ATL,-0.1183508355079385,1.0,7,-8.0,False
2021,14,4,CLE,BAL,0.0907333872123254,1.0,7,2.0,True
2021,14,4,HOU,SEA,-0.1407075594831426,1.0,0,-20.0,False
2021,14,4,KC,LV,0.0252841376511503,1.0,0,39.0,True
2021,14,4,NYJ,NO,-0.0143976760860612,1.0,-3,-21.0,False
2021,14,4,TEN,JAX,0.1180136078236092,1.0,7,20.0,True
2021,14,4,WAS,DAL,-0.0349730511778759,1.0,-3,-7.0,False
2021,14,4,DEN,DET,0.0669176494413057,1.0,0,28.0,True
2021,14,4,LAC,NYG,0.1445892388363671,1.0,0,16.0,True
2021,14,4,CIN,SF,-0.1621322944175884,1.0,0,-3.0,False
2021,14,4,TB,BUF,0.157604207047618,1.0,1,6.0,True
2021,14,4,GB,CHI,0.2711109515171279,1.0,7,15.0,True
2021,14,4,ARI,LA,0.1979055544544468,1.0,0,-7.0,False
2021,14,6,MIN,PIT,0.1560492294709643,1.0,0,8.0,True
2021,14,6,CAR,ATL,-0.1017690056357689,1.0,7,-8.0,False
2021,14,6,CLE,BAL,0.0821705789563755,1.0,7,2.0,True
2021,14,6,HOU,SEA,-0.1668906203159128,1.0,0,-20.0,False
2021,14,6,KC,LV,0.0019211405454822,1.0,0,39.0,True
2021,14,6,NYJ,NO,-0.0450830209659025,1.0,-3,-21.0,False
2021,14,6,TEN,JAX,0.1179495082048386,1.0,7,20.0,True
2021,14,6,WAS,DAL,-0.0542678498285066,1.0,-3,-7.0,False
2021,14,6,DEN,DET,0.0741335827415523,1.0,0,28.0,True
2021,14,6,LAC,NYG,0.1391756552952892,1.0,0,16.0,True
2021,14,6,CIN,SF,-0.1542722524947252,1.0,0,-3.0,False
2021,14,6,TB,BUF,0.1201175259386432,1.0,1,6.0,True
2021,14,6,GB,CHI,0.2385577122058587,1.0,7,15.0,True
2021,14,6,ARI,LA,0.1644555169443073,1.0,0,-7.0,False
2021,14,10,MIN,PIT,0.1608028802923242,1.0,0,8.0,True
2021,14,10,CAR,ATL,-0.0818717658563713,1.0,7,-8.0,False
2021,14,10,CLE,BAL,0.0769465804769604,1.0,7,2.0,True
2021,14,10,HOU,SEA,-0.1896969348357585,1.0,0,-20.0,False
2021,14,10,KC,LV,-0.0166288276701791,1.0,0,39.0,True
2021,14,10,NYJ,NO,-0.0736029826816945,1.0,-3,-21.0,False
2021,14,10,TEN,JAX,0.1166293960448945,1.0,7,20.0,True
2021,14,10,WAS,DAL,-0.0737598964306062,1.0,-3,-7.0,False
2021,14,10,DEN,DET,0.0854200394094718,1.0,0,28.0,True
2021,14,10,LAC,NYG,0.13532406522061,1.0,0,16.0,True
2021,14,10,CIN,SF,-0.1466429412021411,1.0,0,-3.0,False
2021,14,10,TB,BUF,0.0861073696313373,1.0,1,6.0,True
2021,14,10,GB,CHI,0.211999234446117,1.0,7,15.0,True
2021,14,10,ARI,LA,0.1359012987720516,1.0,0,-7.0,False
2021,14,20,MIN,PIT,0.163500752658086,1.0,0,8.0,True
2021,14,20,CAR,ATL,-0.0624295309405927,1.0,7,-8.0,False
2021,14,20,CLE,BAL,0.0743911031997204,1.0,7,2.0,True
2021,14,20,HOU,SEA,-0.2070341392043754,1.0,0,-20.0,False
2021,14,20,KC,LV,-0.029622916671298,1.0,0,39.0,True
2021,14,20,NYJ,NO,-0.0971921198823906,1.0,-3,-21.0,False
2021,14,20,TEN,JAX,0.1147892016082359,1.0,7,20.0,True
2021,14,20,WAS,DAL,-0.0898202349523681,1.0,-3,-7.0,False
2021,14,20,DEN,DET,0.0975340977585758,1.0,0,28.0,True
2021,14,20,LAC,NYG,0.1328563880926527,1.0,0,16.0,True
2021,14,20,CIN,SF,-0.1412349774693272,1.0,0,-3.0,False
2021,14,20,TB,BUF,0.0590653595178191,1.0,1,6.0,True
2021,14,20,GB,CHI,0.1919946022446042,1.0,7,15.0,True
2021,14,20,ARI,LA,0.1139910392626861,1.0,0,-7.0,False
2021,14,50,MIN,PIT,0.164672540556518,1.0,0,8.0,True
2021,14,50,CAR,ATL,-0.0487895009359507,1.0,7,-8.0,False
2021,14,50,CLE,BAL,0.0735332896853827,1.0,7,2.0,True
2021,14,50,HOU,SEA,-0.2172536955708957,1.0,0,-20.0,False
2021,14,50,KC,LV,-0.0368093097099646,1.0,0,39.0,True
2021,14,50,NYJ,NO,-0.1121580445090008,1.0,-3,-21.0,False
2021,14,50,TEN,JAX,0.1133114792062174,1.0,7,20.0,True
2021,14,50,WAS,DAL,-0.099684647253941,1.0,-3,-7.0,False
2021,14,50,DEN,DET,0.1063526788637929,1.0,0,28.0,True
2021,14,50,LAC,NYG,0.131570888702997,1.0,0,16.0,True
2021,14,50,CIN,SF,-0.1384922023058864,1.0,0,-3.0,False
2021,14,50,TB,BUF,0.042558695206984,1.0,1,6.0,True
2021,14,50,GB,CHI,0.1800215558096155,1.0,7,15.0,True
2021,14,50,ARI,LA,0.1008281377123301,1.0,0,-7.0,False
2021,14,100,MIN,PIT,0.1649789710676542,1.0,0,8.0,True
2021,14,100,CAR,ATL,-0.0439091279639345,1.0,7,-8.0,False
2021,14,100,CLE,BAL,0.0733696083851592,1.0,7,2.0,True
2021,14,100,HOU,SEA,-0.2206020453185486,1.0,0,-20.0,False
2021,14,100,KC,LV,-0.039082869868991,1.0,0,39.0,True
2021,14,100,NYJ,NO,-0.1172682654993043,1.0,-3,-21.0,False
2021,14,100,TEN,JAX,0.112755020423886,1.0,7,20.0,True
2021,14,100,WAS,DAL,-0.1029703985464809,1.0,-3,-7.0,False
2021,14,100,DEN,DET,0.1095489106988283,1.0,0,28.0,True
2021,14,100,LAC,NYG,0.1311755166546883,1.0,0,16.0,True
2021,14,100,CIN,SF,-0.1376990600081407,1.0,0,-3.0,False
2021,14,100,TB,BUF,0.0370506738777051,1.0,1,6.0,True
2021,14,100,GB,CHI,0.1760417083024234,1.0,7,15.0,True
2021,14,100,ARI,LA,0.0964571196475841,1.0,0,-7.0,False
2021,15,2,LAC,KC,-0.1480006735366336,1.0,0,-6.0,False
2021,15,2,IND,NE,-0.0603266184980278,1.0,1,10.0,True
2021,15,2,BUF,CAR,0.2375472655323721,1.0,0,17.0,True
2021,15,2,DET,ARI,-0.1515421684689427,1.0,1,18.0,True
2021,15,2,JAX,HOU,0.1340988109950202,1.0,0,-14.0,False
2021,15,2,MIA,NYJ,0.3480908886052627,1.0,7,7.0,True
2021,15,2,NYG,DAL,-0.41797692180319,1.0,0,-15.0,False
2021,15,2,PIT,TEN,-0.187934153745681,1.0,3,6.0,True
2021,15,2,DEN,CIN,0.1991021965543271,1.0,0,-5.0,False
2021,15,2,SF,ATL,0.1401234359937938,1.0,0,18.0,True
2021,15,2,BAL,GB,-0.3407999682091986,1.0,0,-1.0,False
2021,15,2,TB,NO,0.3682859351208595,1.0,0,-9.0,False
2021,15,2,CLE,LV,0.1046134725291019,1.0,0,-2.0,False
2021,15,2,CHI,MIN,-0.3804338316275308,1.0,-3,-8.0,False
2021,15,2,LA,SEA,0.0030189325229958,1.0,-1,10.0,True
2021,15,2,PHI,WAS,0.301747501301255,1.0,7,10.0,True
2021,15,4,LAC,KC,-0.0633844200393276,1.0,0,-6.0,False
2021,15,4,IND,NE,-0.0368069705447386,1.0,1,10.0,True
2021,15,4,BUF,CAR,0.2471131693114743,1.0,0,17.0,True
2021,15,4,DET,ARI,-0.2196220058425205,1.0,1,18.0,True
2021,15,4,JAX,HOU,0.1237827322869627,1.0,0,-14.0,False
2021,15,4,MIA,NYJ,0.2380360410936938,1.0,7,7.0,True
2021,15,4,NYG,DAL,-0.289312879417173,1.0,0,-15.0,False
2021,15,4,PIT,TEN,-0.1313401051218638,1.0,3,6.0,True
2021,15,4,DEN,CIN,0.1094901852370596,1.0,0,-5.0,False
2021,15,4,SF,ATL,0.1589951659781532,1.0,0,18.0,True
2021,15,4,BAL,GB,-0.2609057175691329,1.0,0,-1.0,False
2021,15,4,TB,NO,0.3255937131720533,1.0,0,-9.0,False
2021,15,4,CLE,LV,0.0129767719087768,1.0,0,-2.0,False
2021,15,4,CHI,MIN,-0.2844765686610399,1.0,-3,-8.0,False
2021,15,4,LA,SEA,0.0507560555747622,1.0,-1,10.0,True
2021,15,4,PHI,WAS,0.1544062041630373,1.0,7,10.0,True
2021,15,6,LAC,KC,-0.0342035792995831,1.0,0,-6.0,False
2021,15,6,IND,NE,-0.0178652649104862,1.0,1,10.0,True
2021,15,6,BUF,CAR,0.2489358378522402,1.0,0,17.0,True
2021,15,6,DET,ARI,-0.2490486600642681,1.0,1,18.0,True
2021,15,6,JAX,HOU,0.1187735148523989,1.0,0,-14.0,False
2021,15,6,MIA,NYJ,0.1993906018198721,1.0,7,7.0,True
2021,15,6,NYG,DAL,-0.2594974480242633,1.0,0,-15.0,False
2021,15,6,PIT,TEN,-0.109694247049881,1.0,3,6.0,True
2021,15,6,DEN,CIN,0.0719168773986802,1.0,0,-5.0,False
2021,15,6,SF,ATL,0.1645264880956387,1.0,0,18.0,True
2021,15,6,BAL,GB,-0.2243830594426774,1.0,0,-1.0,False
2021,15,6,TB,NO,0.2952191545195445,1.0,0,-9.0,False
2021,15,6,CLE,LV,-0.0106497339363118,1.0,0,-2.0,False
2021,15,6,CHI,MIN,-0.2559092741301015,1.0,-3,-8.0,False
2021,15,6,LA,SEA,0.0670079716956698,1.0,-1,10.0,True
2021,15,6,PHI,WAS,0.1042020742091775,1.0,7,10.0,True
2021,15,10,LAC,KC,-0.0129870537131823,1.0,0,-6.0,False
2021,15,10,IND,NE,-0.0012070554881739,1.0,1,10.0,True
2021,15,10,BUF,CAR,0.2466125164864015,1.0,0,17.0,True
2021,15,10,DET,ARI,-0.2739229453236524,1.0,1,18.0,True
2021,15,10,JAX,HOU,0.1114712351418635,1.0,0,-14.0,False
2021,15,10,MIA,NYJ,0.1710543297890194,1.0,7,7.0,True
2021,15,10,NYG,DAL,-0.2431404548939753,1.0,0,-15.0,False
2021,15,10,PIT,TEN,-0.0901106071194942,1.0,3,6.0,True
2021,15,10,DEN,CIN,0.042044125280018,1.0,0,-5.0,False
2021,15,10,SF,ATL,0.1706329361190931,1.0,0,18.0,True
2021,15,10,BAL,GB,-0.1929392696757585,1.0,0,-1.0,False
2021,15,10,TB,NO,0.2645234143016616,1.0,0,-9.0,False
2021,15,10,CLE,LV,-0.0258959423307809,1.0,0,-2.0,False
2021,15,10,CHI,MIN,-0.2354342114353566,1.0,-3,-8.0,False
2021,15,10,LA,SEA,0.0782964370418335,1.0,-1,10.0,True
2021,15,10,PHI,WAS,0.0658560897738191,1.0,7,10.0,True
2021,15,20,LAC,KC,0.0008337588995519,1.0,0,-6.0,False
2021,15,20,IND,NE,0.0108693421341412,1.0,1,10.0,True
2021,15,20,BUF,CAR,0.2412611242370758,1.0,0,17.0,True
2021,15,20,DET,ARI,-0.2928585650735216,1.0,1,18.0,True
2021,15,20,JAX,HOU,0.1031994562883906,1.0,0,-14.0,False
2021,15,20,MIA,NYJ,0.1525544174392938,1.0,7,7.0,True
2021,15,20,NYG,DAL,-0.2354927336179627,1.0,0,-15.0,False
2021,15,20,PIT,TEN,-0.0738613530796881,1.0,3,6.0,True
2021,15,20,DEN,CIN,0.0211925023092801,1.0,0,-5.0,False
2021,15,20,SF,ATL,0.1770704244833006,1.0,0,18.0,True
2021,15,20,BAL,GB,-0.1688579023203631,1.0,0,-1.0,False
2021,15,20,TB,NO,0.2382062388017025,1.0,0,-9.0,False
2021,15,20,CLE,LV,-0.0349990419602135,1.0,0,-2.0,False
2021,15,20,CHI,MIN,-0.221729104804658,1.0,-3,-8.0,False
2021,15,20,LA,SEA,0.0850652693010823,1.0,-1,10.0,True
2021,15,20,PHI,WAS,0.0390057307644861,1.0,7,10.0,True
2021,15,50,LAC,KC,0.00804337011604,1.0,0,-6.0,False
2021,15,50,IND,NE,0.0175217241873404,1.0,1,10.0,True
2021,15,50,BUF,CAR,0.2361425692899558,1.0,0,17.0,True
2021,15,50,DET,ARI,-0.3041858028719652,1.0,1,18.0,True
2021,15,50,JAX,HOU,0.0968836049441049,1.0,0,-14.0,False
2021,15,50,MIA,NYJ,0.1429384164826948,1.0,7,7.0,True
2021,15,50,NYG,DAL,-0.2327196802236876,1.0,0,-15.0,False
2021,15,50,PIT,TEN,-0.0634396082800049,1.0,3,6.0,True
2021,15,50,DEN,CIN,0.0097741895703246,1.0,0,-5.0,False
2021,15,50,SF,ATL,0.1819554395272294,1.0,0,18.0,True
2021,15,50,BAL,GB,-0.1544786247106101,1.0,0,-1.0,False
2021,15,50,TB,NO,0.2213168420935381,1.0,0,-9.0,False
2021,15,50,CLE,LV,-0.0394917082262986,1.0,0,-2.0,False
2021,15,50,CHI,MIN,-0.2142333579075068,1.0,-3,-8.0,False
2021,15,50,LA,SEA,0.0882501003906635,1.0,-1,10.0,True
2021,15,50,PHI,WAS,0.0239318738635278,1.0,7,10.0,True
2021,15,100,LAC,KC,0.0102479043498359,1.0,0,-6.0,False
2021,15,100,IND,NE,0.0195983988142213,1.0,1,10.0,True
2021,15,100,BUF,CAR,0.2340792817918423,1.0,0,17.0,True
2021,15,100,DET,ARI,-0.3079419494225389,1.0,1,18.0,True
2021,15,100,JAX,HOU,0.0945390326074773,1.0,0,-14.0,False
2021,15,100,MIA,NYJ,0.1400111260886028,1.0,7,7.0,True
2021,15,100,NYG,DAL,-0.2320775989336317,1.0,0,-15.0,False
2021,15,100,PIT,TEN,-0.0598538579265518,1.0,3,6.0,True
2021,15,100,DEN,CIN,0.0061934481239639,1.0,0,-5.0,False
2021,15,100,SF,ATL,0.1837770613567754,1.0,0,18.0,True
2021,15,100,BAL,GB,-0.1497251863155432,1.0,0,-1.0,False
2021,15,100,TB,NO,0.215538026378589,1.0,0,-9.0,False
2021,15,100,CLE,LV,-0.0408309579825539,1.0,0,-2.0,False
2021,15,100,CHI,MIN,-0.2118582010767213,1.0,-3,-8.0,False
2021,15,100,LA,SEA,0.0891519684513407,1.0,-1,10.0,True
2021,15,100,PHI,WAS,0.0191035134906674,1.0,7,10.0,True
2021,16,2,TEN,SF,-0.3879255368802775,1.0,0,3.0,True
2021,16,2,GB,CLE,0.2057268082692976,1.0,0,2.0,True
2021,16,2,ARI,IND,-0.4316634595843661,1.0,0,-6.0,False
2021,16,2,ATL,DET,-0.208507580972402,1.0,0,4.0,True
2021,16,2,CAR,TB,-0.3547770359007666,1.0,0,-26.0,False
2021,16,2,CIN,BAL,0.0612405490014343,1.0,0,20.0,True
2021,16,2,HOU,LAC,-0.2630726595256233,1.0,-3,12.0,True
2021,16,2,MIN,LA,0.046163625677284,1.0,-1,-7.0,False
2021,16,2,NE,BUF,-0.089083649579885,1.0,0,-12.0,False
2021,16,2,NYJ,JAX,-0.0540852918517115,1.0,0,5.0,True
2021,16,2,PHI,NYG,0.5921775428381824,1.0,0,24.0,True
2021,16,2,SEA,CHI,0.1367594436421607,1.0,1,-1.0,False
2021,16,2,KC,PIT,0.3092274505657018,1.0,3,26.0,True
2021,16,2,LV,DEN,-0.103219782155679,1.0,0,4.0,True
2021,16,2,DAL,WAS,0.5172268797556537,1.0,0,42.0,True
2021,16,2,NO,MIA,-0.2048550213105206,1.0,0,-17.0,False
2021,16,4,TEN,SF,-0.2875963497479454,1.0,0,3.0,True
2021,16,4,GB,CLE,0.1778417117772866,1.0,0,2.0,True
2021,16,4,ARI,IND,-0.1789996384821781,1.0,0,-6.0,False
2021,16,4,ATL,DET,-0.0827171417709423,1.0,0,4.0,True
2021,16,4,CAR,TB,-0.3608319304872305,1.0,0,-26.0,False
2021,16,4,CIN,BAL,0.0293500673327429,1.0,0,20.0,True
2021,16,4,HOU,LAC,-0.2937776355036373,1.0,-3,12.0,True
2021,16,4,MIN,LA,0.0367067802551819,1.0,-1,-7.0,False
2021,16,4,NE,BUF,-0.010785355026361,1.0,0,-12.0,False
2021,16,4,NYJ,JAX,-0.0378576872815563,1.0,0,5.0,True
2021,16,4,PHI,NYG,0.3777180629869251,1.0,0,24.0,True
2021,16,4,SEA,CHI,0.1095399928701657,1.0,1,-1.0,False
2021,16,4,KC,PIT,0.2594076158529576,1.0,3,26.0,True
2021,16,4,LV,DEN,-0.0241318896842365,1.0,0,4.0,True
2021,16,4,DAL,WAS,0.3150442148361456,1.0,0,42.0,True
2021,16,4,NO,MIA,-0.1427415149269446,1.0,0,-17.0,False
2021,16,6,TEN,SF,-0.2492996270558581,1.0,0,3.0,True
2021,16,6,GB,CLE,0.1583598711094869,1.0,0,2.0,True
2021,16,6,ARI,IND,-0.0945320272870876,1.0,0,-6.0,False
2021,16,6,ATL,DET,-0.0389089205672407,1.0,0,4.0,True
2021,16,6,CAR,TB,-0.3436723628535396,1.0,0,-26.0,False
2021,16,6,CIN,BAL,0.0178041898632762,1.0,0,20.0,True
2021,16,6,HOU,LAC,-0.300825377318807,1.0,-3,12.0,True
2021,16,6,MIN,LA,0.0255256566647945,1.0,-1,-7.0,False
2021,16,6,NE,BUF,-0.0187030899887229,1.0,0,-12.0,False
2021,16,6,NYJ,JAX,-0.0359172223971591,1.0,0,5.0,True
2021,16,6,PHI,NYG,0.2952594481976547,1.0,0,24.0,True
2021,16,6,SEA,CHI,0.1024558451307272,1.0,1,-1.0,False
2021,16,6,KC,PIT,0.2266952958600065,1.0,3,26.0,True
2021,16,6,LV,DEN,0.0125380247583144,1.0,0,4.0,True
2021,16,6,DAL,WAS,0.2561377183012419,1.0,0,42.0,True
2021,16,6,NO,MIA,-0.1042047507379536,1.0,0,-17.0,False
2021,16,10,TEN,SF,-0.2221535174017715,1.0,0,3.0,True
2021,16,10,GB,CLE,0.1383756725178639,1.0,0,2.0,True
2021,16,10,ARI,IND,-0.0297613530175499,1.0,0,-6.0,False
2021,16,10,ATL,DET,-0.0048017275876757,1.0,0,4.0,True
2021,16,10,CAR,TB,-0.3183918803422991,1.0,0,-26.0,False
2021,16,10,CIN,BAL,0.0104647465464716,1.0,0,20.0,True
2021,16,10,HOU,LAC,-0.3035110627763792,1.0,-3,12.0,True
2021,16,10,MIN,LA,0.0129903284018801,1.0,-1,-7.0,False
2021,16,10,NE,BUF,-0.0379290915261078,1.0,0,-12.0,False
2021,16,10,NYJ,JAX,-0.0360057469829888,1.0,0,5.0,True
2021,16,10,PHI,NYG,0.2305869745352258,1.0,0,24.0,True
2021,16,10,SEA,CHI,0.1004159213572531,1.0,1,-1.0,False
2021,16,10,KC,PIT,0.1969303740385144,1.0,3,26.0,True
2021,16,10,LV,DEN,0.0418231125236841,1.0,0,4.0,True
2021,16,10,DAL,WAS,0.2171613280781912,1.0,0,42.0,True
2021,16,10,NO,MIA,-0.0681299235819269,1.0,0,-17.0,False
2021,16,20,TEN,SF,-0.2061571816538775,1.0,0,3.0,True
2021,16,20,GB,CLE,0.1209734863624503,1.0,0,2.0,True
2021,16,20,ARI,IND,0.0163011958878025,1.0,0,-6.0,False
2021,16,20,ATL,DET,0.0194797276733983,1.0,0,4.0,True
2021,16,20,CAR,TB,-0.2917243508907196,1.0,0,-26.0,False
2021,16,20,CIN,BAL,0.0068040352155692,1.0,0,20.0,True
2021,16,20,HOU,LAC,-0.3030642154682672,1.0,-3,12.0,True
2021,16,20,MIN,LA,0.0015870218138647,1.0,-1,-7.0,False
2021,16,20,NE,BUF,-0.058299816670814,1.0,0,-12.0,False
2021,16,20,NYJ,JAX,-0.0371488889313646,1.0,0,5.0,True
2021,16,20,PHI,NYG,0.1850732092937154,1.0,0,24.0,True
2021,16,20,SEA,CHI,0.1018622206053039,1.0,1,-1.0,False
2021,16,20,KC,PIT,0.1739699376898774,1.0,3,26.0,True
2021,16,20,LV,DEN,0.0619496816702313,1.0,0,4.0,True
2021,16,20,DAL,WAS,0.19375825170249,1.0,0,42.0,True
2021,16,20,NO,MIA,-0.0391074828979348,1.0,0,-17.0,False
2021,16,50,TEN,SF,-0.1990339450648431,1.0,0,3.0,True
2021,16,50,GB,CLE,0.1096522028772889,1.0,0,2.0,True
2021,16,50,ARI,IND,0.0426979445501728,1.0,0,-6.0,False
2021,16,50,ATL,DET,0.033288759846021,1.0,0,4.0,True
2021,16,50,CAR,TB,-0.2724664342049517,1.0,0,-26.0,False
2021,16,50,CIN,BAL,0.0055347706109444,1.0,0,20.0,True
2021,16,50,HOU,LAC,-0.3015782490782485,1.0,-3,12.0,True
2021,16,50,MIN,LA,-0.00598629735215,1.0,-1,-7.0,False
2021,16,50,NE,BUF,-0.0722153317822081,1.0,0,-12.0,False
2021,16,50,NYJ,JAX,-0.0383098458409684,1.0,0,5.0,True
2021,16,50,PHI,NYG,0.1596486002786191,1.0,0,24.0,True
2021,16,50,SEA,CHI,0.1041386443989357,1.0,1,-1.0,False
2021,16,50,KC,PIT,0.1604263460845734,1.0,3,26.0,True
2021,16,50,LV,DEN,0.0727260468368006,1.0,0,4.0,True
2021,16,50,DAL,WAS,0.1822382215842558,1.0,0,42.0,True
2021,16,50,NO,MIA,-0.0213087708958599,1.0,0,-17.0,False
2021,16,100,TEN,SF,-0.1971317478753395,1.0,0,3.0,True
2021,16,100,GB,CLE,0.1057473696385299,1.0,0,2.0,True
2021,16,100,ARI,IND,0.0512753295388561,1.0,0,-6.0,False
2021,16,100,ATL,DET,0.0377447127518495,1.0,0,4.0,True
2021,16,100,CAR,TB,-0.2655136076674346,1.0,0,-26.0,False
2021,16,100,CIN,BAL,0.0052773023234355,1.0,0,20.0,True
2021,16,100,HOU,LAC,-0.3008630678193549,1.0,-3,12.0,True
2021,16,100,MIN,LA,-0.0086191882702738,1.0,-1,-7.0,False
2021,16,100,NE,BUF,-0.0770446544439048,1.0,0,-12.0,False
2021,16,100,NYJ,JAX,-0.0387783724455161,1.0,0,5.0,True
2021,16,100,PHI,NYG,0.1515463779700853,1.0,0,24.0,True
2021,16,100,SEA,CHI,0.1051431383586449,1.0,1,-1.0,False
2021,16,100,KC,PIT,0.1559996635250446,1.0,3,26.0,True
2021,16,100,LV,DEN,0.076052507081323,1.0,0,4.0,True
2021,16,100,DAL,WAS,0.1788141076570247,1.0,0,42.0,True
2021,16,100,NO,MIA,-0.0153586622397771,1.0,0,-17.0,False
2021,17,2,BAL,LA,-0.1910188688059352,1.0,0,-1.0,False
2021,17,2,BUF,ATL,0.0610230061164875,1.0,0,14.0,True
2021,17,2,CHI,NYG,0.2518053747531601,1.0,0,26.0,True
2021,17,2,CIN,KC,-0.2748804520333113,1.0,0,3.0,True
2021,17,2,IND,LV,0.1035954316343806,1.0,1,-3.0,False
2021,17,2,NE,JAX,-0.0613502674152287,1.0,0,40.0,True
2021,17,2,NYJ,TB,-0.3312748614031245,1.0,0,-4.0,False
2021,17,2,TEN,MIA,-0.2791263435333244,1.0,4,31.0,True
2021,17,2,WAS,PHI,-0.656589290940623,1.0,0,-4.0,False
2021,17,2,LAC,DEN,0.0477513593849543,1.0,0,21.0,True
2021,17,2,SF,HOU,0.3085048463968668,1.0,3,16.0,True
2021,17,2,DAL,ARI,0.3830964817570934,1.0,-1,-3.0,False
2021,17,2,NO,CAR,0.219499336541318,1.0,-1,8.0,True
2021,17,2,SEA,DET,0.0483922253399086,1.0,0,22.0,True
2021,17,2,GB,MIN,0.1770347323868185,1.0,1,27.0,True
2021,17,2,PIT,CLE,-0.033256512442872,1.0,-1,12.0,True
2021,17,4,BAL,LA,-0.1395378162968496,1.0,0,-1.0,False
2021,17,4,BUF,ATL,0.0921875907866967,1.0,0,14.0,True
2021,17,4,CHI,NYG,0.140374277817792,1.0,0,26.0,True
2021,17,4,CIN,KC,-0.2143183621086652,1.0,0,3.0,True
2021,17,4,IND,LV,0.1035993470513291,1.0,1,-3.0,False
2021,17,4,NE,JAX,0.0749622598563875,1.0,0,40.0,True
2021,17,4,NYJ,TB,-0.3210832877597288,1.0,0,-4.0,False
2021,17,4,TEN,MIA,-0.1595277805906065,1.0,4,31.0,True
2021,17,4,WAS,PHI,-0.3780120338709632,1.0,0,-4.0,False
2021,17,4,LAC,DEN,0.0721987323031936,1.0,0,21.0,True
2021,17,4,SF,HOU,0.3285957428145412,1.0,3,16.0,True
2021,17,4,DAL,ARI,0.1834519138154095,1.0,-1,-3.0,False
2021,17,4,NO,CAR,0.1661673966151188,1.0,-1,8.0,True
2021,17,4,SEA,DET,0.0405378487389436,1.0,0,22.0,True
2021,17,4,GB,MIN,0.1272257018194839,1.0,1,27.0,True
2021,17,4,PIT,CLE,-0.0513868001744567,1.0,-1,12.0,True
2021,17,6,BAL,LA,-0.1232510263970281,1.0,0,-1.0,False
2021,17,6,BUF,ATL,0.1152621820267712,1.0,0,14.0,True
2021,17,6,CHI,NYG,0.1001128973705305,1.0,0,26.0,True
2021,17,6,CIN,KC,-0.17532842762873,1.0,0,3.0,True
2021,17,6,IND,LV,0.086030223910042,1.0,1,-3.0,False
2021,17,6,NE,JAX,0.1140265835759576,1.0,0,40.0,True
2021,17,6,NYJ,TB,-0.3161165984389141,1.0,0,-4.0,False
2021,17,6,TEN,MIA,-0.1041686558260329,1.0,4,31.0,True
2021,17,6,WAS,PHI,-0.2699330081747421,1.0,0,-4.0,False
2021,17,6,LAC,DEN,0.0873303255478736,1.0,0,21.0,True
2021,17,6,SF,HOU,0.3324850556958381,1.0,3,16.0,True
2021,17,6,DAL,ARI,0.1169059633339419,1.0,-1,-3.0,False
2021,17,6,NO,CAR,0.1409830949754583,1.0,-1,8.0,True
2021,17,6,SEA,DET,0.0544118703179491,1.0,0,22.0,True
2021,17,6,GB,MIN,0.1012165698524433,1.0,1,27.0,True
2021,17,6,PIT,CLE,-0.0583680428695504,1.0,-1,12.0,True
2021,17,10,BAL,LA,-0.1134752767085116,1.0,0,-1.0,False
2021,17,10,BUF,ATL,0.1389549048033768,1.0,0,14.0,True
2021,17,10,CHI,NYG,0.0704541642270251,1.0,0,26.0,True
2021,17,10,CIN,KC,-0.1383349548170677,1.0,0,3.0,True
2021,17,10,IND,LV,0.0651647647343973,1.0,1,-3.0,False
2021,17,10,NE,JAX,0.1385270645427211,1.0,0,40.0,True
2021,17,10,NYJ,TB,-0.3113263364309723,1.0,0,-4.0,False
2021,17,10,TEN,MIA,-0.0587065225164451,1.0,4,31.0,True
2021,17,10,WAS,PHI,-0.1847826072176279,1.0,0,-4.0,False
2021,17,10,LAC,DEN,0.0997409393210376,1.0,0,21.0,True
2021,17,10,SF,HOU,0.3345623519198813,1.0,3,16.0,True
2021,17,10,DAL,ARI,0.0698159038943288,1.0,-1,-3.0,False
2021,17,10,NO,CAR,0.1171509373352473,1.0,-1,8.0,True
2021,17,10,SEA,DET,0.0746475201513166,1.0,0,22.0,True
2021,17,10,GB,MIN,0.076455106840138,1.0,1,27.0,True
2021,17,10,PIT,CLE,-0.0639123034385464,1.0,-1,12.0,True
2021,17,20,BAL,LA,-0.1090386472455881,1.0,0,-1.0,False
2021,17,20,BUF,ATL,0.1591588351284387,1.0,0,14.0,True
2021,17,20,CHI,NYG,0.0510207851201745,1.0,0,26.0,True
2021,17,20,CIN,KC,-0.1086447488577083,1.0,0,3.0,True
2021,17,20,IND,LV,0.0460578302626804,1.0,1,-3.0,False
2021,17,20,NE,JAX,0.1524807711901198,1.0,0,40.0,True
2021,17,20,NYJ,TB,-0.3074157909085107,1.0,0,-4.0,False
2021,17,20,TEN,MIA,-0.0262712418255948,1.0,4,31.0,True
2021,17,20,WAS,PHI,-0.1246669675741464,1.0,0,-4.0,False
2021,17,20,LAC,DEN,0.1079169127095001,1.0,0,21.0,True
2021,17,20,SF,HOU,0.3355381118570603,1.0,3,16.0,True
2021,17,20,DAL,ARI,0.0399949744100247,1.0,-1,-3.0,False
2021,17,20,NO,CAR,0.0968677792288897,1.0,-1,8.0,True
2021,17,20,SEA,DET,0.0955280042904042,1.0,0,22.0,True
2021,17,20,GB,MIN,0.0558924901705691,1.0,1,27.0,True
2021,17,20,PIT,CLE,-0.0678321678670405,1.0,-1,12.0,True
2021,17,50,BAL,LA,-0.1078021169518202,1.0,0,-1.0,False
2021,17,50,BUF,ATL,0.1719176250455358,1.0,0,14.0,True
2021,17,50,CHI,NYG,0.0408352454477965,1.0,0,26.0,True
2021,17,50,CIN,KC,-0.09062523063726,1.0,0,3.0,True
2021,17,50,IND,LV,0.0334347996860968,1.0,1,-3.0,False
2021,17,50,NE,JAX,0.1591324127082141,1.0,0,40.0,True
2021,17,50,NYJ,TB,-0.3050454273207204,1.0,0,-4.0,False
2021,17,50,TEN,MIA,-0.0082316830486873,1.0,4,31.0,True
2021,17,50,WAS,PHI,-0.0910098567559878,1.0,0,-4.0,False
2021,17,50,LAC,DEN,0.1119231214748559,1.0,0,21.0,True
2021,17,50,SF,HOU,0.3359034777805137,1.0,3,16.0,True
2021,17,50,DAL,ARI,0.0247630397920222,1.0,-1,-3.0,False
2021,17,50,NO,CAR,0.083664152861573,1.0,-1,8.0,True
2021,17,50,SEA,DET,0.1103284340339073,1.0,0,22.0,True
2021,17,50,GB,MIN,0.0429244278426558,1.0,1,27.0,True
2021,17,50,PIT,CLE,-0.0700142721808694,1.0,-1,12.0,True
2021,17,100,BAL,LA,-0.1076432437458535,1.0,0,-1.0,False
2021,17,100,BUF,ATL,0.1762283154349501,1.0,0,14.0,True
2021,17,100,CHI,NYG,0.0377077009839081,1.0,0,26.0,True
2021,17,100,CIN,KC,-0.0846512804122347,1.0,0,3.0,True
2021,17,100,IND,LV,0.0290662537525341,1.0,1,-3.0,False
2021,17,100,NE,JAX,0.1610896431133104,1.0,0,40.0,True
2021,17,100,NYJ,TB,-0.3042659403810649,1.0,0,-4.0,False
2021,17,100,TEN,MIA,-0.0025247574248619,1.0,4,31.0,True
2021,17,100,WAS,PHI,-0.0802703345435981,1.0,0,-4.0,False
2021,17,100,LAC,DEN,0.1130668446742222,1.0,0,21.0,True
2021,17,100,SF,HOU,0.3359919680536772,1.0,3,16.0,True
2021,17,100,DAL,ARI,0.0201503530556236,1.0,-1,-3.0,False
2021,17,100,NO,CAR,0.0790896720251235,1.0,-1,8.0,True
2021,17,100,SEA,DET,0.1156184118312812,1.0,0,22.0,True
2021,17,100,GB,MIN,0.038521243881842,1.0,1,27.0,True
2021,17,100,PIT,CLE,-0.0707063044134418,1.0,-1,12.0,True
2022,4,2,CIN,MIA,-0.1923326485233081,1.0,0,12.0,True
2022,4,2,NO,MIN,-0.1608468341373216,0.0,0,-3.0,False
2022,4,2,ATL,CLE,-0.1579788109759621,1.0,-3,3.0,True
2022,4,2,BAL,BUF,-0.1311190468211146,1.0,0,-3.0,False
2022,4,2,DAL,WAS,0.293067825392641,1.0,-1,15.0,True
2022,4,2,DET,SEA,0.011685906006052,1.0,0,-3.0,False
2022,4,2,HOU,LAC,-0.0449144732007307,1.0,0,-10.0,False
2022,4,2,IND,TEN,-0.1198028881239468,1.0,0,-7.0,False
2022,4,2,NYG,CHI,-0.1319858943072253,1.0,-1,8.0,True
2022,4,2,PHI,JAX,0.2100048710271625,1.0,0,8.0,True
2022,4,2,PIT,NYJ,0.1326182937489076,1.0,3,-4.0,False
2022,4,2,CAR,ARI,-0.1092318025258998,1.0,0,-10.0,False
2022,4,2,GB,NE,0.1644953043330892,1.0,0,3.0,True
2022,4,2,LV,DEN,-0.1240441217873422,1.0,0,9.0,True
2022,4,2,TB,KC,-0.0486465861061191,1.0,0,-10.0,False
2022,4,2,SF,LA,-0.0583036844567754,1.0,0,15.0,True
2022,4,4,CIN,MIA,-0.2371417839769301,1.0,0,12.0,True
2022,4,4,NO,MIN,-0.1860454484896114,0.0,0,-3.0,False
2022,4,4,ATL,CLE,-0.1625814038634752,1.0,-3,3.0,True
2022,4,4,BAL,BUF,-0.1549995231998668,1.0,0,-3.0,False
2022,4,4,DAL,WAS,0.2179003010344374,1.0,-1,15.0,True
2022,4,4,DET,SEA,0.0058884640492236,1.0,0,-3.0,False
2022,4,4,HOU,LAC,-0.0678349686835006,1.0,0,-10.0,False
2022,4,4,IND,TEN,-0.1296627773698464,1.0,0,-7.0,False
2022,4,4,NYG,CHI,-0.1299200757854211,1.0,-1,8.0,True
2022,4,4,PHI,JAX,0.2147941042055575,1.0,0,8.0,True
2022,4,4,PIT,NYJ,0.145145308196305,1.0,3,-4.0,False
2022,4,4,CAR,ARI,-0.1180147437418605,1.0,0,-10.0,False
2022,4,4,GB,NE,0.1451658573694428,1.0,0,3.0,True
2022,4,4,LV,DEN,-0.1206221039508907,1.0,0,9.0,True
2022,4,4,TB,KC,-0.0266598329964671,1.0,0,-10.0,False
2022,4,4,SF,LA,-0.0439467664997294,1.0,0,15.0,True
2022,4,6,CIN,MIA,-0.2524939776527753,1.0,0,12.0,True
2022,4,6,NO,MIN,-0.195482990341692,0.0,0,-3.0,False
2022,4,6,ATL,CLE,-0.1638128565801639,1.0,-3,3.0,True
2022,4,6,BAL,BUF,-0.1622834357945558,1.0,0,-3.0,False
2022,4,6,DAL,WAS,0.1922118743077197,1.0,-1,15.0,True
2022,4,6,DET,SEA,0.0032172935769486,1.0,0,-3.0,False
2022,4,6,HOU,LAC,-0.0760233949677765,1.0,0,-10.0,False
2022,4,6,IND,TEN,-0.1333476797794039,1.0,0,-7.0,False
2022,4,6,NYG,CHI,-0.1302610569276314,1.0,-1,8.0,True
2022,4,6,PHI,JAX,0.2174171142589738,1.0,0,8.0,True
2022,4,6,PIT,NYJ,0.1496983616840518,1.0,3,-4.0,False
2022,4,6,CAR,ARI,-0.120911504211617,1.0,0,-10.0,False
2022,4,6,GB,NE,0.1382579272518517,1.0,0,3.0,True
2022,4,6,LV,DEN,-0.1198966013590211,1.0,0,9.0,True
2022,4,6,TB,KC,-0.019391441359635,1.0,0,-10.0,False
2022,4,6,SF,LA,-0.0390976284789223,1.0,0,15.0,True
2022,4,10,CIN,MIA,-0.2648849727210458,1.0,0,12.0,True
2022,4,10,NO,MIN,-0.2034045642495499,0.0,0,-3.0,False
2022,4,10,ATL,CLE,-0.1646896705459787,1.0,-3,3.0,True
2022,4,10,BAL,BUF,-0.1678161657671236,1.0,0,-3.0,False
2022,4,10,DAL,WAS,0.1715216039372102,1.0,-1,15.0,True
2022,4,10,DET,SEA,0.0008155428059157,1.0,0,-3.0,False
2022,4,10,HOU,LAC,-0.0827466038027463,1.0,0,-10.0,False
2022,4,10,IND,TEN,-0.1364294249534912,1.0,0,-7.0,False
2022,4,10,NYG,CHI,-0.1309183621897066,1.0,-1,8.0,True
2022,4,10,PHI,JAX,0.2198594695281978,1.0,0,8.0,True
2022,4,10,PIT,NYJ,0.153457966337654,1.0,3,-4.0,False
2022,4,10,CAR,ARI,-0.1232028817588992,1.0,0,-10.0,False
2022,4,10,GB,NE,0.1325843903300455,1.0,0,3.0,True
2022,4,10,LV,DEN,-0.1194706548938209,1.0,0,9.0,True
2022,4,10,TB,KC,-0.0136284955531815,1.0,0,-10.0,False
2022,4,10,SF,LA,-0.0352149952157141,1.0,0,15.0,True
2022,4,20,CIN,MIA,-0.2742291987402098,1.0,0,12.0,True
2022,4,20,NO,MIN,-0.2095597318584361,0.0,0,-3.0,False
2022,4,20,ATL,CLE,-0.1652853975147121,1.0,-3,3.0,True
2022,4,20,BAL,BUF,-0.1717805916565609,1.0,0,-3.0,False
2022,4,20,DAL,WAS,0.1559485827452855,1.0,-1,15.0,True
2022,4,20,DET,SEA,-0.0011381303208079,1.0,0,-3.0,False
2022,4,20,HOU,LAC,-0.0878810063536433,1.0,0,-10.0,False
2022,4,20,IND,TEN,-0.138815081257426,1.0,0,-7.0,False
2022,4,20,NYG,CHI,-0.1316371384960097,1.0,-1,8.0,True
2022,4,20,PHI,JAX,0.22188162833349,1.0,0,8.0,True
2022,4,20,PIT,NYJ,0.1563401072304578,1.0,3,-4.0,False
2022,4,20,CAR,ARI,-0.1249019869992413,1.0,0,-10.0,False
2022,4,20,GB,NE,0.128250703430388,1.0,0,3.0,True
2022,4,20,LV,DEN,-0.1192417618953169,1.0,0,9.0,True
2022,4,20,TB,KC,-0.0093455162220377,1.0,0,-10.0,False
2022,4,20,SF,LA,-0.0323065783971378,1.0,0,15.0,True
2022,4,50,CIN,MIA,-0.2798527364810196,1.0,0,12.0,True
2022,4,50,NO,MIN,-0.2133396932907995,0.0,0,-3.0,False
2022,4,50,ATL,CLE,-0.165617939809711,1.0,-3,3.0,True
2022,4,50,BAL,BUF,-0.1740793380123098,1.0,0,-3.0,False
2022,4,50,DAL,WAS,0.146589853389063,1.0,-1,15.0,True
2022,4,50,DET,SEA,-0.0023721035380463,1.0,0,-3.0,False
2022,4,50,HOU,LAC,-0.0909967175901403,1.0,0,-10.0,False
2022,4,50,IND,TEN,-0.1402758054045419,1.0,0,-7.0,False
2022,4,50,NYG,CHI,-0.1321613408707137,1.0,-1,8.0,True
2022,4,50,PHI,JAX,0.2231698001389358,1.0,0,8.0,True
2022,4,50,PIT,NYJ,0.1580932516667308,1.0,3,-4.0,False
2022,4,50,CAR,ARI,-0.1259122112756862,1.0,0,-10.0,False
2022,4,50,GB,NE,0.1256206033801918,1.0,0,3.0,True
2022,4,50,LV,DEN,-0.1191416730093672,1.0,0,9.0,True
2022,4,50,TB,KC,-0.006794614443258,1.0,0,-10.0,False
2022,4,50,SF,LA,-0.0305645959349841,1.0,0,15.0,True
2022,4,100,CIN,MIA,-0.2817296683655471,1.0,0,12.0,True
2022,4,100,NO,MIN,-0.2146140115158009,0.0,0,-3.0,False
2022,4,100,ATL,CLE,-0.1657247075164432,1.0,-3,3.0,True
2022,4,100,BAL,BUF,-0.1748319082724739,1.0,0,-3.0,False
2022,4,100,DAL,WAS,0.1434685887078762,1.0,-1,15.0,True
2022,4,100,DET,SEA,-0.0027936100117268,1.0,0,-3.0,False
2022,4,100,HOU,LAC,-0.0920408370255748,1.0,0,-10.0,False
2022,4,100,IND,TEN,-0.1407674639538386,1.0,0,-7.0,False
2022,4,100,NYG,CHI,-0.1323515391117196,1.0,-1,8.0,True
2022,4,100,PHI,JAX,0.2236112937284137,1.0,0,8.0,True
2022,4,100,PIT,NYJ,0.158681420357837,1.0,3,-4.0,False
2022,4,100,CAR,ARI,-0.1262472885201119,1.0,0,-10.0,False
2022,4,100,GB,NE,0.1247391839721922,1.0,0,3.0,True
2022,4,100,LV,DEN,-0.1191145055046411,1.0,0,9.0,True
2022,4,100,TB,KC,-0.0059477427601519,1.0,0,-10.0,False
2022,4,100,SF,LA,-0.0299846058795962,1.0,0,15.0,True
2022,5,2,DEN,IND,0.0865328003290686,1.0,0,-3.0,False
2022,5,2,GB,NYG,0.0836895536208405,0.0,0,-5.0,False
2022,5,2,BUF,PIT,0.2382518406196421,1.0,0,35.0,True
2022,5,2,CLE,LAC,-0.1275558154415173,1.0,0,-2.0,False
2022,5,2,JAX,HOU,0.3608928532304055,1.0,0,-7.0,False
2022,5,2,MIN,CHI,0.0022222107889592,1.0,0,7.0,True
2022,5,2,NE,DET,0.1031836249876944,1.0,0,29.0,True
2022,5,2,NO,SEA,-0.1929992706725416,1.0,0,7.0,True
2022,5,2,NYJ,MIA,-0.0429643202418071,1.0,-3,23.0,True
2022,5,2,TB,ATL,-0.1127075477977391,1.0,0,6.0,True
2022,5,2,WAS,TEN,-0.2054320325474657,1.0,0,-4.0,False
2022,5,2,CAR,SF,-0.3630822335376777,1.0,1,-22.0,False
2022,5,2,ARI,PHI,-0.1252425553413026,1.0,0,-3.0,False
2022,5,2,LA,DAL,-0.0476674894689544,1.0,-1,-12.0,False
2022,5,2,BAL,CIN,0.021752351615137,1.0,-3,2.0,True
2022,5,2,KC,LV,0.1108289996932884,1.0,0,1.0,True
2022,5,4,DEN,IND,0.1093249312503062,1.0,0,-3.0,False
2022,5,4,GB,NYG,0.0877769009165723,0.0,0,-5.0,False
2022,5,4,BUF,PIT,0.2438465411289482,1.0,0,35.0,True
2022,5,4,CLE,LAC,-0.0628478597373766,1.0,0,-2.0,False
2022,5,4,JAX,HOU,0.2946035406687217,1.0,0,-7.0,False
2022,5,4,MIN,CHI,0.0213465743305258,1.0,0,7.0,True
2022,5,4,NE,DET,0.0528887915348733,1.0,0,29.0,True
2022,5,4,NO,SEA,-0.1972356176500524,1.0,0,7.0,True
2022,5,4,NYJ,MIA,-0.1206406760564626,1.0,-3,23.0,True
2022,5,4,TB,ATL,-0.044826966217576,1.0,0,6.0,True
2022,5,4,WAS,TEN,-0.1746264609496897,1.0,0,-4.0,False
2022,5,4,CAR,SF,-0.3269990218839023,1.0,1,-22.0,False
2022,5,4,ARI,PHI,-0.1903379405684266,1.0,0,-3.0,False
2022,5,4,LA,DAL,-0.0253638293763398,1.0,-1,-12.0,False
2022,5,4,BAL,CIN,0.0556940303956339,1.0,-3,2.0,True
2022,5,4,KC,LV,0.1549848053455127,1.0,0,1.0,True
2022,5,6,DEN,IND,0.1159179802404367,1.0,0,-3.0,False
2022,5,6,GB,NYG,0.0873368237814797,0.0,0,-5.0,False
2022,5,6,BUF,PIT,0.2451271579534384,1.0,0,35.0,True
2022,5,6,CLE,LAC,-0.0438721592048634,1.0,0,-2.0,False
2022,5,6,JAX,HOU,0.2707851403795966,1.0,0,-7.0,False
2022,5,6,MIN,CHI,0.0290074319554411,1.0,0,7.0,True
2022,5,6,NE,DET,0.0355455697101447,1.0,0,29.0,True
2022,5,6,NO,SEA,-0.1991508720416432,1.0,0,7.0,True
2022,5,6,NYJ,MIA,-0.1466393218288466,1.0,-3,23.0,True
2022,5,6,TB,ATL,-0.0221558997345522,1.0,0,6.0,True
2022,5,6,WAS,TEN,-0.1627512041449187,1.0,0,-4.0,False
2022,5,6,CAR,SF,-0.3163211836613239,1.0,1,-22.0,False
2022,5,6,ARI,PHI,-0.2101169064531226,1.0,0,-3.0,False
2022,5,6,LA,DAL,-0.0183085372933168,1.0,-1,-12.0,False
2022,5,6,BAL,CIN,0.0687143882029999,1.0,-3,2.0,True
2022,5,6,KC,LV,0.1710835301284294,1.0,0,1.0,True
2022,5,10,DEN,IND,0.1207419118538322,1.0,0,-3.0,False
2022,5,10,GB,NYG,0.0862625806425067,0.0,0,-5.0,False
2022,5,10,BUF,PIT,0.2459170412573596,1.0,0,35.0,True
2022,5,10,CLE,LAC,-0.0297472752877061,1.0,0,-2.0,False
2022,5,10,JAX,HOU,0.2511957383426668,1.0,0,-7.0,False
2022,5,10,MIN,CHI,0.0356216934876427,1.0,0,7.0,True
2022,5,10,NE,DET,0.0215586591966628,1.0,0,29.0,True
2022,5,10,NO,SEA,-0.2008502535675553,1.0,0,7.0,True
2022,5,10,NYJ,MIA,-0.1673276956909536,1.0,-3,23.0,True
2022,5,10,TB,ATL,-0.0042019711044405,1.0,0,6.0,True
2022,5,10,WAS,TEN,-0.1528074914727348,1.0,0,-4.0,False
2022,5,10,CAR,SF,-0.3083208117374,1.0,1,-22.0,False
2022,5,10,ARI,PHI,-0.2251208170858475,1.0,0,-3.0,False
2022,5,10,LA,DAL,-0.0128399512401717,1.0,-1,-12.0,False
2022,5,10,BAL,CIN,0.0796533549468178,1.0,-3,2.0,True
2022,5,10,KC,LV,0.1844207334826373,1.0,0,1.0,True
2022,5,20,DEN,IND,0.1240750831274709,1.0,0,-3.0,False
2022,5,20,GB,NYG,0.0850201240675037,0.0,0,-5.0,False
2022,5,20,BUF,PIT,0.2463655385626072,1.0,0,35.0,True
2022,5,20,CLE,LAC,-0.0197949125012091,1.0,0,-2.0,False
2022,5,20,JAX,HOU,0.2362247883133462,1.0,0,-7.0,False
2022,5,20,MIN,CHI,0.0408689639576184,1.0,0,7.0,True
2022,5,20,NE,DET,0.0110327109640337,1.0,0,29.0,True
2022,5,20,NO,SEA,-0.2022168906226218,1.0,0,7.0,True
2022,5,20,NYJ,MIA,-0.1827366983111485,1.0,-3,23.0,True
2022,5,20,TB,ATL,0.0090982117801787,1.0,0,6.0,True
2022,5,20,WAS,TEN,-0.1451392584703123,1.0,0,-4.0,False
2022,5,20,CAR,SF,-0.3026470090388113,1.0,1,-22.0,False
2022,5,20,ARI,PHI,-0.2358679416552331,1.0,0,-3.0,False
2022,5,20,LA,DAL,-0.0088498086172996,1.0,-1,-12.0,False
2022,5,20,BAL,CIN,0.088130631588263,1.0,-3,2.0,True
2022,5,20,KC,LV,0.1946740943101649,1.0,0,1.0,True
2022,5,50,DEN,IND,0.1259519957955373,1.0,0,-3.0,False
2022,5,50,GB,NYG,0.0840913820616481,0.0,0,-5.0,False
2022,5,50,BUF,PIT,0.2465732901639028,1.0,0,35.0,True
2022,5,50,CLE,LAC,-0.0140932968269086,1.0,0,-2.0,False
2022,5,50,JAX,HOU,0.2271386037343536,1.0,0,-7.0,False
2022,5,50,MIN,CHI,0.0441356400747179,1.0,0,7.0,True
2022,5,50,NE,DET,0.0047114956326631,1.0,0,29.0,True
2022,5,50,NO,SEA,-0.2030729711394457,1.0,0,7.0,True
2022,5,50,NYJ,MIA,-0.1919253966967121,1.0,-3,23.0,True
2022,5,50,TB,ATL,0.0169929729994149,1.0,0,6.0,True
2022,5,50,WAS,TEN,-0.140467279265162,1.0,0,-4.0,False
2022,5,50,CAR,SF,-0.299379206832701,1.0,1,-22.0,False
2022,5,50,ARI,PHI,-0.2421013518272998,1.0,0,-3.0,False
2022,5,50,LA,DAL,-0.0065036914995188,1.0,-1,-12.0,False
2022,5,50,BAL,CIN,0.0933191467673598,1.0,-3,2.0,True
2022,5,50,KC,LV,0.2009232478637345,1.0,0,1.0,True
2022,5,100,DEN,IND,0.1265566013316943,1.0,0,-3.0,False
2022,5,100,GB,NYG,0.0837509752904178,0.0,0,-5.0,False
2022,5,100,BUF,PIT,0.2466320975616738,1.0,0,35.0,True
2022,5,100,CLE,LAC,-0.0122382092231172,1.0,0,-2.0,False
2022,5,100,JAX,HOU,0.2240938215122586,1.0,0,-7.0,False
2022,5,100,MIN,CHI,0.0452442488289046,1.0,0,7.0,True
2022,5,100,NE,DET,0.0026044094415252,1.0,0,29.0,True
2022,5,100,NO,SEA,-0.2033641549906409,1.0,0,7.0,True
2022,5,100,NYJ,MIA,-0.1949775927342604,1.0,-3,23.0,True
2022,5,100,TB,ATL,0.0196085964211146,1.0,0,6.0,True
2022,5,100,WAS,TEN,-0.1388997547188941,1.0,0,-4.0,False
2022,5,100,CAR,SF,-0.2983128389390708,1.0,1,-22.0,False
2022,5,100,ARI,PHI,-0.2441427723792225,1.0,0,-3.0,False
2022,5,100,LA,DAL,-0.0057298336391697,1.0,-1,-12.0,False
2022,5,100,BAL,CIN,0.0950646015098474,1.0,-3,2.0,True
2022,5,100,KC,LV,0.2030218291164835,1.0,0,1.0,True
2022,6,2,CHI,WAS,-0.1190190103408502,1.0,0,-5.0,False
2022,6,2,ATL,SF,-0.1831129441179749,1.0,0,14.0,True
2022,6,2,CLE,NE,0.0343209665951263,1.0,0,-23.0,False
2022,6,2,GB,NYJ,0.0757890806379852,1.0,0,-17.0,False
2022,6,2,IND,JAX,-0.1867979925704441,1.0,3,7.0,True
2022,6,2,MIA,MIN,-0.0128994479359549,1.0,0,-8.0,False
2022,6,2,NO,CIN,0.0096839918317633,1.0,0,-4.0,False
2022,6,2,NYG,BAL,-0.0519639920058669,1.0,0,4.0,True
2022,6,2,PIT,TB,-0.2437604544693764,1.0,0,2.0,True
2022,6,2,LA,CAR,0.0604806699521278,1.0,0,14.0,True
2022,6,2,SEA,ARI,0.0820917060846143,1.0,0,10.0,True
2022,6,2,KC,BUF,-0.0315502689731118,1.0,-1,-4.0,False
2022,6,2,PHI,DAL,-0.1029454811786306,1.0,0,9.0,True
2022,6,2,LAC,DEN,0.2953617095253977,1.0,-3,3.0,True
2022,6,4,CHI,WAS,-0.0676078150247141,1.0,0,-5.0,False
2022,6,4,ATL,SF,-0.1519586093006629,1.0,0,14.0,True
2022,6,4,CLE,NE,0.0750308704212137,1.0,0,-23.0,False
2022,6,4,GB,NYJ,0.1081159255178903,1.0,0,-17.0,False
2022,6,4,IND,JAX,-0.2370090369561241,1.0,3,7.0,True
2022,6,4,MIA,MIN,0.0217011082758381,1.0,0,-8.0,False
2022,6,4,NO,CIN,0.003649882692686,1.0,0,-4.0,False
2022,6,4,NYG,BAL,-0.0686160139870599,1.0,0,4.0,True
2022,6,4,PIT,TB,-0.2097171031349325,1.0,0,2.0,True
2022,6,4,LA,CAR,0.0982335078533709,1.0,0,14.0,True
2022,6,4,SEA,ARI,0.1228401032894747,1.0,0,10.0,True
2022,6,4,KC,BUF,-0.014909717842952,1.0,-1,-4.0,False
2022,6,4,PHI,DAL,-0.0032099750072378,1.0,0,9.0,True
2022,6,4,LAC,DEN,0.2757802420847478,1.0,-3,3.0,True
2022,6,6,CHI,WAS,-0.0524995735330174,1.0,0,-5.0,False
2022,6,6,ATL,SF,-0.1405956085546393,1.0,0,14.0,True
2022,6,6,CLE,NE,0.0910007298102713,1.0,0,-23.0,False
2022,6,6,GB,NYJ,0.1168530497028864,1.0,0,-17.0,False
2022,6,6,IND,JAX,-0.2508498861598751,1.0,3,7.0,True
2022,6,6,MIA,MIN,0.0322354944290373,1.0,0,-8.0,False
2022,6,6,NO,CIN,0.0025060556189554,1.0,0,-4.0,False
2022,6,6,NYG,BAL,-0.0755399053913881,1.0,0,4.0,True
2022,6,6,PIT,TB,-0.2002022423284714,1.0,0,2.0,True
2022,6,6,LA,CAR,0.110054744524784,1.0,0,14.0,True
2022,6,6,SEA,ARI,0.1377617651080116,1.0,0,10.0,True
2022,6,6,KC,BUF,-0.0119763125724228,1.0,-1,-4.0,False
2022,6,6,PHI,DAL,0.0300304513391606,1.0,0,9.0,True
2022,6,6,LAC,DEN,0.2696966857402204,1.0,-3,3.0,True
2022,6,10,CHI,WAS,-0.0414487718604054,1.0,0,-5.0,False
2022,6,10,ATL,SF,-0.1311301448172469,1.0,0,14.0,True
2022,6,10,CLE,NE,0.1045293007225752,1.0,0,-23.0,False
2022,6,10,GB,NYJ,0.1228245631955758,1.0,0,-17.0,False
2022,6,10,IND,JAX,-0.260462073644843,1.0,3,7.0,True
2022,6,10,MIA,MIN,0.0400813326906095,1.0,0,-8.0,False
2022,6,10,NO,CIN,0.0019158607790643,1.0,0,-4.0,False
2022,6,10,NYG,BAL,-0.0815928034212917,1.0,0,4.0,True
2022,6,10,PIT,TB,-0.1933437208425339,1.0,0,2.0,True
2022,6,10,LA,CAR,0.1190538807859564,1.0,0,14.0,True
2022,6,10,SEA,ARI,0.1501029844692599,1.0,0,10.0,True
2022,6,10,KC,BUF,-0.010515738440468,1.0,-1,-4.0,False
2022,6,10,PHI,DAL,0.0562508095399585,1.0,0,9.0,True
2022,6,10,LAC,DEN,0.2652367879965716,1.0,-3,3.0,True
2022,6,20,CHI,WAS,-0.0338384816103619,1.0,0,-5.0,False
2022,6,20,ATL,SF,-0.1238086817209945,1.0,0,14.0,True
2022,6,20,CLE,NE,0.1150707706454332,1.0,0,-23.0,False
2022,6,20,GB,NYJ,0.1266315775606498,1.0,0,-17.0,False
2022,6,20,IND,JAX,-0.2667099971637761,1.0,3,7.0,True
2022,6,20,MIA,MIN,0.0455615079468753,1.0,0,-8.0,False
2022,6,20,NO,CIN,0.0016600332829666,1.0,0,-4.0,False
2022,6,20,NYG,BAL,-0.086432046194767,1.0,0,4.0,True
2022,6,20,PIT,TB,-0.18865775665422,1.0,0,2.0,True
2022,6,20,LA,CAR,0.1254829890389612,1.0,0,14.0,True
2022,6,20,SEA,ARI,0.1595618746022608,1.0,0,10.0,True
2022,6,20,KC,BUF,-0.0099084949865776,1.0,-1,-4.0,False
2022,6,20,PHI,DAL,0.0755906751381884,1.0,0,9.0,True
2022,6,20,LAC,DEN,0.2621993340502142,1.0,-3,3.0,True
2022,6,50,CHI,WAS,-0.029569843517964,1.0,0,-5.0,False
2022,6,50,ATL,SF,-0.1193238344009127,1.0,0,14.0,True
2022,6,50,CLE,NE,0.1215434908093741,1.0,0,-23.0,False
2022,6,50,GB,NYJ,0.128617752267936,1.0,0,-17.0,False
2022,6,50,IND,JAX,-0.2700338529039965,1.0,3,7.0,True
2022,6,50,MIA,MIN,0.0486643739836313,1.0,0,-8.0,False
2022,6,50,NO,CIN,0.0015817170452307,1.0,0,-4.0,False
2022,6,50,NYG,BAL,-0.0894578159696239,1.0,0,4.0,True
2022,6,50,PIT,TB,-0.1860384813148184,1.0,0,2.0,True
2022,6,50,LA,CAR,0.129193272549186,1.0,0,14.0,True
2022,6,50,SEA,ARI,0.1653095659414397,1.0,0,10.0,True
2022,6,50,KC,BUF,-0.0097344616842303,1.0,-1,-4.0,False
2022,6,50,PHI,DAL,0.0870292817017465,1.0,0,9.0,True
2022,6,50,LAC,DEN,0.2605233009629036,1.0,-3,3.0,True
2022,6,100,CHI,WAS,-0.0281981837919891,1.0,0,-5.0,False
2022,6,100,ATL,SF,-0.117813552867796,1.0,0,14.0,True
2022,6,100,CLE,NE,0.1237241199052342,1.0,0,-23.0,False
2022,6,100,GB,NYJ,0.1292280699830924,1.0,0,-17.0,False
2022,6,100,IND,JAX,-0.2710682772835682,1.0,3,7.0,True
2022,6,100,MIA,MIN,0.0496659218867326,1.0,0,-8.0,False
2022,6,100,NO,CIN,0.0015679153571183,1.0,0,-4.0,False
2022,6,100,NYG,BAL,-0.0904866014732487,1.0,0,4.0,True
2022,6,100,PIT,TB,-0.1851977149751588,1.0,0,2.0,True
2022,6,100,LA,CAR,0.1304039906358002,1.0,0,14.0,True
2022,6,100,SEA,ARI,0.1672363031972339,1.0,0,10.0,True
2022,6,100,KC,BUF,-0.0097069685629167,1.0,-1,-4.0,False
2022,6,100,PHI,DAL,0.090811520243521,1.0,0,9.0,True
2022,6,100,LAC,DEN,0.2599909548009884,1.0,-3,3.0,True
2022,7,2,ARI,NO,-0.0798502232651771,1.0,0,8.0,True
2022,7,2,BAL,CLE,0.159451621064865,1.0,0,3.0,True
2022,7,2,CAR,TB,-0.1995966037368247,1.0,0,18.0,True
2022,7,2,CIN,ATL,-0.0479117588730157,1.0,0,18.0,True
2022,7,2,DAL,DET,0.0646314598455732,1.0,-7,18.0,True
2022,7,2,JAX,NYG,-0.0388657419236941,1.0,0,-6.0,False
2022,7,2,TEN,IND,-0.035260123838157,1.0,7,9.0,True
2022,7,2,WAS,GB,-0.0040467595822048,1.0,3,2.0,True
2022,7,2,DEN,NYJ,-0.1445674686759124,1.0,-1,-7.0,False
2022,7,2,LV,HOU,0.224958002855018,1.0,-1,18.0,True
2022,7,2,LAC,SEA,0.0048833518459645,1.0,-1,-14.0,False
2022,7,2,SF,KC,-0.0948778056779006,1.0,0,-21.0,False
2022,7,2,MIA,PIT,-0.0190848199749776,1.0,0,6.0,True
2022,7,2,NE,CHI,0.2111239273786342,1.0,-3,-19.0,False
2022,7,4,ARI,NO,-0.093882303482346,1.0,0,8.0,True
2022,7,4,BAL,CLE,0.0829633424283815,1.0,0,3.0,True
2022,7,4,CAR,TB,-0.2142795554979462,1.0,0,18.0,True
2022,7,4,CIN,ATL,-0.0197124941927023,1.0,0,18.0,True
2022,7,4,DAL,DET,0.035740240440378,1.0,-7,18.0,True
2022,7,4,JAX,NYG,0.0294770182167426,1.0,0,-6.0,False
2022,7,4,TEN,IND,0.0353979833504314,1.0,7,9.0,True
2022,7,4,WAS,GB,-0.0573131978881472,1.0,3,2.0,True
2022,7,4,DEN,NYJ,-0.0778476981656949,1.0,-1,-7.0,False
2022,7,4,LV,HOU,0.1917034293297018,1.0,-1,18.0,True
2022,7,4,LAC,SEA,0.0109844252882333,1.0,-1,-14.0,False
2022,7,4,SF,KC,-0.0913967774384167,1.0,0,-21.0,False
2022,7,4,MIA,PIT,0.0136196989112388,1.0,0,6.0,True
2022,7,4,NE,CHI,0.1658377617632734,1.0,-3,-19.0,False
2022,7,6,ARI,NO,-0.099601551958695,1.0,0,8.0,True
2022,7,6,BAL,CLE,0.057060587565313,1.0,0,3.0,True
2022,7,6,CAR,TB,-0.2209741067395053,1.0,0,18.0,True
2022,7,6,CIN,ATL,-0.0135528952005701,1.0,0,18.0,True
2022,7,6,DAL,DET,0.0226461947382641,1.0,-7,18.0,True
2022,7,6,JAX,NYG,0.0540028357232672,1.0,0,-6.0,False
2022,7,6,TEN,IND,0.0593931258670823,1.0,7,9.0,True
2022,7,6,WAS,GB,-0.0721535701173247,1.0,3,2.0,True
2022,7,6,DEN,NYJ,-0.0539160362299157,1.0,-1,-7.0,False
2022,7,6,LV,HOU,0.1769985416544661,1.0,-1,18.0,True
2022,7,6,LAC,SEA,0.0142281530004814,1.0,-1,-14.0,False
2022,7,6,SF,KC,-0.0946148427311058,1.0,0,-21.0,False
2022,7,6,MIA,PIT,0.0235081267052241,1.0,0,6.0,True
2022,7,6,NE,CHI,0.1507368034071312,1.0,-3,-19.0,False
2022,7,10,ARI,NO,-0.1045223685888116,1.0,0,8.0,True
2022,7,10,BAL,CLE,0.0365946934801091,1.0,0,3.0,True
2022,7,10,CAR,TB,-0.2271986874036536,1.0,0,18.0,True
2022,7,10,CIN,ATL,-0.0100172531423864,1.0,0,18.0,True
2022,7,10,DAL,DET,0.0110749284872562,1.0,-7,18.0,True
2022,7,10,JAX,NYG,0.0737408863870805,1.0,0,-6.0,False
2022,7,10,TEN,IND,0.0783992263036348,1.0,7,9.0,True
2022,7,10,WAS,GB,-0.0822942729896405,1.0,3,2.0,True
2022,7,10,DEN,NYJ,-0.034446454595685,1.0,-1,-7.0,False
2022,7,10,LV,HOU,0.1640359566127525,1.0,-1,18.0,True
2022,7,10,LAC,SEA,0.0173672881631663,1.0,-1,-14.0,False
2022,7,10,SF,KC,-0.098763858651941,1.0,0,-21.0,False
2022,7,10,MIA,PIT,0.0308965458005182,1.0,0,6.0,True
2022,7,10,NE,CHI,0.1386673777967947,1.0,-3,-19.0,False
2022,7,20,ARI,NO,-0.1084016864697709,1.0,0,8.0,True
2022,7,20,BAL,CLE,0.021521017510132,1.0,0,3.0,True
2022,7,20,CAR,TB,-0.2324284868501948,1.0,0,18.0,True
2022,7,20,CIN,ATL,-0.0082212184308577,1.0,0,18.0,True
2022,7,20,DAL,DET,0.0018211056848745,1.0,-7,18.0,True
2022,7,20,JAX,NYG,0.0884353736900745,1.0,0,-6.0,False
2022,7,20,TEN,IND,0.0924289232806809,1.0,7,9.0,True
2022,7,20,WAS,GB,-0.0886937433823536,1.0,3,2.0,True
2022,7,20,DEN,NYJ,-0.0197584355180938,1.0,-1,-7.0,False
2022,7,20,LV,HOU,0.1536650979214278,1.0,-1,18.0,True
2022,7,20,LAC,SEA,0.0200635607934639,1.0,-1,-14.0,False
2022,7,20,SF,KC,-0.1027651570719285,1.0,0,-21.0,False
2022,7,20,MIA,PIT,0.0360972965730892,1.0,0,6.0,True
2022,7,20,NE,CHI,0.1296220372998179,1.0,-3,-19.0,False
2022,7,50,ARI,NO,-0.1108024901699589,1.0,0,8.0,True
2022,7,50,BAL,CLE,0.012628131115646,1.0,0,3.0,True
2022,7,50,CAR,TB,-0.2358109793206284,1.0,0,18.0,True
2022,7,50,CIN,ATL,-0.0075045848012693,1.0,0,18.0,True
2022,7,50,DAL,DET,-0.0039459692940119,1.0,-7,18.0,True
2022,7,50,JAX,NYG,0.097151610326991,1.0,0,-6.0,False
2022,7,50,TEN,IND,0.1007194500994381,1.0,7,9.0,True
2022,7,50,WAS,GB,-0.0919818296072293,1.0,3,2.0,True
2022,7,50,DEN,NYJ,-0.0109436448280897,1.0,-1,-7.0,False
2022,7,50,LV,HOU,0.1471935136064142,1.0,-1,18.0,True
2022,7,50,LAC,SEA,0.0218276740999317,1.0,-1,-14.0,False
2022,7,50,SF,KC,-0.1055189315779508,1.0,0,-21.0,False
2022,7,50,MIA,PIT,0.0390687849625435,1.0,0,6.0,True
2022,7,50,NE,CHI,0.1241973074385722,1.0,-3,-19.0,False
2022,7,100,ARI,NO,-0.1116144712028846,1.0,0,8.0,True
2022,7,100,BAL,CLE,0.0096928534321228,1.0,0,3.0,True
2022,7,100,CAR,TB,-0.2369804085830408,1.0,0,18.0,True
2022,7,100,CIN,ATL,-0.0073264711015038,1.0,0,18.0,True
2022,7,100,DAL,DET,-0.0059017206290139,1.0,-7,18.0,True
2022,7,100,JAX,NYG,0.1000345593297807,1.0,0,-6.0,False
2022,7,100,TEN,IND,0.103458226306968,1.0,7,9.0,True
2022,7,100,WAS,GB,-0.0929806413971143,1.0,3,2.0,True
2022,7,100,DEN,NYJ,-0.0080085650651245,1.0,-1,-7.0,False
2022,7,100,LV,HOU,0.1449968117343761,1.0,-1,18.0,True
2022,7,100,LAC,SEA,0.0224405453368062,1.0,-1,-14.0,False
2022,7,100,SF,KC,-0.1064940834095171,1.0,0,-21.0,False
2022,7,100,MIA,PIT,0.0400336958965024,1.0,0,6.0,True
2022,7,100,NE,CHI,0.1223894341626695,1.0,-3,-19.0,False
2022,8,2,TB,BAL,-0.0987480298778218,1.0,0,-5.0,False
2022,8,2,JAX,DEN,0.069633064231341,0.0,0,-4.0,False
2022,8,2,ATL,CAR,0.0014654848307549,1.0,0,3.0,True
2022,8,2,DAL,CHI,0.0287554039629892,1.0,1,20.0,True
2022,8,2,DET,MIA,-0.0104361443183632,1.0,0,-4.0,False
2022,8,2,MIN,ARI,0.0679786919953867,1.0,4,8.0,True
2022,8,2,NO,LV,-0.1400964959059021,1.0,3,24.0,True
2022,8,2,NYJ,NE,0.0580358686224237,1.0,1,-5.0,False
2022,8,2,PHI,PIT,0.262712087252797,1.0,7,22.0,True
2022,8,2,HOU,TEN,-0.1254996985178316,1.0,0,-7.0,False
2022,8,2,IND,WAS,-0.0396515698746021,1.0,0,-1.0,False
2022,8,2,LA,SF,0.0762380783876377,1.0,7,-17.0,False
2022,8,2,SEA,NYG,0.1454573220400032,1.0,0,14.0,True
2022,8,2,BUF,GB,0.139477713727217,1.0,7,10.0,True
2022,8,2,CLE,CIN,-0.220235295683214,1.0,0,19.0,True
2022,8,4,TB,BAL,-0.0578411727627722,1.0,0,-5.0,False
2022,8,4,JAX,DEN,0.1134903279286407,0.0,0,-4.0,False
2022,8,4,ATL,CAR,0.0928306439484339,1.0,0,3.0,True
2022,8,4,DAL,CHI,0.0694161879997336,1.0,1,20.0,True
2022,8,4,DET,MIA,0.0159000143506472,1.0,0,-4.0,False
2022,8,4,MIN,ARI,0.0632810985475257,1.0,4,8.0,True
2022,8,4,NO,LV,-0.1070363143437559,1.0,3,24.0,True
2022,8,4,NYJ,NE,0.0034591117638004,1.0,1,-5.0,False
2022,8,4,PHI,PIT,0.2619931709976508,1.0,7,22.0,True
2022,8,4,HOU,TEN,-0.0798892826247738,1.0,0,-7.0,False
2022,8,4,IND,WAS,-0.0456605129113425,1.0,0,-1.0,False
2022,8,4,LA,SF,-0.0316958986434713,1.0,7,-17.0,False
2022,8,4,SEA,NYG,0.1103817735316406,1.0,0,14.0,True
2022,8,4,BUF,GB,0.1674929724019513,1.0,7,10.0,True
2022,8,4,CLE,CIN,-0.1561507813348765,1.0,0,19.0,True
2022,8,6,TB,BAL,-0.0419816463557935,1.0,0,-5.0,False
2022,8,6,JAX,DEN,0.1293792163922208,0.0,0,-4.0,False
2022,8,6,ATL,CAR,0.1175042272907231,1.0,0,3.0,True
2022,8,6,DAL,CHI,0.0779389232955155,1.0,1,20.0,True
2022,8,6,DET,MIA,0.0229685577266555,1.0,0,-4.0,False
2022,8,6,MIN,ARI,0.0673134449038311,1.0,4,8.0,True
2022,8,6,NO,LV,-0.097251200809726,1.0,3,24.0,True
2022,8,6,NYJ,NE,-0.0154908407948349,1.0,1,-5.0,False
2022,8,6,PHI,PIT,0.2611229687459463,1.0,7,22.0,True
2022,8,6,HOU,TEN,-0.0649989827127314,1.0,0,-7.0,False
2022,8,6,IND,WAS,-0.0489631639647897,1.0,0,-1.0,False
2022,8,6,LA,SF,-0.0638645452734616,1.0,7,-17.0,False
2022,8,6,SEA,NYG,0.099307296575568,1.0,0,14.0,True
2022,8,6,BUF,GB,0.1805855617646737,1.0,7,10.0,True
2022,8,6,CLE,CIN,-0.1279399454304442,1.0,0,19.0,True
2022,8,10,TB,BAL,-0.0285740204504562,1.0,0,-5.0,False
2022,8,10,JAX,DEN,0.1420368303539346,0.0,0,-4.0,False
2022,8,10,ATL,CAR,0.1349044894696025,1.0,0,3.0,True
2022,8,10,DAL,CHI,0.0824980384422907,1.0,1,20.0,True
2022,8,10,DET,MIA,0.0276430301986264,1.0,0,-4.0,False
2022,8,10,MIN,ARI,0.0729865098520193,1.0,4,8.0,True
2022,8,10,NO,LV,-0.090083913380553,1.0,3,24.0,True
2022,8,10,NYJ,NE,-0.03071548234098,1.0,1,-5.0,False
2022,8,10,PHI,PIT,0.2599390875218567,1.0,7,22.0,True
2022,8,10,HOU,TEN,-0.0534511371335093,1.0,0,-7.0,False
2022,8,10,IND,WAS,-0.0522106902015222,1.0,0,-1.0,False
2022,8,10,LA,SF,-0.087716019011977,1.0,7,-17.0,False
2022,8,10,SEA,NYG,0.0909201840272233,1.0,0,14.0,True
2022,8,10,BUF,GB,0.1926776019470175,1.0,7,10.0,True
2022,8,10,CLE,CIN,-0.1031799725512724,1.0,0,19.0,True
2022,8,20,TB,BAL,-0.0181435091049022,1.0,0,-5.0,False
2022,8,20,JAX,DEN,0.1513135324124223,0.0,0,-4.0,False
2022,8,20,ATL,CAR,0.1465845531744664,1.0,0,3.0,True
2022,8,20,DAL,CHI,0.0845063775676105,1.0,1,20.0,True
2022,8,20,DET,MIA,0.0304799171528627,1.0,0,-4.0,False
2022,8,20,MIN,ARI,0.0787507426996385,1.0,4,8.0,True
2022,8,20,NO,LV,-0.0851366183612569,1.0,3,24.0,True
2022,8,20,NYJ,NE,-0.0420937333449391,1.0,1,-5.0,False
2022,8,20,PHI,PIT,0.258697507920052,1.0,7,22.0,True
2022,8,20,HOU,TEN,-0.0450756318942333,1.0,0,-7.0,False
2022,8,20,IND,WAS,-0.05503493658004,1.0,0,-1.0,False
2022,8,20,LA,SF,-0.1043991983372734,1.0,7,-17.0,False
2022,8,20,SEA,NYG,0.0849807965135369,1.0,0,14.0,True
2022,8,20,BUF,GB,0.2027467584082329,1.0,7,10.0,True
2022,8,20,CLE,CIN,-0.083486885283464,1.0,0,19.0,True
2022,8,50,TB,BAL,-0.0117477609202382,1.0,0,-5.0,False
2022,8,50,JAX,DEN,0.1567315725254858,0.0,0,-4.0,False
2022,8,50,ATL,CAR,0.153038515891233,1.0,0,3.0,True
2022,8,50,DAL,CHI,0.0851108239905006,1.0,1,20.0,True
2022,8,50,DET,MIA,0.0318818245529894,1.0,0,-4.0,False
2022,8,50,MIN,ARI,0.0828460483790356,1.0,4,8.0,True
2022,8,50,NO,LV,-0.0823528362322752,1.0,3,24.0,True
2022,8,50,NYJ,NE,-0.0488784226875075,1.0,1,-5.0,False
2022,8,50,PHI,PIT,0.257788403037797,1.0,7,22.0,True
2022,8,50,HOU,TEN,-0.0401886042457833,1.0,0,-7.0,False
2022,8,50,IND,WAS,-0.0568979829417122,1.0,0,-1.0,False
2022,8,50,LA,SF,-0.1138901476098304,1.0,7,-17.0,False
2022,8,50,SEA,NYG,0.0815835204026512,1.0,0,14.0,True
2022,8,50,BUF,GB,0.20921174094993,1.0,7,10.0,True
2022,8,50,CLE,CIN,-0.0712655771478487,1.0,0,19.0,True
2022,8,100,TB,BAL,-0.0095948480668291,1.0,0,-5.0,False
2022,8,100,JAX,DEN,0.1585068196605423,0.0,0,-4.0,False
2022,8,100,ATL,CAR,0.1550992472035048,1.0,0,3.0,True
2022,8,100,DAL,CHI,0.0852107863163259,1.0,1,20.0,True
2022,8,100,DET,MIA,0.0322969224304996,1.0,0,-4.0,False
2022,8,100,MIN,ARI,0.0843182127356764,1.0,4,8.0,True
2022,8,100,NO,LV,-0.0814561962014584,1.0,3,24.0,True
2022,8,100,NYJ,NE,-0.0511301901800883,1.0,1,-5.0,False
2022,8,100,PHI,PIT,0.257456288598774,1.0,7,22.0,True
2022,8,100,HOU,TEN,-0.038584663126859,1.0,0,-7.0,False
2022,8,100,IND,WAS,-0.0575477663964096,1.0,0,-1.0,False
2022,8,100,LA,SF,-0.1169656516410901,1.0,7,-17.0,False
2022,8,100,SEA,NYG,0.0804809699532008,1.0,0,14.0,True
2022,8,100,BUF,GB,0.2114381463921051,1.0,7,10.0,True
2022,8,100,CLE,CIN,-0.0671305920187694,1.0,0,19.0,True
2022,9,2,HOU,PHI,-0.6240336463698628,1.0,0,-12.0,False
2022,9,2,ATL,LAC,0.0217573964555452,1.0,-7,-3.0,False
2022,9,2,CHI,MIA,-0.1403154703105029,1.0,0,-3.0,False
2022,9,2,CIN,CAR,0.039594736097853,1.0,-1,21.0,True
2022,9,2,DET,GB,0.1084616516157187,1.0,0,6.0,True
2022,9,2,JAX,LV,0.0106208433278782,1.0,0,7.0,True
2022,9,2,NE,IND,-0.01727753031456,1.0,0,23.0,True
2022,9,2,NYJ,BUF,-0.1328251783092758,1.0,0,3.0,True
2022,9,2,WAS,MIN,-0.1129906084696318,1.0,0,-3.0,False
2022,9,2,ARI,SEA,-0.264650842202618,1.0,0,-10.0,False
2022,9,2,TB,LA,-0.0119705291868273,1.0,3,3.0,True
2022,9,2,KC,TEN,0.0580188842750041,1.0,7,3.0,True
2022,9,2,NO,BAL,0.0704808481051488,1.0,-3,-14.0,False
2022,9,4,HOU,PHI,-0.4719744663182778,1.0,0,-12.0,False
2022,9,4,ATL,LAC,-0.0007907946021561,1.0,-7,-3.0,False
2022,9,4,CHI,MIA,-0.1059522287745699,1.0,0,-3.0,False
2022,9,4,CIN,CAR,0.1126492006732987,1.0,-1,21.0,True
2022,9,4,DET,GB,0.0812822685446425,1.0,0,6.0,True
2022,9,4,JAX,LV,-0.0143561603686008,1.0,0,7.0,True
2022,9,4,NE,IND,0.0128088918847204,1.0,0,23.0,True
2022,9,4,NYJ,BUF,-0.1927883497397362,1.0,0,3.0,True
2022,9,4,WAS,MIN,-0.0804021311274415,1.0,0,-3.0,False
2022,9,4,ARI,SEA,-0.2100000523537228,1.0,0,-10.0,False
2022,9,4,TB,LA,0.0101352367234101,1.0,3,3.0,True
2022,9,4,KC,TEN,0.1337727751076176,1.0,7,3.0,True
2022,9,4,NO,BAL,0.029913257135838,1.0,-3,-14.0,False
2022,9,6,HOU,PHI,-0.4280524995072748,1.0,0,-12.0,False
2022,9,6,ATL,LAC,-0.0068369439237689,1.0,-7,-3.0,False
2022,9,6,CHI,MIA,-0.0984278863206385,1.0,0,-3.0,False
2022,9,6,CIN,CAR,0.1309487186619158,1.0,-1,21.0,True
2022,9,6,DET,GB,0.0751675713373268,1.0,0,6.0,True
2022,9,6,JAX,LV,-0.0125814101254723,1.0,0,7.0,True
2022,9,6,NE,IND,0.025697525396606,1.0,0,23.0,True
2022,9,6,NYJ,BUF,-0.2205095853995342,1.0,0,3.0,True
2022,9,6,WAS,MIN,-0.0746438946702474,1.0,0,-3.0,False
2022,9,6,ARI,SEA,-0.1938301166710218,1.0,0,-10.0,False
2022,9,6,TB,LA,0.0241617837051457,1.0,3,3.0,True
2022,9,6,KC,TEN,0.1595280926766119,1.0,7,3.0,True
2022,9,6,NO,BAL,0.0141661087501915,1.0,-3,-14.0,False
2022,9,10,HOU,PHI,-0.3958820984769726,1.0,0,-12.0,False
2022,9,10,ATL,LAC,-0.0112542716921191,1.0,-7,-3.0,False
2022,9,10,CHI,MIA,-0.0941953469784219,1.0,0,-3.0,False
2022,9,10,CIN,CAR,0.142771711050585,1.0,-1,21.0,True
2022,9,10,DET,GB,0.0719890365168139,1.0,0,6.0,True
2022,9,10,JAX,LV,-0.0074179682322149,1.0,0,7.0,True
2022,9,10,NE,IND,0.0367546092569345,1.0,0,23.0,True
2022,9,10,NYJ,BUF,-0.2452095067853199,1.0,0,3.0,True
2022,9,10,WAS,MIN,-0.0722899988906464,1.0,0,-3.0,False
2022,9,10,ARI,SEA,-0.1823460835194659,1.0,0,-10.0,False
2022,9,10,TB,LA,0.0380393264400098,1.0,3,3.0,True
2022,9,10,KC,TEN,0.1795804569992914,1.0,7,3.0,True
2022,9,10,NO,BAL,0.0005447858927181,1.0,-3,-14.0,False
2022,9,20,HOU,PHI,-0.373542120641851,1.0,0,-12.0,False
2022,9,20,ATL,LAC,-0.0143579320552383,1.0,-7,-3.0,False
2022,9,20,CHI,MIA,-0.0921221419446212,1.0,0,-3.0,False
2022,9,20,CIN,CAR,0.1498779860382487,1.0,-1,21.0,True
2022,9,20,DET,GB,0.0707539578027495,1.0,0,6.0,True
2022,9,20,JAX,LV,-0.0014825446146367,1.0,0,7.0,True
2022,9,20,NE,IND,0.0453544018892388,1.0,0,23.0,True
2022,9,20,NYJ,BUF,-0.2650273211416567,1.0,0,3.0,True
2022,9,20,WAS,MIN,-0.0718634231484525,1.0,0,-3.0,False
2022,9,20,ARI,SEA,-0.1747759983864993,1.0,0,-10.0,False
2022,9,20,TB,LA,0.049985266369934,1.0,3,3.0,True
2022,9,20,KC,TEN,0.1941068925301309,1.0,7,3.0,True
2022,9,20,NO,BAL,-0.0103062877221563,1.0,-3,-14.0,False
2022,9,50,HOU,PHI,-0.3608736405758852,1.0,0,-12.0,False
2022,9,50,ATL,LAC,-0.0161441746490394,1.0,-7,-3.0,False
2022,9,50,CHI,MIA,-0.0913382000132765,1.0,0,-3.0,False
2022,9,50,CIN,CAR,0.1533970519057398,1.0,-1,21.0,True
2022,9,50,DET,GB,0.0705197475029225,1.0,0,6.0,True
2022,9,50,JAX,LV,0.0028663876888848,1.0,0,7.0,True
2022,9,50,NE,IND,0.0505956490450331,1.0,0,23.0,True
2022,9,50,NYJ,BUF,-0.2773818052274074,1.0,0,3.0,True
2022,9,50,WAS,MIN,-0.0721485729628612,1.0,0,-3.0,False
2022,9,50,ARI,SEA,-0.1707152576719773,1.0,0,-10.0,False
2022,9,50,TB,LA,0.0577675585789805,1.0,3,3.0,True
2022,9,50,KC,TEN,0.202562446589833,1.0,7,3.0,True
2022,9,50,NO,BAL,-0.0170831832023094,1.0,-3,-14.0,False
2022,9,100,HOU,PHI,-0.3567722052146793,1.0,0,-12.0,False
2022,9,100,ATL,LAC,-0.0167279058921591,1.0,-7,-3.0,False
2022,9,100,CHI,MIA,-0.0911534361327926,1.0,0,-3.0,False
2022,9,100,CIN,CAR,0.1544450794959954,1.0,-1,21.0,True
2022,9,100,DET,GB,0.0705287847175032,1.0,0,6.0,True
2022,9,100,JAX,LV,0.0044394728342411,1.0,0,7.0,True
2022,9,100,NE,IND,0.0523513311425812,1.0,0,23.0,True
2022,9,100,NYJ,BUF,-0.2815694506581256,1.0,0,3.0,True
2022,9,100,WAS,MIN,-0.0723316417735361,1.0,0,-3.0,False
2022,9,100,ARI,SEA,-0.1694465829440651,1.0,0,-10.0,False
2022,9,100,TB,LA,0.0604613293132808,1.0,3,3.0,True
2022,9,100,KC,TEN,0.205333225787338,1.0,7,3.0,True
2022,9,100,NO,BAL,-0.0193865173394145,1.0,-3,-14.0,False
2022,10,2,CAR,ATL,-0.2093988518567918,1.0,0,10.0,True
2022,10,2,TB,SEA,-0.2335564094318091,0.0,0,5.0,True
2022,10,2,BUF,MIN,-0.0188516408289568,1.0,0,-3.0,False
2022,10,2,CHI,DET,-0.2369049800521991,1.0,0,-1.0,False
2022,10,2,KC,JAX,0.1091956364100143,1.0,0,10.0,True
2022,10,2,MIA,CLE,-0.0570076725504581,1.0,-6,22.0,True
2022,10,2,NYG,HOU,0.2009562747379103,1.0,4,8.0,True
2022,10,2,PIT,NO,-0.2970521244959478,1.0,8,10.0,True
2022,10,2,TEN,DEN,0.0742899753167838,1.0,-7,7.0,True
2022,10,2,LV,IND,-0.0143282787324001,1.0,0,-5.0,False
2022,10,2,GB,DAL,-0.2937118619645424,1.0,-7,3.0,True
2022,10,2,LA,ARI,-0.0260366969253378,1.0,0,-10.0,False
2022,10,2,SF,LAC,0.1443448277147257,1.0,7,6.0,True
2022,10,2,PHI,WAS,0.1781639472396706,1.0,3,-11.0,False
2022,10,4,CAR,ATL,-0.1746218376105449,1.0,0,10.0,True
2022,10,4,TB,SEA,-0.1847924228894612,0.0,0,5.0,True
2022,10,4,BUF,MIN,0.0737381230140387,1.0,0,-3.0,False
2022,10,4,CHI,DET,-0.173056456294851,1.0,0,-1.0,False
2022,10,4,KC,JAX,0.0947401040077921,1.0,0,10.0,True
2022,10,4,MIA,CLE,-0.0204216792593303,1.0,-6,22.0,True
2022,10,4,NYG,HOU,0.1768569103616575,1.0,4,8.0,True
2022,10,4,PIT,NO,-0.2190442675114685,1.0,8,10.0,True
2022,10,4,TEN,DEN,0.0655171604745783,1.0,-7,7.0,True
2022,10,4,LV,IND,0.0731873171712074,1.0,0,-5.0,False
2022,10,4,GB,DAL,-0.2008756032049121,1.0,-7,3.0,True
2022,10,4,LA,ARI,-0.0322697648896136,1.0,0,-10.0,False
2022,10,4,SF,LAC,0.1045404228231244,1.0,7,6.0,True
2022,10,4,PHI,WAS,0.210218490879309,1.0,3,-11.0,False
2022,10,6,CAR,ATL,-0.1688023859404427,1.0,0,10.0,True
2022,10,6,TB,SEA,-0.1573601769985896,0.0,0,5.0,True
2022,10,6,BUF,MIN,0.110157938239875,1.0,0,-3.0,False
2022,10,6,CHI,DET,-0.1537192100492517,1.0,0,-1.0,False
2022,10,6,KC,JAX,0.0886647462542879,1.0,0,10.0,True
2022,10,6,MIA,CLE,-0.0137493888401172,1.0,-6,22.0,True
2022,10,6,NYG,HOU,0.1609089214642622,1.0,4,8.0,True
2022,10,6,PIT,NO,-0.1872644106210955,1.0,8,10.0,True
2022,10,6,TEN,DEN,0.0579802247790495,1.0,-7,7.0,True
2022,10,6,LV,IND,0.1053902231942817,1.0,0,-5.0,False
2022,10,6,GB,DAL,-0.1689485942051329,1.0,-7,3.0,True
2022,10,6,LA,ARI,-0.0302912316727799,1.0,0,-10.0,False
2022,10,6,SF,LAC,0.0933790872107297,1.0,7,6.0,True
2022,10,6,PHI,WAS,0.2261890975813868,1.0,3,-11.0,False
2022,10,10,CAR,ATL,-0.166017440474208,1.0,0,10.0,True
2022,10,10,TB,SEA,-0.1314014621706028,0.0,0,5.0,True
2022,10,10,BUF,MIN,0.1402678701484083,1.0,0,-3.0,False
2022,10,10,CHI,DET,-0.1398601320940954,1.0,0,-1.0,False
2022,10,10,KC,JAX,0.0834417476880974,1.0,0,10.0,True
2022,10,10,MIA,CLE,-0.0102363412263125,1.0,-6,22.0,True
2022,10,10,NYG,HOU,0.1454542160489614,1.0,4,8.0,True
2022,10,10,PIT,NO,-0.1599489485806836,1.0,8,10.0,True
2022,10,10,TEN,DEN,0.0505270419320608,1.0,-7,7.0,True
2022,10,10,LV,IND,0.1309610490608092,1.0,0,-5.0,False
2022,10,10,GB,DAL,-0.1437412568129283,1.0,-7,3.0,True
2022,10,10,LA,ARI,-0.0268313594992791,1.0,0,-10.0,False
2022,10,10,SF,LAC,0.085157305762182,1.0,7,6.0,True
2022,10,10,PHI,WAS,0.2408665368242651,1.0,3,-11.0,False
2022,10,20,CAR,ATL,-0.1648998083962346,1.0,0,10.0,True
2022,10,20,TB,SEA,-0.1097666429048465,0.0,0,5.0,True
2022,10,20,BUF,MIN,0.163009004182245,1.0,0,-3.0,False
2022,10,20,CHI,DET,-0.1306098489869477,1.0,0,-1.0,False
2022,10,20,KC,JAX,0.0793938449233602,1.0,0,10.0,True
2022,10,20,MIA,CLE,-0.008526874069525,1.0,-6,22.0,True
2022,10,20,NYG,HOU,0.1324704413096707,1.0,4,8.0,True
2022,10,20,PIT,NO,-0.1384919662989226,1.0,8,10.0,True
2022,10,20,TEN,DEN,0.0442797059226848,1.0,-7,7.0,True
2022,10,20,LV,IND,0.1496050260527927,1.0,0,-5.0,False
2022,10,20,GB,DAL,-0.125266754151147,1.0,-7,3.0,True
2022,10,20,LA,ARI,-0.0231073632520999,1.0,0,-10.0,False
2022,10,20,SF,LAC,0.0793367143948278,1.0,7,6.0,True
2022,10,20,PHI,WAS,0.252798868831976,1.0,3,-11.0,False
2022,10,50,CAR,ATL,-0.1645863001511102,1.0,0,10.0,True
2022,10,50,TB,SEA,-0.0959753980150587,0.0,0,5.0,True
2022,10,50,BUF,MIN,0.1765873563672984,1.0,0,-3.0,False
2022,10,50,CHI,DET,-0.1255720249005126,1.0,0,-1.0,False
2022,10,50,KC,JAX,0.0769465140336733,1.0,0,10.0,True
2022,10,50,MIA,CLE,-0.0078292697653526,1.0,-6,22.0,True
2022,10,50,NYG,HOU,0.1241796600504579,1.0,4,8.0,True
2022,10,50,PIT,NO,-0.1252699526636768,1.0,8,10.0,True
2022,10,50,TEN,DEN,0.040326065641931,1.0,-7,7.0,True
2022,10,50,LV,IND,0.1604483674293028,1.0,0,-5.0,False
2022,10,50,GB,DAL,-0.1144309220105499,1.0,-7,3.0,True
2022,10,50,LA,ARI,-0.0204151961815332,1.0,0,-10.0,False
2022,10,50,SF,LAC,0.0759587983490447,1.0,7,6.0,True
2022,10,50,PHI,WAS,0.2602531314743415,1.0,3,-11.0,False
2022,10,100,CAR,ATL,-0.164536702092278,1.0,0,10.0,True
2022,10,100,TB,SEA,-0.0912533067237234,0.0,0,5.0,True
2022,10,100,BUF,MIN,0.1810888247904978,1.0,0,-3.0,False
2022,10,100,CHI,DET,-0.1239807306171413,1.0,0,-1.0,False
2022,10,100,KC,JAX,0.0761319872691602,1.0,0,10.0,True
2022,10,100,MIA,CLE,-0.0076455117864134,1.0,-6,22.0,True
2022,10,100,NYG,HOU,0.1213410580907005,1.0,4,8.0,True
2022,10,100,PIT,NO,-0.1208105947237265,1.0,8,10.0,True
2022,10,100,TEN,DEN,0.0389813076363604,1.0,-7,7.0,True
2022,10,100,LV,IND,0.1639937355751415,1.0,0,-5.0,False
2022,10,100,GB,DAL,-0.1108675787911156,1.0,-7,3.0,True
2022,10,100,LA,ARI,-0.0194434061880014,1.0,0,-10.0,False
2022,10,100,SF,LAC,0.0748485942989176,1.0,7,6.0,True
2022,10,100,PHI,WAS,0.2627764603271601,1.0,3,-11.0,False
2022,11,2,GB,TEN,-0.0653594195889731,1.0,0,-10.0,False
2022,11,2,ATL,CHI,-0.0063441578345219,1.0,3,3.0,True
2022,11,2,BAL,CAR,0.1192645211523484,1.0,3,10.0,True
2022,11,2,BUF,CLE,0.203023245357566,0.0,0,8.0,True
2022,11,2,HOU,WAS,-0.3147169896158891,1.0,1,-13.0,False
2022,11,2,IND,PHI,-0.2214921268694729,1.0,1,-1.0,False
2022,11,2,NE,NYJ,-0.1026462661817172,1.0,0,7.0,True
2022,11,2,NO,LA,0.0832060137561329,1.0,0,7.0,True
2022,11,2,NYG,DET,0.0681596161215507,1.0,0,-13.0,False
2022,11,2,DEN,LV,-0.2120113832449952,1.0,0,-6.0,False
2022,11,2,MIN,DAL,-0.0192944352042649,1.0,0,-37.0,False
2022,11,2,PIT,CIN,-0.1745064661886149,1.0,-7,-7.0,False
2022,11,2,LAC,KC,-0.4382110387449939,1.0,0,-3.0,False
2022,11,2,ARI,SF,-0.0561716787049654,0.0,0,-28.0,False
2022,11,4,GB,TEN,-0.0145768299402666,1.0,0,-10.0,False
2022,11,4,ATL,CHI,0.0181335697827694,1.0,3,3.0,True
2022,11,4,BAL,CAR,0.1490138122529322,1.0,3,10.0,True
2022,11,4,BUF,CLE,0.1349188311548184,0.0,0,8.0,True
2022,11,4,HOU,WAS,-0.2298579312498794,1.0,1,-13.0,False
2022,11,4,IND,PHI,-0.2432226085698962,1.0,1,-1.0,False
2022,11,4,NE,NYJ,-0.0674868454333589,1.0,0,7.0,True
2022,11,4,NO,LA,0.1076778152647221,1.0,0,7.0,True
2022,11,4,NYG,DET,0.013150148986263,1.0,0,-13.0,False
2022,11,4,DEN,LV,-0.1981072957994739,1.0,0,-6.0,False
2022,11,4,MIN,DAL,-0.0609425957065218,1.0,0,-37.0,False
2022,11,4,PIT,CIN,-0.1911966059293472,1.0,-7,-7.0,False
2022,11,4,LAC,KC,-0.3335306056823959,1.0,0,-3.0,False
2022,11,4,ARI,SF,-0.0922018314772859,0.0,0,-28.0,False
2022,11,6,GB,TEN,0.0068749493089097,1.0,0,-10.0,False
2022,11,6,ATL,CHI,0.0242619444282526,1.0,3,3.0,True
2022,11,6,BAL,CAR,0.1627268113534538,1.0,3,10.0,True
2022,11,6,BUF,CLE,0.123991732248238,0.0,0,8.0,True
2022,11,6,HOU,WAS,-0.1900070429297415,1.0,1,-13.0,False
2022,11,6,IND,PHI,-0.2561619335613295,1.0,1,-1.0,False
2022,11,6,NE,NYJ,-0.0510227810179625,1.0,0,7.0,True
2022,11,6,NO,LA,0.108883001487899,1.0,0,7.0,True
2022,11,6,NYG,DET,-0.0030357843932121,1.0,0,-13.0,False
2022,11,6,DEN,LV,-0.1954153510368643,1.0,0,-6.0,False
2022,11,6,MIN,DAL,-0.0703324159230582,1.0,0,-37.0,False
2022,11,6,PIT,CIN,-0.1831920680072019,1.0,-7,-7.0,False
2022,11,6,LAC,KC,-0.298357460578381,1.0,0,-3.0,False
2022,11,6,ARI,SF,-0.1091874707355828,0.0,0,-28.0,False
2022,11,10,GB,TEN,0.0246803152819669,1.0,0,-10.0,False
2022,11,10,ATL,CHI,0.0284715285365518,1.0,3,3.0,True
2022,11,10,BAL,CAR,0.175109047842976,1.0,3,10.0,True
2022,11,10,BUF,CLE,0.1193861523430885,0.0,0,8.0,True
2022,11,10,HOU,WAS,-0.1544539100947125,1.0,1,-13.0,False
2022,11,10,IND,PHI,-0.2690669667283822,1.0,1,-1.0,False
2022,11,10,NE,NYJ,-0.0364066804231626,1.0,0,7.0,True
2022,11,10,NO,LA,0.1069583072255029,1.0,0,7.0,True
2022,11,10,NYG,DET,-0.0153044724006106,1.0,0,-13.0,False
2022,11,10,DEN,LV,-0.1931264377842192,1.0,0,-6.0,False
2022,11,10,MIN,DAL,-0.0751870078798633,1.0,0,-37.0,False
2022,11,10,PIT,CIN,-0.1714122325227105,1.0,-7,-7.0,False
2022,11,10,LAC,KC,-0.2717784485876274,1.0,0,-3.0,False
2022,11,10,ARI,SF,-0.1246061071410328,0.0,0,-28.0,False
2022,11,20,GB,TEN,0.037924929763211,1.0,0,-10.0,False
2022,11,20,ATL,CHI,0.0312496120265878,1.0,3,3.0,True
2022,11,20,BAL,CAR,0.185146163954281,1.0,3,10.0,True
2022,11,20,BUF,CLE,0.118108175767311,0.0,0,8.0,True
2022,11,20,HOU,WAS,-0.1261054071055261,1.0,1,-13.0,False
2022,11,20,IND,PHI,-0.2802162328073667,1.0,1,-1.0,False
2022,11,20,NE,NYJ,-0.0247612764788303,1.0,0,7.0,True
2022,11,20,NO,LA,0.1039101562275193,1.0,0,7.0,True
2022,11,20,NYG,DET,-0.024197909236005,1.0,0,-13.0,False
2022,11,20,DEN,LV,-0.190996135181363,1.0,0,-6.0,False
2022,11,20,MIN,DAL,-0.0770122651328094,1.0,0,-37.0,False
2022,11,20,PIT,CIN,-0.1595974045941709,1.0,-7,-7.0,False
2022,11,20,LAC,KC,-0.2532215993744281,1.0,0,-3.0,False
2022,11,20,ARI,SF,-0.13714720248257,0.0,0,-28.0,False
2022,11,50,GB,TEN,0.0456597396600016,1.0,0,-10.0,False
2022,11,50,ATL,CHI,0.0327689828048191,1.0,3,3.0,True
2022,11,50,BAL,CAR,0.1914422799669229,1.0,3,10.0,True
2022,11,50,BUF,CLE,0.1181390692911244,0.0,0,8.0,True
2022,11,50,HOU,WAS,-0.1085870603567507,1.0,1,-13.0,False
2022,11,50,IND,PHI,-0.2874700962762947,1.0,1,-1.0,False
2022,11,50,NE,NYJ,-0.0175515662124926,1.0,0,7.0,True
2022,11,50,NO,LA,0.1014775012691322,1.0,0,7.0,True
2022,11,50,NYG,DET,-0.0294381043507587,1.0,0,-13.0,False
2022,11,50,DEN,LV,-0.189447537331293,1.0,0,-6.0,False
2022,11,50,MIN,DAL,-0.0772942133462027,1.0,0,-37.0,False
2022,11,50,PIT,CIN,-0.1513725713852619,1.0,-7,-7.0,False
2022,11,50,LAC,KC,-0.2427752588247931,1.0,0,-3.0,False
2022,11,50,ARI,SF,-0.1450320257179803,0.0,0,-28.0,False
2022,11,100,GB,TEN,0.0481848940748608,1.0,0,-10.0,False
2022,11,100,ATL,CHI,0.0332517427011232,1.0,3,3.0,True
2022,11,100,BAL,CAR,0.1935823223868201,1.0,3,10.0,True
2022,11,100,BUF,CLE,0.118270902865619,0.0,0,8.0,True
2022,11,100,HOU,WAS,-0.1026839809216556,1.0,1,-13.0,False
2022,11,100,IND,PHI,-0.2899754586401081,1.0,1,-1.0,False
2022,11,100,NE,NYJ,-0.0151178296110836,1.0,0,7.0,True
2022,11,100,NO,LA,0.1005737523203911,1.0,0,7.0,True
2022,11,100,NYG,DET,-0.0311720083767686,1.0,0,-13.0,False
2022,11,100,DEN,LV,-0.1888767321364418,1.0,0,-6.0,False
2022,11,100,MIN,DAL,-0.0772471074953952,1.0,0,-37.0,False
2022,11,100,PIT,CIN,-0.1484533696843097,1.0,-7,-7.0,False
2022,11,100,LAC,KC,-0.2394182217267306,1.0,0,-3.0,False
2022,11,100,ARI,SF,-0.1477151585363804,0.0,0,-28.0,False
2022,12,2,DET,BUF,0.2254962004371954,1.0,0,-3.0,False
2022,12,2,DAL,NYG,0.2691022318767588,1.0,0,8.0,True
2022,12,2,MIN,NE,-0.1965444182618266,1.0,0,7.0,True
2022,12,2,CAR,DEN,0.1466195028738975,1.0,0,13.0,True
2022,12,2,CLE,TB,-0.0971665827165811,1.0,-7,6.0,True
2022,12,2,JAX,BAL,-0.2350968722201938,1.0,7,1.0,True
2022,12,2,MIA,HOU,0.5828810273833752,1.0,7,15.0,True
2022,12,2,NYJ,CHI,0.0352937261831293,1.0,0,21.0,True
2022,12,2,TEN,CIN,-0.0082163109490655,1.0,3,-4.0,False
2022,12,2,WAS,ATL,0.1364339706047859,1.0,0,6.0,True
2022,12,2,ARI,LAC,0.0760389353789062,1.0,-1,-1.0,False
2022,12,2,SEA,LV,-0.0664873569804192,1.0,7,-6.0,False
2022,12,2,KC,LA,0.4374815293154018,1.0,0,16.0,True
2022,12,2,SF,NO,0.2016948413884988,1.0,-1,13.0,True
2022,12,2,PHI,GB,0.1298024286301659,1.0,-3,7.0,True
2022,12,2,IND,PIT,-0.1043458774335637,1.0,0,-7.0,False
2022,12,4,DET,BUF,0.0951477202191042,1.0,0,-3.0,False
2022,12,4,DAL,NYG,0.1843135149702919,1.0,0,8.0,True
2022,12,4,MIN,NE,-0.0656375065122313,1.0,0,7.0,True
2022,12,4,CAR,DEN,0.0895459713898436,1.0,0,13.0,True
2022,12,4,CLE,TB,-0.0243564011988768,1.0,-7,6.0,True
2022,12,4,JAX,BAL,-0.1270029456304855,1.0,7,1.0,True
2022,12,4,MIA,HOU,0.4433445210259757,1.0,7,15.0,True
2022,12,4,NYJ,CHI,0.0304047565987907,1.0,0,21.0,True
2022,12,4,TEN,CIN,-0.0576082383719239,1.0,3,-4.0,False
2022,12,4,WAS,ATL,0.0598084706278656,1.0,0,6.0,True
2022,12,4,ARI,LAC,0.0406748851431349,1.0,-1,-1.0,False
2022,12,4,SEA,LV,-0.0112211660922694,1.0,7,-6.0,False
2022,12,4,KC,LA,0.3638577874019951,1.0,0,16.0,True
2022,12,4,SF,NO,0.1361395764046286,1.0,-1,13.0,True
2022,12,4,PHI,GB,0.137908960302017,1.0,-3,7.0,True
2022,12,4,IND,PIT,-0.0515628883697536,1.0,0,-7.0,False
2022,12,6,DET,BUF,0.0435555788489024,1.0,0,-3.0,False
2022,12,6,DAL,NYG,0.1580557323096773,1.0,0,8.0,True
2022,12,6,MIN,NE,-0.0272569020029266,1.0,0,7.0,True
2022,12,6,CAR,DEN,0.0638309879486499,1.0,0,13.0,True
2022,12,6,CLE,TB,-0.0037111732799485,1.0,-7,6.0,True
2022,12,6,JAX,BAL,-0.0914753413906384,1.0,7,1.0,True
2022,12,6,MIA,HOU,0.3936767351205965,1.0,7,15.0,True
2022,12,6,NYJ,CHI,0.0178721915880112,1.0,0,21.0,True
2022,12,6,TEN,CIN,-0.0724244752665225,1.0,3,-4.0,False
2022,12,6,WAS,ATL,0.0301854681124163,1.0,0,6.0,True
2022,12,6,ARI,LAC,0.0199126992159325,1.0,-1,-1.0,False
2022,12,6,SEA,LV,-0.0007923086807292,1.0,7,-6.0,False
2022,12,6,KC,LA,0.3358728069391287,1.0,0,16.0,True
2022,12,6,SF,NO,0.1185188873965402,1.0,-1,13.0,True
2022,12,6,PHI,GB,0.1407476432779193,1.0,-3,7.0,True
2022,12,6,IND,PIT,-0.0457501967440095,1.0,0,-7.0,False
2022,12,10,DET,BUF,0.0005851399399887,1.0,0,-3.0,False
2022,12,10,DAL,NYG,0.1379345715683979,1.0,0,8.0,True
2022,12,10,MIN,NE,0.0004848629372608,1.0,0,7.0,True
2022,12,10,CAR,DEN,0.0414705013211921,1.0,0,13.0,True
2022,12,10,CLE,TB,0.0102538121316265,1.0,-7,6.0,True
2022,12,10,JAX,BAL,-0.0642592806788049,1.0,7,1.0,True
2022,12,10,MIA,HOU,0.3541830429715547,1.0,7,15.0,True
2022,12,10,NYJ,CHI,0.0039613865498527,1.0,0,21.0,True
2022,12,10,TEN,CIN,-0.0827225763298605,1.0,3,-4.0,False
2022,12,10,WAS,ATL,0.0056097113534493,1.0,0,6.0,True
2022,12,10,ARI,LAC,2.424662099512198e-05,1.0,-1,-1.0,False
2022,12,10,SEA,LV,0.0045495928575934,1.0,7,-6.0,False
2022,12,10,KC,LA,0.3140854188493445,1.0,0,16.0,True
2022,12,10,SF,NO,0.1075205510454201,1.0,-1,13.0,True
2022,12,10,PHI,GB,0.1435440687616237,1.0,-3,7.0,True
2022,12,10,IND,PIT,-0.0473299820128843,1.0,0,-7.0,False
2022,12,20,DET,BUF,-0.0319842707503065,1.0,0,-3.0,False
2022,12,20,DAL,NYG,0.1233884886572382,1.0,0,8.0,True
2022,12,20,MIN,NE,0.0194547901253726,1.0,0,7.0,True
2022,12,20,CAR,DEN,0.0239783638722785,1.0,0,13.0,True
2022,12,20,CLE,TB,0.0189621590240851,1.0,-7,6.0,True
2022,12,20,JAX,BAL,-0.0448678724352346,1.0,7,1.0,True
2022,12,20,MIA,HOU,0.3253166107775241,1.0,7,15.0,True
2022,12,20,NYJ,CHI,-0.0084724301687675,1.0,0,21.0,True
2022,12,20,TEN,CIN,-0.0892826128417849,1.0,3,-4.0,False
2022,12,20,WAS,ATL,-0.0130152869924206,1.0,0,6.0,True
2022,12,20,ARI,LAC,-0.0166540888906362,1.0,-1,-1.0,False
2022,12,20,SEA,LV,0.0069842077316329,1.0,7,-6.0,False
2022,12,20,KC,LA,0.2988040965001917,1.0,0,16.0,True
2022,12,20,SF,NO,0.1013777157987278,1.0,-1,13.0,True
2022,12,20,PHI,GB,0.1461326899448828,1.0,-3,7.0,True
2022,12,20,IND,PIT,-0.05237811615823,1.0,0,-7.0,False
2022,12,50,DET,BUF,-0.0514434302068458,1.0,0,-3.0,False
2022,12,50,DAL,NYG,0.1148890872982988,1.0,0,8.0,True
2022,12,50,MIN,NE,0.0300903505557901,1.0,0,7.0,True
2022,12,50,CAR,DEN,0.0132995511983698,1.0,0,13.0,True
2022,12,50,CLE,TB,0.0234047850711567,1.0,-7,6.0,True
2022,12,50,JAX,BAL,-0.0337451382328389,1.0,7,1.0,True
2022,12,50,MIA,HOU,0.3085095111835705,1.0,7,15.0,True
2022,12,50,NYJ,CHI,-0.0166424303631095,1.0,0,21.0,True
2022,12,50,TEN,CIN,-0.0926707074602264,1.0,3,-4.0,False
2022,12,50,WAS,ATL,-0.0241555340179272,1.0,0,6.0,True
2022,12,50,ARI,LAC,-0.0273164519374553,1.0,-1,-1.0,False
2022,12,50,SEA,LV,0.0078846112314214,1.0,7,-6.0,False
2022,12,50,KC,LA,0.2902860050457045,1.0,0,16.0,True
2022,12,50,SF,NO,0.0986040535264861,1.0,-1,13.0,True
2022,12,50,PHI,GB,0.1479413555687076,1.0,-3,7.0,True
2022,12,50,IND,PIT,-0.0569855907248874,1.0,0,-7.0,False
2022,12,100,DET,BUF,-0.0578925543304803,1.0,0,-3.0,False
2022,12,100,DAL,NYG,0.1120940518504581,1.0,0,8.0,True
2022,12,100,MIN,NE,0.0335149272440276,1.0,0,7.0,True
2022,12,100,CAR,DEN,0.0097216938514125,1.0,0,13.0,True
2022,12,100,CLE,TB,0.0247517829057368,1.0,-7,6.0,True
2022,12,100,JAX,BAL,-0.0301318804565029,1.0,7,1.0,True
2022,12,100,MIA,HOU,0.3030135051603624,1.0,7,15.0,True
2022,12,100,NYJ,CHI,-0.0194707335453566,1.0,0,21.0,True
2022,12,100,TEN,CIN,-0.0937023782198204,1.0,3,-4.0,False
2022,12,100,WAS,ATL,-0.0278506363285112,1.0,0,6.0,True
2022,12,100,ARI,LAC,-0.0309713110988033,1.0,-1,-1.0,False
2022,12,100,SEA,LV,0.0081020114807046,1.0,7,-6.0,False
2022,12,100,KC,LA,0.2875759240190882,1.0,0,16.0,True
2022,12,100,SF,NO,0.0978327476706566,1.0,-1,13.0,True
2022,12,100,PHI,GB,0.1485917126469114,1.0,-3,7.0,True
2022,12,100,IND,PIT,-0.0587776626493855,1.0,0,-7.0,False
2022,13,2,NE,BUF,0.1395208584495069,1.0,0,-14.0,False
2022,13,2,ATL,PIT,-0.0721300032803934,1.0,1,-3.0,False
2022,13,2,BAL,DEN,0.3993983470646082,1.0,0,1.0,True
2022,13,2,CHI,GB,-0.136704131297222,1.0,0,-9.0,False
2022,13,2,DET,JAX,0.1450168799670218,1.0,3,26.0,True
2022,13,2,HOU,CLE,-0.5204047779006933,1.0,0,-13.0,False
2022,13,2,MIN,NYJ,-0.2376584915860109,1.0,3,5.0,True
2022,13,2,NYG,WAS,-0.1254365019060805,1.0,3,0.0,False
2022,13,2,PHI,TEN,0.1641410204447342,1.0,0,25.0,True
2022,13,2,LA,SEA,-0.1800286179449743,1.0,0,-4.0,False
2022,13,2,SF,MIA,-0.267265708230219,1.0,0,16.0,True
2022,13,2,CIN,KC,-0.2996714850442382,1.0,0,3.0,True
2022,13,2,LV,LAC,0.3017913912593457,1.0,0,7.0,True
2022,13,2,DAL,IND,0.2094595310471007,1.0,4,35.0,True
2022,13,2,TB,NO,-0.0166842241464187,1.0,0,1.0,True
2022,13,4,NE,BUF,0.0202575245376051,1.0,0,-14.0,False
2022,13,4,ATL,PIT,-0.0182568342118165,1.0,1,-3.0,False
2022,13,4,BAL,DEN,0.3120157328471282,1.0,0,1.0,True
2022,13,4,CHI,GB,-0.1067858295412031,1.0,0,-9.0,False
2022,13,4,DET,JAX,0.0959473169442221,1.0,3,26.0,True
2022,13,4,HOU,CLE,-0.3872984061874883,1.0,0,-13.0,False
2022,13,4,MIN,NYJ,-0.1181357382819811,1.0,3,5.0,True
2022,13,4,NYG,WAS,-0.0557038699170547,1.0,3,0.0,False
2022,13,4,PHI,TEN,0.164507667670978,1.0,0,25.0,True
2022,13,4,LA,SEA,-0.1916198052375833,1.0,0,-4.0,False
2022,13,4,SF,MIA,-0.1217672343684124,1.0,0,16.0,True
2022,13,4,CIN,KC,-0.1942412493879566,1.0,0,3.0,True
2022,13,4,LV,LAC,0.2311854015253817,1.0,0,7.0,True
2022,13,4,DAL,IND,0.1984501757514721,1.0,4,35.0,True
2022,13,4,TB,NO,-0.0241639048748467,1.0,0,1.0,True
2022,13,6,NE,BUF,-0.0312663554209477,1.0,0,-14.0,False
2022,13,6,ATL,PIT,-0.0027421097905624,1.0,1,-3.0,False
2022,13,6,BAL,DEN,0.27868716845903,1.0,0,1.0,True
2022,13,6,CHI,GB,-0.0980702176278204,1.0,0,-9.0,False
2022,13,6,DET,JAX,0.0692026791090442,1.0,3,26.0,True
2022,13,6,HOU,CLE,-0.3455927946435667,1.0,0,-13.0,False
2022,13,6,MIN,NYJ,-0.0728084575812244,1.0,3,5.0,True
2022,13,6,NYG,WAS,-0.0259621479798589,1.0,3,0.0,False
2022,13,6,PHI,TEN,0.1713966274525177,1.0,0,25.0,True
2022,13,6,LA,SEA,-0.1882168883667662,1.0,0,-4.0,False
2022,13,6,SF,MIA,-0.0824915564062217,1.0,0,16.0,True
2022,13,6,CIN,KC,-0.1618225587886791,1.0,0,3.0,True
2022,13,6,LV,LAC,0.1992287111724237,1.0,0,7.0,True
2022,13,6,DAL,IND,0.1948528935843934,1.0,4,35.0,True
2022,13,6,TB,NO,-0.0237649605077492,1.0,0,1.0,True
2022,13,10,NE,BUF,-0.0755319604217803,1.0,0,-14.0,False
2022,13,10,ATL,PIT,0.0064061006988989,1.0,1,-3.0,False
2022,13,10,BAL,DEN,0.2525564926328678,1.0,0,1.0,True
2022,13,10,CHI,GB,-0.0919126551279913,1.0,0,-9.0,False
2022,13,10,DET,JAX,0.0447891271949213,1.0,3,26.0,True
2022,13,10,HOU,CLE,-0.3146960675616702,1.0,0,-13.0,False
2022,13,10,MIN,NYJ,-0.0356245889992027,1.0,3,5.0,True
2022,13,10,NYG,WAS,-0.0010054302455875,1.0,3,0.0,False
2022,13,10,PHI,TEN,0.1798471093467678,1.0,0,25.0,True
2022,13,10,LA,SEA,-0.1817050249112643,1.0,0,-4.0,False
2022,13,10,SF,MIA,-0.0551615373579604,1.0,0,16.0,True
2022,13,10,CIN,KC,-0.1401183424005311,1.0,0,3.0,True
2022,13,10,LV,LAC,0.1707628460392209,1.0,0,7.0,True
2022,13,10,DAL,IND,0.1921371718831045,1.0,4,35.0,True
2022,13,10,TB,NO,-0.0203667387804981,1.0,0,1.0,True
2022,13,20,NE,BUF,-0.1098572237530156,1.0,0,-14.0,False
2022,13,20,ATL,PIT,0.010766279039892,1.0,1,-3.0,False
2022,13,20,BAL,DEN,0.2339909429757189,1.0,0,1.0,True
2022,13,20,CHI,GB,-0.0877901177993865,1.0,0,-9.0,False
2022,13,20,DET,JAX,0.0253014265280695,1.0,3,26.0,True
2022,13,20,HOU,CLE,-0.2934355900133211,1.0,0,-13.0,False
2022,13,20,MIN,NYJ,-0.0076233337757022,1.0,3,5.0,True
2022,13,20,NYG,WAS,0.0178700774017454,1.0,3,0.0,False
2022,13,20,PHI,TEN,0.1878382003651053,1.0,0,25.0,True
2022,13,20,LA,SEA,-0.1746440821632061,1.0,0,-4.0,False
2022,13,20,SF,MIA,-0.0372468274912306,1.0,0,16.0,True
2022,13,20,CIN,KC,-0.1271944635950264,1.0,0,3.0,True
2022,13,20,LV,LAC,0.1479927162051973,1.0,0,7.0,True
2022,13,20,DAL,IND,0.1902632757411099,1.0,4,35.0,True
2022,13,20,TB,NO,-0.0154559246860076,1.0,0,1.0,True
2022,13,50,NE,BUF,-0.1306898942810423,1.0,0,-14.0,False
2022,13,50,ATL,PIT,0.0122366417688338,1.0,1,-3.0,False
2022,13,50,BAL,DEN,0.2234792715770081,1.0,0,1.0,True
2022,13,50,CHI,GB,-0.0855022185555684,1.0,0,-9.0,False
2022,13,50,DET,JAX,0.0133492010431996,1.0,3,26.0,True
2022,13,50,HOU,CLE,-0.2815906670621546,1.0,0,-13.0,False
2022,13,50,MIN,NYJ,0.0090965268892137,1.0,3,5.0,True
2022,13,50,NYG,WAS,0.0290883696138222,1.0,3,0.0,False
2022,13,50,PHI,TEN,0.1932443622256847,1.0,0,25.0,True
2022,13,50,LA,SEA,-0.1695988485641553,1.0,0,-4.0,False
2022,13,50,SF,MIA,-0.0276142239677602,1.0,0,16.0,True
2022,13,50,CIN,KC,-0.1210206391522297,1.0,0,3.0,True
2022,13,50,LV,LAC,0.1338628982420103,1.0,0,7.0,True
2022,13,50,DAL,IND,0.1892261059735273,1.0,4,35.0,True
2022,13,50,TB,NO,-0.0114068289356799,1.0,0,1.0,True
2022,13,100,NE,BUF,-0.1376497017152612,1.0,0,-14.0,False
2022,13,100,ATL,PIT,0.0125294990204908,1.0,1,-3.0,False
2022,13,100,BAL,DEN,0.2200984003506843,1.0,0,1.0,True
2022,13,100,CHI,GB,-0.0847667275530398,1.0,0,-9.0,False
2022,13,100,DET,JAX,0.0093471041593143,1.0,3,26.0,True
2022,13,100,HOU,CLE,-0.2778049106756527,1.0,0,-13.0,False
2022,13,100,MIN,NYJ,0.0146441507642357,1.0,3,5.0,True
2022,13,100,NYG,WAS,0.032792052702847,1.0,3,0.0,False
2022,13,100,PHI,TEN,0.1951376293095784,1.0,0,25.0,True
2022,13,100,LA,SEA,-0.1677962161431901,1.0,0,-4.0,False
2022,13,100,SF,MIA,-0.0245942880462837,1.0,0,16.0,True
2022,13,100,CIN,KC,-0.1192404136091473,1.0,0,3.0,True
2022,13,100,LV,LAC,0.1290887717499859,1.0,0,7.0,True
2022,13,100,DAL,IND,0.1888965277827745,1.0,4,35.0,True
2022,13,100,TB,NO,-0.0098639060054707,1.0,0,1.0,True
2022,14,2,LA,LV,-0.5515604867149928,1.0,0,1.0,True
2022,14,2,BUF,NYJ,0.0684332583567343,1.0,3,8.0,True
2022,14,2,CIN,CLE,0.0675347986571543,1.0,0,13.0,True
2022,14,2,DAL,HOU,0.4837709483051153,1.0,0,4.0,True
2022,14,2,DET,MIN,0.279376313419479,1.0,0,11.0,True
2022,14,2,NYG,PHI,-0.3103026768617115,1.0,0,-26.0,False
2022,14,2,PIT,BAL,0.0933013110316218,1.0,0,-2.0,False
2022,14,2,TEN,JAX,0.010722817940523,1.0,0,-14.0,False
2022,14,2,DEN,KC,-0.3858073747910202,1.0,0,-6.0,False
2022,14,2,SEA,CAR,-0.0900441095489795,1.0,-7,-6.0,False
2022,14,2,SF,TB,0.1802930843822953,1.0,1,28.0,True
2022,14,2,LAC,MIA,-0.5024737560213701,1.0,0,6.0,True
2022,14,2,ARI,NE,-0.1270305365917079,1.0,4,-14.0,False
2022,14,4,LA,LV,-0.4043260636228218,1.0,0,1.0,True
2022,14,4,BUF,NYJ,0.0876091107485965,1.0,3,8.0,True
2022,14,4,CIN,CLE,0.1023836395699516,1.0,0,13.0,True
2022,14,4,DAL,HOU,0.4343877244545299,1.0,0,4.0,True
2022,14,4,DET,MIN,0.1980134022187382,1.0,0,11.0,True
2022,14,4,NYG,PHI,-0.2603906138222664,1.0,0,-26.0,False
2022,14,4,PIT,BAL,0.0042831796482032,1.0,0,-2.0,False
2022,14,4,TEN,JAX,0.0079190124305152,1.0,0,-14.0,False
2022,14,4,DEN,KC,-0.389095902668773,1.0,0,-6.0,False
2022,14,4,SEA,CAR,0.0260123469084109,1.0,-7,-6.0,False
2022,14,4,SF,TB,0.1472125684436018,1.0,1,28.0,True
2022,14,4,LAC,MIA,-0.3764982215272431,1.0,0,6.0,True
2022,14,4,ARI,NE,-0.1118136245856135,1.0,4,-14.0,False
2022,14,6,LA,LV,-0.3440249639567605,1.0,0,1.0,True
2022,14,6,BUF,NYJ,0.1106393615246965,1.0,3,8.0,True
2022,14,6,CIN,CLE,0.1047197320507131,1.0,0,13.0,True
2022,14,6,DAL,HOU,0.4032535027935163,1.0,0,4.0,True
2022,14,6,DET,MIN,0.1631067160132407,1.0,0,11.0,True
2022,14,6,NYG,PHI,-0.2446406976874959,1.0,0,-26.0,False
2022,14,6,PIT,BAL,-0.0240530160459606,1.0,0,-2.0,False
2022,14,6,TEN,JAX,-0.0047555322302789,1.0,0,-14.0,False
2022,14,6,DEN,KC,-0.3750771648515875,1.0,0,-6.0,False
2022,14,6,SEA,CAR,0.0698366944088497,1.0,-7,-6.0,False
2022,14,6,SF,TB,0.1317306736675067,1.0,1,28.0,True
2022,14,6,LAC,MIA,-0.3174237463644229,1.0,0,6.0,True
2022,14,6,ARI,NE,-0.101552599033365,1.0,4,-14.0,False
2022,14,10,LA,LV,-0.2935472013279676,1.0,0,1.0,True
2022,14,10,BUF,NYJ,0.1369249972292051,1.0,3,8.0,True
2022,14,10,CIN,CLE,0.1002925158677451,1.0,0,13.0,True
2022,14,10,DAL,HOU,0.3723125826237791,1.0,0,4.0,True
2022,14,10,DET,MIN,0.1341706428909467,1.0,0,11.0,True
2022,14,10,NYG,PHI,-0.2337401334588731,1.0,0,-26.0,False
2022,14,10,PIT,BAL,-0.0435230193660004,1.0,0,-2.0,False
2022,14,10,TEN,JAX,-0.0198678918415461,1.0,0,-14.0,False
2022,14,10,DEN,KC,-0.3593794943567127,1.0,0,-6.0,False
2022,14,10,SEA,CAR,0.1041371586255408,1.0,-7,-6.0,False
2022,14,10,SF,TB,0.1172858798175059,1.0,1,28.0,True
2022,14,10,LAC,MIA,-0.2669008448751686,1.0,0,6.0,True
2022,14,10,ARI,NE,-0.0921692071622197,1.0,4,-14.0,False
2022,14,20,LA,LV,-0.2554357752293102,1.0,0,1.0,True
2022,14,20,BUF,NYJ,0.1612589005201313,1.0,3,8.0,True
2022,14,20,CIN,CLE,0.0927489316315869,1.0,0,13.0,True
2022,14,20,DAL,HOU,0.3458396792441535,1.0,0,4.0,True
2022,14,20,DET,MIN,0.1127555818142922,1.0,0,11.0,True
2022,14,20,NYG,PHI,-0.2270266097550162,1.0,0,-26.0,False
2022,14,20,PIT,BAL,-0.0555209183032427,1.0,0,-2.0,False
2022,14,20,TEN,JAX,-0.0339941599933198,1.0,0,-14.0,False
2022,14,20,DEN,KC,-0.3458298043773799,1.0,0,-6.0,False
2022,14,20,SEA,CAR,0.1284296325750061,1.0,-7,-6.0,False
2022,14,20,SF,TB,0.1051480972394429,1.0,1,28.0,True
2022,14,20,LAC,MIA,-0.2285290735211604,1.0,0,6.0,True
2022,14,20,ARI,NE,-0.084895265233972,1.0,4,-14.0,False
2022,14,50,LA,LV,-0.2328428042783504,1.0,0,1.0,True
2022,14,50,BUF,NYJ,0.1776475301290748,1.0,3,8.0,True
2022,14,50,CIN,CLE,0.0864377002211347,1.0,0,13.0,True
2022,14,50,DAL,HOU,0.328785837579611,1.0,0,4.0,True
2022,14,50,DET,MIN,0.1003082428996683,1.0,0,11.0,True
2022,14,50,NYG,PHI,-0.2237185911927282,1.0,0,-26.0,False
2022,14,50,PIT,BAL,-0.0614949089781492,1.0,0,-2.0,False
2022,14,50,TEN,JAX,-0.0435112355858555,1.0,0,-14.0,False
2022,14,50,DEN,KC,-0.3372838879466346,1.0,0,-6.0,False
2022,14,50,SEA,CAR,0.1421298529983912,1.0,-7,-6.0,False
2022,14,50,SF,TB,0.0973149187400777,1.0,1,28.0,True
2022,14,50,LAC,MIA,-0.2057775834236211,1.0,0,6.0,True
2022,14,50,ARI,NE,-0.0805958933283994,1.0,4,-14.0,False
2022,14,100,LA,LV,-0.2253979689587502,1.0,0,1.0,True
2022,14,100,BUF,NYJ,0.1833882454432265,1.0,3,8.0,True
2022,14,100,CIN,CLE,0.0840409044199053,1.0,0,13.0,True
2022,14,100,DAL,HOU,0.3229302484338292,1.0,0,4.0,True
2022,14,100,DET,MIN,0.0962541051900077,1.0,0,11.0,True
2022,14,100,NYG,PHI,-0.2227450040499616,1.0,0,-26.0,False
2022,14,100,PIT,BAL,-0.0632731248697527,1.0,0,-2.0,False
2022,14,100,TEN,JAX,-0.0468407454879217,1.0,0,-14.0,False
2022,14,100,DEN,KC,-0.3344001056724642,1.0,0,-6.0,False
2022,14,100,SEA,CAR,0.1465245371000851,1.0,-7,-6.0,False
2022,14,100,SF,TB,0.0946122913205456,1.0,1,28.0,True
2022,14,100,LAC,MIA,-0.1982867712055345,1.0,0,6.0,True
2022,14,100,ARI,NE,-0.0791909832647255,1.0,4,-14.0,False
2022,15,2,SEA,SF,-0.2580385940211622,1.0,0,-8.0,False
2022,15,2,MIN,IND,-0.0193489691674327,1.0,-7,3.0,True
2022,15,2,CLE,BAL,-0.0504022075008087,1.0,0,10.0,True
2022,15,2,BUF,MIA,0.0721842853688445,1.0,0,3.0,True
2022,15,2,CAR,PIT,0.1417316090727877,1.0,0,-8.0,False
2022,15,2,CHI,PHI,-0.4081350736987991,1.0,7,-5.0,False
2022,15,2,HOU,KC,-0.5282924249522227,1.0,0,-6.0,False
2022,15,2,JAX,DAL,0.0236863245543858,1.0,0,6.0,True
2022,15,2,NO,ATL,0.0460355626589044,1.0,-1,3.0,True
2022,15,2,NYJ,DET,-0.4091109688732147,1.0,0,-3.0,False
2022,15,2,DEN,ARI,-0.1753952045751504,1.0,1,9.0,True
2022,15,2,LV,NE,0.1698902469615113,1.0,4,6.0,True
2022,15,2,LAC,TEN,0.1305679293781729,1.0,0,3.0,True
2022,15,2,TB,CIN,-0.3899275787506646,1.0,0,-11.0,False
2022,15,2,WAS,NYG,0.0295232897786903,1.0,7,-8.0,False
2022,15,2,GB,LA,0.2741559255968897,1.0,4,12.0,True
2022,15,4,SEA,SF,-0.1584730245559407,1.0,0,-8.0,False
2022,15,4,MIN,IND,0.0207845478597485,1.0,-7,3.0,True
2022,15,4,CLE,BAL,-0.05347049369987,1.0,0,10.0,True
2022,15,4,BUF,MIA,0.0123358280642242,1.0,0,3.0,True
2022,15,4,CAR,PIT,0.0458121795251178,1.0,0,-8.0,False
2022,15,4,CHI,PHI,-0.3392622894915777,1.0,7,-5.0,False
2022,15,4,HOU,KC,-0.5251778434940491,1.0,0,-6.0,False
2022,15,4,JAX,DAL,-0.0177942630132564,1.0,0,6.0,True
2022,15,4,NO,ATL,0.0188844257815857,1.0,-1,3.0,True
2022,15,4,NYJ,DET,-0.2778783768569667,1.0,0,-3.0,False
2022,15,4,DEN,ARI,-0.1278022300875019,1.0,1,9.0,True
2022,15,4,LV,NE,0.1300857917058203,1.0,4,6.0,True
2022,15,4,LAC,TEN,0.0065997930147978,1.0,0,3.0,True
2022,15,4,TB,CIN,-0.2827985899876948,1.0,0,-11.0,False
2022,15,4,WAS,NYG,0.0087234175875769,1.0,7,-8.0,False
2022,15,4,GB,LA,0.2367001405138747,1.0,4,12.0,True
2022,15,6,SEA,SF,-0.1212979206820889,1.0,0,-8.0,False
2022,15,6,MIN,IND,0.0400532901413474,1.0,-7,3.0,True
2022,15,6,CLE,BAL,-0.0515343839435901,1.0,0,10.0,True
2022,15,6,BUF,MIA,0.0152731146901924,1.0,0,3.0,True
2022,15,6,CAR,PIT,0.0114335075827605,1.0,0,-8.0,False
2022,15,6,CHI,PHI,-0.3126828301070981,1.0,7,-5.0,False
2022,15,6,HOU,KC,-0.5043324473463929,1.0,0,-6.0,False
2022,15,6,JAX,DAL,-0.0202251336106643,1.0,0,6.0,True
2022,15,6,NO,ATL,0.0119350852736263,1.0,-1,3.0,True
2022,15,6,NYJ,DET,-0.2339623722871265,1.0,0,-3.0,False
2022,15,6,DEN,ARI,-0.1055490952623077,1.0,1,9.0,True
2022,15,6,LV,NE,0.1154092825437147,1.0,4,6.0,True
2022,15,6,LAC,TEN,-0.0190528788616791,1.0,0,3.0,True
2022,15,6,TB,CIN,-0.239832526800153,1.0,0,-11.0,False
2022,15,6,WAS,NYG,-0.0080240963634329,1.0,7,-8.0,False
2022,15,6,GB,LA,0.2143030097157411,1.0,4,12.0,True
2022,15,10,SEA,SF,-0.0931029927975405,1.0,0,-8.0,False
2022,15,10,MIN,IND,0.0577823813348673,1.0,-7,3.0,True
2022,15,10,CLE,BAL,-0.0475696039071724,1.0,0,10.0,True
2022,15,10,BUF,MIA,0.0271940163402801,1.0,0,3.0,True
2022,15,10,CAR,PIT,-0.0169046815212488,1.0,0,-8.0,False
2022,15,10,CHI,PHI,-0.2918886375663762,1.0,7,-5.0,False
2022,15,10,HOU,KC,-0.4794854725291745,1.0,0,-6.0,False
2022,15,10,JAX,DAL,-0.0160169894268173,1.0,0,6.0,True
2022,15,10,NO,ATL,0.0069643708281374,1.0,-1,3.0,True
2022,15,10,NYJ,DET,-0.2026314198571938,1.0,0,-3.0,False
2022,15,10,DEN,ARI,-0.0853524064844713,1.0,1,9.0,True
2022,15,10,LV,NE,0.1038568059748951,1.0,4,6.0,True
2022,15,10,LAC,TEN,-0.0303635922593604,1.0,0,3.0,True
2022,15,10,TB,CIN,-0.2019489281159729,1.0,0,-11.0,False
2022,15,10,WAS,NYG,-0.0248102590155141,1.0,7,-8.0,False
2022,15,10,GB,LA,0.1927981720043193,1.0,4,12.0,True
2022,15,20,SEA,SF,-0.0740239263705417,1.0,0,-8.0,False
2022,15,20,MIN,IND,0.072270971644453,1.0,-7,3.0,True
2022,15,20,CLE,BAL,-0.0430057427544559,1.0,0,10.0,True
2022,15,20,BUF,MIA,0.0411777548025055,1.0,0,3.0,True
2022,15,20,CAR,PIT,-0.0387291324681533,1.0,0,-8.0,False
2022,15,20,CHI,PHI,-0.2773098384839816,1.0,7,-5.0,False
2022,15,20,HOU,KC,-0.4567370618093166,1.0,0,-6.0,False
2022,15,20,JAX,DAL,-0.0088958472581947,1.0,0,6.0,True
2022,15,20,NO,ATL,0.0034309252549289,1.0,-1,3.0,True
2022,15,20,NYJ,DET,-0.1827111386179138,1.0,0,-3.0,False
2022,15,20,DEN,ARI,-0.069009370046073,1.0,1,9.0,True
2022,15,20,LV,NE,0.0955260247685246,1.0,4,6.0,True
2022,15,20,LAC,TEN,-0.0328893993102291,1.0,0,3.0,True
2022,15,20,TB,CIN,-0.1714370341118573,1.0,0,-11.0,False
2022,15,20,WAS,NYG,-0.0389268717054595,1.0,7,-8.0,False
2022,15,20,GB,LA,0.1749994599265525,1.0,4,12.0,True
2022,15,50,SEA,SF,-0.0637512230056813,1.0,0,-8.0,False
2022,15,50,MIN,IND,0.0813745786602428,1.0,-7,3.0,True
2022,15,50,CLE,BAL,-0.0396248628513135,1.0,0,10.0,True
2022,15,50,BUF,MIA,0.0513213587238709,1.0,0,3.0,True
2022,15,50,CAR,PIT,-0.0520732719555931,1.0,0,-8.0,False
2022,15,50,CHI,PHI,-0.2692008753018579,1.0,7,-5.0,False
2022,15,50,HOU,KC,-0.4417737736045231,1.0,0,-6.0,False
2022,15,50,JAX,DAL,-0.0029656533387671,1.0,0,6.0,True
2022,15,50,NO,ATL,0.0013335591693246,1.0,-1,3.0,True
2022,15,50,NYJ,DET,-0.172596962182965,1.0,0,-3.0,False
2022,15,50,DEN,ARI,-0.0588057674714579,1.0,1,9.0,True
2022,15,50,LV,NE,0.0907260725151785,1.0,4,6.0,True
2022,15,50,LAC,TEN,-0.0319331967134912,1.0,0,3.0,True
2022,15,50,TB,CIN,-0.1523183654676233,1.0,0,-11.0,False
2022,15,50,WAS,NYG,-0.0478275463456955,1.0,7,-8.0,False
2022,15,50,GB,LA,0.1638398520609524,1.0,4,12.0,True
2022,15,100,SEA,SF,-0.0605507039536581,1.0,0,-8.0,False
2022,15,100,MIN,IND,0.0844677778453638,1.0,-7,3.0,True
2022,15,100,CLE,BAL,-0.0383969091912281,1.0,0,10.0,True
2022,15,100,BUF,MIA,0.0549527426610816,1.0,0,3.0,True
2022,15,100,CAR,PIT,-0.0565622687968489,1.0,0,-8.0,False
2022,15,100,CHI,PHI,-0.2666242145232517,1.0,7,-5.0,False
2022,15,100,HOU,KC,-0.4366161157461322,1.0,0,-6.0,False
2022,15,100,JAX,DAL,-0.0007175487283165,1.0,0,6.0,True
2022,15,100,NO,ATL,0.0006318062572063,1.0,-1,3.0,True
2022,15,100,NYJ,DET,-0.1695626060982923,1.0,0,-3.0,False
2022,15,100,DEN,ARI,-0.0553494495920207,1.0,1,9.0,True
2022,15,100,LV,NE,0.089164549687639,1.0,4,6.0,True
2022,15,100,LAC,TEN,-0.0312130474238131,1.0,0,3.0,True
2022,15,100,TB,CIN,-0.1458206302881327,1.0,0,-11.0,False
2022,15,100,WAS,NYG,-0.050842764050675,1.0,7,-8.0,False
2022,15,100,GB,LA,0.1600656578788109,1.0,4,12.0,True
2022,16,2,NYJ,JAX,-0.3171844763323399,1.0,0,-16.0,False
2022,16,2,BAL,ATL,0.0089451354053271,1.0,1,8.0,True
2022,16,2,CAR,DET,-0.2273888344049568,1.0,0,14.0,True
2022,16,2,CHI,BUF,-0.1695181901722144,1.0,-1,-22.0,False
2022,16,2,CLE,NO,-0.0931364623795121,1.0,1,-7.0,False
2022,16,2,KC,SEA,0.4596117465800396,1.0,-3,14.0,True
2022,16,2,MIN,NYG,-0.0865886977018854,1.0,1,3.0,True
2022,16,2,NE,CIN,-0.2637496229538687,1.0,0,-4.0,False
2022,16,2,TEN,HOU,0.0986454652619764,1.0,0,-5.0,False
2022,16,2,SF,WAS,0.2501024328971845,1.0,3,17.0,True
2022,16,2,DAL,PHI,-0.2826521262044549,1.0,0,6.0,True
2022,16,2,PIT,LV,-0.1571771456140588,1.0,0,3.0,True
2022,16,2,MIA,GB,-0.0539097430122375,1.0,2,-6.0,False
2022,16,2,LA,DEN,-0.1774434319906548,1.0,-1,37.0,True
2022,16,2,ARI,TB,0.0065175974375022,1.0,0,-3.0,False
2022,16,2,IND,LAC,-0.0790766518054277,1.0,1,-17.0,False
2022,16,4,NYJ,JAX,-0.1987568853229886,1.0,0,-16.0,False
2022,16,4,BAL,ATL,0.0163013424718064,1.0,1,8.0,True
2022,16,4,CAR,DET,-0.1873783531389618,1.0,0,14.0,True
2022,16,4,CHI,BUF,-0.1809827572251759,1.0,-1,-22.0,False
2022,16,4,CLE,NO,-0.0605779090128083,1.0,1,-7.0,False
2022,16,4,KC,SEA,0.341169813350733,1.0,-3,14.0,True
2022,16,4,MIN,NYG,-0.07073060271814,1.0,1,3.0,True
2022,16,4,NE,CIN,-0.1968257000113974,1.0,0,-4.0,False
2022,16,4,TEN,HOU,0.1706593912084784,1.0,0,-5.0,False
2022,16,4,SF,WAS,0.1875065116051957,1.0,3,17.0,True
2022,16,4,DAL,PHI,-0.2174016084997517,1.0,0,6.0,True
2022,16,4,PIT,LV,-0.1395891360727816,1.0,0,3.0,True
2022,16,4,MIA,GB,0.03822210569985,1.0,2,-6.0,False
2022,16,4,LA,DEN,-0.0999960819715136,1.0,-1,37.0,True
2022,16,4,ARI,TB,-0.0078647109980185,1.0,0,-3.0,False
2022,16,4,IND,LAC,-0.0321756488048933,1.0,1,-17.0,False
2022,16,6,NYJ,JAX,-0.1685223636586257,1.0,0,-16.0,False
2022,16,6,BAL,ATL,0.0212864606977324,1.0,1,8.0,True
2022,16,6,CAR,DET,-0.1772475669881758,1.0,0,14.0,True
2022,16,6,CHI,BUF,-0.1871370169259504,1.0,-1,-22.0,False
2022,16,6,CLE,NO,-0.0458487025031854,1.0,1,-7.0,False
2022,16,6,KC,SEA,0.2886789338005196,1.0,-3,14.0,True
2022,16,6,MIN,NYG,-0.0606186666204816,1.0,1,3.0,True
2022,16,6,NE,CIN,-0.1721020124903957,1.0,0,-4.0,False
2022,16,6,TEN,HOU,0.1872255606264485,1.0,0,-5.0,False
2022,16,6,SF,WAS,0.1722835266767331,1.0,3,17.0,True
2022,16,6,DAL,PHI,-0.1898588322617055,1.0,0,6.0,True
2022,16,6,PIT,LV,-0.1299839900622252,1.0,0,3.0,True
2022,16,6,MIA,GB,0.0562968271682722,1.0,2,-6.0,False
2022,16,6,LA,DEN,-0.073142102796274,1.0,-1,37.0,True
2022,16,6,ARI,TB,-0.0212377625973584,1.0,0,-3.0,False
2022,16,6,IND,LAC,-0.0285483713559495,1.0,1,-17.0,False
2022,16,10,NYJ,JAX,-0.1533711500443301,1.0,0,-16.0,False
2022,16,10,BAL,ATL,0.0258066029791234,1.0,1,8.0,True
2022,16,10,CAR,DET,-0.1709400597929891,1.0,0,14.0,True
2022,16,10,CHI,BUF,-0.1945187853466601,1.0,-1,-22.0,False
2022,16,10,CLE,NO,-0.0315998610463544,1.0,1,-7.0,False
2022,16,10,KC,SEA,0.2450693632253294,1.0,-3,14.0,True
2022,16,10,MIN,NYG,-0.050848219913097,1.0,1,3.0,True
2022,16,10,NE,CIN,-0.152219730054458,1.0,0,-4.0,False
2022,16,10,TEN,HOU,0.1929031065605327,1.0,0,-5.0,False
2022,16,10,SF,WAS,0.1647590875359015,1.0,3,17.0,True
2022,16,10,DAL,PHI,-0.1686205045221826,1.0,0,6.0,True
2022,16,10,PIT,LV,-0.1193725311491131,1.0,0,3.0,True
2022,16,10,MIA,GB,0.0650103902967215,1.0,2,-6.0,False
2022,16,10,LA,DEN,-0.0522915429400848,1.0,-1,37.0,True
2022,16,10,ARI,TB,-0.0362593614131923,1.0,0,-3.0,False
2022,16,10,IND,LAC,-0.0335461991140024,1.0,1,-17.0,False
2022,16,20,NYJ,JAX,-0.1486802586768912,1.0,0,-16.0,False
2022,16,20,BAL,ATL,0.0294158547388539,1.0,1,8.0,True
2022,16,20,CAR,DET,-0.1675121228901365,1.0,0,14.0,True
2022,16,20,CHI,BUF,-0.201986883916335,1.0,-1,-22.0,False
2022,16,20,CLE,NO,-0.0191014587663895,1.0,1,-7.0,False
2022,16,20,KC,SEA,0.2132773116623577,1.0,-3,14.0,True
2022,16,20,MIN,NYG,-0.042671275625136,1.0,1,3.0,True
2022,16,20,NE,CIN,-0.1376000771958523,1.0,0,-4.0,False
2022,16,20,TEN,HOU,0.1916227850541589,1.0,0,-5.0,False
2022,16,20,SF,WAS,0.1623918776855011,1.0,3,17.0,True
2022,16,20,DAL,PHI,-0.1546130014707256,1.0,0,6.0,True
2022,16,20,PIT,LV,-0.1091583433943189,1.0,0,3.0,True
2022,16,20,MIA,GB,0.0685683216603145,1.0,2,-6.0,False
2022,16,20,LA,DEN,-0.0374793836432822,1.0,-1,37.0,True
2022,16,20,ARI,TB,-0.0503131616856178,1.0,0,-3.0,False
2022,16,20,IND,LAC,-0.0425763692794093,1.0,1,-17.0,False
2022,16,50,NYJ,JAX,-0.1488368875791069,1.0,0,-16.0,False
2022,16,50,BAL,ATL,0.0316640393379196,1.0,1,8.0,True
2022,16,50,CAR,DET,-0.1660839495697508,1.0,0,14.0,True
2022,16,50,CHI,BUF,-0.2073695061480668,1.0,-1,-22.0,False
2022,16,50,CLE,NO,-0.0107754227928778,1.0,1,-7.0,False
2022,16,50,KC,SEA,0.195214600835167,1.0,-3,14.0,True
2022,16,50,MIN,NYG,-0.037471347541353,1.0,1,3.0,True
2022,16,50,NE,CIN,-0.1290634618360236,1.0,0,-4.0,False
2022,16,50,TEN,HOU,0.1884302467217745,1.0,0,-5.0,False
2022,16,50,SF,WAS,0.1623839707973512,1.0,3,17.0,True
2022,16,50,DAL,PHI,-0.1474506294571711,1.0,0,6.0,True
2022,16,50,PIT,LV,-0.1019838557292615,1.0,0,3.0,True
2022,16,50,MIA,GB,0.0697310668212655,1.0,2,-6.0,False
2022,16,50,LA,DEN,-0.0290922583263814,1.0,-1,37.0,True
2022,16,50,ARI,TB,-0.0599277825489001,1.0,0,-3.0,False
2022,16,50,IND,LAC,-0.0502146119002519,1.0,1,-17.0,False
2022,16,100,NYJ,JAX,-0.1493893747661722,1.0,0,-16.0,False
2022,16,100,BAL,ATL,0.0324280491064358,1.0,1,8.0,True
2022,16,100,CAR,DET,-0.1657226024194663,1.0,0,14.0,True
2022,16,100,CHI,BUF,-0.2093198108335897,1.0,-1,-22.0,False
2022,16,100,CLE,NO,-0.0078577101897611,1.0,1,-7.0,False
2022,16,100,KC,SEA,0.1894266180969279,1.0,-3,14.0,True
2022,16,100,MIN,NYG,-0.0356954642265959,1.0,1,3.0,True
2022,16,100,NE,CIN,-0.1262684363261809,1.0,0,-4.0,False
2022,16,100,TEN,HOU,0.1869644356213962,1.0,0,-5.0,False
2022,16,100,SF,WAS,0.1626141177964089,1.0,3,17.0,True
2022,16,100,DAL,PHI,-0.1453115293114601,1.0,0,6.0,True
2022,16,100,PIT,LV,-0.0994118042109041,1.0,0,3.0,True
2022,16,100,MIA,GB,0.0699906359977423,1.0,2,-6.0,False
2022,16,100,LA,DEN,-0.0263973915135164,1.0,-1,37.0,True
2022,16,100,ARI,TB,-0.0633293744656872,1.0,0,-3.0,False
2022,16,100,IND,LAC,-0.0531222708341954,1.0,1,-17.0,False
2022,17,2,TEN,DAL,-0.1651840722146442,1.0,0,-14.0,False
2022,17,2,ATL,ARI,0.0153884082240453,1.0,1,1.0,True
2022,17,2,DET,CHI,0.2391418066899701,1.0,0,31.0,True
2022,17,2,HOU,JAX,-0.5192081217288615,1.0,-2,-28.0,False
2022,17,2,KC,DEN,0.6955583388534641,1.0,1,3.0,True
2022,17,2,NE,MIA,-0.1620683105996035,1.0,1,2.0,True
2022,17,2,NYG,IND,0.3317366933526692,1.0,2,28.0,True
2022,17,2,PHI,NO,-0.0112252207445223,1.0,0,-10.0,False
2022,17,2,TB,CAR,-0.3651816072066977,1.0,-1,6.0,True
2022,17,2,WAS,CLE,-0.1130225669423122,1.0,0,-14.0,False
2022,17,2,LV,SF,-0.2243982927577189,1.0,0,-3.0,False
2022,17,2,SEA,NYJ,0.1086445105128884,1.0,-2,17.0,True
2022,17,2,GB,MIN,0.0869420261057764,1.0,-1,24.0,True
2022,17,2,LAC,LA,0.1301618717441761,1.0,-1,21.0,True
2022,17,2,BAL,PIT,-0.2457248442690361,1.0,0,-3.0,False
2022,17,4,TEN,DAL,-0.1405047832634506,1.0,0,-14.0,False
2022,17,4,ATL,ARI,0.0533859277319861,1.0,1,1.0,True
2022,17,4,DET,CHI,0.2465563473752757,1.0,0,31.0,True
2022,17,4,HOU,JAX,-0.424701871485914,1.0,-2,-28.0,False
2022,17,4,KC,DEN,0.5490059472355061,1.0,1,3.0,True
2022,17,4,NE,MIA,-0.1407207193452044,1.0,1,2.0,True
2022,17,4,NYG,IND,0.2152190163670501,1.0,2,28.0,True
2022,17,4,PHI,NO,0.0742267814424045,1.0,0,-10.0,False
2022,17,4,TB,CAR,-0.2300322335020088,1.0,-1,6.0,True
2022,17,4,WAS,CLE,-0.0510068379249372,1.0,0,-14.0,False
2022,17,4,LV,SF,-0.1301781158272334,1.0,0,-3.0,False
2022,17,4,SEA,NYJ,0.091894407861759,1.0,-2,17.0,True
2022,17,4,GB,MIN,0.0763333235075872,1.0,-1,24.0,True
2022,17,4,LAC,LA,0.1072014297919946,1.0,-1,21.0,True
2022,17,4,BAL,PIT,-0.1150347826213613,1.0,0,-3.0,False
2022,17,6,TEN,DAL,-0.1317266156513714,1.0,0,-14.0,False
2022,17,6,ATL,ARI,0.0673253121176405,1.0,1,1.0,True
2022,17,6,DET,CHI,0.2287871257410406,1.0,0,31.0,True
2022,17,6,HOU,JAX,-0.3882894226647159,1.0,-2,-28.0,False
2022,17,6,KC,DEN,0.4891991776593835,1.0,1,3.0,True
2022,17,6,NE,MIA,-0.126833836331068,1.0,1,2.0,True
2022,17,6,NYG,IND,0.1846314766110724,1.0,2,28.0,True
2022,17,6,PHI,NO,0.1070250057545367,1.0,0,-10.0,False
2022,17,6,TB,CAR,-0.1637778478624011,1.0,-1,6.0,True
2022,17,6,WAS,CLE,-0.0404192115593636,1.0,0,-14.0,False
2022,17,6,LV,SF,-0.1031625822067511,1.0,0,-3.0,False
2022,17,6,SEA,NYJ,0.0952093932722831,1.0,-2,17.0,True
2022,17,6,GB,MIN,0.0671383379692172,1.0,-1,24.0,True
2022,17,6,LAC,LA,0.0910195425137392,1.0,-1,21.0,True
2022,17,6,BAL,PIT,-0.0616509926915591,1.0,0,-3.0,False
2022,17,10,TEN,DAL,-0.1252809040379046,1.0,0,-14.0,False
2022,17,10,ATL,ARI,0.0785453032358315,1.0,1,1.0,True
2022,17,10,DET,CHI,0.2068441065743653,1.0,0,31.0,True
2022,17,10,HOU,JAX,-0.3589130264958619,1.0,-2,-28.0,False
2022,17,10,KC,DEN,0.4385755407076652,1.0,1,3.0,True
2022,17,10,NE,MIA,-0.113424575592506,1.0,1,2.0,True
2022,17,10,NYG,IND,0.1659129550926407,1.0,2,28.0,True
2022,17,10,PHI,NO,0.1336353792988934,1.0,0,-10.0,False
2022,17,10,TB,CAR,-0.1036972648627813,1.0,-1,6.0,True
2022,17,10,WAS,CLE,-0.03991592562312,1.0,0,-14.0,False
2022,17,10,LV,SF,-0.0853668222722826,1.0,0,-3.0,False
2022,17,10,SEA,NYJ,0.1024108858521307,1.0,-2,17.0,True
2022,17,10,GB,MIN,0.0576837070336812,1.0,-1,24.0,True
2022,17,10,LAC,LA,0.0774420014353847,1.0,-1,21.0,True
2022,17,10,BAL,PIT,-0.0192126669551566,1.0,0,-3.0,False
2022,17,20,TEN,DAL,-0.1208240572083903,1.0,0,-14.0,False
2022,17,20,ATL,ARI,0.0869098595447661,1.0,1,1.0,True
2022,17,20,DET,CHI,0.186704871584352,1.0,0,31.0,True
2022,17,20,HOU,JAX,-0.3373456475445681,1.0,-2,-28.0,False
2022,17,20,KC,DEN,0.4003833898953722,1.0,1,3.0,True
2022,17,20,NE,MIA,-0.102806355893001,1.0,1,2.0,True
2022,17,20,NYG,IND,0.1556535881923217,1.0,2,28.0,True
2022,17,20,PHI,NO,0.1533273070091347,1.0,0,-10.0,False
2022,17,20,TB,CAR,-0.0556850224224322,1.0,-1,6.0,True
2022,17,20,WAS,CLE,-0.0451383855210976,1.0,0,-14.0,False
2022,17,20,LV,SF,-0.0749546723465763,1.0,0,-3.0,False
2022,17,20,SEA,NYJ,0.1105382161902997,1.0,-2,17.0,True
2022,17,20,GB,MIN,0.0495294380281708,1.0,-1,24.0,True
2022,17,20,LAC,LA,0.0680253070558326,1.0,-1,21.0,True
2022,17,20,BAL,PIT,0.0105026842220944,1.0,0,-3.0,False
2022,17,50,TEN,DAL,-0.1182657468817489,1.0,0,-14.0,False
2022,17,50,ATL,ARI,0.0918938736093458,1.0,1,1.0,True
2022,17,50,DET,CHI,0.1735425507620733,1.0,0,31.0,True
2022,17,50,HOU,JAX,-0.3247865566121005,1.0,-2,-28.0,False
2022,17,50,KC,DEN,0.3779406933000064,1.0,1,3.0,True
2022,17,50,NE,MIA,-0.0965576843112254,1.0,1,2.0,True
2022,17,50,NYG,IND,0.1510664789995102,1.0,2,28.0,True
2022,17,50,PHI,NO,0.164895236466976,1.0,0,-10.0,False
2022,17,50,TB,CAR,-0.0261618998068228,1.0,-1,6.0,True
2022,17,50,WAS,CLE,-0.0506790900149635,1.0,0,-14.0,False
2022,17,50,LV,SF,-0.0700641797331402,1.0,0,-3.0,False
2022,17,50,SEA,NYJ,0.1164565723790651,1.0,-2,17.0,True
2022,17,50,GB,MIN,0.0442789893395539,1.0,-1,24.0,True
2022,17,50,LAC,LA,0.0630445195810938,1.0,-1,21.0,True
2022,17,50,BAL,PIT,0.0268623715354593,1.0,0,-3.0,False
2022,17,100,TEN,DAL,-0.1174252748547921,1.0,0,-14.0,False
2022,17,100,ATL,ARI,0.0935492748581743,1.0,1,1.0,True
2022,17,100,DET,CHI,0.1690307671343184,1.0,0,31.0,True
2022,17,100,HOU,JAX,-0.3206831174725949,1.0,-2,-28.0,False
2022,17,100,KC,DEN,0.3706011365457871,1.0,1,3.0,True
2022,17,100,NE,MIA,-0.0945358376066254,1.0,1,2.0,True
2022,17,100,NYG,IND,0.149791915867547,1.0,2,28.0,True
2022,17,100,PHI,NO,0.1686980404734999,1.0,0,-10.0,False
2022,17,100,TB,CAR,-0.0162586166944222,1.0,-1,6.0,True
2022,17,100,WAS,CLE,-0.0529212974066204,1.0,0,-14.0,False
2022,17,100,LV,SF,-0.0686679022669626,1.0,0,-3.0,False
2022,17,100,SEA,NYJ,0.118586991127196,1.0,-2,17.0,True
2022,17,100,GB,MIN,0.0424786352994546,1.0,-1,24.0,True
2022,17,100,LAC,LA,0.061529355171773,1.0,-1,21.0,True
2022,17,100,BAL,PIT,0.0320165880640418,1.0,0,-3.0,False
2023,4,2,GB,DET,-0.13723791094346158,1.0,0,-14.0,False
2023,4,2,JAX,ATL,-0.006392251582616304,0.0,0,16.0,True
2023,4,2,BUF,MIA,-0.2063179600955728,1.0,0,28.0,True
2023,4,2,CAR,MIN,0.016599024168857945,1.0,0,-8.0,False
2023,4,2,CHI,DEN,-0.14036149499152462,1.0,0,-3.0,False
2023,4,2,CLE,BAL,-0.09294871687955833,1.0,0,-25.0,False
2023,4,2,HOU,PIT,0.01692888057705339,1.0,0,24.0,True
2023,4,2,IND,LA,0.04511320855789831,1.0,1,-6.0,False
2023,4,2,NO,TB,0.20006739956057715,1.0,1,-17.0,False
2023,4,2,PHI,WAS,0.4433219254594248,1.0,-1,3.0,True
2023,4,2,TEN,CIN,-0.2020583426951138,1.0,1,24.0,True
2023,4,2,LAC,LV,0.35828985507428845,1.0,0,7.0,True
2023,4,2,DAL,NE,-0.1897790802638766,1.0,0,35.0,True
2023,4,2,SF,ARI,0.014773385733395955,1.0,3,19.0,True
2023,4,2,NYJ,KC,-0.3104175216819286,1.0,0,-3.0,False
2023,4,2,NYG,SEA,-0.05113965614824888,1.0,3,-21.0,False
2023,4,4,GB,DET,-0.11434497574517392,1.0,0,-14.0,False
2023,4,4,JAX,ATL,0.0019189129904398639,0.0,0,16.0,True
2023,4,4,BUF,MIA,-0.2323406020931448,1.0,0,28.0,True
2023,4,4,CAR,MIN,-0.0084838287138784,1.0,0,-8.0,False
2023,4,4,CHI,DEN,-0.1493749876833671,1.0,0,-3.0,False
2023,4,4,CLE,BAL,-0.11220159791796713,1.0,0,-25.0,False
2023,4,4,HOU,PIT,0.030953010636742568,1.0,0,24.0,True
2023,4,4,IND,LA,0.022906448059540136,1.0,1,-6.0,False
2023,4,4,NO,TB,0.1669423059960148,1.0,1,-17.0,False
2023,4,4,PHI,WAS,0.3433585900399503,1.0,-1,3.0,True
2023,4,4,TEN,CIN,-0.17742321368907696,1.0,1,24.0,True
2023,4,4,LAC,LV,0.3221351225843787,1.0,0,7.0,True
2023,4,4,DAL,NE,-0.09914771378540288,1.0,0,35.0,True
2023,4,4,SF,ARI,0.10748930076478488,1.0,3,19.0,True
2023,4,4,NYJ,KC,-0.23910446798591029,1.0,0,-3.0,False
2023,4,4,NYG,SEA,-0.0727085176597104,1.0,3,-21.0,False
2023,4,6,GB,DET,-0.10718429759942394,1.0,0,-14.0,False
2023,4,6,JAX,ATL,0.004788634985390963,0.0,0,16.0,True
2023,4,6,BUF,MIA,-0.2407945215188152,1.0,0,28.0,True
2023,4,6,CAR,MIN,-0.01712955291468568,1.0,0,-8.0,False
2023,4,6,CHI,DEN,-0.15194522647628428,1.0,0,-3.0,False
2023,4,6,CLE,BAL,-0.11815719861100468,1.0,0,-25.0,False
2023,4,6,HOU,PIT,0.03797247134112869,1.0,0,24.0,True
2023,4,6,IND,LA,0.014631669922135191,1.0,1,-6.0,False
2023,4,6,NO,TB,0.15706879008866112,1.0,1,-17.0,False
2023,4,6,PHI,WAS,0.3113539739393242,1.0,-1,3.0,True
2023,4,6,TEN,CIN,-0.16988530385888218,1.0,1,24.0,True
2023,4,6,LAC,LV,0.31007300055955844,1.0,0,7.0,True
2023,4,6,DAL,NE,-0.06751487846038631,1.0,0,35.0,True
2023,4,6,SF,ARI,0.13924309682900562,1.0,3,19.0,True
2023,4,6,NYJ,KC,-0.21537001786927287,1.0,0,-3.0,False
2023,4,6,NYG,SEA,-0.08116344202763023,1.0,3,-21.0,False
2023,4,10,GB,DET,-0.10164469608111229,1.0,0,-14.0,False
2023,4,10,JAX,ATL,0.007103130618700909,0.0,0,16.0,True
2023,4,10,BUF,MIA,-0.24742427500751712,1.0,0,28.0,True
2023,4,10,CAR,MIN,-0.02411715089211483,1.0,0,-8.0,False
2023,4,10,CHI,DEN,-0.15383903199206095,1.0,0,-3.0,False
2023,4,10,CLE,BAL,-0.12273671494558741,1.0,0,-25.0,False
2023,4,10,HOU,PIT,0.04448028301887832,1.0,0,24.0,True
2023,4,10,IND,LA,0.007699312832726606,1.0,1,-6.0,False
2023,4,10,NO,TB,0.14962088507358076,1.0,1,-17.0,False
2023,4,10,PHI,WAS,0.2863439331215105,1.0,-1,3.0,True
2023,4,10,TEN,CIN,-0.16411800203593985,1.0,1,24.0,True
2023,4,10,LAC,LV,0.3004732366127797,1.0,0,7.0,True
2023,4,10,DAL,NE,-0.04175065598693231,1.0,0,35.0,True
2023,4,10,SF,ARI,0.16486031166842186,1.0,3,19.0,True
2023,4,10,NYJ,KC,-0.1964753018056915,1.0,0,-3.0,False
2023,4,10,NYG,SEA,-0.08840384161078463,1.0,3,-21.0,False
2023,4,20,GB,DET,-0.0976046479525184,1.0,0,-14.0,False
2023,4,20,JAX,ATL,0.008845206212990883,0.0,0,16.0,True
2023,4,20,BUF,MIA,-0.25230393725225747,1.0,0,28.0,True
2023,4,20,CAR,MIN,-0.029389319758561308,1.0,0,-8.0,False
2023,4,20,CHI,DEN,-0.15516370297634458,1.0,0,-3.0,False
2023,4,20,CLE,BAL,-0.12605878426070372,1.0,0,-25.0,False
2023,4,20,HOU,PIT,0.049891362449666334,1.0,0,24.0,True
2023,4,20,IND,LA,0.002320091993311766,1.0,1,-6.0,False
2023,4,20,NO,TB,0.1443040157682627,1.0,1,-17.0,False
2023,4,20,PHI,WAS,0.26796346717393194,1.0,-1,3.0,True
2023,4,20,TEN,CIN,-0.1599502944728876,1.0,1,24.0,True
2023,4,20,LAC,LV,0.2933182071767728,1.0,0,7.0,True
2023,4,20,DAL,NE,-0.02217909451042362,1.0,0,35.0,True
2023,4,20,SF,ARI,0.18417027735197772,1.0,3,19.0,True
2023,4,20,NYJ,KC,-0.1823818029488969,1.0,0,-3.0,False
2023,4,20,NYG,SEA,-0.09411669073429184,1.0,3,-21.0,False
2023,4,50,GB,DET,-0.09522891869821169,1.0,0,-14.0,False
2023,4,50,JAX,ATL,0.009891641131131515,0.0,0,16.0,True
2023,4,50,BUF,MIA,-0.2551893522015294,1.0,0,28.0,True
2023,4,50,CAR,MIN,-0.032562478740858616,1.0,0,-8.0,False
2023,4,50,CHI,DEN,-0.1559189755012972,1.0,0,-3.0,False
2023,4,50,CLE,BAL,-0.12800442948239144,1.0,0,-25.0,False
2023,4,50,HOU,PIT,0.053358357709223384,1.0,0,24.0,True
2023,4,50,IND,LA,-0.0009804523922864426,1.0,1,-6.0,False
2023,4,50,NO,TB,0.14122595996117301,1.0,1,-17.0,False
2023,4,50,PHI,WAS,0.257098872996195,1.0,-1,3.0,True
2023,4,50,TEN,CIN,-0.1575156270911052,1.0,1,24.0,True
2023,4,50,LAC,LV,0.28904828091538026,1.0,0,7.0,True
2023,4,50,DAL,NE,-0.010340078672854983,1.0,0,35.0,True
2023,4,50,SF,ARI,0.19578765929718472,1.0,3,19.0,True
2023,4,50,NYJ,KC,-0.17396460519595552,1.0,0,-3.0,False
2023,4,50,NYG,SEA,-0.09766177791594279,1.0,3,-21.0,False
2023,4,100,GB,DET,-0.09444515936258367,1.0,0,-14.0,False
2023,4,100,JAX,ATL,0.010240516404867839,0.0,0,16.0,True
2023,4,100,BUF,MIA,-0.25614367498181273,1.0,0,28.0,True
2023,4,100,CAR,MIN,-0.03362152059637026,1.0,0,-8.0,False
2023,4,100,CHI,DEN,-0.15616413669313117,1.0,0,-3.0,False
2023,4,100,CLE,BAL,-0.12864492306809572,1.0,0,-25.0,False
2023,4,100,HOU,PIT,0.05455091852938781,1.0,0,24.0,True
2023,4,100,IND,LA,-0.0020926752105885037,1.0,1,-6.0,False
2023,4,100,NO,TB,0.14021872713434394,1.0,1,-17.0,False
2023,4,100,PHI,WAS,0.2535054434073122,1.0,-1,3.0,True
2023,4,100,TEN,CIN,-0.15671515281265436,1.0,1,24.0,True
2023,4,100,LAC,LV,0.28762929083741096,1.0,0,7.0,True
2023,4,100,DAL,NE,-0.006378384624490613,1.0,0,35.0,True
2023,4,100,SF,ARI,0.19966447621398575,1.0,3,19.0,True
2023,4,100,NYJ,KC,-0.17116606569173967,1.0,0,-3.0,False
2023,4,100,NYG,SEA,-0.0988631326494649,1.0,3,-21.0,False
2023,5,2,WAS,CHI,-0.012786580879358439,1.0,0,-20.0,False
2023,5,2,BUF,JAX,0.196302968468271,0.0,0,-5.0,False
2023,5,2,ATL,HOU,-0.3512498721425857,1.0,0,2.0,True
2023,5,2,DET,CAR,0.42480210287213577,1.0,3,18.0,True
2023,5,2,IND,TEN,-0.09784913542767143,1.0,0,7.0,True
2023,5,2,MIA,NYG,0.49657072788508394,1.0,1,15.0,True
2023,5,2,NE,NO,0.14629754663358016,1.0,0,-34.0,False
2023,5,2,PIT,BAL,-0.3844673615597365,1.0,0,7.0,True
2023,5,2,ARI,CIN,0.13296274202244646,1.0,0,-14.0,False
2023,5,2,LA,PHI,-0.1683211237512496,1.0,0,-9.0,False
2023,5,2,DEN,NYJ,-0.12753635043362166,1.0,0,-10.0,False
2023,5,2,MIN,KC,-0.12135669390869783,1.0,0,-7.0,False
2023,5,2,SF,DAL,0.27342457005067206,1.0,0,32.0,True
2023,5,2,LV,GB,-0.04023230152932103,1.0,-3,4.0,True
2023,5,4,WAS,CHI,0.044747080728674615,1.0,0,-20.0,False
2023,5,4,BUF,JAX,0.17488001273200374,0.0,0,-5.0,False
2023,5,4,ATL,HOU,-0.2583804667358556,1.0,0,2.0,True
2023,5,4,DET,CAR,0.353491397349332,1.0,3,18.0,True
2023,5,4,IND,TEN,-0.03487278202381347,1.0,0,7.0,True
2023,5,4,MIA,NYG,0.5284167092208483,1.0,1,15.0,True
2023,5,4,NE,NO,0.1128306003623651,1.0,0,-34.0,False
2023,5,4,PIT,BAL,-0.3467450265481106,1.0,0,7.0,True
2023,5,4,ARI,CIN,0.09950619785843856,1.0,0,-14.0,False
2023,5,4,LA,PHI,-0.14820829215744968,1.0,0,-9.0,False
2023,5,4,DEN,NYJ,-0.12513766828780187,1.0,0,-10.0,False
2023,5,4,MIN,KC,-0.12581499561567713,1.0,0,-7.0,False
2023,5,4,SF,DAL,0.272532882849979,1.0,0,32.0,True
2023,5,4,LV,GB,-0.0914855550772403,1.0,-3,4.0,True
2023,5,6,WAS,CHI,0.0638981584816121,1.0,0,-20.0,False
2023,5,6,BUF,JAX,0.1650676032964143,0.0,0,-5.0,False
2023,5,6,ATL,HOU,-0.22627681649672443,1.0,0,2.0,True
2023,5,6,DET,CAR,0.3308482069115947,1.0,3,18.0,True
2023,5,6,IND,TEN,-0.016383023603955986,1.0,0,7.0,True
2023,5,6,MIA,NYG,0.5388188172905115,1.0,1,15.0,True
2023,5,6,NE,NO,0.10176155897257994,1.0,0,-34.0,False
2023,5,6,PIT,BAL,-0.3384866338859355,1.0,0,7.0,True
2023,5,6,ARI,CIN,0.08742322622708726,1.0,0,-14.0,False
2023,5,6,LA,PHI,-0.1383773081935045,1.0,0,-9.0,False
2023,5,6,DEN,NYJ,-0.12437772925958673,1.0,0,-10.0,False
2023,5,6,MIN,KC,-0.12521641768264902,1.0,0,-7.0,False
2023,5,6,SF,DAL,0.2707353884882702,1.0,0,32.0,True
2023,5,6,LV,GB,-0.10670709167295375,1.0,-3,4.0,True
2023,5,10,WAS,CHI,0.07905795415994701,1.0,0,-20.0,False
2023,5,10,BUF,JAX,0.15632226234843405,0.0,0,-5.0,False
2023,5,10,ATL,HOU,-0.20042478464967073,1.0,0,2.0,True
2023,5,10,DET,CAR,0.31328274615921403,1.0,3,18.0,True
2023,5,10,IND,TEN,-0.002604434293694634,1.0,0,7.0,True
2023,5,10,MIA,NYG,0.5471204218672112,1.0,1,15.0,True
2023,5,10,NE,NO,0.09306005078999144,1.0,0,-34.0,False
2023,5,10,PIT,BAL,-0.33355660201270654,1.0,0,7.0,True
2023,5,10,ARI,CIN,0.07747766786587065,1.0,0,-14.0,False
2023,5,10,LA,PHI,-0.12944500948423504,1.0,0,-9.0,False
2023,5,10,DEN,NYJ,-0.12380683612198884,1.0,0,-10.0,False
2023,5,10,MIN,KC,-0.12398466783688113,1.0,0,-7.0,False
2023,5,10,SF,DAL,0.26872008842674316,1.0,0,32.0,True
2023,5,10,LV,GB,-0.11814308318857292,1.0,-3,4.0,True
2023,5,20,WAS,CHI,0.09028830265315635,1.0,0,-20.0,False
2023,5,20,BUF,JAX,0.14927043249265545,0.0,0,-5.0,False
2023,5,20,ATL,HOU,-0.18101396468898512,1.0,0,2.0,True
2023,5,20,DET,CAR,0.3004655521560321,1.0,3,18.0,True
2023,5,20,IND,TEN,0.00711401299526981,1.0,0,7.0,True
2023,5,20,MIA,NYG,0.5533563453125685,1.0,1,15.0,True
2023,5,20,NE,NO,0.08665853866893639,1.0,0,-34.0,False
2023,5,20,PIT,BAL,-0.33086173675040575,1.0,0,7.0,True
2023,5,20,ARI,CIN,0.06987713985987241,1.0,0,-14.0,False
2023,5,20,LA,PHI,-0.12215435557790175,1.0,0,-9.0,False
2023,5,20,DEN,NYJ,-0.12340666816687833,1.0,0,-10.0,False
2023,5,20,MIN,KC,-0.12263016430045254,1.0,0,-7.0,False
2023,5,20,SF,DAL,0.26686432349663664,1.0,0,32.0,True
2023,5,20,LV,GB,-0.1262752755266348,1.0,-3,4.0,True
2023,5,50,WAS,CHI,0.09695546537482146,1.0,0,-20.0,False
2023,5,50,BUF,JAX,0.14484687642749886,0.0,0,-5.0,False
2023,5,50,ATL,HOU,-0.16938210584165547,1.0,0,2.0,True
2023,5,50,DET,CAR,0.29293211968011723,1.0,3,18.0,True
2023,5,50,IND,TEN,0.012685897203580338,1.0,0,7.0,True
2023,5,50,MIA,NYG,0.5571088692152417,1.0,1,15.0,True
2023,5,50,NE,NO,0.08287911017080207,1.0,0,-34.0,False
2023,5,50,PIT,BAL,-0.3296628312120284,1.0,0,7.0,True
2023,5,50,ARI,CIN,0.06526586255100601,1.0,0,-14.0,False
2023,5,50,LA,PHI,-0.11754812070568743,1.0,0,-9.0,False
2023,5,50,DEN,NYJ,-0.12317989271551313,1.0,0,-10.0,False
2023,5,50,MIN,KC,-0.12164421006873966,1.0,0,-7.0,False
2023,5,50,SF,DAL,0.26560756716478195,1.0,0,32.0,True
2023,5,50,LV,GB,-0.13096920020537398,1.0,-3,4.0,True
2023,5,100,WAS,CHI,0.09916463294157433,1.0,0,-20.0,False
2023,5,100,BUF,JAX,0.1433414247645805,0.0,0,-5.0,False
2023,5,100,ATL,HOU,-0.1655096829091427,1.0,0,2.0,True
2023,5,100,DET,CAR,0.29044807526265426,1.0,3,18.0,True
2023,5,100,IND,TEN,0.014499488467860004,1.0,0,7.0,True
2023,5,100,MIA,NYG,0.5583622766452376,1.0,1,15.0,True
2023,5,100,NE,NO,0.08163056037707918,1.0,0,-34.0,False
2023,5,100,PIT,BAL,-0.3293332875714817,1.0,0,7.0,True
2023,5,100,ARI,CIN,0.06372105781675136,1.0,0,-14.0,False
2023,5,100,LA,PHI,-0.11597537632433128,1.0,0,-9.0,False
2023,5,100,DEN,NYJ,-0.12310669516639249,1.0,0,-10.0,False
2023,5,100,MIN,KC,-0.12128717961664726,1.0,0,-7.0,False
2023,5,100,SF,DAL,0.265164644274349,1.0,0,32.0,True
2023,5,100,LV,GB,-0.1325027948622719,1.0,-3,4.0,True
2023,6,2,KC,DEN,0.20699112127403158,1.0,0,11.0,True
2023,6,2,TEN,BAL,-0.025987056445889153,0.0,0,-8.0,False
2023,6,2,ATL,WAS,0.21194790363797722,1.0,-3,-8.0,False
2023,6,2,CHI,MIN,0.06392897537216999,1.0,3,-6.0,False
2023,6,2,CIN,SEA,-0.2071328082676812,1.0,-6,4.0,True
2023,6,2,CLE,SF,-0.621276195660879,1.0,7,2.0,True
2023,6,2,HOU,NO,0.12542443192872296,1.0,0,7.0,True
2023,6,2,JAX,IND,-0.01891912399689942,1.0,0,17.0,True
2023,6,2,MIA,CAR,0.4797403524317626,1.0,0,21.0,True
2023,6,2,LV,NE,0.13210718876993885,1.0,-1,4.0,True
2023,6,2,LA,ARI,-0.09969990399271647,1.0,0,17.0,True
2023,6,2,NYJ,PHI,-0.2508168605387967,1.0,0,6.0,True
2023,6,2,TB,DET,-0.2782833266626816,1.0,7,-14.0,False
2023,6,2,BUF,NYG,0.30021030056729503,1.0,0,5.0,True
2023,6,2,LAC,DAL,0.4247496780832797,1.0,7,-3.0,False
2023,6,4,KC,DEN,0.2246742587096479,1.0,0,11.0,True
2023,6,4,TEN,BAL,-0.03520243605514076,0.0,0,-8.0,False
2023,6,4,ATL,WAS,0.1439070679207361,1.0,-3,-8.0,False
2023,6,4,CHI,MIN,-0.02057314734607541,1.0,3,-6.0,False
2023,6,4,CIN,SEA,-0.1345771210424775,1.0,-6,4.0,True
2023,6,4,CLE,SF,-0.570661213290323,1.0,7,2.0,True
2023,6,4,HOU,NO,0.13234444055241895,1.0,0,7.0,True
2023,6,4,JAX,IND,-0.030272278104048162,1.0,0,17.0,True
2023,6,4,MIA,CAR,0.4508642051689838,1.0,0,21.0,True
2023,6,4,LV,NE,0.021615962043866954,1.0,-1,4.0,True
2023,6,4,LA,ARI,-0.08249398398238998,1.0,0,17.0,True
2023,6,4,NYJ,PHI,-0.2525401003125125,1.0,0,6.0,True
2023,6,4,TB,DET,-0.2368888322117881,1.0,7,-14.0,False
2023,6,4,BUF,NYG,0.30466308529280806,1.0,0,5.0,True
2023,6,4,LAC,DAL,0.29141959839135784,1.0,7,-3.0,False
2023,6,6,KC,DEN,0.2274085125889015,1.0,0,11.0,True
2023,6,6,TEN,BAL,-0.03796028128081152,0.0,0,-8.0,False
2023,6,6,ATL,WAS,0.121179770910704,1.0,-3,-8.0,False
2023,6,6,CHI,MIN,-0.04909068293825276,1.0,3,-6.0,False
2023,6,6,CIN,SEA,-0.10922957876147883,1.0,-6,4.0,True
2023,6,6,CLE,SF,-0.5603108380518291,1.0,7,2.0,True
2023,6,6,HOU,NO,0.1285341056040729,1.0,0,7.0,True
2023,6,6,JAX,IND,-0.034026430736030955,1.0,0,17.0,True
2023,6,6,MIA,CAR,0.4415856780787413,1.0,0,21.0,True
2023,6,6,LV,NE,-0.011496825485519072,1.0,-1,4.0,True
2023,6,6,LA,ARI,-0.07538869719678473,1.0,0,17.0,True
2023,6,6,NYJ,PHI,-0.2489930395063198,1.0,0,6.0,True
2023,6,6,TB,DET,-0.22167694025875764,1.0,7,-14.0,False
2023,6,6,BUF,NYG,0.3058911538916775,1.0,0,5.0,True
2023,6,6,LAC,DAL,0.24422098149926028,1.0,7,-3.0,False
2023,6,10,KC,DEN,0.22827884007028443,1.0,0,11.0,True
2023,6,10,TEN,BAL,-0.0400429323863743,0.0,0,-8.0,False
2023,6,10,ATL,WAS,0.10320359789995054,1.0,-3,-8.0,False
2023,6,10,CHI,MIN,-0.07175375845573975,1.0,3,-6.0,False
2023,6,10,CIN,SEA,-0.08875363874865634,1.0,-6,4.0,True
2023,6,10,CLE,SF,-0.5545502435149403,1.0,7,2.0,True
2023,6,10,HOU,NO,0.12336823933905582,1.0,0,7.0,True
2023,6,10,JAX,IND,-0.03685004207336888,1.0,0,17.0,True
2023,6,10,MIA,CAR,0.43420083806717885,1.0,0,21.0,True
2023,6,10,LV,NE,-0.036348631262003966,1.0,-1,4.0,True
2023,6,10,LA,ARI,-0.0692210904713079,1.0,0,17.0,True
2023,6,10,NYJ,PHI,-0.24453327386953896,1.0,0,6.0,True
2023,6,10,TB,DET,-0.20926905602798396,1.0,7,-14.0,False
2023,6,10,BUF,NYG,0.3068490250871027,1.0,0,5.0,True
2023,6,10,LAC,DAL,0.20557589103832236,1.0,7,-3.0,False
2023,6,20,KC,DEN,0.2281320898834549,1.0,0,11.0,True
2023,6,20,TEN,BAL,-0.04153150709482788,0.0,0,-8.0,False
2023,6,20,ATL,WAS,0.08990928490529519,1.0,-3,-8.0,False
2023,6,20,CHI,MIN,-0.08857868937940513,1.0,3,-6.0,False
2023,6,20,CIN,SEA,-0.07334734689933123,1.0,-6,4.0,True
2023,6,20,CLE,SF,-0.5517235853569447,1.0,7,2.0,True
2023,6,20,HOU,NO,0.11831953899015751,1.0,0,7.0,True
2023,6,20,JAX,IND,-0.038812893326207965,1.0,0,17.0,True
2023,6,20,MIA,CAR,0.4286621785405265,1.0,0,21.0,True
2023,6,20,LV,NE,-0.053966599742775415,1.0,-1,4.0,True
2023,6,20,LA,ARI,-0.06432545162106887,1.0,0,17.0,True
2023,6,20,NYJ,PHI,-0.2402264870439506,1.0,0,6.0,True
2023,6,20,TB,DET,-0.19990656081138666,1.0,7,-14.0,False
2023,6,20,BUF,NYG,0.30757917681174407,1.0,0,5.0,True
2023,6,20,LAC,DAL,0.17611566570094897,1.0,7,-3.0,False
2023,6,50,KC,DEN,0.22770962548868395,1.0,0,11.0,True
2023,6,50,TEN,BAL,-0.04239440165623766,0.0,0,-8.0,False
2023,6,50,ATL,WAS,0.08203026409959567,1.0,-3,-8.0,False
2023,6,50,CHI,MIN,-0.0985774766881375,1.0,3,-6.0,False
2023,6,50,CIN,SEA,-0.06410295354575413,1.0,-6,4.0,True
2023,6,50,CLE,SF,-0.5506450403708223,1.0,7,2.0,True
2023,6,50,HOU,NO,0.11483100153123163,1.0,0,7.0,True
2023,6,50,JAX,IND,-0.03991226783128202,1.0,0,17.0,True
2023,6,50,MIA,CAR,0.4253332756321381,1.0,0,21.0,True
2023,6,50,LV,NE,-0.06410185133651199,1.0,-1,4.0,True
2023,6,50,LA,ARI,-0.0612820318269975,1.0,0,17.0,True
2023,6,50,NYJ,PHI,-0.23724630466363783,1.0,0,6.0,True
2023,6,50,TB,DET,-0.19429035352967378,1.0,7,-14.0,False
2023,6,50,BUF,NYG,0.30803075752323716,1.0,0,5.0,True
2023,6,50,LAC,DAL,0.15825728535456113,1.0,7,-3.0,False
2023,6,100,KC,DEN,0.22751279576603892,1.0,0,11.0,True
2023,6,100,TEN,BAL,-0.04267701276567466,0.0,0,-8.0,False
2023,6,100,ATL,WAS,0.07942222470346001,1.0,-3,-8.0,False
2023,6,100,CHI,MIN,-0.10189183494888548,1.0,3,-6.0,False
2023,6,100,CIN,SEA,-0.0610233623933785,1.0,-6,4.0,True
2023,6,100,CLE,SF,-0.5503884185234752,1.0,7,2.0,True
2023,6,100,HOU,NO,0.11359439736756605,1.0,0,7.0,True
2023,6,100,JAX,IND,-0.040264227931336806,1.0,0,17.0,True
2023,6,100,MIA,CAR,0.42422219078442835,1.0,0,21.0,True
2023,6,100,LV,NE,-0.0674063998061131,1.0,-1,4.0,True
2023,6,100,LA,ARI,-0.06025049130805902,1.0,0,17.0,True
2023,6,100,NYJ,PHI,-0.23618717749014337,1.0,0,6.0,True
2023,6,100,TB,DET,-0.1924209617447919,1.0,7,-14.0,False
2023,6,100,BUF,NYG,0.30818446340486483,1.0,0,5.0,True
2023,6,100,LAC,DAL,0.15227563047235954,1.0,7,-3.0,False
2023,7,2,NO,JAX,-0.1252126275815697,1.0,0,-7.0,False
2023,7,2,BAL,DET,-0.30226502853110876,1.0,0,32.0,True
2023,7,2,CHI,LV,0.07346431046749859,1.0,0,18.0,True
2023,7,2,IND,CLE,0.042239666722841074,1.0,0,-1.0,False
2023,7,2,NE,BUF,-0.0643275407707354,1.0,0,4.0,True
2023,7,2,NYG,WAS,0.11535126489147976,1.0,0,7.0,True
2023,7,2,TB,ATL,0.04650285151784837,1.0,0,-3.0,False
2023,7,2,LA,PIT,0.15733536668815162,1.0,-7,-7.0,False
2023,7,2,SEA,ARI,0.02106169247602971,1.0,0,10.0,True
2023,7,2,DEN,GB,0.14558171619531887,1.0,-3,2.0,True
2023,7,2,KC,LAC,0.2127408446892606,1.0,4,14.0,True
2023,7,2,PHI,MIA,-0.2536964486102627,1.0,0,14.0,True
2023,7,2,MIN,SF,-0.2551057543502881,1.0,0,5.0,True
2023,7,4,NO,JAX,-0.10443791878080913,1.0,0,-7.0,False
2023,7,4,BAL,DET,-0.23697860034984414,1.0,0,32.0,True
2023,7,4,CHI,LV,0.0560099218806596,1.0,0,18.0,True
2023,7,4,IND,CLE,0.1098408705021659,1.0,0,-1.0,False
2023,7,4,NE,BUF,-0.09825367957853531,1.0,0,4.0,True
2023,7,4,NYG,WAS,0.07156275036119299,1.0,0,7.0,True
2023,7,4,TB,ATL,0.08881597009218964,1.0,0,-3.0,False
2023,7,4,LA,PIT,0.15120890559706404,1.0,-7,-7.0,False
2023,7,4,SEA,ARI,-0.014727689135978576,1.0,0,10.0,True
2023,7,4,DEN,GB,0.0889046662952998,1.0,-3,2.0,True
2023,7,4,KC,LAC,0.15287852615940364,1.0,4,14.0,True
2023,7,4,PHI,MIA,-0.24131043791040882,1.0,0,14.0,True
2023,7,4,MIN,SF,-0.2928834378094995,1.0,0,5.0,True
2023,7,6,NO,JAX,-0.09730234736384864,1.0,0,-7.0,False
2023,7,6,BAL,DET,-0.21258879815032766,1.0,0,32.0,True
2023,7,6,CHI,LV,0.048632145400484675,1.0,0,18.0,True
2023,7,6,IND,CLE,0.13053731938662977,1.0,0,-1.0,False
2023,7,6,NE,BUF,-0.10701349776916853,1.0,0,4.0,True
2023,7,6,NYG,WAS,0.052477807661045414,1.0,0,7.0,True
2023,7,6,TB,ATL,0.10081338025191355,1.0,0,-3.0,False
2023,7,6,LA,PIT,0.1517714915656722,1.0,-7,-7.0,False
2023,7,6,SEA,ARI,-0.024795840257911476,1.0,0,10.0,True
2023,7,6,DEN,GB,0.06879276641585468,1.0,-3,2.0,True
2023,7,6,KC,LAC,0.13808039900350116,1.0,4,14.0,True
2023,7,6,PHI,MIA,-0.2401474750404916,1.0,0,14.0,True
2023,7,6,MIN,SF,-0.3063283612361702,1.0,0,5.0,True
2023,7,10,NO,JAX,-0.09154049411327342,1.0,0,-7.0,False
2023,7,10,BAL,DET,-0.19256192361525584,1.0,0,32.0,True
2023,7,10,CHI,LV,0.0422050801442133,1.0,0,18.0,True
2023,7,10,IND,CLE,0.14620971544122902,1.0,0,-1.0,False
2023,7,10,NE,BUF,-0.11294567412120761,1.0,0,4.0,True
2023,7,10,NYG,WAS,0.03552014663066477,1.0,0,7.0,True
2023,7,10,TB,ATL,0.10943530060004317,1.0,0,-3.0,False
2023,7,10,LA,PIT,0.15343582677994838,1.0,-7,-7.0,False
2023,7,10,SEA,ARI,-0.03198664820869795,1.0,0,10.0,True
2023,7,10,DEN,GB,0.0526455642910786,1.0,-3,2.0,True
2023,7,10,KC,LAC,0.12832913013889133,1.0,4,14.0,True
2023,7,10,PHI,MIA,-0.24036222546449287,1.0,0,14.0,True
2023,7,10,MIN,SF,-0.3174723065452926,1.0,0,5.0,True
2023,7,20,NO,JAX,-0.08720102375025408,1.0,0,-7.0,False
2023,7,20,BAL,DET,-0.17738720039865621,1.0,0,32.0,True
2023,7,20,CHI,LV,0.037099153092547923,1.0,0,18.0,True
2023,7,20,IND,CLE,0.1574027858903338,1.0,0,-1.0,False
2023,7,20,NE,BUF,-0.11673709001032559,1.0,0,4.0,True
2023,7,20,NYG,WAS,0.021825441434509263,1.0,0,7.0,True
2023,7,20,TB,ATL,0.11528961555100166,1.0,0,-3.0,False
2023,7,20,LA,PIT,0.15546095566002127,1.0,-7,-7.0,False
2023,7,20,SEA,ARI,-0.03683544878051929,1.0,0,10.0,True
2023,7,20,DEN,GB,0.04061835134550405,1.0,-3,2.0,True
2023,7,20,KC,LAC,0.12224657525544091,1.0,4,14.0,True
2023,7,20,PHI,MIA,-0.2411919496938862,1.0,0,14.0,True
2023,7,20,MIN,SF,-0.32607799944689847,1.0,0,5.0,True
2023,7,50,NO,JAX,-0.08459489577264653,1.0,0,-7.0,False
2023,7,50,BAL,DET,-0.16826364968740082,1.0,0,32.0,True
2023,7,50,CHI,LV,0.033925881912630795,1.0,0,18.0,True
2023,7,50,IND,CLE,0.16387760085168562,1.0,0,-1.0,False
2023,7,50,NE,BUF,-0.11873487415846731,1.0,0,4.0,True
2023,7,50,NYG,WAS,0.013215148494120282,1.0,0,7.0,True
2023,7,50,TB,ATL,0.11854116520775207,1.0,0,-3.0,False
2023,7,50,LA,PIT,0.15701355280856966,1.0,-7,-7.0,False
2023,7,50,SEA,ARI,-0.039511920139566066,1.0,0,10.0,True
2023,7,50,DEN,GB,0.033470955958869855,1.0,-3,2.0,True
2023,7,50,KC,LAC,0.11909917872694295,1.0,4,14.0,True
2023,7,50,PHI,MIA,-0.24196154314451476,1.0,0,14.0,True
2023,7,50,MIN,SF,-0.33134892129810023,1.0,0,5.0,True
2023,7,100,NO,JAX,-0.08372635906416531,1.0,0,-7.0,False
2023,7,100,BAL,DET,-0.16522391091582872,1.0,0,32.0,True
2023,7,100,CHI,LV,0.032850750401422046,1.0,0,18.0,True
2023,7,100,IND,CLE,0.16599490885559365,1.0,0,-1.0,False
2023,7,100,NE,BUF,-0.11935414882730895,1.0,0,4.0,True
2023,7,100,NYG,WAS,0.01028071124836158,1.0,0,7.0,True
2023,7,100,TB,ATL,0.11958083379933623,1.0,0,-3.0,False
2023,7,100,LA,PIT,0.1575889478445474,1.0,-7,-7.0,False
2023,7,100,SEA,ARI,-0.040364622825608404,1.0,0,10.0,True
2023,7,100,DEN,GB,0.031103440373639366,1.0,-3,2.0,True
2023,7,100,KC,LAC,0.11813275166509934,1.0,4,14.0,True
2023,7,100,PHI,MIA,-0.2422627802372641,1.0,0,14.0,True
2023,7,100,MIN,SF,-0.3331243057880584,1.0,0,5.0,True
2023,8,2,BUF,TB,0.10813520966906381,1.0,0,6.0,True
2023,8,2,CAR,HOU,-0.2395518960053728,1.0,0,2.0,True
2023,8,2,DAL,LA,-0.19240363918304426,1.0,6,23.0,True
2023,8,2,GB,MIN,-0.3168037822470221,1.0,1,-14.0,False
2023,8,2,IND,NO,0.25121386222166725,1.0,-3,-11.0,False
2023,8,2,MIA,NE,0.2010054715005542,1.0,0,14.0,True
2023,8,2,NYG,NYJ,0.04484878754817263,1.0,-7,-3.0,False
2023,8,2,PIT,JAX,-0.22664483290823942,1.0,-3,-10.0,False
2023,8,2,TEN,ATL,0.021606890469534006,1.0,7,5.0,True
2023,8,2,WAS,PHI,-0.19913120742176826,1.0,0,-7.0,False
2023,8,2,SEA,CLE,0.34594849400167066,1.0,0,4.0,True
2023,8,2,ARI,BAL,-0.26375306624115435,1.0,0,-7.0,False
2023,8,2,DEN,KC,-0.13637649742992922,1.0,0,15.0,True
2023,8,2,SF,CIN,0.1523127597168825,1.0,-8,-14.0,False
2023,8,2,LAC,CHI,-0.14089459286227496,1.0,0,17.0,True
2023,8,2,DET,LV,0.23570559060905433,1.0,0,12.0,True
2023,8,4,BUF,TB,0.10175479618338133,1.0,0,6.0,True
2023,8,4,CAR,HOU,-0.20084525315113105,1.0,0,2.0,True
2023,8,4,DAL,LA,-0.15921630239874063,1.0,6,23.0,True
2023,8,4,GB,MIN,-0.25357196605823973,1.0,1,-14.0,False
2023,8,4,IND,NO,0.17524786167458445,1.0,-3,-11.0,False
2023,8,4,MIA,NE,0.25689477332387317,1.0,0,14.0,True
2023,8,4,NYG,NYJ,0.010346177646146051,1.0,-7,-3.0,False
2023,8,4,PIT,JAX,-0.16236626165320756,1.0,-3,-10.0,False
2023,8,4,TEN,ATL,0.037029734656574775,1.0,7,5.0,True
2023,8,4,WAS,PHI,-0.20833028529564013,1.0,0,-7.0,False
2023,8,4,SEA,CLE,0.29096652193186223,1.0,0,4.0,True
2023,8,4,ARI,BAL,-0.17863807635222262,1.0,0,-7.0,False
2023,8,4,DEN,KC,-0.17543415545215568,1.0,0,15.0,True
2023,8,4,SF,CIN,0.21514642370190581,1.0,-8,-14.0,False
2023,8,4,LAC,CHI,-0.0357354093479554,1.0,0,17.0,True
2023,8,4,DET,LV,0.30969359153063064,1.0,0,12.0,True
2023,8,6,BUF,TB,0.09951200966112098,1.0,0,6.0,True
2023,8,6,CAR,HOU,-0.18415381400673209,1.0,0,2.0,True
2023,8,6,DAL,LA,-0.1405992079961347,1.0,6,23.0,True
2023,8,6,GB,MIN,-0.22717274180131858,1.0,1,-14.0,False
2023,8,6,IND,NO,0.15398939966618103,1.0,-3,-11.0,False
2023,8,6,MIA,NE,0.2735561324185056,1.0,0,14.0,True
2023,8,6,NYG,NYJ,-0.004119212479257679,1.0,-7,-3.0,False
2023,8,6,PIT,JAX,-0.14369505764214266,1.0,-3,-10.0,False
2023,8,6,TEN,ATL,0.04150620267307957,1.0,7,5.0,True
2023,8,6,WAS,PHI,-0.20808583623044263,1.0,0,-7.0,False
2023,8,6,SEA,CLE,0.2720265100043648,1.0,0,4.0,True
2023,8,6,ARI,BAL,-0.15314354729325957,1.0,0,-7.0,False
2023,8,6,DEN,KC,-0.18625285136117684,1.0,0,15.0,True
2023,8,6,SF,CIN,0.23556608661890457,1.0,-8,-14.0,False
2023,8,6,LAC,CHI,0.002102758174168457,1.0,0,17.0,True
2023,8,6,DET,LV,0.32870494092675095,1.0,0,12.0,True
2023,8,10,BUF,TB,0.09786786547169765,1.0,0,6.0,True
2023,8,10,CAR,HOU,-0.16951416303934413,1.0,0,2.0,True
2023,8,10,DAL,LA,-0.12300960873168554,1.0,6,23.0,True
2023,8,10,GB,MIN,-0.2046026816866875,1.0,1,-14.0,False
2023,8,10,IND,NO,0.1387291816302792,1.0,-3,-11.0,False
2023,8,10,MIA,NE,0.28568437971247196,1.0,0,14.0,True
2023,8,10,NYG,NYJ,-0.016756266757657477,1.0,-7,-3.0,False
2023,8,10,PIT,JAX,-0.1305960453718968,1.0,-3,-10.0,False
2023,8,10,TEN,ATL,0.04474990486728889,1.0,7,5.0,True
2023,8,10,WAS,PHI,-0.2061516857216846,1.0,0,-7.0,False
2023,8,10,SEA,CLE,0.25707800074881115,1.0,0,4.0,True
2023,8,10,ARI,BAL,-0.1342846976320827,1.0,0,-7.0,False
2023,8,10,DEN,KC,-0.19365838828616605,1.0,0,15.0,True
2023,8,10,SF,CIN,0.25158773355461533,1.0,-8,-14.0,False
2023,8,10,LAC,CHI,0.03238425276245479,1.0,0,17.0,True
2023,8,10,DET,LV,0.34161059333876487,1.0,0,12.0,True
2023,8,20,BUF,TB,0.09676606739728234,1.0,0,6.0,True
2023,8,20,CAR,HOU,-0.15783164162593966,1.0,0,2.0,True
2023,8,20,DAL,LA,-0.10830047562401227,1.0,6,23.0,True
2023,8,20,GB,MIN,-0.18702898180341043,1.0,1,-14.0,False
2023,8,20,IND,NO,0.1283280300629276,1.0,-3,-11.0,False
2023,8,20,MIA,NE,0.2939598358625727,1.0,0,14.0,True
2023,8,20,NYG,NYJ,-0.02683563220377623,1.0,-7,-3.0,False
2023,8,20,PIT,JAX,-0.12208494413282203,1.0,-3,-10.0,False
2023,8,20,TEN,ATL,0.046955648238900485,1.0,7,5.0,True
2023,8,20,WAS,PHI,-0.20355424675546407,1.0,0,-7.0,False
2023,8,20,SEA,CLE,0.24612618920831505,1.0,0,4.0,True
2023,8,20,ARI,BAL,-0.12117119074464079,1.0,0,-7.0,False
2023,8,20,DEN,KC,-0.19835819276451688,1.0,0,15.0,True
2023,8,20,SF,CIN,0.26339939017952685,1.0,-8,-14.0,False
2023,8,20,LAC,CHI,0.05478906482552121,1.0,0,17.0,True
2023,8,20,DET,LV,0.3499179735069329,1.0,0,12.0,True
2023,8,50,BUF,TB,0.09616804953821273,1.0,0,6.0,True
2023,8,50,CAR,HOU,-0.15055164055510797,1.0,0,2.0,True
2023,8,50,DAL,LA,-0.09887468802680871,1.0,6,23.0,True
2023,8,50,GB,MIN,-0.17628580252187184,1.0,1,-14.0,False
2023,8,50,IND,NO,0.1225143752430925,1.0,-3,-11.0,False
2023,8,50,MIA,NE,0.29855767679376644,1.0,0,14.0,True
2023,8,50,NYG,NYJ,-0.0331222292800592,1.0,-7,-3.0,False
2023,8,50,PIT,JAX,-0.11758565226694445,1.0,-3,-10.0,False
2023,8,50,TEN,ATL,0.04817695210860325,1.0,7,5.0,True
2023,8,50,WAS,PHI,-0.20149205436803197,1.0,0,-7.0,False
2023,8,50,SEA,CLE,0.2397034349959623,1.0,0,4.0,True
2023,8,50,ARI,BAL,-0.1137623663669186,1.0,0,-7.0,False
2023,8,50,DEN,KC,-0.20079277370065537,1.0,0,15.0,True
2023,8,50,SF,CIN,0.27039843405599795,1.0,-8,-14.0,False
2023,8,50,LAC,CHI,0.06801388054853895,1.0,0,17.0,True
2023,8,50,DET,LV,0.35433745212145057,1.0,0,12.0,True
2023,8,100,BUF,TB,0.09597979451836852,1.0,0,6.0,True
2023,8,100,CAR,HOU,-0.14808210318488585,1.0,0,2.0,True
2023,8,100,DAL,LA,-0.09563559027237979,1.0,6,23.0,True
2023,8,100,GB,MIN,-0.17267871507829133,1.0,1,-14.0,False
2023,8,100,IND,NO,0.12064671327270919,1.0,-3,-11.0,False
2023,8,100,MIA,NE,0.30002653749056485,1.0,0,14.0,True
2023,8,100,NYG,NYJ,-0.03525655623234342,1.0,-7,-3.0,False
2023,8,100,PIT,JAX,-0.11619342246053088,1.0,-3,-10.0,False
2023,8,100,TEN,ATL,0.04856618980079834,1.0,7,5.0,True
2023,8,100,WAS,PHI,-0.20071813411145137,1.0,0,-7.0,False
2023,8,100,SEA,CLE,0.23759128060341633,1.0,0,4.0,True
2023,8,100,ARI,BAL,-0.11137243480187044,1.0,0,-7.0,False
2023,8,100,DEN,KC,-0.2015370086383872,1.0,0,15.0,True
2023,8,100,SF,CIN,0.272716588634034,1.0,-8,-14.0,False
2023,8,100,LAC,CHI,0.07237675348501574,1.0,0,17.0,True
2023,8,100,DET,LV,0.3557169297952392,1.0,0,12.0,True
2023,9,2,PIT,TEN,-0.14738676538617493,1.0,0,4.0,True
2023,9,2,KC,MIA,-0.22547066002883887,0.0,0,7.0,True
2023,9,2,ATL,MIN,-0.3324939676563449,1.0,0,-3.0,False
2023,9,2,BAL,SEA,0.11727647059134062,1.0,0,34.0,True
2023,9,2,CLE,ARI,-0.10752238248362297,1.0,0,27.0,True
2023,9,2,GB,LA,-0.45528235542111956,1.0,0,17.0,True
2023,9,2,HOU,TB,0.30258771606630347,1.0,-3,2.0,True
2023,9,2,NE,WAS,0.10462930214198726,1.0,0,-3.0,False
2023,9,2,NO,CHI,0.06472210364152575,1.0,0,7.0,True
2023,9,2,CAR,IND,-0.10099279309712275,1.0,0,-14.0,False
2023,9,2,LV,NYG,-0.17790122715844645,1.0,-1,24.0,True
2023,9,2,PHI,DAL,-0.11263803912614247,1.0,0,5.0,True
2023,9,2,CIN,BUF,-0.1050630432018205,1.0,-3,6.0,True
2023,9,2,NYJ,LAC,-0.1206970753044906,1.0,0,-21.0,False
2023,9,4,PIT,TEN,-0.09716949349903435,1.0,0,4.0,True
2023,9,4,KC,MIA,-0.18721794903114097,0.0,0,7.0,True
2023,9,4,ATL,MIN,-0.21744065325176076,1.0,0,-3.0,False
2023,9,4,BAL,SEA,0.09351293682461201,1.0,0,34.0,True
2023,9,4,CLE,ARI,-0.13773213038890525,1.0,0,27.0,True
2023,9,4,GB,LA,-0.37956699673853644,1.0,0,17.0,True
2023,9,4,HOU,TB,0.2004721747593117,1.0,-3,2.0,True
2023,9,4,NE,WAS,0.10519882775345446,1.0,0,-3.0,False
2023,9,4,NO,CHI,0.0380206169807589,1.0,0,7.0,True
2023,9,4,CAR,IND,-0.1264359048173598,1.0,0,-14.0,False
2023,9,4,LV,NYG,-0.11311832805918151,1.0,-1,24.0,True
2023,9,4,PHI,DAL,-0.03877259903682142,1.0,0,5.0,True
2023,9,4,CIN,BUF,-0.10720979730784463,1.0,-3,6.0,True
2023,9,4,NYJ,LAC,-0.14629326339302778,1.0,0,-21.0,False
2023,9,6,PIT,TEN,-0.08283057926561303,1.0,0,4.0,True
2023,9,6,KC,MIA,-0.17824291839100886,0.0,0,7.0,True
2023,9,6,ATL,MIN,-0.18154024586018286,1.0,0,-3.0,False
2023,9,6,BAL,SEA,0.08766037677306673,1.0,0,34.0,True
2023,9,6,CLE,ARI,-0.14732084189260236,1.0,0,27.0,True
2023,9,6,GB,LA,-0.34593760849884403,1.0,0,17.0,True
2023,9,6,HOU,TB,0.16187756954366128,1.0,-3,2.0,True
2023,9,6,NE,WAS,0.1026053523462387,1.0,0,-3.0,False
2023,9,6,NO,CHI,0.03885936660314842,1.0,0,7.0,True
2023,9,6,CAR,IND,-0.1309330015549467,1.0,0,-14.0,False
2023,9,6,LV,NYG,-0.08884840532415864,1.0,-1,24.0,True
2023,9,6,PHI,DAL,-0.02303485147780536,1.0,0,5.0,True
2023,9,6,CIN,BUF,-0.10896028034130217,1.0,-3,6.0,True
2023,9,6,NYJ,LAC,-0.15805024665976733,1.0,0,-21.0,False
2023,9,10,PIT,TEN,-0.07313121173964224,1.0,0,4.0,True
2023,9,10,KC,MIA,-0.17248997577650457,0.0,0,7.0,True
2023,9,10,ATL,MIN,-0.15438788404608092,1.0,0,-3.0,False
2023,9,10,BAL,SEA,0.08406694762587505,1.0,0,34.0,True
2023,9,10,CLE,ARI,-0.15430514123559708,1.0,0,27.0,True
2023,9,10,GB,LA,-0.31672931209229,1.0,0,17.0,True
2023,9,10,HOU,TB,0.12995436461281562,1.0,-3,2.0,True
2023,9,10,NE,WAS,0.09933258085792486,1.0,0,-3.0,False
2023,9,10,NO,CHI,0.043345567293949255,1.0,0,7.0,True
2023,9,10,CAR,IND,-0.13315357254271232,1.0,0,-14.0,False
2023,9,10,LV,NYG,-0.06880237051018953,1.0,-1,24.0,True
2023,9,10,PHI,DAL,-0.014575869890623316,1.0,0,5.0,True
2023,9,10,CIN,BUF,-0.11040350810042121,1.0,-3,6.0,True
2023,9,10,NYJ,LAC,-0.16776091370776414,1.0,0,-21.0,False
2023,9,20,PIT,TEN,-0.06713911514679194,1.0,0,4.0,True
2023,9,20,KC,MIA,-0.16897535982655468,0.0,0,7.0,True
2023,9,20,ATL,MIN,-0.13511352101635304,1.0,0,-3.0,False
2023,9,20,BAL,SEA,0.08205716590064102,1.0,0,34.0,True
2023,9,20,CLE,ARI,-0.15900278774207555,1.0,0,27.0,True
2023,9,20,GB,LA,-0.2937920361892001,1.0,0,17.0,True
2023,9,20,HOU,TB,0.10566489641610219,1.0,-3,2.0,True
2023,9,20,NE,WAS,0.09614391954900897,1.0,0,-3.0,False
2023,9,20,NO,CHI,0.04891048431929235,1.0,0,7.0,True
2023,9,20,CAR,IND,-0.13409110763464155,1.0,0,-14.0,False
2023,9,20,LV,NYG,-0.053508005535230635,1.0,-1,24.0,True
2023,9,20,PHI,DAL,-0.010863490556731623,1.0,0,5.0,True
2023,9,20,CIN,BUF,-0.11141672329820443,1.0,-3,6.0,True
2023,9,20,NYJ,LAC,-0.17492897737547874,1.0,0,-21.0,False
2023,9,50,PIT,TEN,-0.06413675674907228,1.0,0,4.0,True
2023,9,50,KC,MIA,-0.16717840922957067,0.0,0,7.0,True
2023,9,50,ATL,MIN,-0.124041851292818,1.0,0,-3.0,False
2023,9,50,BAL,SEA,0.08113917891074418,1.0,0,34.0,True
2023,9,50,CLE,ARI,-0.16156315525849446,1.0,0,27.0,True
2023,9,50,GB,LA,-0.27971061366213334,1.0,0,17.0,True
2023,9,50,HOU,TB,0.09103621107273815,1.0,-3,2.0,True
2023,9,50,NE,WAS,0.09392375685350812,1.0,0,-3.0,False
2023,9,50,NO,CHI,0.053126874406687744,1.0,0,7.0,True
2023,9,50,CAR,IND,-0.134383262765655,1.0,0,-14.0,False
2023,9,50,LV,NYG,-0.04425596154711525,1.0,-1,24.0,True
2023,9,50,PHI,DAL,-0.009773364565592323,1.0,0,5.0,True
2023,9,50,CIN,BUF,-0.11196918993730653,1.0,-3,6.0,True
2023,9,50,NYJ,LAC,-0.17909516535341163,1.0,0,-21.0,False
2023,9,100,PIT,TEN,-0.06324055073485435,1.0,0,4.0,True
2023,9,100,KC,MIA,-0.16662915998690467,0.0,0,7.0,True
2023,9,100,ATL,MIN,-0.12043729115559532,1.0,0,-3.0,False
2023,9,100,BAL,SEA,0.08088113950399244,1.0,0,34.0,True
2023,9,100,CLE,ARI,-0.16237050157947786,1.0,0,27.0,True
2023,9,100,GB,LA,-0.2749748449512304,1.0,0,17.0,True
2023,9,100,HOU,TB,0.08616005132813334,1.0,-3,2.0,True
2023,9,100,NE,WAS,0.09313250857143619,1.0,0,-3.0,False
2023,9,100,NO,CHI,0.054674335677680264,1.0,0,7.0,True
2023,9,100,CAR,IND,-0.13443885773949765,1.0,0,-14.0,False
2023,9,100,LV,NYG,-0.04116242999231376,1.0,-1,24.0,True
2023,9,100,PHI,DAL,-0.009604080559141796,1.0,0,5.0,True
2023,9,100,CIN,BUF,-0.11214146467700045,1.0,-3,6.0,True
2023,9,100,NYJ,LAC,-0.18045287685433176,1.0,0,-21.0,False
2023,10,2,CHI,CAR,0.12260374952576489,1.0,0,3.0,True
2023,10,2,NE,IND,-0.12717304976980137,0.0,0,-4.0,False
2023,10,2,BAL,CLE,0.43206666509093544,1.0,0,-2.0,False
2023,10,2,CIN,HOU,0.1102078113985713,1.0,0,-3.0,False
2023,10,2,JAX,SF,0.03879553167135308,1.0,0,-31.0,False
2023,10,2,MIN,NO,0.04809811386116741,1.0,0,8.0,True
2023,10,2,PIT,GB,0.30179796561950467,1.0,3,4.0,True
2023,10,2,TB,TEN,-0.21350553410973439,1.0,-3,14.0,True
2023,10,2,ARI,ATL,-0.1529009821364095,1.0,0,2.0,True
2023,10,2,LAC,DET,0.04005066736225499,1.0,-7,-3.0,False
2023,10,2,DAL,NYG,0.10744443477691876,1.0,0,32.0,True
2023,10,2,SEA,WAS,-0.02635873839008257,1.0,0,3.0,True
2023,10,2,LV,NYJ,0.16741806683146931,1.0,1,4.0,True
2023,10,2,BUF,DEN,-0.043549675235382196,1.0,-7,-2.0,False
2023,10,4,CHI,CAR,0.1098737311790288,1.0,0,3.0,True
2023,10,4,NE,IND,-0.10571397859842628,0.0,0,-4.0,False
2023,10,4,BAL,CLE,0.3800516306208973,1.0,0,-2.0,False
2023,10,4,CIN,HOU,0.06633088403103525,1.0,0,-3.0,False
2023,10,4,JAX,SF,-0.06664594358102263,1.0,0,-31.0,False
2023,10,4,MIN,NO,0.04934099689449398,1.0,0,8.0,True
2023,10,4,PIT,GB,0.2771431956614466,1.0,3,4.0,True
2023,10,4,TB,TEN,-0.16419481676542075,1.0,-3,14.0,True
2023,10,4,ARI,ATL,-0.08885114948286905,1.0,0,2.0,True
2023,10,4,LAC,DET,-0.034797780718123325,1.0,-7,-3.0,False
2023,10,4,DAL,NYG,0.1506130530072748,1.0,0,32.0,True
2023,10,4,SEA,WAS,0.05289083887992804,1.0,0,3.0,True
2023,10,4,LV,NYJ,0.07256093604827293,1.0,1,4.0,True
2023,10,4,BUF,DEN,0.07805727668031535,1.0,-7,-2.0,False
2023,10,6,CHI,CAR,0.09665879178115369,1.0,0,3.0,True
2023,10,6,NE,IND,-0.09782691534170417,0.0,0,-4.0,False
2023,10,6,BAL,CLE,0.3617771643899781,1.0,0,-2.0,False
2023,10,6,CIN,HOU,0.05501147742078856,1.0,0,-3.0,False
2023,10,6,JAX,SF,-0.10935810663348723,1.0,0,-31.0,False
2023,10,6,MIN,NO,0.04518545571349436,1.0,0,8.0,True
2023,10,6,PIT,GB,0.25710054188460124,1.0,3,4.0,True
2023,10,6,TB,TEN,-0.1373179040721858,1.0,-3,14.0,True
2023,10,6,ARI,ATL,-0.06751219984005605,1.0,0,2.0,True
2023,10,6,LAC,DET,-0.05602534185293673,1.0,-7,-3.0,False
2023,10,6,DAL,NYG,0.1741525527044204,1.0,0,32.0,True
2023,10,6,SEA,WAS,0.0717021286012236,1.0,0,3.0,True
2023,10,6,LV,NYJ,0.047784899530623204,1.0,1,4.0,True
2023,10,6,BUF,DEN,0.11914628776774203,1.0,-7,-2.0,False
2023,10,10,CHI,CAR,0.08234533058599065,1.0,0,3.0,True
2023,10,10,NE,IND,-0.09123573832891867,0.0,0,-4.0,False
2023,10,10,BAL,CLE,0.34752045636966433,1.0,0,-2.0,False
2023,10,10,CIN,HOU,0.048412981439636016,1.0,0,-3.0,False
2023,10,10,JAX,SF,-0.14558506373687785,1.0,0,-31.0,False
2023,10,10,MIN,NO,0.04023192497051359,1.0,0,8.0,True
2023,10,10,PIT,GB,0.23635615813217214,1.0,3,4.0,True
2023,10,10,TB,TEN,-0.11269073383439632,1.0,-3,14.0,True
2023,10,10,ARI,ATL,-0.05106956412477724,1.0,0,2.0,True
2023,10,10,LAC,DET,-0.07088761206672997,1.0,-7,-3.0,False
2023,10,10,DAL,NYG,0.1965577752226182,1.0,0,32.0,True
2023,10,10,SEA,WAS,0.08276634174237119,1.0,0,3.0,True
2023,10,10,LV,NYJ,0.030573588738361593,1.0,1,4.0,True
2023,10,10,BUF,DEN,0.15131911998519582,1.0,-7,-2.0,False
2023,10,20,CHI,CAR,0.06947631628352023,1.0,0,3.0,True
2023,10,20,NE,IND,-0.08614237281738704,0.0,0,-4.0,False
2023,10,20,BAL,CLE,0.33720472900087917,1.0,0,-2.0,False
2023,10,20,CIN,HOU,0.045219382076121424,1.0,0,-3.0,False
2023,10,20,JAX,SF,-0.17365494632080888,1.0,0,-31.0,False
2023,10,20,MIN,NO,0.03564029253173368,1.0,0,8.0,True
2023,10,20,PIT,GB,0.21810363372818747,1.0,3,4.0,True
2023,10,20,TB,TEN,-0.09283390899191682,1.0,-3,14.0,True
2023,10,20,ARI,ATL,-0.03933774288164561,1.0,0,2.0,True
2023,10,20,LAC,DET,-0.08069464584287757,1.0,-7,-3.0,False
2023,10,20,DAL,NYG,0.21547043069682487,1.0,0,32.0,True
2023,10,20,SEA,WAS,0.08845314297987703,1.0,0,3.0,True
2023,10,20,LV,NYJ,0.01914829696676222,1.0,1,4.0,True
2023,10,20,BUF,DEN,0.17472554107633936,1.0,-7,-2.0,False
2023,10,50,CHI,CAR,0.06092766466042909,1.0,0,3.0,True
2023,10,50,NE,IND,-0.08303265917597026,0.0,0,-4.0,False
2023,10,50,BAL,CLE,0.3312116673131202,1.0,0,-2.0,False
2023,10,50,CIN,HOU,0.044101141075311254,1.0,0,-3.0,False
2023,10,50,JAX,SF,-0.19076470236734544,1.0,0,-31.0,False
2023,10,50,MIN,NO,0.03255712761766666,1.0,0,8.0,True
2023,10,50,PIT,GB,0.20609290221367918,1.0,3,4.0,True
2023,10,50,TB,TEN,-0.08051408292108353,1.0,-3,14.0,True
2023,10,50,ARI,ATL,-0.03261841687033615,1.0,0,2.0,True
2023,10,50,LAC,DET,-0.08602004242550601,1.0,-7,-3.0,False
2023,10,50,DAL,NYG,0.22767969329646617,1.0,0,32.0,True
2023,10,50,SEA,WAS,0.09073048461633598,1.0,0,3.0,True
2023,10,50,LV,NYJ,0.012881176334776201,1.0,1,4.0,True
2023,10,50,BUF,DEN,0.1883733366781186,1.0,-7,-2.0,False
2023,10,100,CHI,CAR,0.057947846924923704,1.0,0,3.0,True
2023,10,100,NE,IND,-0.08198820823566247,0.0,0,-4.0,False
2023,10,100,BAL,CLE,0.32925035062359226,1.0,0,-2.0,False
2023,10,100,CIN,HOU,0.043867230763200385,1.0,0,-3.0,False
2023,10,100,JAX,SF,-0.19650158552232877,1.0,0,-31.0,False
2023,10,100,MIN,NO,0.031478639656228956,1.0,0,8.0,True
2023,10,100,PIT,GB,0.2019200400474441,1.0,3,4.0,True
2023,10,100,TB,TEN,-0.07635835205314424,1.0,-3,14.0,True
2023,10,100,ARI,ATL,-0.030439281252692713,1.0,0,2.0,True
2023,10,100,LAC,DET,-0.08770285842535794,1.0,-7,-3.0,False
2023,10,100,DAL,NYG,0.23189142970265814,1.0,0,32.0,True
2023,10,100,SEA,WAS,0.09129654960914255,1.0,0,3.0,True
2023,10,100,LV,NYJ,0.010887302889082587,1.0,1,4.0,True
2023,10,100,BUF,DEN,0.19284653760866863,1.0,-7,-2.0,False
2023,11,2,BAL,CIN,0.1236229587529405,1.0,0,14.0,True
2023,11,2,CAR,DAL,-0.4106468790687231,1.0,3,-23.0,False
2023,11,2,CLE,PIT,-0.061153957360259234,1.0,0,3.0,True
2023,11,2,DET,CHI,0.07910685861068785,1.0,-3,5.0,True
2023,11,2,GB,LAC,-0.24111010579041076,1.0,0,3.0,True
2023,11,2,HOU,ARI,0.33483386501860823,1.0,0,5.0,True
2023,11,2,JAX,TEN,0.0014732854653526362,1.0,0,20.0,True
2023,11,2,MIA,LV,0.004308462618732328,1.0,7,7.0,True
2023,11,2,WAS,NYG,0.23792776766882318,1.0,0,-12.0,False
2023,11,2,SF,TB,0.29115036663588345,1.0,0,13.0,True
2023,11,2,BUF,NYJ,0.09700776521795285,1.0,-1,26.0,True
2023,11,2,LA,SEA,-0.02342044863406803,1.0,7,1.0,True
2023,11,2,DEN,MIN,-0.2352609384652931,1.0,-1,1.0,True
2023,11,2,KC,PHI,-0.08184351134187223,1.0,0,-4.0,False
2023,11,4,BAL,CIN,0.10371634369882186,1.0,0,14.0,True
2023,11,4,CAR,DAL,-0.33086154228911,1.0,3,-23.0,False
2023,11,4,CLE,PIT,-0.11089468519041512,1.0,0,3.0,True
2023,11,4,DET,CHI,0.15162313270497133,1.0,-3,5.0,True
2023,11,4,GB,LAC,-0.2654073544813982,1.0,0,3.0,True
2023,11,4,HOU,ARI,0.27126605527778674,1.0,0,5.0,True
2023,11,4,JAX,TEN,0.04116571810151019,1.0,0,20.0,True
2023,11,4,MIA,LV,0.1547186597610109,1.0,7,7.0,True
2023,11,4,WAS,NYG,0.14571101873424114,1.0,0,-12.0,False
2023,11,4,SF,TB,0.2969462002043557,1.0,0,13.0,True
2023,11,4,BUF,NYJ,0.14932833348197644,1.0,-1,26.0,True
2023,11,4,LA,SEA,0.006573956275873344,1.0,7,1.0,True
2023,11,4,DEN,MIN,-0.19407415670156788,1.0,-1,1.0,True
2023,11,4,KC,PHI,-0.036878823011549294,1.0,0,-4.0,False
2023,11,6,BAL,CIN,0.09585392423898252,1.0,0,14.0,True
2023,11,6,CAR,DAL,-0.3076754055480433,1.0,3,-23.0,False
2023,11,6,CLE,PIT,-0.12298206810573921,1.0,0,3.0,True
2023,11,6,DET,CHI,0.17983480204215913,1.0,-3,5.0,True
2023,11,6,GB,LAC,-0.2645144213187641,1.0,0,3.0,True
2023,11,6,HOU,ARI,0.2429164609905802,1.0,0,5.0,True
2023,11,6,JAX,TEN,0.04936023961348468,1.0,0,20.0,True
2023,11,6,MIA,LV,0.21147738501774604,1.0,7,7.0,True
2023,11,6,WAS,NYG,0.12816541177144455,1.0,0,-12.0,False
2023,11,6,SF,TB,0.30068193285455963,1.0,0,13.0,True
2023,11,6,BUF,NYJ,0.1729920999448022,1.0,-1,26.0,True
2023,11,6,LA,SEA,0.010016894174250368,1.0,7,1.0,True
2023,11,6,DEN,MIN,-0.17932363735447598,1.0,-1,1.0,True
2023,11,6,KC,PHI,-0.02358298459713408,1.0,0,-4.0,False
2023,11,10,BAL,CIN,0.0893852056463551,1.0,0,14.0,True
2023,11,10,CAR,DAL,-0.2916179731774446,1.0,3,-23.0,False
2023,11,10,CLE,PIT,-0.1298297423012306,1.0,0,3.0,True
2023,11,10,DET,CHI,0.20282344781557266,1.0,-3,5.0,True
2023,11,10,GB,LAC,-0.2593147349944751,1.0,0,3.0,True
2023,11,10,HOU,ARI,0.21806918903474687,1.0,0,5.0,True
2023,11,10,JAX,TEN,0.054523569439922245,1.0,0,20.0,True
2023,11,10,MIA,LV,0.25769954470918194,1.0,7,7.0,True
2023,11,10,WAS,NYG,0.12034986722332544,1.0,0,-12.0,False
2023,11,10,SF,TB,0.3040250673955194,1.0,0,13.0,True
2023,11,10,BUF,NYJ,0.19398301994203765,1.0,-1,26.0,True
2023,11,10,LA,SEA,0.010436150717948556,1.0,7,1.0,True
2023,11,10,DEN,MIN,-0.1671318743499406,1.0,-1,1.0,True
2023,11,10,KC,PHI,-0.013945326657449783,1.0,0,-4.0,False
2023,11,20,BAL,CIN,0.08453100268532972,1.0,0,14.0,True
2023,11,20,CAR,DAL,-0.28141066506991097,1.0,3,-23.0,False
2023,11,20,CLE,PIT,-0.1330022967302353,1.0,0,3.0,True
2023,11,20,DET,CHI,0.2199157660963911,1.0,-3,5.0,True
2023,11,20,GB,LAC,-0.2525866520489673,1.0,0,3.0,True
2023,11,20,HOU,ARI,0.19843480816202974,1.0,0,5.0,True
2023,11,20,JAX,TEN,0.05779562936690853,1.0,0,20.0,True
2023,11,20,MIA,LV,0.29221416464208855,1.0,7,7.0,True
2023,11,20,WAS,NYG,0.11838323911663809,1.0,0,-12.0,False
2023,11,20,SF,TB,0.3067234753448759,1.0,0,13.0,True
2023,11,20,BUF,NYJ,0.21070577892438633,1.0,-1,26.0,True
2023,11,20,LA,SEA,0.009561593529722518,1.0,7,1.0,True
2023,11,20,DEN,MIN,-0.15780700752100071,1.0,-1,1.0,True
2023,11,20,KC,PHI,-0.007349097839752225,1.0,0,-4.0,False
2023,11,50,BAL,CIN,0.08164693031776295,1.0,0,14.0,True
2023,11,50,CAR,DAL,-0.276145998593731,1.0,3,-23.0,False
2023,11,50,CLE,PIT,-0.1340224888062966,1.0,0,3.0,True
2023,11,50,DET,CHI,0.22999301430708485,1.0,-3,5.0,True
2023,11,50,GB,LAC,-0.2473633974795849,1.0,0,3.0,True
2023,11,50,HOU,ARI,0.18634267782917155,1.0,0,5.0,True
2023,11,50,JAX,TEN,0.05957743831394211,1.0,0,20.0,True
2023,11,50,MIA,LV,0.3126592235973574,1.0,7,7.0,True
2023,11,50,WAS,NYG,0.11884619027325866,1.0,0,-12.0,False
2023,11,50,SF,TB,0.308436286977764,1.0,0,13.0,True
2023,11,50,BUF,NYJ,0.22104986617154326,1.0,-1,26.0,True
2023,11,50,LA,SEA,0.008621181860400905,1.0,7,1.0,True
2023,11,50,DEN,MIN,-0.1521601475235944,1.0,-1,1.0,True
2023,11,50,KC,PHI,-0.00365332413343486,1.0,0,-4.0,False
2023,11,100,BAL,CIN,0.08069305328933357,1.0,0,14.0,True
2023,11,100,CAR,DAL,-0.27454383494201895,1.0,3,-23.0,False
2023,11,100,CLE,PIT,-0.13420950625963288,1.0,0,3.0,True
2023,11,100,DET,CHI,0.2333111930274963,1.0,-3,5.0,True
2023,11,100,GB,LAC,-0.24542548723392335,1.0,0,3.0,True
2023,11,100,HOU,ARI,0.1822712674138498,1.0,0,5.0,True
2023,11,100,JAX,TEN,0.06014750918588487,1.0,0,20.0,True
2023,11,100,MIA,LV,0.31940962494261144,1.0,7,7.0,True
2023,11,100,WAS,NYG,0.11927529988986871,1.0,0,-12.0,False
2023,11,100,SF,TB,0.3090258570274474,1.0,0,13.0,True
2023,11,100,BUF,NYJ,0.2245386505530844,1.0,-1,26.0,True
2023,11,100,LA,SEA,0.008247028234378513,1.0,7,1.0,True
2023,11,100,DEN,MIN,-0.1502719735068736,1.0,-1,1.0,True
2023,11,100,KC,PHI,-0.002464349044099659,1.0,0,-4.0,False
2023,12,2,DET,GB,0.09490223847985294,1.0,0,-7.0,False
2023,12,2,DAL,WAS,0.357814434840282,1.0,0,35.0,True
2023,12,2,SEA,SF,-0.34291660777924654,1.0,0,-18.0,False
2023,12,2,NYJ,MIA,-0.41593197433585194,1.0,0,-21.0,False
2023,12,2,ATL,NO,0.01638624193470266,1.0,0,9.0,True
2023,12,2,CIN,PIT,-0.1375784577464221,1.0,3,-6.0,False
2023,12,2,HOU,JAX,-0.0032145394421319168,1.0,0,-3.0,False
2023,12,2,IND,TB,0.15586628281994774,1.0,7,7.0,True
2023,12,2,NYG,NE,-0.025143732344990982,1.0,-7,3.0,True
2023,12,2,TEN,CAR,0.07561367352004711,1.0,0,7.0,True
2023,12,2,ARI,LA,0.1034104960806722,1.0,0,-23.0,False
2023,12,2,DEN,CLE,0.14998535629020696,1.0,0,17.0,True
2023,12,2,LV,KC,-0.15823912233171017,1.0,1,-14.0,False
2023,12,2,PHI,BUF,0.03847752531088136,1.0,-1,3.0,True
2023,12,2,LAC,BAL,-0.0476173552114971,1.0,-3,-10.0,False
2023,12,2,MIN,CHI,0.095266693006426,1.0,0,-2.0,False
2023,12,4,DET,GB,0.18708634149954434,1.0,0,-7.0,False
2023,12,4,DAL,WAS,0.28339953376352867,1.0,0,35.0,True
2023,12,4,SEA,SF,-0.30567815947554233,1.0,0,-18.0,False
2023,12,4,NYJ,MIA,-0.35501915434080245,1.0,0,-21.0,False
2023,12,4,ATL,NO,-0.029256993628106305,1.0,0,9.0,True
2023,12,4,CIN,PIT,-0.055022932492656274,1.0,3,-6.0,False
2023,12,4,HOU,JAX,0.01382155416599131,1.0,0,-3.0,False
2023,12,4,IND,TB,0.1273783926208935,1.0,7,7.0,True
2023,12,4,NYG,NE,-0.07556547134638239,1.0,-7,3.0,True
2023,12,4,TEN,CAR,0.12340024782158854,1.0,0,7.0,True
2023,12,4,ARI,LA,0.018549432733518764,1.0,0,-23.0,False
2023,12,4,DEN,CLE,0.13314185793994412,1.0,0,17.0,True
2023,12,4,LV,KC,-0.17275973741372075,1.0,1,-14.0,False
2023,12,4,PHI,BUF,0.03305086060152064,1.0,-1,3.0,True
2023,12,4,LAC,BAL,-0.04728600809326351,1.0,-3,-10.0,False
2023,12,4,MIN,CHI,0.12230753851433451,1.0,0,-2.0,False
2023,12,6,DET,GB,0.21732662184600063,1.0,0,-7.0,False
2023,12,6,DAL,WAS,0.25776114379853593,1.0,0,35.0,True
2023,12,6,SEA,SF,-0.3000816581753561,1.0,0,-18.0,False
2023,12,6,NYJ,MIA,-0.34703282937622926,1.0,0,-21.0,False
2023,12,6,ATL,NO,-0.03993386375247169,1.0,0,9.0,True
2023,12,6,CIN,PIT,-0.02301182084751193,1.0,3,-6.0,False
2023,12,6,HOU,JAX,0.014176172941761815,1.0,0,-3.0,False
2023,12,6,IND,TB,0.11162627660421381,1.0,7,7.0,True
2023,12,6,NYG,NE,-0.09579040025822282,1.0,-7,3.0,True
2023,12,6,TEN,CAR,0.13122176470088698,1.0,0,7.0,True
2023,12,6,ARI,LA,-0.006173176742792448,1.0,0,-23.0,False
2023,12,6,DEN,CLE,0.12385312613245361,1.0,0,17.0,True
2023,12,6,LV,KC,-0.18762480393800562,1.0,1,-14.0,False
2023,12,6,PHI,BUF,0.02195620019238105,1.0,-1,3.0,True
2023,12,6,LAC,BAL,-0.04670232158598256,1.0,-3,-10.0,False
2023,12,6,MIN,CHI,0.1267242780312532,1.0,0,-2.0,False
2023,12,10,DET,GB,0.23826369299946626,1.0,0,-7.0,False
2023,12,10,DAL,WAS,0.23808296102869306,1.0,0,35.0,True
2023,12,10,SEA,SF,-0.29937355138594685,1.0,0,-18.0,False
2023,12,10,NYJ,MIA,-0.3459713608114491,1.0,0,-21.0,False
2023,12,10,ATL,NO,-0.04685178882998345,1.0,0,9.0,True
2023,12,10,CIN,PIT,0.0038885284414359456,1.0,3,-6.0,False
2023,12,10,HOU,JAX,0.012400930918242743,1.0,0,-3.0,False
2023,12,10,IND,TB,0.09649719498128582,1.0,7,7.0,True
2023,12,10,NYG,NE,-0.11370743323764836,1.0,-7,3.0,True
2023,12,10,TEN,CAR,0.13347882830871352,1.0,0,7.0,True
2023,12,10,ARI,LA,-0.022740775003144385,1.0,0,-23.0,False
2023,12,10,DEN,CLE,0.11503829011765139,1.0,0,17.0,True
2023,12,10,LV,KC,-0.2025622366200786,1.0,1,-14.0,False
2023,12,10,PHI,BUF,0.010083500244408697,1.0,-1,3.0,True
2023,12,10,LAC,BAL,-0.046482693419320265,1.0,-3,-10.0,False
2023,12,10,MIN,CHI,0.12903165462030414,1.0,0,-2.0,False
2023,12,20,DET,GB,0.25100073921669375,1.0,0,-7.0,False
2023,12,20,DAL,WAS,0.22420109114551762,1.0,0,35.0,True
2023,12,20,SEA,SF,-0.301299423465002,1.0,0,-18.0,False
2023,12,20,NYJ,MIA,-0.3481459403847018,1.0,0,-21.0,False
2023,12,20,ATL,NO,-0.051151234078388355,1.0,0,9.0,True
2023,12,20,CIN,PIT,0.02466644221288519,1.0,3,-6.0,False
2023,12,20,HOU,JAX,0.009777797729265979,1.0,0,-3.0,False
2023,12,20,IND,TB,0.0838153235650744,1.0,7,7.0,True
2023,12,20,NYG,NE,-0.1282095037386543,1.0,-7,3.0,True
2023,12,20,TEN,CAR,0.13271232111098313,1.0,0,7.0,True
2023,12,20,ARI,LA,-0.03291740476887837,1.0,0,-23.0,False
2023,12,20,DEN,CLE,0.10774601347638911,1.0,0,17.0,True
2023,12,20,LV,KC,-0.21509264927058663,1.0,1,-14.0,False
2023,12,20,PHI,BUF,-0.00034710062472834147,1.0,-1,3.0,True
2023,12,20,LAC,BAL,-0.046656661522385054,1.0,-3,-10.0,False
2023,12,20,MIN,CHI,0.13031162339512325,1.0,0,-2.0,False
2023,12,50,DET,GB,0.2571336493319568,1.0,0,-7.0,False
2023,12,50,DAL,WAS,0.21634384109912103,1.0,0,35.0,True
2023,12,50,SEA,SF,-0.30351350790967946,1.0,0,-18.0,False
2023,12,50,NYJ,MIA,-0.35056000014095073,1.0,0,-21.0,False
2023,12,50,ATL,NO,-0.05339109133231966,1.0,0,9.0,True
2023,12,50,CIN,PIT,0.037330964266262166,1.0,3,-6.0,False
2023,12,50,HOU,JAX,0.007643607283457865,1.0,0,-3.0,False
2023,12,50,IND,TB,0.0757404434462265,1.0,7,7.0,True
2023,12,50,NYG,NE,-0.13734077733021258,1.0,-7,3.0,True
2023,12,50,TEN,CAR,0.13125151565624588,1.0,0,7.0,True
2023,12,50,ARI,LA,-0.038042730914167905,1.0,0,-23.0,False
2023,12,50,DEN,CLE,0.10315046911568156,1.0,0,17.0,True
2023,12,50,LV,KC,-0.22298578001379904,1.0,1,-14.0,False
2023,12,50,PHI,BUF,-0.007152143488860049,1.0,-1,3.0,True
2023,12,50,LAC,BAL,-0.04696220683769228,1.0,-3,-10.0,False
2023,12,50,MIN,CHI,0.13098659424056255,1.0,0,-2.0,False
2023,12,100,DET,GB,0.25890164854968634,1.0,0,-7.0,False
2023,12,100,DAL,WAS,0.21381365938775626,1.0,0,35.0,True
2023,12,100,SEA,SF,-0.3044305028693589,1.0,0,-18.0,False
2023,12,100,NYJ,MIA,-0.3515335276271552,1.0,0,-21.0,False
2023,12,100,ATL,NO,-0.05408425214651377,1.0,0,9.0,True
2023,12,100,CIN,PIT,0.04158021617828656,1.0,3,-6.0,False
2023,12,100,HOU,JAX,0.006836171609201851,1.0,0,-3.0,False
2023,12,100,IND,TB,0.07298243565004126,1.0,7,7.0,True
2023,12,100,NYG,NE,-0.14045368826163318,1.0,-7,3.0,True
2023,12,100,TEN,CAR,0.13060261352197233,1.0,0,7.0,True
2023,12,100,ARI,LA,-0.039586638459775676,1.0,0,-23.0,False
2023,12,100,DEN,CLE,0.10158938747111668,1.0,0,17.0,True
2023,12,100,LV,KC,-0.2256600703594083,1.0,1,-14.0,False
2023,12,100,PHI,BUF,-0.009502569338712907,1.0,-1,3.0,True
2023,12,100,LAC,BAL,-0.0471036766791145,1.0,-3,-10.0,False
2023,12,100,MIN,CHI,0.13120584895653803,1.0,0,-2.0,False
2023,13,2,DAL,SEA,0.32724490039188714,1.0,0,6.0,True
2023,13,2,HOU,DEN,-0.0883753526851081,1.0,0,5.0,True
2023,13,2,NE,LAC,-0.04055885465922881,1.0,0,-6.0,False
2023,13,2,NO,DET,-0.07132214797484335,1.0,-3,-5.0,False
2023,13,2,NYJ,ATL,-0.3818969179740239,1.0,2,-5.0,False
2023,13,2,PIT,ARI,0.2249870028068819,1.0,0,-14.0,False
2023,13,2,TEN,IND,-0.06576634379326299,1.0,0,-3.0,False
2023,13,2,WAS,MIA,-0.4783020729141447,1.0,1,-30.0,False
2023,13,2,TB,CAR,0.18886994630369833,1.0,0,3.0,True
2023,13,2,LA,CLE,0.2411739647406911,1.0,0,17.0,True
2023,13,2,PHI,SF,-0.16613004222047922,1.0,-3,-23.0,False
2023,13,2,GB,KC,0.013330668799832766,1.0,3,8.0,True
2023,13,2,JAX,CIN,0.05969992850400625,1.0,0,-3.0,False
2023,13,4,DAL,SEA,0.24752172252892,1.0,0,6.0,True
2023,13,4,HOU,DEN,-0.0023844100078053293,1.0,0,5.0,True
2023,13,4,NE,LAC,-0.09536675007648077,1.0,0,-6.0,False
2023,13,4,NO,DET,-0.09322834867173728,1.0,-3,-5.0,False
2023,13,4,NYJ,ATL,-0.23116036796436676,1.0,2,-5.0,False
2023,13,4,PIT,ARI,0.1619035809400955,1.0,0,-14.0,False
2023,13,4,TEN,IND,-0.06677587075036623,1.0,0,-3.0,False
2023,13,4,WAS,MIA,-0.36622846527751174,1.0,1,-30.0,False
2023,13,4,TB,CAR,0.16708528547971843,1.0,0,3.0,True
2023,13,4,LA,CLE,0.17838799105207218,1.0,0,17.0,True
2023,13,4,PHI,SF,-0.14353090669981555,1.0,-3,-23.0,False
2023,13,4,GB,KC,-0.08751061441305537,1.0,3,8.0,True
2023,13,4,JAX,CIN,0.05178164874270703,1.0,0,-3.0,False
2023,13,6,DAL,SEA,0.21595162703252185,1.0,0,6.0,True
2023,13,6,HOU,DEN,0.030068252874411158,1.0,0,5.0,True
2023,13,6,NE,LAC,-0.11032121630808261,1.0,0,-6.0,False
2023,13,6,NO,DET,-0.10877049871344632,1.0,-3,-5.0,False
2023,13,6,NYJ,ATL,-0.1873871640936155,1.0,2,-5.0,False
2023,13,6,PIT,ARI,0.13319548481599697,1.0,0,-14.0,False
2023,13,6,TEN,IND,-0.0665496189181675,1.0,0,-3.0,False
2023,13,6,WAS,MIA,-0.3377812116539757,1.0,1,-30.0,False
2023,13,6,TB,CAR,0.16153201053686367,1.0,0,3.0,True
2023,13,6,LA,CLE,0.16703305147348918,1.0,0,17.0,True
2023,13,6,PHI,SF,-0.1444816690127983,1.0,-3,-23.0,False
2023,13,6,GB,KC,-0.12184936773426858,1.0,3,8.0,True
2023,13,6,JAX,CIN,0.04565795317564701,1.0,0,-3.0,False
2023,13,10,DAL,SEA,0.19089513434847077,1.0,0,6.0,True
2023,13,10,HOU,DEN,0.05542706415628909,1.0,0,5.0,True
2023,13,10,NE,LAC,-0.1197887115120978,1.0,0,-6.0,False
2023,13,10,NO,DET,-0.12291321499855135,1.0,-3,-5.0,False
2023,13,10,NYJ,ATL,-0.15690322704231374,1.0,2,-5.0,False
2023,13,10,PIT,ARI,0.10692137677266632,1.0,0,-14.0,False
2023,13,10,TEN,IND,-0.06715440460339353,1.0,0,-3.0,False
2023,13,10,WAS,MIA,-0.31944976838941574,1.0,1,-30.0,False
2023,13,10,TB,CAR,0.1587516165140198,1.0,0,3.0,True
2023,13,10,LA,CLE,0.16138149501263432,1.0,0,17.0,True
2023,13,10,PHI,SF,-0.14992117100160693,1.0,-3,-23.0,False
2023,13,10,GB,KC,-0.1467506461060111,1.0,3,8.0,True
2023,13,10,JAX,CIN,0.03888605124011745,1.0,0,-3.0,False
2023,13,20,DAL,SEA,0.17316024226757654,1.0,0,6.0,True
2023,13,20,HOU,DEN,0.0732082495022936,1.0,0,5.0,True
2023,13,20,NE,LAC,-0.12504144814226334,1.0,0,-6.0,False
2023,13,20,NO,DET,-0.13363023723182052,1.0,-3,-5.0,False
2023,13,20,NYJ,ATL,-0.13715955069979446,1.0,2,-5.0,False
2023,13,20,PIT,ARI,0.08538155504284557,1.0,0,-14.0,False
2023,13,20,TEN,IND,-0.06832485984225174,1.0,0,-3.0,False
2023,13,20,WAS,MIA,-0.3082213280949717,1.0,1,-30.0,False
2023,13,20,TB,CAR,0.15790528316861815,1.0,0,3.0,True
2023,13,20,LA,CLE,0.15881267079281552,1.0,0,17.0,True
2023,13,20,PHI,SF,-0.15701386291102395,1.0,-3,-23.0,False
2023,13,20,GB,KC,-0.16287067845951675,1.0,3,8.0,True
2023,13,20,JAX,CIN,0.032702393620314296,1.0,0,-3.0,False
2023,13,50,DAL,SEA,0.163261195304976,1.0,0,6.0,True
2023,13,50,HOU,DEN,0.08308290393747284,1.0,0,5.0,True
2023,13,50,NE,LAC,-0.12733418999993082,1.0,0,-6.0,False
2023,13,50,NO,DET,-0.13979698153462397,1.0,-3,-5.0,False
2023,13,50,NYJ,ATL,-0.12668213478778823,1.0,2,-5.0,False
2023,13,50,PIT,ARI,0.07178556723728148,1.0,0,-14.0,False
2023,13,50,TEN,IND,-0.06937715828893472,1.0,0,-3.0,False
2023,13,50,WAS,MIA,-0.3024200315295518,1.0,1,-30.0,False
2023,13,50,TB,CAR,0.15795823547057014,1.0,0,3.0,True
2023,13,50,LA,CLE,0.15781713031450512,1.0,0,17.0,True
2023,13,50,PHI,SF,-0.16254701929310716,1.0,-3,-23.0,False
2023,13,50,GB,KC,-0.1711858872362915,1.0,3,8.0,True
2023,13,50,JAX,CIN,0.02857185149533828,1.0,0,-3.0,False
2023,13,100,DAL,SEA,0.16011607309367948,1.0,0,6.0,True
2023,13,100,HOU,DEN,0.08621370809663288,1.0,0,5.0,True
2023,13,100,NE,LAC,-0.12794747665583123,1.0,0,-6.0,False
2023,13,100,NO,DET,-0.14177703289529126,1.0,-3,-5.0,False
2023,13,100,NYJ,ATL,-0.12342186912144881,1.0,2,-5.0,False
2023,13,100,PIT,ARI,0.06715369125989609,1.0,0,-14.0,False
2023,13,100,TEN,IND,-0.06978974721621406,1.0,0,-3.0,False
2023,13,100,WAS,MIA,-0.3006266593879464,1.0,1,-30.0,False
2023,13,100,TB,CAR,0.1580716212776866,1.0,0,3.0,True
2023,13,100,LA,CLE,0.1575600476008038,1.0,0,17.0,True
2023,13,100,PHI,SF,-0.16460464098831157,1.0,-3,-23.0,False
2023,13,100,GB,KC,-0.1737036352207917,1.0,3,8.0,True
2023,13,100,JAX,CIN,0.02713092930131765,1.0,0,-3.0,False
2023,14,2,PIT,NE,0.17913380721977323,1.0,0,-3.0,False
2023,14,2,ATL,TB,0.15717215418581615,1.0,0,-4.0,False
2023,14,2,BAL,LA,0.011356132374453057,1.0,7,6.0,True
2023,14,2,CHI,DET,0.101778763831859,1.0,6,15.0,True
2023,14,2,CIN,IND,-0.0904377620452562,1.0,-1,20.0,True
2023,14,2,CLE,JAX,-0.12000139648390658,1.0,1,4.0,True
2023,14,2,NO,CAR,0.18933857956323286,1.0,0,22.0,True
2023,14,2,NYJ,HOU,-0.386440201183192,1.0,0,24.0,True
2023,14,2,LV,MIN,-0.11432743120558875,1.0,1,-3.0,False
2023,14,2,SF,SEA,0.2963309673517973,1.0,-3,12.0,True
2023,14,2,KC,BUF,-0.08411529924560891,1.0,-7,-3.0,False
2023,14,2,LAC,DEN,-0.05425618770814072,1.0,0,-17.0,False
2023,14,2,DAL,PHI,0.11668447025453116,1.0,3,20.0,True
2023,14,2,MIA,TEN,0.3149809966795101,1.0,0,-1.0,False
2023,14,2,NYG,GB,-0.21883659315271575,1.0,7,2.0,True
2023,14,4,PIT,NE,0.15173064245047987,1.0,0,-3.0,False
2023,14,4,ATL,TB,0.08661305944464386,1.0,0,-4.0,False
2023,14,4,BAL,LA,0.06264859244036308,1.0,7,6.0,True
2023,14,4,CHI,DET,-0.014459320147592339,1.0,6,15.0,True
2023,14,4,CIN,IND,-0.04298843112771042,1.0,-1,20.0,True
2023,14,4,CLE,JAX,-0.1534762924657473,1.0,1,4.0,True
2023,14,4,NO,CAR,0.20795082551996086,1.0,0,22.0,True
2023,14,4,NYJ,HOU,-0.3268469257849542,1.0,0,24.0,True
2023,14,4,LV,MIN,-0.13639877629239894,1.0,1,-3.0,False
2023,14,4,SF,SEA,0.28108474643302717,1.0,-3,12.0,True
2023,14,4,KC,BUF,-0.04375077147488464,1.0,-7,-3.0,False
2023,14,4,LAC,DEN,-0.0005979691533852111,1.0,0,-17.0,False
2023,14,4,DAL,PHI,0.07727289256844729,1.0,3,20.0,True
2023,14,4,MIA,TEN,0.2437458857941078,1.0,0,-1.0,False
2023,14,4,NYG,GB,-0.17663924822470156,1.0,7,2.0,True
2023,14,6,PIT,NE,0.13117181958253402,1.0,0,-3.0,False
2023,14,6,ATL,TB,0.05459743251885139,1.0,0,-4.0,False
2023,14,6,BAL,LA,0.07942521363394908,1.0,7,6.0,True
2023,14,6,CHI,DET,-0.06957583726839277,1.0,6,15.0,True
2023,14,6,CIN,IND,-0.021858504040923973,1.0,-1,20.0,True
2023,14,6,CLE,JAX,-0.1689524814562005,1.0,1,4.0,True
2023,14,6,NO,CAR,0.2086226969801628,1.0,0,22.0,True
2023,14,6,NYJ,HOU,-0.30228780664792243,1.0,0,24.0,True
2023,14,6,LV,MIN,-0.13905994963106186,1.0,1,-3.0,False
2023,14,6,SF,SEA,0.27783865039392946,1.0,-3,12.0,True
2023,14,6,KC,BUF,-0.031004283428143854,1.0,-7,-3.0,False
2023,14,6,LAC,DEN,0.0306302797133835,1.0,0,-17.0,False
2023,14,6,DAL,PHI,0.061361166190294004,1.0,3,20.0,True
2023,14,6,MIA,TEN,0.22699166278718425,1.0,0,-1.0,False
2023,14,6,NYG,GB,-0.1623380396340711,1.0,7,2.0,True
2023,14,10,PIT,NE,0.1095881295537975,1.0,0,-3.0,False
2023,14,10,ATL,TB,0.02612467774281871,1.0,0,-4.0,False
2023,14,10,BAL,LA,0.09153473854198192,1.0,7,6.0,True
2023,14,10,CHI,DET,-0.1182317106263932,1.0,6,15.0,True
2023,14,10,CIN,IND,-0.00425077462444267,1.0,-1,20.0,True
2023,14,10,CLE,JAX,-0.18123227996627606,1.0,1,4.0,True
2023,14,10,NO,CAR,0.20581774896600624,1.0,0,22.0,True
2023,14,10,NYJ,HOU,-0.2817861570728894,1.0,0,24.0,True
2023,14,10,LV,MIN,-0.13901385287374743,1.0,1,-3.0,False
2023,14,10,SF,SEA,0.27779010526601905,1.0,-3,12.0,True
2023,14,10,KC,BUF,-0.022713792518408008,1.0,-7,-3.0,False
2023,14,10,LAC,DEN,0.05967771935547374,1.0,0,-17.0,False
2023,14,10,DAL,PHI,0.049111506500164076,1.0,3,20.0,True
2023,14,10,MIA,TEN,0.21925705278611282,1.0,0,-1.0,False
2023,14,10,NYG,GB,-0.1534769330691397,1.0,7,2.0,True
2023,14,20,PIT,NE,0.09039543563655568,1.0,0,-3.0,False
2023,14,20,ATL,TB,0.0033889348125078766,1.0,0,-4.0,False
2023,14,20,BAL,LA,0.09962718320779206,1.0,7,6.0,True
2023,14,20,CHI,DET,-0.1561714474268622,1.0,6,15.0,True
2023,14,20,CIN,IND,0.00883037106854117,1.0,-1,20.0,True
2023,14,20,CLE,JAX,-0.18970205776502863,1.0,1,4.0,True
2023,14,20,NO,CAR,0.20166756016791326,1.0,0,22.0,True
2023,14,20,NYJ,HOU,-0.26616647464700927,1.0,0,24.0,True
2023,14,20,LV,MIN,-0.1376921527323684,1.0,1,-3.0,False
2023,14,20,SF,SEA,0.27980399657596283,1.0,-3,12.0,True
2023,14,20,KC,BUF,-0.018164748130083758,1.0,-7,-3.0,False
2023,14,20,LAC,DEN,0.0829993805702693,1.0,0,-17.0,False
2023,14,20,DAL,PHI,0.04095812343424558,1.0,3,20.0,True
2023,14,20,MIA,TEN,0.21735948459797705,1.0,0,-1.0,False
2023,14,20,NYG,GB,-0.14936904952408964,1.0,7,2.0,True
2023,14,50,PIT,NE,0.0777072326869975,1.0,0,-3.0,False
2023,14,50,ATL,TB,-0.010684270947849746,1.0,0,-4.0,False
2023,14,50,BAL,LA,0.10404815191288386,1.0,7,6.0,True
2023,14,50,CHI,DET,-0.1790551351508588,1.0,6,15.0,True
2023,14,50,CIN,IND,0.01646270785264122,1.0,-1,20.0,True
2023,14,50,CLE,JAX,-0.19428584895560713,1.0,1,4.0,True
2023,14,50,NO,CAR,0.19838416546968946,1.0,0,22.0,True
2023,14,50,NYJ,HOU,-0.2567514545948675,1.0,0,24.0,True
2023,14,50,LV,MIN,-0.13639202179568827,1.0,1,-3.0,False
2023,14,50,SF,SEA,0.2819952529241994,1.0,-3,12.0,True
2023,14,50,KC,BUF,-0.016264856030733535,1.0,-7,-3.0,False
2023,14,50,LAC,DEN,0.0972818809149575,1.0,0,-17.0,False
2023,14,50,DAL,PHI,0.03675004942666571,1.0,3,20.0,True
2023,14,50,MIA,TEN,0.2178877483531193,1.0,0,-1.0,False
2023,14,50,NYG,GB,-0.1482513002046255,1.0,7,2.0,True
2023,14,100,PIT,NE,0.07329359833426816,1.0,0,-3.0,False
2023,14,100,ATL,TB,-0.015429759213941123,1.0,0,-4.0,False
2023,14,100,BAL,LA,0.1054496177265987,1.0,7,6.0,True
2023,14,100,CHI,DET,-0.18665014174895184,1.0,6,15.0,True
2023,14,100,CIN,IND,0.018954989637030538,1.0,-1,20.0,True
2023,14,100,CLE,JAX,-0.195713684619119,1.0,1,4.0,True
2023,14,100,NO,CAR,0.19716801092809438,1.0,0,22.0,True
2023,14,100,NYJ,HOU,-0.25360984612738624,1.0,0,24.0,True
2023,14,100,LV,MIN,-0.13587840090931957,1.0,1,-3.0,False
2023,14,100,SF,SEA,0.28290054819927096,1.0,-3,12.0,True
2023,14,100,KC,BUF,-0.015781132128481173,1.0,-7,-3.0,False
2023,14,100,LAC,DEN,0.10205166119852166,1.0,0,-17.0,False
2023,14,100,DAL,PHI,0.03548825924658526,1.0,3,20.0,True
2023,14,100,MIA,TEN,0.21833820639260554,1.0,0,-1.0,False
2023,14,100,NYG,GB,-0.1481309153880714,1.0,7,2.0,True
2023,15,2,LV,LAC,0.05323502054497939,1.0,0,42.0,True
2023,15,2,CIN,MIN,0.1100399573787128,1.0,0,3.0,True
2023,15,2,IND,PIT,-0.0065062929890088855,1.0,-3,17.0,True
2023,15,2,DET,DEN,-0.239630864017985,1.0,0,25.0,True
2023,15,2,CAR,ATL,-0.29832125243140695,1.0,0,2.0,True
2023,15,2,CLE,CHI,-0.14213813724498708,1.0,0,3.0,True
2023,15,2,GB,TB,0.007332440254506557,1.0,-1,-14.0,False
2023,15,2,MIA,NYJ,0.4025899834901418,1.0,-1,30.0,True
2023,15,2,NE,KC,0.0022380719828181267,1.0,3,-10.0,False
2023,15,2,NO,NYG,-0.16912637402845548,1.0,1,18.0,True
2023,15,2,TEN,HOU,0.010584210788907616,1.0,-1,-3.0,False
2023,15,2,ARI,SF,-0.3664695104304843,1.0,7,-16.0,False
2023,15,2,LA,WAS,0.30338277475333975,1.0,-7,8.0,True
2023,15,2,BUF,DAL,-0.07703466482175994,1.0,0,21.0,True
2023,15,2,JAX,BAL,-0.1909213189873658,1.0,0,-16.0,False
2023,15,2,SEA,PHI,-0.012669829473013372,1.0,0,3.0,True
2023,15,4,LV,LAC,-0.034207262229452445,1.0,0,42.0,True
2023,15,4,CIN,MIN,0.05896517306200724,1.0,0,3.0,True
2023,15,4,IND,PIT,0.007789724071055357,1.0,-3,17.0,True
2023,15,4,DET,DEN,-0.09810808364336877,1.0,0,25.0,True
2023,15,4,CAR,ATL,-0.26499812360879116,1.0,0,2.0,True
2023,15,4,CLE,CHI,-0.12227333253599273,1.0,0,3.0,True
2023,15,4,GB,TB,0.02725034191308003,1.0,-1,-14.0,False
2023,15,4,MIA,NYJ,0.3950224299333154,1.0,-1,30.0,True
2023,15,4,NE,KC,-0.08366146713973201,1.0,3,-10.0,False
2023,15,4,NO,NYG,-0.038326194956448456,1.0,1,18.0,True
2023,15,4,TEN,HOU,-0.03418261911027465,1.0,-1,-3.0,False
2023,15,4,ARI,SF,-0.348463534760139,1.0,7,-16.0,False
2023,15,4,LA,WAS,0.23917102766566453,1.0,-7,8.0,True
2023,15,4,BUF,DAL,-0.057410885037695474,1.0,0,21.0,True
2023,15,4,JAX,BAL,-0.15547800296896283,1.0,0,-16.0,False
2023,15,4,SEA,PHI,-0.051461747740330466,1.0,0,3.0,True
2023,15,6,LV,LAC,-0.07023590495615689,1.0,0,42.0,True
2023,15,6,CIN,MIN,0.051952552826512066,1.0,0,3.0,True
2023,15,6,IND,PIT,0.01604112640917394,1.0,-3,17.0,True
2023,15,6,DET,DEN,-0.030859735508630283,1.0,0,25.0,True
2023,15,6,CAR,ATL,-0.23749336295210355,1.0,0,2.0,True
2023,15,6,CLE,CHI,-0.10973868261858707,1.0,0,3.0,True
2023,15,6,GB,TB,0.02292899117987451,1.0,-1,-14.0,False
2023,15,6,MIA,NYJ,0.3835741989845825,1.0,-1,30.0,True
2023,15,6,NE,KC,-0.11570645888408296,1.0,3,-10.0,False
2023,15,6,NO,NYG,0.013632616370853147,1.0,1,18.0,True
2023,15,6,TEN,HOU,-0.045696632288761946,1.0,-1,-3.0,False
2023,15,6,ARI,SF,-0.34489371957949677,1.0,7,-16.0,False
2023,15,6,LA,WAS,0.21429477209860245,1.0,-7,8.0,True
2023,15,6,BUF,DAL,-0.04324182537146308,1.0,0,21.0,True
2023,15,6,JAX,BAL,-0.14132274237971304,1.0,0,-16.0,False
2023,15,6,SEA,PHI,-0.06426249040649337,1.0,0,3.0,True
2023,15,10,LV,LAC,-0.10076478006891751,1.0,0,42.0,True
2023,15,10,CIN,MIN,0.052024706248837115,1.0,0,3.0,True
2023,15,10,IND,PIT,0.024888037197075687,1.0,-3,17.0,True
2023,15,10,DET,DEN,0.02863886618128108,1.0,0,25.0,True
2023,15,10,CAR,ATL,-0.20992954127060556,1.0,0,2.0,True
2023,15,10,CLE,CHI,-0.09721042632440757,1.0,0,3.0,True
2023,15,10,GB,TB,0.014547902612095095,1.0,-1,-14.0,False
2023,15,10,MIA,NYJ,0.37452814032881876,1.0,-1,30.0,True
2023,15,10,NE,KC,-0.13989090876372978,1.0,3,-10.0,False
2023,15,10,NO,NYG,0.05661017979743618,1.0,1,18.0,True
2023,15,10,TEN,HOU,-0.052296408719193554,1.0,-1,-3.0,False
2023,15,10,ARI,SF,-0.34473149566367617,1.0,7,-16.0,False
2023,15,10,LA,WAS,0.19371244946623228,1.0,-7,8.0,True
2023,15,10,BUF,DAL,-0.029261936714946632,1.0,0,21.0,True
2023,15,10,JAX,BAL,-0.13053895267434493,1.0,0,-16.0,False
2023,15,10,SEA,PHI,-0.07303037960156684,1.0,0,3.0,True
2023,15,20,LV,LAC,-0.12395878325387776,1.0,0,42.0,True
2023,15,20,CIN,MIN,0.055640567293082165,1.0,0,3.0,True
2023,15,20,IND,PIT,0.033137992948960866,1.0,-3,17.0,True
2023,15,20,DET,DEN,0.07483961871958025,1.0,0,25.0,True
2023,15,20,CAR,ATL,-0.18672499252628125,1.0,0,2.0,True
2023,15,20,CLE,CHI,-0.08628595689253943,1.0,0,3.0,True
2023,15,20,GB,TB,0.005573122515114114,1.0,-1,-14.0,False
2023,15,20,MIA,NYJ,0.36905796211247077,1.0,-1,30.0,True
2023,15,20,NE,KC,-0.1560735996366353,1.0,3,-10.0,False
2023,15,20,NO,NYG,0.08900094164020299,1.0,1,18.0,True
2023,15,20,TEN,HOU,-0.05533009696328954,1.0,-1,-3.0,False
2023,15,20,ARI,SF,-0.3467427759783356,1.0,7,-16.0,False
2023,15,20,LA,WAS,0.1780605596656036,1.0,-7,8.0,True
2023,15,20,BUF,DAL,-0.01775906790159061,1.0,0,21.0,True
2023,15,20,JAX,BAL,-0.12339570794324889,1.0,0,-16.0,False
2023,15,20,SEA,PHI,-0.07837010138583174,1.0,0,3.0,True
2023,15,50,LV,LAC,-0.13772067931179158,1.0,0,42.0,True
2023,15,50,CIN,MIN,0.059250280560135454,1.0,0,3.0,True
2023,15,50,IND,PIT,0.03882288418273627,1.0,-3,17.0,True
2023,15,50,DET,DEN,0.1024908810478147,1.0,0,25.0,True
2023,15,50,CAR,ATL,-0.17207539594365154,1.0,0,2.0,True
2023,15,50,CLE,CHI,-0.07909780784337596,1.0,0,3.0,True
2023,15,50,GB,TB,-0.0007454060085922767,1.0,-1,-14.0,False
2023,15,50,MIA,NYJ,0.3666281328386741,1.0,-1,30.0,True
2023,15,50,NE,KC,-0.1646564545784765,1.0,3,-10.0,False
2023,15,50,NO,NYG,0.10828998555127195,1.0,1,18.0,True
2023,15,50,TEN,HOU,-0.05626761486704787,1.0,-1,-3.0,False
2023,15,50,ARI,SF,-0.34895870847647803,1.0,7,-16.0,False
2023,15,50,LA,WAS,0.16862101854156086,1.0,-7,8.0,True
2023,15,50,BUF,DAL,-0.010683224055228702,1.0,0,21.0,True
2023,15,50,JAX,BAL,-0.11968019647217286,1.0,0,-16.0,False
2023,15,50,SEA,PHI,-0.08098629943906072,1.0,0,3.0,True
2023,15,100,LV,LAC,-0.14225117486487932,1.0,0,42.0,True
2023,15,100,CIN,MIN,0.060683464887059856,1.0,0,3.0,True
2023,15,100,IND,PIT,0.040844942145631113,1.0,-3,17.0,True
2023,15,100,DET,DEN,0.11161501965875792,1.0,0,25.0,True
2023,15,100,CAR,ATL,-0.16710869361046973,1.0,0,2.0,True
2023,15,100,CLE,CHI,-0.07659731946944623,1.0,0,3.0,True
2023,15,100,GB,TB,-0.0029810752897137353,1.0,-1,-14.0,False
2023,15,100,MIA,NYJ,0.3659833887593154,1.0,-1,30.0,True
2023,15,100,NE,KC,-0.1673008493260651,1.0,3,-10.0,False
2023,15,100,NO,NYG,0.11467448444590411,1.0,1,18.0,True
2023,15,100,TEN,HOU,-0.056425816554541874,1.0,-1,-3.0,False
2023,15,100,ARI,SF,-0.34987497065961404,1.0,7,-16.0,False
2023,15,100,LA,WAS,0.16546898693750087,1.0,-7,8.0,True
2023,15,100,BUF,DAL,-0.008325349986051292,1.0,0,21.0,True
2023,15,100,JAX,BAL,-0.11855249755549081,1.0,0,-16.0,False
2023,15,100,SEA,PHI,-0.08175555064828441,1.0,0,3.0,True
2023,16,2,LA,NO,0.07738245914565461,1.0,0,8.0,True
2023,16,2,PIT,CIN,-0.37277062688829576,1.0,0,23.0,True
2023,16,2,LAC,BUF,-0.42015733372730824,1.0,3,-2.0,False
2023,16,2,ATL,IND,-0.16184753389545814,1.0,-1,19.0,True
2023,16,2,CAR,GB,-0.07245871595621817,1.0,0,-3.0,False
2023,16,2,HOU,CLE,0.026847501806481613,1.0,0,-14.0,False
2023,16,2,MIN,DET,-0.21971370048091896,1.0,0,-6.0,False
2023,16,2,NYJ,WAS,0.05204564791836877,1.0,0,2.0,True
2023,16,2,TEN,SEA,-0.19710585459043398,1.0,1,-3.0,False
2023,16,2,TB,JAX,0.18490194157333906,1.0,0,18.0,True
2023,16,2,CHI,ARI,0.22614817186927472,1.0,0,11.0,True
2023,16,2,MIA,DAL,0.45555787542317894,1.0,0,2.0,True
2023,16,2,DEN,NE,0.1544628414069697,1.0,1,-3.0,False
2023,16,2,KC,LV,0.0475661261784225,1.0,-3,-6.0,False
2023,16,2,PHI,NYG,0.008529050615024597,1.0,-1,8.0,True
2023,16,2,SF,BAL,0.23254417583527492,1.0,0,-14.0,False
2023,16,4,LA,NO,0.0824124400084783,1.0,0,8.0,True
2023,16,4,PIT,CIN,-0.2153221748489318,1.0,0,23.0,True
2023,16,4,LAC,BUF,-0.24025566028685896,1.0,3,-2.0,False
2023,16,4,ATL,IND,-0.11466751350699128,1.0,-1,19.0,True
2023,16,4,CAR,GB,-0.14938291857319075,1.0,0,-3.0,False
2023,16,4,HOU,CLE,0.07411299462076974,1.0,0,-14.0,False
2023,16,4,MIN,DET,-0.12329885382808678,1.0,0,-6.0,False
2023,16,4,NYJ,WAS,-0.0013195140858352494,1.0,0,2.0,True
2023,16,4,TEN,SEA,-0.1288086725744279,1.0,1,-3.0,False
2023,16,4,TB,JAX,0.07104607812981276,1.0,0,18.0,True
2023,16,4,CHI,ARI,0.12725014214702746,1.0,0,11.0,True
2023,16,4,MIA,DAL,0.2707676483956905,1.0,0,2.0,True
2023,16,4,DEN,NE,0.13395786853223068,1.0,1,-3.0,False
2023,16,4,KC,LV,0.11905829862862279,1.0,-3,-6.0,False
2023,16,4,PHI,NYG,0.0860038476998843,1.0,-1,8.0,True
2023,16,4,SF,BAL,0.17582912555750863,1.0,0,-14.0,False
2023,16,6,LA,NO,0.0742901928347763,1.0,0,8.0,True
2023,16,6,PIT,CIN,-0.17180847677912242,1.0,0,23.0,True
2023,16,6,LAC,BUF,-0.18745242221851105,1.0,3,-2.0,False
2023,16,6,ATL,IND,-0.10781474959165999,1.0,-1,19.0,True
2023,16,6,CAR,GB,-0.16243477369858147,1.0,0,-3.0,False
2023,16,6,HOU,CLE,0.09790115709044032,1.0,0,-14.0,False
2023,16,6,MIN,DET,-0.10966578336005552,1.0,0,-6.0,False
2023,16,6,NYJ,WAS,-0.01980091888144822,1.0,0,2.0,True
2023,16,6,TEN,SEA,-0.11013864913137962,1.0,1,-3.0,False
2023,16,6,TB,JAX,0.02800468728527666,1.0,0,18.0,True
2023,16,6,CHI,ARI,0.08375905364322923,1.0,0,11.0,True
2023,16,6,MIA,DAL,0.2089359793160423,1.0,0,2.0,True
2023,16,6,DEN,NE,0.11154150713753033,1.0,1,-3.0,False
2023,16,6,KC,LV,0.15239145312314623,1.0,-3,-6.0,False
2023,16,6,PHI,NYG,0.1281413335948705,1.0,-1,8.0,True
2023,16,6,SF,BAL,0.1563398007880606,1.0,0,-14.0,False
2023,16,10,LA,NO,0.06473488018636711,1.0,0,8.0,True
2023,16,10,PIT,CIN,-0.14438447922500075,1.0,0,23.0,True
2023,16,10,LAC,BUF,-0.1509319453708601,1.0,3,-2.0,False
2023,16,10,ATL,IND,-0.10580947683263066,1.0,-1,19.0,True
2023,16,10,CAR,GB,-0.1669232596613322,1.0,0,-3.0,False
2023,16,10,HOU,CLE,0.11755520497133606,1.0,0,-14.0,False
2023,16,10,MIN,DET,-0.10925379918843477,1.0,0,-6.0,False
2023,16,10,NYJ,WAS,-0.03473718671467213,1.0,0,2.0,True
2023,16,10,TEN,SEA,-0.09847103264840443,1.0,1,-3.0,False
2023,16,10,TB,JAX,-0.0038250253548764296,1.0,0,18.0,True
2023,16,10,CHI,ARI,0.0445828586373132,1.0,0,11.0,True
2023,16,10,MIA,DAL,0.16405151334297455,1.0,0,2.0,True
2023,16,10,DEN,NE,0.08674394315353148,1.0,1,-3.0,False
2023,16,10,KC,LV,0.18234108971262258,1.0,-3,-6.0,False
2023,16,10,PHI,NYG,0.1664165751758973,1.0,-1,8.0,True
2023,16,10,SF,BAL,0.14391698345989484,1.0,0,-14.0,False
2023,16,20,LA,NO,0.05632740112503829,1.0,0,8.0,True
2023,16,20,PIT,CIN,-0.12928272697734927,1.0,0,23.0,True
2023,16,20,LAC,BUF,-0.1278434269125076,1.0,3,-2.0,False
2023,16,20,ATL,IND,-0.10608730767074187,1.0,-1,19.0,True
2023,16,20,CAR,GB,-0.1670002505773422,1.0,0,-3.0,False
2023,16,20,HOU,CLE,0.1313517380342628,1.0,0,-14.0,False
2023,16,20,MIN,DET,-0.11522201405350223,1.0,0,-6.0,False
2023,16,20,NYJ,WAS,-0.046184092761247214,1.0,0,2.0,True
2023,16,20,TEN,SEA,-0.09216097935631148,1.0,1,-3.0,False
2023,16,20,TB,JAX,-0.02422235712393854,1.0,0,18.0,True
2023,16,20,CHI,ARI,0.01297380594112145,1.0,0,11.0,True
2023,16,20,MIA,DAL,0.13448705049227225,1.0,0,2.0,True
2023,16,20,DEN,NE,0.0644800659190372,1.0,1,-3.0,False
2023,16,20,KC,LV,0.20606910208878632,1.0,-3,-6.0,False
2023,16,20,PHI,NYG,0.1967970318825596,1.0,-1,8.0,True
2023,16,20,SF,BAL,0.13767596705302435,1.0,0,-14.0,False
2023,16,50,LA,NO,0.05097362751867929,1.0,0,8.0,True
2023,16,50,PIT,CIN,-0.12272133594036722,1.0,0,23.0,True
2023,16,50,LAC,BUF,-0.1159945649828641,1.0,3,-2.0,False
2023,16,50,ATL,IND,-0.10685197712058078,1.0,-1,19.0,True
2023,16,50,CAR,GB,-0.16589666896063815,1.0,0,-3.0,False
2023,16,50,HOU,CLE,0.13878192564049782,1.0,0,-14.0,False
2023,16,50,MIN,DET,-0.12116143017967225,1.0,0,-6.0,False
2023,16,50,NYJ,WAS,-0.053213528548731265,1.0,0,2.0,True
2023,16,50,TEN,SEA,-0.0894936684400389,1.0,1,-3.0,False
2023,16,50,TB,JAX,-0.03446674380066982,1.0,0,18.0,True
2023,16,50,CHI,ARI,-0.006696012722157252,1.0,0,11.0,True
2023,16,50,MIA,DAL,0.11871940642918587,1.0,0,2.0,True
2023,16,50,DEN,NE,0.04987639361429752,1.0,1,-3.0,False
2023,16,50,KC,LV,0.22052255984246075,1.0,-3,-6.0,False
2023,16,50,PHI,NYG,0.21534504570737925,1.0,-1,8.0,True
2023,16,50,SF,BAL,0.1355089846323476,1.0,0,-14.0,False
2023,16,100,LA,NO,0.04915840626207854,1.0,0,8.0,True
2023,16,100,PIT,CIN,-0.12096616019897616,1.0,0,23.0,True
2023,16,100,LAC,BUF,-0.1123962364303582,1.0,3,-2.0,False
2023,16,100,ATL,IND,-0.10718922083709245,1.0,-1,19.0,True
2023,16,100,CAR,GB,-0.1653684078414637,1.0,0,-3.0,False
2023,16,100,HOU,CLE,0.14106965205034527,1.0,0,-14.0,False
2023,16,100,MIN,DET,-0.12349217811561883,1.0,0,-6.0,False
2023,16,100,NYJ,WAS,-0.05558955672291402,1.0,0,2.0,True
2023,16,100,TEN,SEA,-0.088797333249345,1.0,1,-3.0,False
2023,16,100,TB,JAX,-0.03750104198690194,1.0,0,18.0,True
2023,16,100,CHI,ARI,-0.013341199840902054,1.0,0,11.0,True
2023,16,100,MIA,DAL,0.11380562902525052,1.0,0,2.0,True
2023,16,100,DEN,NE,0.044838303706432756,1.0,1,-3.0,False
2023,16,100,KC,LV,0.22533967268506155,1.0,-3,-6.0,False
2023,16,100,PHI,NYG,0.2215408574710287,1.0,-1,8.0,True
2023,16,100,SF,BAL,0.13507327553181012,1.0,0,-14.0,False
2023,17,2,CLE,NYJ,0.3281505422894867,1.0,0,17.0,True
2023,17,2,DAL,DET,-0.2885221413382274,1.0,0,1.0,True
2023,17,2,BAL,MIA,-0.08932350092013036,1.0,-1,37.0,True
2023,17,2,BUF,NE,0.28314313035417893,1.0,1,6.0,True
2023,17,2,CHI,ATL,-0.010213686962405905,1.0,0,20.0,True
2023,17,2,HOU,TEN,-0.02131335852479979,1.0,0,23.0,True
2023,17,2,IND,LV,-0.1424623106557553,1.0,1,3.0,True
2023,17,2,JAX,CAR,-0.2246650411436505,1.0,0,26.0,True
2023,17,2,NYG,LA,-0.45750034330275846,1.0,-4,-1.0,False
2023,17,2,PHI,ARI,0.17848094070374965,1.0,-1,-4.0,False
2023,17,2,TB,NO,0.29909019306278395,1.0,-3,-10.0,False
2023,17,2,WAS,SF,-0.3324136228181762,1.0,1,-17.0,False
2023,17,2,SEA,PIT,0.11578367523702508,1.0,-1,-7.0,False
2023,17,2,DEN,LAC,0.13478945657654118,1.0,-1,7.0,True
2023,17,2,KC,CIN,0.03974860931704161,1.0,-2,8.0,True
2023,17,2,MIN,GB,-0.20460710462094447,1.0,0,-23.0,False
2023,17,4,CLE,NYJ,0.211203233605484,1.0,0,17.0,True
2023,17,4,DAL,DET,-0.1524219796215432,1.0,0,1.0,True
2023,17,4,BAL,MIA,-0.08300237625889453,1.0,-1,37.0,True
2023,17,4,BUF,NE,0.23653601271208513,1.0,1,6.0,True
2023,17,4,CHI,ATL,0.008969664520181567,1.0,0,20.0,True
2023,17,4,HOU,TEN,0.030525389226795208,1.0,0,23.0,True
2023,17,4,IND,LV,-0.0019436460131101105,1.0,1,3.0,True
2023,17,4,JAX,CAR,-0.018859113403686595,1.0,0,26.0,True
2023,17,4,NYG,LA,-0.33841850243604066,1.0,-4,-1.0,False
2023,17,4,PHI,ARI,0.13354324867215256,1.0,-1,-4.0,False
2023,17,4,TB,NO,0.14965709668384158,1.0,-3,-10.0,False
2023,17,4,WAS,SF,-0.3832162763602077,1.0,1,-17.0,False
2023,17,4,SEA,PIT,0.06510519311030857,1.0,-1,-7.0,False
2023,17,4,DEN,LAC,0.08302828712506627,1.0,-1,7.0,True
2023,17,4,KC,CIN,0.022645361111075478,1.0,-2,8.0,True
2023,17,4,MIN,GB,-0.10201165441129084,1.0,0,-23.0,False
2023,17,6,CLE,NYJ,0.16358758927436973,1.0,0,17.0,True
2023,17,6,DAL,DET,-0.1135128916924214,1.0,0,1.0,True
2023,17,6,BAL,MIA,-0.06889382701343094,1.0,-1,37.0,True
2023,17,6,BUF,NE,0.21941554794590845,1.0,1,6.0,True
2023,17,6,CHI,ATL,0.009514840043083755,1.0,0,20.0,True
2023,17,6,HOU,TEN,0.04252766792485314,1.0,0,23.0,True
2023,17,6,IND,LV,0.04873450961822712,1.0,1,3.0,True
2023,17,6,JAX,CAR,0.054074128783165226,1.0,0,26.0,True
2023,17,6,NYG,LA,-0.29984387624176734,1.0,-4,-1.0,False
2023,17,6,PHI,ARI,0.12938030015911295,1.0,-1,-4.0,False
2023,17,6,TB,NO,0.10124241164818398,1.0,-3,-10.0,False
2023,17,6,WAS,SF,-0.38991946822903595,1.0,1,-17.0,False
2023,17,6,SEA,PIT,0.05095169496140481,1.0,-1,-7.0,False
2023,17,6,DEN,LAC,0.045422336402777715,1.0,-1,7.0,True
2023,17,6,KC,CIN,0.0247257764634956,1.0,-2,8.0,True
2023,17,6,MIN,GB,-0.06425487897399182,1.0,0,-23.0,False
2023,17,10,CLE,NYJ,0.12359359634720236,1.0,0,17.0,True
2023,17,10,DAL,DET,-0.08794529348816038,1.0,0,1.0,True
2023,17,10,BAL,MIA,-0.05529574113605201,1.0,-1,37.0,True
2023,17,10,BUF,NE,0.2069026470078622,1.0,1,6.0,True
2023,17,10,CHI,ATL,0.005717394068324215,1.0,0,20.0,True
2023,17,10,HOU,TEN,0.04856928879418482,1.0,0,23.0,True
2023,17,10,IND,LV,0.08810934421454353,1.0,1,3.0,True
2023,17,10,JAX,CAR,0.10859041231712913,1.0,0,26.0,True
2023,17,10,NYG,LA,-0.2734365482243328,1.0,-4,-1.0,False
2023,17,10,PHI,ARI,0.13039382882245182,1.0,-1,-4.0,False
2023,17,10,TB,NO,0.06609861798065288,1.0,-3,-10.0,False
2023,17,10,WAS,SF,-0.39267468952730716,1.0,1,-17.0,False
2023,17,10,SEA,PIT,0.044548268591227604,1.0,-1,-7.0,False
2023,17,10,DEN,LAC,0.0074510926979158495,1.0,-1,7.0,True
2023,17,10,KC,CIN,0.029341392014427613,1.0,-2,8.0,True
2023,17,10,MIN,GB,-0.037854157988697866,1.0,0,-23.0,False
2023,17,20,CLE,NYJ,0.09357865200189817,1.0,0,17.0,True
2023,17,20,DAL,DET,-0.07237927742199063,1.0,0,1.0,True
2023,17,20,BAL,MIA,-0.04517751685380764,1.0,-1,37.0,True
2023,17,20,BUF,NE,0.19875737322768908,1.0,1,6.0,True
2023,17,20,CHI,ATL,-0.00014831506004558959,1.0,0,20.0,True
2023,17,20,HOU,TEN,0.05061847106668746,1.0,0,23.0,True
2023,17,20,IND,LV,0.1159998764355464,1.0,1,3.0,True
2023,17,20,JAX,CAR,0.1448005142938555,1.0,0,26.0,True
2023,17,20,NYG,LA,-0.25772441590306233,1.0,-4,-1.0,False
2023,17,20,PHI,ARI,0.13318146320322694,1.0,-1,-4.0,False
2023,17,20,TB,NO,0.04318851146378139,1.0,-3,-10.0,False
2023,17,20,WAS,SF,-0.393988344988923,1.0,1,-17.0,False
2023,17,20,SEA,PIT,0.04369715271664394,1.0,-1,-7.0,False
2023,17,20,DEN,LAC,-0.024670329412618333,1.0,-1,7.0,True
2023,17,20,KC,CIN,0.03411438544606211,1.0,-2,8.0,True
2023,17,20,MIN,GB,-0.022271114500353306,1.0,0,-23.0,False
2023,17,50,CLE,NYJ,0.07599758340764527,1.0,0,17.0,True
2023,17,50,DAL,DET,-0.06442575662756571,1.0,0,1.0,True
2023,17,50,BAL,MIA,-0.039607303326190196,1.0,-1,37.0,True
2023,17,50,BUF,NE,0.19451198481691148,1.0,1,6.0,True
2023,17,50,CHI,ATL,-0.004991458736542137,1.0,0,20.0,True
2023,17,50,HOU,TEN,0.05076384044742083,1.0,0,23.0,True
2023,17,50,IND,LV,0.13179452760145371,1.0,1,3.0,True
2023,17,50,JAX,CAR,0.16389129689615672,1.0,0,26.0,True
2023,17,50,NYG,LA,-0.25036184195631833,1.0,-4,-1.0,False
2023,17,50,PHI,ARI,0.13543501419149173,1.0,-1,-4.0,False
2023,17,50,TB,NO,0.031257631411902964,1.0,-3,-10.0,False
2023,17,50,WAS,SF,-0.3947233575170136,1.0,1,-17.0,False
2023,17,50,SEA,PIT,0.04502665917274874,1.0,-1,-7.0,False
2023,17,50,DEN,LAC,-0.0449280496500663,1.0,-1,7.0,True
2023,17,50,KC,CIN,0.0373067608425979,1.0,-2,8.0,True
2023,17,50,MIN,GB,-0.015195693716464252,1.0,0,-23.0,False
2023,17,100,CLE,NYJ,0.07025722930426534,1.0,0,17.0,True
2023,17,100,DAL,DET,-0.061978958058439323,1.0,0,1.0,True
2023,17,100,BAL,MIA,-0.03787713264437356,1.0,-1,37.0,True
2023,17,100,BUF,NE,0.19321346388033644,1.0,1,6.0,True
2023,17,100,CHI,ATL,-0.006826820404216373,1.0,0,20.0,True
2023,17,100,HOU,TEN,0.05063052398886235,1.0,0,23.0,True
2023,17,100,IND,LV,0.13687993483992894,1.0,1,3.0,True
2023,17,100,JAX,CAR,0.16975493240932543,1.0,0,26.0,True
2023,17,100,NYG,LA,-0.24827977623668462,1.0,-4,-1.0,False
2023,17,100,PHI,ARI,0.13625250290155516,1.0,-1,-4.0,False
2023,17,100,TB,NO,0.0276175155347228,1.0,-3,-10.0,False
2023,17,100,WAS,SF,-0.3949844061052507,1.0,1,-17.0,False
2023,17,100,SEA,PIT,0.045787086600137215,1.0,-1,-7.0,False
2023,17,100,DEN,LAC,-0.05177911525828893,1.0,-1,7.0,True
2023,17,100,KC,CIN,0.03839942096003231,1.0,-2,8.0,True
2023,17,100,MIN,GB,-0.013260396789609748,1.0,0,-23.0,False
