game_id,season,week,home_team,away_team,neutral_site
401281942,2021,1,Miami,Alabama,True
401281943,2021,1,Arkansas,Rice,False
401281944,2021,1,Auburn,Akron,False
401281945,2021,1,Florida,Florida Atlantic,False
401281946,2021,1,Clemson,Georgia,True
401281947,2021,1,Kentucky,UL Monroe,False
401281948,2021,1,UCLA,LSU,False
401281949,2021,1,Mississippi State,Louisiana Tech,False
401281950,2021,1,Missouri,Central Michigan,False
401281951,2021,1,South Carolina,Eastern Illinois,False
401281952,2021,1,Tennessee,Bowling Green,False
401282049,2021,1,New Mexico State,UTEP,False
401282050,2021,1,Jacksonville State,UAB,True
401282051,2021,1,Florida International,Long Island University,False
401282052,2021,1,Charlotte,Duke,False
401282053,2021,1,Texas A&M,Kent State,False
401282054,2021,1,Vanderbilt,East Tennessee State,False
401282055,2021,1,Ole Miss,Louisville,True
401282173,2021,1,Middle Tennessee,Monmouth,False
401282174,2021,1,Navy,Marshall,False
401282175,2021,1,North Texas,Northwestern State,False
401282177,2021,1,South Alabama,Southern Miss,False
401282178,2021,1,UTEP,Bethune-Cookman,False
401282179,2021,1,Illinois,UTSA,False
401282180,2021,1,Western Kentucky,UT Martin,False
401282607,2021,1,NC State,South Florida,False
401282608,2021,1,Wake Forest,Old Dominion,False
401282609,2021,1,Boston College,Colgate,False
401282610,2021,1,Georgia Tech,Northern Illinois,False
401282611,2021,1,Ohio,Syracuse,False
401282612,2021,1,Pittsburgh,Massachusetts,False
401282613,2021,1,Virginia,William & Mary,False
401282614,2021,1,Florida State,Notre Dame,False
401282714,2021,1,Illinois,Nebraska,False
401282723,2021,1,Iowa,Indiana,False
401282764,2021,1,Maryland,West Virginia,False
401282772,2021,1,Michigan,Western Michigan,False
401282782,2021,1,Northwestern,Michigan State,False
401282789,2021,1,Minnesota,Ohio State,False
401282815,2021,1,Wisconsin,Penn State,False
401282819,2021,1,Purdue,Oregon State,False
401282822,2021,1,Rutgers,Temple,False
401286187,2021,1,Fresno State,UConn,False
401286188,2021,1,UConn,Holy Cross,False
401286294,2021,1,Liberty,Campbell,False
401287886,2021,1,Houston,Texas Tech,True
401287887,2021,1,Iowa State,Northern Iowa,False
401287888,2021,1,Kansas,South Dakota,False
401287889,2021,1,Kansas State,Stanford,True
401287890,2021,1,Oklahoma State,Missouri State,False
401287891,2021,1,TCU,Duquesne,False
401287892,2021,1,Texas,Louisiana,False
401287893,2021,1,Texas State,Baylor,False
401287894,2021,1,Oklahoma,Tulane,False
401300993,2021,1,Appalachian State,East Carolina,True
401300994,2021,1,Tulsa,UC Davis,False
401300995,2021,1,UCF,Boise State,False
401300996,2021,1,Cincinnati,Miami (OH),False
401300997,2021,1,Memphis,Nicholls,False
401300998,2021,1,SMU,Abilene Christian,False
401309540,2021,1,Ball State,Western Illinois,False
401309541,2021,1,Eastern Michigan,St. Francis (PA),False
401309542,2021,1,Buffalo,Wagner,False
401309543,2021,1,Toledo,Norfolk State,False
401309598,2021,1,Arkansas State,Central Arkansas,False
401309600,2021,1,Georgia Southern,Gardner-Webb,False
401309601,2021,1,Georgia State,Army,False
401309602,2021,1,Troy,Southern,False
401309833,2021,1,UCLA,Hawai'i,False
401309834,2021,1,Utah,Weber State,False
401309835,2021,1,Arizona State,Southern Utah,False
401309836,2021,1,Colorado,Northern Colorado,False
401309837,2021,1,California,Nevada,False
401309838,2021,1,Oregon,Fresno State,False
401309839,2021,1,Washington,Montana,False
401309840,2021,1,Washington State,Utah State,False
401309841,2021,1,Arizona,BYU,True
401309842,2021,1,USC,San José State,False
401309937,2021,1,Virginia Tech,North Carolina,False
401310693,2021,1,San José State,Southern Utah,False
401310694,2021,1,UNLV,Eastern Washington,False
401310695,2021,1,Colorado State,South Dakota State,False
401310696,2021,1,New Mexico,Houston Baptist,False
401310697,2021,1,Wyoming,Montana State,False
401310698,2021,1,Hawai'i,Portland State,False
401310699,2021,1,San Diego State,New Mexico State,False
401310861,2021,1,Air Force,Lafayette,False
401327913,2021,1,Nebraska,Fordham,False
401327977,2021,1,Dixie State,Sacramento State,False
401328011,2021,1,Northern Arizona,Sam Houston,False
401328138,2021,1,Kennesaw State,Reinhardt,False
401328159,2021,1,North Dakota State,Albany,False
401328175,2021,1,Maine,Delaware,False
401328192,2021,1,James Madison,Morehead State,False
401328545,2021,1,Coastal Carolina,The Citadel,False
401282056,2021,2,Alabama,Mercer,False
401282057,2021,2,Arkansas,Texas,False
401282058,2021,2,Auburn,Alabama State,False
401282059,2021,2,South Florida,Florida,False
401282060,2021,2,Georgia,UAB,False
401282061,2021,2,Kentucky,Missouri,False
401282062,2021,2,LSU,McNeese,False
401282063,2021,2,Ole Miss,Austin Peay,False
401282064,2021,2,Mississippi State,NC State,False
401282065,2021,2,East Carolina,South Carolina,False
401282066,2021,2,Tennessee,Pittsburgh,False
401282067,2021,2,Colorado,Texas A&M,True
401282068,2021,2,Colorado State,Vanderbilt,False
401282181,2021,2,Charlotte,Gardner-Webb,False
401282182,2021,2,Florida International,Texas State,False
401282183,2021,2,Florida Atlantic,Georgia Southern,False
401282184,2021,2,Louisiana Tech,SE Louisiana,False
401282185,2021,2,Marshall,North Carolina Central,False
401282186,2021,2,Virginia Tech,Middle Tennessee,False
401282187,2021,2,SMU,North Texas,False
401282188,2021,2,Old Dominion,Hampton,False
401282189,2021,2,Rice,Houston,False
401282190,2021,2,Southern Miss,Grambling,False
401282191,2021,2,Boise State,UTEP,False
401282192,2021,2,UTSA,Lamar,False
401282193,2021,2,Army,Western Kentucky,False
401282615,2021,2,Clemson,South Carolina State,False
401282616,2021,2,Duke,North Carolina A&T,False
401282617,2021,2,Florida State,Jacksonville State,False
401282618,2021,2,Georgia Tech,Kennesaw State,False
401282619,2021,2,Louisville,Eastern Kentucky,False
401282620,2021,2,Miami,Appalachian State,False
401282621,2021,2,North Carolina,Georgia State,False
401282622,2021,2,Syracuse,Rutgers,False
401282623,2021,2,Massachusetts,Boston College,False
401282624,2021,2,Virginia,Illinois,False
401282625,2021,2,Wake Forest,Norfolk State,False
401282705,2021,2,Notre Dame,Toledo,False
401282724,2021,2,Indiana,Idaho,False
401282754,2021,2,Iowa State,Iowa,False
401282773,2021,2,Michigan,Washington,False
401282783,2021,2,Michigan State,Youngstown State,False
401282790,2021,2,Minnesota,Miami (OH),False
401282797,2021,2,Nebraska,Buffalo,False
401282804,2021,2,Northwestern,Indiana State,False
401282809,2021,2,Ohio State,Oregon,False
401282816,2021,2,Penn State,Ball State,False
401282820,2021,2,UConn,Purdue,False
401282825,2021,2,Wisconsin,Eastern Michigan,False
401286207,2021,2,Maryland,Howard,False
401286295,2021,2,Troy,Liberty,False
401287895,2021,2,Baylor,Texas Southern,False
401287896,2021,2,Coastal Carolina,Kansas,False
401287897,2021,2,Kansas State,Southern Illinois,False
401287898,2021,2,Oklahoma,Western Carolina,False
401287899,2021,2,Oklahoma State,Tulsa,False
401287900,2021,2,TCU,California,False
401287901,2021,2,Texas Tech,Stephen F. Austin,False
401287902,2021,2,West Virginia,Long Island University,False
401300999,2021,2,Akron,Temple,False
401301000,2021,2,Tulane,Morgan State,False
401301001,2021,2,UCF,Bethune-Cookman,False
401301002,2021,2,Cincinnati,Murray State,False
401301003,2021,2,Arkansas State,Memphis,False
401301004,2021,2,Navy,Air Force,False
401309544,2021,2,Western Michigan,Illinois State,False
401309545,2021,2,Kent State,VMI,False
401309546,2021,2,Bowling Green,South Alabama,False
401309547,2021,2,Northern Illinois,Wyoming,False
401309548,2021,2,Central Michigan,Robert Morris,False
401309603,2021,2,Louisiana,Nicholls,False
401309753,2021,2,Ohio,Duquesne,False
401309843,2021,2,USC,Stanford,False
401309844,2021,2,Oregon State,Hawai'i,False
401309845,2021,2,Washington State,Portland State,False
401309846,2021,2,Arizona,San Diego State,False
401309847,2021,2,Arizona State,UNLV,False
401309848,2021,2,BYU,Utah,False
401310700,2021,2,New Mexico,New Mexico State,False
401310701,2021,2,Utah State,North Dakota,False
401310702,2021,2,Fresno State,Cal Poly,False
401310703,2021,2,Nevada,Idaho State,False
401327967,2021,2,Missouri State,Central Arkansas,False
401328012,2021,2,Sam Houston,Southeast Missouri State,False
401328095,2021,2,Sacramento State,Northern Iowa,False
401328176,2021,2,Delaware,St. Francis (PA),False
401328193,2021,2,James Madison,Maine,False
401328367,2021,2,North Dakota State,Valparaiso,False
401282069,2021,3,Arkansas,Georgia Southern,False
401282070,2021,3,Penn State,Auburn,False
401282071,2021,3,Florida,Alabama,False
401282072,2021,3,Georgia,South Carolina,False
401282073,2021,3,Kentucky,Chattanooga,False
401282074,2021,3,LSU,Central Michigan,False
401282075,2021,3,Ole Miss,Tulane,False
401282076,2021,3,Memphis,Mississippi State,False
401282077,2021,3,Missouri,Southeast Missouri State,False
401282078,2021,3,Tennessee,Tennessee Tech,False
401282079,2021,3,Texas A&M,New Mexico,False
401282080,2021,3,Vanderbilt,Stanford,False
401282194,2021,3,UTSA,Middle Tennessee,False
401282195,2021,3,North Texas,UAB,False
401282196,2021,3,Georgia State,Charlotte,False
401282197,2021,3,Texas Tech,Florida International,False
401282198,2021,3,Florida Atlantic,Fordham,False
401282199,2021,3,Louisiana Tech,SMU,False
401282200,2021,3,Marshall,East Carolina,False
401282201,2021,3,Liberty,Old Dominion,False
401282202,2021,3,Texas,Rice,False
401282203,2021,3,Southern Miss,Troy,False
401282626,2021,3,Louisville,UCF,False
401282627,2021,3,Clemson,Georgia Tech,False
401282628,2021,3,Duke,Northwestern,False
401282629,2021,3,Miami,Michigan State,False
401282630,2021,3,NC State,Furman,False
401282631,2021,3,North Carolina,Virginia,False
401282632,2021,3,Pittsburgh,Western Michigan,False
401282633,2021,3,Syracuse,Albany,False
401282634,2021,3,Temple,Boston College,False
401282635,2021,3,Wake Forest,Florida State,False
401282636,2021,3,West Virginia,Virginia Tech,False
401282706,2021,3,Notre Dame,Purdue,False
401282715,2021,3,Illinois,Maryland,False
401282725,2021,3,Indiana,Cincinnati,False
401282755,2021,3,Iowa,Kent State,False
401282774,2021,3,Michigan,Northern Illinois,False
401282791,2021,3,Colorado,Minnesota,False
401282798,2021,3,Oklahoma,Nebraska,False
401282810,2021,3,Ohio State,Tulsa,False
401282823,2021,3,Rutgers,Delaware,False
401286189,2021,3,Army,UConn,False
401286300,2021,3,Massachusetts,Eastern Michigan,False
401287903,2021,3,Boise State,Oklahoma State,False
401287904,2021,3,Kansas,Baylor,False
401287905,2021,3,Kansas State,Nevada,False
401287906,2021,3,UNLV,Iowa State,False
401301005,2021,3,Houston,Grambling,False
401301006,2021,3,South Florida,Florida A&M,False
401308843,2021,3,Miami (OH),Long Island University,False
401309549,2021,3,Wyoming,Ball State,False
401309550,2021,3,Akron,Bryant,False
401309551,2021,3,Bowling Green,Murray State,False
401309552,2021,3,Buffalo,Coastal Carolina,False
401309553,2021,3,Toledo,Colorado State,False
401309604,2021,3,Appalachian State,Elon,False
401309605,2021,3,Washington,Arkansas State,False
401309606,2021,3,Louisiana,Ohio,False
401309607,2021,3,UL Monroe,Jackson State,False
401309608,2021,3,South Alabama,Alcorn State,False
401309609,2021,3,Texas State,Incarnate Word,False
401309849,2021,3,California,Sacramento State,False
401309850,2021,3,Oregon,Stony Brook,False
401309851,2021,3,Oregon State,Idaho,False
401309852,2021,3,Washington State,USC,False
401309853,2021,3,Arizona,Northern Arizona,False
401309854,2021,3,BYU,Arizona State,False
401309855,2021,3,UCLA,Fresno State,False
401309856,2021,3,San Diego State,Utah,False
401310704,2021,3,Air Force,Utah State,False
401310705,2021,3,Hawai'i,San José State,False
401319455,2021,3,New Mexico State,South Carolina State,False
401327997,2021,3,Jacksonville State,North Alabama,False
401328101,2021,3,Weber State,James Madison,False
401328139,2021,3,Wofford,Kennesaw State,False
401328231,2021,3,Towson,North Dakota State,False
401282081,2021,4,Alabama,Southern Miss,False
401282082,2021,4,Arkansas,Texas A&M,True
401282083,2021,4,Auburn,Georgia State,False
401282084,2021,4,Florida,Tennessee,False
401282085,2021,4,Mississippi State,LSU,False
401282086,2021,4,Boston College,Missouri,False
401282087,2021,4,South Carolina,Kentucky,False
401282088,2021,4,Vanderbilt,Georgia,False
401282204,2021,4,Charlotte,Middle Tennessee,False
401282205,2021,4,Louisiana Tech,North Texas,False
401282206,2021,4,Central Michigan,Florida International,False
401282207,2021,4,Air Force,Florida Atlantic,False
401282208,2021,4,Appalachian State,Marshall,False
401282209,2021,4,Old Dominion,Buffalo,False
401282210,2021,4,Rice,Texas Southern,False
401282211,2021,4,Tulane,UAB,False
401282212,2021,4,UTEP,New Mexico,False
401282213,2021,4,Memphis,UTSA,False
401282214,2021,4,Western Kentucky,Indiana,False
401282637,2021,4,Syracuse,Liberty,False
401282638,2021,4,Virginia,Wake Forest,False
401282639,2021,4,Duke,Kansas,False
401282640,2021,4,Florida State,Louisville,False
401282641,2021,4,Georgia Tech,North Carolina,True
401282642,2021,4,Miami,Central Connecticut,False
401282643,2021,4,NC State,Clemson,False
401282644,2021,4,Pittsburgh,New Hampshire,False
401282645,2021,4,Virginia Tech,Richmond,False
401282707,2021,4,Wisconsin,Notre Dame,True
401282716,2021,4,Purdue,Illinois,False
401282756,2021,4,Iowa,Colorado State,False
401282765,2021,4,Maryland,Kent State,False
401282775,2021,4,Michigan,Rutgers,False
401282784,2021,4,Michigan State,Nebraska,False
401282792,2021,4,Minnesota,Bowling Green,False
401282805,2021,4,Northwestern,Ohio,False
401282811,2021,4,Ohio State,Akron,False
401282817,2021,4,Penn State,Villanova,False
401286190,2021,4,UConn,Wyoming,False
401286301,2021,4,Coastal Carolina,Massachusetts,False
401287907,2021,4,Baylor,Iowa State,False
401287908,2021,4,Oklahoma,West Virginia,False
401287909,2021,4,Oklahoma State,Kansas State,False
401287910,2021,4,TCU,SMU,False
401287911,2021,4,Texas,Texas Tech,False
401301007,2021,4,East Carolina,Charleston Southern,False
401301008,2021,4,Houston,Navy,False
401301009,2021,4,BYU,South Florida,False
401301010,2021,4,Temple,Wagner,False
401301011,2021,4,Tulsa,Arkansas State,False
401308834,2021,4,Army,Miami (OH),False
401309554,2021,4,Western Michigan,San José State,False
401309555,2021,4,Ball State,Toledo,False
401309556,2021,4,Northern Illinois,Maine,False
401309557,2021,4,Eastern Michigan,Texas State,False
401309610,2021,4,Georgia Southern,Louisiana,False
401309611,2021,4,UL Monroe,Troy,False
401309857,2021,4,Washington,California,False
401309858,2021,4,Stanford,UCLA,False
401309859,2021,4,Oregon,Arizona,False
401309860,2021,4,USC,Oregon State,False
401309861,2021,4,Utah,Washington State,False
401309862,2021,4,Arizona State,Colorado,False
401310706,2021,4,Utah State,Boise State,False
401310707,2021,4,Fresno State,UNLV,False
401310708,2021,4,New Mexico State,Hawai'i,False
401310709,2021,4,San Diego State,Towson,False
401327969,2021,4,Central Arkansas,Sam Houston,False
401327998,2021,4,Jacksonville State,UT Martin,False
401328058,2021,4,Idaho State,Sacramento State,False
401328354,2021,4,Missouri State,South Dakota,False
401282089,2021,5,Alabama,Ole Miss,False
401282090,2021,5,Georgia,Arkansas,False
401282091,2021,5,Kentucky,Florida,False
401282092,2021,5,LSU,Auburn,False
401282093,2021,5,Missouri,Tennessee,False
401282094,2021,5,South Carolina,Troy,False
401282095,2021,5,Texas A&M,Mississippi State,False
401282096,2021,5,Vanderbilt,UConn,False
401282215,2021,5,Florida Atlantic,Florida International,False
401282216,2021,5,Middle Tennessee,Marshall,False
401282217,2021,5,UTEP,Old Dominion,False
401282218,2021,5,Rice,Southern Miss,False
401282219,2021,5,Illinois,Charlotte,False
401282220,2021,5,NC State,Louisiana Tech,False
401282221,2021,5,UAB,Liberty,False
401282222,2021,5,UTSA,UNLV,False
401282223,2021,5,Michigan State,Western Kentucky,False
401282646,2021,5,Miami,Virginia,False
401282647,2021,5,Clemson,Boston College,False
401282648,2021,5,Florida State,Syracuse,False
401282649,2021,5,Georgia Tech,Pittsburgh,False
401282650,2021,5,North Carolina,Duke,False
401282651,2021,5,Wake Forest,Louisville,False
401282708,2021,5,Notre Dame,Cincinnati,False
401282729,2021,5,Penn State,Indiana,False
401282759,2021,5,Maryland,Iowa,False
401282776,2021,5,Wisconsin,Michigan,False
401282793,2021,5,Purdue,Minnesota,False
401282800,2021,5,Nebraska,Northwestern,False
401282813,2021,5,Rutgers,Ohio State,False
401286302,2021,5,Massachusetts,Toledo,False
401287912,2021,5,Iowa State,Kansas,False
401287913,2021,5,Kansas State,Oklahoma,False
401287914,2021,5,Oklahoma State,Baylor,False
401287915,2021,5,TCU,Texas,False
401287916,2021,5,West Virginia,Texas Tech,False
401301012,2021,5,Tulsa,Houston,False
401301013,2021,5,Navy,UCF,False
401301014,2021,5,East Carolina,Tulane,False
401301015,2021,5,Temple,Memphis,False
401301016,2021,5,SMU,South Florida,False
401308835,2021,5,Miami (OH),Central Michigan,False
401309558,2021,5,Northern Illinois,Eastern Michigan,False
401309559,2021,5,Ball State,Army,False
401309560,2021,5,Akron,Ohio,False
401309561,2021,5,Buffalo,Western Michigan,False
401309562,2021,5,Kent State,Bowling Green,False
401309612,2021,5,Georgia State,Appalachian State,False
401309613,2021,5,Georgia Southern,Arkansas State,False
401309614,2021,5,Coastal Carolina,UL Monroe,False
401309615,2021,5,South Alabama,Louisiana,False
401309863,2021,5,California,Washington State,False
401309864,2021,5,Stanford,Oregon,False
401309865,2021,5,Oregon State,Washington,False
401309866,2021,5,UCLA,Arizona State,False
401309867,2021,5,Colorado,USC,False
401309912,2021,5,Utah State,BYU,False
401310710,2021,5,New Mexico,Air Force,False
401310711,2021,5,Boise State,Nevada,False
401310712,2021,5,Hawai'i,Fresno State,False
401310713,2021,5,San José State,New Mexico State,False
401327999,2021,5,Kennesaw State,Jacksonville State,False
401328021,2021,5,Stephen F. Austin,Sam Houston,True
401328161,2021,5,Delaware,Albany,False
401328194,2021,5,New Hampshire,James Madison,False
401328330,2021,5,Illinois State,Missouri State,False
401328361,2021,5,North Dakota,North Dakota State,False
401282097,2021,6,Auburn,Georgia,False
401282098,2021,6,Florida,Vanderbilt,False
401282099,2021,6,Kentucky,LSU,False
401282100,2021,6,Ole Miss,Arkansas,False
401282101,2021,6,Missouri,North Texas,False
401282102,2021,6,Tennessee,South Carolina,False
401282103,2021,6,Texas A&M,Alabama,False
401282224,2021,6,Florida International,Charlotte,False
401282225,2021,6,UAB,Florida Atlantic,False
401282226,2021,6,Marshall,Old Dominion,False
401282227,2021,6,Southern Miss,UTEP,False
401282228,2021,6,Western Kentucky,UTSA,False
401282229,2021,6,Liberty,Middle Tennessee,False
401282652,2021,6,Duke,Georgia Tech,False
401282653,2021,6,Louisville,Virginia,False
401282654,2021,6,North Carolina,Florida State,False
401282655,2021,6,Syracuse,Wake Forest,False
401282656,2021,6,Virginia Tech,Notre Dame,False
401282718,2021,6,Illinois,Wisconsin,False
401282758,2021,6,Iowa,Penn State,False
401282769,2021,6,Ohio State,Maryland,False
401282778,2021,6,Nebraska,Michigan,False
401282788,2021,6,Rutgers,Michigan State,False
401286191,2021,6,Massachusetts,UConn,False
401287917,2021,6,Baylor,West Virginia,False
401287918,2021,6,Texas,Oklahoma,True
401287919,2021,6,Texas Tech,TCU,False
401301017,2021,6,Tulane,Houston,False
401301018,2021,6,Cincinnati,Temple,False
401301019,2021,6,UCF,East Carolina,False
401301020,2021,6,Tulsa,Memphis,False
401301021,2021,6,Navy,SMU,False
401308836,2021,6,Eastern Michigan,Miami (OH),False
401309563,2021,6,Western Michigan,Ball State,False
401309564,2021,6,Toledo,Northern Illinois,False
401309565,2021,6,Kent State,Buffalo,False
401309566,2021,6,Bowling Green,Akron,False
401309567,2021,6,Ohio,Central Michigan,False
401309616,2021,6,Arkansas State,Coastal Carolina,False
401309617,2021,6,Troy,Georgia Southern,False
401309618,2021,6,UL Monroe,Georgia State,False
401309619,2021,6,Texas State,South Alabama,False
401309868,2021,6,Arizona State,Stanford,False
401309869,2021,6,Washington State,Oregon State,False
401309870,2021,6,Arizona,UCLA,False
401309871,2021,6,USC,Utah,False
401309913,2021,6,BYU,Boise State,False
401310714,2021,6,Air Force,Wyoming,False
401310715,2021,6,Colorado State,San José State,False
401310716,2021,6,San Diego State,New Mexico,False
401310717,2021,6,Nevada,New Mexico State,False
401328000,2021,6,Jacksonville State,Stephen F. Austin,False
401328007,2021,6,Sam Houston,Lamar,False
401328096,2021,6,Sacramento State,Southern Utah,False
401328134,2021,6,Hampton,Kennesaw State,False
401328177,2021,6,Rhode Island,Delaware,False
401328195,2021,6,James Madison,Villanova,False
401328355,2021,6,Youngstown State,Missouri State,False
401328368,2021,6,North Dakota State,Northern Iowa,False
401282104,2021,7,Arkansas,Auburn,False
401282105,2021,7,Georgia,Kentucky,False
401282106,2021,7,LSU,Florida,False
401282107,2021,7,Mississippi State,Alabama,False
401282108,2021,7,Missouri,Texas A&M,False
401282109,2021,7,South Carolina,Vanderbilt,False
401282110,2021,7,Tennessee,Ole Miss,False
401282230,2021,7,UTEP,Louisiana Tech,False
401282231,2021,7,North Texas,Marshall,False
401282232,2021,7,Old Dominion,Western Kentucky,False
401282233,2021,7,UTSA,Rice,False
401282234,2021,7,Southern Miss,UAB,False
401282657,2021,7,Syracuse,Clemson,False
401282658,2021,7,Boston College,NC State,False
401282659,2021,7,North Carolina,Miami,False
401282660,2021,7,Virginia,Duke,False
401282661,2021,7,Virginia Tech,Pittsburgh,False
401282731,2021,7,Indiana,Michigan State,False
401282760,2021,7,Iowa,Purdue,False
401282796,2021,7,Minnesota,Nebraska,False
401282807,2021,7,Northwestern,Rutgers,False
401282826,2021,7,Wisconsin,Army,False
401286192,2021,7,UConn,Yale,False
401286296,2021,7,UL Monroe,Liberty,False
401287920,2021,7,Baylor,BYU,False
401287921,2021,7,Kansas,Texas Tech,False
401287922,2021,7,Kansas State,Iowa State,False
401287923,2021,7,Oklahoma,TCU,False
401287924,2021,7,Texas,Oklahoma State,False
401301022,2021,7,Memphis,Navy,False
401301023,2021,7,Cincinnati,UCF,False
401301024,2021,7,South Florida,Tulsa,False
401308837,2021,7,Miami (OH),Akron,False
401309568,2021,7,Eastern Michigan,Ball State,False
401309569,2021,7,Central Michigan,Toledo,False
401309570,2021,7,Northern Illinois,Bowling Green,False
401309571,2021,7,Buffalo,Ohio,False
401309572,2021,7,Western Michigan,Kent State,False
401309620,2021,7,Louisiana,Appalachian State,False
401309621,2021,7,South Alabama,Georgia Southern,False
401309622,2021,7,Texas State,Troy,False
401309872,2021,7,Oregon,California,False
401309873,2021,7,Washington State,Stanford,False
401309874,2021,7,Washington,UCLA,False
401309875,2021,7,Colorado,Arizona,False
401309876,2021,7,Utah,Arizona State,False
401310718,2021,7,Boise State,Air Force,False
401310719,2021,7,New Mexico,Colorado State,False
401310720,2021,7,UNLV,Utah State,False
401310721,2021,7,Wyoming,Fresno State,False
401310722,2021,7,Nevada,Hawai'i,False
401310723,2021,7,San José State,San Diego State,False
401328071,2021,7,Montana,Sacramento State,False
401328140,2021,7,Kennesaw State,North Carolina A&T,False
401328178,2021,7,Stony Brook,Delaware,False
401328196,2021,7,Richmond,James Madison,False
401328331,2021,7,Illinois State,North Dakota State,False
401328341,2021,7,Missouri State,Indiana State,False
401282111,2021,8,Alabama,Tennessee,False
401282112,2021,8,Arkansas,Arkansas-Pine Bluff,False
401282113,2021,8,Ole Miss,LSU,False
401282114,2021,8,Texas A&M,South Carolina,False
401282115,2021,8,Vanderbilt,Mississippi State,False
401282235,2021,8,Charlotte,Florida Atlantic,False
401282236,2021,8,Florida International,Western Kentucky,False
401282237,2021,8,Louisiana Tech,UTSA,False
401282238,2021,8,UAB,Rice,False
401282239,2021,8,UConn,Middle Tennessee,False
401282240,2021,8,North Texas,Liberty,False
401282662,2021,8,Army,Wake Forest,False
401282663,2021,8,Florida State,Massachusetts,False
401282664,2021,8,Louisville,Boston College,False
401282665,2021,8,Miami,NC State,False
401282666,2021,8,Pittsburgh,Clemson,False
401282667,2021,8,Virginia,Georgia Tech,False
401282668,2021,8,Virginia Tech,Syracuse,False
401282709,2021,8,Notre Dame,USC,False
401282717,2021,8,Penn State,Illinois,False
401282730,2021,8,Indiana,Ohio State,False
401282767,2021,8,Minnesota,Maryland,False
401282779,2021,8,Michigan,Northwestern,False
401282821,2021,8,Purdue,Wisconsin,False
401287925,2021,8,Iowa State,Oklahoma State,False
401287926,2021,8,Kansas,Oklahoma,False
401287927,2021,8,TCU,West Virginia,False
401287928,2021,8,Texas Tech,Kansas State,False
401301025,2021,8,SMU,Tulane,False
401301026,2021,8,UCF,Memphis,False
401301027,2021,8,Navy,Cincinnati,False
401301028,2021,8,Houston,East Carolina,False
401301029,2021,8,South Florida,Temple,False
401308838,2021,8,Ball State,Miami (OH),False
401309573,2021,8,Toledo,Western Michigan,False
401309574,2021,8,Bowling Green,Eastern Michigan,False
401309575,2021,8,Akron,Buffalo,False
401309576,2021,8,Ohio,Kent State,False
401309577,2021,8,Central Michigan,Northern Illinois,False
401309623,2021,8,Appalachian State,Coastal Carolina,False
401309624,2021,8,Arkansas State,Louisiana,False
401309625,2021,8,Georgia State,Texas State,False
401309626,2021,8,UL Monroe,South Alabama,False
401309877,2021,8,Arizona,Washington,False
401309878,2021,8,California,Colorado,False
401309879,2021,8,UCLA,Oregon,False
401309880,2021,8,Oregon State,Utah,False
401309881,2021,8,Washington State,BYU,False
401310724,2021,8,Air Force,San Diego State,False
401310725,2021,8,Utah State,Colorado State,False
401310726,2021,8,Wyoming,New Mexico,False
401310727,2021,8,Fresno State,Nevada,False
401310728,2021,8,Hawai'i,New Mexico State,False
401310729,2021,8,UNLV,San José State,False
401328001,2021,8,Sam Houston,Jacksonville State,False
401328078,2021,8,Sacramento State,Northern Arizona,False
401328113,2021,8,Campbell,Kennesaw State,False
401328179,2021,8,Delaware,James Madison,False
401328356,2021,8,North Dakota State,Missouri State,False
401282116,2021,9,Auburn,Ole Miss,False
401282117,2021,9,Florida,Georgia,True
401282118,2021,9,Mississippi State,Kentucky,False
401282119,2021,9,Vanderbilt,Missouri,False
401282241,2021,9,Western Kentucky,Charlotte,False
401282242,2021,9,Marshall,Florida International,False
401282243,2021,9,Florida Atlantic,UTEP,False
401282244,2021,9,Old Dominion,Louisiana Tech,False
401282245,2021,9,Middle Tennessee,Southern Miss,False
401282246,2021,9,Rice,North Texas,False
401282669,2021,9,BYU,Virginia,False
401282670,2021,9,Clemson,Florida State,False
401282671,2021,9,Georgia Tech,Virginia Tech,False
401282672,2021,9,NC State,Louisville,False
401282673,2021,9,Notre Dame,North Carolina,False
401282674,2021,9,Pittsburgh,Miami,False
401282675,2021,9,Syracuse,Boston College,False
401282676,2021,9,Wake Forest,Duke,False
401282719,2021,9,Illinois,Rutgers,False
401282726,2021,9,Maryland,Indiana,False
401282763,2021,9,Wisconsin,Iowa,False
401282777,2021,9,Michigan State,Michigan,False
401282795,2021,9,Northwestern,Minnesota,False
401282801,2021,9,Nebraska,Purdue,False
401282814,2021,9,Ohio State,Penn State,False
401286297,2021,9,Liberty,Massachusetts,False
401287929,2021,9,Baylor,Texas,False
401287930,2021,9,Kansas State,TCU,False
401287931,2021,9,Oklahoma,Texas Tech,False
401287932,2021,9,Oklahoma State,Kansas,False
401287933,2021,9,West Virginia,Iowa State,False
401301030,2021,9,Tulsa,Navy,False
401301031,2021,9,Temple,UCF,False
401301032,2021,9,Tulane,Cincinnati,False
401301033,2021,9,East Carolina,South Florida,False
401301034,2021,9,Houston,SMU,False
401309578,2021,9,Buffalo,Bowling Green,False
401309627,2021,9,Coastal Carolina,Troy,False
401309628,2021,9,Appalachian State,UL Monroe,False
401309629,2021,9,South Alabama,Arkansas State,False
401309630,2021,9,Georgia Southern,Georgia State,False
401309631,2021,9,Louisiana,Texas State,False
401309882,2021,9,California,Oregon State,False
401309883,2021,9,Stanford,Washington,False
401309884,2021,9,Oregon,Colorado,False
401309885,2021,9,Arizona State,Washington State,False
401309886,2021,9,USC,Arizona,False
401309887,2021,9,Utah,UCLA,False
401310730,2021,9,Colorado State,Boise State,False
401310731,2021,9,Utah State,Hawai'i,False
401310732,2021,9,San José State,Wyoming,False
401310733,2021,9,San Diego State,Fresno State,False
401310734,2021,9,Nevada,UNLV,False
401327973,2021,9,Jacksonville State,Central Arkansas,False
401327984,2021,9,Delaware,Dixie State,False
401328013,2021,9,Tarleton,Sam Houston,False
401328083,2021,9,Northern Colorado,Sacramento State,False
401328129,2021,9,Kennesaw State,Gardner-Webb,False
401328188,2021,9,James Madison,Elon,False
401328343,2021,9,North Dakota State,Indiana State,False
401328357,2021,9,Missouri State,North Dakota,False
401282120,2021,10,Alabama,LSU,False
401282121,2021,10,Arkansas,Mississippi State,False
401282122,2021,10,Georgia,Missouri,False
401282123,2021,10,Kentucky,Tennessee,False
401282124,2021,10,Ole Miss,Liberty,False
401282125,2021,10,South Carolina,Florida,False
401282126,2021,10,Texas A&M,Auburn,False
401282247,2021,10,Charlotte,Rice,False
401282248,2021,10,Florida International,Old Dominion,False
401282249,2021,10,Florida Atlantic,Marshall,False
401282250,2021,10,UAB,Louisiana Tech,False
401282251,2021,10,Western Kentucky,Middle Tennessee,False
401282252,2021,10,Southern Miss,North Texas,False
401282253,2021,10,UTEP,UTSA,False
401282677,2021,10,Boston College,Virginia Tech,False
401282678,2021,10,Duke,Pittsburgh,False
401282679,2021,10,Florida State,NC State,False
401282680,2021,10,Louisville,Clemson,False
401282681,2021,10,Miami,Georgia Tech,False
401282682,2021,10,North Carolina,Wake Forest,False
401282710,2021,10,Notre Dame,Navy,False
401282720,2021,10,Minnesota,Illinois,False
401282727,2021,10,Michigan,Indiana,False
401282757,2021,10,Northwestern,Iowa,False
401282768,2021,10,Maryland,Penn State,False
401282787,2021,10,Purdue,Michigan State,False
401282799,2021,10,Nebraska,Ohio State,False
401282824,2021,10,Rutgers,Wisconsin,False
401286303,2021,10,Massachusetts,Rhode Island,False
401287934,2021,10,Iowa State,Texas,False
401287935,2021,10,Kansas,Kansas State,False
401287936,2021,10,TCU,Baylor,False
401287937,2021,10,West Virginia,Oklahoma State,False
401301035,2021,10,East Carolina,Temple,False
401301036,2021,10,UCF,Tulane,False
401301037,2021,10,Cincinnati,Tulsa,False
401301038,2021,10,South Florida,Houston,False
401301039,2021,10,Memphis,SMU,False
401308839,2021,10,Ohio,Miami (OH),False
401309579,2021,10,Akron,Ball State,False
401309580,2021,10,Toledo,Eastern Michigan,False
401309581,2021,10,Western Michigan,Central Michigan,False
401309582,2021,10,Kent State,Northern Illinois,False
401309632,2021,10,Louisiana,Georgia State,False
401309633,2021,10,Arkansas State,Appalachian State,False
401309634,2021,10,Georgia Southern,Coastal Carolina,False
401309635,2021,10,Texas State,UL Monroe,False
401309636,2021,10,Troy,South Alabama,False
401309888,2021,10,Stanford,Utah,False
401309889,2021,10,Arizona,California,False
401309890,2021,10,Washington,Oregon,False
401309891,2021,10,Colorado,Oregon State,False
401309892,2021,10,Arizona State,USC,False
401309914,2021,10,BYU,Idaho State,False
401310253,2021,10,Air Force,Army,True
401310735,2021,10,Fresno State,Boise State,False
401310736,2021,10,Wyoming,Colorado State,False
401310737,2021,10,New Mexico,UNLV,False
401310738,2021,10,New Mexico State,Utah State,False
401310739,2021,10,Hawai'i,San Diego State,False
401310740,2021,10,Nevada,San José State,False
401327985,2021,10,Sam Houston,Dixie State,False
401328002,2021,10,Jacksonville State,Abilene Christian,False
401328035,2021,10,Sacramento State,Cal Poly,False
401328115,2021,10,James Madison,Campbell,False
401328141,2021,10,Robert Morris,Kennesaw State,False
401328180,2021,10,Delaware,William & Mary,False
401328358,2021,10,Southern Illinois,Missouri State,False
401328369,2021,10,South Dakota State,North Dakota State,False
401282127,2021,11,Alabama,New Mexico State,False
401282128,2021,11,Auburn,Mississippi State,False
401282129,2021,11,Florida,Samford,False
401282130,2021,11,LSU,Arkansas,False
401282131,2021,11,Ole Miss,Texas A&M,False
401282132,2021,11,Missouri,South Carolina,False
401282133,2021,11,Tennessee,Georgia,False
401282134,2021,11,Vanderbilt,Kentucky,False
401282254,2021,11,Louisiana Tech,Charlotte,False
401282255,2021,11,Middle Tennessee,Florida International,False
401282256,2021,11,Old Dominion,Florida Atlantic,False
401282257,2021,11,Marshall,UAB,False
401282258,2021,11,North Texas,UTEP,False
401282259,2021,11,Rice,Western Kentucky,False
401282260,2021,11,UTSA,Southern Miss,False
401282683,2021,11,Pittsburgh,North Carolina,False
401282684,2021,11,Clemson,UConn,False
401282685,2021,11,Florida State,Miami,False
401282686,2021,11,Georgia Tech,Boston College,False
401282687,2021,11,Louisville,Syracuse,False
401282688,2021,11,Virginia,Notre Dame,False
401282689,2021,11,Virginia Tech,Duke,False
401282690,2021,11,Wake Forest,NC State,False
401282728,2021,11,Indiana,Rutgers,False
401282762,2021,11,Iowa,Minnesota,False
401282771,2021,11,Michigan State,Maryland,False
401282780,2021,11,Penn State,Michigan,False
401282806,2021,11,Wisconsin,Northwestern,False
401282812,2021,11,Ohio State,Purdue,False
401286304,2021,11,Massachusetts,Maine,False
401287938,2021,11,Baylor,Oklahoma,False
401287939,2021,11,Kansas State,West Virginia,False
401287940,2021,11,Oklahoma State,TCU,False
401287941,2021,11,Texas,Kansas,False
401287942,2021,11,Texas Tech,Iowa State,False
401301040,2021,11,South Florida,Cincinnati,False
401301041,2021,11,SMU,UCF,False
401301042,2021,11,Memphis,East Carolina,False
401301043,2021,11,Temple,Houston,False
401301044,2021,11,Tulane,Tulsa,False
401308840,2021,11,Miami (OH),Buffalo,False
401309583,2021,11,Eastern Michigan,Ohio,False
401309584,2021,11,Western Michigan,Akron,False
401309585,2021,11,Bowling Green,Toledo,False
401309586,2021,11,Central Michigan,Kent State,False
401309587,2021,11,Northern Illinois,Ball State,False
401309637,2021,11,Appalachian State,South Alabama,False
401309638,2021,11,UL Monroe,Arkansas State,False
401309639,2021,11,Coastal Carolina,Georgia State,False
401309640,2021,11,Texas State,Georgia Southern,False
401309641,2021,11,Troy,Louisiana,False
401309893,2021,11,California,USC,False
401309894,2021,11,Oregon State,Stanford,False
401309895,2021,11,Oregon,Washington State,False
401309896,2021,11,Arizona,Utah,False
401309897,2021,11,Washington,Arizona State,False
401309898,2021,11,UCLA,Colorado,False
401310254,2021,11,Army,Bucknell,False
401310741,2021,11,Colorado State,Air Force,False
401310742,2021,11,Boise State,Wyoming,False
401310743,2021,11,Fresno State,New Mexico,False
401310744,2021,11,San José State,Utah State,False
401310745,2021,11,UNLV,Hawai'i,False
401310746,2021,11,San Diego State,Nevada,False
401327995,2021,11,Sam Houston,Eastern Kentucky,False
401328003,2021,11,Lamar,Jacksonville State,False
401328094,2021,11,Sacramento State,Portland State,False
401328142,2021,11,North Alabama,Kennesaw State,False
401328181,2021,11,Richmond,Delaware,False
401328197,2021,11,William & Mary,James Madison,False
401328359,2021,11,Missouri State,Northern Iowa,False
401328370,2021,11,Youngstown State,North Dakota State,False
401282135,2021,12,Alabama,Arkansas,False
401282136,2021,12,Georgia,Charleston Southern,False
401282137,2021,12,Kentucky,New Mexico State,False
401282138,2021,12,LSU,UL Monroe,False
401282139,2021,12,Ole Miss,Vanderbilt,False
401282140,2021,12,Mississippi State,Tennessee State,False
401282141,2021,12,Missouri,Florida,False
401282142,2021,12,South Carolina,Auburn,False
401282143,2021,12,Tennessee,South Alabama,False
401282144,2021,12,Texas A&M,Prairie View A&M,False
401282261,2021,12,Charlotte,Marshall,False
401282262,2021,12,Florida International,North Texas,False
401282263,2021,12,Western Kentucky,Florida Atlantic,False
401282264,2021,12,Louisiana Tech,Southern Miss,False
401282265,2021,12,Middle Tennessee,Old Dominion,False
401282266,2021,12,UTEP,Rice,False
401282267,2021,12,UTSA,UAB,False
401282691,2021,12,Duke,Louisville,False
401282692,2021,12,Boston College,Florida State,False
401282693,2021,12,Clemson,Wake Forest,False
401282694,2021,12,Miami,Virginia Tech,False
401282695,2021,12,NC State,Syracuse,False
401282696,2021,12,North Carolina,Wofford,False
401282697,2021,12,Notre Dame,Georgia Tech,False
401282698,2021,12,Pittsburgh,Virginia,False
401282721,2021,12,Iowa,Illinois,False
401282732,2021,12,Indiana,Minnesota,False
401282770,2021,12,Maryland,Michigan,False
401282786,2021,12,Ohio State,Michigan State,False
401282803,2021,12,Wisconsin,Nebraska,False
401282808,2021,12,Northwestern,Purdue,True
401282818,2021,12,Penn State,Rutgers,False
401286293,2021,12,UCF,UConn,False
401286298,2021,12,Liberty,Louisiana,False
401286305,2021,12,Army,Massachusetts,False
401287943,2021,12,Kansas State,Baylor,False
401287944,2021,12,Oklahoma,Iowa State,False
401287945,2021,12,TCU,Kansas,False
401287946,2021,12,Texas Tech,Oklahoma State,False
401287947,2021,12,West Virginia,Texas,False
401301045,2021,12,Houston,Memphis,False
401301046,2021,12,Cincinnati,SMU,False
401301047,2021,12,Navy,East Carolina,False
401301048,2021,12,Tulane,South Florida,False
401301049,2021,12,Tulsa,Temple,False
401308841,2021,12,Miami (OH),Bowling Green,False
401309588,2021,12,Eastern Michigan,Western Michigan,False
401309589,2021,12,Ohio,Toledo,False
401309590,2021,12,Buffalo,Northern Illinois,False
401309591,2021,12,Ball State,Central Michigan,False
401309592,2021,12,Akron,Kent State,False
401309642,2021,12,Troy,Appalachian State,False
401309643,2021,12,Georgia State,Arkansas State,False
401309644,2021,12,Coastal Carolina,Texas State,False
401309645,2021,12,Georgia Southern,BYU,False
401309899,2021,12,Washington State,Arizona,False
401309900,2021,12,Stanford,California,False
401309901,2021,12,Utah,Oregon,False
401309902,2021,12,Oregon State,Arizona State,False
401309903,2021,12,Colorado,Washington,False
401309904,2021,12,USC,UCLA,False
401310747,2021,12,Nevada,Air Force,False
401310748,2021,12,Boise State,New Mexico,False
401310749,2021,12,Hawai'i,Colorado State,False
401310750,2021,12,Utah State,Wyoming,False
401310751,2021,12,UNLV,San Diego State,False
401327987,2021,12,Dixie State,Missouri State,False
401327996,2021,12,Eastern Kentucky,Jacksonville State,False
401328014,2021,12,Abilene Christian,Sam Houston,False
401328097,2021,12,UC Davis,Sacramento State,False
401328143,2021,12,Kennesaw State,Monmouth,False
401328182,2021,12,Delaware,Villanova,False
401328198,2021,12,James Madison,Towson,False
401328371,2021,12,North Dakota State,South Dakota,False
401282145,2021,13,Arkansas,Missouri,False
401282146,2021,13,Auburn,Alabama,False
401282147,2021,13,Florida,Florida State,False
401282148,2021,13,Georgia Tech,Georgia,False
401282149,2021,13,Louisville,Kentucky,False
401282150,2021,13,LSU,Texas A&M,False
401282151,2021,13,Mississippi State,Ole Miss,False
401282152,2021,13,South Carolina,Clemson,False
401282153,2021,13,Tennessee,Vanderbilt,False
401282268,2021,13,Old Dominion,Charlotte,False
401282269,2021,13,Southern Miss,Florida International,False
401282270,2021,13,Florida Atlantic,Middle Tennessee,False
401282271,2021,13,Rice,Louisiana Tech,False
401282272,2021,13,Marshall,Western Kentucky,False
401282273,2021,13,North Texas,UTSA,False
401282274,2021,13,UAB,UTEP,False
401282699,2021,13,NC State,North Carolina,False
401282700,2021,13,Boston College,Wake Forest,False
401282701,2021,13,Duke,Miami,False
401282702,2021,13,Syracuse,Pittsburgh,False
401282703,2021,13,Virginia,Virginia Tech,False
401282711,2021,13,Stanford,Notre Dame,False
401282722,2021,13,Illinois,Northwestern,False
401282753,2021,13,Purdue,Indiana,False
401282761,2021,13,Nebraska,Iowa,False
401282766,2021,13,Rutgers,Maryland,False
401282781,2021,13,Michigan,Ohio State,False
401282785,2021,13,Michigan State,Penn State,False
401282794,2021,13,Minnesota,Wisconsin,False
401286299,2021,13,Liberty,Army,False
401286306,2021,13,New Mexico State,Massachusetts,False
401287948,2021,13,Baylor,Texas Tech,False
401287949,2021,13,Iowa State,TCU,False
401287950,2021,13,Kansas,West Virginia,False
401287951,2021,13,Oklahoma State,Oklahoma,False
401287952,2021,13,Texas,Kansas State,False
401301050,2021,13,UCF,South Florida,False
401301051,2021,13,East Carolina,Cincinnati,False
401301052,2021,13,UConn,Houston,False
401301053,2021,13,Memphis,Tulane,False
401301054,2021,13,Temple,Navy,False
401301055,2021,13,SMU,Tulsa,False
401308842,2021,13,Kent State,Miami (OH),False
401309593,2021,13,Ball State,Buffalo,False
401309594,2021,13,Northern Illinois,Western Michigan,False
401309595,2021,13,Central Michigan,Eastern Michigan,False
401309596,2021,13,Bowling Green,Ohio,False
401309597,2021,13,Toledo,Akron,False
401309646,2021,13,Appalachian State,Georgia Southern,False
401309647,2021,13,Arkansas State,Texas State,False
401309648,2021,13,South Alabama,Coastal Carolina,False
401309649,2021,13,Georgia State,Troy,False
401309650,2021,13,Louisiana,UL Monroe,False
401309905,2021,13,Washington,Washington State,False
401309906,2021,13,Utah,Colorado,False
401309907,2021,13,UCLA,California,False
401309908,2021,13,Oregon,Oregon State,False
401309909,2021,13,Arizona State,Arizona,False
401309910,2021,13,USC,BYU,False
401310752,2021,13,Air Force,UNLV,False
401310753,2021,13,San Diego State,Boise State,False
401310754,2021,13,Colorado State,Nevada,False
401310755,2021,13,New Mexico,Utah State,False
401310756,2021,13,Wyoming,Hawai'i,False
401310757,2021,13,San José State,Fresno State,False
401389031,2021,13,Missouri State,UT Martin,False
401389036,2021,13,Kennesaw State,Davidson,False
401282154,2021,14,Alabama,Georgia,True
401282156,2021,14,UTSA,Western Kentucky,False
401287953,2021,14,Oklahoma State,Baylor,True
401310676,2021,14,San Diego State,Utah State,False
401331159,2021,14,Utah,Oregon,True
401331160,2021,14,Northern Illinois,Kent State,True
401331161,2021,14,Louisiana,Appalachian State,False
401331162,2021,14,Cincinnati,Houston,False
401331163,2021,14,Wake Forest,Pittsburgh,True
401331447,2021,14,Iowa,Michigan,True
401387250,2021,14,California,USC,False
401389818,2021,14,Sam Houston,Incarnate Word,False
401389820,2021,14,East Tennessee State,Kennesaw State,False
401389823,2021,14,Sacramento State,South Dakota State,False
401389850,2021,14,North Dakota State,Southern Illinois,False
401301056,2021,15,Navy,Army,True
401391131,2021,15,North Dakota State,East Tennessee State,False
401391132,2021,15,Sam Houston,Montana State,False
401403853,2022,1,Hawai'i,Vanderbilt,False
401403854,2022,1,Alabama,Utah State,False
401403855,2022,1,Arkansas,Cincinnati,False
401403856,2022,1,Auburn,Mercer,False
401403857,2022,1,Florida,Utah,False
401403858,2022,1,Georgia,Oregon,True
401403859,2022,1,Kentucky,Miami (OH),False
401403860,2022,1,Ole Miss,Troy,False
401403861,2022,1,Mississippi State,Memphis,False
401403863,2022,1,South Carolina,Georgia State,False
401403864,2022,1,Tennessee,Ball State,False
401403865,2022,1,Texas A&M,Sam Houston,False
401403866,2022,1,Vanderbilt,Elon,False
401403867,2022,1,LSU,Florida State,True
401403965,2022,1,Arizona State,Northern Arizona,False
401403966,2022,1,Colorado,TCU,False
401403967,2022,1,San Diego State,Arizona,False
401403968,2022,1,California,UC Davis,False
401403969,2022,1,Oregon State,Boise State,False
401403970,2022,1,Stanford,Colgate,False
401403971,2022,1,UCLA,Bowling Green,False
401403973,2022,1,Washington,Kent State,False
401403974,2022,1,Washington State,Idaho,False
401404052,2022,1,Kansas,Tennessee Tech,False
401404055,2022,1,Texas Tech,Murray State,False
401404056,2022,1,Kansas State,South Dakota,False
401404057,2022,1,Iowa State,Southeast Missouri State,False
401404059,2022,1,Texas,UL Monroe,False
401404124,2022,1,Ohio State,Notre Dame,False
401404134,2022,1,Coastal Carolina,Army,False
401404146,2022,1,Utah State,UConn,False
401404147,2022,1,UConn,Central Connecticut,False
401404157,2022,1,Southern Miss,Liberty,False
401405058,2022,1,Illinois,Wyoming,False
401405059,2022,1,Northwestern,Nebraska,True
401405060,2022,1,Minnesota,New Mexico State,False
401405061,2022,1,Indiana,Illinois,False
401405062,2022,1,Iowa,South Dakota State,False
401405063,2022,1,Nebraska,North Dakota,False
401405064,2022,1,Purdue,Penn State,False
401405065,2022,1,Wisconsin,Illinois State,False
401405066,2022,1,Maryland,Buffalo,False
401405067,2022,1,Michigan,Colorado State,False
401405069,2022,1,Boston College,Rutgers,False
401409235,2022,1,New Mexico State,Nevada,False
401411090,2022,1,Florida State,Duquesne,False
401411091,2022,1,North Carolina,Florida A&M,False
401411092,2022,1,Pittsburgh,West Virginia,False
401411093,2022,1,Wake Forest,VMI,False
401411094,2022,1,Duke,Temple,False
401411095,2022,1,Appalachian State,North Carolina,False
401411096,2022,1,East Carolina,NC State,False
401411097,2022,1,Miami,Bethune-Cookman,False
401411099,2022,1,Syracuse,Louisville,False
401411100,2022,1,Virginia,Richmond,False
401411101,2022,1,Georgia Tech,Clemson,False
401413213,2022,1,Jacksonville State,Stephen F. Austin,True
401413214,2022,1,Jacksonville State,Davidson,False
401413224,2022,1,Fresno State,Cal Poly,False
401413256,2022,1,UNLV,Idaho State,False
401414778,2022,1,Tulane,Massachusetts,False
401415015,2022,1,Marshall,Norfolk State,False
401415209,2022,1,Air Force,Northern Iowa,False
401415210,2022,1,New Mexico,Maine,False
401415211,2022,1,Wyoming,Tulsa,False
401415212,2022,1,Nevada,Texas State,False
401415213,2022,1,San José State,Portland State,False
401415610,2022,1,UCF,South Carolina State,False
401415611,2022,1,Navy,Delaware,False
401415612,2022,1,South Florida,BYU,False
401416568,2022,1,Akron,St. Francis (PA),False
401416569,2022,1,Oklahoma State,Central Michigan,False
401416590,2022,1,Eastern Michigan,Eastern Kentucky,False
401416591,2022,1,Michigan State,Western Michigan,False
401416592,2022,1,Northern Illinois,Eastern Illinois,False
401418645,2022,1,Samford,Kennesaw State,False
401420777,2022,1,Georgia Southern,Morgan State,False
401420806,2022,1,Central Arkansas,Missouri State,False
401420836,2022,1,North Dakota State,Drake,False
401420855,2022,1,Sacramento State,Utah Tech,False
401421116,2022,1,South Alabama,Nicholls,False
401421121,2022,1,Louisiana,SE Louisiana,False
401424416,2022,1,Baylor,Albany,False
401425418,2022,1,Arkansas State,Grambling,False
401426330,2022,1,Old Dominion,Virginia Tech,False
401426530,2022,1,Florida Atlantic,Charlotte,False
401426531,2022,1,UTEP,North Texas,False
401426532,2022,1,Western Kentucky,Austin Peay,False
401426533,2022,1,Florida International,Bryant,False
401426534,2022,1,UAB,Alabama A&M,False
401426535,2022,1,Charlotte,William & Mary,False
401426536,2022,1,Ohio,Florida Atlantic,False
401426537,2022,1,Missouri,Louisiana Tech,False
401426538,2022,1,James Madison,Middle Tennessee,False
401426539,2022,1,North Texas,SMU,False
401426540,2022,1,USC,Rice,False
401426541,2022,1,Oklahoma,UTEP,False
401426542,2022,1,UTSA,Houston,False
401426543,2022,1,Hawai'i,Western Kentucky,False
401441990,2022,1,Toledo,Long Island University,False
401403868,2022,2,Texas,Alabama,False
401403869,2022,2,Arkansas,South Carolina,False
401403870,2022,2,Auburn,San José State,False
401403871,2022,2,Florida,Kentucky,False
401403872,2022,2,Georgia,Samford,False
401403873,2022,2,LSU,Southern,False
401403874,2022,2,Ole Miss,Central Arkansas,False
401403875,2022,2,Arizona,Mississippi State,False
401403876,2022,2,Kansas State,Missouri,False
401403877,2022,2,Pittsburgh,Tennessee,False
401403878,2022,2,Texas A&M,Appalachian State,False
401403879,2022,2,Vanderbilt,Wake Forest,False
401403975,2022,2,Oklahoma State,Arizona State,False
401403976,2022,2,California,UNLV,False
401403977,2022,2,Air Force,Colorado,False
401403978,2022,2,Oregon,Eastern Washington,False
401403979,2022,2,Fresno State,Oregon State,False
401403980,2022,2,Stanford,USC,False
401403981,2022,2,UCLA,Alabama State,False
401403982,2022,2,Utah,Southern Utah,False
401403983,2022,2,Washington,Portland State,False
401403984,2022,2,Wisconsin,Washington State,False
401404062,2022,2,BYU,Baylor,False
401404063,2022,2,Texas Tech,Houston,False
401404064,2022,2,Iowa,Iowa State,False
401404065,2022,2,West Virginia,Kansas,False
401404066,2022,2,Oklahoma,Kent State,False
401404067,2022,2,TCU,Tarleton,False
401404125,2022,2,Notre Dame,Marshall,False
401404148,2022,2,UConn,Syracuse,False
401405070,2022,2,Illinois,Virginia,False
401405071,2022,2,Minnesota,Western Illinois,False
401405072,2022,2,Nebraska,Georgia Southern,False
401405073,2022,2,Northwestern,Duke,False
401405074,2022,2,Purdue,Indiana State,False
401405075,2022,2,Indiana,Idaho,False
401405077,2022,2,Michigan,Hawai'i,False
401405078,2022,2,Michigan State,Akron,False
401405079,2022,2,Ohio State,Arkansas State,False
401405080,2022,2,Penn State,Ohio,False
401405081,2022,2,Rutgers,Wagner,False
401411102,2022,2,Clemson,Furman,False
401411103,2022,2,Georgia State,North Carolina,False
401411104,2022,2,Georgia Tech,Western Carolina,False
401411105,2022,2,Miami,Southern Miss,False
401411106,2022,2,NC State,Charleston Southern,False
401411108,2022,2,Virginia Tech,Boston College,False
401413215,2022,2,Murray State,Jacksonville State,False
401413257,2022,2,San Diego State,Idaho State,False
401414779,2022,2,Toledo,Massachusetts,False
401415024,2022,2,East Carolina,Old Dominion,False
401415170,2022,2,Sam Houston,Northern Arizona,False
401415177,2022,2,Wyoming,Northern Colorado,False
401415214,2022,2,New Mexico,Boise State,False
401415215,2022,2,Utah State,Weber State,False
401415216,2022,2,Nevada,Incarnate Word,False
401415613,2022,2,UCF,Louisville,False
401415614,2022,2,Temple,Lafayette,False
401415615,2022,2,Tulane,Alcorn State,False
401415616,2022,2,SMU,Lamar,False
401415617,2022,2,Navy,Memphis,False
401415618,2022,2,South Florida,Howard,False
401415619,2022,2,Cincinnati,Kennesaw State,False
401415620,2022,2,Tulsa,Northern Illinois,False
401416594,2022,2,Ball State,Western Michigan,False
401416595,2022,2,Bowling Green,Eastern Kentucky,False
401416596,2022,2,Buffalo,Holy Cross,False
401416597,2022,2,Central Michigan,South Alabama,False
401416598,2022,2,Louisiana,Eastern Michigan,False
401416599,2022,2,Miami (OH),Robert Morris,False
401420788,2022,2,James Madison,Norfolk State,False
401420807,2022,2,Missouri State,UT Martin,False
401420837,2022,2,North Dakota State,North Carolina A&T,False
401421117,2022,2,UL Monroe,Nicholls,False
401423439,2022,2,Troy,Alabama A&M,False
401424419,2022,2,Delaware,Delaware State,False
401426332,2022,2,Coastal Carolina,Gardner-Webb,False
401426544,2022,2,Texas State,Florida International,False
401426545,2022,2,Charlotte,Maryland,False
401426546,2022,2,Florida Atlantic,SE Louisiana,False
401426547,2022,2,Louisiana Tech,Stephen F. Austin,False
401426548,2022,2,Colorado State,Middle Tennessee,False
401426549,2022,2,North Texas,Texas Southern,False
401426550,2022,2,Rice,McNeese,False
401426551,2022,2,Liberty,UAB,False
401426552,2022,2,UTEP,New Mexico State,False
401426553,2022,2,Army,UTSA,False
401403880,2022,3,Alabama,UL Monroe,False
401403881,2022,3,Arkansas,Missouri State,False
401403882,2022,3,Auburn,Penn State,False
401403883,2022,3,Florida,South Florida,False
401403884,2022,3,Kentucky,Youngstown State,False
401403885,2022,3,LSU,Mississippi State,False
401403886,2022,3,Georgia Tech,Ole Miss,False
401403887,2022,3,Missouri,Abilene Christian,False
401403888,2022,3,South Carolina,Georgia,False
401403889,2022,3,Tennessee,Akron,False
401403890,2022,3,Texas A&M,Miami,False
401403891,2022,3,Northern Illinois,Vanderbilt,False
401403985,2022,3,Arizona,North Dakota State,False
401403986,2022,3,Arizona State,Eastern Michigan,False
401403987,2022,3,Notre Dame,California,False
401403988,2022,3,Minnesota,Colorado,False
401403989,2022,3,Oregon,BYU,False
401403990,2022,3,Oregon State,Montana State,True
401403991,2022,3,UCLA,South Alabama,False
401403992,2022,3,USC,Fresno State,False
401403993,2022,3,Utah,San Diego State,False
401403994,2022,3,Washington,Michigan State,False
401403995,2022,3,Washington State,Colorado State,False
401404068,2022,3,Houston,Kansas,False
401404069,2022,3,Iowa State,Ohio,False
401404070,2022,3,Nebraska,Oklahoma,False
401404071,2022,3,Baylor,Texas State,False
401404072,2022,3,NC State,Texas Tech,False
401404073,2022,3,West Virginia,Towson,False
401404074,2022,3,Kansas State,Tulane,False
401404075,2022,3,Oklahoma State,Arkansas-Pine Bluff,False
401404136,2022,3,Army,Villanova,False
401404149,2022,3,Michigan,UConn,False
401404159,2022,3,Wake Forest,Liberty,False
401405082,2022,3,Iowa,Nevada,False
401405083,2022,3,Northwestern,Southern Illinois,False
401405084,2022,3,Syracuse,Purdue,False
401405085,2022,3,Wisconsin,New Mexico State,False
401405087,2022,3,Maryland,SMU,False
401405088,2022,3,Ohio State,Toledo,False
401405089,2022,3,Temple,Rutgers,False
401411109,2022,3,Louisville,Florida State,False
401411110,2022,3,Boston College,Maine,False
401411112,2022,3,Duke,North Carolina A&T,False
401411113,2022,3,Virginia,Old Dominion,False
401411114,2022,3,Virginia Tech,Wofford,False
401411115,2022,3,Western Michigan,Pittsburgh,False
401413216,2022,3,Tulsa,Jacksonville State,False
401414780,2022,3,Massachusetts,Stony Brook,False
401415029,2022,3,Bowling Green,Marshall,False
401415032,2022,3,Southern Miss,Northwestern State,False
401415217,2022,3,Wyoming,Air Force,False
401415218,2022,3,Boise State,UT Martin,False
401415219,2022,3,Hawai'i,Duquesne,False
401415621,2022,3,East Carolina,Campbell,False
401415622,2022,3,Memphis,Arkansas State,False
401415623,2022,3,Miami (OH),Cincinnati,True
401416600,2022,3,Ball State,Murray State,False
401416601,2022,3,Coastal Carolina,Buffalo,False
401416602,2022,3,Central Michigan,Bucknell,False
401416603,2022,3,Kent State,Long Island University,False
401420869,2022,3,Sam Houston,Texas A&M-Commerce,False
401424424,2022,3,Rhode Island,Delaware,False
401425456,2022,3,Northern Iowa,Sacramento State,False
401426333,2022,3,Appalachian State,Troy,False
401426554,2022,3,Georgia State,Charlotte,False
401426555,2022,3,Florida Atlantic,UCF,False
401426556,2022,3,Clemson,Louisiana Tech,False
401426557,2022,3,Middle Tennessee,Tennessee State,False
401426558,2022,3,UNLV,North Texas,False
401426559,2022,3,Rice,Louisiana,False
401426560,2022,3,UAB,Georgia Southern,False
401426561,2022,3,New Mexico,UTEP,False
401426562,2022,3,Texas,UTSA,False
401426563,2022,3,Indiana,Western Kentucky,False
401403892,2022,4,Alabama,Vanderbilt,False
401403893,2022,4,Texas A&M,Arkansas,True
401403894,2022,4,Auburn,Missouri,False
401403895,2022,4,Georgia,Kent State,False
401403896,2022,4,Kentucky,Northern Illinois,False
401403897,2022,4,LSU,New Mexico,False
401403898,2022,4,Ole Miss,Tulsa,False
401403899,2022,4,Mississippi State,Bowling Green,False
401403901,2022,4,Tennessee,Florida,False
401403996,2022,4,California,Arizona,False
401403997,2022,4,Arizona State,Utah,False
401403998,2022,4,Colorado,UCLA,False
401403999,2022,4,Washington State,Oregon,False
401404000,2022,4,Oregon State,USC,False
401404001,2022,4,Washington,Stanford,False
401404078,2022,4,SMU,TCU,False
401404079,2022,4,Kansas,Duke,False
401404080,2022,4,Iowa State,Baylor,False
401404081,2022,4,Oklahoma,Kansas State,False
401404082,2022,4,Texas Tech,Texas,False
401404126,2022,4,North Carolina,Notre Dame,False
401404150,2022,4,NC State,UConn,False
401404160,2022,4,Liberty,Akron,False
401405091,2022,4,Rutgers,Iowa,False
401405092,2022,4,Michigan State,Minnesota,False
401405093,2022,4,Northwestern,Miami (OH),False
401405095,2022,4,Ohio State,Wisconsin,False
401405096,2022,4,Cincinnati,Indiana,False
401405097,2022,4,Michigan,Maryland,False
401405098,2022,4,Penn State,Central Michigan,False
401409237,2022,4,New Mexico State,Hawai'i,False
401411116,2022,4,Virginia Tech,West Virginia,False
401411117,2022,4,Syracuse,Virginia,False
401411118,2022,4,Florida State,Boston College,False
401411119,2022,4,Louisville,South Florida,False
401411121,2022,4,Pittsburgh,Rhode Island,False
401411122,2022,4,UCF,Georgia Tech,False
401411123,2022,4,Wake Forest,Clemson,False
401413205,2022,4,Kennesaw State,Wofford,False
401413217,2022,4,Nicholls,Jacksonville State,False
401414781,2022,4,Temple,Massachusetts,False
401415037,2022,4,Appalachian State,James Madison,False
401415040,2022,4,Tulane,Southern Miss,False
401415220,2022,4,Air Force,Nevada,False
401415221,2022,4,Colorado State,Sacramento State,False
401415222,2022,4,Utah State,UNLV,False
401415223,2022,4,BYU,Wyoming,False
401415224,2022,4,San Diego State,Toledo,False
401415225,2022,4,San José State,Western Michigan,False
401415624,2022,4,East Carolina,Navy,False
401416604,2022,4,Eastern Michigan,Buffalo,False
401416605,2022,4,Georgia Southern,Ball State,False
401416606,2022,4,Ohio,Fordham,False
401418793,2022,4,Texas State,Houston Christian,False
401420808,2022,4,Missouri State,South Dakota State,False
401420828,2022,4,South Dakota,North Dakota State,False
401421129,2022,4,Illinois,Chattanooga,False
401424426,2022,4,Delaware,Hampton,False
401426334,2022,4,Georgia State,Coastal Carolina,False
401426335,2022,4,Old Dominion,Arkansas State,False
401426336,2022,4,UL Monroe,Louisiana,False
401426393,2022,4,Troy,Marshall,False
401426564,2022,4,South Carolina,Charlotte,False
401426565,2022,4,Western Kentucky,Florida International,False
401426566,2022,4,Purdue,Florida Atlantic,False
401426567,2022,4,South Alabama,Louisiana Tech,False
401426568,2022,4,Miami,Middle Tennessee,False
401426569,2022,4,Memphis,North Texas,False
401426570,2022,4,Houston,Rice,False
401426571,2022,4,UTEP,Boise State,False
401426572,2022,4,UTSA,Texas Southern,False
401403902,2022,5,Arkansas,Alabama,False
401403903,2022,5,Auburn,LSU,False
401403904,2022,5,Florida,Eastern Washington,False
401403905,2022,5,Ole Miss,Kentucky,False
401403906,2022,5,Mississippi State,Texas A&M,False
401403907,2022,5,Missouri,Georgia,False
401403908,2022,5,South Carolina,South Carolina State,False
401404002,2022,5,Arizona,Colorado,False
401404003,2022,5,USC,Arizona State,False
401404004,2022,5,Washington State,California,False
401404005,2022,5,Oregon,Stanford,False
401404006,2022,5,Utah,Oregon State,False
401404007,2022,5,UCLA,Washington,False
401404083,2022,5,Baylor,Oklahoma State,False
401404084,2022,5,Kansas,Iowa State,False
401404085,2022,5,Kansas State,Texas Tech,False
401404086,2022,5,TCU,Oklahoma,False
401404087,2022,5,Texas,West Virginia,False
401404137,2022,5,Army,Georgia State,False
401404151,2022,5,UConn,Fresno State,False
401404161,2022,5,Old Dominion,Liberty,False
401405099,2022,5,Wisconsin,Illinois,False
401405100,2022,5,Iowa,Michigan,False
401405101,2022,5,Minnesota,Purdue,False
401405102,2022,5,Nebraska,Indiana,False
401405103,2022,5,Maryland,Michigan State,False
401405104,2022,5,Ohio State,Rutgers,False
401405105,2022,5,Penn State,Northwestern,False
401411124,2022,5,Boston College,Louisville,False
401411125,2022,5,Clemson,NC State,False
401411126,2022,5,Duke,Virginia,False
401411127,2022,5,Florida State,Wake Forest,False
401411128,2022,5,North Carolina,Virginia Tech,False
401411129,2022,5,Pittsburgh,Georgia Tech,False
401411130,2022,5,Syracuse,Wagner,False
401413218,2022,5,Jacksonville State,Kennesaw State,False
401413227,2022,5,Cal Poly,Sacramento State,False
401414782,2022,5,Eastern Michigan,Massachusetts,False
401415226,2022,5,BYU,Utah State,False
401415227,2022,5,Air Force,Navy,False
401415228,2022,5,Boise State,San Diego State,False
401415229,2022,5,UNLV,New Mexico,False
401415230,2022,5,Wyoming,San José State,False
401415625,2022,5,Houston,Tulane,False
401415626,2022,5,South Florida,East Carolina,True
401415627,2022,5,Tulsa,Cincinnati,False
401415628,2022,5,Memphis,Temple,False
401416607,2022,5,Toledo,Central Michigan,False
401416608,2022,5,Ball State,Northern Illinois,False
401416609,2022,5,Akron,Bowling Green,False
401416610,2022,5,Buffalo,Miami (OH),False
401416611,2022,5,Kent State,Ohio,False
401416612,2022,5,Western Michigan,New Hampshire,False
401420809,2022,5,North Dakota,Missouri State,False
401420824,2022,5,North Dakota State,Youngstown State,False
401420870,2022,5,Sam Houston,Stephen F. Austin,True
401421140,2022,5,Appalachian State,The Citadel,False
401424430,2022,5,Delaware,Towson,False
401426337,2022,5,Coastal Carolina,Georgia Southern,False
401426338,2022,5,James Madison,Texas State,False
401426339,2022,5,Marshall,Gardner-Webb,False
401426340,2022,5,Arkansas State,UL Monroe,False
401426341,2022,5,Louisiana,South Alabama,False
401426573,2022,5,Charlotte,UTEP,False
401426574,2022,5,New Mexico State,Florida International,False
401426575,2022,5,North Texas,Florida Atlantic,False
401426576,2022,5,Middle Tennessee,UTSA,False
401426577,2022,5,Rice,UAB,False
401426578,2022,5,Western Kentucky,Troy,False
401403909,2022,6,Alabama,Texas A&M,False
401403910,2022,6,Florida,Missouri,False
401403911,2022,6,Georgia,Auburn,False
401403912,2022,6,Kentucky,South Carolina,False
401403913,2022,6,LSU,Tennessee,False
401403914,2022,6,Mississippi State,Arkansas,False
401403915,2022,6,Vanderbilt,Ole Miss,False
401404008,2022,6,Arizona,Oregon,False
401404009,2022,6,Arizona State,Washington,False
401404010,2022,6,Stanford,Oregon State,False
401404011,2022,6,UCLA,Utah,False
401404012,2022,6,USC,Washington State,False
401404088,2022,6,Iowa State,Kansas State,False
401404089,2022,6,Kansas,TCU,False
401404090,2022,6,Oklahoma,Texas,True
401404091,2022,6,Oklahoma State,Texas Tech,False
401404127,2022,6,Notre Dame,BYU,True
401404138,2022,6,Wake Forest,Army,False
401404164,2022,6,Massachusetts,Liberty,False
401405106,2022,6,Illinois,Iowa,False
401405107,2022,6,Northwestern,Wisconsin,False
401405108,2022,6,Indiana,Michigan,False
401405109,2022,6,Maryland,Purdue,False
401405110,2022,6,Michigan State,Ohio State,False
401405111,2022,6,Rutgers,Nebraska,False
401411131,2022,6,Boston College,Clemson,False
401411132,2022,6,Georgia Tech,Duke,False
401411133,2022,6,Miami,North Carolina,False
401411134,2022,6,NC State,Florida State,False
401411135,2022,6,Pittsburgh,Virginia Tech,False
401411136,2022,6,Virginia,Louisville,False
401415179,2022,6,Sacramento State,Northern Colorado,False
401415231,2022,6,Utah State,Air Force,False
401415232,2022,6,Boise State,Fresno State,False
401415233,2022,6,Nevada,Colorado State,False
401415234,2022,6,New Mexico,Wyoming,False
401415235,2022,6,San Diego State,Hawai'i,False
401415236,2022,6,San José State,UNLV,False
401415629,2022,6,UCF,SMU,False
401415630,2022,6,Memphis,Houston,False
401415631,2022,6,Tulane,East Carolina,False
401415632,2022,6,Navy,Tulsa,False
401415633,2022,6,Cincinnati,South Florida,False
401416613,2022,6,Central Michigan,Ball State,False
401416614,2022,6,Western Michigan,Eastern Michigan,False
401416615,2022,6,Northern Illinois,Toledo,False
401416616,2022,6,Ohio,Akron,False
401416617,2022,6,Bowling Green,Buffalo,False
401416618,2022,6,Miami (OH),Kent State,False
401418646,2022,6,Kennesaw State,North Alabama,False
401418839,2022,6,Indiana State,North Dakota State,False
401420810,2022,6,Missouri State,Southern Illinois,False
401424368,2022,6,William & Mary,Delaware,False
401426342,2022,6,Georgia State,Georgia Southern,False
401426343,2022,6,Arkansas State,James Madison,False
401426344,2022,6,UL Monroe,Coastal Carolina,False
401426345,2022,6,Texas State,Appalachian State,False
401426346,2022,6,Troy,Southern Miss,False
401426579,2022,6,Florida International,UConn,False
401426580,2022,6,Louisiana Tech,UTEP,False
401426581,2022,6,UAB,Middle Tennessee,False
401426582,2022,6,UTSA,Western Kentucky,False
401403916,2022,7,BYU,Arkansas,False
401403917,2022,7,Florida,LSU,False
401403918,2022,7,Georgia,Vanderbilt,False
401403919,2022,7,Kentucky,Mississippi State,False
401403920,2022,7,Ole Miss,Auburn,False
401403921,2022,7,Tennessee,Alabama,False
401404013,2022,7,Washington,Arizona,False
401404014,2022,7,Colorado,California,False
401404015,2022,7,Oregon State,Washington State,False
401404016,2022,7,Notre Dame,Stanford,False
401404017,2022,7,Utah,USC,False
401404092,2022,7,West Virginia,Baylor,False
401404093,2022,7,Texas,Iowa State,False
401404094,2022,7,Oklahoma,Kansas,False
401404095,2022,7,TCU,Oklahoma State,False
401404139,2022,7,Army,Colgate,False
401404153,2022,7,Ball State,UConn,False
401404162,2022,7,Liberty,Gardner-Webb,False
401405112,2022,7,Illinois,Minnesota,False
401405113,2022,7,Purdue,Nebraska,False
401405114,2022,7,Indiana,Maryland,False
401405115,2022,7,Michigan,Penn State,False
401405116,2022,7,Michigan State,Wisconsin,False
401409239,2022,7,New Mexico State,New Mexico,False
401411137,2022,7,Duke,North Carolina,False
401411138,2022,7,Florida State,Clemson,False
401411139,2022,7,Syracuse,NC State,False
401411140,2022,7,Virginia Tech,Miami,False
401413219,2022,7,North Alabama,Jacksonville State,True
401413239,2022,7,Eastern Washington,Sacramento State,False
401414783,2022,7,Massachusetts,Buffalo,False
401415237,2022,7,UNLV,Air Force,False
401415238,2022,7,Colorado State,Utah State,False
401415239,2022,7,Fresno State,San José State,False
401415240,2022,7,Hawai'i,Nevada,False
401415634,2022,7,UCF,Temple,False
401415635,2022,7,SMU,Navy,False
401415636,2022,7,South Florida,Tulane,False
401415637,2022,7,East Carolina,Memphis,False
401416619,2022,7,Akron,Central Michigan,False
401416620,2022,7,Eastern Michigan,Northern Illinois,False
401416621,2022,7,Toledo,Kent State,False
401416622,2022,7,Bowling Green,Miami (OH),False
401416623,2022,7,Western Michigan,Ohio,False
401418639,2022,7,Eastern Kentucky,Sam Houston,False
401418647,2022,7,Kennesaw State,Central Arkansas,False
401420834,2022,7,North Dakota State,South Dakota State,False
401426347,2022,7,Marshall,Louisiana,False
401426348,2022,7,Coastal Carolina,Old Dominion,False
401426349,2022,7,Georgia Southern,James Madison,False
401426350,2022,7,South Alabama,UL Monroe,False
401426351,2022,7,Southern Miss,Arkansas State,False
401426352,2022,7,Troy,Texas State,False
401426583,2022,7,UAB,Charlotte,False
401426584,2022,7,Florida International,UTSA,False
401426585,2022,7,Florida Atlantic,Rice,False
401426586,2022,7,North Texas,Louisiana Tech,False
401426587,2022,7,Middle Tennessee,Western Kentucky,False
401403922,2022,8,Alabama,Mississippi State,False
401403923,2022,8,LSU,Ole Miss,False
401403924,2022,8,Missouri,Vanderbilt,False
401403925,2022,8,South Carolina,Texas A&M,False
401403926,2022,8,Tennessee,UT Martin,False
401404018,2022,8,Stanford,Arizona State,False
401404019,2022,8,California,Washington,False
401404020,2022,8,Oregon State,Colorado,False
401404021,2022,8,Oregon,UCLA,False
401404096,2022,8,Baylor,Kansas,False
401404097,2022,8,TCU,Kansas State,False
401404098,2022,8,Oklahoma State,Texas,False
401404099,2022,8,Texas Tech,West Virginia,False
401404128,2022,8,Notre Dame,UNLV,False
401404140,2022,8,Army,UL Monroe,False
401404163,2022,8,Liberty,BYU,False
401405117,2022,8,Wisconsin,Purdue,False
401405118,2022,8,Maryland,Northwestern,False
401405119,2022,8,Ohio State,Iowa,False
401405120,2022,8,Penn State,Minnesota,False
401405121,2022,8,Rutgers,Indiana,False
401409240,2022,8,New Mexico State,San José State,False
401411141,2022,8,Georgia Tech,Virginia,False
401411142,2022,8,Clemson,Syracuse,False
401411143,2022,8,Louisville,Pittsburgh,False
401411144,2022,8,Miami,Duke,False
401411145,2022,8,Wake Forest,Boston College,False
401413220,2022,8,Jacksonville State,SE Louisiana,False
401413337,2022,8,Sacramento State,Montana,False
401415241,2022,8,Air Force,Boise State,False
401415242,2022,8,Colorado State,Hawai'i,False
401415243,2022,8,New Mexico,Fresno State,False
401415244,2022,8,Wyoming,Utah State,False
401415245,2022,8,Nevada,San Diego State,False
401415638,2022,8,Temple,Tulsa,False
401415639,2022,8,Tulane,Memphis,False
401415640,2022,8,Navy,Houston,False
401415641,2022,8,SMU,Cincinnati,False
401415642,2022,8,East Carolina,UCF,False
401416624,2022,8,Ball State,Eastern Michigan,False
401416625,2022,8,Ohio,Northern Illinois,False
401416626,2022,8,Buffalo,Toledo,False
401416627,2022,8,Miami (OH),Western Michigan,False
401416628,2022,8,Kent State,Akron,False
401416629,2022,8,Central Michigan,Bowling Green,False
401418648,2022,8,Kennesaw State,Tennessee Tech,False
401420783,2022,8,Delaware,Morgan State,False
401420811,2022,8,Northern Iowa,Missouri State,False
401420871,2022,8,Utah Tech,Sam Houston,False
401426353,2022,8,Appalachian State,Georgia State,False
401426354,2022,8,South Alabama,Troy,False
401426355,2022,8,James Madison,Marshall,False
401426356,2022,8,Old Dominion,Georgia Southern,False
401426357,2022,8,Louisiana,Arkansas State,False
401426358,2022,8,Texas State,Southern Miss,False
401426588,2022,8,Charlotte,Florida International,False
401426589,2022,8,UTEP,Florida Atlantic,False
401426590,2022,8,Louisiana Tech,Rice,False
401426591,2022,8,UTSA,North Texas,False
401426592,2022,8,Western Kentucky,UAB,False
401403927,2022,9,Auburn,Arkansas,False
401403928,2022,9,Georgia,Florida,True
401403929,2022,9,South Carolina,Missouri,False
401403930,2022,9,Tennessee,Kentucky,False
401403931,2022,9,Texas A&M,Ole Miss,False
401404022,2022,9,Arizona,USC,False
401404023,2022,9,Colorado,Arizona State,False
401404024,2022,9,California,Oregon,False
401404025,2022,9,UCLA,Stanford,False
401404026,2022,9,Washington State,Utah,False
401404100,2022,9,Iowa State,Oklahoma,False
401404101,2022,9,Texas Tech,Baylor,False
401404102,2022,9,Kansas State,Oklahoma State,False
401404103,2022,9,West Virginia,TCU,False
401404129,2022,9,Syracuse,Notre Dame,False
401404154,2022,9,UConn,Boston College,False
401405122,2022,9,Iowa,Northwestern,False
401405123,2022,9,Minnesota,Rutgers,False
401405124,2022,9,Nebraska,Illinois,False
401405125,2022,9,Michigan,Michigan State,False
401405126,2022,9,Penn State,Ohio State,False
401409242,2022,9,Massachusetts,New Mexico State,False
401411146,2022,9,NC State,Virginia Tech,False
401411147,2022,9,Florida State,Georgia Tech,False
401411148,2022,9,Louisville,Wake Forest,False
401411149,2022,9,North Carolina,Pittsburgh,False
401411150,2022,9,Virginia,Miami,False
401413221,2022,9,Austin Peay,Jacksonville State,False
401413251,2022,9,Sacramento State,Idaho,False
401415246,2022,9,Boise State,Colorado State,False
401415247,2022,9,Hawai'i,Wyoming,False
401415248,2022,9,Fresno State,San Diego State,False
401415249,2022,9,San José State,Nevada,False
401415643,2022,9,Houston,South Florida,False
401415644,2022,9,UCF,Cincinnati,False
401415645,2022,9,BYU,East Carolina,False
401415646,2022,9,Navy,Temple,False
401415647,2022,9,Tulsa,SMU,False
401416630,2022,9,Eastern Michigan,Toledo,False
401416631,2022,9,Akron,Miami (OH),False
401418649,2022,9,Kennesaw State,Charleston Southern,False
401418834,2022,9,North Dakota State,Illinois State,False
401420812,2022,9,Missouri State,Western Illinois,False
401424399,2022,9,Elon,Delaware,False
401426359,2022,9,Southern Miss,Louisiana,False
401426360,2022,9,Appalachian State,Robert Morris,False
401426361,2022,9,Georgia State,Old Dominion,False
401426362,2022,9,Marshall,Coastal Carolina,False
401426363,2022,9,Arkansas State,South Alabama,False
401426593,2022,9,Rice,Charlotte,False
401426594,2022,9,Florida International,Louisiana Tech,False
401426595,2022,9,Florida Atlantic,UAB,False
401426596,2022,9,UTEP,Middle Tennessee,False
401426597,2022,9,Western Kentucky,North Texas,False
401462518,2022,9,Tarleton,Sam Houston,False
401403932,2022,10,Arkansas,Liberty,False
401403933,2022,10,Georgia,Tennessee,False
401403934,2022,10,LSU,Alabama,False
401403935,2022,10,Mississippi State,Auburn,False
401403936,2022,10,Missouri,Kentucky,False
401403937,2022,10,Texas A&M,Florida,False
401403938,2022,10,Vanderbilt,South Carolina,False
401404027,2022,10,Utah,Arizona,False
401404028,2022,10,Arizona State,UCLA,False
401404029,2022,10,USC,California,False
401404030,2022,10,Colorado,Oregon,False
401404031,2022,10,Washington,Oregon State,False
401404032,2022,10,Stanford,Washington State,False
401404104,2022,10,Oklahoma,Baylor,False
401404105,2022,10,Iowa State,West Virginia,False
401404106,2022,10,Kansas,Oklahoma State,False
401404107,2022,10,Kansas State,Texas,False
401404108,2022,10,TCU,Texas Tech,False
401404130,2022,10,Notre Dame,Clemson,False
401404141,2022,10,Army,Air Force,True
401404155,2022,10,UConn,Massachusetts,False
401405127,2022,10,Illinois,Michigan State,False
401405128,2022,10,Nebraska,Minnesota,False
401405129,2022,10,Northwestern,Ohio State,False
401405130,2022,10,Purdue,Iowa,False
401405131,2022,10,Wisconsin,Maryland,False
401405132,2022,10,Indiana,Penn State,False
401405133,2022,10,Rutgers,Michigan,False
401411151,2022,10,Boston College,Duke,False
401411152,2022,10,Louisville,James Madison,False
401411153,2022,10,Miami,Florida State,False
401411154,2022,10,NC State,Wake Forest,False
401411155,2022,10,Pittsburgh,Syracuse,False
401411156,2022,10,Virginia,North Carolina,False
401411157,2022,10,Virginia Tech,Georgia Tech,False
401415250,2022,10,Boise State,BYU,False
401415251,2022,10,San José State,Colorado State,False
401415252,2022,10,Utah State,New Mexico,False
401415253,2022,10,Fresno State,Hawai'i,False
401415254,2022,10,San Diego State,UNLV,False
401415648,2022,10,Temple,South Florida,False
401415649,2022,10,Tulsa,Tulane,False
401415650,2022,10,Cincinnati,Navy,False
401415651,2022,10,Memphis,UCF,False
401415652,2022,10,SMU,Houston,False
401416632,2022,10,Kent State,Ball State,False
401416633,2022,10,Ohio,Buffalo,False
401416634,2022,10,Northern Illinois,Central Michigan,False
401416635,2022,10,Bowling Green,Western Michigan,False
401418650,2022,10,UT Martin,Kennesaw State,False
401420813,2022,10,South Dakota,Missouri State,False
401420838,2022,10,Western Illinois,North Dakota State,False
401424410,2022,10,Delaware,Monmouth,False
401425457,2022,10,Weber State,Sacramento State,False
401426364,2022,10,Coastal Carolina,Appalachian State,False
401426365,2022,10,Georgia Southern,South Alabama,False
401426366,2022,10,Old Dominion,Marshall,False
401426367,2022,10,Louisiana,Troy,False
401426368,2022,10,UL Monroe,Texas State,False
401426369,2022,10,Southern Miss,Georgia State,False
401426598,2022,10,Charlotte,Western Kentucky,False
401426599,2022,10,North Texas,Florida International,False
401426600,2022,10,Louisiana Tech,Middle Tennessee,False
401426601,2022,10,Rice,UTEP,False
401426602,2022,10,UAB,UTSA,False
401403939,2022,11,Arkansas,LSU,False
401403940,2022,11,Auburn,Texas A&M,False
401403941,2022,11,Florida,South Carolina,False
401403942,2022,11,Kentucky,Vanderbilt,False
401403943,2022,11,Ole Miss,Alabama,False
401403944,2022,11,Mississippi State,Georgia,False
401403945,2022,11,Tennessee,Missouri,False
401404033,2022,11,USC,Colorado,False
401404034,2022,11,UCLA,Arizona,False
401404035,2022,11,Washington State,Arizona State,False
401404036,2022,11,Oregon State,California,False
401404037,2022,11,Oregon,Washington,False
401404038,2022,11,Utah,Stanford,False
401404109,2022,11,Baylor,Kansas State,False
401404110,2022,11,Oklahoma State,Iowa State,False
401404111,2022,11,Texas Tech,Kansas,False
401404112,2022,11,West Virginia,Oklahoma,False
401404113,2022,11,Texas,TCU,False
401404131,2022,11,Navy,Notre Dame,True
401404142,2022,11,Troy,Army,False
401404156,2022,11,UConn,Liberty,False
401405134,2022,11,Illinois,Purdue,False
401405135,2022,11,Iowa,Wisconsin,False
401405136,2022,11,Minnesota,Northwestern,False
401405137,2022,11,Michigan,Nebraska,False
401405138,2022,11,Michigan State,Rutgers,False
401405139,2022,11,Ohio State,Indiana,False
401405140,2022,11,Penn State,Maryland,False
401409241,2022,11,New Mexico State,Lamar,False
401411158,2022,11,Clemson,Louisville,False
401411159,2022,11,Duke,Virginia Tech,False
401411160,2022,11,Georgia Tech,Miami,False
401411161,2022,11,NC State,Boston College,False
401411162,2022,11,Syracuse,Florida State,False
401411163,2022,11,Virginia,Pittsburgh,False
401411164,2022,11,Wake Forest,North Carolina,False
401413222,2022,11,Jacksonville State,Eastern Kentucky,False
401414784,2022,11,Arkansas State,Massachusetts,False
401415255,2022,11,Nevada,Boise State,False
401415256,2022,11,Air Force,New Mexico,False
401415257,2022,11,Hawai'i,Utah State,False
401415258,2022,11,Colorado State,Wyoming,False
401415259,2022,11,UNLV,Fresno State,False
401415260,2022,11,San Diego State,San José State,False
401415653,2022,11,Memphis,Tulsa,False
401415654,2022,11,Cincinnati,East Carolina,False
401415655,2022,11,Houston,Temple,False
401415656,2022,11,South Florida,SMU,False
401415657,2022,11,Tulane,UCF,False
401416636,2022,11,Toledo,Ball State,False
401416637,2022,11,Akron,Eastern Michigan,False
401416638,2022,11,Miami (OH),Ohio,False
401416639,2022,11,Western Michigan,Northern Illinois,False
401416640,2022,11,Central Michigan,Buffalo,False
401416641,2022,11,Bowling Green,Kent State,False
401418636,2022,11,Kennesaw State,Austin Peay,False
401418790,2022,11,Sam Houston,Abilene Christian,False
401420814,2022,11,Missouri State,Youngstown State,False
401420839,2022,11,Southern Illinois,North Dakota State,False
401424447,2022,11,Delaware,Richmond,False
401425458,2022,11,Portland State,Sacramento State,False
401426370,2022,11,Louisiana,Georgia Southern,False
401426371,2022,11,Coastal Carolina,Southern Miss,False
401426372,2022,11,Georgia State,UL Monroe,False
401426373,2022,11,Marshall,Appalachian State,False
401426374,2022,11,Old Dominion,James Madison,False
401426375,2022,11,South Alabama,Texas State,False
401426603,2022,11,Middle Tennessee,Charlotte,False
401426604,2022,11,Florida International,Florida Atlantic,False
401426605,2022,11,UTSA,Louisiana Tech,False
401426606,2022,11,UAB,North Texas,False
401426607,2022,11,Western Kentucky,Rice,False
401403946,2022,12,Alabama,Austin Peay,False
401403947,2022,12,Arkansas,Ole Miss,False
401403949,2022,12,Kentucky,Georgia,False
401403951,2022,12,Mississippi State,East Tennessee State,False
401403952,2022,12,Missouri,New Mexico State,False
401403953,2022,12,South Carolina,Tennessee,False
401403954,2022,12,Texas A&M,Massachusetts,False
401403955,2022,12,Vanderbilt,Florida,False
401404039,2022,12,Arizona,Washington State,False
401404040,2022,12,Arizona State,Oregon State,False
401404041,2022,12,California,Stanford,False
401404042,2022,12,Washington,Colorado,False
401404043,2022,12,Oregon,Utah,False
401404044,2022,12,UCLA,USC,False
401404114,2022,12,Baylor,TCU,False
401404115,2022,12,Iowa State,Texas Tech,False
401404116,2022,12,Kansas,Texas,False
401404117,2022,12,West Virginia,Kansas State,False
401404118,2022,12,Oklahoma,Oklahoma State,False
401404132,2022,12,Notre Dame,Boston College,False
401404143,2022,12,Army,UConn,False
401404165,2022,12,Liberty,Virginia Tech,False
401405141,2022,12,Minnesota,Iowa,False
401405142,2022,12,Nebraska,Wisconsin,False
401405143,2022,12,Purdue,Northwestern,False
401405144,2022,12,Maryland,Ohio State,False
401405145,2022,12,Michigan,Illinois,False
401405146,2022,12,Michigan State,Indiana,False
401405147,2022,12,Rutgers,Penn State,False
401411165,2022,12,Clemson,Miami,False
401411166,2022,12,Florida State,Louisiana,False
401411167,2022,12,Louisville,NC State,False
401411168,2022,12,North Carolina,Georgia Tech,False
401411169,2022,12,Pittsburgh,Duke,False
401411171,2022,12,Wake Forest,Syracuse,False
401413223,2022,12,Central Arkansas,Jacksonville State,False
401415185,2022,12,Sacramento State,UC Davis,False
401415261,2022,12,Wyoming,Boise State,False
401415262,2022,12,Air Force,Colorado State,False
401415263,2022,12,Nevada,Fresno State,False
401415264,2022,12,New Mexico,San Diego State,False
401415265,2022,12,Utah State,San José State,False
401415266,2022,12,Hawai'i,UNLV,False
401415658,2022,12,Tulane,SMU,False
401415659,2022,12,Tulsa,South Florida,False
401415660,2022,12,East Carolina,Houston,False
401415661,2022,12,UCF,Navy,False
401415662,2022,12,Memphis,North Alabama,False
401415663,2022,12,Temple,Cincinnati,False
401416642,2022,12,Toledo,Bowling Green,False
401416643,2022,12,Ball State,Ohio,False
401416644,2022,12,Kent State,Eastern Michigan,False
401416645,2022,12,Central Michigan,Western Michigan,False
401416646,2022,12,Northern Illinois,Miami (OH),False
401416647,2022,12,Buffalo,Akron,False
401418643,2022,12,Eastern Kentucky,Kennesaw State,False
401418844,2022,12,Indiana State,Missouri State,False
401420820,2022,12,North Dakota State,North Dakota,False
401420863,2022,12,BYU,Utah Tech,False
401420872,2022,12,Sam Houston,Southern Utah,False
401424451,2022,12,Villanova,Delaware,False
401426376,2022,12,Appalachian State,Old Dominion,False
401426377,2022,12,Georgia Southern,Marshall,False
401426378,2022,12,James Madison,Georgia State,False
401426379,2022,12,Southern Miss,South Alabama,False
401426380,2022,12,Texas State,Arkansas State,False
401426381,2022,12,Troy,UL Monroe,False
401426608,2022,12,Charlotte,Louisiana Tech,False
401426609,2022,12,UTEP,Florida International,False
401426610,2022,12,Middle Tennessee,Florida Atlantic,False
401426611,2022,12,Rice,UTSA,False
401426612,2022,12,LSU,UAB,False
401426613,2022,12,Auburn,Western Kentucky,False
401403956,2022,13,Ole Miss,Mississippi State,False
401403957,2022,13,Alabama,Auburn,False
401403958,2022,13,Florida State,Florida,False
401403959,2022,13,Georgia,Georgia Tech,False
401403960,2022,13,Kentucky,Louisville,False
401403961,2022,13,Missouri,Arkansas,False
401403962,2022,13,Clemson,South Carolina,False
401403963,2022,13,Texas A&M,LSU,False
401403964,2022,13,Vanderbilt,Tennessee,False
401404045,2022,13,Arizona,Arizona State,False
401404046,2022,13,California,UCLA,False
401404047,2022,13,Oregon State,Oregon,False
401404048,2022,13,Colorado,Utah,False
401404049,2022,13,Stanford,BYU,False
401404051,2022,13,Washington State,Washington,False
401404119,2022,13,Texas,Baylor,False
401404120,2022,13,TCU,Iowa State,False
401404121,2022,13,Kansas State,Kansas,False
401404122,2022,13,Texas Tech,Oklahoma,False
401404123,2022,13,Oklahoma State,West Virginia,False
401404133,2022,13,USC,Notre Dame,False
401404144,2022,13,Massachusetts,Army,False
401404166,2022,13,Liberty,New Mexico State,False
401405148,2022,13,Iowa,Nebraska,False
401405149,2022,13,Northwestern,Illinois,False
401405150,2022,13,Wisconsin,Minnesota,False
401405151,2022,13,Indiana,Purdue,False
401405152,2022,13,Maryland,Rutgers,False
401405153,2022,13,Ohio State,Michigan,False
401405154,2022,13,Penn State,Michigan State,False
401411172,2022,13,North Carolina,NC State,False
401411173,2022,13,Boston College,Syracuse,False
401411174,2022,13,Duke,Wake Forest,False
401411175,2022,13,Miami,Pittsburgh,False
401415267,2022,13,San Diego State,Air Force,False
401415268,2022,13,Colorado State,New Mexico,False
401415269,2022,13,Boise State,Utah State,False
401415270,2022,13,Fresno State,Wyoming,False
401415271,2022,13,San José State,Hawai'i,False
401415272,2022,13,UNLV,Nevada,False
401415664,2022,13,Temple,East Carolina,False
401415665,2022,13,Cincinnati,Tulane,False
401415666,2022,13,SMU,Memphis,False
401415667,2022,13,South Florida,UCF,False
401415668,2022,13,Houston,Tulsa,False
401416648,2022,13,Miami (OH),Ball State,False
401416649,2022,13,Ohio,Bowling Green,False
401416650,2022,13,Eastern Michigan,Central Michigan,False
401416651,2022,13,Western Michigan,Toledo,False
401416652,2022,13,Northern Illinois,Akron,False
401416653,2022,13,Buffalo,Kent State,False
401426382,2022,13,Georgia Southern,Appalachian State,False
401426383,2022,13,James Madison,Coastal Carolina,False
401426384,2022,13,Arkansas State,Troy,False
401426385,2022,13,UL Monroe,Southern Miss,False
401426386,2022,13,Texas State,Louisiana,False
401426389,2022,13,South Alabama,Old Dominion,False
401426390,2022,13,Marshall,Georgia State,False
401426614,2022,13,Florida International,Middle Tennessee,False
401426615,2022,13,Florida Atlantic,Western Kentucky,False
401426616,2022,13,Louisiana Tech,UAB,False
401426617,2022,13,North Texas,Rice,False
401426618,2022,13,UTSA,UTEP,False
401505430,2022,13,Delaware,St. Francis (PA),False
401437008,2022,14,Tulane,UCF,False
401437009,2022,14,North Carolina,Clemson,True
401437030,2022,14,TCU,Kansas State,True
401437031,2022,14,Michigan,Purdue,True
401437032,2022,14,UTSA,North Texas,False
401437033,2022,14,Ohio,Toledo,True
401437034,2022,14,Boise State,Fresno State,False
401437035,2022,14,USC,Utah,True
401437036,2022,14,Georgia,LSU,True
401437037,2022,14,Troy,Coastal Carolina,False
401506450,2022,14,Buffalo,Akron,False
401506577,2022,14,Sacramento State,Richmond,False
401506578,2022,14,South Dakota State,Delaware,False
401506690,2022,14,North Dakota State,Montana,False
401507088,2022,14,New Mexico State,Valparaiso,False
401404145,2022,15,Army,Navy,True
401507650,2022,15,North Dakota State,Samford,False
401507652,2022,15,Sacramento State,Incarnate Word,False
401520145,2023,1,Jacksonville State,UTEP,False
401520146,2023,1,Louisiana Tech,Florida International,False
401520147,2023,1,Vanderbilt,Hawai'i,False
401520148,2023,1,Minnesota,Nebraska,False
401520149,2023,1,Alabama,Middle Tennessee,False
401520150,2023,1,Arkansas,Western Carolina,False
401520151,2023,1,Auburn,Massachusetts,False
401520152,2023,1,BYU,Sam Houston,False
401520153,2023,1,Florida International,Maine,False
401520154,2023,1,Georgia,UT Martin,False
401520155,2023,1,Illinois,Toledo,False
401520156,2023,1,Indiana,Ohio State,False
401520157,2023,1,Iowa,Utah State,False
401520158,2023,1,Jacksonville State,East Tennessee State,False
401520159,2023,1,Kentucky,Ball State,False
401520160,2023,1,Liberty,Bowling Green,False
401520161,2023,1,Maryland,Towson,False
401520162,2023,1,Michigan,East Carolina,False
401520163,2023,1,Michigan State,Central Michigan,False
401520164,2023,1,Mississippi State,SE Louisiana,False
401520165,2023,1,Missouri,South Dakota,False
401520166,2023,1,New Mexico State,Western Illinois,False
401520167,2023,1,South Carolina,North Carolina,True
401520168,2023,1,Ole Miss,Mercer,False
401520169,2023,1,Penn State,West Virginia,False
401520170,2023,1,Purdue,Fresno State,False
401520171,2023,1,Rutgers,Northwestern,False
401520172,2023,1,SMU,Louisiana Tech,False
401520173,2023,1,Texas A&M,New Mexico,False
401520174,2023,1,UConn,NC State,False
401520175,2023,1,UL Monroe,Army,False
401520176,2023,1,Utah,Florida,False
401520177,2023,1,UTEP,Incarnate Word,False
401520178,2023,1,Vanderbilt,Alabama A&M,False
401520179,2023,1,Tennessee,Virginia,True
401520180,2023,1,Wisconsin,Buffalo,False
401520181,2023,1,Western Kentucky,South Florida,False
401520182,2023,1,Florida State,LSU,True
401523986,2023,1,USC,San José State,False
401523987,2023,1,Arizona State,Southern Utah,False
401523988,2023,1,Hawai'i,Stanford,False
401523989,2023,1,Arizona,Northern Arizona,False
401523990,2023,1,Colorado State,Washington State,False
401523991,2023,1,North Texas,California,False
401523992,2023,1,Oregon,Portland State,False
401523994,2023,1,TCU,Colorado,False
401523995,2023,1,UCLA,Coastal Carolina,False
401523996,2023,1,USC,Nevada,False
401523997,2023,1,Washington,Boise State,False
401525434,2023,1,Notre Dame,Navy,True
401525435,2023,1,Notre Dame,Tennessee State,False
401525450,2023,1,New Mexico State,Massachusetts,False
401525461,2023,1,Wake Forest,Elon,False
401525462,2023,1,Georgia Tech,Louisville,True
401525463,2023,1,Miami,Miami (OH),False
401525464,2023,1,Boston College,Northern Illinois,False
401525465,2023,1,Pittsburgh,Wofford,False
401525466,2023,1,Syracuse,Colgate,False
401525467,2023,1,Virginia Tech,Old Dominion,False
401525468,2023,1,Duke,Clemson,False
401525815,2023,1,Kansas,Missouri State,False
401525816,2023,1,UCF,Kent State,False
401525817,2023,1,Baylor,Texas State,False
401525818,2023,1,Cincinnati,Eastern Kentucky,False
401525819,2023,1,Houston,UTSA,False
401525820,2023,1,Iowa State,Northern Iowa,False
401525821,2023,1,Kansas State,Southeast Missouri State,False
401525822,2023,1,Oklahoma,Arkansas State,False
401525823,2023,1,Oklahoma State,Central Arkansas,False
401525824,2023,1,Texas,Rice,False
401525825,2023,1,Wyoming,Texas Tech,False
401531337,2023,1,Tulsa,Arkansas-Pine Bluff,False
401531347,2023,1,Tulane,South Alabama,False
401531377,2023,1,UAB,North Carolina A&T,False
401531387,2023,1,Temple,Akron,False
401531402,2023,1,Charlotte,South Carolina State,False
401531418,2023,1,Florida Atlantic,Monmouth,False
401531426,2023,1,Memphis,Bethune-Cookman,False
401531834,2023,1,Georgia State,Rhode Island,False
401531835,2023,1,Appalachian State,Gardner-Webb,False
401531836,2023,1,Georgia Southern,The Citadel,False
401531837,2023,1,James Madison,Bucknell,False
401531838,2023,1,Marshall,UAlbany,False
401531839,2023,1,Louisiana,Northwestern State,False
401531840,2023,1,Southern Miss,Alcorn State,False
401531841,2023,1,Troy,Stephen F. Austin,False
401532392,2023,1,San Diego State,Ohio,False
401532393,2023,1,Western Michigan,St. Francis (PA),False
401532394,2023,1,Eastern Michigan,Howard,False
401532395,2023,1,Ohio,Long Island University,False
401532570,2023,1,Air Force,Robert Morris,False
401532571,2023,1,San Diego State,Idaho State,False
401532572,2023,1,UNLV,Bryant,False
401532573,2023,1,San José State,Oregon State,False
401540235,2023,1,North Dakota State,Eastern Washington,True
401540285,2023,1,Nicholls,Sacramento State,False
401540323,2023,1,Stony Brook,Delaware,False
401540607,2023,1,Kennesaw State,Tusculum,False
401520183,2023,2,Alabama,Texas,False
401520184,2023,2,Arkansas,Kent State,False
401520185,2023,2,Army,Delaware State,False
401520186,2023,2,California,Auburn,False
401520187,2023,2,Coastal Carolina,Jacksonville State,False
401520188,2023,2,Colorado,Nebraska,False
401520189,2023,2,Florida International,North Texas,False
401520190,2023,2,Florida,McNeese,False
401520191,2023,2,Georgia,Ball State,False
401520192,2023,2,Georgia State,UConn,False
401520193,2023,2,Indiana,Indiana State,False
401520194,2023,2,Iowa State,Iowa,False
401520195,2023,2,Kansas,Illinois,False
401520196,2023,2,Kentucky,Eastern Kentucky,False
401520197,2023,2,Louisiana Tech,Northwestern State,False
401520198,2023,2,Liberty,New Mexico State,False
401520199,2023,2,LSU,Grambling,False
401520200,2023,2,Maryland,Charlotte,False
401520201,2023,2,Miami,Texas A&M,False
401520202,2023,2,Michigan,UNLV,False
401520203,2023,2,Michigan State,Richmond,False
401520204,2023,2,Minnesota,Eastern Michigan,False
401520205,2023,2,Mississippi State,Arizona,False
401520206,2023,2,Missouri,Middle Tennessee,False
401520207,2023,2,Northwestern,UTEP,False
401520208,2023,2,Ohio State,Youngstown State,False
401520209,2023,2,Penn State,Delaware,False
401520210,2023,2,Rutgers,Temple,False
401520211,2023,2,Sam Houston,Air Force,True
401520212,2023,2,South Carolina,Furman,False
401520213,2023,2,Tennessee,Austin Peay,False
401520214,2023,2,Tulane,Ole Miss,False
401520215,2023,2,Virginia Tech,Purdue,False
401520216,2023,2,Wake Forest,Vanderbilt,False
401520217,2023,2,Washington State,Wisconsin,False
401520218,2023,2,Western Kentucky,Houston Christian,False
401523998,2023,2,Arizona State,Oklahoma State,False
401523999,2023,2,Baylor,Utah,False
401524000,2023,2,Oregon State,UC Davis,False
401524001,2023,2,San Diego State,UCLA,False
401524002,2023,2,Texas Tech,Oregon,False
401524003,2023,2,USC,Stanford,False
401524004,2023,2,Washington,Tulsa,False
401525436,2023,2,NC State,Notre Dame,False
401525469,2023,2,Louisville,Murray State,False
401525490,2023,2,Boston College,Holy Cross,False
401525491,2023,2,Clemson,Charleston Southern,False
401525492,2023,2,Duke,Lafayette,False
401525493,2023,2,Florida State,Southern Miss,False
401525494,2023,2,Georgia Tech,South Carolina State,False
401525495,2023,2,North Carolina,Appalachian State,False
401525496,2023,2,Pittsburgh,Cincinnati,False
401525497,2023,2,Syracuse,Western Michigan,False
401525498,2023,2,Virginia,James Madison,False
401525827,2023,2,Boise State,UCF,False
401525828,2023,2,BYU,Southern Utah,False
401525829,2023,2,Kansas State,Troy,False
401525830,2023,2,Oklahoma,SMU,False
401525831,2023,2,Rice,Houston,False
401525832,2023,2,TCU,Nicholls,False
401525833,2023,2,West Virginia,Duquesne,False
401526833,2023,2,Massachusetts,Miami (OH),False
401531378,2023,2,Georgia Southern,UAB,False
401531395,2023,2,UTSA,Texas State,False
401531411,2023,2,East Carolina,Marshall,False
401531419,2023,2,Florida Atlantic,Ohio,False
401531422,2023,2,South Florida,Florida A&M,False
401531427,2023,2,Arkansas State,Memphis,False
401531432,2023,2,Navy,Wagner,False
401531842,2023,2,Old Dominion,Louisiana,False
401531843,2023,2,UL Monroe,Lamar,False
401531844,2023,2,South Alabama,SE Louisiana,False
401532396,2023,2,Central Michigan,New Hampshire,False
401532397,2023,2,Northern Illinois,Southern Illinois,False
401532398,2023,2,Toledo,Texas Southern,False
401532399,2023,2,Akron,Morgan State,False
401532400,2023,2,Bowling Green,Eastern Illinois,False
401532401,2023,2,Buffalo,Fordham,False
401532574,2023,2,Fresno State,Eastern Washington,False
401532575,2023,2,Hawai'i,UAlbany,False
401532576,2023,2,Nevada,Idaho,False
401532577,2023,2,New Mexico,Tennessee Tech,False
401532578,2023,2,San José State,Cal Poly,False
401532579,2023,2,Utah State,Idaho State,False
401532580,2023,2,Wyoming,Portland State,False
401540286,2023,2,Sacramento State,Texas A&M-Commerce,False
401540346,2023,2,UT Martin,Missouri State,False
401540383,2023,2,North Dakota State,Maine,False
401540581,2023,2,Chattanooga,Kennesaw State,False
401520219,2023,3,Arizona,UTEP,False
401520220,2023,3,Arkansas,BYU,False
401520221,2023,3,Auburn,Samford,False
401520222,2023,3,Buffalo,Liberty,False
401520223,2023,3,Duke,Northwestern,False
401520224,2023,3,Florida,Tennessee,False
401520225,2023,3,Georgia,South Carolina,False
401520226,2023,3,Illinois,Penn State,False
401520227,2023,3,Iowa,Western Michigan,False
401520228,2023,3,Kentucky,Akron,False
401520229,2023,3,Louisiana Tech,North Texas,False
401520230,2023,3,Indiana,Louisville,True
401520231,2023,3,Maryland,Virginia,False
401520232,2023,3,Michigan,Bowling Green,False
401520233,2023,3,Michigan State,Washington,False
401520234,2023,3,Middle Tennessee,Murray State,False
401520235,2023,3,Mississippi State,LSU,False
401520236,2023,3,Missouri,Kansas State,False
401520237,2023,3,Nebraska,Northern Illinois,False
401520238,2023,3,New Mexico,New Mexico State,False
401520239,2023,3,North Carolina,Minnesota,False
401520240,2023,3,Ohio State,Western Kentucky,False
401520241,2023,3,Ole Miss,Georgia Tech,False
401520242,2023,3,Purdue,Syracuse,False
401520243,2023,3,Rutgers,Virginia Tech,False
401520244,2023,3,South Florida,Alabama,False
401520245,2023,3,Texas A&M,UL Monroe,False
401520246,2023,3,UConn,Florida International,False
401520247,2023,3,UNLV,Vanderbilt,False
401520249,2023,3,Wisconsin,Georgia Southern,False
401524005,2023,3,Arizona State,Fresno State,False
401524006,2023,3,California,Idaho,False
401524007,2023,3,Colorado,Colorado State,False
401524008,2023,3,Oregon,Hawai'i,False
401524009,2023,3,Oregon State,San Diego State,False
401524010,2023,3,Stanford,Sacramento State,False
401524011,2023,3,UCLA,North Carolina Central,False
401524012,2023,3,Utah,Weber State,False
401524013,2023,3,Washington State,Northern Colorado,False
401525437,2023,3,Notre Dame,Central Michigan,False
401525499,2023,3,Miami,Bethune-Cookman,False
401525500,2023,3,Boston College,Florida State,False
401525501,2023,3,Clemson,Florida Atlantic,False
401525502,2023,3,NC State,VMI,False
401525503,2023,3,West Virginia,Pittsburgh,False
401525504,2023,3,Old Dominion,Wake Forest,False
401525834,2023,3,Baylor,Long Island University,False
401525835,2023,3,Cincinnati,Miami (OH),False
401525836,2023,3,Houston,TCU,False
401525837,2023,3,Nevada,Kansas,False
401525838,2023,3,Ohio,Iowa State,False
401525839,2023,3,Oklahoma State,South Alabama,False
401525840,2023,3,Texas,Wyoming,False
401525841,2023,3,Texas Tech,Tarleton State,False
401525842,2023,3,Tulsa,Oklahoma,False
401525843,2023,3,UCF,Villanova,False
401526834,2023,3,Eastern Michigan,Massachusetts,False
401531348,2023,3,Southern Miss,Tulane,False
401531379,2023,3,UAB,Louisiana,False
401531388,2023,3,Temple,Norfolk State,False
401531396,2023,3,UTSA,Army,False
401531403,2023,3,Charlotte,Georgia State,False
401531412,2023,3,Appalachian State,East Carolina,False
401531428,2023,3,Memphis,Navy,False
401531438,2023,3,SMU,Prairie View A&M,False
401531441,2023,3,Rice,Texas Southern,False
401531845,2023,3,Coastal Carolina,Duquesne,False
401531846,2023,3,Arkansas State,Stony Brook,False
401531847,2023,3,Texas State,Jackson State,False
401531848,2023,3,Troy,James Madison,False
401532402,2023,3,Ball State,Indiana State,False
401532403,2023,3,Toledo,San José State,False
401532404,2023,3,Kent State,Central Connecticut,False
401532581,2023,3,Air Force,Utah State,False
401532582,2023,3,Boise State,North Dakota,False
401540034,2023,3,Delaware,St. Francis (PA),False
401540184,2023,3,North Dakota State,Central Arkansas,False
401540598,2023,3,Kennesaw State,Furman,False
401520250,2023,4,Alabama,Ole Miss,False
401520251,2023,4,Florida,Charlotte,False
401520252,2023,4,Georgia,UAB,False
401520253,2023,4,Hawai'i,New Mexico State,False
401520254,2023,4,Houston,Sam Houston,False
401520255,2023,4,Illinois,Florida Atlantic,False
401520256,2023,4,Indiana,Akron,False
401520257,2023,4,Jacksonville State,Eastern Michigan,False
401520258,2023,4,LSU,Arkansas,False
401520259,2023,4,Missouri,Memphis,True
401520260,2023,4,Michigan,Rutgers,False
401520261,2023,4,Michigan State,Maryland,False
401520262,2023,4,Middle Tennessee,Colorado State,False
401520263,2023,4,Nebraska,Louisiana Tech,False
401520264,2023,4,Northwestern,Minnesota,False
401520265,2023,4,Penn State,Iowa,False
401520266,2023,4,Purdue,Wisconsin,False
401520267,2023,4,South Carolina,Mississippi State,False
401520268,2023,4,Syracuse,Army,False
401520269,2023,4,Tennessee,UTSA,False
401520270,2023,4,Texas A&M,Auburn,False
401520271,2023,4,Troy,Western Kentucky,False
401520272,2023,4,UConn,Duke,False
401520273,2023,4,UTEP,UNLV,False
401520274,2023,4,Vanderbilt,Kentucky,False
401520275,2023,4,Florida International,Liberty,False
401521330,2023,4,Notre Dame,Ohio State,False
401524014,2023,4,Arizona State,USC,False
401524015,2023,4,Oregon,Colorado,False
401524016,2023,4,Stanford,Arizona,False
401524017,2023,4,Utah,UCLA,False
401524018,2023,4,Washington,California,False
401524019,2023,4,Washington State,Oregon State,False
401525505,2023,4,Virginia,NC State,False
401525506,2023,4,Louisville,Boston College,False
401525507,2023,4,Clemson,Florida State,False
401525508,2023,4,Wake Forest,Georgia Tech,False
401525509,2023,4,Temple,Miami,False
401525510,2023,4,Pittsburgh,North Carolina,False
401525511,2023,4,Marshall,Virginia Tech,False
401525844,2023,4,Baylor,Texas,False
401525845,2023,4,Cincinnati,Oklahoma,False
401525846,2023,4,Iowa State,Oklahoma State,False
401525847,2023,4,Kansas,BYU,False
401525848,2023,4,Kansas State,UCF,False
401525849,2023,4,TCU,SMU,False
401525850,2023,4,West Virginia,Texas Tech,False
401526835,2023,4,Massachusetts,New Mexico,False
401531338,2023,4,Northern Illinois,Tulsa,False
401531349,2023,4,Tulane,Nicholls,False
401531413,2023,4,East Carolina,Gardner-Webb,False
401531423,2023,4,South Florida,Rice,False
401531849,2023,4,Coastal Carolina,Georgia State,False
401531870,2023,4,Wyoming,Appalachian State,False
401531871,2023,4,Ball State,Georgia Southern,False
401531872,2023,4,Utah State,James Madison,False
401531873,2023,4,Old Dominion,Texas A&M-Commerce,False
401531874,2023,4,Arkansas State,Southern Miss,False
401531875,2023,4,Louisiana,Buffalo,False
401531876,2023,4,South Alabama,Central Michigan,False
401531877,2023,4,Texas State,Nevada,False
401532405,2023,4,Bowling Green,Ohio,False
401532406,2023,4,Toledo,Western Michigan,False
401532407,2023,4,Fresno State,Kent State,False
401532408,2023,4,Miami (OH),Delaware State,False
401532583,2023,4,San Diego State,Boise State,False
401532584,2023,4,San José State,Air Force,False
401540222,2023,4,Missouri State,Utah Tech,False
401540245,2023,4,Idaho,Sacramento State,False
401540324,2023,4,Delaware,New Hampshire,False
401540535,2023,4,Tennessee Tech,Kennesaw State,False
401520276,2023,5,Sam Houston,Jacksonville State,False
401520277,2023,5,Western Kentucky,Middle Tennessee,False
401520278,2023,5,UTEP,Louisiana Tech,False
401520279,2023,5,Arkansas,Texas A&M,True
401520280,2023,5,Auburn,Georgia,False
401520281,2023,5,Iowa,Michigan State,False
401520282,2023,5,Kentucky,Florida,False
401520283,2023,5,Maryland,Indiana,False
401520284,2023,5,Minnesota,Louisiana,False
401520285,2023,5,Mississippi State,Alabama,False
401520286,2023,5,Nebraska,Michigan,False
401520287,2023,5,Northwestern,Penn State,False
401520288,2023,5,Ole Miss,LSU,False
401520289,2023,5,Purdue,Illinois,False
401520290,2023,5,Rutgers,Wagner,False
401520291,2023,5,Tennessee,South Carolina,False
401520292,2023,5,UConn,Utah State,False
401520293,2023,5,Vanderbilt,Missouri,False
401524020,2023,5,Oregon State,Utah,False
401524021,2023,5,Arizona,Washington,False
401524022,2023,5,California,Arizona State,False
401524023,2023,5,Colorado,USC,False
401524024,2023,5,Stanford,Oregon,False
401525438,2023,5,Duke,Notre Dame,False
401525512,2023,5,NC State,Louisville,False
401525513,2023,5,Boston College,Virginia,False
401525514,2023,5,Syracuse,Clemson,False
401525515,2023,5,Georgia Tech,Bowling Green,False
401525516,2023,5,Virginia Tech,Pittsburgh,False
401525851,2023,5,BYU,Cincinnati,False
401525852,2023,5,Oklahoma,Iowa State,False
401525853,2023,5,TCU,West Virginia,False
401525854,2023,5,Texas,Kansas,False
401525855,2023,5,Texas Tech,Houston,False
401525856,2023,5,UCF,Baylor,False
401526836,2023,5,Massachusetts,Arkansas State,False
401531339,2023,5,Tulsa,Temple,False
401531370,2023,5,Tulane,UAB,False
401531404,2023,5,SMU,Charlotte,False
401531414,2023,5,Rice,East Carolina,False
401531424,2023,5,Navy,South Florida,False
401531429,2023,5,Memphis,Boise State,False
401531436,2023,5,North Texas,Abilene Christian,False
401531878,2023,5,Georgia Southern,Coastal Carolina,False
401531879,2023,5,Georgia State,Troy,False
401531880,2023,5,James Madison,South Alabama,False
401531881,2023,5,Marshall,Old Dominion,False
401531882,2023,5,UL Monroe,Appalachian State,False
401531883,2023,5,Southern Miss,Texas State,False
401532409,2023,5,Western Michigan,Ball State,False
401532410,2023,5,Central Michigan,Eastern Michigan,False
401532411,2023,5,Toledo,Northern Illinois,False
401532412,2023,5,Akron,Buffalo,False
401532413,2023,5,Kent State,Miami (OH),False
401532585,2023,5,Colorado State,Utah Tech,False
401532586,2023,5,UNLV,Hawai'i,False
401532587,2023,5,Fresno State,Nevada,False
401532588,2023,5,Wyoming,New Mexico,False
401532589,2023,5,Air Force,San Diego State,False
401540273,2023,5,Sacramento State,Northern Arizona,False
401540347,2023,5,Southern Illinois,Missouri State,False
401540384,2023,5,North Dakota State,South Dakota,False
401540473,2023,5,Charleston Southern,Kennesaw State,False
401520294,2023,6,Middle Tennessee,Jacksonville State,False
401520295,2023,6,Louisiana Tech,Western Kentucky,False
401520296,2023,6,Liberty,Sam Houston,False
401520297,2023,6,New Mexico State,Florida International,False
401520298,2023,6,Army,Boston College,False
401520299,2023,6,Florida,Vanderbilt,False
401520300,2023,6,Georgia,Kentucky,False
401520301,2023,6,Illinois,Nebraska,False
401520302,2023,6,Iowa,Purdue,False
401520303,2023,6,Minnesota,Michigan,False
401520304,2023,6,Mississippi State,Western Michigan,False
401520305,2023,6,Missouri,LSU,False
401520306,2023,6,Northwestern,Howard,False
401520307,2023,6,Ohio State,Maryland,False
401520308,2023,6,Ole Miss,Arkansas,False
401520309,2023,6,Rice,UConn,False
401520310,2023,6,Texas A&M,Alabama,False
401520311,2023,6,Wisconsin,Rutgers,False
401524025,2023,6,USC,Arizona,False
401524026,2023,6,Arizona State,Colorado,False
401524027,2023,6,California,Oregon State,False
401524028,2023,6,UCLA,Washington State,False
401525439,2023,6,Louisville,Notre Dame,False
401525517,2023,6,Clemson,Wake Forest,False
401525518,2023,6,Florida State,Virginia Tech,False
401525519,2023,6,Miami,Georgia Tech,False
401525520,2023,6,North Carolina,Syracuse,False
401525521,2023,6,NC State,Marshall,False
401525522,2023,6,Virginia,William & Mary,False
401525857,2023,6,Oklahoma State,Kansas State,False
401525858,2023,6,Baylor,Texas Tech,False
401525859,2023,6,Iowa State,TCU,False
401525860,2023,6,Kansas,UCF,False
401525861,2023,6,Texas,Oklahoma,True
401526837,2023,6,Massachusetts,Toledo,False
401531340,2023,6,Florida Atlantic,Tulsa,False
401531380,2023,6,UAB,South Florida,False
401531389,2023,6,Temple,UTSA,False
401531433,2023,6,Navy,North Texas,False
401531884,2023,6,Louisiana,Texas State,False
401531885,2023,6,UL Monroe,South Alabama,False
401531886,2023,6,Southern Miss,Old Dominion,False
401531887,2023,6,Troy,Arkansas State,False
401532414,2023,6,Eastern Michigan,Ball State,False
401532415,2023,6,Buffalo,Central Michigan,False
401532416,2023,6,Miami (OH),Bowling Green,False
401532417,2023,6,Ohio,Kent State,False
401532418,2023,6,Akron,Northern Illinois,False
401532590,2023,6,Utah State,Colorado State,False
401532591,2023,6,Wyoming,Fresno State,False
401532592,2023,6,Boise State,San José State,False
401540014,2023,6,Delaware,Duquesne,False
401540348,2023,6,Missouri State,North Dakota State,False
401540608,2023,6,Kennesaw State,Tennessee State,False
401520312,2023,7,Jacksonville State,Liberty,False
401520313,2023,7,Middle Tennessee,Louisiana Tech,False
401520314,2023,7,Florida International,UTEP,False
401520315,2023,7,New Mexico State,Sam Houston,False
401520316,2023,7,Alabama,Arkansas,False
401520317,2023,7,Army,Troy,False
401520318,2023,7,Kentucky,Missouri,False
401520319,2023,7,LSU,Auburn,False
401520320,2023,7,Maryland,Illinois,False
401520321,2023,7,Michigan,Indiana,False
401520322,2023,7,Penn State,Massachusetts,False
401520323,2023,7,Purdue,Ohio State,False
401520324,2023,7,Rutgers,Michigan State,False
401520325,2023,7,South Carolina,Florida,False
401520326,2023,7,Tennessee,Texas A&M,False
401520327,2023,7,Vanderbilt,Georgia,False
401520328,2023,7,Wisconsin,Iowa,False
401524029,2023,7,Colorado,Stanford,False
401524030,2023,7,Washington State,Arizona,False
401524031,2023,7,Notre Dame,USC,False
401524032,2023,7,Oregon State,UCLA,False
401524033,2023,7,Utah,California,False
401524034,2023,7,Washington,Oregon,False
401525523,2023,7,Duke,NC State,False
401525524,2023,7,Florida State,Syracuse,False
401525525,2023,7,Pittsburgh,Louisville,False
401525526,2023,7,North Carolina,Miami,False
401525527,2023,7,Virginia Tech,Wake Forest,False
401525862,2023,7,Houston,West Virginia,False
401525863,2023,7,Cincinnati,Iowa State,False
401525864,2023,7,Oklahoma State,Kansas,False
401525865,2023,7,TCU,BYU,False
401525866,2023,7,Texas Tech,Kansas State,False
401531371,2023,7,Memphis,Tulane,False
401531381,2023,7,UTSA,UAB,False
401531390,2023,7,North Texas,Temple,False
401531405,2023,7,Charlotte,Navy,False
401531415,2023,7,East Carolina,SMU,False
401531420,2023,7,South Florida,Florida Atlantic,False
401531888,2023,7,Appalachian State,Coastal Carolina,False
401531889,2023,7,Georgia State,Marshall,False
401531890,2023,7,James Madison,Georgia Southern,False
401531891,2023,7,Texas State,UL Monroe,False
401532419,2023,7,Ball State,Toledo,False
401532420,2023,7,Central Michigan,Akron,False
401532421,2023,7,Buffalo,Bowling Green,False
401532422,2023,7,Eastern Michigan,Kent State,False
401532423,2023,7,Western Michigan,Miami (OH),False
401532424,2023,7,Northern Illinois,Ohio,False
401532593,2023,7,Colorado State,Boise State,False
401532594,2023,7,Utah State,Fresno State,False
401532595,2023,7,Hawai'i,San Diego State,False
401532596,2023,7,New Mexico,San José State,False
401532597,2023,7,Nevada,UNLV,False
401532598,2023,7,Air Force,Wyoming,False
401540281,2023,7,Northern Colorado,Sacramento State,False
401540325,2023,7,Delaware,North Carolina A&T,False
401540349,2023,7,Western Illinois,Missouri State,False
401540372,2023,7,North Dakota,North Dakota State,False
401520329,2023,8,Jacksonville State,Western Kentucky,False
401520330,2023,8,Liberty,Middle Tennessee,False
401520331,2023,8,Sam Houston,Florida International,False
401520332,2023,8,UTEP,New Mexico State,False
401520333,2023,8,Alabama,Tennessee,False
401520334,2023,8,Arkansas,Mississippi State,False
401520335,2023,8,Auburn,Ole Miss,False
401520336,2023,8,Illinois,Wisconsin,False
401520337,2023,8,Indiana,Rutgers,False
401520338,2023,8,Iowa,Minnesota,False
401520339,2023,8,LSU,Army,False
401520340,2023,8,Michigan State,Michigan,False
401520341,2023,8,Missouri,South Carolina,False
401520342,2023,8,Nebraska,Northwestern,False
401520343,2023,8,Ohio State,Penn State,False
401520344,2023,8,UConn,South Florida,False
401524035,2023,8,Oregon,Washington State,False
401524036,2023,8,Stanford,UCLA,False
401524037,2023,8,USC,Utah,False
401524038,2023,8,Washington,Arizona State,False
401525528,2023,8,Georgia Tech,Boston College,False
401525529,2023,8,Miami,Clemson,False
401525530,2023,8,Florida State,Duke,False
401525531,2023,8,North Carolina,Virginia,False
401525532,2023,8,Wake Forest,Pittsburgh,False
401525867,2023,8,BYU,Texas Tech,False
401525868,2023,8,Cincinnati,Baylor,False
401525869,2023,8,Houston,Texas,False
401525870,2023,8,Kansas State,TCU,False
401525871,2023,8,Oklahoma,UCF,False
401525872,2023,8,West Virginia,Oklahoma State,False
401531341,2023,8,Tulsa,Rice,False
401531372,2023,8,Tulane,North Texas,False
401531382,2023,8,UAB,Memphis,False
401531391,2023,8,Temple,SMU,False
401531397,2023,8,Florida Atlantic,UTSA,False
401531406,2023,8,East Carolina,Charlotte,False
401531434,2023,8,Navy,Air Force,False
401531892,2023,8,South Alabama,Southern Miss,False
401531893,2023,8,Marshall,James Madison,False
401531894,2023,8,Georgia Southern,UL Monroe,False
401531895,2023,8,Old Dominion,Appalachian State,False
401531896,2023,8,Arkansas State,Coastal Carolina,False
401531897,2023,8,Louisiana,Georgia State,False
401532425,2023,8,Ball State,Central Michigan,False
401532426,2023,8,Northern Illinois,Eastern Michigan,False
401532427,2023,8,Miami (OH),Toledo,False
401532428,2023,8,Ohio,Western Michigan,False
401532429,2023,8,Bowling Green,Akron,False
401532430,2023,8,Kent State,Buffalo,False
401532599,2023,8,UNLV,Colorado State,False
401532600,2023,8,New Mexico,Hawai'i,False
401532601,2023,8,San Diego State,Nevada,False
401532602,2023,8,San José State,Utah State,False
401540270,2023,8,Sacramento State,Montana State,False
401540326,2023,8,Hampton,Delaware,False
401540350,2023,8,Missouri State,Murray State,False
401540385,2023,8,North Dakota State,Western Illinois,False
401520345,2023,9,Louisiana Tech,New Mexico State,False
401520346,2023,9,Western Kentucky,Liberty,False
401520347,2023,9,Florida International,Jacksonville State,False
401520348,2023,9,Sam Houston,UTEP,False
401520349,2023,9,Army,Massachusetts,False
401520350,2023,9,Auburn,Mississippi State,False
401520351,2023,9,Boston College,UConn,False
401520352,2023,9,Florida,Georgia,True
401520353,2023,9,Kentucky,Tennessee,False
401520354,2023,9,Minnesota,Michigan State,False
401520355,2023,9,Nebraska,Purdue,False
401520356,2023,9,Northwestern,Maryland,False
401520357,2023,9,Ole Miss,Vanderbilt,False
401520358,2023,9,Penn State,Indiana,False
401520359,2023,9,Texas A&M,South Carolina,False
401520360,2023,9,Wisconsin,Ohio State,False
401524039,2023,9,Arizona,Oregon State,False
401524040,2023,9,Arizona State,Washington State,False
401524041,2023,9,California,USC,False
401524042,2023,9,Stanford,Washington,False
401524043,2023,9,UCLA,Colorado,False
401524044,2023,9,Utah,Oregon,False
401525440,2023,9,Notre Dame,Pittsburgh,False
401525533,2023,9,Virginia Tech,Syracuse,False
401525534,2023,9,NC State,Clemson,False
401525535,2023,9,Louisville,Duke,False
401525536,2023,9,Wake Forest,Florida State,False
401525537,2023,9,Georgia Tech,North Carolina,False
401525538,2023,9,Miami,Virginia,False
401525873,2023,9,Baylor,Iowa State,False
401525874,2023,9,Kansas,Oklahoma,False
401525875,2023,9,Kansas State,Houston,False
401525876,2023,9,Oklahoma State,Cincinnati,False
401525877,2023,9,Texas,BYU,False
401525878,2023,9,UCF,West Virginia,False
401531342,2023,9,SMU,Tulsa,False
401531373,2023,9,Rice,Tulane,False
401531398,2023,9,UTSA,East Carolina,False
401531407,2023,9,Charlotte,Florida Atlantic,False
401531430,2023,9,North Texas,Memphis,False
401531898,2023,9,Appalachian State,Southern Miss,False
401531899,2023,9,Coastal Carolina,Marshall,False
401531900,2023,9,James Madison,Old Dominion,False
401531901,2023,9,UL Monroe,Arkansas State,False
401531902,2023,9,South Alabama,Louisiana,False
401531903,2023,9,Texas State,Troy,False
401531929,2023,9,Georgia Southern,Georgia State,False
401532431,2023,9,Eastern Michigan,Western Michigan,False
401532432,2023,9,Ohio,Miami (OH),False
401532603,2023,9,Colorado State,Air Force,False
401532604,2023,9,Nevada,New Mexico,False
401532605,2023,9,Hawai'i,San José State,False
401532606,2023,9,Fresno State,UNLV,False
401532607,2023,9,Boise State,Wyoming,False
401540255,2023,9,Sacramento State,Idaho State,False
401540327,2023,9,Towson,Delaware,False
401540351,2023,9,Youngstown State,Missouri State,False
401540366,2023,9,North Dakota State,Murray State,False
401540609,2023,9,Kennesaw State,Lincoln (CA),False
401520361,2023,10,Air Force,Army,True
401520362,2023,10,Alabama,LSU,False
401520363,2023,10,Florida,Arkansas,False
401520364,2023,10,Georgia,Missouri,False
401520365,2023,10,Indiana,Wisconsin,False
401520366,2023,10,Liberty,Louisiana Tech,False
401520367,2023,10,Maryland,Penn State,False
401520368,2023,10,Michigan,Purdue,False
401520369,2023,10,Michigan State,Nebraska,False
401520370,2023,10,Minnesota,Illinois,False
401520371,2023,10,Mississippi State,Kentucky,False
401520372,2023,10,New Mexico State,Middle Tennessee,False
401520373,2023,10,Northwestern,Iowa,True
401520374,2023,10,Ole Miss,Texas A&M,False
401520375,2023,10,Rutgers,Ohio State,False
401520376,2023,10,South Carolina,Jacksonville State,False
401520377,2023,10,Tennessee,UConn,False
401520378,2023,10,UTEP,Western Kentucky,False
401520379,2023,10,Vanderbilt,Auburn,False
401520400,2023,10,Massachusetts,Merrimack,False
401524045,2023,10,Arizona,UCLA,False
401524046,2023,10,Colorado,Oregon State,False
401524047,2023,10,Oregon,California,False
401524048,2023,10,USC,Washington,False
401524049,2023,10,Utah,Arizona State,False
401524050,2023,10,Washington State,Stanford,False
401525441,2023,10,Clemson,Notre Dame,False
401525451,2023,10,Sam Houston,Kennesaw State,False
401525539,2023,10,Duke,Wake Forest,False
401525540,2023,10,Syracuse,Boston College,False
401525541,2023,10,Pittsburgh,Florida State,False
401525542,2023,10,Virginia,Georgia Tech,False
401525543,2023,10,Louisville,Virginia Tech,False
401525544,2023,10,NC State,Miami,False
401525545,2023,10,North Carolina,Campbell,False
401525879,2023,10,Texas Tech,TCU,False
401525880,2023,10,Baylor,Houston,False
401525881,2023,10,Cincinnati,UCF,False
401525882,2023,10,Iowa State,Kansas,False
401525883,2023,10,Oklahoma State,Oklahoma,False
401525884,2023,10,Texas,Kansas State,False
401525885,2023,10,West Virginia,BYU,False
401531343,2023,10,Tulsa,Charlotte,False
401531374,2023,10,East Carolina,Tulane,False
401531383,2023,10,UAB,Florida Atlantic,False
401531392,2023,10,Temple,Navy,False
401531399,2023,10,North Texas,UTSA,False
401531425,2023,10,Memphis,South Florida,False
401531440,2023,10,Rice,SMU,False
401531904,2023,10,Troy,South Alabama,False
401531905,2023,10,Appalachian State,Marshall,False
401531906,2023,10,Georgia State,James Madison,False
401531907,2023,10,Old Dominion,Coastal Carolina,False
401531908,2023,10,Arkansas State,Louisiana,False
401531909,2023,10,Southern Miss,UL Monroe,False
401531910,2023,10,Texas State,Georgia Southern,False
401532433,2023,10,Central Michigan,Northern Illinois,False
401532434,2023,10,Toledo,Buffalo,False
401532435,2023,10,Bowling Green,Ball State,False
401532436,2023,10,Akron,Kent State,False
401532608,2023,10,Fresno State,Boise State,False
401532609,2023,10,Wyoming,Colorado State,False
401532610,2023,10,Nevada,Hawai'i,False
401532611,2023,10,New Mexico,UNLV,False
401532612,2023,10,San Diego State,Utah State,False
401540107,2023,10,Missouri State,Illinois State,False
401540263,2023,10,Montana,Sacramento State,False
401540328,2023,10,Delaware,Elon,False
401540386,2023,10,South Dakota State,North Dakota State,False
401520380,2023,11,Arkansas,Auburn,False
401520381,2023,11,Army,Holy Cross,False
401520382,2023,11,Georgia,Ole Miss,False
401520383,2023,11,Illinois,Indiana,False
401520384,2023,11,Iowa,Rutgers,False
401520385,2023,11,James Madison,UConn,False
401520386,2023,11,Kentucky,Alabama,False
401520387,2023,11,Louisiana Tech,Sam Houston,False
401520388,2023,11,Liberty,Old Dominion,False
401520389,2023,11,LSU,Florida,False
401520390,2023,11,Middle Tennessee,Florida International,False
401520391,2023,11,Missouri,Tennessee,False
401520392,2023,11,Nebraska,Maryland,False
401520393,2023,11,Ohio State,Michigan State,False
401520394,2023,11,Penn State,Michigan,False
401520395,2023,11,Purdue,Minnesota,False
401520396,2023,11,South Carolina,Vanderbilt,False
401520397,2023,11,Texas A&M,Mississippi State,False
401520398,2023,11,Wisconsin,Northwestern,False
401520399,2023,11,Western Kentucky,New Mexico State,False
401524051,2023,11,California,Washington State,False
401524052,2023,11,Colorado,Arizona,False
401524053,2023,11,Oregon,USC,False
401524054,2023,11,Oregon State,Stanford,False
401524055,2023,11,UCLA,Arizona State,False
401524056,2023,11,Washington,Utah,False
401525546,2023,11,Louisville,Virginia,False
401525547,2023,11,Boston College,Virginia Tech,False
401525548,2023,11,Clemson,Georgia Tech,False
401525549,2023,11,North Carolina,Duke,False
401525550,2023,11,Florida State,Miami,False
401525551,2023,11,Wake Forest,NC State,False
401525552,2023,11,Syracuse,Pittsburgh,True
401525886,2023,11,BYU,Iowa State,False
401525887,2023,11,Houston,Cincinnati,False
401525888,2023,11,Kansas,Texas Tech,False
401525889,2023,11,Kansas State,Baylor,False
401525890,2023,11,Oklahoma,West Virginia,False
401525891,2023,11,TCU,Texas,False
401525892,2023,11,UCF,Oklahoma State,False
401531344,2023,11,Tulane,Tulsa,False
401531384,2023,11,Navy,UAB,False
401531393,2023,11,South Florida,Temple,False
401531400,2023,11,UTSA,Rice,False
401531408,2023,11,Charlotte,Memphis,False
401531416,2023,11,Florida Atlantic,East Carolina,False
401531437,2023,11,SMU,North Texas,False
401531911,2023,11,Louisiana,Southern Miss,False
401531912,2023,11,Coastal Carolina,Texas State,False
401531913,2023,11,Georgia State,Appalachian State,False
401531914,2023,11,Marshall,Georgia Southern,False
401531915,2023,11,UL Monroe,Troy,False
401531916,2023,11,South Alabama,Arkansas State,False
401532437,2023,11,Northern Illinois,Ball State,False
401532438,2023,11,Western Michigan,Central Michigan,False
401532439,2023,11,Buffalo,Ohio,False
401532440,2023,11,Toledo,Eastern Michigan,False
401532441,2023,11,Miami (OH),Akron,False
401532442,2023,11,Kent State,Bowling Green,False
401532613,2023,11,Hawai'i,Air Force,False
401532614,2023,11,San José State,Fresno State,False
401532615,2023,11,Utah State,Nevada,False
401532616,2023,11,Boise State,New Mexico,False
401532617,2023,11,Colorado State,San Diego State,False
401532618,2023,11,UNLV,Wyoming,False
401540233,2023,11,Sacramento State,Cal Poly,False
401540318,2023,11,Campbell,Delaware,False
401540352,2023,11,Missouri State,Northern Iowa,False
401540387,2023,11,North Dakota State,Southern Illinois,False
401540610,2023,11,Kennesaw State,Virginia Lynchburg,False
401520401,2023,12,Alabama,Chattanooga,False
401520402,2023,12,Arkansas,Florida International,False
401520403,2023,12,Army,Coastal Carolina,False
401520404,2023,12,Auburn,New Mexico State,False
401520405,2023,12,Indiana,Michigan State,False
401520406,2023,12,Iowa,Illinois,False
401520407,2023,12,Jacksonville State,Louisiana Tech,False
401520408,2023,12,Liberty,Massachusetts,False
401520409,2023,12,LSU,Georgia State,False
401520410,2023,12,Maryland,Michigan,False
401520411,2023,12,Middle Tennessee,UTEP,False
401520412,2023,12,Mississippi State,Southern Miss,False
401520413,2023,12,Missouri,Florida,False
401520414,2023,12,Northwestern,Purdue,False
401520415,2023,12,Ohio State,Minnesota,False
401520416,2023,12,Ole Miss,UL Monroe,False
401520417,2023,12,Penn State,Rutgers,False
401520418,2023,12,South Carolina,Kentucky,False
401520419,2023,12,Tennessee,Georgia,False
401520420,2023,12,Texas A&M,Abilene Christian,False
401520421,2023,12,UConn,Sacred Heart,False
401520422,2023,12,Wisconsin,Nebraska,False
401520423,2023,12,Western Kentucky,Sam Houston,False
401524057,2023,12,Washington State,Colorado,False
401524058,2023,12,Arizona,Utah,False
401524059,2023,12,Arizona State,Oregon,False
401524060,2023,12,Oregon State,Washington,False
401524061,2023,12,Stanford,California,False
401524062,2023,12,USC,UCLA,False
401525442,2023,12,Notre Dame,Wake Forest,False
401525553,2023,12,Pittsburgh,Boston College,False
401525554,2023,12,Clemson,North Carolina,False
401525555,2023,12,Virginia,Duke,False
401525556,2023,12,Florida State,North Alabama,False
401525557,2023,12,Georgia Tech,Syracuse,False
401525558,2023,12,Miami,Louisville,False
401525559,2023,12,Virginia Tech,NC State,False
401525893,2023,12,BYU,Oklahoma,False
401525894,2023,12,Houston,Oklahoma State,False
401525895,2023,12,Iowa State,Texas,False
401525896,2023,12,Kansas,Kansas State,False
401525897,2023,12,TCU,Baylor,False
401525898,2023,12,Texas Tech,UCF,False
401525899,2023,12,West Virginia,Cincinnati,False
401531345,2023,12,Tulsa,North Texas,False
401531375,2023,12,Florida Atlantic,Tulane,False
401531385,2023,12,UAB,Temple,False
401531401,2023,12,UTSA,South Florida,False
401531409,2023,12,Charlotte,Rice,False
401531417,2023,12,Navy,East Carolina,False
401531431,2023,12,Memphis,SMU,False
401531917,2023,12,Georgia Southern,Old Dominion,False
401531918,2023,12,James Madison,Appalachian State,False
401531919,2023,12,Arkansas State,Texas State,False
401531920,2023,12,South Alabama,Marshall,False
401531921,2023,12,Troy,Louisiana,False
401532443,2023,12,Bowling Green,Toledo,False
401532444,2023,12,Northern Illinois,Western Michigan,False
401532445,2023,12,Eastern Michigan,Akron,False
401532446,2023,12,Ohio,Central Michigan,False
401532447,2023,12,Miami (OH),Buffalo,False
401532448,2023,12,Ball State,Kent State,False
401532619,2023,12,Utah State,Boise State,False
401532620,2023,12,Wyoming,Hawai'i,False
401532621,2023,12,Colorado State,Nevada,False
401532622,2023,12,Fresno State,New Mexico,False
401532623,2023,12,San José State,San Diego State,False
401532624,2023,12,Air Force,UNLV,False
401540287,2023,12,UC Davis,Sacramento State,False
401540329,2023,12,Delaware,Villanova,False
401540353,2023,12,South Dakota State,Missouri State,False
401540388,2023,12,Northern Iowa,North Dakota State,False
401520424,2023,13,Mississippi State,Ole Miss,False
401520425,2023,13,Nebraska,Iowa,False
401520426,2023,13,Arkansas,Missouri,False
401520427,2023,13,Auburn,Alabama,False
401520428,2023,13,Florida International,Western Kentucky,False
401520429,2023,13,Florida,Florida State,False
401520430,2023,13,Georgia Tech,Georgia,False
401520431,2023,13,Illinois,Northwestern,False
401520432,2023,13,Louisville,Kentucky,False
401520433,2023,13,LSU,Texas A&M,False
401520434,2023,13,Michigan,Ohio State,False
401520435,2023,13,Michigan State,Penn State,False
401520436,2023,13,Minnesota,Wisconsin,False
401520437,2023,13,New Mexico State,Jacksonville State,False
401520438,2023,13,Purdue,Indiana,False
401520439,2023,13,Rutgers,Maryland,False
401520440,2023,13,Sam Houston,Middle Tennessee,False
401520441,2023,13,South Carolina,Clemson,False
401520442,2023,13,Tennessee,Vanderbilt,False
401520443,2023,13,Massachusetts,UConn,False
401520444,2023,13,UTEP,Liberty,False
401524063,2023,13,Oregon,Oregon State,False
401524064,2023,13,Arizona State,Arizona,False
401524065,2023,13,Stanford,Notre Dame,False
401524066,2023,13,UCLA,California,False
401524067,2023,13,Utah,Colorado,False
401524068,2023,13,Washington,Washington State,False
401525560,2023,13,Boston College,Miami,False
401525561,2023,13,Duke,Pittsburgh,False
401525562,2023,13,NC State,North Carolina,False
401525563,2023,13,Syracuse,Wake Forest,False
401525564,2023,13,Virginia,Virginia Tech,False
401525900,2023,13,Oklahoma,TCU,False
401525901,2023,13,Texas,Texas Tech,False
401525902,2023,13,Baylor,West Virginia,False
401525903,2023,13,Cincinnati,Kansas,False
401525904,2023,13,Kansas State,Iowa State,False
401525905,2023,13,Oklahoma State,BYU,False
401525906,2023,13,UCF,Houston,False
401531346,2023,13,East Carolina,Tulsa,False
401531376,2023,13,Tulane,UTSA,False
401531386,2023,13,North Texas,UAB,False
401531394,2023,13,Temple,Memphis,False
401531410,2023,13,South Florida,Charlotte,False
401531421,2023,13,Rice,Florida Atlantic,False
401531435,2023,13,SMU,Navy,False
401531922,2023,13,Appalachian State,Georgia Southern,False
401531923,2023,13,Coastal Carolina,James Madison,False
401531924,2023,13,Marshall,Arkansas State,False
401531925,2023,13,Old Dominion,Georgia State,False
401531926,2023,13,Louisiana,UL Monroe,False
401531927,2023,13,Southern Miss,Troy,False
401531928,2023,13,Texas State,South Alabama,False
401532449,2023,13,Buffalo,Eastern Michigan,False
401532450,2023,13,Western Michigan,Bowling Green,False
401532451,2023,13,Central Michigan,Toledo,False
401532452,2023,13,Akron,Ohio,False
401532453,2023,13,Kent State,Northern Illinois,False
401532454,2023,13,Ball State,Miami (OH),False
401532625,2023,13,Boise State,Air Force,False
401532626,2023,13,Hawai'i,Colorado State,False
401532627,2023,13,San Diego State,Fresno State,False
401532628,2023,13,UNLV,San José State,False
401532629,2023,13,New Mexico,Utah State,False
401532630,2023,13,Nevada,Wyoming,False
401614603,2023,13,North Dakota,Sacramento State,False
401614604,2023,13,North Dakota State,Drake,False
401614616,2023,13,Delaware,Lafayette,False
401539475,2023,14,Washington,Oregon,True
401539476,2023,14,Liberty,New Mexico State,False
401539477,2023,14,Tulane,SMU,False
401539478,2023,14,Florida State,Louisville,True
401539479,2023,14,Texas,Oklahoma State,True
401539480,2023,14,Iowa,Michigan,True
401539481,2023,14,Toledo,Miami (OH),True
401539482,2023,14,UNLV,Boise State,False
401539483,2023,14,Alabama,Georgia,True
401539484,2023,14,Troy,Appalachian State,False
401615819,2023,14,South Dakota,Sacramento State,False
401615859,2023,14,Montana,Delaware,False
401615900,2023,14,Montana State,North Dakota State,False
401520445,2023,15,Navy,Army,True
401617308,2023,15,South Dakota,North Dakota State,False
